boundary_route,case_id,crossing_count,crossing_high_diff_ms,crossing_high_selectivity,crossing_low_diff_ms,crossing_low_selectivity,cycle,cycle_idx,dataset_id,estimated_live_points,experiment_dir,graph_avg_ms,graph_candidate_count,graph_mean_n_4k,graph_mean_n_cmps,graph_p95_ms,graph_p99_ms,graph_recall,graph_recall_pass,graph_search_l,graph_source_status,interpolation_span,latency_diff_graph_minus_prefilter_ms,max_candidate_count,max_selectivity,min_selectivity,oracle_avg_ms,oracle_route,orientation,prefilter_avg_ms,prefilter_candidate_count,prefilter_mean_n_4k,prefilter_mean_n_cmps,prefilter_p95_ms,prefilter_p99_ms,prefilter_recall,prefilter_recall_pass,prefilter_search_l,prefilter_source_status,s_exp,s_exp_source,selectivity,selectivity_point_count,selector_type,threshold_status
,pq_drift_1m_aris_main_20260522__phaseB_cycle00_direct_retrain_1m__intersect__a092c6ce585b,,-0.29815535300000007,0.1,0.6359586679999999,0.05,phaseB_cycle00_direct_retrain_1m,0,sift,1000000.0,/mnt/nvme1n1/PipeANN-github/experiments/pq_drift_1m_aris_main_20260522,1.447529278,1000.0,,,1.646472,1.827854,0.3,False,50,fastest_but_recall_below_98,0.05,1.31420944,1000000.0,1.0,0.001,0.133319838,prefilter,prefilter_below_graph_above,0.133319838,1000.0,,,0.139177,0.15572,99.96,True,50,recall_pass_best,0.08404074094290895,piecewise_linear_avg_latency,0.001,10,intersect,crossing
,pq_drift_1m_aris_main_20260522__phaseB_cycle00_direct_retrain_1m__intersect__a092c6ce585b,,-0.29815535300000007,0.1,0.6359586679999999,0.05,phaseB_cycle00_direct_retrain_1m,0,sift,1000000.0,/mnt/nvme1n1/PipeANN-github/experiments/pq_drift_1m_aris_main_20260522,1.6078807670000002,3000.0,,,2.1230230000000003,2.328329,1.56,False,50,fastest_but_recall_below_98,0.05,1.437242898,1000000.0,1.0,0.001,0.170637869,prefilter,prefilter_below_graph_above,0.170637869,3000.0,,,0.178042,0.19978200000000002,99.71,True,50,recall_pass_best,0.08404074094290895,piecewise_linear_avg_latency,0.003,10,intersect,crossing
,pq_drift_1m_aris_main_20260522__phaseB_cycle00_direct_retrain_1m__intersect__a092c6ce585b,,-0.29815535300000007,0.1,0.6359586679999999,0.05,phaseB_cycle00_direct_retrain_1m,0,sift,1000000.0,/mnt/nvme1n1/PipeANN-github/experiments/pq_drift_1m_aris_main_20260522,1.437105173,10000.0,,,1.647188,1.833622,4.3,False,50,fastest_but_recall_below_98,0.05,1.129526584,1000000.0,1.0,0.001,0.307578589,prefilter,prefilter_below_graph_above,0.307578589,10000.0,,,0.323839,0.352122,99.72,True,100,recall_pass_best,0.08404074094290895,piecewise_linear_avg_latency,0.01,10,intersect,crossing
,pq_drift_1m_aris_main_20260522__phaseB_cycle00_direct_retrain_1m__intersect__a092c6ce585b,,-0.29815535300000007,0.1,0.6359586679999999,0.05,phaseB_cycle00_direct_retrain_1m,0,sift,1000000.0,/mnt/nvme1n1/PipeANN-github/experiments/pq_drift_1m_aris_main_20260522,1.542270597,50000.0,,,1.779554,2.192792,21.21,False,50,fastest_but_recall_below_98,0.05,0.6359586679999999,1000000.0,1.0,0.001,0.906311929,prefilter,prefilter_below_graph_above,0.906311929,50000.0,,,0.981294,1.028319,99.1,True,50,recall_pass_best,0.08404074094290895,piecewise_linear_avg_latency,0.05,10,intersect,crossing
,pq_drift_1m_aris_main_20260522__phaseB_cycle00_direct_retrain_1m__intersect__a092c6ce585b,,-0.29815535300000007,0.1,0.6359586679999999,0.05,phaseB_cycle00_direct_retrain_1m,0,sift,1000000.0,/mnt/nvme1n1/PipeANN-github/experiments/pq_drift_1m_aris_main_20260522,1.442417943,100000.0,,,1.656712,1.8400029999999998,36.17,False,50,fastest_but_recall_below_98,0.05,-0.29815535300000007,1000000.0,1.0,0.001,1.442417943,graph,prefilter_below_graph_above,1.740573296,100000.0,,,1.91756,1.957746,98.63,True,250,recall_pass_best,0.08404074094290895,piecewise_linear_avg_latency,0.1,10,intersect,crossing
,pq_drift_1m_aris_main_20260522__phaseB_cycle00_direct_retrain_1m__intersect__a092c6ce585b,,-0.29815535300000007,0.1,0.6359586679999999,0.05,phaseB_cycle00_direct_retrain_1m,0,sift,1000000.0,/mnt/nvme1n1/PipeANN-github/experiments/pq_drift_1m_aris_main_20260522,1.549308841,250000.0,,,1.767827,2.050455,56.13,False,50,fastest_but_recall_below_98,0.05,-2.072517401,1000000.0,1.0,0.001,1.549308841,graph,prefilter_below_graph_above,3.621826242,250000.0,,,3.8001370000000003,3.828602,98.09,True,250,recall_pass_best,0.08404074094290895,piecewise_linear_avg_latency,0.25,10,intersect,crossing
,pq_drift_1m_aris_main_20260522__phaseB_cycle00_direct_retrain_1m__intersect__a092c6ce585b,,-0.29815535300000007,0.1,0.6359586679999999,0.05,phaseB_cycle00_direct_retrain_1m,0,sift,1000000.0,/mnt/nvme1n1/PipeANN-github/experiments/pq_drift_1m_aris_main_20260522,1.438474716,300000.0,,,1.6418430000000002,1.8227829999999998,59.98,False,50,fastest_but_recall_below_98,0.05,-2.8792740010000006,1000000.0,1.0,0.001,1.438474716,graph,prefilter_below_graph_above,4.317748717000001,300000.0,,,4.501732,4.534687,98.64,True,300,recall_pass_best,0.08404074094290895,piecewise_linear_avg_latency,0.3,10,intersect,crossing
,pq_drift_1m_aris_main_20260522__phaseB_cycle00_direct_retrain_1m__intersect__a092c6ce585b,,-0.29815535300000007,0.1,0.6359586679999999,0.05,phaseB_cycle00_direct_retrain_1m,0,sift,1000000.0,/mnt/nvme1n1/PipeANN-github/experiments/pq_drift_1m_aris_main_20260522,1.4641639640000002,500000.0,,,1.652642,1.947884,68.86,False,50,fastest_but_recall_below_98,0.05,-5.340553923,1000000.0,1.0,0.001,1.4641639640000002,graph,prefilter_below_graph_above,6.804717887,500000.0,,,6.9859219999999995,7.041841000000001,98.44,True,300,recall_pass_best,0.08404074094290895,piecewise_linear_avg_latency,0.5,10,intersect,crossing
,pq_drift_1m_aris_main_20260522__phaseB_cycle00_direct_retrain_1m__intersect__a092c6ce585b,,-0.29815535300000007,0.1,0.6359586679999999,0.05,phaseB_cycle00_direct_retrain_1m,0,sift,1000000.0,/mnt/nvme1n1/PipeANN-github/experiments/pq_drift_1m_aris_main_20260522,8.291870977,750000.0,,,8.69628,9.140694,98.41,True,400,recall_pass_best,0.05,-1.5800309839999986,1000000.0,1.0,0.001,8.291870977,graph,prefilter_below_graph_above,9.871901960999999,750000.0,,,9.918307,10.100699,98.11,True,300,recall_pass_best,0.08404074094290895,piecewise_linear_avg_latency,0.75,10,intersect,crossing
,pq_drift_1m_aris_main_20260522__phaseB_cycle00_direct_retrain_1m__intersect__a092c6ce585b,,-0.29815535300000007,0.1,0.6359586679999999,0.05,phaseB_cycle00_direct_retrain_1m,0,sift,1000000.0,/mnt/nvme1n1/PipeANN-github/experiments/pq_drift_1m_aris_main_20260522,8.199764657,1000000.0,,,8.602224,8.970904,98.76,True,400,recall_pass_best,0.05,-5.600064787999999,1000000.0,1.0,0.001,8.199764657,graph,prefilter_below_graph_above,13.799829444999999,1000000.0,,,18.263602,18.547850999999998,98.73,True,400,recall_pass_best,0.08404074094290895,piecewise_linear_avg_latency,1.0,10,intersect,crossing
,pq_drift_1m_aris_main_20260522__phaseB_cycle00_direct_retrain_1m__range__ea934706fb85,,-0.359068849,0.1,0.5351443630000001,0.05,phaseB_cycle00_direct_retrain_1m,0,sift,1000000.0,/mnt/nvme1n1/PipeANN-github/experiments/pq_drift_1m_aris_main_20260522,1.4425641230000001,1000.0,,,1.660171,1.845885,0.3,False,50,fastest_but_recall_below_98,0.05,1.304203299,1000000.0,1.0,0.001,0.13836082400000002,prefilter,prefilter_below_graph_above,0.13836082400000002,1000.0,,,0.14577199999999998,0.153575,99.96,True,100,recall_pass_best,0.07992263790215617,piecewise_linear_avg_latency,0.001,10,range,crossing
,pq_drift_1m_aris_main_20260522__phaseB_cycle00_direct_retrain_1m__range__ea934706fb85,,-0.359068849,0.1,0.5351443630000001,0.05,phaseB_cycle00_direct_retrain_1m,0,sift,1000000.0,/mnt/nvme1n1/PipeANN-github/experiments/pq_drift_1m_aris_main_20260522,1.571549931,3000.0,,,1.777881,2.177693,1.6,False,50,fastest_but_recall_below_98,0.05,1.3958487450000001,1000000.0,1.0,0.001,0.175701186,prefilter,prefilter_below_graph_above,0.175701186,3000.0,,,0.183869,0.209719,99.71,True,75,recall_pass_best,0.07992263790215617,piecewise_linear_avg_latency,0.003,10,range,crossing
,pq_drift_1m_aris_main_20260522__phaseB_cycle00_direct_retrain_1m__range__ea934706fb85,,-0.359068849,0.1,0.5351443630000001,0.05,phaseB_cycle00_direct_retrain_1m,0,sift,1000000.0,/mnt/nvme1n1/PipeANN-github/experiments/pq_drift_1m_aris_main_20260522,1.453182783,10000.0,,,1.679351,1.83746,4.32,False,50,fastest_but_recall_below_98,0.05,1.1392424069999998,1000000.0,1.0,0.001,0.313940376,prefilter,prefilter_below_graph_above,0.313940376,10000.0,,,0.33054500000000003,0.362688,99.72,True,50,recall_pass_best,0.07992263790215617,piecewise_linear_avg_latency,0.01,10,range,crossing
,pq_drift_1m_aris_main_20260522__phaseB_cycle00_direct_retrain_1m__range__ea934706fb85,,-0.359068849,0.1,0.5351443630000001,0.05,phaseB_cycle00_direct_retrain_1m,0,sift,1000000.0,/mnt/nvme1n1/PipeANN-github/experiments/pq_drift_1m_aris_main_20260522,1.452568011,50000.0,,,1.650276,1.8366289999999998,21.22,False,50,fastest_but_recall_below_98,0.05,0.5351443630000001,1000000.0,1.0,0.001,0.917423648,prefilter,prefilter_below_graph_above,0.917423648,50000.0,,,0.993111,1.025772,99.1,True,50,recall_pass_best,0.07992263790215617,piecewise_linear_avg_latency,0.05,10,range,crossing
,pq_drift_1m_aris_main_20260522__phaseB_cycle00_direct_retrain_1m__range__ea934706fb85,,-0.359068849,0.1,0.5351443630000001,0.05,phaseB_cycle00_direct_retrain_1m,0,sift,1000000.0,/mnt/nvme1n1/PipeANN-github/experiments/pq_drift_1m_aris_main_20260522,1.4588438289999999,100000.0,,,1.667845,1.8269300000000002,36.13,False,50,fastest_but_recall_below_98,0.05,-0.359068849,1000000.0,1.0,0.001,1.4588438289999999,graph,prefilter_below_graph_above,1.817912678,100000.0,,,2.0001990000000003,2.031791,99.26,True,300,recall_pass_best,0.07992263790215617,piecewise_linear_avg_latency,0.1,10,range,crossing
,pq_drift_1m_aris_main_20260522__phaseB_cycle00_direct_retrain_1m__range__ea934706fb85,,-0.359068849,0.1,0.5351443630000001,0.05,phaseB_cycle00_direct_retrain_1m,0,sift,1000000.0,/mnt/nvme1n1/PipeANN-github/experiments/pq_drift_1m_aris_main_20260522,1.466610498,250000.0,,,1.6647059999999998,1.949403,56.09,False,50,fastest_but_recall_below_98,0.05,-2.179299242,1000000.0,1.0,0.001,1.466610498,graph,prefilter_below_graph_above,3.64590974,250000.0,,,3.829418,3.88192,98.09,True,250,recall_pass_best,0.07992263790215617,piecewise_linear_avg_latency,0.25,10,range,crossing
,pq_drift_1m_aris_main_20260522__phaseB_cycle00_direct_retrain_1m__range__ea934706fb85,,-0.359068849,0.1,0.5351443630000001,0.05,phaseB_cycle00_direct_retrain_1m,0,sift,1000000.0,/mnt/nvme1n1/PipeANN-github/experiments/pq_drift_1m_aris_main_20260522,1.473802602,300000.0,,,1.684382,1.859238,59.96,False,50,fastest_but_recall_below_98,0.05,-2.8799328389999994,1000000.0,1.0,0.001,1.473802602,graph,prefilter_below_graph_above,4.3537354409999995,300000.0,,,4.539140000000001,4.573844,98.64,True,300,recall_pass_best,0.07992263790215617,piecewise_linear_avg_latency,0.3,10,range,crossing
,pq_drift_1m_aris_main_20260522__phaseB_cycle00_direct_retrain_1m__range__ea934706fb85,,-0.359068849,0.1,0.5351443630000001,0.05,phaseB_cycle00_direct_retrain_1m,0,sift,1000000.0,/mnt/nvme1n1/PipeANN-github/experiments/pq_drift_1m_aris_main_20260522,1.4856626940000002,500000.0,,,1.692562,1.932472,68.85,False,50,fastest_but_recall_below_98,0.05,-5.356338398999999,1000000.0,1.0,0.001,1.4856626940000002,graph,prefilter_below_graph_above,6.8420010929999995,500000.0,,,7.0208450000000004,7.101033999999999,98.44,True,300,recall_pass_best,0.07992263790215617,piecewise_linear_avg_latency,0.5,10,range,crossing
,pq_drift_1m_aris_main_20260522__phaseB_cycle00_direct_retrain_1m__range__ea934706fb85,,-0.359068849,0.1,0.5351443630000001,0.05,phaseB_cycle00_direct_retrain_1m,0,sift,1000000.0,/mnt/nvme1n1/PipeANN-github/experiments/pq_drift_1m_aris_main_20260522,8.283538481999999,750000.0,,,8.969742,9.467836,98.41,True,400,recall_pass_best,0.05,-1.6001720870000025,1000000.0,1.0,0.001,8.283538481999999,graph,prefilter_below_graph_above,9.883710569000002,750000.0,,,9.912163,10.791853999999999,98.11,True,300,recall_pass_best,0.07992263790215617,piecewise_linear_avg_latency,0.75,10,range,crossing
,pq_drift_1m_aris_main_20260522__phaseB_cycle00_direct_retrain_1m__range__ea934706fb85,,-0.359068849,0.1,0.5351443630000001,0.05,phaseB_cycle00_direct_retrain_1m,0,sift,1000000.0,/mnt/nvme1n1/PipeANN-github/experiments/pq_drift_1m_aris_main_20260522,8.227317012,1000000.0,,,8.523073,8.964979,98.76,True,400,recall_pass_best,0.05,-5.123103130999999,1000000.0,1.0,0.001,8.227317012,graph,prefilter_below_graph_above,13.350420143,1000000.0,,,13.52945,13.710758,98.73,True,400,recall_pass_best,0.07992263790215617,piecewise_linear_avg_latency,1.0,10,range,crossing
,pq_drift_1m_aris_main_20260522__phaseB_cycle00_zero_insert_no_retrain_1m__intersect__d9fb86490381,,-0.22654828099999968,0.1,0.5483815800000001,0.05,phaseB_cycle00_zero_insert_no_retrain_1m,0,sift,1000000.0,/mnt/nvme1n1/PipeANN-github/experiments/pq_drift_1m_aris_main_20260522,1.471186344,1000.0,,,1.653297,1.823155,0.51,False,50,fastest_but_recall_below_98,0.05,1.331711777,1000000.0,1.0,0.001,0.139474567,prefilter,prefilter_below_graph_above,0.139474567,1000.0,,,0.14802600000000002,0.160202,99.93,True,100,recall_pass_best,0.08538265897331322,piecewise_linear_avg_latency,0.001,10,intersect,crossing
,pq_drift_1m_aris_main_20260522__phaseB_cycle00_zero_insert_no_retrain_1m__intersect__d9fb86490381,,-0.22654828099999968,0.1,0.5483815800000001,0.05,phaseB_cycle00_zero_insert_no_retrain_1m,0,sift,1000000.0,/mnt/nvme1n1/PipeANN-github/experiments/pq_drift_1m_aris_main_20260522,1.449901451,3000.0,,,1.6298499999999998,1.827296,2.05,False,50,fastest_but_recall_below_98,0.05,1.279905913,1000000.0,1.0,0.001,0.169995538,prefilter,prefilter_below_graph_above,0.169995538,3000.0,,,0.179471,0.19668,99.8,True,50,recall_pass_best,0.08538265897331322,piecewise_linear_avg_latency,0.003,10,intersect,crossing
,pq_drift_1m_aris_main_20260522__phaseB_cycle00_zero_insert_no_retrain_1m__intersect__d9fb86490381,,-0.22654828099999968,0.1,0.5483815800000001,0.05,phaseB_cycle00_zero_insert_no_retrain_1m,0,sift,1000000.0,/mnt/nvme1n1/PipeANN-github/experiments/pq_drift_1m_aris_main_20260522,1.4436985139999998,10000.0,,,1.628596,1.801131,5.04,False,50,fastest_but_recall_below_98,0.05,1.1097791309999998,1000000.0,1.0,0.001,0.33391938299999996,prefilter,prefilter_below_graph_above,0.33391938299999996,10000.0,,,0.349992,0.384276,99.8,True,150,recall_pass_best,0.08538265897331322,piecewise_linear_avg_latency,0.01,10,intersect,crossing
,pq_drift_1m_aris_main_20260522__phaseB_cycle00_zero_insert_no_retrain_1m__intersect__d9fb86490381,,-0.22654828099999968,0.1,0.5483815800000001,0.05,phaseB_cycle00_zero_insert_no_retrain_1m,0,sift,1000000.0,/mnt/nvme1n1/PipeANN-github/experiments/pq_drift_1m_aris_main_20260522,1.4553231450000002,50000.0,,,1.635064,1.809784,23.2,False,50,fastest_but_recall_below_98,0.05,0.5483815800000001,1000000.0,1.0,0.001,0.906941565,prefilter,prefilter_below_graph_above,0.906941565,50000.0,,,0.984015,1.020387,99.08,True,50,recall_pass_best,0.08538265897331322,piecewise_linear_avg_latency,0.05,10,intersect,crossing
,pq_drift_1m_aris_main_20260522__phaseB_cycle00_zero_insert_no_retrain_1m__intersect__d9fb86490381,,-0.22654828099999968,0.1,0.5483815800000001,0.05,phaseB_cycle00_zero_insert_no_retrain_1m,0,sift,1000000.0,/mnt/nvme1n1/PipeANN-github/experiments/pq_drift_1m_aris_main_20260522,1.4489521010000002,100000.0,,,1.6368779999999998,1.789944,39.33,False,50,fastest_but_recall_below_98,0.05,-0.22654828099999968,1000000.0,1.0,0.001,1.4489521010000002,graph,prefilter_below_graph_above,1.6755003819999998,100000.0,,,1.850511,1.87141,98.04,True,200,recall_pass_best,0.08538265897331322,piecewise_linear_avg_latency,0.1,10,intersect,crossing
,pq_drift_1m_aris_main_20260522__phaseB_cycle00_zero_insert_no_retrain_1m__intersect__d9fb86490381,,-0.22654828099999968,0.1,0.5483815800000001,0.05,phaseB_cycle00_zero_insert_no_retrain_1m,0,sift,1000000.0,/mnt/nvme1n1/PipeANN-github/experiments/pq_drift_1m_aris_main_20260522,1.554289278,250000.0,,,1.743032,1.957055,58.95,False,50,fastest_but_recall_below_98,0.05,-2.427406157,1000000.0,1.0,0.001,1.554289278,graph,prefilter_below_graph_above,3.9816954350000002,250000.0,,,5.1527449999999995,5.357354999999999,98.23,True,250,recall_pass_best,0.08538265897331322,piecewise_linear_avg_latency,0.25,10,intersect,crossing
,pq_drift_1m_aris_main_20260522__phaseB_cycle00_zero_insert_no_retrain_1m__intersect__d9fb86490381,,-0.22654828099999968,0.1,0.5483815800000001,0.05,phaseB_cycle00_zero_insert_no_retrain_1m,0,sift,1000000.0,/mnt/nvme1n1/PipeANN-github/experiments/pq_drift_1m_aris_main_20260522,1.470905072,300000.0,,,1.654832,1.8625930000000002,63.09,False,50,fastest_but_recall_below_98,0.05,-2.9348469469999996,1000000.0,1.0,0.001,1.470905072,graph,prefilter_below_graph_above,4.4057520189999995,300000.0,,,4.590628,4.627372,98.7,True,300,recall_pass_best,0.08538265897331322,piecewise_linear_avg_latency,0.3,10,intersect,crossing
,pq_drift_1m_aris_main_20260522__phaseB_cycle00_zero_insert_no_retrain_1m__intersect__d9fb86490381,,-0.22654828099999968,0.1,0.5483815800000001,0.05,phaseB_cycle00_zero_insert_no_retrain_1m,0,sift,1000000.0,/mnt/nvme1n1/PipeANN-github/experiments/pq_drift_1m_aris_main_20260522,1.5554876999999998,500000.0,,,1.753252,1.942566,71.77,False,50,fastest_but_recall_below_98,0.05,-5.181729123,1000000.0,1.0,0.001,1.5554876999999998,graph,prefilter_below_graph_above,6.737216823,500000.0,,,6.911817,6.936558,98.03,True,250,recall_pass_best,0.08538265897331322,piecewise_linear_avg_latency,0.5,10,intersect,crossing
,pq_drift_1m_aris_main_20260522__phaseB_cycle00_zero_insert_no_retrain_1m__intersect__d9fb86490381,,-0.22654828099999968,0.1,0.5483815800000001,0.05,phaseB_cycle00_zero_insert_no_retrain_1m,0,sift,1000000.0,/mnt/nvme1n1/PipeANN-github/experiments/pq_drift_1m_aris_main_20260522,8.170588044,750000.0,,,8.336362,8.560127,98.42,True,400,recall_pass_best,0.05,-1.8205650749999993,1000000.0,1.0,0.001,8.170588044,graph,prefilter_below_graph_above,9.991153119,750000.0,,,9.992624,14.238389,98.05,True,300,recall_pass_best,0.08538265897331322,piecewise_linear_avg_latency,0.75,10,intersect,crossing
,pq_drift_1m_aris_main_20260522__phaseB_cycle00_zero_insert_no_retrain_1m__intersect__d9fb86490381,,-0.22654828099999968,0.1,0.5483815800000001,0.05,phaseB_cycle00_zero_insert_no_retrain_1m,0,sift,1000000.0,/mnt/nvme1n1/PipeANN-github/experiments/pq_drift_1m_aris_main_20260522,6.350230467,1000000.0,,,6.890867,7.29051,98.11,True,300,recall_pass_best,0.05,-6.758784146999999,1000000.0,1.0,0.001,6.350230467,graph,prefilter_below_graph_above,13.109014614,1000000.0,,,13.265906999999999,13.516307000000001,98.11,True,300,recall_pass_best,0.08538265897331322,piecewise_linear_avg_latency,1.0,10,intersect,crossing
,pq_drift_1m_aris_main_20260522__phaseB_cycle00_zero_insert_no_retrain_1m__range__f039b550a441,,-0.2105545580000001,0.1,0.6505112120000001,0.05,phaseB_cycle00_zero_insert_no_retrain_1m,0,sift,1000000.0,/mnt/nvme1n1/PipeANN-github/experiments/pq_drift_1m_aris_main_20260522,1.5483459069999999,1000.0,,,1.7512780000000001,1.9526,0.51,False,50,fastest_but_recall_below_98,0.05,1.4141968759999999,1000000.0,1.0,0.001,0.134149031,prefilter,prefilter_below_graph_above,0.134149031,1000.0,,,0.143416,0.154273,99.93,True,50,recall_pass_best,0.08777360770014118,piecewise_linear_avg_latency,0.001,10,range,crossing
,pq_drift_1m_aris_main_20260522__phaseB_cycle00_zero_insert_no_retrain_1m__range__f039b550a441,,-0.2105545580000001,0.1,0.6505112120000001,0.05,phaseB_cycle00_zero_insert_no_retrain_1m,0,sift,1000000.0,/mnt/nvme1n1/PipeANN-github/experiments/pq_drift_1m_aris_main_20260522,1.450282779,3000.0,,,1.627396,1.817674,2.05,False,50,fastest_but_recall_below_98,0.05,1.274723184,1000000.0,1.0,0.001,0.175559595,prefilter,prefilter_below_graph_above,0.175559595,3000.0,,,0.185005,0.203451,99.8,True,75,recall_pass_best,0.08777360770014118,piecewise_linear_avg_latency,0.003,10,range,crossing
,pq_drift_1m_aris_main_20260522__phaseB_cycle00_zero_insert_no_retrain_1m__range__f039b550a441,,-0.2105545580000001,0.1,0.6505112120000001,0.05,phaseB_cycle00_zero_insert_no_retrain_1m,0,sift,1000000.0,/mnt/nvme1n1/PipeANN-github/experiments/pq_drift_1m_aris_main_20260522,1.460612446,10000.0,,,1.635266,1.827991,5.02,False,50,fastest_but_recall_below_98,0.05,1.142758498,1000000.0,1.0,0.001,0.317853948,prefilter,prefilter_below_graph_above,0.317853948,10000.0,,,0.33372500000000005,0.36711099999999997,99.71,True,50,recall_pass_best,0.08777360770014118,piecewise_linear_avg_latency,0.01,10,range,crossing
,pq_drift_1m_aris_main_20260522__phaseB_cycle00_zero_insert_no_retrain_1m__range__f039b550a441,,-0.2105545580000001,0.1,0.6505112120000001,0.05,phaseB_cycle00_zero_insert_no_retrain_1m,0,sift,1000000.0,/mnt/nvme1n1/PipeANN-github/experiments/pq_drift_1m_aris_main_20260522,1.57981232,50000.0,,,1.769476,1.983633,23.17,False,50,fastest_but_recall_below_98,0.05,0.6505112120000001,1000000.0,1.0,0.001,0.929301108,prefilter,prefilter_below_graph_above,0.929301108,50000.0,,,1.01043,1.033881,99.08,True,50,recall_pass_best,0.08777360770014118,piecewise_linear_avg_latency,0.05,10,range,crossing
,pq_drift_1m_aris_main_20260522__phaseB_cycle00_zero_insert_no_retrain_1m__range__f039b550a441,,-0.2105545580000001,0.1,0.6505112120000001,0.05,phaseB_cycle00_zero_insert_no_retrain_1m,0,sift,1000000.0,/mnt/nvme1n1/PipeANN-github/experiments/pq_drift_1m_aris_main_20260522,1.507397422,100000.0,,,1.6924059999999999,1.886696,39.31,False,50,fastest_but_recall_below_98,0.05,-0.2105545580000001,1000000.0,1.0,0.001,1.507397422,graph,prefilter_below_graph_above,1.71795198,100000.0,,,1.891608,2.2559050000000003,98.04,True,200,recall_pass_best,0.08777360770014118,piecewise_linear_avg_latency,0.1,10,range,crossing
,pq_drift_1m_aris_main_20260522__phaseB_cycle00_zero_insert_no_retrain_1m__range__f039b550a441,,-0.2105545580000001,0.1,0.6505112120000001,0.05,phaseB_cycle00_zero_insert_no_retrain_1m,0,sift,1000000.0,/mnt/nvme1n1/PipeANN-github/experiments/pq_drift_1m_aris_main_20260522,1.484550733,250000.0,,,1.675072,1.849721,58.93,False,50,fastest_but_recall_below_98,0.05,-3.158982668,1000000.0,1.0,0.001,1.484550733,graph,prefilter_below_graph_above,4.643533401,250000.0,,,5.451022,5.513421,98.72,True,300,recall_pass_best,0.08777360770014118,piecewise_linear_avg_latency,0.25,10,range,crossing
,pq_drift_1m_aris_main_20260522__phaseB_cycle00_zero_insert_no_retrain_1m__range__f039b550a441,,-0.2105545580000001,0.1,0.6505112120000001,0.05,phaseB_cycle00_zero_insert_no_retrain_1m,0,sift,1000000.0,/mnt/nvme1n1/PipeANN-github/experiments/pq_drift_1m_aris_main_20260522,1.483135407,300000.0,,,1.666304,1.845248,63.14,False,50,fastest_but_recall_below_98,0.05,-2.803989722,1000000.0,1.0,0.001,1.483135407,graph,prefilter_below_graph_above,4.287125129,300000.0,,,4.470828,4.507534,98.26,True,250,recall_pass_best,0.08777360770014118,piecewise_linear_avg_latency,0.3,10,range,crossing
,pq_drift_1m_aris_main_20260522__phaseB_cycle00_zero_insert_no_retrain_1m__range__f039b550a441,,-0.2105545580000001,0.1,0.6505112120000001,0.05,phaseB_cycle00_zero_insert_no_retrain_1m,0,sift,1000000.0,/mnt/nvme1n1/PipeANN-github/experiments/pq_drift_1m_aris_main_20260522,1.48788075,500000.0,,,1.6711369999999999,1.8365129999999998,71.8,False,50,fastest_but_recall_below_98,0.05,-5.498530261000001,1000000.0,1.0,0.001,1.48788075,graph,prefilter_below_graph_above,6.986411011,500000.0,,,7.18042,7.277735,99.17,True,400,recall_pass_best,0.08777360770014118,piecewise_linear_avg_latency,0.5,10,range,crossing
,pq_drift_1m_aris_main_20260522__phaseB_cycle00_zero_insert_no_retrain_1m__range__f039b550a441,,-0.2105545580000001,0.1,0.6505112120000001,0.05,phaseB_cycle00_zero_insert_no_retrain_1m,0,sift,1000000.0,/mnt/nvme1n1/PipeANN-github/experiments/pq_drift_1m_aris_main_20260522,8.198387454,750000.0,,,8.53733,8.921878000000001,98.42,True,400,recall_pass_best,0.05,-2.3046717169999997,1000000.0,1.0,0.001,8.198387454,graph,prefilter_below_graph_above,10.503059171,750000.0,,,14.222724,14.484887,98.9,True,400,recall_pass_best,0.08777360770014118,piecewise_linear_avg_latency,0.75,10,range,crossing
,pq_drift_1m_aris_main_20260522__phaseB_cycle00_zero_insert_no_retrain_1m__range__f039b550a441,,-0.2105545580000001,0.1,0.6505112120000001,0.05,phaseB_cycle00_zero_insert_no_retrain_1m,0,sift,1000000.0,/mnt/nvme1n1/PipeANN-github/experiments/pq_drift_1m_aris_main_20260522,6.540587529000001,1000000.0,,,8.534673000000002,8.933847,98.11,True,300,recall_pass_best,0.05,-7.338560406999998,1000000.0,1.0,0.001,6.540587529000001,graph,prefilter_below_graph_above,13.879147935999999,1000000.0,,,15.000304,19.717054,98.79,True,400,recall_pass_best,0.08777360770014118,piecewise_linear_avg_latency,1.0,10,range,crossing
,pq_drift_1m_aris_main_20260522__phaseC_cycle01_no_retrain_across_cycles__intersect__fc0fd0638a0d,,-0.15176393900000007,0.1,0.34990796000000013,0.05,phaseC_cycle01_no_retrain_across_cycles,1,sift,1000000.0,/mnt/nvme1n1/PipeANN-github/experiments/pq_drift_1m_aris_main_20260522,1.49994751,1000.0,,,1.8002829999999999,2.0476579999999998,0.22,False,50,fastest_but_recall_below_98,0.05,1.346873175,1000000.0,1.0,0.001,0.15307433499999998,prefilter,prefilter_below_graph_above,0.15307433499999998,1000.0,,,0.161993,0.20009800000000003,99.94,True,50,recall_pass_best,0.08487418377404471,piecewise_linear_avg_latency,0.001,10,intersect,crossing
,pq_drift_1m_aris_main_20260522__phaseC_cycle01_no_retrain_across_cycles__intersect__fc0fd0638a0d,,-0.15176393900000007,0.1,0.34990796000000013,0.05,phaseC_cycle01_no_retrain_across_cycles,1,sift,1000000.0,/mnt/nvme1n1/PipeANN-github/experiments/pq_drift_1m_aris_main_20260522,1.574446455,3000.0,,,1.8667639999999999,2.2315859999999996,1.38,False,50,fastest_but_recall_below_98,0.05,1.372247808,1000000.0,1.0,0.001,0.20219864699999998,prefilter,prefilter_below_graph_above,0.20219864699999998,3000.0,,,0.22127000000000002,0.260233,99.71,True,50,recall_pass_best,0.08487418377404471,piecewise_linear_avg_latency,0.003,10,intersect,crossing
,pq_drift_1m_aris_main_20260522__phaseC_cycle01_no_retrain_across_cycles__intersect__fc0fd0638a0d,,-0.15176393900000007,0.1,0.34990796000000013,0.05,phaseC_cycle01_no_retrain_across_cycles,1,sift,1000000.0,/mnt/nvme1n1/PipeANN-github/experiments/pq_drift_1m_aris_main_20260522,1.4960709609999998,10000.0,,,1.782019,2.0775639999999997,5.29,False,50,fastest_but_recall_below_98,0.05,1.0786277169999998,1000000.0,1.0,0.001,0.417443244,prefilter,prefilter_below_graph_above,0.417443244,10000.0,,,0.450637,0.487322,99.66,True,75,recall_pass_best,0.08487418377404471,piecewise_linear_avg_latency,0.01,10,intersect,crossing
,pq_drift_1m_aris_main_20260522__phaseC_cycle01_no_retrain_across_cycles__intersect__fc0fd0638a0d,,-0.15176393900000007,0.1,0.34990796000000013,0.05,phaseC_cycle01_no_retrain_across_cycles,1,sift,1000000.0,/mnt/nvme1n1/PipeANN-github/experiments/pq_drift_1m_aris_main_20260522,1.4923340390000002,50000.0,,,1.775101,2.067425,22.13,False,50,fastest_but_recall_below_98,0.05,0.34990796000000013,1000000.0,1.0,0.001,1.142426079,prefilter,prefilter_below_graph_above,1.142426079,50000.0,,,1.206944,1.245476,99.26,True,75,recall_pass_best,0.08487418377404471,piecewise_linear_avg_latency,0.05,10,intersect,crossing
,pq_drift_1m_aris_main_20260522__phaseC_cycle01_no_retrain_across_cycles__intersect__fc0fd0638a0d,,-0.15176393900000007,0.1,0.34990796000000013,0.05,phaseC_cycle01_no_retrain_across_cycles,1,sift,1000000.0,/mnt/nvme1n1/PipeANN-github/experiments/pq_drift_1m_aris_main_20260522,1.618633174,100000.0,,,1.90799,2.311752,38.39,False,50,fastest_but_recall_below_98,0.05,-0.15176393900000007,1000000.0,1.0,0.001,1.618633174,graph,prefilter_below_graph_above,1.770397113,100000.0,,,1.979857,2.008992,98.15,True,100,recall_pass_best,0.08487418377404471,piecewise_linear_avg_latency,0.1,10,intersect,crossing
,pq_drift_1m_aris_main_20260522__phaseC_cycle01_no_retrain_across_cycles__intersect__fc0fd0638a0d,,-0.15176393900000007,0.1,0.34990796000000013,0.05,phaseC_cycle01_no_retrain_across_cycles,1,sift,1000000.0,/mnt/nvme1n1/PipeANN-github/experiments/pq_drift_1m_aris_main_20260522,1.495682241,250000.0,,,1.766992,2.058145,56.31,False,50,fastest_but_recall_below_98,0.05,-2.197459062,1000000.0,1.0,0.001,1.495682241,graph,prefilter_below_graph_above,3.693141303,250000.0,,,3.891643,3.919106,98.14,True,100,recall_pass_best,0.08487418377404471,piecewise_linear_avg_latency,0.25,10,intersect,crossing
,pq_drift_1m_aris_main_20260522__phaseC_cycle01_no_retrain_across_cycles__intersect__fc0fd0638a0d,,-0.15176393900000007,0.1,0.34990796000000013,0.05,phaseC_cycle01_no_retrain_across_cycles,1,sift,1000000.0,/mnt/nvme1n1/PipeANN-github/experiments/pq_drift_1m_aris_main_20260522,1.4981104909999998,300000.0,,,1.775558,2.055611,60.37,False,50,fastest_but_recall_below_98,0.05,-3.1158366780000004,1000000.0,1.0,0.001,1.4981104909999998,graph,prefilter_below_graph_above,4.613947169,300000.0,,,5.982138,6.2490950000000005,98.7,True,250,recall_pass_best,0.08487418377404471,piecewise_linear_avg_latency,0.3,10,intersect,crossing
,pq_drift_1m_aris_main_20260522__phaseC_cycle01_no_retrain_across_cycles__intersect__fc0fd0638a0d,,-0.15176393900000007,0.1,0.34990796000000013,0.05,phaseC_cycle01_no_retrain_across_cycles,1,sift,1000000.0,/mnt/nvme1n1/PipeANN-github/experiments/pq_drift_1m_aris_main_20260522,1.511711507,500000.0,,,1.794423,2.096734,68.4,False,50,fastest_but_recall_below_98,0.05,-5.5638591139999996,1000000.0,1.0,0.001,1.511711507,graph,prefilter_below_graph_above,7.075570621,500000.0,,,9.538518,9.637632,98.86,True,300,recall_pass_best,0.08487418377404471,piecewise_linear_avg_latency,0.5,10,intersect,crossing
,pq_drift_1m_aris_main_20260522__phaseC_cycle01_no_retrain_across_cycles__intersect__fc0fd0638a0d,,-0.15176393900000007,0.1,0.34990796000000013,0.05,phaseC_cycle01_no_retrain_across_cycles,1,sift,1000000.0,/mnt/nvme1n1/PipeANN-github/experiments/pq_drift_1m_aris_main_20260522,8.145047472,750000.0,,,8.445229,8.666897,98.36,True,400,recall_pass_best,0.05,-1.775502757,1000000.0,1.0,0.001,8.145047472,graph,prefilter_below_graph_above,9.920550229,750000.0,,,9.945165999999999,10.298268,98.54,True,300,recall_pass_best,0.08487418377404471,piecewise_linear_avg_latency,0.75,10,intersect,crossing
,pq_drift_1m_aris_main_20260522__phaseC_cycle01_no_retrain_across_cycles__intersect__fc0fd0638a0d,,-0.15176393900000007,0.1,0.34990796000000013,0.05,phaseC_cycle01_no_retrain_across_cycles,1,sift,1000000.0,/mnt/nvme1n1/PipeANN-github/experiments/pq_drift_1m_aris_main_20260522,8.164669573,1000000.0,,,8.448573,8.727709,98.67,True,400,recall_pass_best,0.05,-5.065789757000001,1000000.0,1.0,0.001,8.164669573,graph,prefilter_below_graph_above,13.23045933,1000000.0,,,13.281291999999999,18.699166,98.28,True,300,recall_pass_best,0.08487418377404471,piecewise_linear_avg_latency,1.0,10,intersect,crossing
,pq_drift_1m_aris_main_20260522__phaseC_cycle01_no_retrain_across_cycles__range__224b5d88662e,,-0.2426566229999998,0.1,0.359180633,0.05,phaseC_cycle01_no_retrain_across_cycles,1,sift,1000000.0,/mnt/nvme1n1/PipeANN-github/experiments/pq_drift_1m_aris_main_20260522,1.4925289009999998,1000.0,,,1.775164,2.05513,0.22,False,50,fastest_but_recall_below_98,0.05,1.3434599019999998,1000000.0,1.0,0.001,0.14906899899999998,prefilter,prefilter_below_graph_above,0.14906899899999998,1000.0,,,0.15909700000000002,0.196747,99.94,True,50,recall_pass_best,0.07984034549366617,piecewise_linear_avg_latency,0.001,10,range,crossing
,pq_drift_1m_aris_main_20260522__phaseC_cycle01_no_retrain_across_cycles__range__224b5d88662e,,-0.2426566229999998,0.1,0.359180633,0.05,phaseC_cycle01_no_retrain_across_cycles,1,sift,1000000.0,/mnt/nvme1n1/PipeANN-github/experiments/pq_drift_1m_aris_main_20260522,1.572481961,3000.0,,,2.103192,2.309904,1.36,False,50,fastest_but_recall_below_98,0.05,1.3566057740000002,1000000.0,1.0,0.001,0.215876187,prefilter,prefilter_below_graph_above,0.215876187,3000.0,,,0.237778,0.277665,99.73,True,100,recall_pass_best,0.07984034549366617,piecewise_linear_avg_latency,0.003,10,range,crossing
,pq_drift_1m_aris_main_20260522__phaseC_cycle01_no_retrain_across_cycles__range__224b5d88662e,,-0.2426566229999998,0.1,0.359180633,0.05,phaseC_cycle01_no_retrain_across_cycles,1,sift,1000000.0,/mnt/nvme1n1/PipeANN-github/experiments/pq_drift_1m_aris_main_20260522,1.50759275,10000.0,,,1.789828,2.070081,5.26,False,50,fastest_but_recall_below_98,0.05,1.077372254,1000000.0,1.0,0.001,0.430220496,prefilter,prefilter_below_graph_above,0.430220496,10000.0,,,0.464112,0.503501,99.66,True,50,recall_pass_best,0.07984034549366617,piecewise_linear_avg_latency,0.01,10,range,crossing
,pq_drift_1m_aris_main_20260522__phaseC_cycle01_no_retrain_across_cycles__range__224b5d88662e,,-0.2426566229999998,0.1,0.359180633,0.05,phaseC_cycle01_no_retrain_across_cycles,1,sift,1000000.0,/mnt/nvme1n1/PipeANN-github/experiments/pq_drift_1m_aris_main_20260522,1.517541407,50000.0,,,1.811745,2.0853029999999997,22.15,False,50,fastest_but_recall_below_98,0.05,0.359180633,1000000.0,1.0,0.001,1.158360774,prefilter,prefilter_below_graph_above,1.158360774,50000.0,,,1.22284,1.2713430000000001,99.26,True,100,recall_pass_best,0.07984034549366617,piecewise_linear_avg_latency,0.05,10,range,crossing
,pq_drift_1m_aris_main_20260522__phaseC_cycle01_no_retrain_across_cycles__range__224b5d88662e,,-0.2426566229999998,0.1,0.359180633,0.05,phaseC_cycle01_no_retrain_across_cycles,1,sift,1000000.0,/mnt/nvme1n1/PipeANN-github/experiments/pq_drift_1m_aris_main_20260522,1.560251099,100000.0,,,1.815329,2.15283,38.32,False,50,fastest_but_recall_below_98,0.05,-0.2426566229999998,1000000.0,1.0,0.001,1.560251099,graph,prefilter_below_graph_above,1.8029077219999998,100000.0,,,2.008366,2.061807,98.15,True,75,recall_pass_best,0.07984034549366617,piecewise_linear_avg_latency,0.1,10,range,crossing
,pq_drift_1m_aris_main_20260522__phaseC_cycle01_no_retrain_across_cycles__range__224b5d88662e,,-0.2426566229999998,0.1,0.359180633,0.05,phaseC_cycle01_no_retrain_across_cycles,1,sift,1000000.0,/mnt/nvme1n1/PipeANN-github/experiments/pq_drift_1m_aris_main_20260522,1.517298088,250000.0,,,1.8109069999999998,2.08712,56.37,False,50,fastest_but_recall_below_98,0.05,-2.244358244,1000000.0,1.0,0.001,1.517298088,graph,prefilter_below_graph_above,3.761656332,250000.0,,,3.9523560000000004,4.009286,98.14,True,75,recall_pass_best,0.07984034549366617,piecewise_linear_avg_latency,0.25,10,range,crossing
,pq_drift_1m_aris_main_20260522__phaseC_cycle01_no_retrain_across_cycles__range__224b5d88662e,,-0.2426566229999998,0.1,0.359180633,0.05,phaseC_cycle01_no_retrain_across_cycles,1,sift,1000000.0,/mnt/nvme1n1/PipeANN-github/experiments/pq_drift_1m_aris_main_20260522,1.5282096699999999,300000.0,,,1.811316,2.080739,60.38,False,50,fastest_but_recall_below_98,0.05,-2.960447885,1000000.0,1.0,0.001,1.5282096699999999,graph,prefilter_below_graph_above,4.488657555,300000.0,,,4.654482,4.7188159999999995,98.7,True,250,recall_pass_best,0.07984034549366617,piecewise_linear_avg_latency,0.3,10,range,crossing
,pq_drift_1m_aris_main_20260522__phaseC_cycle01_no_retrain_across_cycles__range__224b5d88662e,,-0.2426566229999998,0.1,0.359180633,0.05,phaseC_cycle01_no_retrain_across_cycles,1,sift,1000000.0,/mnt/nvme1n1/PipeANN-github/experiments/pq_drift_1m_aris_main_20260522,1.534292886,500000.0,,,1.8185660000000001,2.105858,68.4,False,50,fastest_but_recall_below_98,0.05,-5.390787775,1000000.0,1.0,0.001,1.534292886,graph,prefilter_below_graph_above,6.925080661,500000.0,,,6.972184,7.39908,98.86,True,300,recall_pass_best,0.07984034549366617,piecewise_linear_avg_latency,0.5,10,range,crossing
,pq_drift_1m_aris_main_20260522__phaseC_cycle01_no_retrain_across_cycles__range__224b5d88662e,,-0.2426566229999998,0.1,0.359180633,0.05,phaseC_cycle01_no_retrain_across_cycles,1,sift,1000000.0,/mnt/nvme1n1/PipeANN-github/experiments/pq_drift_1m_aris_main_20260522,8.225371947,750000.0,,,8.494093000000001,8.760637000000001,98.36,True,400,recall_pass_best,0.05,-1.7797033330000005,1000000.0,1.0,0.001,8.225371947,graph,prefilter_below_graph_above,10.00507528,750000.0,,,10.229488,10.375148,98.54,True,300,recall_pass_best,0.07984034549366617,piecewise_linear_avg_latency,0.75,10,range,crossing
,pq_drift_1m_aris_main_20260522__phaseC_cycle01_no_retrain_across_cycles__range__224b5d88662e,,-0.2426566229999998,0.1,0.359180633,0.05,phaseC_cycle01_no_retrain_across_cycles,1,sift,1000000.0,/mnt/nvme1n1/PipeANN-github/experiments/pq_drift_1m_aris_main_20260522,8.229943778,1000000.0,,,8.498118,8.788321,98.67,True,400,recall_pass_best,0.05,-5.174534248999999,1000000.0,1.0,0.001,8.229943778,graph,prefilter_below_graph_above,13.404478027,1000000.0,,,13.537469,13.819612,99.04,True,400,recall_pass_best,0.07984034549366617,piecewise_linear_avg_latency,1.0,10,range,crossing
,pq_drift_1m_aris_main_20260522__phaseC_cycle01_retrain_each_cycle__intersect__b0431e390414,,-0.17601195099999978,0.1,0.5783628029999999,0.05,phaseC_cycle01_retrain_each_cycle,1,sift,1000000.0,/mnt/nvme1n1/PipeANN-github/experiments/pq_drift_1m_aris_main_20260522,1.447076614,1000.0,,,1.680063,1.860093,0.26,False,50,fastest_but_recall_below_98,0.05,1.313671497,1000000.0,1.0,0.001,0.133405117,prefilter,prefilter_below_graph_above,0.133405117,1000.0,,,0.139578,0.152301,99.95,True,75,recall_pass_best,0.08833391825039788,piecewise_linear_avg_latency,0.001,10,intersect,crossing
,pq_drift_1m_aris_main_20260522__phaseC_cycle01_retrain_each_cycle__intersect__b0431e390414,,-0.17601195099999978,0.1,0.5783628029999999,0.05,phaseC_cycle01_retrain_each_cycle,1,sift,1000000.0,/mnt/nvme1n1/PipeANN-github/experiments/pq_drift_1m_aris_main_20260522,1.448836366,3000.0,,,1.683931,1.8665440000000002,1.51,False,50,fastest_but_recall_below_98,0.05,1.278112498,1000000.0,1.0,0.001,0.170723868,prefilter,prefilter_below_graph_above,0.170723868,3000.0,,,0.178042,0.20343799999999998,99.78,True,50,recall_pass_best,0.08833391825039788,piecewise_linear_avg_latency,0.003,10,intersect,crossing
,pq_drift_1m_aris_main_20260522__phaseC_cycle01_retrain_each_cycle__intersect__b0431e390414,,-0.17601195099999978,0.1,0.5783628029999999,0.05,phaseC_cycle01_retrain_each_cycle,1,sift,1000000.0,/mnt/nvme1n1/PipeANN-github/experiments/pq_drift_1m_aris_main_20260522,1.445753341,10000.0,,,1.676119,1.8462729999999998,5.45,False,50,fastest_but_recall_below_98,0.05,1.138572662,1000000.0,1.0,0.001,0.307180679,prefilter,prefilter_below_graph_above,0.307180679,10000.0,,,0.330118,0.354584,99.56,True,50,recall_pass_best,0.08833391825039788,piecewise_linear_avg_latency,0.01,10,intersect,crossing
,pq_drift_1m_aris_main_20260522__phaseC_cycle01_retrain_each_cycle__intersect__b0431e390414,,-0.17601195099999978,0.1,0.5783628029999999,0.05,phaseC_cycle01_retrain_each_cycle,1,sift,1000000.0,/mnt/nvme1n1/PipeANN-github/experiments/pq_drift_1m_aris_main_20260522,1.478725318,50000.0,,,1.70003,1.907946,21.88,False,50,fastest_but_recall_below_98,0.05,0.5783628029999999,1000000.0,1.0,0.001,0.9003625150000001,prefilter,prefilter_below_graph_above,0.9003625150000001,50000.0,,,0.9715159999999999,1.007797,99.15,True,50,recall_pass_best,0.08833391825039788,piecewise_linear_avg_latency,0.05,10,intersect,crossing
,pq_drift_1m_aris_main_20260522__phaseC_cycle01_retrain_each_cycle__intersect__b0431e390414,,-0.17601195099999978,0.1,0.5783628029999999,0.05,phaseC_cycle01_retrain_each_cycle,1,sift,1000000.0,/mnt/nvme1n1/PipeANN-github/experiments/pq_drift_1m_aris_main_20260522,1.4479075600000002,100000.0,,,1.6753630000000002,1.870303,37.79,False,50,fastest_but_recall_below_98,0.05,-0.17601195099999978,1000000.0,1.0,0.001,1.4479075600000002,graph,prefilter_below_graph_above,1.623919511,100000.0,,,1.78972,1.8093050000000002,98.24,True,50,recall_pass_best,0.08833391825039788,piecewise_linear_avg_latency,0.1,10,intersect,crossing
,pq_drift_1m_aris_main_20260522__phaseC_cycle01_retrain_each_cycle__intersect__b0431e390414,,-0.17601195099999978,0.1,0.5783628029999999,0.05,phaseC_cycle01_retrain_each_cycle,1,sift,1000000.0,/mnt/nvme1n1/PipeANN-github/experiments/pq_drift_1m_aris_main_20260522,1.5542683210000001,250000.0,,,1.795276,2.03016,57.43,False,50,fastest_but_recall_below_98,0.05,-2.001911692,1000000.0,1.0,0.001,1.5542683210000001,graph,prefilter_below_graph_above,3.556180013,250000.0,,,3.729964,3.7680949999999998,98.07,True,200,recall_pass_best,0.08833391825039788,piecewise_linear_avg_latency,0.25,10,intersect,crossing
,pq_drift_1m_aris_main_20260522__phaseC_cycle01_retrain_each_cycle__intersect__b0431e390414,,-0.17601195099999978,0.1,0.5783628029999999,0.05,phaseC_cycle01_retrain_each_cycle,1,sift,1000000.0,/mnt/nvme1n1/PipeANN-github/experiments/pq_drift_1m_aris_main_20260522,1.493314871,300000.0,,,1.674196,1.864584,62.23,False,50,fastest_but_recall_below_98,0.05,-2.9834569139999996,1000000.0,1.0,0.001,1.493314871,graph,prefilter_below_graph_above,4.4767717849999995,300000.0,,,4.653461,4.681609000000001,99.39,True,400,recall_pass_best,0.08833391825039788,piecewise_linear_avg_latency,0.3,10,intersect,crossing
,pq_drift_1m_aris_main_20260522__phaseC_cycle01_retrain_each_cycle__intersect__b0431e390414,,-0.17601195099999978,0.1,0.5783628029999999,0.05,phaseC_cycle01_retrain_each_cycle,1,sift,1000000.0,/mnt/nvme1n1/PipeANN-github/experiments/pq_drift_1m_aris_main_20260522,1.445756793,500000.0,,,1.66702,1.861904,71.89,False,50,fastest_but_recall_below_98,0.05,-5.545098266,1000000.0,1.0,0.001,1.445756793,graph,prefilter_below_graph_above,6.990855059,500000.0,,,7.170772,7.2229350000000005,99.11,True,400,recall_pass_best,0.08833391825039788,piecewise_linear_avg_latency,0.5,10,intersect,crossing
,pq_drift_1m_aris_main_20260522__phaseC_cycle01_retrain_each_cycle__intersect__b0431e390414,,-0.17601195099999978,0.1,0.5783628029999999,0.05,phaseC_cycle01_retrain_each_cycle,1,sift,1000000.0,/mnt/nvme1n1/PipeANN-github/experiments/pq_drift_1m_aris_main_20260522,8.19329222,750000.0,,,8.436423000000001,8.700186,98.4,True,400,recall_pass_best,0.05,-2.2368112280000005,1000000.0,1.0,0.001,8.19329222,graph,prefilter_below_graph_above,10.430103448,750000.0,,,14.497877,14.728909,98.93,True,400,recall_pass_best,0.08833391825039788,piecewise_linear_avg_latency,0.75,10,intersect,crossing
,pq_drift_1m_aris_main_20260522__phaseC_cycle01_retrain_each_cycle__intersect__b0431e390414,,-0.17601195099999978,0.1,0.5783628029999999,0.05,phaseC_cycle01_retrain_each_cycle,1,sift,1000000.0,/mnt/nvme1n1/PipeANN-github/experiments/pq_drift_1m_aris_main_20260522,6.259418345,1000000.0,,,6.467864,6.692874,98.08,True,300,recall_pass_best,0.05,-7.369052379000001,1000000.0,1.0,0.001,6.259418345,graph,prefilter_below_graph_above,13.628470724000001,1000000.0,,,18.266975,18.661641,98.8,True,400,recall_pass_best,0.08833391825039788,piecewise_linear_avg_latency,1.0,10,intersect,crossing
,pq_drift_1m_aris_main_20260522__phaseC_cycle01_retrain_each_cycle__range__40a52c89dda9,,-0.1748033499999999,0.1,0.5471220779999998,0.05,phaseC_cycle01_retrain_each_cycle,1,sift,1000000.0,/mnt/nvme1n1/PipeANN-github/experiments/pq_drift_1m_aris_main_20260522,1.452238321,1000.0,,,1.674334,1.855391,0.26,False,50,fastest_but_recall_below_98,0.05,1.31856039,1000000.0,1.0,0.001,0.133677931,prefilter,prefilter_below_graph_above,0.133677931,1000.0,,,0.139654,0.15168600000000002,99.95,True,75,recall_pass_best,0.08789325439856926,piecewise_linear_avg_latency,0.001,10,range,crossing
,pq_drift_1m_aris_main_20260522__phaseC_cycle01_retrain_each_cycle__range__40a52c89dda9,,-0.1748033499999999,0.1,0.5471220779999998,0.05,phaseC_cycle01_retrain_each_cycle,1,sift,1000000.0,/mnt/nvme1n1/PipeANN-github/experiments/pq_drift_1m_aris_main_20260522,1.452215819,3000.0,,,1.682487,1.861748,1.52,False,50,fastest_but_recall_below_98,0.05,1.2755674220000002,1000000.0,1.0,0.001,0.17664839699999998,prefilter,prefilter_below_graph_above,0.17664839699999998,3000.0,,,0.183681,0.206563,99.78,True,75,recall_pass_best,0.08789325439856926,piecewise_linear_avg_latency,0.003,10,range,crossing
,pq_drift_1m_aris_main_20260522__phaseC_cycle01_retrain_each_cycle__range__40a52c89dda9,,-0.1748033499999999,0.1,0.5471220779999998,0.05,phaseC_cycle01_retrain_each_cycle,1,sift,1000000.0,/mnt/nvme1n1/PipeANN-github/experiments/pq_drift_1m_aris_main_20260522,1.521750529,10000.0,,,1.772201,2.037398,5.46,False,50,fastest_but_recall_below_98,0.05,1.204744951,1000000.0,1.0,0.001,0.317005578,prefilter,prefilter_below_graph_above,0.317005578,10000.0,,,0.331787,0.36300099999999996,99.56,True,100,recall_pass_best,0.08789325439856926,piecewise_linear_avg_latency,0.01,10,range,crossing
,pq_drift_1m_aris_main_20260522__phaseC_cycle01_retrain_each_cycle__range__40a52c89dda9,,-0.1748033499999999,0.1,0.5471220779999998,0.05,phaseC_cycle01_retrain_each_cycle,1,sift,1000000.0,/mnt/nvme1n1/PipeANN-github/experiments/pq_drift_1m_aris_main_20260522,1.4693796239999999,50000.0,,,1.694288,1.912779,21.87,False,50,fastest_but_recall_below_98,0.05,0.5471220779999998,1000000.0,1.0,0.001,0.9222575460000001,prefilter,prefilter_below_graph_above,0.9222575460000001,50000.0,,,0.9986499999999999,1.033901,99.15,True,100,recall_pass_best,0.08789325439856926,piecewise_linear_avg_latency,0.05,10,range,crossing
,pq_drift_1m_aris_main_20260522__phaseC_cycle01_retrain_each_cycle__range__40a52c89dda9,,-0.1748033499999999,0.1,0.5471220779999998,0.05,phaseC_cycle01_retrain_each_cycle,1,sift,1000000.0,/mnt/nvme1n1/PipeANN-github/experiments/pq_drift_1m_aris_main_20260522,1.466604172,100000.0,,,1.701174,1.8709570000000002,37.77,False,50,fastest_but_recall_below_98,0.05,-0.1748033499999999,1000000.0,1.0,0.001,1.466604172,graph,prefilter_below_graph_above,1.641407522,100000.0,,,1.813543,1.831587,98.24,True,150,recall_pass_best,0.08789325439856926,piecewise_linear_avg_latency,0.1,10,range,crossing
,pq_drift_1m_aris_main_20260522__phaseC_cycle01_retrain_each_cycle__range__40a52c89dda9,,-0.1748033499999999,0.1,0.5471220779999998,0.05,phaseC_cycle01_retrain_each_cycle,1,sift,1000000.0,/mnt/nvme1n1/PipeANN-github/experiments/pq_drift_1m_aris_main_20260522,1.6089021849999998,250000.0,,,1.8382049999999999,2.107237,57.42,False,50,fastest_but_recall_below_98,0.05,-2.0346337410000004,1000000.0,1.0,0.001,1.6089021849999998,graph,prefilter_below_graph_above,3.643535926,250000.0,,,3.822424,3.847756,98.67,True,250,recall_pass_best,0.08789325439856926,piecewise_linear_avg_latency,0.25,10,range,crossing
,pq_drift_1m_aris_main_20260522__phaseC_cycle01_retrain_each_cycle__range__40a52c89dda9,,-0.1748033499999999,0.1,0.5471220779999998,0.05,phaseC_cycle01_retrain_each_cycle,1,sift,1000000.0,/mnt/nvme1n1/PipeANN-github/experiments/pq_drift_1m_aris_main_20260522,1.4736814520000001,300000.0,,,1.6953019999999999,1.89085,62.18,False,50,fastest_but_recall_below_98,0.05,-2.885721545,1000000.0,1.0,0.001,1.4736814520000001,graph,prefilter_below_graph_above,4.359402997,300000.0,,,4.534269,4.549503,99.03,True,300,recall_pass_best,0.08789325439856926,piecewise_linear_avg_latency,0.3,10,range,crossing
,pq_drift_1m_aris_main_20260522__phaseC_cycle01_retrain_each_cycle__range__40a52c89dda9,,-0.1748033499999999,0.1,0.5471220779999998,0.05,phaseC_cycle01_retrain_each_cycle,1,sift,1000000.0,/mnt/nvme1n1/PipeANN-github/experiments/pq_drift_1m_aris_main_20260522,1.4783847559999999,500000.0,,,1.689125,1.8878030000000001,71.88,False,50,fastest_but_recall_below_98,0.05,-5.2843858610000005,1000000.0,1.0,0.001,1.4783847559999999,graph,prefilter_below_graph_above,6.762770617,500000.0,,,6.936098,6.984492,98.29,True,250,recall_pass_best,0.08789325439856926,piecewise_linear_avg_latency,0.5,10,range,crossing
,pq_drift_1m_aris_main_20260522__phaseC_cycle01_retrain_each_cycle__range__40a52c89dda9,,-0.1748033499999999,0.1,0.5471220779999998,0.05,phaseC_cycle01_retrain_each_cycle,1,sift,1000000.0,/mnt/nvme1n1/PipeANN-github/experiments/pq_drift_1m_aris_main_20260522,8.280981479,750000.0,,,8.628536,9.0581,98.4,True,400,recall_pass_best,0.05,-1.8029313160000005,1000000.0,1.0,0.001,8.280981479,graph,prefilter_below_graph_above,10.083912795,750000.0,,,10.123903,10.387396,98.93,True,400,recall_pass_best,0.08789325439856926,piecewise_linear_avg_latency,0.75,10,range,crossing
,pq_drift_1m_aris_main_20260522__phaseC_cycle01_retrain_each_cycle__range__40a52c89dda9,,-0.1748033499999999,0.1,0.5471220779999998,0.05,phaseC_cycle01_retrain_each_cycle,1,sift,1000000.0,/mnt/nvme1n1/PipeANN-github/experiments/pq_drift_1m_aris_main_20260522,6.293206499,1000000.0,,,6.506265999999999,6.719982,98.08,True,300,recall_pass_best,0.05,-7.444045384999999,1000000.0,1.0,0.001,6.293206499,graph,prefilter_below_graph_above,13.737251883999999,1000000.0,,,18.350935,18.581059,98.8,True,400,recall_pass_best,0.08789325439856926,piecewise_linear_avg_latency,1.0,10,range,crossing
,pq_drift_1m_aris_main_20260522__phaseC_cycle02_no_retrain_across_cycles__intersect__93fe96bdf1c2,,-0.1359161630000001,0.1,0.42787066900000004,0.05,phaseC_cycle02_no_retrain_across_cycles,2,sift,1000000.0,/mnt/nvme1n1/PipeANN-github/experiments/pq_drift_1m_aris_main_20260522,1.626126277,1000.0,,,2.1232640000000003,2.426232,0.31,False,50,fastest_but_recall_below_98,0.05,1.473401084,1000000.0,1.0,0.001,0.15272519299999998,prefilter,prefilter_below_graph_above,0.15272519299999998,1000.0,,,0.16535,0.21564,99.92,True,50,recall_pass_best,0.08794613892294667,piecewise_linear_avg_latency,0.001,10,intersect,crossing
,pq_drift_1m_aris_main_20260522__phaseC_cycle02_no_retrain_across_cycles__intersect__93fe96bdf1c2,,-0.1359161630000001,0.1,0.42787066900000004,0.05,phaseC_cycle02_no_retrain_across_cycles,2,sift,1000000.0,/mnt/nvme1n1/PipeANN-github/experiments/pq_drift_1m_aris_main_20260522,1.552005993,3000.0,,,1.815601,2.027466,1.51,False,50,fastest_but_recall_below_98,0.05,1.349661854,1000000.0,1.0,0.001,0.202344139,prefilter,prefilter_below_graph_above,0.202344139,3000.0,,,0.22282300000000002,0.27514999999999995,99.79,True,75,recall_pass_best,0.08794613892294667,piecewise_linear_avg_latency,0.003,10,intersect,crossing
,pq_drift_1m_aris_main_20260522__phaseC_cycle02_no_retrain_across_cycles__intersect__93fe96bdf1c2,,-0.1359161630000001,0.1,0.42787066900000004,0.05,phaseC_cycle02_no_retrain_across_cycles,2,sift,1000000.0,/mnt/nvme1n1/PipeANN-github/experiments/pq_drift_1m_aris_main_20260522,1.632650318,10000.0,,,2.126286,2.435346,4.89,False,50,fastest_but_recall_below_98,0.05,1.21621453,1000000.0,1.0,0.001,0.41643578800000003,prefilter,prefilter_below_graph_above,0.41643578800000003,10000.0,,,0.453214,0.494848,99.65,True,50,recall_pass_best,0.08794613892294667,piecewise_linear_avg_latency,0.01,10,intersect,crossing
,pq_drift_1m_aris_main_20260522__phaseC_cycle02_no_retrain_across_cycles__intersect__93fe96bdf1c2,,-0.1359161630000001,0.1,0.42787066900000004,0.05,phaseC_cycle02_no_retrain_across_cycles,2,sift,1000000.0,/mnt/nvme1n1/PipeANN-github/experiments/pq_drift_1m_aris_main_20260522,1.568305716,50000.0,,,1.853567,2.1030349999999998,21.04,False,50,fastest_but_recall_below_98,0.05,0.42787066900000004,1000000.0,1.0,0.001,1.140435047,prefilter,prefilter_below_graph_above,1.140435047,50000.0,,,1.209481,1.239946,99.25,True,75,recall_pass_best,0.08794613892294667,piecewise_linear_avg_latency,0.05,10,intersect,crossing
,pq_drift_1m_aris_main_20260522__phaseC_cycle02_no_retrain_across_cycles__intersect__93fe96bdf1c2,,-0.1359161630000001,0.1,0.42787066900000004,0.05,phaseC_cycle02_no_retrain_across_cycles,2,sift,1000000.0,/mnt/nvme1n1/PipeANN-github/experiments/pq_drift_1m_aris_main_20260522,1.658239247,100000.0,,,1.94665,2.12654,35.51,False,50,fastest_but_recall_below_98,0.05,-0.1359161630000001,1000000.0,1.0,0.001,1.658239247,graph,prefilter_below_graph_above,1.7941554100000001,100000.0,,,1.991689,2.01326,98.58,True,50,recall_pass_best,0.08794613892294667,piecewise_linear_avg_latency,0.1,10,intersect,crossing
,pq_drift_1m_aris_main_20260522__phaseC_cycle02_no_retrain_across_cycles__intersect__93fe96bdf1c2,,-0.1359161630000001,0.1,0.42787066900000004,0.05,phaseC_cycle02_no_retrain_across_cycles,2,sift,1000000.0,/mnt/nvme1n1/PipeANN-github/experiments/pq_drift_1m_aris_main_20260522,1.659677263,250000.0,,,1.95224,2.2308139999999996,55.18,False,50,fastest_but_recall_below_98,0.05,-2.055873771,1000000.0,1.0,0.001,1.659677263,graph,prefilter_below_graph_above,3.715551034,250000.0,,,3.915955,3.952605,98.37,True,50,recall_pass_best,0.08794613892294667,piecewise_linear_avg_latency,0.25,10,intersect,crossing
,pq_drift_1m_aris_main_20260522__phaseC_cycle02_no_retrain_across_cycles__intersect__93fe96bdf1c2,,-0.1359161630000001,0.1,0.42787066900000004,0.05,phaseC_cycle02_no_retrain_across_cycles,2,sift,1000000.0,/mnt/nvme1n1/PipeANN-github/experiments/pq_drift_1m_aris_main_20260522,1.644245334,300000.0,,,1.899709,2.121736,59.4,False,50,fastest_but_recall_below_98,0.05,-2.719663217000001,1000000.0,1.0,0.001,1.644245334,graph,prefilter_below_graph_above,4.363908551000001,300000.0,,,4.537666,4.615333,98.21,True,200,recall_pass_best,0.08794613892294667,piecewise_linear_avg_latency,0.3,10,intersect,crossing
,pq_drift_1m_aris_main_20260522__phaseC_cycle02_no_retrain_across_cycles__intersect__93fe96bdf1c2,,-0.1359161630000001,0.1,0.42787066900000004,0.05,phaseC_cycle02_no_retrain_across_cycles,2,sift,1000000.0,/mnt/nvme1n1/PipeANN-github/experiments/pq_drift_1m_aris_main_20260522,1.569790457,500000.0,,,1.800281,2.020387,68.7,False,50,fastest_but_recall_below_98,0.05,-5.298363526999999,1000000.0,1.0,0.001,1.569790457,graph,prefilter_below_graph_above,6.868153983999999,500000.0,,,6.959455,7.157527,99.02,True,300,recall_pass_best,0.08794613892294667,piecewise_linear_avg_latency,0.5,10,intersect,crossing
,pq_drift_1m_aris_main_20260522__phaseC_cycle02_no_retrain_across_cycles__intersect__93fe96bdf1c2,,-0.1359161630000001,0.1,0.42787066900000004,0.05,phaseC_cycle02_no_retrain_across_cycles,2,sift,1000000.0,/mnt/nvme1n1/PipeANN-github/experiments/pq_drift_1m_aris_main_20260522,8.190217501,750000.0,,,8.454006999999999,8.661305,98.06,True,400,recall_pass_best,0.05,-1.7347062789999992,1000000.0,1.0,0.001,8.190217501,graph,prefilter_below_graph_above,9.924923779999999,750000.0,,,9.943429,10.293785,98.49,True,300,recall_pass_best,0.08794613892294667,piecewise_linear_avg_latency,0.75,10,intersect,crossing
,pq_drift_1m_aris_main_20260522__phaseC_cycle02_no_retrain_across_cycles__intersect__93fe96bdf1c2,,-0.1359161630000001,0.1,0.42787066900000004,0.05,phaseC_cycle02_no_retrain_across_cycles,2,sift,1000000.0,/mnt/nvme1n1/PipeANN-github/experiments/pq_drift_1m_aris_main_20260522,8.236250446,1000000.0,,,8.533216,8.764417,98.55,True,400,recall_pass_best,0.05,-4.912676509000001,1000000.0,1.0,0.001,8.236250446,graph,prefilter_below_graph_above,13.148926955,1000000.0,,,13.286262,14.501655000000001,98.19,True,300,recall_pass_best,0.08794613892294667,piecewise_linear_avg_latency,1.0,10,intersect,crossing
,pq_drift_1m_aris_main_20260522__phaseC_cycle02_no_retrain_across_cycles__range__acc84167b9e8,,-0.12526110200000007,0.1,0.4356978840000001,0.05,phaseC_cycle02_no_retrain_across_cycles,2,sift,1000000.0,/mnt/nvme1n1/PipeANN-github/experiments/pq_drift_1m_aris_main_20260522,1.542179561,1000.0,,,1.8165920000000002,1.9813209999999999,0.3,False,50,fastest_but_recall_below_98,0.05,1.347994133,1000000.0,1.0,0.001,0.194185428,prefilter,prefilter_below_graph_above,0.194185428,1000.0,,,0.244862,0.30007799999999996,99.92,True,75,recall_pass_best,0.08883509266041065,piecewise_linear_avg_latency,0.001,10,range,crossing
,pq_drift_1m_aris_main_20260522__phaseC_cycle02_no_retrain_across_cycles__range__acc84167b9e8,,-0.12526110200000007,0.1,0.4356978840000001,0.05,phaseC_cycle02_no_retrain_across_cycles,2,sift,1000000.0,/mnt/nvme1n1/PipeANN-github/experiments/pq_drift_1m_aris_main_20260522,1.627533334,3000.0,,,1.81363,2.048719,1.51,False,50,fastest_but_recall_below_98,0.05,1.417492283,1000000.0,1.0,0.001,0.210041051,prefilter,prefilter_below_graph_above,0.210041051,3000.0,,,0.229284,0.266279,99.79,True,50,recall_pass_best,0.08883509266041065,piecewise_linear_avg_latency,0.003,10,range,crossing
,pq_drift_1m_aris_main_20260522__phaseC_cycle02_no_retrain_across_cycles__range__acc84167b9e8,,-0.12526110200000007,0.1,0.4356978840000001,0.05,phaseC_cycle02_no_retrain_across_cycles,2,sift,1000000.0,/mnt/nvme1n1/PipeANN-github/experiments/pq_drift_1m_aris_main_20260522,1.6048775849999999,10000.0,,,2.097975,2.433641,4.89,False,50,fastest_but_recall_below_98,0.05,1.175432801,1000000.0,1.0,0.001,0.429444784,prefilter,prefilter_below_graph_above,0.429444784,10000.0,,,0.463442,0.500382,99.65,True,50,recall_pass_best,0.08883509266041065,piecewise_linear_avg_latency,0.01,10,range,crossing
,pq_drift_1m_aris_main_20260522__phaseC_cycle02_no_retrain_across_cycles__range__acc84167b9e8,,-0.12526110200000007,0.1,0.4356978840000001,0.05,phaseC_cycle02_no_retrain_across_cycles,2,sift,1000000.0,/mnt/nvme1n1/PipeANN-github/experiments/pq_drift_1m_aris_main_20260522,1.588896762,50000.0,,,1.82545,2.02699,21.02,False,50,fastest_but_recall_below_98,0.05,0.4356978840000001,1000000.0,1.0,0.001,1.153198878,prefilter,prefilter_below_graph_above,1.153198878,50000.0,,,1.2164469999999998,1.289538,99.25,True,100,recall_pass_best,0.08883509266041065,piecewise_linear_avg_latency,0.05,10,range,crossing
,pq_drift_1m_aris_main_20260522__phaseC_cycle02_no_retrain_across_cycles__range__acc84167b9e8,,-0.12526110200000007,0.1,0.4356978840000001,0.05,phaseC_cycle02_no_retrain_across_cycles,2,sift,1000000.0,/mnt/nvme1n1/PipeANN-github/experiments/pq_drift_1m_aris_main_20260522,1.699781045,100000.0,,,1.981585,2.22597,35.53,False,50,fastest_but_recall_below_98,0.05,-0.12526110200000007,1000000.0,1.0,0.001,1.699781045,graph,prefilter_below_graph_above,1.825042147,100000.0,,,2.0164280000000003,2.048364,98.58,True,150,recall_pass_best,0.08883509266041065,piecewise_linear_avg_latency,0.1,10,range,crossing
,pq_drift_1m_aris_main_20260522__phaseC_cycle02_no_retrain_across_cycles__range__acc84167b9e8,,-0.12526110200000007,0.1,0.4356978840000001,0.05,phaseC_cycle02_no_retrain_across_cycles,2,sift,1000000.0,/mnt/nvme1n1/PipeANN-github/experiments/pq_drift_1m_aris_main_20260522,1.7080866829999999,250000.0,,,1.859993,2.8030019999999998,55.12,False,50,fastest_but_recall_below_98,0.05,-2.0524949120000002,1000000.0,1.0,0.001,1.7080866829999999,graph,prefilter_below_graph_above,3.760581595,250000.0,,,3.9446280000000002,3.987317,98.37,True,100,recall_pass_best,0.08883509266041065,piecewise_linear_avg_latency,0.25,10,range,crossing
,pq_drift_1m_aris_main_20260522__phaseC_cycle02_no_retrain_across_cycles__range__acc84167b9e8,,-0.12526110200000007,0.1,0.4356978840000001,0.05,phaseC_cycle02_no_retrain_across_cycles,2,sift,1000000.0,/mnt/nvme1n1/PipeANN-github/experiments/pq_drift_1m_aris_main_20260522,1.584646745,300000.0,,,1.8531739999999999,2.054333,59.41,False,50,fastest_but_recall_below_98,0.05,-2.7743316910000004,1000000.0,1.0,0.001,1.584646745,graph,prefilter_below_graph_above,4.358978436,300000.0,,,4.558567,4.624854,98.0,True,50,recall_pass_best,0.08883509266041065,piecewise_linear_avg_latency,0.3,10,range,crossing
,pq_drift_1m_aris_main_20260522__phaseC_cycle02_no_retrain_across_cycles__range__acc84167b9e8,,-0.12526110200000007,0.1,0.4356978840000001,0.05,phaseC_cycle02_no_retrain_across_cycles,2,sift,1000000.0,/mnt/nvme1n1/PipeANN-github/experiments/pq_drift_1m_aris_main_20260522,1.5842092540000001,500000.0,,,1.845633,2.037322,68.73,False,50,fastest_but_recall_below_98,0.05,-5.320822658,1000000.0,1.0,0.001,1.5842092540000001,graph,prefilter_below_graph_above,6.905031912,500000.0,,,7.143948,7.37883,98.52,True,250,recall_pass_best,0.08883509266041065,piecewise_linear_avg_latency,0.5,10,range,crossing
,pq_drift_1m_aris_main_20260522__phaseC_cycle02_no_retrain_across_cycles__range__acc84167b9e8,,-0.12526110200000007,0.1,0.4356978840000001,0.05,phaseC_cycle02_no_retrain_across_cycles,2,sift,1000000.0,/mnt/nvme1n1/PipeANN-github/experiments/pq_drift_1m_aris_main_20260522,8.244378115,750000.0,,,8.723147999999998,9.476437,98.06,True,400,recall_pass_best,0.05,-1.963888603000001,1000000.0,1.0,0.001,8.244378115,graph,prefilter_below_graph_above,10.208266718,750000.0,,,10.436123,10.523545,98.49,True,300,recall_pass_best,0.08883509266041065,piecewise_linear_avg_latency,0.75,10,range,crossing
,pq_drift_1m_aris_main_20260522__phaseC_cycle02_no_retrain_across_cycles__range__acc84167b9e8,,-0.12526110200000007,0.1,0.4356978840000001,0.05,phaseC_cycle02_no_retrain_across_cycles,2,sift,1000000.0,/mnt/nvme1n1/PipeANN-github/experiments/pq_drift_1m_aris_main_20260522,8.368605336,1000000.0,,,8.933584000000002,9.288107,98.55,True,400,recall_pass_best,0.05,-4.879896062,1000000.0,1.0,0.001,8.368605336,graph,prefilter_below_graph_above,13.248501398,1000000.0,,,13.535753000000001,13.714392,98.19,True,300,recall_pass_best,0.08883509266041065,piecewise_linear_avg_latency,1.0,10,range,crossing
,pq_drift_1m_aris_main_20260522__phaseC_cycle02_retrain_each_cycle__intersect__f625fcf4161b,,-0.1513093940000001,0.1,0.5529313650000001,0.05,phaseC_cycle02_retrain_each_cycle,2,sift,1000000.0,/mnt/nvme1n1/PipeANN-github/experiments/pq_drift_1m_aris_main_20260522,1.6354403380000002,1000.0,,,2.1229459999999998,2.384328,0.31,False,50,fastest_but_recall_below_98,0.05,1.5020310480000003,1000000.0,1.0,0.001,0.13340928999999999,prefilter,prefilter_below_graph_above,0.13340928999999999,1000.0,,,0.13945,0.148885,99.86,True,50,recall_pass_best,0.08925726805312613,piecewise_linear_avg_latency,0.001,10,intersect,crossing
,pq_drift_1m_aris_main_20260522__phaseC_cycle02_retrain_each_cycle__intersect__f625fcf4161b,,-0.1513093940000001,0.1,0.5529313650000001,0.05,phaseC_cycle02_retrain_each_cycle,2,sift,1000000.0,/mnt/nvme1n1/PipeANN-github/experiments/pq_drift_1m_aris_main_20260522,1.499772902,3000.0,,,1.713883,1.948549,1.69,False,50,fastest_but_recall_below_98,0.05,1.3283641769999999,1000000.0,1.0,0.001,0.171408725,prefilter,prefilter_below_graph_above,0.171408725,3000.0,,,0.179719,0.201651,99.67,True,75,recall_pass_best,0.08925726805312613,piecewise_linear_avg_latency,0.003,10,intersect,crossing
,pq_drift_1m_aris_main_20260522__phaseC_cycle02_retrain_each_cycle__intersect__f625fcf4161b,,-0.1513093940000001,0.1,0.5529313650000001,0.05,phaseC_cycle02_retrain_each_cycle,2,sift,1000000.0,/mnt/nvme1n1/PipeANN-github/experiments/pq_drift_1m_aris_main_20260522,1.455409901,10000.0,,,1.6568340000000001,1.8674760000000001,4.67,False,50,fastest_but_recall_below_98,0.05,1.1508101769999999,1000000.0,1.0,0.001,0.30459972399999996,prefilter,prefilter_below_graph_above,0.30459972399999996,10000.0,,,0.31642899999999996,0.349431,99.65,True,50,recall_pass_best,0.08925726805312613,piecewise_linear_avg_latency,0.01,10,intersect,crossing
,pq_drift_1m_aris_main_20260522__phaseC_cycle02_retrain_each_cycle__intersect__f625fcf4161b,,-0.1513093940000001,0.1,0.5529313650000001,0.05,phaseC_cycle02_retrain_each_cycle,2,sift,1000000.0,/mnt/nvme1n1/PipeANN-github/experiments/pq_drift_1m_aris_main_20260522,1.450626618,50000.0,,,1.652812,1.867315,21.41,False,50,fastest_but_recall_below_98,0.05,0.5529313650000001,1000000.0,1.0,0.001,0.897695253,prefilter,prefilter_below_graph_above,0.897695253,50000.0,,,0.969789,1.002094,99.28,True,50,recall_pass_best,0.08925726805312613,piecewise_linear_avg_latency,0.05,10,intersect,crossing
,pq_drift_1m_aris_main_20260522__phaseC_cycle02_retrain_each_cycle__intersect__f625fcf4161b,,-0.1513093940000001,0.1,0.5529313650000001,0.05,phaseC_cycle02_retrain_each_cycle,2,sift,1000000.0,/mnt/nvme1n1/PipeANN-github/experiments/pq_drift_1m_aris_main_20260522,1.451788345,100000.0,,,1.648257,1.8706420000000001,36.5,False,50,fastest_but_recall_below_98,0.05,-0.1513093940000001,1000000.0,1.0,0.001,1.451788345,graph,prefilter_below_graph_above,1.603097739,100000.0,,,1.788208,1.8116210000000001,98.64,True,150,recall_pass_best,0.08925726805312613,piecewise_linear_avg_latency,0.1,10,intersect,crossing
,pq_drift_1m_aris_main_20260522__phaseC_cycle02_retrain_each_cycle__intersect__f625fcf4161b,,-0.1513093940000001,0.1,0.5529313650000001,0.05,phaseC_cycle02_retrain_each_cycle,2,sift,1000000.0,/mnt/nvme1n1/PipeANN-github/experiments/pq_drift_1m_aris_main_20260522,1.4523904520000002,250000.0,,,1.649615,1.862986,57.36,False,50,fastest_but_recall_below_98,0.05,-2.1002255199999995,1000000.0,1.0,0.001,1.4523904520000002,graph,prefilter_below_graph_above,3.552615972,250000.0,,,3.730159,3.766488,98.06,True,200,recall_pass_best,0.08925726805312613,piecewise_linear_avg_latency,0.25,10,intersect,crossing
,pq_drift_1m_aris_main_20260522__phaseC_cycle02_retrain_each_cycle__intersect__f625fcf4161b,,-0.1513093940000001,0.1,0.5529313650000001,0.05,phaseC_cycle02_retrain_each_cycle,2,sift,1000000.0,/mnt/nvme1n1/PipeANN-github/experiments/pq_drift_1m_aris_main_20260522,1.4520859620000002,300000.0,,,1.652868,1.874139,61.86,False,50,fastest_but_recall_below_98,0.05,-2.775538888,1000000.0,1.0,0.001,1.4520859620000002,graph,prefilter_below_graph_above,4.22762485,300000.0,,,4.423208,4.472857,98.59,True,250,recall_pass_best,0.08925726805312613,piecewise_linear_avg_latency,0.3,10,intersect,crossing
,pq_drift_1m_aris_main_20260522__phaseC_cycle02_retrain_each_cycle__intersect__f625fcf4161b,,-0.1513093940000001,0.1,0.5529313650000001,0.05,phaseC_cycle02_retrain_each_cycle,2,sift,1000000.0,/mnt/nvme1n1/PipeANN-github/experiments/pq_drift_1m_aris_main_20260522,1.4485267940000002,500000.0,,,1.6634870000000002,1.8729310000000001,71.41,False,50,fastest_but_recall_below_98,0.05,-5.539271648,1000000.0,1.0,0.001,1.4485267940000002,graph,prefilter_below_graph_above,6.987798442,500000.0,,,7.165915,7.191917999999999,99.23,True,400,recall_pass_best,0.08925726805312613,piecewise_linear_avg_latency,0.5,10,intersect,crossing
,pq_drift_1m_aris_main_20260522__phaseC_cycle02_retrain_each_cycle__intersect__f625fcf4161b,,-0.1513093940000001,0.1,0.5529313650000001,0.05,phaseC_cycle02_retrain_each_cycle,2,sift,1000000.0,/mnt/nvme1n1/PipeANN-github/experiments/pq_drift_1m_aris_main_20260522,8.135153569,750000.0,,,8.365504000000001,8.635288000000001,98.67,True,400,recall_pass_best,0.05,-1.732186917,1000000.0,1.0,0.001,8.135153569,graph,prefilter_below_graph_above,9.867340486,750000.0,,,9.904872,10.104716,98.51,True,300,recall_pass_best,0.08925726805312613,piecewise_linear_avg_latency,0.75,10,intersect,crossing
,pq_drift_1m_aris_main_20260522__phaseC_cycle02_retrain_each_cycle__intersect__f625fcf4161b,,-0.1513093940000001,0.1,0.5529313650000001,0.05,phaseC_cycle02_retrain_each_cycle,2,sift,1000000.0,/mnt/nvme1n1/PipeANN-github/experiments/pq_drift_1m_aris_main_20260522,6.277185521000001,1000000.0,,,6.502854999999999,6.770654,98.23,True,300,recall_pass_best,0.05,-7.2639840389999994,1000000.0,1.0,0.001,6.277185521000001,graph,prefilter_below_graph_above,13.54116956,1000000.0,,,18.657187,19.07886,98.26,True,300,recall_pass_best,0.08925726805312613,piecewise_linear_avg_latency,1.0,10,intersect,crossing
,pq_drift_1m_aris_main_20260522__phaseC_cycle02_retrain_each_cycle__range__ad7556220a24,,-0.10067774600000012,0.1,0.6019249819999999,0.05,phaseC_cycle02_retrain_each_cycle,2,sift,1000000.0,/mnt/nvme1n1/PipeANN-github/experiments/pq_drift_1m_aris_main_20260522,1.673390458,1000.0,,,2.1362069999999997,2.41061,0.32,False,50,fastest_but_recall_below_98,0.05,1.538956463,1000000.0,1.0,0.001,0.134433995,prefilter,prefilter_below_graph_above,0.134433995,1000.0,,,0.141927,0.15028899999999998,99.86,True,50,recall_pass_best,0.09283537182622495,piecewise_linear_avg_latency,0.001,10,range,crossing
,pq_drift_1m_aris_main_20260522__phaseC_cycle02_retrain_each_cycle__range__ad7556220a24,,-0.10067774600000012,0.1,0.6019249819999999,0.05,phaseC_cycle02_retrain_each_cycle,2,sift,1000000.0,/mnt/nvme1n1/PipeANN-github/experiments/pq_drift_1m_aris_main_20260522,1.603536731,3000.0,,,2.1266950000000002,2.245409,1.7,False,50,fastest_but_recall_below_98,0.05,1.429359884,1000000.0,1.0,0.001,0.174176847,prefilter,prefilter_below_graph_above,0.174176847,3000.0,,,0.181649,0.198466,99.67,True,50,recall_pass_best,0.09283537182622495,piecewise_linear_avg_latency,0.003,10,range,crossing
,pq_drift_1m_aris_main_20260522__phaseC_cycle02_retrain_each_cycle__range__ad7556220a24,,-0.10067774600000012,0.1,0.6019249819999999,0.05,phaseC_cycle02_retrain_each_cycle,2,sift,1000000.0,/mnt/nvme1n1/PipeANN-github/experiments/pq_drift_1m_aris_main_20260522,1.482147087,10000.0,,,1.692067,1.9588409999999998,4.7,False,50,fastest_but_recall_below_98,0.05,1.167588452,1000000.0,1.0,0.001,0.314558635,prefilter,prefilter_below_graph_above,0.314558635,10000.0,,,0.330227,0.365577,99.65,True,50,recall_pass_best,0.09283537182622495,piecewise_linear_avg_latency,0.01,10,range,crossing
,pq_drift_1m_aris_main_20260522__phaseC_cycle02_retrain_each_cycle__range__ad7556220a24,,-0.10067774600000012,0.1,0.6019249819999999,0.05,phaseC_cycle02_retrain_each_cycle,2,sift,1000000.0,/mnt/nvme1n1/PipeANN-github/experiments/pq_drift_1m_aris_main_20260522,1.544072795,50000.0,,,1.751384,2.003581,21.4,False,50,fastest_but_recall_below_98,0.05,0.6019249819999999,1000000.0,1.0,0.001,0.9421478130000001,prefilter,prefilter_below_graph_above,0.9421478130000001,50000.0,,,1.037635,1.0622349999999998,99.28,True,75,recall_pass_best,0.09283537182622495,piecewise_linear_avg_latency,0.05,10,range,crossing
,pq_drift_1m_aris_main_20260522__phaseC_cycle02_retrain_each_cycle__range__ad7556220a24,,-0.10067774600000012,0.1,0.6019249819999999,0.05,phaseC_cycle02_retrain_each_cycle,2,sift,1000000.0,/mnt/nvme1n1/PipeANN-github/experiments/pq_drift_1m_aris_main_20260522,1.5154693179999998,100000.0,,,1.719774,1.941624,36.4,False,50,fastest_but_recall_below_98,0.05,-0.10067774600000012,1000000.0,1.0,0.001,1.5154693179999998,graph,prefilter_below_graph_above,1.616147064,100000.0,,,1.806617,1.829779,98.64,True,50,recall_pass_best,0.09283537182622495,piecewise_linear_avg_latency,0.1,10,range,crossing
,pq_drift_1m_aris_main_20260522__phaseC_cycle02_retrain_each_cycle__range__ad7556220a24,,-0.10067774600000012,0.1,0.6019249819999999,0.05,phaseC_cycle02_retrain_each_cycle,2,sift,1000000.0,/mnt/nvme1n1/PipeANN-github/experiments/pq_drift_1m_aris_main_20260522,1.611428197,250000.0,,,1.819561,2.064842,57.34,False,50,fastest_but_recall_below_98,0.05,-1.9650132949999999,1000000.0,1.0,0.001,1.611428197,graph,prefilter_below_graph_above,3.576441492,250000.0,,,3.7494699999999996,3.787668,98.06,True,200,recall_pass_best,0.09283537182622495,piecewise_linear_avg_latency,0.25,10,range,crossing
,pq_drift_1m_aris_main_20260522__phaseC_cycle02_retrain_each_cycle__range__ad7556220a24,,-0.10067774600000012,0.1,0.6019249819999999,0.05,phaseC_cycle02_retrain_each_cycle,2,sift,1000000.0,/mnt/nvme1n1/PipeANN-github/experiments/pq_drift_1m_aris_main_20260522,1.626306139,300000.0,,,1.841101,2.076205,61.87,False,50,fastest_but_recall_below_98,0.05,-2.6369426850000006,1000000.0,1.0,0.001,1.626306139,graph,prefilter_below_graph_above,4.263248824000001,300000.0,,,4.46492,4.504823999999999,98.59,True,250,recall_pass_best,0.09283537182622495,piecewise_linear_avg_latency,0.3,10,range,crossing
,pq_drift_1m_aris_main_20260522__phaseC_cycle02_retrain_each_cycle__range__ad7556220a24,,-0.10067774600000012,0.1,0.6019249819999999,0.05,phaseC_cycle02_retrain_each_cycle,2,sift,1000000.0,/mnt/nvme1n1/PipeANN-github/experiments/pq_drift_1m_aris_main_20260522,1.491590831,500000.0,,,1.6974259999999999,1.900954,71.39,False,50,fastest_but_recall_below_98,0.05,-5.266703125,1000000.0,1.0,0.001,1.491590831,graph,prefilter_below_graph_above,6.758293956,500000.0,,,6.955019,6.997942,98.17,True,250,recall_pass_best,0.09283537182622495,piecewise_linear_avg_latency,0.5,10,range,crossing
,pq_drift_1m_aris_main_20260522__phaseC_cycle02_retrain_each_cycle__range__ad7556220a24,,-0.10067774600000012,0.1,0.6019249819999999,0.05,phaseC_cycle02_retrain_each_cycle,2,sift,1000000.0,/mnt/nvme1n1/PipeANN-github/experiments/pq_drift_1m_aris_main_20260522,8.219344122,750000.0,,,8.471977,8.71235,98.67,True,400,recall_pass_best,0.05,-1.8971778920000002,1000000.0,1.0,0.001,8.219344122,graph,prefilter_below_graph_above,10.116522014000001,750000.0,,,10.277864,10.520881,99.06,True,400,recall_pass_best,0.09283537182622495,piecewise_linear_avg_latency,0.75,10,range,crossing
,pq_drift_1m_aris_main_20260522__phaseC_cycle02_retrain_each_cycle__range__ad7556220a24,,-0.10067774600000012,0.1,0.6019249819999999,0.05,phaseC_cycle02_retrain_each_cycle,2,sift,1000000.0,/mnt/nvme1n1/PipeANN-github/experiments/pq_drift_1m_aris_main_20260522,6.288811679,1000000.0,,,6.5120640000000005,6.71767,98.23,True,300,recall_pass_best,0.05,-6.898725941999999,1000000.0,1.0,0.001,6.288811679,graph,prefilter_below_graph_above,13.187537620999999,1000000.0,,,13.342372,13.44826,98.26,True,300,recall_pass_best,0.09283537182622495,piecewise_linear_avg_latency,1.0,10,range,crossing
,pq_drift_1m_aris_main_20260522__phaseC_cycle03_no_retrain_across_cycles__intersect__1614ce4568c8,,-0.23258898399999994,0.1,0.4053779009999998,0.05,phaseC_cycle03_no_retrain_across_cycles,3,sift,1000000.0,/mnt/nvme1n1/PipeANN-github/experiments/pq_drift_1m_aris_main_20260522,1.639708483,1000.0,,,2.0265150000000003,2.505208,0.33,False,50,fastest_but_recall_below_98,0.05,1.489851798,1000000.0,1.0,0.001,0.149856685,prefilter,prefilter_below_graph_above,0.149856685,1000.0,,,0.164542,0.206808,99.94,True,50,recall_pass_best,0.0817710770363888,piecewise_linear_avg_latency,0.001,10,intersect,crossing
,pq_drift_1m_aris_main_20260522__phaseC_cycle03_no_retrain_across_cycles__intersect__1614ce4568c8,,-0.23258898399999994,0.1,0.4053779009999998,0.05,phaseC_cycle03_no_retrain_across_cycles,3,sift,1000000.0,/mnt/nvme1n1/PipeANN-github/experiments/pq_drift_1m_aris_main_20260522,1.6184859630000001,3000.0,,,2.2128,2.61701,1.72,False,50,fastest_but_recall_below_98,0.05,1.417385048,1000000.0,1.0,0.001,0.201100915,prefilter,prefilter_below_graph_above,0.201100915,3000.0,,,0.21870900000000001,0.257216,99.72,True,50,recall_pass_best,0.0817710770363888,piecewise_linear_avg_latency,0.003,10,intersect,crossing
,pq_drift_1m_aris_main_20260522__phaseC_cycle03_no_retrain_across_cycles__intersect__1614ce4568c8,,-0.23258898399999994,0.1,0.4053779009999998,0.05,phaseC_cycle03_no_retrain_across_cycles,3,sift,1000000.0,/mnt/nvme1n1/PipeANN-github/experiments/pq_drift_1m_aris_main_20260522,1.5849812110000001,10000.0,,,1.938715,2.404551,5.43,False,50,fastest_but_recall_below_98,0.05,1.1074484990000002,1000000.0,1.0,0.001,0.477532712,prefilter,prefilter_below_graph_above,0.477532712,10000.0,,,0.703702,0.749425,99.6,True,100,recall_pass_best,0.0817710770363888,piecewise_linear_avg_latency,0.01,10,intersect,crossing
,pq_drift_1m_aris_main_20260522__phaseC_cycle03_no_retrain_across_cycles__intersect__1614ce4568c8,,-0.23258898399999994,0.1,0.4053779009999998,0.05,phaseC_cycle03_no_retrain_across_cycles,3,sift,1000000.0,/mnt/nvme1n1/PipeANN-github/experiments/pq_drift_1m_aris_main_20260522,1.530500701,50000.0,,,1.897439,2.180736,19.22,False,50,fastest_but_recall_below_98,0.05,0.4053779009999998,1000000.0,1.0,0.001,1.1251228000000002,prefilter,prefilter_below_graph_above,1.1251228000000002,50000.0,,,1.201796,1.229298,99.31,True,75,recall_pass_best,0.0817710770363888,piecewise_linear_avg_latency,0.05,10,intersect,crossing
,pq_drift_1m_aris_main_20260522__phaseC_cycle03_no_retrain_across_cycles__intersect__1614ce4568c8,,-0.23258898399999994,0.1,0.4053779009999998,0.05,phaseC_cycle03_no_retrain_across_cycles,3,sift,1000000.0,/mnt/nvme1n1/PipeANN-github/experiments/pq_drift_1m_aris_main_20260522,1.529477106,100000.0,,,1.880105,2.192317,32.85,False,50,fastest_but_recall_below_98,0.05,-0.23258898399999994,1000000.0,1.0,0.001,1.529477106,graph,prefilter_below_graph_above,1.76206609,100000.0,,,1.966352,1.994125,98.57,True,50,recall_pass_best,0.0817710770363888,piecewise_linear_avg_latency,0.1,10,intersect,crossing
,pq_drift_1m_aris_main_20260522__phaseC_cycle03_no_retrain_across_cycles__intersect__1614ce4568c8,,-0.23258898399999994,0.1,0.4053779009999998,0.05,phaseC_cycle03_no_retrain_across_cycles,3,sift,1000000.0,/mnt/nvme1n1/PipeANN-github/experiments/pq_drift_1m_aris_main_20260522,1.531950434,250000.0,,,1.9015909999999998,2.206576,54.23,False,50,fastest_but_recall_below_98,0.05,-2.389225937,1000000.0,1.0,0.001,1.531950434,graph,prefilter_below_graph_above,3.921176371,250000.0,,,4.095467999999999,4.37362,98.03,True,300,recall_pass_best,0.0817710770363888,piecewise_linear_avg_latency,0.25,10,intersect,crossing
,pq_drift_1m_aris_main_20260522__phaseC_cycle03_no_retrain_across_cycles__intersect__1614ce4568c8,,-0.23258898399999994,0.1,0.4053779009999998,0.05,phaseC_cycle03_no_retrain_across_cycles,3,sift,1000000.0,/mnt/nvme1n1/PipeANN-github/experiments/pq_drift_1m_aris_main_20260522,1.53501032,300000.0,,,1.903945,2.216879,58.52,False,50,fastest_but_recall_below_98,0.05,-3.3241095930000006,1000000.0,1.0,0.001,1.53501032,graph,prefilter_below_graph_above,4.859119913000001,300000.0,,,4.996677,5.055759,98.14,True,300,recall_pass_best,0.0817710770363888,piecewise_linear_avg_latency,0.3,10,intersect,crossing
,pq_drift_1m_aris_main_20260522__phaseC_cycle03_no_retrain_across_cycles__intersect__1614ce4568c8,,-0.23258898399999994,0.1,0.4053779009999998,0.05,phaseC_cycle03_no_retrain_across_cycles,3,sift,1000000.0,/mnt/nvme1n1/PipeANN-github/experiments/pq_drift_1m_aris_main_20260522,1.5319274219999999,500000.0,,,1.900213,2.1653939999999996,67.97,False,50,fastest_but_recall_below_98,0.05,-5.346723051,1000000.0,1.0,0.001,1.5319274219999999,graph,prefilter_below_graph_above,6.8786504729999995,500000.0,,,7.013116,7.115228,98.06,True,300,recall_pass_best,0.0817710770363888,piecewise_linear_avg_latency,0.5,10,intersect,crossing
,pq_drift_1m_aris_main_20260522__phaseC_cycle03_no_retrain_across_cycles__intersect__1614ce4568c8,,-0.23258898399999994,0.1,0.4053779009999998,0.05,phaseC_cycle03_no_retrain_across_cycles,3,sift,1000000.0,/mnt/nvme1n1/PipeANN-github/experiments/pq_drift_1m_aris_main_20260522,1.532032985,750000.0,,,1.896063,2.192384,73.36,False,50,fastest_but_recall_below_98,0.05,-8.910958514999999,1000000.0,1.0,0.001,1.532032985,graph,prefilter_below_graph_above,10.4429915,750000.0,,,14.007494000000001,14.238775,98.71,True,400,recall_pass_best,0.0817710770363888,piecewise_linear_avg_latency,0.75,10,intersect,crossing
,pq_drift_1m_aris_main_20260522__phaseC_cycle03_no_retrain_across_cycles__intersect__1614ce4568c8,,-0.23258898399999994,0.1,0.4053779009999998,0.05,phaseC_cycle03_no_retrain_across_cycles,3,sift,1000000.0,/mnt/nvme1n1/PipeANN-github/experiments/pq_drift_1m_aris_main_20260522,1.537493146,1000000.0,,,1.896865,2.237387,76.33,False,50,fastest_but_recall_below_98,0.05,-11.774436395999999,1000000.0,1.0,0.001,1.537493146,graph,prefilter_below_graph_above,13.311929542,1000000.0,,,13.458297,13.687245,98.56,True,400,recall_pass_best,0.0817710770363888,piecewise_linear_avg_latency,1.0,10,intersect,crossing
,pq_drift_1m_aris_main_20260522__phaseC_cycle03_no_retrain_across_cycles__range__33c0db603817,,-0.12044839600000001,0.1,0.388949577,0.05,phaseC_cycle03_no_retrain_across_cycles,3,sift,1000000.0,/mnt/nvme1n1/PipeANN-github/experiments/pq_drift_1m_aris_main_20260522,1.528985838,1000.0,,,1.893537,2.185858,0.33,False,50,fastest_but_recall_below_98,0.05,1.379830828,1000000.0,1.0,0.001,0.14915501,prefilter,prefilter_below_graph_above,0.14915501,1000.0,,,0.159361,0.202821,99.94,True,50,recall_pass_best,0.08817737776903169,piecewise_linear_avg_latency,0.001,10,range,crossing
,pq_drift_1m_aris_main_20260522__phaseC_cycle03_no_retrain_across_cycles__range__33c0db603817,,-0.12044839600000001,0.1,0.388949577,0.05,phaseC_cycle03_no_retrain_across_cycles,3,sift,1000000.0,/mnt/nvme1n1/PipeANN-github/experiments/pq_drift_1m_aris_main_20260522,1.53682663,3000.0,,,1.898191,2.217626,1.68,False,50,fastest_but_recall_below_98,0.05,1.2567964649999999,1000000.0,1.0,0.001,0.280030165,prefilter,prefilter_below_graph_above,0.280030165,3000.0,,,0.30167,0.367022,99.72,True,75,recall_pass_best,0.08817737776903169,piecewise_linear_avg_latency,0.003,10,range,crossing
,pq_drift_1m_aris_main_20260522__phaseC_cycle03_no_retrain_across_cycles__range__33c0db603817,,-0.12044839600000001,0.1,0.388949577,0.05,phaseC_cycle03_no_retrain_across_cycles,3,sift,1000000.0,/mnt/nvme1n1/PipeANN-github/experiments/pq_drift_1m_aris_main_20260522,1.5386243730000002,10000.0,,,1.899189,2.212313,5.45,False,50,fastest_but_recall_below_98,0.05,1.1120138240000002,1000000.0,1.0,0.001,0.426610549,prefilter,prefilter_below_graph_above,0.426610549,10000.0,,,0.459629,0.49372000000000005,99.6,True,50,recall_pass_best,0.08817737776903169,piecewise_linear_avg_latency,0.01,10,range,crossing
,pq_drift_1m_aris_main_20260522__phaseC_cycle03_no_retrain_across_cycles__range__33c0db603817,,-0.12044839600000001,0.1,0.388949577,0.05,phaseC_cycle03_no_retrain_across_cycles,3,sift,1000000.0,/mnt/nvme1n1/PipeANN-github/experiments/pq_drift_1m_aris_main_20260522,1.539791981,50000.0,,,1.913729,2.203919,19.22,False,50,fastest_but_recall_below_98,0.05,0.388949577,1000000.0,1.0,0.001,1.150842404,prefilter,prefilter_below_graph_above,1.150842404,50000.0,,,1.2146679999999999,1.2525,99.31,True,100,recall_pass_best,0.08817737776903169,piecewise_linear_avg_latency,0.05,10,range,crossing
,pq_drift_1m_aris_main_20260522__phaseC_cycle03_no_retrain_across_cycles__range__33c0db603817,,-0.12044839600000001,0.1,0.388949577,0.05,phaseC_cycle03_no_retrain_across_cycles,3,sift,1000000.0,/mnt/nvme1n1/PipeANN-github/experiments/pq_drift_1m_aris_main_20260522,1.679387557,100000.0,,,2.055545,2.4440399999999998,32.9,False,50,fastest_but_recall_below_98,0.05,-0.12044839600000001,1000000.0,1.0,0.001,1.679387557,graph,prefilter_below_graph_above,1.799835953,100000.0,,,2.0048019999999998,2.032034,98.57,True,75,recall_pass_best,0.08817737776903169,piecewise_linear_avg_latency,0.1,10,range,crossing
,pq_drift_1m_aris_main_20260522__phaseC_cycle03_no_retrain_across_cycles__range__33c0db603817,,-0.12044839600000001,0.1,0.388949577,0.05,phaseC_cycle03_no_retrain_across_cycles,3,sift,1000000.0,/mnt/nvme1n1/PipeANN-github/experiments/pq_drift_1m_aris_main_20260522,1.56413356,250000.0,,,1.919489,2.247665,54.26,False,50,fastest_but_recall_below_98,0.05,-2.3880252990000006,1000000.0,1.0,0.001,1.56413356,graph,prefilter_below_graph_above,3.9521588590000003,250000.0,,,4.125395,4.1595889999999995,98.03,True,300,recall_pass_best,0.08817737776903169,piecewise_linear_avg_latency,0.25,10,range,crossing
,pq_drift_1m_aris_main_20260522__phaseC_cycle03_no_retrain_across_cycles__range__33c0db603817,,-0.12044839600000001,0.1,0.388949577,0.05,phaseC_cycle03_no_retrain_across_cycles,3,sift,1000000.0,/mnt/nvme1n1/PipeANN-github/experiments/pq_drift_1m_aris_main_20260522,1.70171362,300000.0,,,2.0699549999999998,2.458296,58.47,False,50,fastest_but_recall_below_98,0.05,-3.047239551,1000000.0,1.0,0.001,1.70171362,graph,prefilter_below_graph_above,4.748953171,300000.0,,,6.137836,6.180446,98.14,True,300,recall_pass_best,0.08817737776903169,piecewise_linear_avg_latency,0.3,10,range,crossing
,pq_drift_1m_aris_main_20260522__phaseC_cycle03_no_retrain_across_cycles__range__33c0db603817,,-0.12044839600000001,0.1,0.388949577,0.05,phaseC_cycle03_no_retrain_across_cycles,3,sift,1000000.0,/mnt/nvme1n1/PipeANN-github/experiments/pq_drift_1m_aris_main_20260522,1.568870434,500000.0,,,1.928812,2.220505,67.93,False,50,fastest_but_recall_below_98,0.05,-5.334617517,1000000.0,1.0,0.001,1.568870434,graph,prefilter_below_graph_above,6.903487951,500000.0,,,6.930032,7.1588590000000005,98.06,True,300,recall_pass_best,0.08817737776903169,piecewise_linear_avg_latency,0.5,10,range,crossing
,pq_drift_1m_aris_main_20260522__phaseC_cycle03_no_retrain_across_cycles__range__33c0db603817,,-0.12044839600000001,0.1,0.388949577,0.05,phaseC_cycle03_no_retrain_across_cycles,3,sift,1000000.0,/mnt/nvme1n1/PipeANN-github/experiments/pq_drift_1m_aris_main_20260522,1.628669575,750000.0,,,2.021385,2.428328,73.4,False,50,fastest_but_recall_below_98,0.05,-8.526424018,1000000.0,1.0,0.001,1.628669575,graph,prefilter_below_graph_above,10.155093593,750000.0,,,10.288711,14.151779000000001,98.16,True,300,recall_pass_best,0.08817737776903169,piecewise_linear_avg_latency,0.75,10,range,crossing
,pq_drift_1m_aris_main_20260522__phaseC_cycle03_no_retrain_across_cycles__range__33c0db603817,,-0.12044839600000001,0.1,0.388949577,0.05,phaseC_cycle03_no_retrain_across_cycles,3,sift,1000000.0,/mnt/nvme1n1/PipeANN-github/experiments/pq_drift_1m_aris_main_20260522,1.580137111,1000000.0,,,1.9389459999999998,2.227473,76.28,False,50,fastest_but_recall_below_98,0.05,-12.101297206999998,1000000.0,1.0,0.001,1.580137111,graph,prefilter_below_graph_above,13.681434317999999,1000000.0,,,18.353411,18.615969,98.56,True,400,recall_pass_best,0.08817737776903169,piecewise_linear_avg_latency,1.0,10,range,crossing
,pq_drift_1m_aris_main_20260522__phaseC_cycle03_retrain_each_cycle__intersect__1abffb32d704,,-0.14528145799999992,0.1,0.5655817390000001,0.05,phaseC_cycle03_retrain_each_cycle,3,sift,1000000.0,/mnt/nvme1n1/PipeANN-github/experiments/pq_drift_1m_aris_main_20260522,1.50162463,1000.0,,,1.709239,1.915796,0.52,False,50,fastest_but_recall_below_98,0.05,1.368978186,1000000.0,1.0,0.001,0.132646444,prefilter,prefilter_below_graph_above,0.132646444,1000.0,,,0.137839,0.149417,99.96,True,50,recall_pass_best,0.08978133495916515,piecewise_linear_avg_latency,0.001,10,intersect,crossing
,pq_drift_1m_aris_main_20260522__phaseC_cycle03_retrain_each_cycle__intersect__1abffb32d704,,-0.14528145799999992,0.1,0.5655817390000001,0.05,phaseC_cycle03_retrain_each_cycle,3,sift,1000000.0,/mnt/nvme1n1/PipeANN-github/experiments/pq_drift_1m_aris_main_20260522,1.461963936,3000.0,,,1.655545,1.857522,1.86,False,50,fastest_but_recall_below_98,0.05,1.291213493,1000000.0,1.0,0.001,0.170750443,prefilter,prefilter_below_graph_above,0.170750443,3000.0,,,0.180001,0.20169,99.46,True,50,recall_pass_best,0.08978133495916515,piecewise_linear_avg_latency,0.003,10,intersect,crossing
,pq_drift_1m_aris_main_20260522__phaseC_cycle03_retrain_each_cycle__intersect__1abffb32d704,,-0.14528145799999992,0.1,0.5655817390000001,0.05,phaseC_cycle03_retrain_each_cycle,3,sift,1000000.0,/mnt/nvme1n1/PipeANN-github/experiments/pq_drift_1m_aris_main_20260522,1.4639003210000001,10000.0,,,1.652475,1.8351389999999999,4.97,False,50,fastest_but_recall_below_98,0.05,1.1603023650000002,1000000.0,1.0,0.001,0.303597956,prefilter,prefilter_below_graph_above,0.303597956,10000.0,,,0.316664,0.351417,99.53,True,50,recall_pass_best,0.08978133495916515,piecewise_linear_avg_latency,0.01,10,intersect,crossing
,pq_drift_1m_aris_main_20260522__phaseC_cycle03_retrain_each_cycle__intersect__1abffb32d704,,-0.14528145799999992,0.1,0.5655817390000001,0.05,phaseC_cycle03_retrain_each_cycle,3,sift,1000000.0,/mnt/nvme1n1/PipeANN-github/experiments/pq_drift_1m_aris_main_20260522,1.463755587,50000.0,,,1.6624100000000002,1.8977249999999999,18.75,False,50,fastest_but_recall_below_98,0.05,0.5655817390000001,1000000.0,1.0,0.001,0.898173848,prefilter,prefilter_below_graph_above,0.898173848,50000.0,,,0.970514,1.006144,99.15,True,50,recall_pass_best,0.08978133495916515,piecewise_linear_avg_latency,0.05,10,intersect,crossing
,pq_drift_1m_aris_main_20260522__phaseC_cycle03_retrain_each_cycle__intersect__1abffb32d704,,-0.14528145799999992,0.1,0.5655817390000001,0.05,phaseC_cycle03_retrain_each_cycle,3,sift,1000000.0,/mnt/nvme1n1/PipeANN-github/experiments/pq_drift_1m_aris_main_20260522,1.463939585,100000.0,,,1.658763,1.8939469999999998,33.27,False,50,fastest_but_recall_below_98,0.05,-0.14528145799999992,1000000.0,1.0,0.001,1.463939585,graph,prefilter_below_graph_above,1.609221043,100000.0,,,1.792604,1.815987,98.74,True,50,recall_pass_best,0.08978133495916515,piecewise_linear_avg_latency,0.1,10,intersect,crossing
,pq_drift_1m_aris_main_20260522__phaseC_cycle03_retrain_each_cycle__intersect__1abffb32d704,,-0.14528145799999992,0.1,0.5655817390000001,0.05,phaseC_cycle03_retrain_each_cycle,3,sift,1000000.0,/mnt/nvme1n1/PipeANN-github/experiments/pq_drift_1m_aris_main_20260522,1.484200192,250000.0,,,1.668273,1.955505,56.12,False,50,fastest_but_recall_below_98,0.05,-2.4656029759999996,1000000.0,1.0,0.001,1.484200192,graph,prefilter_below_graph_above,3.949803168,250000.0,,,4.111267,5.613181,98.22,True,400,recall_pass_best,0.08978133495916515,piecewise_linear_avg_latency,0.25,10,intersect,crossing
,pq_drift_1m_aris_main_20260522__phaseC_cycle03_retrain_each_cycle__intersect__1abffb32d704,,-0.14528145799999992,0.1,0.5655817390000001,0.05,phaseC_cycle03_retrain_each_cycle,3,sift,1000000.0,/mnt/nvme1n1/PipeANN-github/experiments/pq_drift_1m_aris_main_20260522,1.463009085,300000.0,,,1.655254,1.9011900000000002,60.91,False,50,fastest_but_recall_below_98,0.05,-3.020209615,1000000.0,1.0,0.001,1.463009085,graph,prefilter_below_graph_above,4.4832187,300000.0,,,4.664866,4.743635,98.21,True,400,recall_pass_best,0.08978133495916515,piecewise_linear_avg_latency,0.3,10,intersect,crossing
,pq_drift_1m_aris_main_20260522__phaseC_cycle03_retrain_each_cycle__intersect__1abffb32d704,,-0.14528145799999992,0.1,0.5655817390000001,0.05,phaseC_cycle03_retrain_each_cycle,3,sift,1000000.0,/mnt/nvme1n1/PipeANN-github/experiments/pq_drift_1m_aris_main_20260522,1.581427565,500000.0,,,1.773896,2.029214,70.07,False,50,fastest_but_recall_below_98,0.05,-5.401746911999999,1000000.0,1.0,0.001,1.581427565,graph,prefilter_below_graph_above,6.9831744769999995,500000.0,,,7.158953,7.206013,98.35,True,400,recall_pass_best,0.08978133495916515,piecewise_linear_avg_latency,0.5,10,intersect,crossing
,pq_drift_1m_aris_main_20260522__phaseC_cycle03_retrain_each_cycle__intersect__1abffb32d704,,-0.14528145799999992,0.1,0.5655817390000001,0.05,phaseC_cycle03_retrain_each_cycle,3,sift,1000000.0,/mnt/nvme1n1/PipeANN-github/experiments/pq_drift_1m_aris_main_20260522,1.466769436,750000.0,,,1.6643430000000001,1.9082260000000002,76.74,False,50,fastest_but_recall_below_98,0.05,-8.863631354,1000000.0,1.0,0.001,1.466769436,graph,prefilter_below_graph_above,10.33040079,750000.0,,,11.318906,14.959363,98.13,True,400,recall_pass_best,0.08978133495916515,piecewise_linear_avg_latency,0.75,10,intersect,crossing
,pq_drift_1m_aris_main_20260522__phaseC_cycle03_retrain_each_cycle__intersect__1abffb32d704,,-0.14528145799999992,0.1,0.5655817390000001,0.05,phaseC_cycle03_retrain_each_cycle,3,sift,1000000.0,/mnt/nvme1n1/PipeANN-github/experiments/pq_drift_1m_aris_main_20260522,8.293523214999999,1000000.0,,,9.972903,11.512773,98.03,True,400,recall_pass_best,0.05,-5.2098946810000015,1000000.0,1.0,0.001,8.293523214999999,graph,prefilter_below_graph_above,13.503417896,1000000.0,,,14.72073,15.722076,98.09,True,400,recall_pass_best,0.08978133495916515,piecewise_linear_avg_latency,1.0,10,intersect,crossing
,pq_drift_1m_aris_main_20260522__phaseC_cycle03_retrain_each_cycle__range__5a4896abce16,,-3.1904317539999996,0.25,0.012862114999999896,0.1,phaseC_cycle03_retrain_each_cycle,3,sift,1000000.0,/mnt/nvme1n1/PipeANN-github/experiments/pq_drift_1m_aris_main_20260522,1.457216629,1000.0,,,1.6567550000000002,1.86845,0.52,False,50,fastest_but_recall_below_98,0.15,1.323895946,1000000.0,1.0,0.001,0.133320683,prefilter,prefilter_below_graph_above,0.133320683,1000.0,,,0.139523,0.160614,99.96,True,75,recall_pass_best,0.1006022916812819,piecewise_linear_avg_latency,0.001,10,range,crossing
,pq_drift_1m_aris_main_20260522__phaseC_cycle03_retrain_each_cycle__range__5a4896abce16,,-3.1904317539999996,0.25,0.012862114999999896,0.1,phaseC_cycle03_retrain_each_cycle,3,sift,1000000.0,/mnt/nvme1n1/PipeANN-github/experiments/pq_drift_1m_aris_main_20260522,1.542172166,3000.0,,,1.7368610000000002,2.0885659999999997,1.87,False,50,fastest_but_recall_below_98,0.15,1.3103406850000001,1000000.0,1.0,0.001,0.231831481,prefilter,prefilter_below_graph_above,0.231831481,3000.0,,,0.23952600000000002,0.26519600000000004,99.46,True,75,recall_pass_best,0.1006022916812819,piecewise_linear_avg_latency,0.003,10,range,crossing
,pq_drift_1m_aris_main_20260522__phaseC_cycle03_retrain_each_cycle__range__5a4896abce16,,-3.1904317539999996,0.25,0.012862114999999896,0.1,phaseC_cycle03_retrain_each_cycle,3,sift,1000000.0,/mnt/nvme1n1/PipeANN-github/experiments/pq_drift_1m_aris_main_20260522,1.652711659,10000.0,,,2.138214,2.4388870000000002,4.95,False,50,fastest_but_recall_below_98,0.15,1.336028246,1000000.0,1.0,0.001,0.31668341299999997,prefilter,prefilter_below_graph_above,0.31668341299999997,10000.0,,,0.331845,0.364202,99.53,True,75,recall_pass_best,0.1006022916812819,piecewise_linear_avg_latency,0.01,10,range,crossing
,pq_drift_1m_aris_main_20260522__phaseC_cycle03_retrain_each_cycle__range__5a4896abce16,,-3.1904317539999996,0.25,0.012862114999999896,0.1,phaseC_cycle03_retrain_each_cycle,3,sift,1000000.0,/mnt/nvme1n1/PipeANN-github/experiments/pq_drift_1m_aris_main_20260522,1.487819148,50000.0,,,1.679472,2.017021,18.77,False,50,fastest_but_recall_below_98,0.15,0.573159901,1000000.0,1.0,0.001,0.914659247,prefilter,prefilter_below_graph_above,0.914659247,50000.0,,,0.987392,1.027682,99.15,True,150,recall_pass_best,0.1006022916812819,piecewise_linear_avg_latency,0.05,10,range,crossing
,pq_drift_1m_aris_main_20260522__phaseC_cycle03_retrain_each_cycle__range__5a4896abce16,,-3.1904317539999996,0.25,0.012862114999999896,0.1,phaseC_cycle03_retrain_each_cycle,3,sift,1000000.0,/mnt/nvme1n1/PipeANN-github/experiments/pq_drift_1m_aris_main_20260522,1.642603928,100000.0,,,2.14563,2.347395,33.15,False,50,fastest_but_recall_below_98,0.15,0.012862114999999896,1000000.0,1.0,0.001,1.629741813,prefilter,prefilter_below_graph_above,1.629741813,100000.0,,,1.812813,1.841337,98.74,True,100,recall_pass_best,0.1006022916812819,piecewise_linear_avg_latency,0.1,10,range,crossing
,pq_drift_1m_aris_main_20260522__phaseC_cycle03_retrain_each_cycle__range__5a4896abce16,,-3.1904317539999996,0.25,0.012862114999999896,0.1,phaseC_cycle03_retrain_each_cycle,3,sift,1000000.0,/mnt/nvme1n1/PipeANN-github/experiments/pq_drift_1m_aris_main_20260522,1.528528423,250000.0,,,1.715787,2.009334,56.16,False,50,fastest_but_recall_below_98,0.15,-3.1904317539999996,1000000.0,1.0,0.001,1.528528423,graph,prefilter_below_graph_above,4.718960177,250000.0,,,5.653317,5.752257999999999,98.22,True,400,recall_pass_best,0.1006022916812819,piecewise_linear_avg_latency,0.25,10,range,crossing
,pq_drift_1m_aris_main_20260522__phaseC_cycle03_retrain_each_cycle__range__5a4896abce16,,-3.1904317539999996,0.25,0.012862114999999896,0.1,phaseC_cycle03_retrain_each_cycle,3,sift,1000000.0,/mnt/nvme1n1/PipeANN-github/experiments/pq_drift_1m_aris_main_20260522,1.493381673,300000.0,,,1.684442,1.92497,60.9,False,50,fastest_but_recall_below_98,0.15,-3.065081913,1000000.0,1.0,0.001,1.493381673,graph,prefilter_below_graph_above,4.558463586,300000.0,,,4.757191,4.824057,98.21,True,400,recall_pass_best,0.1006022916812819,piecewise_linear_avg_latency,0.3,10,range,crossing
,pq_drift_1m_aris_main_20260522__phaseC_cycle03_retrain_each_cycle__range__5a4896abce16,,-3.1904317539999996,0.25,0.012862114999999896,0.1,phaseC_cycle03_retrain_each_cycle,3,sift,1000000.0,/mnt/nvme1n1/PipeANN-github/experiments/pq_drift_1m_aris_main_20260522,1.503041536,500000.0,,,1.696793,1.948577,70.06,False,50,fastest_but_recall_below_98,0.15,-5.5108033160000005,1000000.0,1.0,0.001,1.503041536,graph,prefilter_below_graph_above,7.013844852,500000.0,,,7.193313,7.215449,98.35,True,400,recall_pass_best,0.1006022916812819,piecewise_linear_avg_latency,0.5,10,range,crossing
,pq_drift_1m_aris_main_20260522__phaseC_cycle03_retrain_each_cycle__range__5a4896abce16,,-3.1904317539999996,0.25,0.012862114999999896,0.1,phaseC_cycle03_retrain_each_cycle,3,sift,1000000.0,/mnt/nvme1n1/PipeANN-github/experiments/pq_drift_1m_aris_main_20260522,1.50985346,750000.0,,,1.7034079999999998,1.954749,76.77,False,50,fastest_but_recall_below_98,0.15,-8.578157457,1000000.0,1.0,0.001,1.50985346,graph,prefilter_below_graph_above,10.088010917,750000.0,,,10.160383,10.433466000000001,98.13,True,400,recall_pass_best,0.1006022916812819,piecewise_linear_avg_latency,0.75,10,range,crossing
,pq_drift_1m_aris_main_20260522__phaseC_cycle03_retrain_each_cycle__range__5a4896abce16,,-3.1904317539999996,0.25,0.012862114999999896,0.1,phaseC_cycle03_retrain_each_cycle,3,sift,1000000.0,/mnt/nvme1n1/PipeANN-github/experiments/pq_drift_1m_aris_main_20260522,8.275546389999999,1000000.0,,,8.612315,9.025984000000001,98.03,True,400,recall_pass_best,0.15,-6.137380038000002,1000000.0,1.0,0.001,8.275546389999999,graph,prefilter_below_graph_above,14.412926428,1000000.0,,,19.250702,19.347514999999998,98.09,True,400,recall_pass_best,0.1006022916812819,piecewise_linear_avg_latency,1.0,10,range,crossing
,pq_drift_1m_aris_main_20260522__phaseC_cycle04_no_retrain_across_cycles__intersect__df5da078f16c,,-0.153959996,0.1,0.415959993,0.05,phaseC_cycle04_no_retrain_across_cycles,4,sift,1000000.0,/mnt/nvme1n1/PipeANN-github/experiments/pq_drift_1m_aris_main_20260522,1.584961791,1000.0,,,1.937933,2.153861,0.45,False,50,fastest_but_recall_below_98,0.05,1.4358963820000001,1000000.0,1.0,0.001,0.14906540899999998,prefilter,prefilter_below_graph_above,0.14906540899999998,1000.0,,,0.159115,0.19231800000000002,100.0,True,50,recall_pass_best,0.08649284119073072,piecewise_linear_avg_latency,0.001,10,intersect,crossing
,pq_drift_1m_aris_main_20260522__phaseC_cycle04_no_retrain_across_cycles__intersect__df5da078f16c,,-0.153959996,0.1,0.415959993,0.05,phaseC_cycle04_no_retrain_across_cycles,4,sift,1000000.0,/mnt/nvme1n1/PipeANN-github/experiments/pq_drift_1m_aris_main_20260522,1.655884665,3000.0,,,2.222424,2.623262,1.46,False,50,fastest_but_recall_below_98,0.05,1.45393232,1000000.0,1.0,0.001,0.201952345,prefilter,prefilter_below_graph_above,0.201952345,3000.0,,,0.220507,0.25817,99.72,True,50,recall_pass_best,0.08649284119073072,piecewise_linear_avg_latency,0.003,10,intersect,crossing
,pq_drift_1m_aris_main_20260522__phaseC_cycle04_no_retrain_across_cycles__intersect__df5da078f16c,,-0.153959996,0.1,0.415959993,0.05,phaseC_cycle04_no_retrain_across_cycles,4,sift,1000000.0,/mnt/nvme1n1/PipeANN-github/experiments/pq_drift_1m_aris_main_20260522,1.549591556,10000.0,,,1.926529,2.116192,3.99,False,50,fastest_but_recall_below_98,0.05,1.134863734,1000000.0,1.0,0.001,0.414727822,prefilter,prefilter_below_graph_above,0.414727822,10000.0,,,0.449204,0.500761,99.55,True,50,recall_pass_best,0.08649284119073072,piecewise_linear_avg_latency,0.01,10,intersect,crossing
,pq_drift_1m_aris_main_20260522__phaseC_cycle04_no_retrain_across_cycles__intersect__df5da078f16c,,-0.153959996,0.1,0.415959993,0.05,phaseC_cycle04_no_retrain_across_cycles,4,sift,1000000.0,/mnt/nvme1n1/PipeANN-github/experiments/pq_drift_1m_aris_main_20260522,1.551030933,50000.0,,,1.9228779999999999,2.12453,17.93,False,50,fastest_but_recall_below_98,0.05,0.415959993,1000000.0,1.0,0.001,1.13507094,prefilter,prefilter_below_graph_above,1.13507094,50000.0,,,1.207548,1.235713,99.0,True,50,recall_pass_best,0.08649284119073072,piecewise_linear_avg_latency,0.05,10,intersect,crossing
,pq_drift_1m_aris_main_20260522__phaseC_cycle04_no_retrain_across_cycles__intersect__df5da078f16c,,-0.153959996,0.1,0.415959993,0.05,phaseC_cycle04_no_retrain_across_cycles,4,sift,1000000.0,/mnt/nvme1n1/PipeANN-github/experiments/pq_drift_1m_aris_main_20260522,1.6195533370000001,100000.0,,,1.966471,2.279238,31.24,False,50,fastest_but_recall_below_98,0.05,-0.153959996,1000000.0,1.0,0.001,1.6195533370000001,graph,prefilter_below_graph_above,1.7735133330000001,100000.0,,,1.972619,2.008637,98.89,True,75,recall_pass_best,0.08649284119073072,piecewise_linear_avg_latency,0.1,10,intersect,crossing
,pq_drift_1m_aris_main_20260522__phaseC_cycle04_no_retrain_across_cycles__intersect__df5da078f16c,,-0.153959996,0.1,0.415959993,0.05,phaseC_cycle04_no_retrain_across_cycles,4,sift,1000000.0,/mnt/nvme1n1/PipeANN-github/experiments/pq_drift_1m_aris_main_20260522,1.555493621,250000.0,,,1.93282,2.216261,53.16,False,50,fastest_but_recall_below_98,0.05,-2.423287198,1000000.0,1.0,0.001,1.555493621,graph,prefilter_below_graph_above,3.9787808190000002,250000.0,,,5.607220999999999,5.830521,98.12,True,250,recall_pass_best,0.08649284119073072,piecewise_linear_avg_latency,0.25,10,intersect,crossing
,pq_drift_1m_aris_main_20260522__phaseC_cycle04_no_retrain_across_cycles__intersect__df5da078f16c,,-0.153959996,0.1,0.415959993,0.05,phaseC_cycle04_no_retrain_across_cycles,4,sift,1000000.0,/mnt/nvme1n1/PipeANN-github/experiments/pq_drift_1m_aris_main_20260522,1.588593294,300000.0,,,1.93092,2.1906790000000003,56.75,False,50,fastest_but_recall_below_98,0.05,-3.023529569,1000000.0,1.0,0.001,1.588593294,graph,prefilter_below_graph_above,4.612122863,300000.0,,,5.974152,6.228721999999999,98.25,True,250,recall_pass_best,0.08649284119073072,piecewise_linear_avg_latency,0.3,10,intersect,crossing
,pq_drift_1m_aris_main_20260522__phaseC_cycle04_no_retrain_across_cycles__intersect__df5da078f16c,,-0.153959996,0.1,0.415959993,0.05,phaseC_cycle04_no_retrain_across_cycles,4,sift,1000000.0,/mnt/nvme1n1/PipeANN-github/experiments/pq_drift_1m_aris_main_20260522,1.6350900910000001,500000.0,,,1.961209,2.271884,66.04,False,50,fastest_but_recall_below_98,0.05,-5.2600162699999995,1000000.0,1.0,0.001,1.6350900910000001,graph,prefilter_below_graph_above,6.895106361,500000.0,,,6.9340969999999995,7.196724000000001,98.58,True,300,recall_pass_best,0.08649284119073072,piecewise_linear_avg_latency,0.5,10,intersect,crossing
,pq_drift_1m_aris_main_20260522__phaseC_cycle04_no_retrain_across_cycles__intersect__df5da078f16c,,-0.153959996,0.1,0.415959993,0.05,phaseC_cycle04_no_retrain_across_cycles,4,sift,1000000.0,/mnt/nvme1n1/PipeANN-github/experiments/pq_drift_1m_aris_main_20260522,1.566271362,750000.0,,,1.924204,2.186171,71.6,False,50,fastest_but_recall_below_98,0.05,-8.383156964,1000000.0,1.0,0.001,1.566271362,graph,prefilter_below_graph_above,9.949428326,750000.0,,,9.972185,10.334311,98.27,True,300,recall_pass_best,0.08649284119073072,piecewise_linear_avg_latency,0.75,10,intersect,crossing
,pq_drift_1m_aris_main_20260522__phaseC_cycle04_no_retrain_across_cycles__intersect__df5da078f16c,,-0.153959996,0.1,0.415959993,0.05,phaseC_cycle04_no_retrain_across_cycles,4,sift,1000000.0,/mnt/nvme1n1/PipeANN-github/experiments/pq_drift_1m_aris_main_20260522,8.3276331,1000000.0,,,8.693824000000001,8.973741,98.15,True,400,recall_pass_best,0.05,-4.800163777000002,1000000.0,1.0,0.001,8.3276331,graph,prefilter_below_graph_above,13.127796877000002,1000000.0,,,13.278488,13.529842,98.08,True,300,recall_pass_best,0.08649284119073072,piecewise_linear_avg_latency,1.0,10,intersect,crossing
,pq_drift_1m_aris_main_20260522__phaseC_cycle04_no_retrain_across_cycles__range__c8873539ff79,,-0.21311918500000004,0.1,0.5414190479999998,0.05,phaseC_cycle04_no_retrain_across_cycles,4,sift,1000000.0,/mnt/nvme1n1/PipeANN-github/experiments/pq_drift_1m_aris_main_20260522,1.552246496,1000.0,,,1.934239,2.127966,0.46,False,50,fastest_but_recall_below_98,0.05,1.403087473,1000000.0,1.0,0.001,0.149159023,prefilter,prefilter_below_graph_above,0.149159023,1000.0,,,0.15881,0.188225,100.0,True,50,recall_pass_best,0.08587750920502393,piecewise_linear_avg_latency,0.001,10,range,crossing
,pq_drift_1m_aris_main_20260522__phaseC_cycle04_no_retrain_across_cycles__range__c8873539ff79,,-0.21311918500000004,0.1,0.5414190479999998,0.05,phaseC_cycle04_no_retrain_across_cycles,4,sift,1000000.0,/mnt/nvme1n1/PipeANN-github/experiments/pq_drift_1m_aris_main_20260522,1.560767431,3000.0,,,1.949137,2.167875,1.46,False,50,fastest_but_recall_below_98,0.05,1.352310929,1000000.0,1.0,0.001,0.208456502,prefilter,prefilter_below_graph_above,0.208456502,3000.0,,,0.227534,0.264899,99.72,True,50,recall_pass_best,0.08587750920502393,piecewise_linear_avg_latency,0.003,10,range,crossing
,pq_drift_1m_aris_main_20260522__phaseC_cycle04_no_retrain_across_cycles__range__c8873539ff79,,-0.21311918500000004,0.1,0.5414190479999998,0.05,phaseC_cycle04_no_retrain_across_cycles,4,sift,1000000.0,/mnt/nvme1n1/PipeANN-github/experiments/pq_drift_1m_aris_main_20260522,1.560163761,10000.0,,,1.931172,2.159312,4.01,False,50,fastest_but_recall_below_98,0.05,1.132474389,1000000.0,1.0,0.001,0.427689372,prefilter,prefilter_below_graph_above,0.427689372,10000.0,,,0.469161,0.5136710000000001,99.55,True,50,recall_pass_best,0.08587750920502393,piecewise_linear_avg_latency,0.01,10,range,crossing
,pq_drift_1m_aris_main_20260522__phaseC_cycle04_no_retrain_across_cycles__range__c8873539ff79,,-0.21311918500000004,0.1,0.5414190479999998,0.05,phaseC_cycle04_no_retrain_across_cycles,4,sift,1000000.0,/mnt/nvme1n1/PipeANN-github/experiments/pq_drift_1m_aris_main_20260522,1.691240701,50000.0,,,2.0945650000000002,2.3068850000000003,17.94,False,50,fastest_but_recall_below_98,0.05,0.5414190479999998,1000000.0,1.0,0.001,1.149821653,prefilter,prefilter_below_graph_above,1.149821653,50000.0,,,1.219973,1.2499559999999998,99.0,True,50,recall_pass_best,0.08587750920502393,piecewise_linear_avg_latency,0.05,10,range,crossing
,pq_drift_1m_aris_main_20260522__phaseC_cycle04_no_retrain_across_cycles__range__c8873539ff79,,-0.21311918500000004,0.1,0.5414190479999998,0.05,phaseC_cycle04_no_retrain_across_cycles,4,sift,1000000.0,/mnt/nvme1n1/PipeANN-github/experiments/pq_drift_1m_aris_main_20260522,1.5745737229999999,100000.0,,,1.9488219999999998,2.123569,31.23,False,50,fastest_but_recall_below_98,0.05,-0.21311918500000004,1000000.0,1.0,0.001,1.5745737229999999,graph,prefilter_below_graph_above,1.787692908,100000.0,,,1.991039,2.0257870000000002,98.89,True,75,recall_pass_best,0.08587750920502393,piecewise_linear_avg_latency,0.1,10,range,crossing
,pq_drift_1m_aris_main_20260522__phaseC_cycle04_no_retrain_across_cycles__range__c8873539ff79,,-0.21311918500000004,0.1,0.5414190479999998,0.05,phaseC_cycle04_no_retrain_across_cycles,4,sift,1000000.0,/mnt/nvme1n1/PipeANN-github/experiments/pq_drift_1m_aris_main_20260522,1.578630286,250000.0,,,1.960693,2.154534,53.15,False,50,fastest_but_recall_below_98,0.05,-2.289666862,1000000.0,1.0,0.001,1.578630286,graph,prefilter_below_graph_above,3.868297148,250000.0,,,4.057101,4.130872999999999,98.12,True,250,recall_pass_best,0.08587750920502393,piecewise_linear_avg_latency,0.25,10,range,crossing
,pq_drift_1m_aris_main_20260522__phaseC_cycle04_no_retrain_across_cycles__range__c8873539ff79,,-0.21311918500000004,0.1,0.5414190479999998,0.05,phaseC_cycle04_no_retrain_across_cycles,4,sift,1000000.0,/mnt/nvme1n1/PipeANN-github/experiments/pq_drift_1m_aris_main_20260522,1.585286678,300000.0,,,1.967227,2.1458380000000004,56.74,False,50,fastest_but_recall_below_98,0.05,-2.8856739080000002,1000000.0,1.0,0.001,1.585286678,graph,prefilter_below_graph_above,4.470960586,300000.0,,,4.663368,4.7172529999999995,98.25,True,250,recall_pass_best,0.08587750920502393,piecewise_linear_avg_latency,0.3,10,range,crossing
,pq_drift_1m_aris_main_20260522__phaseC_cycle04_no_retrain_across_cycles__range__c8873539ff79,,-0.21311918500000004,0.1,0.5414190479999998,0.05,phaseC_cycle04_no_retrain_across_cycles,4,sift,1000000.0,/mnt/nvme1n1/PipeANN-github/experiments/pq_drift_1m_aris_main_20260522,1.604210088,500000.0,,,1.96388,2.2709520000000003,66.06,False,50,fastest_but_recall_below_98,0.05,-5.325679275999999,1000000.0,1.0,0.001,1.604210088,graph,prefilter_below_graph_above,6.929889363999999,500000.0,,,6.958156,7.206842,98.58,True,300,recall_pass_best,0.08587750920502393,piecewise_linear_avg_latency,0.5,10,range,crossing
,pq_drift_1m_aris_main_20260522__phaseC_cycle04_no_retrain_across_cycles__range__c8873539ff79,,-0.21311918500000004,0.1,0.5414190479999998,0.05,phaseC_cycle04_no_retrain_across_cycles,4,sift,1000000.0,/mnt/nvme1n1/PipeANN-github/experiments/pq_drift_1m_aris_main_20260522,1.596835069,750000.0,,,1.978938,2.143208,71.6,False,50,fastest_but_recall_below_98,0.05,-8.488052694,1000000.0,1.0,0.001,1.596835069,graph,prefilter_below_graph_above,10.084887763000001,750000.0,,,10.269571,14.074333000000001,98.27,True,300,recall_pass_best,0.08587750920502393,piecewise_linear_avg_latency,0.75,10,range,crossing
,pq_drift_1m_aris_main_20260522__phaseC_cycle04_no_retrain_across_cycles__range__c8873539ff79,,-0.21311918500000004,0.1,0.5414190479999998,0.05,phaseC_cycle04_no_retrain_across_cycles,4,sift,1000000.0,/mnt/nvme1n1/PipeANN-github/experiments/pq_drift_1m_aris_main_20260522,8.350100671,1000000.0,,,8.753224,9.123486000000002,98.15,True,400,recall_pass_best,0.05,-5.294135583999999,1000000.0,1.0,0.001,8.350100671,graph,prefilter_below_graph_above,13.644236255,1000000.0,,,13.794338,14.085030000000001,98.95,True,400,recall_pass_best,0.08587750920502393,piecewise_linear_avg_latency,1.0,10,range,crossing
,pq_drift_1m_aris_main_20260522__phaseC_cycle04_retrain_each_cycle__intersect__3e491a8dccba,,-0.13666993299999985,0.1,0.6873701879999999,0.05,phaseC_cycle04_retrain_each_cycle,4,sift,1000000.0,/mnt/nvme1n1/PipeANN-github/experiments/pq_drift_1m_aris_main_20260522,1.58866132,1000.0,,,1.82775,2.085107,0.53,False,50,fastest_but_recall_below_98,0.05,1.456150348,1000000.0,1.0,0.001,0.132510972,prefilter,prefilter_below_graph_above,0.132510972,1000.0,,,0.13840799999999998,0.148651,99.98,True,50,recall_pass_best,0.09170732531602063,piecewise_linear_avg_latency,0.001,10,intersect,crossing
,pq_drift_1m_aris_main_20260522__phaseC_cycle04_retrain_each_cycle__intersect__3e491a8dccba,,-0.13666993299999985,0.1,0.6873701879999999,0.05,phaseC_cycle04_retrain_each_cycle,4,sift,1000000.0,/mnt/nvme1n1/PipeANN-github/experiments/pq_drift_1m_aris_main_20260522,1.570608162,3000.0,,,2.031248,2.3754250000000003,1.42,False,50,fastest_but_recall_below_98,0.05,1.3998595010000001,1000000.0,1.0,0.001,0.170748661,prefilter,prefilter_below_graph_above,0.170748661,3000.0,,,0.177566,0.19613399999999998,99.78,True,50,recall_pass_best,0.09170732531602063,piecewise_linear_avg_latency,0.003,10,intersect,crossing
,pq_drift_1m_aris_main_20260522__phaseC_cycle04_retrain_each_cycle__intersect__3e491a8dccba,,-0.13666993299999985,0.1,0.6873701879999999,0.05,phaseC_cycle04_retrain_each_cycle,4,sift,1000000.0,/mnt/nvme1n1/PipeANN-github/experiments/pq_drift_1m_aris_main_20260522,1.479504492,10000.0,,,1.696826,1.92095,3.87,False,50,fastest_but_recall_below_98,0.05,1.173596678,1000000.0,1.0,0.001,0.305907814,prefilter,prefilter_below_graph_above,0.305907814,10000.0,,,0.31772500000000004,0.350742,99.6,True,50,recall_pass_best,0.09170732531602063,piecewise_linear_avg_latency,0.01,10,intersect,crossing
,pq_drift_1m_aris_main_20260522__phaseC_cycle04_retrain_each_cycle__intersect__3e491a8dccba,,-0.13666993299999985,0.1,0.6873701879999999,0.05,phaseC_cycle04_retrain_each_cycle,4,sift,1000000.0,/mnt/nvme1n1/PipeANN-github/experiments/pq_drift_1m_aris_main_20260522,1.587951873,50000.0,,,1.831593,2.083752,17.53,False,50,fastest_but_recall_below_98,0.05,0.6873701879999999,1000000.0,1.0,0.001,0.900581685,prefilter,prefilter_below_graph_above,0.900581685,50000.0,,,0.972778,1.0188730000000001,99.18,True,50,recall_pass_best,0.09170732531602063,piecewise_linear_avg_latency,0.05,10,intersect,crossing
,pq_drift_1m_aris_main_20260522__phaseC_cycle04_retrain_each_cycle__intersect__3e491a8dccba,,-0.13666993299999985,0.1,0.6873701879999999,0.05,phaseC_cycle04_retrain_each_cycle,4,sift,1000000.0,/mnt/nvme1n1/PipeANN-github/experiments/pq_drift_1m_aris_main_20260522,1.474882505,100000.0,,,1.710367,1.9130930000000002,32.47,False,50,fastest_but_recall_below_98,0.05,-0.13666993299999985,1000000.0,1.0,0.001,1.474882505,graph,prefilter_below_graph_above,1.611552438,100000.0,,,1.792004,1.811866,98.92,True,150,recall_pass_best,0.09170732531602063,piecewise_linear_avg_latency,0.1,10,intersect,crossing
,pq_drift_1m_aris_main_20260522__phaseC_cycle04_retrain_each_cycle__intersect__3e491a8dccba,,-0.13666993299999985,0.1,0.6873701879999999,0.05,phaseC_cycle04_retrain_each_cycle,4,sift,1000000.0,/mnt/nvme1n1/PipeANN-github/experiments/pq_drift_1m_aris_main_20260522,1.479058705,250000.0,,,1.710904,1.907386,55.81,False,50,fastest_but_recall_below_98,0.05,-2.2106644730000005,1000000.0,1.0,0.001,1.479058705,graph,prefilter_below_graph_above,3.6897231780000004,250000.0,,,3.874294,3.909507,98.34,True,300,recall_pass_best,0.09170732531602063,piecewise_linear_avg_latency,0.25,10,intersect,crossing
,pq_drift_1m_aris_main_20260522__phaseC_cycle04_retrain_each_cycle__intersect__3e491a8dccba,,-0.13666993299999985,0.1,0.6873701879999999,0.05,phaseC_cycle04_retrain_each_cycle,4,sift,1000000.0,/mnt/nvme1n1/PipeANN-github/experiments/pq_drift_1m_aris_main_20260522,1.50839385,300000.0,,,1.754615,1.968385,59.25,False,50,fastest_but_recall_below_98,0.05,-2.800471207,1000000.0,1.0,0.001,1.50839385,graph,prefilter_below_graph_above,4.308865057,300000.0,,,4.502249,4.542553,98.35,True,300,recall_pass_best,0.09170732531602063,piecewise_linear_avg_latency,0.3,10,intersect,crossing
,pq_drift_1m_aris_main_20260522__phaseC_cycle04_retrain_each_cycle__intersect__3e491a8dccba,,-0.13666993299999985,0.1,0.6873701879999999,0.05,phaseC_cycle04_retrain_each_cycle,4,sift,1000000.0,/mnt/nvme1n1/PipeANN-github/experiments/pq_drift_1m_aris_main_20260522,1.593213499,500000.0,,,1.841528,2.097677,69.5,False,50,fastest_but_recall_below_98,0.05,-5.388298151000001,1000000.0,1.0,0.001,1.593213499,graph,prefilter_below_graph_above,6.981511650000001,500000.0,,,7.1702650000000006,7.20809,98.91,True,400,recall_pass_best,0.09170732531602063,piecewise_linear_avg_latency,0.5,10,intersect,crossing
,pq_drift_1m_aris_main_20260522__phaseC_cycle04_retrain_each_cycle__intersect__3e491a8dccba,,-0.13666993299999985,0.1,0.6873701879999999,0.05,phaseC_cycle04_retrain_each_cycle,4,sift,1000000.0,/mnt/nvme1n1/PipeANN-github/experiments/pq_drift_1m_aris_main_20260522,8.223315946000001,750000.0,,,8.399332000000001,8.636909,98.04,True,400,recall_pass_best,0.05,-1.8006557869999984,1000000.0,1.0,0.001,8.223315946000001,graph,prefilter_below_graph_above,10.023971733,750000.0,,,10.056448,10.135123,98.71,True,400,recall_pass_best,0.09170732531602063,piecewise_linear_avg_latency,0.75,10,intersect,crossing
,pq_drift_1m_aris_main_20260522__phaseC_cycle04_retrain_each_cycle__intersect__3e491a8dccba,,-0.13666993299999985,0.1,0.6873701879999999,0.05,phaseC_cycle04_retrain_each_cycle,4,sift,1000000.0,/mnt/nvme1n1/PipeANN-github/experiments/pq_drift_1m_aris_main_20260522,8.261670577,1000000.0,,,8.65524,9.302425,98.74,True,400,recall_pass_best,0.05,-5.026289760000001,1000000.0,1.0,0.001,8.261670577,graph,prefilter_below_graph_above,13.287960337000001,1000000.0,,,13.454628000000001,13.619069,98.69,True,400,recall_pass_best,0.09170732531602063,piecewise_linear_avg_latency,1.0,10,intersect,crossing
,pq_drift_1m_aris_main_20260522__phaseC_cycle04_retrain_each_cycle__range__c7cf532fe517,,-0.13160717199999983,0.1,0.7010264240000001,0.05,phaseC_cycle04_retrain_each_cycle,4,sift,1000000.0,/mnt/nvme1n1/PipeANN-github/experiments/pq_drift_1m_aris_main_20260522,1.4821217549999999,1000.0,,,1.7240280000000001,1.8824130000000001,0.53,False,50,fastest_but_recall_below_98,0.05,1.3496597289999999,1000000.0,1.0,0.001,0.132462026,prefilter,prefilter_below_graph_above,0.132462026,1000.0,,,0.13907499999999998,0.15257900000000002,99.98,True,75,recall_pass_best,0.09209693359526656,piecewise_linear_avg_latency,0.001,10,range,crossing
,pq_drift_1m_aris_main_20260522__phaseC_cycle04_retrain_each_cycle__range__c7cf532fe517,,-0.13160717199999983,0.1,0.7010264240000001,0.05,phaseC_cycle04_retrain_each_cycle,4,sift,1000000.0,/mnt/nvme1n1/PipeANN-github/experiments/pq_drift_1m_aris_main_20260522,1.484403253,3000.0,,,1.723413,1.905136,1.41,False,50,fastest_but_recall_below_98,0.05,1.310203703,1000000.0,1.0,0.001,0.17419954999999998,prefilter,prefilter_below_graph_above,0.17419954999999998,3000.0,,,0.18210400000000002,0.201784,99.78,True,50,recall_pass_best,0.09209693359526656,piecewise_linear_avg_latency,0.003,10,range,crossing
,pq_drift_1m_aris_main_20260522__phaseC_cycle04_retrain_each_cycle__range__c7cf532fe517,,-0.13160717199999983,0.1,0.7010264240000001,0.05,phaseC_cycle04_retrain_each_cycle,4,sift,1000000.0,/mnt/nvme1n1/PipeANN-github/experiments/pq_drift_1m_aris_main_20260522,1.483021,10000.0,,,1.711031,1.925482,3.86,False,50,fastest_but_recall_below_98,0.05,1.166398393,1000000.0,1.0,0.001,0.316622607,prefilter,prefilter_below_graph_above,0.316622607,10000.0,,,0.329735,0.36396300000000004,99.6,True,100,recall_pass_best,0.09209693359526656,piecewise_linear_avg_latency,0.01,10,range,crossing
,pq_drift_1m_aris_main_20260522__phaseC_cycle04_retrain_each_cycle__range__c7cf532fe517,,-0.13160717199999983,0.1,0.7010264240000001,0.05,phaseC_cycle04_retrain_each_cycle,4,sift,1000000.0,/mnt/nvme1n1/PipeANN-github/experiments/pq_drift_1m_aris_main_20260522,1.6172871070000001,50000.0,,,1.873944,2.107129,17.51,False,50,fastest_but_recall_below_98,0.05,0.7010264240000001,1000000.0,1.0,0.001,0.916260683,prefilter,prefilter_below_graph_above,0.916260683,50000.0,,,0.997133,1.031414,99.18,True,75,recall_pass_best,0.09209693359526656,piecewise_linear_avg_latency,0.05,10,range,crossing
,pq_drift_1m_aris_main_20260522__phaseC_cycle04_retrain_each_cycle__range__c7cf532fe517,,-0.13160717199999983,0.1,0.7010264240000001,0.05,phaseC_cycle04_retrain_each_cycle,4,sift,1000000.0,/mnt/nvme1n1/PipeANN-github/experiments/pq_drift_1m_aris_main_20260522,1.498968909,100000.0,,,1.741924,1.92554,32.5,False,50,fastest_but_recall_below_98,0.05,-0.13160717199999983,1000000.0,1.0,0.001,1.498968909,graph,prefilter_below_graph_above,1.6305760809999998,100000.0,,,1.8164120000000001,1.83747,98.92,True,50,recall_pass_best,0.09209693359526656,piecewise_linear_avg_latency,0.1,10,range,crossing
,pq_drift_1m_aris_main_20260522__phaseC_cycle04_retrain_each_cycle__range__c7cf532fe517,,-0.13160717199999983,0.1,0.7010264240000001,0.05,phaseC_cycle04_retrain_each_cycle,4,sift,1000000.0,/mnt/nvme1n1/PipeANN-github/experiments/pq_drift_1m_aris_main_20260522,1.504929446,250000.0,,,1.736344,1.8945029999999998,55.82,False,50,fastest_but_recall_below_98,0.05,-2.352330371,1000000.0,1.0,0.001,1.504929446,graph,prefilter_below_graph_above,3.857259817,250000.0,,,5.389134,5.627955,98.34,True,300,recall_pass_best,0.09209693359526656,piecewise_linear_avg_latency,0.25,10,range,crossing
,pq_drift_1m_aris_main_20260522__phaseC_cycle04_retrain_each_cycle__range__c7cf532fe517,,-0.13160717199999983,0.1,0.7010264240000001,0.05,phaseC_cycle04_retrain_each_cycle,4,sift,1000000.0,/mnt/nvme1n1/PipeANN-github/experiments/pq_drift_1m_aris_main_20260522,1.544411221,300000.0,,,1.797234,1.992413,59.25,False,50,fastest_but_recall_below_98,0.05,-2.959741321,1000000.0,1.0,0.001,1.544411221,graph,prefilter_below_graph_above,4.504152542,300000.0,,,4.697684000000001,4.7731639999999995,98.95,True,400,recall_pass_best,0.09209693359526656,piecewise_linear_avg_latency,0.3,10,range,crossing
,pq_drift_1m_aris_main_20260522__phaseC_cycle04_retrain_each_cycle__range__c7cf532fe517,,-0.13160717199999983,0.1,0.7010264240000001,0.05,phaseC_cycle04_retrain_each_cycle,4,sift,1000000.0,/mnt/nvme1n1/PipeANN-github/experiments/pq_drift_1m_aris_main_20260522,1.5570741680000002,500000.0,,,1.7955809999999999,2.006249,69.47,False,50,fastest_but_recall_below_98,0.05,-5.599509663999999,1000000.0,1.0,0.001,1.5570741680000002,graph,prefilter_below_graph_above,7.156583832,500000.0,,,9.811109,10.030885,98.22,True,300,recall_pass_best,0.09209693359526656,piecewise_linear_avg_latency,0.5,10,range,crossing
,pq_drift_1m_aris_main_20260522__phaseC_cycle04_retrain_each_cycle__range__c7cf532fe517,,-0.13160717199999983,0.1,0.7010264240000001,0.05,phaseC_cycle04_retrain_each_cycle,4,sift,1000000.0,/mnt/nvme1n1/PipeANN-github/experiments/pq_drift_1m_aris_main_20260522,8.208289645,750000.0,,,8.437903,8.691261,98.04,True,400,recall_pass_best,0.05,-2.265205267999999,1000000.0,1.0,0.001,8.208289645,graph,prefilter_below_graph_above,10.473494913,750000.0,,,14.557153,14.799158,98.71,True,400,recall_pass_best,0.09209693359526656,piecewise_linear_avg_latency,0.75,10,range,crossing
,pq_drift_1m_aris_main_20260522__phaseC_cycle04_retrain_each_cycle__range__c7cf532fe517,,-0.13160717199999983,0.1,0.7010264240000001,0.05,phaseC_cycle04_retrain_each_cycle,4,sift,1000000.0,/mnt/nvme1n1/PipeANN-github/experiments/pq_drift_1m_aris_main_20260522,8.272874211,1000000.0,,,8.502948,8.905745000000001,98.74,True,400,recall_pass_best,0.05,-5.263608983000001,1000000.0,1.0,0.001,8.272874211,graph,prefilter_below_graph_above,13.536483194,1000000.0,,,13.731091000000001,13.840438,98.69,True,400,recall_pass_best,0.09209693359526656,piecewise_linear_avg_latency,1.0,10,range,crossing
,pq_drift_1m_aris_main_20260522__phaseC_cycle05_no_retrain_across_cycles__intersect__f659d0ed5b99,,-0.22835179800000005,0.1,0.47661721999999984,0.05,phaseC_cycle05_no_retrain_across_cycles,5,sift,1000000.0,/mnt/nvme1n1/PipeANN-github/experiments/pq_drift_1m_aris_main_20260522,1.620696714,1000.0,,,2.219085,2.51763,0.91,False,50,fastest_but_recall_below_98,0.05,1.471882315,1000000.0,1.0,0.001,0.148814399,prefilter,prefilter_below_graph_above,0.148814399,1000.0,,,0.159379,0.192633,99.98,True,50,recall_pass_best,0.08380412527575787,piecewise_linear_avg_latency,0.001,10,intersect,crossing
,pq_drift_1m_aris_main_20260522__phaseC_cycle05_no_retrain_across_cycles__intersect__f659d0ed5b99,,-0.22835179800000005,0.1,0.47661721999999984,0.05,phaseC_cycle05_no_retrain_across_cycles,5,sift,1000000.0,/mnt/nvme1n1/PipeANN-github/experiments/pq_drift_1m_aris_main_20260522,1.600614132,3000.0,,,1.931519,2.183845,2.24,False,50,fastest_but_recall_below_98,0.05,1.395762342,1000000.0,1.0,0.001,0.20485179,prefilter,prefilter_below_graph_above,0.20485179,3000.0,,,0.22500299999999998,0.259459,99.64,True,75,recall_pass_best,0.08380412527575787,piecewise_linear_avg_latency,0.003,10,intersect,crossing
,pq_drift_1m_aris_main_20260522__phaseC_cycle05_no_retrain_across_cycles__intersect__f659d0ed5b99,,-0.22835179800000005,0.1,0.47661721999999984,0.05,phaseC_cycle05_no_retrain_across_cycles,5,sift,1000000.0,/mnt/nvme1n1/PipeANN-github/experiments/pq_drift_1m_aris_main_20260522,1.635512482,10000.0,,,1.8807070000000001,2.113598,7.36,False,50,fastest_but_recall_below_98,0.05,1.217653246,1000000.0,1.0,0.001,0.417859236,prefilter,prefilter_below_graph_above,0.417859236,10000.0,,,0.452125,0.4903,99.63,True,100,recall_pass_best,0.08380412527575787,piecewise_linear_avg_latency,0.01,10,intersect,crossing
,pq_drift_1m_aris_main_20260522__phaseC_cycle05_no_retrain_across_cycles__intersect__f659d0ed5b99,,-0.22835179800000005,0.1,0.47661721999999984,0.05,phaseC_cycle05_no_retrain_across_cycles,5,sift,1000000.0,/mnt/nvme1n1/PipeANN-github/experiments/pq_drift_1m_aris_main_20260522,1.617219983,50000.0,,,1.861199,2.103326,21.83,False,50,fastest_but_recall_below_98,0.05,0.47661721999999984,1000000.0,1.0,0.001,1.1406027630000002,prefilter,prefilter_below_graph_above,1.1406027630000002,50000.0,,,1.207894,1.230109,98.98,True,50,recall_pass_best,0.08380412527575787,piecewise_linear_avg_latency,0.05,10,intersect,crossing
,pq_drift_1m_aris_main_20260522__phaseC_cycle05_no_retrain_across_cycles__intersect__f659d0ed5b99,,-0.22835179800000005,0.1,0.47661721999999984,0.05,phaseC_cycle05_no_retrain_across_cycles,5,sift,1000000.0,/mnt/nvme1n1/PipeANN-github/experiments/pq_drift_1m_aris_main_20260522,1.554642253,100000.0,,,1.845119,2.0741359999999998,32.99,False,50,fastest_but_recall_below_98,0.05,-0.22835179800000005,1000000.0,1.0,0.001,1.554642253,graph,prefilter_below_graph_above,1.782994051,100000.0,,,1.9912590000000001,2.02603,98.53,True,100,recall_pass_best,0.08380412527575787,piecewise_linear_avg_latency,0.1,10,intersect,crossing
,pq_drift_1m_aris_main_20260522__phaseC_cycle05_no_retrain_across_cycles__intersect__f659d0ed5b99,,-0.22835179800000005,0.1,0.47661721999999984,0.05,phaseC_cycle05_no_retrain_across_cycles,5,sift,1000000.0,/mnt/nvme1n1/PipeANN-github/experiments/pq_drift_1m_aris_main_20260522,1.613815163,250000.0,,,1.940299,2.142509,53.75,False,50,fastest_but_recall_below_98,0.05,-2.524616857,1000000.0,1.0,0.001,1.613815163,graph,prefilter_below_graph_above,4.13843202,250000.0,,,5.298389,5.504459,99.12,True,300,recall_pass_best,0.08380412527575787,piecewise_linear_avg_latency,0.25,10,intersect,crossing
,pq_drift_1m_aris_main_20260522__phaseC_cycle05_no_retrain_across_cycles__intersect__f659d0ed5b99,,-0.22835179800000005,0.1,0.47661721999999984,0.05,phaseC_cycle05_no_retrain_across_cycles,5,sift,1000000.0,/mnt/nvme1n1/PipeANN-github/experiments/pq_drift_1m_aris_main_20260522,1.528837103,300000.0,,,1.83344,2.0594270000000003,57.37,False,50,fastest_but_recall_below_98,0.05,-2.953728774,1000000.0,1.0,0.001,1.528837103,graph,prefilter_below_graph_above,4.482565877,300000.0,,,4.68138,4.8341080000000005,98.3,True,250,recall_pass_best,0.08380412527575787,piecewise_linear_avg_latency,0.3,10,intersect,crossing
,pq_drift_1m_aris_main_20260522__phaseC_cycle05_no_retrain_across_cycles__intersect__f659d0ed5b99,,-0.22835179800000005,0.1,0.47661721999999984,0.05,phaseC_cycle05_no_retrain_across_cycles,5,sift,1000000.0,/mnt/nvme1n1/PipeANN-github/experiments/pq_drift_1m_aris_main_20260522,1.579054386,500000.0,,,1.8644290000000001,2.1052310000000003,68.27,False,50,fastest_but_recall_below_98,0.05,-5.285109820000001,1000000.0,1.0,0.001,1.579054386,graph,prefilter_below_graph_above,6.864164206000001,500000.0,,,7.053985,7.095367,98.17,True,250,recall_pass_best,0.08380412527575787,piecewise_linear_avg_latency,0.5,10,intersect,crossing
,pq_drift_1m_aris_main_20260522__phaseC_cycle05_no_retrain_across_cycles__intersect__f659d0ed5b99,,-0.22835179800000005,0.1,0.47661721999999984,0.05,phaseC_cycle05_no_retrain_across_cycles,5,sift,1000000.0,/mnt/nvme1n1/PipeANN-github/experiments/pq_drift_1m_aris_main_20260522,8.225672562,750000.0,,,8.523926,8.71177,98.07,True,400,recall_pass_best,0.05,-1.9058517229999996,1000000.0,1.0,0.001,8.225672562,graph,prefilter_below_graph_above,10.131524285,750000.0,,,12.105832,14.024669,98.36,True,300,recall_pass_best,0.08380412527575787,piecewise_linear_avg_latency,0.75,10,intersect,crossing
,pq_drift_1m_aris_main_20260522__phaseC_cycle05_no_retrain_across_cycles__intersect__f659d0ed5b99,,-0.22835179800000005,0.1,0.47661721999999984,0.05,phaseC_cycle05_no_retrain_across_cycles,5,sift,1000000.0,/mnt/nvme1n1/PipeANN-github/experiments/pq_drift_1m_aris_main_20260522,8.274674101,1000000.0,,,8.574749,8.82922,98.49,True,400,recall_pass_best,0.05,-4.844378559999999,1000000.0,1.0,0.001,8.274674101,graph,prefilter_below_graph_above,13.119052661,1000000.0,,,13.276272,13.495508,98.09,True,300,recall_pass_best,0.08380412527575787,piecewise_linear_avg_latency,1.0,10,intersect,crossing
,pq_drift_1m_aris_main_20260522__phaseC_cycle05_no_retrain_across_cycles__range__d499579a82cd,,-0.25288305200000005,0.1,0.511519085,0.05,phaseC_cycle05_no_retrain_across_cycles,5,sift,1000000.0,/mnt/nvme1n1/PipeANN-github/experiments/pq_drift_1m_aris_main_20260522,1.523199787,1000.0,,,1.8280450000000001,2.058126,0.91,False,50,fastest_but_recall_below_98,0.05,1.374709136,1000000.0,1.0,0.001,0.148490651,prefilter,prefilter_below_graph_above,0.148490651,1000.0,,,0.15936699999999998,0.194041,99.98,True,50,recall_pass_best,0.08345876864025564,piecewise_linear_avg_latency,0.001,10,range,crossing
,pq_drift_1m_aris_main_20260522__phaseC_cycle05_no_retrain_across_cycles__range__d499579a82cd,,-0.25288305200000005,0.1,0.511519085,0.05,phaseC_cycle05_no_retrain_across_cycles,5,sift,1000000.0,/mnt/nvme1n1/PipeANN-github/experiments/pq_drift_1m_aris_main_20260522,1.539677514,3000.0,,,1.836164,2.092438,2.24,False,50,fastest_but_recall_below_98,0.05,1.3324760690000002,1000000.0,1.0,0.001,0.207201445,prefilter,prefilter_below_graph_above,0.207201445,3000.0,,,0.228412,0.269142,99.64,True,50,recall_pass_best,0.08345876864025564,piecewise_linear_avg_latency,0.003,10,range,crossing
,pq_drift_1m_aris_main_20260522__phaseC_cycle05_no_retrain_across_cycles__range__d499579a82cd,,-0.25288305200000005,0.1,0.511519085,0.05,phaseC_cycle05_no_retrain_across_cycles,5,sift,1000000.0,/mnt/nvme1n1/PipeANN-github/experiments/pq_drift_1m_aris_main_20260522,1.5350617400000002,10000.0,,,1.832147,2.056037,7.35,False,50,fastest_but_recall_below_98,0.05,1.1084805030000002,1000000.0,1.0,0.001,0.426581237,prefilter,prefilter_below_graph_above,0.426581237,10000.0,,,0.461472,0.502982,99.63,True,75,recall_pass_best,0.08345876864025564,piecewise_linear_avg_latency,0.01,10,range,crossing
,pq_drift_1m_aris_main_20260522__phaseC_cycle05_no_retrain_across_cycles__range__d499579a82cd,,-0.25288305200000005,0.1,0.511519085,0.05,phaseC_cycle05_no_retrain_across_cycles,5,sift,1000000.0,/mnt/nvme1n1/PipeANN-github/experiments/pq_drift_1m_aris_main_20260522,1.663766592,50000.0,,,1.9943009999999999,2.226133,21.84,False,50,fastest_but_recall_below_98,0.05,0.511519085,1000000.0,1.0,0.001,1.152247507,prefilter,prefilter_below_graph_above,1.152247507,50000.0,,,1.217595,1.250528,98.98,True,50,recall_pass_best,0.08345876864025564,piecewise_linear_avg_latency,0.05,10,range,crossing
,pq_drift_1m_aris_main_20260522__phaseC_cycle05_no_retrain_across_cycles__range__d499579a82cd,,-0.25288305200000005,0.1,0.511519085,0.05,phaseC_cycle05_no_retrain_across_cycles,5,sift,1000000.0,/mnt/nvme1n1/PipeANN-github/experiments/pq_drift_1m_aris_main_20260522,1.544813541,100000.0,,,1.856583,2.052971,33.01,False,50,fastest_but_recall_below_98,0.05,-0.25288305200000005,1000000.0,1.0,0.001,1.544813541,graph,prefilter_below_graph_above,1.797696593,100000.0,,,2.003219,2.039954,98.53,True,100,recall_pass_best,0.08345876864025564,piecewise_linear_avg_latency,0.1,10,range,crossing
,pq_drift_1m_aris_main_20260522__phaseC_cycle05_no_retrain_across_cycles__range__d499579a82cd,,-0.25288305200000005,0.1,0.511519085,0.05,phaseC_cycle05_no_retrain_across_cycles,5,sift,1000000.0,/mnt/nvme1n1/PipeANN-github/experiments/pq_drift_1m_aris_main_20260522,1.556591891,250000.0,,,1.865771,2.08936,53.77,False,50,fastest_but_recall_below_98,0.05,-2.333599575,1000000.0,1.0,0.001,1.556591891,graph,prefilter_below_graph_above,3.890191466,250000.0,,,4.046715,4.089934,98.71,True,250,recall_pass_best,0.08345876864025564,piecewise_linear_avg_latency,0.25,10,range,crossing
,pq_drift_1m_aris_main_20260522__phaseC_cycle05_no_retrain_across_cycles__range__d499579a82cd,,-0.25288305200000005,0.1,0.511519085,0.05,phaseC_cycle05_no_retrain_across_cycles,5,sift,1000000.0,/mnt/nvme1n1/PipeANN-github/experiments/pq_drift_1m_aris_main_20260522,1.57930672,300000.0,,,1.900116,2.12859,57.41,False,50,fastest_but_recall_below_98,0.05,-2.9763709459999994,1000000.0,1.0,0.001,1.57930672,graph,prefilter_below_graph_above,4.555677665999999,300000.0,,,4.730587000000001,4.785729,98.85,True,300,recall_pass_best,0.08345876864025564,piecewise_linear_avg_latency,0.3,10,range,crossing
,pq_drift_1m_aris_main_20260522__phaseC_cycle05_no_retrain_across_cycles__range__d499579a82cd,,-0.25288305200000005,0.1,0.511519085,0.05,phaseC_cycle05_no_retrain_across_cycles,5,sift,1000000.0,/mnt/nvme1n1/PipeANN-github/experiments/pq_drift_1m_aris_main_20260522,1.627608884,500000.0,,,1.898245,2.122246,68.25,False,50,fastest_but_recall_below_98,0.05,-5.281710242000001,1000000.0,1.0,0.001,1.627608884,graph,prefilter_below_graph_above,6.909319126000001,500000.0,,,6.894095999999999,9.57624,98.17,True,250,recall_pass_best,0.08345876864025564,piecewise_linear_avg_latency,0.5,10,range,crossing
,pq_drift_1m_aris_main_20260522__phaseC_cycle05_no_retrain_across_cycles__range__d499579a82cd,,-0.25288305200000005,0.1,0.511519085,0.05,phaseC_cycle05_no_retrain_across_cycles,5,sift,1000000.0,/mnt/nvme1n1/PipeANN-github/experiments/pq_drift_1m_aris_main_20260522,8.308421183,750000.0,,,8.65871,9.062003,98.07,True,400,recall_pass_best,0.05,-1.7380092210000004,1000000.0,1.0,0.001,8.308421183,graph,prefilter_below_graph_above,10.046430404,750000.0,,,10.267654,10.463446,98.36,True,300,recall_pass_best,0.08345876864025564,piecewise_linear_avg_latency,0.75,10,range,crossing
,pq_drift_1m_aris_main_20260522__phaseC_cycle05_no_retrain_across_cycles__range__d499579a82cd,,-0.25288305200000005,0.1,0.511519085,0.05,phaseC_cycle05_no_retrain_across_cycles,5,sift,1000000.0,/mnt/nvme1n1/PipeANN-github/experiments/pq_drift_1m_aris_main_20260522,8.332783616999999,1000000.0,,,8.644952,9.103964,98.49,True,400,recall_pass_best,0.05,-5.1764054250000004,1000000.0,1.0,0.001,8.332783616999999,graph,prefilter_below_graph_above,13.509189042,1000000.0,,,13.561814,18.59288,98.88,True,400,recall_pass_best,0.08345876864025564,piecewise_linear_avg_latency,1.0,10,range,crossing
,pq_drift_1m_aris_main_20260522__phaseC_cycle05_retrain_each_cycle__intersect__3e24e42127e9,,-0.08796996999999984,0.1,0.7404293749999998,0.05,phaseC_cycle05_retrain_each_cycle,5,sift,1000000.0,/mnt/nvme1n1/PipeANN-github/experiments/pq_drift_1m_aris_main_20260522,1.500311354,1000.0,,,1.7467840000000001,1.976385,1.06,False,50,fastest_but_recall_below_98,0.05,1.368204089,1000000.0,1.0,0.001,0.132107265,prefilter,prefilter_below_graph_above,0.132107265,1000.0,,,0.13861099999999998,0.150138,99.97,True,50,recall_pass_best,0.0946903645849696,piecewise_linear_avg_latency,0.001,10,intersect,crossing
,pq_drift_1m_aris_main_20260522__phaseC_cycle05_retrain_each_cycle__intersect__3e24e42127e9,,-0.08796996999999984,0.1,0.7404293749999998,0.05,phaseC_cycle05_retrain_each_cycle,5,sift,1000000.0,/mnt/nvme1n1/PipeANN-github/experiments/pq_drift_1m_aris_main_20260522,1.601931636,3000.0,,,1.859169,2.1583989999999997,2.42,False,50,fastest_but_recall_below_98,0.05,1.431992108,1000000.0,1.0,0.001,0.169939528,prefilter,prefilter_below_graph_above,0.169939528,3000.0,,,0.17815299999999998,0.197334,99.83,True,50,recall_pass_best,0.0946903645849696,piecewise_linear_avg_latency,0.003,10,intersect,crossing
,pq_drift_1m_aris_main_20260522__phaseC_cycle05_retrain_each_cycle__intersect__3e24e42127e9,,-0.08796996999999984,0.1,0.7404293749999998,0.05,phaseC_cycle05_retrain_each_cycle,5,sift,1000000.0,/mnt/nvme1n1/PipeANN-github/experiments/pq_drift_1m_aris_main_20260522,1.4982014650000002,10000.0,,,1.742896,1.955908,7.01,False,50,fastest_but_recall_below_98,0.05,1.1948781780000002,1000000.0,1.0,0.001,0.303323287,prefilter,prefilter_below_graph_above,0.303323287,10000.0,,,0.316828,0.347288,99.6,True,75,recall_pass_best,0.0946903645849696,piecewise_linear_avg_latency,0.01,10,intersect,crossing
,pq_drift_1m_aris_main_20260522__phaseC_cycle05_retrain_each_cycle__intersect__3e24e42127e9,,-0.08796996999999984,0.1,0.7404293749999998,0.05,phaseC_cycle05_retrain_each_cycle,5,sift,1000000.0,/mnt/nvme1n1/PipeANN-github/experiments/pq_drift_1m_aris_main_20260522,1.6366360199999999,50000.0,,,1.9094760000000002,2.34761,22.29,False,50,fastest_but_recall_below_98,0.05,0.7404293749999998,1000000.0,1.0,0.001,0.896206645,prefilter,prefilter_below_graph_above,0.896206645,50000.0,,,0.972365,1.008934,99.29,True,75,recall_pass_best,0.0946903645849696,piecewise_linear_avg_latency,0.05,10,intersect,crossing
,pq_drift_1m_aris_main_20260522__phaseC_cycle05_retrain_each_cycle__intersect__3e24e42127e9,,-0.08796996999999984,0.1,0.7404293749999998,0.05,phaseC_cycle05_retrain_each_cycle,5,sift,1000000.0,/mnt/nvme1n1/PipeANN-github/experiments/pq_drift_1m_aris_main_20260522,1.528916465,100000.0,,,1.794989,2.013157,34.77,False,50,fastest_but_recall_below_98,0.05,-0.08796996999999984,1000000.0,1.0,0.001,1.528916465,graph,prefilter_below_graph_above,1.6168864349999998,100000.0,,,1.791931,1.810632,98.87,True,50,recall_pass_best,0.0946903645849696,piecewise_linear_avg_latency,0.1,10,intersect,crossing
,pq_drift_1m_aris_main_20260522__phaseC_cycle05_retrain_each_cycle__intersect__3e24e42127e9,,-0.08796996999999984,0.1,0.7404293749999998,0.05,phaseC_cycle05_retrain_each_cycle,5,sift,1000000.0,/mnt/nvme1n1/PipeANN-github/experiments/pq_drift_1m_aris_main_20260522,1.502561897,250000.0,,,1.7595,1.959096,55.18,False,50,fastest_but_recall_below_98,0.05,-2.0382152000000002,1000000.0,1.0,0.001,1.502561897,graph,prefilter_below_graph_above,3.5407770970000003,250000.0,,,3.7251999999999996,3.765784,98.06,True,200,recall_pass_best,0.0946903645849696,piecewise_linear_avg_latency,0.25,10,intersect,crossing
,pq_drift_1m_aris_main_20260522__phaseC_cycle05_retrain_each_cycle__intersect__3e24e42127e9,,-0.08796996999999984,0.1,0.7404293749999998,0.05,phaseC_cycle05_retrain_each_cycle,5,sift,1000000.0,/mnt/nvme1n1/PipeANN-github/experiments/pq_drift_1m_aris_main_20260522,1.500334278,300000.0,,,1.747503,1.945177,59.24,False,50,fastest_but_recall_below_98,0.05,-2.8054734,1000000.0,1.0,0.001,1.500334278,graph,prefilter_below_graph_above,4.305807678,300000.0,,,4.495889,4.521555,98.72,True,250,recall_pass_best,0.0946903645849696,piecewise_linear_avg_latency,0.3,10,intersect,crossing
,pq_drift_1m_aris_main_20260522__phaseC_cycle05_retrain_each_cycle__intersect__3e24e42127e9,,-0.08796996999999984,0.1,0.7404293749999998,0.05,phaseC_cycle05_retrain_each_cycle,5,sift,1000000.0,/mnt/nvme1n1/PipeANN-github/experiments/pq_drift_1m_aris_main_20260522,1.504238047,500000.0,,,1.74928,1.949638,70.57,False,50,fastest_but_recall_below_98,0.05,-5.565706512999999,1000000.0,1.0,0.001,1.504238047,graph,prefilter_below_graph_above,7.06994456,500000.0,,,9.329246,9.462868,98.35,True,300,recall_pass_best,0.0946903645849696,piecewise_linear_avg_latency,0.5,10,intersect,crossing
,pq_drift_1m_aris_main_20260522__phaseC_cycle05_retrain_each_cycle__intersect__3e24e42127e9,,-0.08796996999999984,0.1,0.7404293749999998,0.05,phaseC_cycle05_retrain_each_cycle,5,sift,1000000.0,/mnt/nvme1n1/PipeANN-github/experiments/pq_drift_1m_aris_main_20260522,8.239576447,750000.0,,,8.573304,8.945847,98.32,True,400,recall_pass_best,0.05,-2.0999331469999998,1000000.0,1.0,0.001,8.239576447,graph,prefilter_below_graph_above,10.339509593999999,750000.0,,,14.499043,14.737017,98.91,True,400,recall_pass_best,0.0946903645849696,piecewise_linear_avg_latency,0.75,10,intersect,crossing
,pq_drift_1m_aris_main_20260522__phaseC_cycle05_retrain_each_cycle__intersect__3e24e42127e9,,-0.08796996999999984,0.1,0.7404293749999998,0.05,phaseC_cycle05_retrain_each_cycle,5,sift,1000000.0,/mnt/nvme1n1/PipeANN-github/experiments/pq_drift_1m_aris_main_20260522,6.268314338,1000000.0,,,6.4979499999999994,6.732223,98.13,True,300,recall_pass_best,0.05,-6.811054,1000000.0,1.0,0.001,6.268314338,graph,prefilter_below_graph_above,13.079368338,1000000.0,,,13.248795,13.350165,98.02,True,300,recall_pass_best,0.0946903645849696,piecewise_linear_avg_latency,1.0,10,intersect,crossing
,pq_drift_1m_aris_main_20260522__phaseC_cycle05_retrain_each_cycle__range__65bc19012e9a,,-0.10835480099999995,0.1,0.7801372980000001,0.05,phaseC_cycle05_retrain_each_cycle,5,sift,1000000.0,/mnt/nvme1n1/PipeANN-github/experiments/pq_drift_1m_aris_main_20260522,1.493439698,1000.0,,,1.7350340000000002,1.980922,1.06,False,50,fastest_but_recall_below_98,0.05,1.360879116,1000000.0,1.0,0.001,0.132560582,prefilter,prefilter_below_graph_above,0.132560582,1000.0,,,0.138006,0.153444,99.97,True,75,recall_pass_best,0.09390232050898632,piecewise_linear_avg_latency,0.001,10,range,crossing
,pq_drift_1m_aris_main_20260522__phaseC_cycle05_retrain_each_cycle__range__65bc19012e9a,,-0.10835480099999995,0.1,0.7801372980000001,0.05,phaseC_cycle05_retrain_each_cycle,5,sift,1000000.0,/mnt/nvme1n1/PipeANN-github/experiments/pq_drift_1m_aris_main_20260522,1.501113022,3000.0,,,1.741185,1.973902,2.43,False,50,fastest_but_recall_below_98,0.05,1.329455458,1000000.0,1.0,0.001,0.171657564,prefilter,prefilter_below_graph_above,0.171657564,3000.0,,,0.17866200000000002,0.197386,99.83,True,50,recall_pass_best,0.09390232050898632,piecewise_linear_avg_latency,0.003,10,range,crossing
,pq_drift_1m_aris_main_20260522__phaseC_cycle05_retrain_each_cycle__range__65bc19012e9a,,-0.10835480099999995,0.1,0.7801372980000001,0.05,phaseC_cycle05_retrain_each_cycle,5,sift,1000000.0,/mnt/nvme1n1/PipeANN-github/experiments/pq_drift_1m_aris_main_20260522,1.621899799,10000.0,,,1.882789,2.13975,7.02,False,50,fastest_but_recall_below_98,0.05,1.307193417,1000000.0,1.0,0.001,0.314706382,prefilter,prefilter_below_graph_above,0.314706382,10000.0,,,0.329036,0.362253,99.6,True,75,recall_pass_best,0.09390232050898632,piecewise_linear_avg_latency,0.01,10,range,crossing
,pq_drift_1m_aris_main_20260522__phaseC_cycle05_retrain_each_cycle__range__65bc19012e9a,,-0.10835480099999995,0.1,0.7801372980000001,0.05,phaseC_cycle05_retrain_each_cycle,5,sift,1000000.0,/mnt/nvme1n1/PipeANN-github/experiments/pq_drift_1m_aris_main_20260522,1.691098905,50000.0,,,2.232993,2.444436,22.3,False,50,fastest_but_recall_below_98,0.05,0.7801372980000001,1000000.0,1.0,0.001,0.910961607,prefilter,prefilter_below_graph_above,0.910961607,50000.0,,,0.986241,1.017207,99.29,True,50,recall_pass_best,0.09390232050898632,piecewise_linear_avg_latency,0.05,10,range,crossing
,pq_drift_1m_aris_main_20260522__phaseC_cycle05_retrain_each_cycle__range__65bc19012e9a,,-0.10835480099999995,0.1,0.7801372980000001,0.05,phaseC_cycle05_retrain_each_cycle,5,sift,1000000.0,/mnt/nvme1n1/PipeANN-github/experiments/pq_drift_1m_aris_main_20260522,1.523078772,100000.0,,,1.7638589999999998,1.965073,34.77,False,50,fastest_but_recall_below_98,0.05,-0.10835480099999995,1000000.0,1.0,0.001,1.523078772,graph,prefilter_below_graph_above,1.631433573,100000.0,,,1.812904,1.835857,98.87,True,50,recall_pass_best,0.09390232050898632,piecewise_linear_avg_latency,0.1,10,range,crossing
,pq_drift_1m_aris_main_20260522__phaseC_cycle05_retrain_each_cycle__range__65bc19012e9a,,-0.10835480099999995,0.1,0.7801372980000001,0.05,phaseC_cycle05_retrain_each_cycle,5,sift,1000000.0,/mnt/nvme1n1/PipeANN-github/experiments/pq_drift_1m_aris_main_20260522,1.5288085349999998,250000.0,,,1.7703030000000002,1.977258,55.2,False,50,fastest_but_recall_below_98,0.05,-2.04034241,1000000.0,1.0,0.001,1.5288085349999998,graph,prefilter_below_graph_above,3.569150945,250000.0,,,3.754761,3.778263,98.06,True,200,recall_pass_best,0.09390232050898632,piecewise_linear_avg_latency,0.25,10,range,crossing
,pq_drift_1m_aris_main_20260522__phaseC_cycle05_retrain_each_cycle__range__65bc19012e9a,,-0.10835480099999995,0.1,0.7801372980000001,0.05,phaseC_cycle05_retrain_each_cycle,5,sift,1000000.0,/mnt/nvme1n1/PipeANN-github/experiments/pq_drift_1m_aris_main_20260522,1.5305927730000002,300000.0,,,1.777899,2.002738,59.18,False,50,fastest_but_recall_below_98,0.05,-2.9693711869999992,1000000.0,1.0,0.001,1.5305927730000002,graph,prefilter_below_graph_above,4.49996396,300000.0,,,4.693268,4.739653000000001,99.51,True,400,recall_pass_best,0.09390232050898632,piecewise_linear_avg_latency,0.3,10,range,crossing
,pq_drift_1m_aris_main_20260522__phaseC_cycle05_retrain_each_cycle__range__65bc19012e9a,,-0.10835480099999995,0.1,0.7801372980000001,0.05,phaseC_cycle05_retrain_each_cycle,5,sift,1000000.0,/mnt/nvme1n1/PipeANN-github/experiments/pq_drift_1m_aris_main_20260522,1.537828679,500000.0,,,1.782626,1.992497,70.56,False,50,fastest_but_recall_below_98,0.05,-5.303177238,1000000.0,1.0,0.001,1.537828679,graph,prefilter_below_graph_above,6.841005917,500000.0,,,7.025481,7.0573999999999995,98.35,True,300,recall_pass_best,0.09390232050898632,piecewise_linear_avg_latency,0.5,10,range,crossing
,pq_drift_1m_aris_main_20260522__phaseC_cycle05_retrain_each_cycle__range__65bc19012e9a,,-0.10835480099999995,0.1,0.7801372980000001,0.05,phaseC_cycle05_retrain_each_cycle,5,sift,1000000.0,/mnt/nvme1n1/PipeANN-github/experiments/pq_drift_1m_aris_main_20260522,8.279649779,750000.0,,,8.626038000000001,8.956398,98.32,True,400,recall_pass_best,0.05,-1.6986806110000003,1000000.0,1.0,0.001,8.279649779,graph,prefilter_below_graph_above,9.97833039,750000.0,,,10.163917,11.17352,98.1,True,300,recall_pass_best,0.09390232050898632,piecewise_linear_avg_latency,0.75,10,range,crossing
,pq_drift_1m_aris_main_20260522__phaseC_cycle05_retrain_each_cycle__range__65bc19012e9a,,-0.10835480099999995,0.1,0.7801372980000001,0.05,phaseC_cycle05_retrain_each_cycle,5,sift,1000000.0,/mnt/nvme1n1/PipeANN-github/experiments/pq_drift_1m_aris_main_20260522,6.348129364,1000000.0,,,6.59351,6.835440999999999,98.13,True,300,recall_pass_best,0.05,-6.831641611,1000000.0,1.0,0.001,6.348129364,graph,prefilter_below_graph_above,13.179770975,1000000.0,,,13.358215,13.484215,98.02,True,300,recall_pass_best,0.09390232050898632,piecewise_linear_avg_latency,1.0,10,range,crossing
,r116_suite_pq16_aris_20260520_072453__static__intersect__ef719ede2c7f,,-0.4749077150000005,0.5,4.101616211,0.3,static,0,sift,1000000.0,/mnt/nvme1n1/PipeANN-github/experiments/r116_suite_pq16_aris_20260520_072453,7.845196777,250000.0,411.110992,,7.986,8.148,98.379997,True,400,recall_pass_best,0.2,4.510259765000001,1000000.0,1.0,0.25,3.3349370119999997,prefilter,prefilter_below_graph_above,3.3349370119999997,250000.0,192.0,,4.447,4.684,99.730003,True,10,recall_pass_best,0.4792459201490472,piecewise_linear_avg_latency,0.25,5,intersect,crossing
,r116_suite_pq16_aris_20260520_072453__static__intersect__ef719ede2c7f,,-0.4749077150000005,0.5,4.101616211,0.3,static,0,sift,1000000.0,/mnt/nvme1n1/PipeANN-github/experiments/r116_suite_pq16_aris_20260520_072453,7.850241210999999,300000.0,411.11499,,8.002,8.089,98.440002,True,400,recall_pass_best,0.2,4.101616211,1000000.0,1.0,0.25,3.748625,prefilter,prefilter_below_graph_above,3.748625,300000.0,192.0,,3.947,4.001,99.519997,True,10,recall_pass_best,0.4792459201490472,piecewise_linear_avg_latency,0.3,5,intersect,crossing
,r116_suite_pq16_aris_20260520_072453__static__intersect__ef719ede2c7f,,-0.4749077150000005,0.5,4.101616211,0.3,static,0,sift,1000000.0,/mnt/nvme1n1/PipeANN-github/experiments/r116_suite_pq16_aris_20260520_072453,5.965408203,500000.0,311.515015,,6.102,6.271,98.599998,True,300,recall_pass_best,0.2,-0.4749077150000005,1000000.0,1.0,0.25,5.965408203,graph,prefilter_below_graph_above,6.4403159180000005,500000.0,192.0,,8.46,8.524,99.220001,True,10,recall_pass_best,0.4792459201490472,piecewise_linear_avg_latency,0.5,5,intersect,crossing
,r116_suite_pq16_aris_20260520_072453__static__intersect__ef719ede2c7f,,-0.4749077150000005,0.5,4.101616211,0.3,static,0,sift,1000000.0,/mnt/nvme1n1/PipeANN-github/experiments/r116_suite_pq16_aris_20260520_072453,4.096599121000001,750000.0,212.110001,,4.221,4.311,98.550003,True,200,recall_pass_best,0.2,-4.6934409179999985,1000000.0,1.0,0.25,4.096599121000001,graph,prefilter_below_graph_above,8.790040038999999,750000.0,192.0,,8.945,9.126,99.089996,True,10,recall_pass_best,0.4792459201490472,piecewise_linear_avg_latency,0.75,5,intersect,crossing
,r116_suite_pq16_aris_20260520_072453__static__intersect__ef719ede2c7f,,-0.4749077150000005,0.5,4.101616211,0.3,static,0,sift,1000000.0,/mnt/nvme1n1/PipeANN-github/experiments/r116_suite_pq16_aris_20260520_072453,3.164986084,1000000.0,162.559006,,3.283,3.386,98.449997,True,150,recall_pass_best,0.2,-8.455968994000001,1000000.0,1.0,0.25,3.164986084,graph,prefilter_below_graph_above,11.620955078000001,1000000.0,192.0,,11.812,11.987,98.919998,True,10,recall_pass_best,0.4792459201490472,piecewise_linear_avg_latency,1.0,5,intersect,crossing
,r116_suite_pq16_aris_20260520_072453__static__range__6383dcd166d5,,-5.056592773000001,0.75,0.08145312499999946,0.5,static,0,sift,1000000.0,/mnt/nvme1n1/PipeANN-github/experiments/r116_suite_pq16_aris_20260520_072453,7.89678418,250000.0,411.114014,,8.052,8.181,98.379997,True,400,recall_pass_best,0.25,4.664841065,1000000.0,1.0,0.25,3.231943115,prefilter,prefilter_below_graph_above,3.231943115,250000.0,192.0,,3.425,3.457,99.730003,True,10,recall_pass_best,0.5039632345942893,piecewise_linear_avg_latency,0.25,5,range,crossing
,r116_suite_pq16_aris_20260520_072453__static__range__6383dcd166d5,,-5.056592773000001,0.75,0.08145312499999946,0.5,static,0,sift,1000000.0,/mnt/nvme1n1/PipeANN-github/experiments/r116_suite_pq16_aris_20260520_072453,7.919015137000001,300000.0,411.115997,,8.068,8.156,98.440002,True,400,recall_pass_best,0.25,3.7620283210000007,1000000.0,1.0,0.25,4.156986816,prefilter,prefilter_below_graph_above,4.156986816,300000.0,192.0,,5.321,5.351,99.519997,True,10,recall_pass_best,0.5039632345942893,piecewise_linear_avg_latency,0.3,5,range,crossing
,r116_suite_pq16_aris_20260520_072453__static__range__6383dcd166d5,,-5.056592773000001,0.75,0.08145312499999946,0.5,static,0,sift,1000000.0,/mnt/nvme1n1/PipeANN-github/experiments/r116_suite_pq16_aris_20260520_072453,6.037830078,500000.0,311.518005,,6.168,6.31,98.599998,True,300,recall_pass_best,0.25,0.08145312499999946,1000000.0,1.0,0.25,5.956376953,prefilter,prefilter_below_graph_above,5.956376953,500000.0,192.0,,5.985,6.2,99.220001,True,10,recall_pass_best,0.5039632345942893,piecewise_linear_avg_latency,0.5,5,range,crossing
,r116_suite_pq16_aris_20260520_072453__static__range__6383dcd166d5,,-5.056592773000001,0.75,0.08145312499999946,0.5,static,0,sift,1000000.0,/mnt/nvme1n1/PipeANN-github/experiments/r116_suite_pq16_aris_20260520_072453,4.186459961,750000.0,212.104996,,4.325,4.425,98.550003,True,200,recall_pass_best,0.25,-5.056592773000001,1000000.0,1.0,0.25,4.186459961,graph,prefilter_below_graph_above,9.243052734,750000.0,192.0,,12.492,12.715,99.089996,True,10,recall_pass_best,0.5039632345942893,piecewise_linear_avg_latency,0.75,5,range,crossing
,r116_suite_pq16_aris_20260520_072453__static__range__6383dcd166d5,,-5.056592773000001,0.75,0.08145312499999946,0.5,static,0,sift,1000000.0,/mnt/nvme1n1/PipeANN-github/experiments/r116_suite_pq16_aris_20260520_072453,3.252326904,1000000.0,162.559998,,3.371,3.472,98.449997,True,150,recall_pass_best,0.25,-8.458201416,1000000.0,1.0,0.25,3.252326904,graph,prefilter_below_graph_above,11.71052832,1000000.0,192.0,,11.875,12.385,98.919998,True,10,recall_pass_best,0.5039632345942893,piecewise_linear_avg_latency,1.0,5,range,crossing
,v100_early_pq_10k_full_20260602T031600Z__phaseB_cycle00_direct_retrain_1m__intersect__b65cfe09a09e,3,,,,,phaseB_cycle00_direct_retrain_1m,0,sift,1000000.0,/mnt/nvme1n1/PipeANN-github/experiments/v100_early_pq_10k_full_20260602T031600Z,1.436757514,1000.0,66.133,5131.448,1.64446,1.8854380000000002,0.42,False,50,fastest_but_recall_below_98,,1.283617542,1000000.0,1.0,0.001,0.153139972,prefilter,,0.153139972,1000.0,96.0,1000.0,0.169107,0.181398,99.98,True,75,recall_pass_best,,multiple_piecewise_sign_changes,0.001,10,intersect,multi_crossing
,v100_early_pq_10k_full_20260602T031600Z__phaseB_cycle00_direct_retrain_1m__intersect__b65cfe09a09e,3,,,,,phaseB_cycle00_direct_retrain_1m,0,sift,1000000.0,/mnt/nvme1n1/PipeANN-github/experiments/v100_early_pq_10k_full_20260602T031600Z,1.444916392,3000.0,66.161,5133.655,1.654087,1.8704100000000001,1.82,False,50,fastest_but_recall_below_98,,1.2481492140000001,1000000.0,1.0,0.001,0.19676717800000001,prefilter,,0.19676717800000001,3000.0,96.0,3000.0,0.214167,0.226267,99.75,True,50,recall_pass_best,,multiple_piecewise_sign_changes,0.003,10,intersect,multi_crossing
,v100_early_pq_10k_full_20260602T031600Z__phaseB_cycle00_direct_retrain_1m__intersect__b65cfe09a09e,3,,,,,phaseB_cycle00_direct_retrain_1m,0,sift,1000000.0,/mnt/nvme1n1/PipeANN-github/experiments/v100_early_pq_10k_full_20260602T031600Z,1.4434263109999999,10000.0,66.143,5130.675,1.646098,1.8727909999999999,4.89,False,50,fastest_but_recall_below_98,,1.0579476749999999,1000000.0,1.0,0.001,0.385478636,prefilter,,0.385478636,10000.0,128.0,10000.0,0.433543,0.477514,99.71,True,100,recall_pass_best,,multiple_piecewise_sign_changes,0.01,10,intersect,multi_crossing
,v100_early_pq_10k_full_20260602T031600Z__phaseB_cycle00_direct_retrain_1m__intersect__b65cfe09a09e,3,,,,,phaseB_cycle00_direct_retrain_1m,0,sift,1000000.0,/mnt/nvme1n1/PipeANN-github/experiments/v100_early_pq_10k_full_20260602T031600Z,1.466477572,50000.0,66.157,5132.203,1.6834749999999998,1.925279,20.79,False,50,fastest_but_recall_below_98,,0.378309534,1000000.0,1.0,0.001,1.088168038,prefilter,,1.088168038,50000.0,160.0,50000.0,1.150034,1.1820599999999999,99.15,True,50,recall_pass_best,,multiple_piecewise_sign_changes,0.05,10,intersect,multi_crossing
,v100_early_pq_10k_full_20260602T031600Z__phaseB_cycle00_direct_retrain_1m__intersect__b65cfe09a09e,3,,,,,phaseB_cycle00_direct_retrain_1m,0,sift,1000000.0,/mnt/nvme1n1/PipeANN-github/experiments/v100_early_pq_10k_full_20260602T031600Z,1.4436786709999998,100000.0,66.187,5135.066,1.658678,1.882967,37.06,False,50,fastest_but_recall_below_98,,-0.41635327700000024,1000000.0,1.0,0.001,1.4436786709999998,graph,,1.860031948,100000.0,250.0,100000.0,1.947421,2.064889,98.46,True,250,recall_pass_best,,multiple_piecewise_sign_changes,0.1,10,intersect,multi_crossing
,v100_early_pq_10k_full_20260602T031600Z__phaseB_cycle00_direct_retrain_1m__intersect__b65cfe09a09e,3,,,,,phaseB_cycle00_direct_retrain_1m,0,sift,1000000.0,/mnt/nvme1n1/PipeANN-github/experiments/v100_early_pq_10k_full_20260602T031600Z,1.469749335,250000.0,66.151,5133.223,1.665697,1.883927,57.02,False,50,fastest_but_recall_below_98,,-2.3673274890000005,1000000.0,1.0,0.001,1.469749335,graph,,3.8370768240000004,250000.0,250.0,250000.0,3.9452730000000003,4.076167,98.26,True,250,recall_pass_best,,multiple_piecewise_sign_changes,0.25,10,intersect,multi_crossing
,v100_early_pq_10k_full_20260602T031600Z__phaseB_cycle00_direct_retrain_1m__intersect__b65cfe09a09e,3,,,,,phaseB_cycle00_direct_retrain_1m,0,sift,1000000.0,/mnt/nvme1n1/PipeANN-github/experiments/v100_early_pq_10k_full_20260602T031600Z,1.4654821649999998,300000.0,66.135,5131.132,1.6719870000000001,1.9453610000000001,60.66,False,50,fastest_but_recall_below_98,,-3.008983657,1000000.0,1.0,0.001,1.4654821649999998,graph,,4.474465822,300000.0,250.0,300000.0,4.674042999999999,4.843945,98.19,True,250,recall_pass_best,,multiple_piecewise_sign_changes,0.3,10,intersect,multi_crossing
,v100_early_pq_10k_full_20260602T031600Z__phaseB_cycle00_direct_retrain_1m__intersect__b65cfe09a09e,3,,,,,phaseB_cycle00_direct_retrain_1m,0,sift,1000000.0,/mnt/nvme1n1/PipeANN-github/experiments/v100_early_pq_10k_full_20260602T031600Z,9.691568672999999,500000.0,478.786,23639.485,10.196588,11.160311,98.12,True,470,recall_pass_best,,2.867389007999999,1000000.0,1.0,0.001,6.824179665,prefilter,,6.824179665,500000.0,300.0,500000.0,7.128385000000001,7.6700349999999995,98.54,True,300,recall_pass_best,,multiple_piecewise_sign_changes,0.5,10,intersect,multi_crossing
,v100_early_pq_10k_full_20260602T031600Z__phaseB_cycle00_direct_retrain_1m__intersect__b65cfe09a09e,3,,,,,phaseB_cycle00_direct_retrain_1m,0,sift,1000000.0,/mnt/nvme1n1/PipeANN-github/experiments/v100_early_pq_10k_full_20260602T031600Z,8.245579198,750000.0,409.228,21057.369,8.519176,8.991693999999999,98.37,True,400,recall_pass_best,,-2.006386600999999,1000000.0,1.0,0.001,8.245579198,graph,,10.251965798999999,750000.0,300.0,750000.0,10.461456,11.029988,98.03,True,300,recall_pass_best,,multiple_piecewise_sign_changes,0.75,10,intersect,multi_crossing
,v100_early_pq_10k_full_20260602T031600Z__phaseB_cycle00_direct_retrain_1m__intersect__b65cfe09a09e,3,,,,,phaseB_cycle00_direct_retrain_1m,0,sift,1000000.0,/mnt/nvme1n1/PipeANN-github/experiments/v100_early_pq_10k_full_20260602T031600Z,8.43991611,1000000.0,409.206,21055.216,8.681623,9.417845,98.82,True,400,recall_pass_best,,-4.878452230000001,1000000.0,1.0,0.001,8.43991611,graph,,13.318368340000001,1000000.0,400.0,1000000.0,13.770838,14.410038,98.74,True,400,recall_pass_best,,multiple_piecewise_sign_changes,1.0,10,intersect,multi_crossing
,v100_early_pq_10k_full_20260602T031600Z__phaseB_cycle00_direct_retrain_1m__range__98b71582d0fc,3,,,,,phaseB_cycle00_direct_retrain_1m,0,sift,1000000.0,/mnt/nvme1n1/PipeANN-github/experiments/v100_early_pq_10k_full_20260602T031600Z,1.44155543,1000.0,66.153,5132.224,1.648114,1.894441,0.42,False,50,fastest_but_recall_below_98,,1.290494259,1000000.0,1.0,0.001,0.151061171,prefilter,,0.151061171,1000.0,96.0,1000.0,0.16544399999999998,0.178701,99.98,True,50,recall_pass_best,,multiple_piecewise_sign_changes,0.001,10,range,multi_crossing
,v100_early_pq_10k_full_20260602T031600Z__phaseB_cycle00_direct_retrain_1m__range__98b71582d0fc,3,,,,,phaseB_cycle00_direct_retrain_1m,0,sift,1000000.0,/mnt/nvme1n1/PipeANN-github/experiments/v100_early_pq_10k_full_20260602T031600Z,1.447795546,3000.0,66.157,5132.808,1.66396,1.862695,1.82,False,50,fastest_but_recall_below_98,,1.240060237,1000000.0,1.0,0.001,0.207735309,prefilter,,0.207735309,3000.0,96.0,3000.0,0.233858,0.25207,99.75,True,50,recall_pass_best,,multiple_piecewise_sign_changes,0.003,10,range,multi_crossing
,v100_early_pq_10k_full_20260602T031600Z__phaseB_cycle00_direct_retrain_1m__range__98b71582d0fc,3,,,,,phaseB_cycle00_direct_retrain_1m,0,sift,1000000.0,/mnt/nvme1n1/PipeANN-github/experiments/v100_early_pq_10k_full_20260602T031600Z,1.466106649,10000.0,66.122,5131.871,1.671092,1.9105889999999999,4.88,False,50,fastest_but_recall_below_98,,1.076867681,1000000.0,1.0,0.001,0.389238968,prefilter,,0.389238968,10000.0,128.0,10000.0,0.416803,0.451055,99.71,True,75,recall_pass_best,,multiple_piecewise_sign_changes,0.01,10,range,multi_crossing
,v100_early_pq_10k_full_20260602T031600Z__phaseB_cycle00_direct_retrain_1m__range__98b71582d0fc,3,,,,,phaseB_cycle00_direct_retrain_1m,0,sift,1000000.0,/mnt/nvme1n1/PipeANN-github/experiments/v100_early_pq_10k_full_20260602T031600Z,1.4580481170000001,50000.0,66.156,5131.861,1.659446,1.898882,20.81,False,50,fastest_but_recall_below_98,,0.3374443450000002,1000000.0,1.0,0.001,1.120603772,prefilter,,1.120603772,50000.0,160.0,50000.0,1.179486,1.248548,99.15,True,75,recall_pass_best,,multiple_piecewise_sign_changes,0.05,10,range,multi_crossing
,v100_early_pq_10k_full_20260602T031600Z__phaseB_cycle00_direct_retrain_1m__range__98b71582d0fc,3,,,,,phaseB_cycle00_direct_retrain_1m,0,sift,1000000.0,/mnt/nvme1n1/PipeANN-github/experiments/v100_early_pq_10k_full_20260602T031600Z,1.4570426589999999,100000.0,66.123,5131.11,1.677432,1.867186,37.06,False,50,fastest_but_recall_below_98,,-0.4813225990000003,1000000.0,1.0,0.001,1.4570426589999999,graph,,1.9383652580000001,100000.0,250.0,100000.0,2.032045,2.169746,98.46,True,250,recall_pass_best,,multiple_piecewise_sign_changes,0.1,10,range,multi_crossing
,v100_early_pq_10k_full_20260602T031600Z__phaseB_cycle00_direct_retrain_1m__range__98b71582d0fc,3,,,,,phaseB_cycle00_direct_retrain_1m,0,sift,1000000.0,/mnt/nvme1n1/PipeANN-github/experiments/v100_early_pq_10k_full_20260602T031600Z,1.43192919,250000.0,66.153,5131.54,1.640509,1.882069,57.09,False,50,fastest_but_recall_below_98,,-2.4723580610000004,1000000.0,1.0,0.001,1.43192919,graph,,3.9042872510000004,250000.0,250.0,250000.0,4.0603359999999995,4.252851,98.26,True,250,recall_pass_best,,multiple_piecewise_sign_changes,0.25,10,range,multi_crossing
,v100_early_pq_10k_full_20260602T031600Z__phaseB_cycle00_direct_retrain_1m__range__98b71582d0fc,3,,,,,phaseB_cycle00_direct_retrain_1m,0,sift,1000000.0,/mnt/nvme1n1/PipeANN-github/experiments/v100_early_pq_10k_full_20260602T031600Z,1.484505447,300000.0,66.161,5132.616,1.695808,1.9409459999999998,60.63,False,50,fastest_but_recall_below_98,,-3.1236643929999994,1000000.0,1.0,0.001,1.484505447,graph,,4.6081698399999995,300000.0,250.0,300000.0,4.897911,5.163616,98.19,True,250,recall_pass_best,,multiple_piecewise_sign_changes,0.3,10,range,multi_crossing
,v100_early_pq_10k_full_20260602T031600Z__phaseB_cycle00_direct_retrain_1m__range__98b71582d0fc,3,,,,,phaseB_cycle00_direct_retrain_1m,0,sift,1000000.0,/mnt/nvme1n1/PipeANN-github/experiments/v100_early_pq_10k_full_20260602T031600Z,9.789004809,500000.0,478.823,23642.822,10.251699,11.262,98.12,True,470,recall_pass_best,,2.4869599189999994,1000000.0,1.0,0.001,7.30204489,prefilter,,7.30204489,500000.0,400.0,500000.0,7.552907,7.819073,99.21,True,400,recall_pass_best,,multiple_piecewise_sign_changes,0.5,10,range,multi_crossing
,v100_early_pq_10k_full_20260602T031600Z__phaseB_cycle00_direct_retrain_1m__range__98b71582d0fc,3,,,,,phaseB_cycle00_direct_retrain_1m,0,sift,1000000.0,/mnt/nvme1n1/PipeANN-github/experiments/v100_early_pq_10k_full_20260602T031600Z,8.280061992,750000.0,409.206,21055.265,8.568522000000002,9.25862,98.37,True,400,recall_pass_best,,-2.1001865110000004,1000000.0,1.0,0.001,8.280061992,graph,,10.380248503,750000.0,300.0,750000.0,10.83173,11.514794,98.03,True,300,recall_pass_best,,multiple_piecewise_sign_changes,0.75,10,range,multi_crossing
,v100_early_pq_10k_full_20260602T031600Z__phaseB_cycle00_direct_retrain_1m__range__98b71582d0fc,3,,,,,phaseB_cycle00_direct_retrain_1m,0,sift,1000000.0,/mnt/nvme1n1/PipeANN-github/experiments/v100_early_pq_10k_full_20260602T031600Z,8.331749998,1000000.0,409.211,21055.121,8.620655000000001,9.700072,98.82,True,400,recall_pass_best,,-5.5130844570000015,1000000.0,1.0,0.001,8.331749998,graph,,13.844834455,1000000.0,450.0,1000000.0,14.371457,15.325534,99.02,True,450,recall_pass_best,,multiple_piecewise_sign_changes,1.0,10,range,multi_crossing
,v100_early_pq_10k_full_20260602T031600Z__phaseB_cycle00_zero_insert_no_retrain_1m__intersect__b8a438bf9420,,-0.7329464669999999,0.1,0.08809798200000007,0.05,phaseB_cycle00_zero_insert_no_retrain_1m,0,sift,1000000.0,/mnt/nvme1n1/PipeANN-github/experiments/v100_early_pq_10k_full_20260602T031600Z,1.532740085,1000.0,70.195,5096.275,1.7243620000000002,1.870665,0.47,False,50,fastest_but_recall_below_98,0.05,1.341592267,1000000.0,1.0,0.001,0.191147818,prefilter,prefilter_below_graph_above,0.191147818,1000.0,96.0,1000.0,0.21149700000000002,0.24991999999999998,99.8,True,50,recall_pass_best,0.055364994678869094,piecewise_linear_avg_latency,0.001,10,intersect,crossing
,v100_early_pq_10k_full_20260602T031600Z__phaseB_cycle00_zero_insert_no_retrain_1m__intersect__b8a438bf9420,,-0.7329464669999999,0.1,0.08809798200000007,0.05,phaseB_cycle00_zero_insert_no_retrain_1m,0,sift,1000000.0,/mnt/nvme1n1/PipeANN-github/experiments/v100_early_pq_10k_full_20260602T031600Z,1.5913007950000002,3000.0,70.18,5094.289,1.7251869999999998,1.9504249999999999,2.52,False,50,fastest_but_recall_below_98,0.05,1.3116306450000002,1000000.0,1.0,0.001,0.27967014999999995,prefilter,prefilter_below_graph_above,0.27967014999999995,3000.0,96.0,3000.0,0.311295,0.344885,99.83,True,75,recall_pass_best,0.055364994678869094,piecewise_linear_avg_latency,0.003,10,intersect,crossing
,v100_early_pq_10k_full_20260602T031600Z__phaseB_cycle00_zero_insert_no_retrain_1m__intersect__b8a438bf9420,,-0.7329464669999999,0.1,0.08809798200000007,0.05,phaseB_cycle00_zero_insert_no_retrain_1m,0,sift,1000000.0,/mnt/nvme1n1/PipeANN-github/experiments/v100_early_pq_10k_full_20260602T031600Z,1.6203828329999999,10000.0,70.169,5092.612,1.8826489999999998,2.192977,6.1,False,50,fastest_but_recall_below_98,0.05,1.072744095,1000000.0,1.0,0.001,0.547638738,prefilter,prefilter_below_graph_above,0.547638738,10000.0,128.0,10000.0,0.617031,0.6680389999999999,99.54,True,100,recall_pass_best,0.055364994678869094,piecewise_linear_avg_latency,0.01,10,intersect,crossing
,v100_early_pq_10k_full_20260602T031600Z__phaseB_cycle00_zero_insert_no_retrain_1m__intersect__b8a438bf9420,,-0.7329464669999999,0.1,0.08809798200000007,0.05,phaseB_cycle00_zero_insert_no_retrain_1m,0,sift,1000000.0,/mnt/nvme1n1/PipeANN-github/experiments/v100_early_pq_10k_full_20260602T031600Z,1.528276786,50000.0,70.194,5096.005,1.71082,1.857109,21.48,False,50,fastest_but_recall_below_98,0.05,0.08809798200000007,1000000.0,1.0,0.001,1.4401788039999999,prefilter,prefilter_below_graph_above,1.4401788039999999,50000.0,160.0,50000.0,1.508444,1.584077,98.64,True,50,recall_pass_best,0.055364994678869094,piecewise_linear_avg_latency,0.05,10,intersect,crossing
,v100_early_pq_10k_full_20260602T031600Z__phaseB_cycle00_zero_insert_no_retrain_1m__intersect__b8a438bf9420,,-0.7329464669999999,0.1,0.08809798200000007,0.05,phaseB_cycle00_zero_insert_no_retrain_1m,0,sift,1000000.0,/mnt/nvme1n1/PipeANN-github/experiments/v100_early_pq_10k_full_20260602T031600Z,1.5472797,100000.0,70.175,5095.268,1.7359259999999999,1.900673,35.38,False,50,fastest_but_recall_below_98,0.05,-0.7329464669999999,1000000.0,1.0,0.001,1.5472797,graph,prefilter_below_graph_above,2.280226167,100000.0,250.0,100000.0,2.4321819999999996,2.600044,98.55,True,250,recall_pass_best,0.055364994678869094,piecewise_linear_avg_latency,0.1,10,intersect,crossing
,v100_early_pq_10k_full_20260602T031600Z__phaseB_cycle00_zero_insert_no_retrain_1m__intersect__b8a438bf9420,,-0.7329464669999999,0.1,0.08809798200000007,0.05,phaseB_cycle00_zero_insert_no_retrain_1m,0,sift,1000000.0,/mnt/nvme1n1/PipeANN-github/experiments/v100_early_pq_10k_full_20260602T031600Z,1.664155421,250000.0,70.182,5097.791,1.7237609999999999,2.3735839999999997,53.64,False,50,fastest_but_recall_below_98,0.05,-2.5936415459999997,1000000.0,1.0,0.001,1.664155421,graph,prefilter_below_graph_above,4.257796967,250000.0,300.0,250000.0,4.481129,4.723728,98.34,True,300,recall_pass_best,0.055364994678869094,piecewise_linear_avg_latency,0.25,10,intersect,crossing
,v100_early_pq_10k_full_20260602T031600Z__phaseB_cycle00_zero_insert_no_retrain_1m__intersect__b8a438bf9420,,-0.7329464669999999,0.1,0.08809798200000007,0.05,phaseB_cycle00_zero_insert_no_retrain_1m,0,sift,1000000.0,/mnt/nvme1n1/PipeANN-github/experiments/v100_early_pq_10k_full_20260602T031600Z,1.535924589,300000.0,70.16,5095.998,1.739348,1.900104,57.13,False,50,fastest_but_recall_below_98,0.05,-3.578435156,1000000.0,1.0,0.001,1.535924589,graph,prefilter_below_graph_above,5.114359745,300000.0,400.0,300000.0,5.304527,5.64775,98.84,True,400,recall_pass_best,0.055364994678869094,piecewise_linear_avg_latency,0.3,10,intersect,crossing
,v100_early_pq_10k_full_20260602T031600Z__phaseB_cycle00_zero_insert_no_retrain_1m__intersect__b8a438bf9420,,-0.7329464669999999,0.1,0.08809798200000007,0.05,phaseB_cycle00_zero_insert_no_retrain_1m,0,sift,1000000.0,/mnt/nvme1n1/PipeANN-github/experiments/v100_early_pq_10k_full_20260602T031600Z,1.5935497170000001,500000.0,70.152,5094.792,1.883828,2.44515,65.45,False,50,fastest_but_recall_below_98,0.05,-6.123757997999999,1000000.0,1.0,0.001,1.5935497170000001,graph,prefilter_below_graph_above,7.717307715,500000.0,470.0,500000.0,8.068857,8.79068,98.99,True,470,recall_pass_best,0.055364994678869094,piecewise_linear_avg_latency,0.5,10,intersect,crossing
,v100_early_pq_10k_full_20260602T031600Z__phaseB_cycle00_zero_insert_no_retrain_1m__intersect__b8a438bf9420,,-0.7329464669999999,0.1,0.08809798200000007,0.05,phaseB_cycle00_zero_insert_no_retrain_1m,0,sift,1000000.0,/mnt/nvme1n1/PipeANN-github/experiments/v100_early_pq_10k_full_20260602T031600Z,10.433474809,750000.0,513.855,23724.553,10.723724,11.485974,98.07,True,500,recall_pass_best,0.05,-0.14251615899999948,1000000.0,1.0,0.001,10.433474809,graph,prefilter_below_graph_above,10.575990968,750000.0,450.0,750000.0,10.958178,11.424393,98.54,True,450,recall_pass_best,0.055364994678869094,piecewise_linear_avg_latency,0.75,10,intersect,crossing
,v100_early_pq_10k_full_20260602T031600Z__phaseB_cycle00_zero_insert_no_retrain_1m__intersect__b8a438bf9420,,-0.7329464669999999,0.1,0.08809798200000007,0.05,phaseB_cycle00_zero_insert_no_retrain_1m,0,sift,1000000.0,/mnt/nvme1n1/PipeANN-github/experiments/v100_early_pq_10k_full_20260602T031600Z,9.534522831,1000000.0,464.053,22038.58,9.578671,10.240359,98.25,True,450,recall_pass_best,0.05,-4.297987006,1000000.0,1.0,0.001,9.534522831,graph,prefilter_below_graph_above,13.832509837,1000000.0,400.0,1000000.0,14.363146,15.104117,98.07,True,400,recall_pass_best,0.055364994678869094,piecewise_linear_avg_latency,1.0,10,intersect,crossing
,v100_early_pq_10k_full_20260602T031600Z__phaseB_cycle00_zero_insert_no_retrain_1m__range__8611d8e359ce,,-0.7770322860000001,0.1,0.10008199399999995,0.05,phaseB_cycle00_zero_insert_no_retrain_1m,0,sift,1000000.0,/mnt/nvme1n1/PipeANN-github/experiments/v100_early_pq_10k_full_20260602T031600Z,1.9259958320000001,1000.0,70.137,5091.501,1.7627940000000002,17.165294000000003,0.47,False,50,fastest_but_recall_below_98,0.05,1.7316466790000002,1000000.0,1.0,0.001,0.194349153,prefilter,prefilter_below_graph_above,0.194349153,1000.0,96.0,1000.0,0.21428,0.244062,99.8,True,75,recall_pass_best,0.05570518553181006,piecewise_linear_avg_latency,0.001,10,range,crossing
,v100_early_pq_10k_full_20260602T031600Z__phaseB_cycle00_zero_insert_no_retrain_1m__range__8611d8e359ce,,-0.7770322860000001,0.1,0.10008199399999995,0.05,phaseB_cycle00_zero_insert_no_retrain_1m,0,sift,1000000.0,/mnt/nvme1n1/PipeANN-github/experiments/v100_early_pq_10k_full_20260602T031600Z,1.540556329,3000.0,70.18,5097.376,1.720324,1.9099739999999998,2.52,False,50,fastest_but_recall_below_98,0.05,1.249373328,1000000.0,1.0,0.001,0.291183001,prefilter,prefilter_below_graph_above,0.291183001,3000.0,96.0,3000.0,0.32464,0.35184699999999997,99.83,True,75,recall_pass_best,0.05570518553181006,piecewise_linear_avg_latency,0.003,10,range,crossing
,v100_early_pq_10k_full_20260602T031600Z__phaseB_cycle00_zero_insert_no_retrain_1m__range__8611d8e359ce,,-0.7770322860000001,0.1,0.10008199399999995,0.05,phaseB_cycle00_zero_insert_no_retrain_1m,0,sift,1000000.0,/mnt/nvme1n1/PipeANN-github/experiments/v100_early_pq_10k_full_20260602T031600Z,1.540083688,10000.0,70.18,5096.315,1.723647,1.8870250000000002,6.11,False,50,fastest_but_recall_below_98,0.05,0.989936965,1000000.0,1.0,0.001,0.550146723,prefilter,prefilter_below_graph_above,0.550146723,10000.0,128.0,10000.0,0.597167,0.625572,99.54,True,100,recall_pass_best,0.05570518553181006,piecewise_linear_avg_latency,0.01,10,range,crossing
,v100_early_pq_10k_full_20260602T031600Z__phaseB_cycle00_zero_insert_no_retrain_1m__range__8611d8e359ce,,-0.7770322860000001,0.1,0.10008199399999995,0.05,phaseB_cycle00_zero_insert_no_retrain_1m,0,sift,1000000.0,/mnt/nvme1n1/PipeANN-github/experiments/v100_early_pq_10k_full_20260602T031600Z,1.543576294,50000.0,70.166,5095.431,1.734271,1.882539,21.49,False,50,fastest_but_recall_below_98,0.05,0.10008199399999995,1000000.0,1.0,0.001,1.4434943,prefilter,prefilter_below_graph_above,1.4434943,50000.0,160.0,50000.0,1.5043009999999999,1.5751169999999999,98.64,True,50,recall_pass_best,0.05570518553181006,piecewise_linear_avg_latency,0.05,10,range,crossing
,v100_early_pq_10k_full_20260602T031600Z__phaseB_cycle00_zero_insert_no_retrain_1m__range__8611d8e359ce,,-0.7770322860000001,0.1,0.10008199399999995,0.05,phaseB_cycle00_zero_insert_no_retrain_1m,0,sift,1000000.0,/mnt/nvme1n1/PipeANN-github/experiments/v100_early_pq_10k_full_20260602T031600Z,1.559485073,100000.0,70.158,5093.759,1.73748,1.891218,35.36,False,50,fastest_but_recall_below_98,0.05,-0.7770322860000001,1000000.0,1.0,0.001,1.559485073,graph,prefilter_below_graph_above,2.336517359,100000.0,250.0,100000.0,2.4384,2.657766,98.55,True,250,recall_pass_best,0.05570518553181006,piecewise_linear_avg_latency,0.1,10,range,crossing
,v100_early_pq_10k_full_20260602T031600Z__phaseB_cycle00_zero_insert_no_retrain_1m__range__8611d8e359ce,,-0.7770322860000001,0.1,0.10008199399999995,0.05,phaseB_cycle00_zero_insert_no_retrain_1m,0,sift,1000000.0,/mnt/nvme1n1/PipeANN-github/experiments/v100_early_pq_10k_full_20260602T031600Z,1.583176872,250000.0,70.176,5094.852,1.773183,1.94383,53.61,False,50,fastest_but_recall_below_98,0.05,-2.957479502999999,1000000.0,1.0,0.001,1.583176872,graph,prefilter_below_graph_above,4.540656374999999,250000.0,300.0,250000.0,4.820368,5.26538,98.34,True,300,recall_pass_best,0.05570518553181006,piecewise_linear_avg_latency,0.25,10,range,crossing
,v100_early_pq_10k_full_20260602T031600Z__phaseB_cycle00_zero_insert_no_retrain_1m__range__8611d8e359ce,,-0.7770322860000001,0.1,0.10008199399999995,0.05,phaseB_cycle00_zero_insert_no_retrain_1m,0,sift,1000000.0,/mnt/nvme1n1/PipeANN-github/experiments/v100_early_pq_10k_full_20260602T031600Z,1.572692639,300000.0,70.161,5094.55,1.756269,1.938997,57.11,False,50,fastest_but_recall_below_98,0.05,-3.349254466,1000000.0,1.0,0.001,1.572692639,graph,prefilter_below_graph_above,4.921947105,300000.0,300.0,300000.0,5.16024,5.537132,98.07,True,300,recall_pass_best,0.05570518553181006,piecewise_linear_avg_latency,0.3,10,range,crossing
,v100_early_pq_10k_full_20260602T031600Z__phaseB_cycle00_zero_insert_no_retrain_1m__range__8611d8e359ce,,-0.7770322860000001,0.1,0.10008199399999995,0.05,phaseB_cycle00_zero_insert_no_retrain_1m,0,sift,1000000.0,/mnt/nvme1n1/PipeANN-github/experiments/v100_early_pq_10k_full_20260602T031600Z,1.579890517,500000.0,70.179,5096.169,1.757827,1.907684,65.46,False,50,fastest_but_recall_below_98,0.05,-5.976469599,1000000.0,1.0,0.001,1.579890517,graph,prefilter_below_graph_above,7.556360116,500000.0,500.0,500000.0,7.839619,8.180465,99.1,True,500,recall_pass_best,0.05570518553181006,piecewise_linear_avg_latency,0.5,10,range,crossing
,v100_early_pq_10k_full_20260602T031600Z__phaseB_cycle00_zero_insert_no_retrain_1m__range__8611d8e359ce,,-0.7770322860000001,0.1,0.10008199399999995,0.05,phaseB_cycle00_zero_insert_no_retrain_1m,0,sift,1000000.0,/mnt/nvme1n1/PipeANN-github/experiments/v100_early_pq_10k_full_20260602T031600Z,10.409550777,750000.0,513.786,23714.766,10.664494000000001,11.305712999999999,98.07,True,500,recall_pass_best,0.05,-0.08862208300000063,1000000.0,1.0,0.001,10.409550777,graph,prefilter_below_graph_above,10.49817286,750000.0,400.0,750000.0,10.775433999999999,11.370484000000001,98.19,True,400,recall_pass_best,0.05570518553181006,piecewise_linear_avg_latency,0.75,10,range,crossing
,v100_early_pq_10k_full_20260602T031600Z__phaseB_cycle00_zero_insert_no_retrain_1m__range__8611d8e359ce,,-0.7770322860000001,0.1,0.10008199399999995,0.05,phaseB_cycle00_zero_insert_no_retrain_1m,0,sift,1000000.0,/mnt/nvme1n1/PipeANN-github/experiments/v100_early_pq_10k_full_20260602T031600Z,9.894150525999999,1000000.0,464.239,22060.886,9.695784999999999,10.325244000000001,98.25,True,450,recall_pass_best,0.05,-4.0388269810000015,1000000.0,1.0,0.001,9.894150525999999,graph,prefilter_below_graph_above,13.932977507,1000000.0,450.0,1000000.0,14.655977,15.725645,98.38,True,450,recall_pass_best,0.05570518553181006,piecewise_linear_avg_latency,1.0,10,range,crossing
,v100_early_pq_10k_full_20260602T031600Z__phaseC_cycle01_no_retrain_across_cycles__intersect__ec3a3a202497,,-0.415309186,0.1,0.3979409090000001,0.05,phaseC_cycle01_no_retrain_across_cycles,1,sift,1000000.0,/mnt/nvme1n1/PipeANN-github/experiments/v100_early_pq_10k_full_20260602T031600Z,1.7813331940000001,1000.0,72.547,5182.676,1.826416,15.6268,0.42,False,50,fastest_but_recall_below_98,0.05,1.5926499580000002,1000000.0,1.0,0.001,0.188683236,prefilter,prefilter_below_graph_above,0.188683236,1000.0,96.0,1000.0,0.203481,0.235632,99.92,True,75,recall_pass_best,0.07446608438453364,piecewise_linear_avg_latency,0.001,10,intersect,crossing
,v100_early_pq_10k_full_20260602T031600Z__phaseC_cycle01_no_retrain_across_cycles__intersect__ec3a3a202497,,-0.415309186,0.1,0.3979409090000001,0.05,phaseC_cycle01_no_retrain_across_cycles,1,sift,1000000.0,/mnt/nvme1n1/PipeANN-github/experiments/v100_early_pq_10k_full_20260602T031600Z,1.572231397,3000.0,72.571,5182.945,1.789931,2.034219,1.84,False,50,fastest_but_recall_below_98,0.05,1.305039638,1000000.0,1.0,0.001,0.267191759,prefilter,prefilter_below_graph_above,0.267191759,3000.0,96.0,3000.0,0.29385300000000003,0.332866,99.54,True,50,recall_pass_best,0.07446608438453364,piecewise_linear_avg_latency,0.003,10,intersect,crossing
,v100_early_pq_10k_full_20260602T031600Z__phaseC_cycle01_no_retrain_across_cycles__intersect__ec3a3a202497,,-0.415309186,0.1,0.3979409090000001,0.05,phaseC_cycle01_no_retrain_across_cycles,1,sift,1000000.0,/mnt/nvme1n1/PipeANN-github/experiments/v100_early_pq_10k_full_20260602T031600Z,1.8860097040000001,10000.0,72.563,5183.196,1.841376,17.757963,6.14,False,50,fastest_but_recall_below_98,0.05,1.339810021,1000000.0,1.0,0.001,0.5461996830000001,prefilter,prefilter_below_graph_above,0.5461996830000001,10000.0,128.0,10000.0,0.58545,0.626927,99.35,True,75,recall_pass_best,0.07446608438453364,piecewise_linear_avg_latency,0.01,10,intersect,crossing
,v100_early_pq_10k_full_20260602T031600Z__phaseC_cycle01_no_retrain_across_cycles__intersect__ec3a3a202497,,-0.415309186,0.1,0.3979409090000001,0.05,phaseC_cycle01_no_retrain_across_cycles,1,sift,1000000.0,/mnt/nvme1n1/PipeANN-github/experiments/v100_early_pq_10k_full_20260602T031600Z,1.7862038580000001,50000.0,72.564,5183.06,1.870604,13.839084000000001,20.94,False,50,fastest_but_recall_below_98,0.05,0.3979409090000001,1000000.0,1.0,0.001,1.388262949,prefilter,prefilter_below_graph_above,1.388262949,50000.0,160.0,50000.0,1.477468,1.609262,98.59,True,100,recall_pass_best,0.07446608438453364,piecewise_linear_avg_latency,0.05,10,intersect,crossing
,v100_early_pq_10k_full_20260602T031600Z__phaseC_cycle01_no_retrain_across_cycles__intersect__ec3a3a202497,,-0.415309186,0.1,0.3979409090000001,0.05,phaseC_cycle01_no_retrain_across_cycles,1,sift,1000000.0,/mnt/nvme1n1/PipeANN-github/experiments/v100_early_pq_10k_full_20260602T031600Z,1.829480481,100000.0,72.561,5182.098,1.883064,16.999765,35.47,False,50,fastest_but_recall_below_98,0.05,-0.415309186,1000000.0,1.0,0.001,1.829480481,graph,prefilter_below_graph_above,2.244789667,100000.0,200.0,100000.0,2.3870270000000002,2.506469,98.46,True,200,recall_pass_best,0.07446608438453364,piecewise_linear_avg_latency,0.1,10,intersect,crossing
,v100_early_pq_10k_full_20260602T031600Z__phaseC_cycle01_no_retrain_across_cycles__intersect__ec3a3a202497,,-0.415309186,0.1,0.3979409090000001,0.05,phaseC_cycle01_no_retrain_across_cycles,1,sift,1000000.0,/mnt/nvme1n1/PipeANN-github/experiments/v100_early_pq_10k_full_20260602T031600Z,1.582410551,250000.0,72.567,5183.87,1.7988030000000002,2.066899,53.58,False,50,fastest_but_recall_below_98,0.05,-2.756923895,1000000.0,1.0,0.001,1.582410551,graph,prefilter_below_graph_above,4.339334446,250000.0,250.0,250000.0,4.625376,4.931239,98.01,True,250,recall_pass_best,0.07446608438453364,piecewise_linear_avg_latency,0.25,10,intersect,crossing
,v100_early_pq_10k_full_20260602T031600Z__phaseC_cycle01_no_retrain_across_cycles__intersect__ec3a3a202497,,-0.415309186,0.1,0.3979409090000001,0.05,phaseC_cycle01_no_retrain_across_cycles,1,sift,1000000.0,/mnt/nvme1n1/PipeANN-github/experiments/v100_early_pq_10k_full_20260602T031600Z,1.5775997689999999,300000.0,72.6,5186.586,1.80079,2.0672620000000004,57.37,False,50,fastest_but_recall_below_98,0.05,-3.4673126410000004,1000000.0,1.0,0.001,1.5775997689999999,graph,prefilter_below_graph_above,5.04491241,300000.0,300.0,300000.0,5.357856,5.739778,98.04,True,300,recall_pass_best,0.07446608438453364,piecewise_linear_avg_latency,0.3,10,intersect,crossing
,v100_early_pq_10k_full_20260602T031600Z__phaseC_cycle01_no_retrain_across_cycles__intersect__ec3a3a202497,,-0.415309186,0.1,0.3979409090000001,0.05,phaseC_cycle01_no_retrain_across_cycles,1,sift,1000000.0,/mnt/nvme1n1/PipeANN-github/experiments/v100_early_pq_10k_full_20260602T031600Z,1.5851046770000001,500000.0,72.572,5182.886,1.800479,2.0754650000000003,65.67,False,50,fastest_but_recall_below_98,0.05,-5.858810837999999,1000000.0,1.0,0.001,1.5851046770000001,graph,prefilter_below_graph_above,7.443915515,500000.0,450.0,500000.0,7.935393,8.255233,98.78,True,450,recall_pass_best,0.07446608438453364,piecewise_linear_avg_latency,0.5,10,intersect,crossing
,v100_early_pq_10k_full_20260602T031600Z__phaseC_cycle01_no_retrain_across_cycles__intersect__ec3a3a202497,,-0.415309186,0.1,0.3979409090000001,0.05,phaseC_cycle01_no_retrain_across_cycles,1,sift,1000000.0,/mnt/nvme1n1/PipeANN-github/experiments/v100_early_pq_10k_full_20260602T031600Z,1.603688069,750000.0,72.574,5184.802,1.853596,2.0778090000000002,72.58,False,50,fastest_but_recall_below_98,0.05,-9.061805030999999,1000000.0,1.0,0.001,1.603688069,graph,prefilter_below_graph_above,10.665493099999999,750000.0,470.0,750000.0,10.936825,11.517111000000002,98.63,True,470,recall_pass_best,0.07446608438453364,piecewise_linear_avg_latency,0.75,10,intersect,crossing
,v100_early_pq_10k_full_20260602T031600Z__phaseC_cycle01_no_retrain_across_cycles__intersect__ec3a3a202497,,-0.415309186,0.1,0.3979409090000001,0.05,phaseC_cycle01_no_retrain_across_cycles,1,sift,1000000.0,/mnt/nvme1n1/PipeANN-github/experiments/v100_early_pq_10k_full_20260602T031600Z,10.57111508,1000000.0,515.294,22987.644,10.946423000000001,11.467883,98.22,True,500,recall_pass_best,0.05,-3.135447612,1000000.0,1.0,0.001,10.57111508,graph,prefilter_below_graph_above,13.706562692,1000000.0,500.0,1000000.0,14.017998,14.526354,98.48,True,500,recall_pass_best,0.07446608438453364,piecewise_linear_avg_latency,1.0,10,intersect,crossing
,v100_early_pq_10k_full_20260602T031600Z__phaseC_cycle01_no_retrain_across_cycles__range__84ab40af2941,,-0.6628963360000004,0.1,0.4243681450000001,0.05,phaseC_cycle01_no_retrain_across_cycles,1,sift,1000000.0,/mnt/nvme1n1/PipeANN-github/experiments/v100_early_pq_10k_full_20260602T031600Z,1.573498364,1000.0,72.546,5181.483,1.793001,2.00368,0.42,False,50,fastest_but_recall_below_98,0.05,1.3879396499999999,1000000.0,1.0,0.001,0.185558714,prefilter,prefilter_below_graph_above,0.185558714,1000.0,96.0,1000.0,0.20746799999999999,0.23428800000000002,99.92,True,50,recall_pass_best,0.06951540551613035,piecewise_linear_avg_latency,0.001,10,range,crossing
,v100_early_pq_10k_full_20260602T031600Z__phaseC_cycle01_no_retrain_across_cycles__range__84ab40af2941,,-0.6628963360000004,0.1,0.4243681450000001,0.05,phaseC_cycle01_no_retrain_across_cycles,1,sift,1000000.0,/mnt/nvme1n1/PipeANN-github/experiments/v100_early_pq_10k_full_20260602T031600Z,1.588126216,3000.0,72.57,5183.257,1.800624,2.056727,1.84,False,50,fastest_but_recall_below_98,0.05,1.312562411,1000000.0,1.0,0.001,0.275563805,prefilter,prefilter_below_graph_above,0.275563805,3000.0,96.0,3000.0,0.303725,0.34169,99.54,True,75,recall_pass_best,0.06951540551613035,piecewise_linear_avg_latency,0.003,10,range,crossing
,v100_early_pq_10k_full_20260602T031600Z__phaseC_cycle01_no_retrain_across_cycles__range__84ab40af2941,,-0.6628963360000004,0.1,0.4243681450000001,0.05,phaseC_cycle01_no_retrain_across_cycles,1,sift,1000000.0,/mnt/nvme1n1/PipeANN-github/experiments/v100_early_pq_10k_full_20260602T031600Z,1.6610883449999998,10000.0,72.576,5182.27,1.845637,2.300935,6.17,False,50,fastest_but_recall_below_98,0.05,1.1160354179999998,1000000.0,1.0,0.001,0.545052927,prefilter,prefilter_below_graph_above,0.545052927,10000.0,128.0,10000.0,0.594271,0.626039,99.35,True,50,recall_pass_best,0.06951540551613035,piecewise_linear_avg_latency,0.01,10,range,crossing
,v100_early_pq_10k_full_20260602T031600Z__phaseC_cycle01_no_retrain_across_cycles__range__84ab40af2941,,-0.6628963360000004,0.1,0.4243681450000001,0.05,phaseC_cycle01_no_retrain_across_cycles,1,sift,1000000.0,/mnt/nvme1n1/PipeANN-github/experiments/v100_early_pq_10k_full_20260602T031600Z,1.844617361,50000.0,72.542,5181.428,1.872867,15.766525,20.95,False,50,fastest_but_recall_below_98,0.05,0.4243681450000001,1000000.0,1.0,0.001,1.420249216,prefilter,prefilter_below_graph_above,1.420249216,50000.0,160.0,50000.0,1.4918030000000002,1.584883,98.59,True,75,recall_pass_best,0.06951540551613035,piecewise_linear_avg_latency,0.05,10,range,crossing
,v100_early_pq_10k_full_20260602T031600Z__phaseC_cycle01_no_retrain_across_cycles__range__84ab40af2941,,-0.6628963360000004,0.1,0.4243681450000001,0.05,phaseC_cycle01_no_retrain_across_cycles,1,sift,1000000.0,/mnt/nvme1n1/PipeANN-github/experiments/v100_early_pq_10k_full_20260602T031600Z,1.619763841,100000.0,72.569,5185.062,1.868162,2.100541,35.43,False,50,fastest_but_recall_below_98,0.05,-0.6628963360000004,1000000.0,1.0,0.001,1.619763841,graph,prefilter_below_graph_above,2.2826601770000003,100000.0,200.0,100000.0,2.423643,2.5931439999999997,98.46,True,200,recall_pass_best,0.06951540551613035,piecewise_linear_avg_latency,0.1,10,range,crossing
,v100_early_pq_10k_full_20260602T031600Z__phaseC_cycle01_no_retrain_across_cycles__range__84ab40af2941,,-0.6628963360000004,0.1,0.4243681450000001,0.05,phaseC_cycle01_no_retrain_across_cycles,1,sift,1000000.0,/mnt/nvme1n1/PipeANN-github/experiments/v100_early_pq_10k_full_20260602T031600Z,1.81864111,250000.0,72.562,5181.816,1.914536,14.710987,53.6,False,50,fastest_but_recall_below_98,0.05,-2.460461931,1000000.0,1.0,0.001,1.81864111,graph,prefilter_below_graph_above,4.279103041,250000.0,250.0,250000.0,4.428192,4.850166,98.01,True,250,recall_pass_best,0.06951540551613035,piecewise_linear_avg_latency,0.25,10,range,crossing
,v100_early_pq_10k_full_20260602T031600Z__phaseC_cycle01_no_retrain_across_cycles__range__84ab40af2941,,-0.6628963360000004,0.1,0.4243681450000001,0.05,phaseC_cycle01_no_retrain_across_cycles,1,sift,1000000.0,/mnt/nvme1n1/PipeANN-github/experiments/v100_early_pq_10k_full_20260602T031600Z,1.907244846,300000.0,72.546,5182.695,1.885637,17.700598000000003,57.34,False,50,fastest_but_recall_below_98,0.05,-3.3902098699999996,1000000.0,1.0,0.001,1.907244846,graph,prefilter_below_graph_above,5.297454716,300000.0,470.0,300000.0,5.529647,5.881552,99.1,True,470,recall_pass_best,0.06951540551613035,piecewise_linear_avg_latency,0.3,10,range,crossing
,v100_early_pq_10k_full_20260602T031600Z__phaseC_cycle01_no_retrain_across_cycles__range__84ab40af2941,,-0.6628963360000004,0.1,0.4243681450000001,0.05,phaseC_cycle01_no_retrain_across_cycles,1,sift,1000000.0,/mnt/nvme1n1/PipeANN-github/experiments/v100_early_pq_10k_full_20260602T031600Z,2.2726904279999998,500000.0,96.025,6648.587,2.424291,2.9098560000000004,74.16,False,75,fastest_but_recall_below_98,0.05,-5.334757325000001,1000000.0,1.0,0.001,2.2726904279999998,graph,prefilter_below_graph_above,7.607447753000001,500000.0,500.0,500000.0,8.091965,8.511804,98.95,True,500,recall_pass_best,0.06951540551613035,piecewise_linear_avg_latency,0.5,10,range,crossing
,v100_early_pq_10k_full_20260602T031600Z__phaseC_cycle01_no_retrain_across_cycles__range__84ab40af2941,,-0.6628963360000004,0.1,0.4243681450000001,0.05,phaseC_cycle01_no_retrain_across_cycles,1,sift,1000000.0,/mnt/nvme1n1/PipeANN-github/experiments/v100_early_pq_10k_full_20260602T031600Z,1.6368067579999999,750000.0,72.569,5181.364,1.858575,2.1336239999999997,72.57,False,50,fastest_but_recall_below_98,0.05,-8.830811254999999,1000000.0,1.0,0.001,1.6368067579999999,graph,prefilter_below_graph_above,10.467618013,750000.0,400.0,750000.0,10.757614,11.669551,98.2,True,400,recall_pass_best,0.06951540551613035,piecewise_linear_avg_latency,0.75,10,range,crossing
,v100_early_pq_10k_full_20260602T031600Z__phaseC_cycle01_no_retrain_across_cycles__range__84ab40af2941,,-0.6628963360000004,0.1,0.4243681450000001,0.05,phaseC_cycle01_no_retrain_across_cycles,1,sift,1000000.0,/mnt/nvme1n1/PipeANN-github/experiments/v100_early_pq_10k_full_20260602T031600Z,10.502130655,1000000.0,515.477,23011.506,10.796381,11.627735000000001,98.22,True,500,recall_pass_best,0.05,-2.9336419389999993,1000000.0,1.0,0.001,10.502130655,graph,prefilter_below_graph_above,13.435772594,1000000.0,450.0,1000000.0,14.091693,14.635971999999999,98.18,True,450,recall_pass_best,0.06951540551613035,piecewise_linear_avg_latency,1.0,10,range,crossing
,v100_early_pq_10k_full_20260602T031600Z__phaseC_cycle01_retrain_each_cycle__intersect__6d2f7a5cb05f,3,,,,,phaseC_cycle01_retrain_each_cycle,1,sift,1000000.0,/mnt/nvme1n1/PipeANN-github/experiments/v100_early_pq_10k_full_20260602T031600Z,1.8295204280000001,1000.0,66.776,5147.911,1.722924,17.995386,0.25,False,50,fastest_but_recall_below_98,,1.6825826300000002,1000000.0,1.0,0.001,0.14693779799999998,prefilter,,0.14693779799999998,1000.0,96.0,1000.0,0.165285,0.181906,99.91,True,75,recall_pass_best,,multiple_piecewise_sign_changes,0.001,10,intersect,multi_crossing
,v100_early_pq_10k_full_20260602T031600Z__phaseC_cycle01_retrain_each_cycle__intersect__6d2f7a5cb05f,3,,,,,phaseC_cycle01_retrain_each_cycle,1,sift,1000000.0,/mnt/nvme1n1/PipeANN-github/experiments/v100_early_pq_10k_full_20260602T031600Z,1.459046434,3000.0,66.761,5146.818,1.65801,1.897874,1.49,False,50,fastest_but_recall_below_98,,1.260919678,1000000.0,1.0,0.001,0.198126756,prefilter,,0.198126756,3000.0,100.0,3000.0,0.21507300000000001,0.23683600000000002,99.78,True,100,recall_pass_best,,multiple_piecewise_sign_changes,0.003,10,intersect,multi_crossing
,v100_early_pq_10k_full_20260602T031600Z__phaseC_cycle01_retrain_each_cycle__intersect__6d2f7a5cb05f,3,,,,,phaseC_cycle01_retrain_each_cycle,1,sift,1000000.0,/mnt/nvme1n1/PipeANN-github/experiments/v100_early_pq_10k_full_20260602T031600Z,1.455827912,10000.0,66.797,5151.342,1.660418,1.8835039999999998,5.43,False,50,fastest_but_recall_below_98,,1.0818131919999998,1000000.0,1.0,0.001,0.37401472,prefilter,,0.37401472,10000.0,128.0,10000.0,0.406452,0.437118,99.51,True,50,recall_pass_best,,multiple_piecewise_sign_changes,0.01,10,intersect,multi_crossing
,v100_early_pq_10k_full_20260602T031600Z__phaseC_cycle01_retrain_each_cycle__intersect__6d2f7a5cb05f,3,,,,,phaseC_cycle01_retrain_each_cycle,1,sift,1000000.0,/mnt/nvme1n1/PipeANN-github/experiments/v100_early_pq_10k_full_20260602T031600Z,1.457308148,50000.0,66.791,5150.726,1.6660840000000001,1.887342,21.82,False,50,fastest_but_recall_below_98,,0.367451065,1000000.0,1.0,0.001,1.089857083,prefilter,,1.089857083,50000.0,160.0,50000.0,1.145445,1.1792529999999999,98.99,True,50,recall_pass_best,,multiple_piecewise_sign_changes,0.05,10,intersect,multi_crossing
,v100_early_pq_10k_full_20260602T031600Z__phaseC_cycle01_retrain_each_cycle__intersect__6d2f7a5cb05f,3,,,,,phaseC_cycle01_retrain_each_cycle,1,sift,1000000.0,/mnt/nvme1n1/PipeANN-github/experiments/v100_early_pq_10k_full_20260602T031600Z,1.476708938,100000.0,66.763,5147.752,1.689826,1.978757,38.33,False,50,fastest_but_recall_below_98,,-0.28976305999999985,1000000.0,1.0,0.001,1.476708938,graph,,1.7664719979999999,100000.0,160.0,100000.0,1.8196210000000002,1.968963,98.37,True,75,recall_pass_best,,multiple_piecewise_sign_changes,0.1,10,intersect,multi_crossing
,v100_early_pq_10k_full_20260602T031600Z__phaseC_cycle01_retrain_each_cycle__intersect__6d2f7a5cb05f,3,,,,,phaseC_cycle01_retrain_each_cycle,1,sift,1000000.0,/mnt/nvme1n1/PipeANN-github/experiments/v100_early_pq_10k_full_20260602T031600Z,1.453074521,250000.0,66.751,5146.73,1.658711,1.857104,57.58,False,50,fastest_but_recall_below_98,,-2.2708533269999998,1000000.0,1.0,0.001,1.453074521,graph,,3.7239278479999998,250000.0,200.0,250000.0,3.859298,4.093037,98.26,True,200,recall_pass_best,,multiple_piecewise_sign_changes,0.25,10,intersect,multi_crossing
,v100_early_pq_10k_full_20260602T031600Z__phaseC_cycle01_retrain_each_cycle__intersect__6d2f7a5cb05f,3,,,,,phaseC_cycle01_retrain_each_cycle,1,sift,1000000.0,/mnt/nvme1n1/PipeANN-github/experiments/v100_early_pq_10k_full_20260602T031600Z,1.4763126709999999,300000.0,66.831,5152.859,1.702472,1.975362,62.35,False,50,fastest_but_recall_below_98,,-3.0330005170000005,1000000.0,1.0,0.001,1.4763126709999999,graph,,4.509313188,300000.0,300.0,300000.0,4.739441,5.0064210000000005,99.13,True,300,recall_pass_best,,multiple_piecewise_sign_changes,0.3,10,intersect,multi_crossing
,v100_early_pq_10k_full_20260602T031600Z__phaseC_cycle01_retrain_each_cycle__intersect__6d2f7a5cb05f,3,,,,,phaseC_cycle01_retrain_each_cycle,1,sift,1000000.0,/mnt/nvme1n1/PipeANN-github/experiments/v100_early_pq_10k_full_20260602T031600Z,8.224371211,500000.0,409.36,21043.654,8.531921,8.923607,98.08,True,400,recall_pass_best,,1.1435687039999989,1000000.0,1.0,0.001,7.0808025070000005,prefilter,,7.0808025070000005,500000.0,250.0,500000.0,7.377523,7.739723,98.44,True,250,recall_pass_best,,multiple_piecewise_sign_changes,0.5,10,intersect,multi_crossing
,v100_early_pq_10k_full_20260602T031600Z__phaseC_cycle01_retrain_each_cycle__intersect__6d2f7a5cb05f,3,,,,,phaseC_cycle01_retrain_each_cycle,1,sift,1000000.0,/mnt/nvme1n1/PipeANN-github/experiments/v100_early_pq_10k_full_20260602T031600Z,8.387992708,750000.0,409.373,21045.055,8.712087,9.226946,98.73,True,400,recall_pass_best,,-1.9362545339999997,1000000.0,1.0,0.001,8.387992708,graph,,10.324247242,750000.0,400.0,750000.0,10.733184999999999,11.296155,99.06,True,400,recall_pass_best,,multiple_piecewise_sign_changes,0.75,10,intersect,multi_crossing
,v100_early_pq_10k_full_20260602T031600Z__phaseC_cycle01_retrain_each_cycle__intersect__6d2f7a5cb05f,3,,,,,phaseC_cycle01_retrain_each_cycle,1,sift,1000000.0,/mnt/nvme1n1/PipeANN-github/experiments/v100_early_pq_10k_full_20260602T031600Z,8.519071873000001,1000000.0,409.372,21044.828,8.590252,9.101572,99.02,True,400,recall_pass_best,,-4.8610484849999995,1000000.0,1.0,0.001,8.519071873000001,graph,,13.380120358000001,1000000.0,400.0,1000000.0,13.815661,14.675469,98.95,True,400,recall_pass_best,,multiple_piecewise_sign_changes,1.0,10,intersect,multi_crossing
,v100_early_pq_10k_full_20260602T031600Z__phaseC_cycle01_retrain_each_cycle__range__6af404606fa3,3,,,,,phaseC_cycle01_retrain_each_cycle,1,sift,1000000.0,/mnt/nvme1n1/PipeANN-github/experiments/v100_early_pq_10k_full_20260602T031600Z,1.4797779210000002,1000.0,66.784,5148.754,1.682998,1.9567560000000002,0.25,False,50,fastest_but_recall_below_98,,1.3278715890000001,1000000.0,1.0,0.001,0.151906332,prefilter,,0.151906332,1000.0,96.0,1000.0,0.1677,0.17832800000000001,99.91,True,50,recall_pass_best,,multiple_piecewise_sign_changes,0.001,10,range,multi_crossing
,v100_early_pq_10k_full_20260602T031600Z__phaseC_cycle01_retrain_each_cycle__range__6af404606fa3,3,,,,,phaseC_cycle01_retrain_each_cycle,1,sift,1000000.0,/mnt/nvme1n1/PipeANN-github/experiments/v100_early_pq_10k_full_20260602T031600Z,1.463730008,3000.0,66.794,5149.232,1.6621839999999999,1.893238,1.49,False,50,fastest_but_recall_below_98,,1.261667919,1000000.0,1.0,0.001,0.20206208899999997,prefilter,,0.20206208899999997,3000.0,96.0,3000.0,0.227843,0.249082,99.71,True,75,recall_pass_best,,multiple_piecewise_sign_changes,0.003,10,range,multi_crossing
,v100_early_pq_10k_full_20260602T031600Z__phaseC_cycle01_retrain_each_cycle__range__6af404606fa3,3,,,,,phaseC_cycle01_retrain_each_cycle,1,sift,1000000.0,/mnt/nvme1n1/PipeANN-github/experiments/v100_early_pq_10k_full_20260602T031600Z,1.4752927500000002,10000.0,66.796,5150.566,1.68772,1.920259,5.45,False,50,fastest_but_recall_below_98,,1.082578352,1000000.0,1.0,0.001,0.392714398,prefilter,,0.392714398,10000.0,128.0,10000.0,0.437861,0.466092,99.51,True,75,recall_pass_best,,multiple_piecewise_sign_changes,0.01,10,range,multi_crossing
,v100_early_pq_10k_full_20260602T031600Z__phaseC_cycle01_retrain_each_cycle__range__6af404606fa3,3,,,,,phaseC_cycle01_retrain_each_cycle,1,sift,1000000.0,/mnt/nvme1n1/PipeANN-github/experiments/v100_early_pq_10k_full_20260602T031600Z,1.496974117,50000.0,66.775,5149.371,1.7048830000000001,1.940692,21.82,False,50,fastest_but_recall_below_98,,0.36198267400000006,1000000.0,1.0,0.001,1.1349914429999999,prefilter,,1.1349914429999999,50000.0,160.0,50000.0,1.192236,1.2531210000000002,98.99,True,50,recall_pass_best,,multiple_piecewise_sign_changes,0.05,10,range,multi_crossing
,v100_early_pq_10k_full_20260602T031600Z__phaseC_cycle01_retrain_each_cycle__range__6af404606fa3,3,,,,,phaseC_cycle01_retrain_each_cycle,1,sift,1000000.0,/mnt/nvme1n1/PipeANN-github/experiments/v100_early_pq_10k_full_20260602T031600Z,1.476038113,100000.0,66.78,5149.53,1.683822,1.898814,38.32,False,50,fastest_but_recall_below_98,,-0.3121630679999998,1000000.0,1.0,0.001,1.476038113,graph,,1.7882011809999998,100000.0,160.0,100000.0,1.91276,1.990787,98.37,True,75,recall_pass_best,,multiple_piecewise_sign_changes,0.1,10,range,multi_crossing
,v100_early_pq_10k_full_20260602T031600Z__phaseC_cycle01_retrain_each_cycle__range__6af404606fa3,3,,,,,phaseC_cycle01_retrain_each_cycle,1,sift,1000000.0,/mnt/nvme1n1/PipeANN-github/experiments/v100_early_pq_10k_full_20260602T031600Z,1.492091436,250000.0,66.807,5150.333,1.704416,1.916464,57.63,False,50,fastest_but_recall_below_98,,-2.213221163,1000000.0,1.0,0.001,1.492091436,graph,,3.705312599,250000.0,192.0,250000.0,3.875451,4.1186549999999995,98.08,True,150,recall_pass_best,,multiple_piecewise_sign_changes,0.25,10,range,multi_crossing
,v100_early_pq_10k_full_20260602T031600Z__phaseC_cycle01_retrain_each_cycle__range__6af404606fa3,3,,,,,phaseC_cycle01_retrain_each_cycle,1,sift,1000000.0,/mnt/nvme1n1/PipeANN-github/experiments/v100_early_pq_10k_full_20260602T031600Z,1.4999103219999999,300000.0,66.783,5149.647,1.7049459999999999,1.914374,62.33,False,50,fastest_but_recall_below_98,,-2.9681996980000003,1000000.0,1.0,0.001,1.4999103219999999,graph,,4.46811002,300000.0,250.0,300000.0,4.626473,4.7645159999999995,98.62,True,250,recall_pass_best,,multiple_piecewise_sign_changes,0.3,10,range,multi_crossing
,v100_early_pq_10k_full_20260602T031600Z__phaseC_cycle01_retrain_each_cycle__range__6af404606fa3,3,,,,,phaseC_cycle01_retrain_each_cycle,1,sift,1000000.0,/mnt/nvme1n1/PipeANN-github/experiments/v100_early_pq_10k_full_20260602T031600Z,8.410551472,500000.0,409.382,21045.563,8.747290999999999,9.234107,98.08,True,400,recall_pass_best,,1.176411495,1000000.0,1.0,0.001,7.234139977,prefilter,,7.234139977,500000.0,300.0,500000.0,7.732241,8.310242,98.84,True,300,recall_pass_best,,multiple_piecewise_sign_changes,0.5,10,range,multi_crossing
,v100_early_pq_10k_full_20260602T031600Z__phaseC_cycle01_retrain_each_cycle__range__6af404606fa3,3,,,,,phaseC_cycle01_retrain_each_cycle,1,sift,1000000.0,/mnt/nvme1n1/PipeANN-github/experiments/v100_early_pq_10k_full_20260602T031600Z,8.454311268,750000.0,409.364,21043.481,8.759255999999999,9.233047000000001,98.73,True,400,recall_pass_best,,-1.833537625,1000000.0,1.0,0.001,8.454311268,graph,,10.287848893,750000.0,300.0,750000.0,10.867437,11.495445,98.5,True,300,recall_pass_best,,multiple_piecewise_sign_changes,0.75,10,range,multi_crossing
,v100_early_pq_10k_full_20260602T031600Z__phaseC_cycle01_retrain_each_cycle__range__6af404606fa3,3,,,,,phaseC_cycle01_retrain_each_cycle,1,sift,1000000.0,/mnt/nvme1n1/PipeANN-github/experiments/v100_early_pq_10k_full_20260602T031600Z,6.377880805,1000000.0,310.156,17146.3,6.673674,7.110138,98.29,True,300,recall_pass_best,,-6.885901495000001,1000000.0,1.0,0.001,6.377880805,graph,,13.2637823,1000000.0,300.0,1000000.0,13.729272000000002,14.659683000000001,98.25,True,300,recall_pass_best,,multiple_piecewise_sign_changes,1.0,10,range,multi_crossing
,v100_early_pq_10k_full_20260602T031600Z__phaseC_cycle02_no_retrain_across_cycles__intersect__8ab8ff8dacf1,,-0.7899141120000002,0.1,0.13808046000000007,0.05,phaseC_cycle02_no_retrain_across_cycles,2,sift,1000000.0,/mnt/nvme1n1/PipeANN-github/experiments/v100_early_pq_10k_full_20260602T031600Z,1.5639296139999999,1000.0,72.391,5190.066,1.769026,1.932129,0.48,False,50,fastest_but_recall_below_98,0.05,1.3773034469999998,1000000.0,1.0,0.001,0.186626167,prefilter,prefilter_below_graph_above,0.186626167,1000.0,96.0,1000.0,0.20758500000000002,0.23918799999999998,99.89,True,50,recall_pass_best,0.05743972347286532,piecewise_linear_avg_latency,0.001,10,intersect,crossing
,v100_early_pq_10k_full_20260602T031600Z__phaseC_cycle02_no_retrain_across_cycles__intersect__8ab8ff8dacf1,,-0.7899141120000002,0.1,0.13808046000000007,0.05,phaseC_cycle02_no_retrain_across_cycles,2,sift,1000000.0,/mnt/nvme1n1/PipeANN-github/experiments/v100_early_pq_10k_full_20260602T031600Z,1.610664179,3000.0,72.377,5188.263,1.841126,1.979436,1.67,False,50,fastest_but_recall_below_98,0.05,1.321235749,1000000.0,1.0,0.001,0.28942843,prefilter,prefilter_below_graph_above,0.28942843,3000.0,96.0,3000.0,0.32179800000000003,0.348899,99.5,True,50,recall_pass_best,0.05743972347286532,piecewise_linear_avg_latency,0.003,10,intersect,crossing
,v100_early_pq_10k_full_20260602T031600Z__phaseC_cycle02_no_retrain_across_cycles__intersect__8ab8ff8dacf1,,-0.7899141120000002,0.1,0.13808046000000007,0.05,phaseC_cycle02_no_retrain_across_cycles,2,sift,1000000.0,/mnt/nvme1n1/PipeANN-github/experiments/v100_early_pq_10k_full_20260602T031600Z,1.517024543,10000.0,72.399,5190.52,1.7177360000000002,1.861996,5.45,False,50,fastest_but_recall_below_98,0.05,0.976471566,1000000.0,1.0,0.001,0.540552977,prefilter,prefilter_below_graph_above,0.540552977,10000.0,128.0,10000.0,0.5871580000000001,0.660467,99.35,True,50,recall_pass_best,0.05743972347286532,piecewise_linear_avg_latency,0.01,10,intersect,crossing
,v100_early_pq_10k_full_20260602T031600Z__phaseC_cycle02_no_retrain_across_cycles__intersect__8ab8ff8dacf1,,-0.7899141120000002,0.1,0.13808046000000007,0.05,phaseC_cycle02_no_retrain_across_cycles,2,sift,1000000.0,/mnt/nvme1n1/PipeANN-github/experiments/v100_early_pq_10k_full_20260602T031600Z,1.572742035,50000.0,72.409,5191.44,1.8027819999999999,1.9674770000000001,20.59,False,50,fastest_but_recall_below_98,0.05,0.13808046000000007,1000000.0,1.0,0.001,1.434661575,prefilter,prefilter_below_graph_above,1.434661575,50000.0,160.0,50000.0,1.699269,1.727021,98.51,True,75,recall_pass_best,0.05743972347286532,piecewise_linear_avg_latency,0.05,10,intersect,crossing
,v100_early_pq_10k_full_20260602T031600Z__phaseC_cycle02_no_retrain_across_cycles__intersect__8ab8ff8dacf1,,-0.7899141120000002,0.1,0.13808046000000007,0.05,phaseC_cycle02_no_retrain_across_cycles,2,sift,1000000.0,/mnt/nvme1n1/PipeANN-github/experiments/v100_early_pq_10k_full_20260602T031600Z,1.579242392,100000.0,72.416,5191.945,1.805152,2.007562,33.5,False,50,fastest_but_recall_below_98,0.05,-0.7899141120000002,1000000.0,1.0,0.001,1.579242392,graph,prefilter_below_graph_above,2.369156504,100000.0,250.0,100000.0,2.469455,2.670974,98.92,True,250,recall_pass_best,0.05743972347286532,piecewise_linear_avg_latency,0.1,10,intersect,crossing
,v100_early_pq_10k_full_20260602T031600Z__phaseC_cycle02_no_retrain_across_cycles__intersect__8ab8ff8dacf1,,-0.7899141120000002,0.1,0.13808046000000007,0.05,phaseC_cycle02_no_retrain_across_cycles,2,sift,1000000.0,/mnt/nvme1n1/PipeANN-github/experiments/v100_early_pq_10k_full_20260602T031600Z,1.561769009,250000.0,72.4,5190.033,1.790988,1.970998,52.86,False,50,fastest_but_recall_below_98,0.05,-2.64832661,1000000.0,1.0,0.001,1.561769009,graph,prefilter_below_graph_above,4.210095619,250000.0,250.0,250000.0,4.315046000000001,4.550469,98.03,True,250,recall_pass_best,0.05743972347286532,piecewise_linear_avg_latency,0.25,10,intersect,crossing
,v100_early_pq_10k_full_20260602T031600Z__phaseC_cycle02_no_retrain_across_cycles__intersect__8ab8ff8dacf1,,-0.7899141120000002,0.1,0.13808046000000007,0.05,phaseC_cycle02_no_retrain_across_cycles,2,sift,1000000.0,/mnt/nvme1n1/PipeANN-github/experiments/v100_early_pq_10k_full_20260602T031600Z,1.5988436979999998,300000.0,72.401,5190.998,1.827518,2.102367,56.84,False,50,fastest_but_recall_below_98,0.05,-3.334102038,1000000.0,1.0,0.001,1.5988436979999998,graph,prefilter_below_graph_above,4.932945736,300000.0,300.0,300000.0,5.082497,5.295824,98.48,True,300,recall_pass_best,0.05743972347286532,piecewise_linear_avg_latency,0.3,10,intersect,crossing
,v100_early_pq_10k_full_20260602T031600Z__phaseC_cycle02_no_retrain_across_cycles__intersect__8ab8ff8dacf1,,-0.7899141120000002,0.1,0.13808046000000007,0.05,phaseC_cycle02_no_retrain_across_cycles,2,sift,1000000.0,/mnt/nvme1n1/PipeANN-github/experiments/v100_early_pq_10k_full_20260602T031600Z,1.662602709,500000.0,72.366,5183.856,1.792195,2.06119,65.67,False,50,fastest_but_recall_below_98,0.05,-5.860386105000001,1000000.0,1.0,0.001,1.662602709,graph,prefilter_below_graph_above,7.5229888140000005,500000.0,450.0,500000.0,7.95364,8.274158,98.81,True,450,recall_pass_best,0.05743972347286532,piecewise_linear_avg_latency,0.5,10,intersect,crossing
,v100_early_pq_10k_full_20260602T031600Z__phaseC_cycle02_no_retrain_across_cycles__intersect__8ab8ff8dacf1,,-0.7899141120000002,0.1,0.13808046000000007,0.05,phaseC_cycle02_no_retrain_across_cycles,2,sift,1000000.0,/mnt/nvme1n1/PipeANN-github/experiments/v100_early_pq_10k_full_20260602T031600Z,1.572388792,750000.0,72.394,5190.562,1.787876,1.984003,71.67,False,50,fastest_but_recall_below_98,0.05,-8.958807965,1000000.0,1.0,0.001,1.572388792,graph,prefilter_below_graph_above,10.531196757,750000.0,450.0,750000.0,10.904129000000001,11.684899,98.64,True,450,recall_pass_best,0.05743972347286532,piecewise_linear_avg_latency,0.75,10,intersect,crossing
,v100_early_pq_10k_full_20260602T031600Z__phaseC_cycle02_no_retrain_across_cycles__intersect__8ab8ff8dacf1,,-0.7899141120000002,0.1,0.13808046000000007,0.05,phaseC_cycle02_no_retrain_across_cycles,2,sift,1000000.0,/mnt/nvme1n1/PipeANN-github/experiments/v100_early_pq_10k_full_20260602T031600Z,9.886673294,1000000.0,485.319,22253.354,10.556961,12.427394,98.06,True,470,recall_pass_best,0.05,-3.5707057540000005,1000000.0,1.0,0.001,9.886673294,graph,prefilter_below_graph_above,13.457379048,1000000.0,450.0,1000000.0,14.152757,14.904971999999999,98.3,True,450,recall_pass_best,0.05743972347286532,piecewise_linear_avg_latency,1.0,10,intersect,crossing
,v100_early_pq_10k_full_20260602T031600Z__phaseC_cycle02_no_retrain_across_cycles__range__af0a7d1f2205,,-0.6355278869999998,0.1,0.17086604299999997,0.05,phaseC_cycle02_no_retrain_across_cycles,2,sift,1000000.0,/mnt/nvme1n1/PipeANN-github/experiments/v100_early_pq_10k_full_20260602T031600Z,1.59285864,1000.0,72.387,5190.303,1.823648,2.10152,0.48,False,50,fastest_but_recall_below_98,0.05,1.397943233,1000000.0,1.0,0.001,0.19491540699999998,prefilter,prefilter_below_graph_above,0.19491540699999998,1000.0,96.0,1000.0,0.218164,0.242666,99.89,True,50,recall_pass_best,0.06059445245328174,piecewise_linear_avg_latency,0.001,10,range,crossing
,v100_early_pq_10k_full_20260602T031600Z__phaseC_cycle02_no_retrain_across_cycles__range__af0a7d1f2205,,-0.6355278869999998,0.1,0.17086604299999997,0.05,phaseC_cycle02_no_retrain_across_cycles,2,sift,1000000.0,/mnt/nvme1n1/PipeANN-github/experiments/v100_early_pq_10k_full_20260602T031600Z,1.82304844,3000.0,72.369,5185.294,1.860865,16.09423,1.65,False,50,fastest_but_recall_below_98,0.05,1.538661533,1000000.0,1.0,0.001,0.284386907,prefilter,prefilter_below_graph_above,0.284386907,3000.0,96.0,3000.0,0.32086200000000004,0.356676,99.5,True,50,recall_pass_best,0.06059445245328174,piecewise_linear_avg_latency,0.003,10,range,crossing
,v100_early_pq_10k_full_20260602T031600Z__phaseC_cycle02_no_retrain_across_cycles__range__af0a7d1f2205,,-0.6355278869999998,0.1,0.17086604299999997,0.05,phaseC_cycle02_no_retrain_across_cycles,2,sift,1000000.0,/mnt/nvme1n1/PipeANN-github/experiments/v100_early_pq_10k_full_20260602T031600Z,1.875343075,10000.0,72.363,5186.215,1.8106410000000002,15.194321,5.47,False,50,fastest_but_recall_below_98,0.05,1.316305484,1000000.0,1.0,0.001,0.5590375910000001,prefilter,prefilter_below_graph_above,0.5590375910000001,10000.0,128.0,10000.0,0.604518,0.644044,99.35,True,75,recall_pass_best,0.06059445245328174,piecewise_linear_avg_latency,0.01,10,range,crossing
,v100_early_pq_10k_full_20260602T031600Z__phaseC_cycle02_no_retrain_across_cycles__range__af0a7d1f2205,,-0.6355278869999998,0.1,0.17086604299999997,0.05,phaseC_cycle02_no_retrain_across_cycles,2,sift,1000000.0,/mnt/nvme1n1/PipeANN-github/experiments/v100_early_pq_10k_full_20260602T031600Z,1.584366749,50000.0,72.379,5189.816,1.794653,1.968195,20.59,False,50,fastest_but_recall_below_98,0.05,0.17086604299999997,1000000.0,1.0,0.001,1.413500706,prefilter,prefilter_below_graph_above,1.413500706,50000.0,160.0,50000.0,1.4778330000000002,1.539714,98.51,True,50,recall_pass_best,0.06059445245328174,piecewise_linear_avg_latency,0.05,10,range,crossing
,v100_early_pq_10k_full_20260602T031600Z__phaseC_cycle02_no_retrain_across_cycles__range__af0a7d1f2205,,-0.6355278869999998,0.1,0.17086604299999997,0.05,phaseC_cycle02_no_retrain_across_cycles,2,sift,1000000.0,/mnt/nvme1n1/PipeANN-github/experiments/v100_early_pq_10k_full_20260602T031600Z,1.5972550920000002,100000.0,72.411,5190.316,1.820796,1.9917,33.52,False,50,fastest_but_recall_below_98,0.05,-0.6355278869999998,1000000.0,1.0,0.001,1.5972550920000002,graph,prefilter_below_graph_above,2.232782979,100000.0,200.0,100000.0,2.418357,2.643377,98.35,True,200,recall_pass_best,0.06059445245328174,piecewise_linear_avg_latency,0.1,10,range,crossing
,v100_early_pq_10k_full_20260602T031600Z__phaseC_cycle02_no_retrain_across_cycles__range__af0a7d1f2205,,-0.6355278869999998,0.1,0.17086604299999997,0.05,phaseC_cycle02_no_retrain_across_cycles,2,sift,1000000.0,/mnt/nvme1n1/PipeANN-github/experiments/v100_early_pq_10k_full_20260602T031600Z,1.8758411229999998,250000.0,72.373,5187.358,1.865178,17.391475999999997,52.87,False,50,fastest_but_recall_below_98,0.05,-2.3614376889999997,1000000.0,1.0,0.001,1.8758411229999998,graph,prefilter_below_graph_above,4.237278812,250000.0,250.0,250000.0,4.4033370000000005,4.693029,98.03,True,250,recall_pass_best,0.06059445245328174,piecewise_linear_avg_latency,0.25,10,range,crossing
,v100_early_pq_10k_full_20260602T031600Z__phaseC_cycle02_no_retrain_across_cycles__range__af0a7d1f2205,,-0.6355278869999998,0.1,0.17086604299999997,0.05,phaseC_cycle02_no_retrain_across_cycles,2,sift,1000000.0,/mnt/nvme1n1/PipeANN-github/experiments/v100_early_pq_10k_full_20260602T031600Z,1.555223201,300000.0,72.349,5186.635,1.765,1.952107,56.82,False,50,fastest_but_recall_below_98,0.05,-3.315625138,1000000.0,1.0,0.001,1.555223201,graph,prefilter_below_graph_above,4.870848339,300000.0,300.0,300000.0,5.112612,5.530612,98.48,True,300,recall_pass_best,0.06059445245328174,piecewise_linear_avg_latency,0.3,10,range,crossing
,v100_early_pq_10k_full_20260602T031600Z__phaseC_cycle02_no_retrain_across_cycles__range__af0a7d1f2205,,-0.6355278869999998,0.1,0.17086604299999997,0.05,phaseC_cycle02_no_retrain_across_cycles,2,sift,1000000.0,/mnt/nvme1n1/PipeANN-github/experiments/v100_early_pq_10k_full_20260602T031600Z,1.605240842,500000.0,72.384,5189.837,1.8304280000000002,1.9991430000000001,65.68,False,50,fastest_but_recall_below_98,0.05,-5.835341575,1000000.0,1.0,0.001,1.605240842,graph,prefilter_below_graph_above,7.440582417,500000.0,400.0,500000.0,7.656733,7.866634,98.64,True,400,recall_pass_best,0.06059445245328174,piecewise_linear_avg_latency,0.5,10,range,crossing
,v100_early_pq_10k_full_20260602T031600Z__phaseC_cycle02_no_retrain_across_cycles__range__af0a7d1f2205,,-0.6355278869999998,0.1,0.17086604299999997,0.05,phaseC_cycle02_no_retrain_across_cycles,2,sift,1000000.0,/mnt/nvme1n1/PipeANN-github/experiments/v100_early_pq_10k_full_20260602T031600Z,1.625878629,750000.0,72.41,5190.899,1.861354,2.000704,71.65,False,50,fastest_but_recall_below_98,0.05,-9.174134805,1000000.0,1.0,0.001,1.625878629,graph,prefilter_below_graph_above,10.800013434,750000.0,470.0,750000.0,11.144986000000001,11.542981,98.72,True,470,recall_pass_best,0.06059445245328174,piecewise_linear_avg_latency,0.75,10,range,crossing
,v100_early_pq_10k_full_20260602T031600Z__phaseC_cycle02_no_retrain_across_cycles__range__af0a7d1f2205,,-0.6355278869999998,0.1,0.17086604299999997,0.05,phaseC_cycle02_no_retrain_across_cycles,2,sift,1000000.0,/mnt/nvme1n1/PipeANN-github/experiments/v100_early_pq_10k_full_20260602T031600Z,9.886068126,1000000.0,485.064,22225.578,10.009074,10.842017,98.06,True,470,recall_pass_best,0.05,-3.6722760170000015,1000000.0,1.0,0.001,9.886068126,graph,prefilter_below_graph_above,13.558344143000001,1000000.0,450.0,1000000.0,13.970061,14.792858,98.3,True,450,recall_pass_best,0.06059445245328174,piecewise_linear_avg_latency,1.0,10,range,crossing
,v100_early_pq_10k_full_20260602T031600Z__phaseC_cycle02_retrain_each_cycle__intersect__e954815b2c4e,3,,,,,phaseC_cycle02_retrain_each_cycle,2,sift,1000000.0,/mnt/nvme1n1/PipeANN-github/experiments/v100_early_pq_10k_full_20260602T031600Z,1.4905076670000001,1000.0,66.562,5242.48,1.855955,2.174172,0.41,False,50,fastest_but_recall_below_98,,1.3406411230000002,1000000.0,1.0,0.001,0.14986654400000002,prefilter,,0.14986654400000002,1000.0,96.0,1000.0,0.166676,0.17825,99.89,True,75,recall_pass_best,,multiple_piecewise_sign_changes,0.001,10,intersect,multi_crossing
,v100_early_pq_10k_full_20260602T031600Z__phaseC_cycle02_retrain_each_cycle__intersect__e954815b2c4e,3,,,,,phaseC_cycle02_retrain_each_cycle,2,sift,1000000.0,/mnt/nvme1n1/PipeANN-github/experiments/v100_early_pq_10k_full_20260602T031600Z,1.462851547,3000.0,66.62,5250.814,1.6779169999999999,1.882503,1.58,False,50,fastest_but_recall_below_98,,1.2641386970000001,1000000.0,1.0,0.001,0.19871285,prefilter,,0.19871285,3000.0,96.0,3000.0,0.220202,0.24159,99.58,True,50,recall_pass_best,,multiple_piecewise_sign_changes,0.003,10,intersect,multi_crossing
,v100_early_pq_10k_full_20260602T031600Z__phaseC_cycle02_retrain_each_cycle__intersect__e954815b2c4e,3,,,,,phaseC_cycle02_retrain_each_cycle,2,sift,1000000.0,/mnt/nvme1n1/PipeANN-github/experiments/v100_early_pq_10k_full_20260602T031600Z,1.490183201,10000.0,66.579,5245.708,1.67535,1.972581,4.62,False,50,fastest_but_recall_below_98,,1.114121982,1000000.0,1.0,0.001,0.376061219,prefilter,,0.376061219,10000.0,128.0,10000.0,0.39809,0.438873,99.52,True,75,recall_pass_best,,multiple_piecewise_sign_changes,0.01,10,intersect,multi_crossing
,v100_early_pq_10k_full_20260602T031600Z__phaseC_cycle02_retrain_each_cycle__intersect__e954815b2c4e,3,,,,,phaseC_cycle02_retrain_each_cycle,2,sift,1000000.0,/mnt/nvme1n1/PipeANN-github/experiments/v100_early_pq_10k_full_20260602T031600Z,1.492933651,50000.0,66.572,5245.553,1.73108,1.890973,21.16,False,50,fastest_but_recall_below_98,,0.12421989600000005,1000000.0,1.0,0.001,1.368713755,prefilter,,1.368713755,50000.0,160.0,50000.0,1.420681,1.4592550000000002,99.21,True,100,recall_pass_best,,multiple_piecewise_sign_changes,0.05,10,intersect,multi_crossing
,v100_early_pq_10k_full_20260602T031600Z__phaseC_cycle02_retrain_each_cycle__intersect__e954815b2c4e,3,,,,,phaseC_cycle02_retrain_each_cycle,2,sift,1000000.0,/mnt/nvme1n1/PipeANN-github/experiments/v100_early_pq_10k_full_20260602T031600Z,1.581695624,100000.0,66.576,5246.787,1.705268,2.660085,35.99,False,50,fastest_but_recall_below_98,,-0.2302246360000002,1000000.0,1.0,0.001,1.581695624,graph,,1.8119202600000002,100000.0,160.0,100000.0,1.8903889999999999,2.058819,98.37,True,100,recall_pass_best,,multiple_piecewise_sign_changes,0.1,10,intersect,multi_crossing
,v100_early_pq_10k_full_20260602T031600Z__phaseC_cycle02_retrain_each_cycle__intersect__e954815b2c4e,3,,,,,phaseC_cycle02_retrain_each_cycle,2,sift,1000000.0,/mnt/nvme1n1/PipeANN-github/experiments/v100_early_pq_10k_full_20260602T031600Z,1.500929889,250000.0,66.616,5249.237,1.696978,1.927853,57.44,False,50,fastest_but_recall_below_98,,-2.11697085,1000000.0,1.0,0.001,1.500929889,graph,,3.617900739,250000.0,192.0,250000.0,3.78825,3.949396,98.09,True,75,recall_pass_best,,multiple_piecewise_sign_changes,0.25,10,intersect,multi_crossing
,v100_early_pq_10k_full_20260602T031600Z__phaseC_cycle02_retrain_each_cycle__intersect__e954815b2c4e,3,,,,,phaseC_cycle02_retrain_each_cycle,2,sift,1000000.0,/mnt/nvme1n1/PipeANN-github/experiments/v100_early_pq_10k_full_20260602T031600Z,1.459752347,300000.0,66.597,5248.357,1.683623,1.92392,62.46,False,50,fastest_but_recall_below_98,,-3.090778501999999,1000000.0,1.0,0.001,1.459752347,graph,,4.550530848999999,300000.0,250.0,300000.0,4.79767,5.078713,98.73,True,250,recall_pass_best,,multiple_piecewise_sign_changes,0.3,10,intersect,multi_crossing
,v100_early_pq_10k_full_20260602T031600Z__phaseC_cycle02_retrain_each_cycle__intersect__e954815b2c4e,3,,,,,phaseC_cycle02_retrain_each_cycle,2,sift,1000000.0,/mnt/nvme1n1/PipeANN-github/experiments/v100_early_pq_10k_full_20260602T031600Z,9.277025950999999,500000.0,459.162,23063.806,9.556925999999999,10.017273,98.23,True,450,recall_pass_best,,2.138422873999999,1000000.0,1.0,0.001,7.138603077,prefilter,,7.138603077,500000.0,400.0,500000.0,7.493466000000001,7.7893609999999995,99.32,True,400,recall_pass_best,,multiple_piecewise_sign_changes,0.5,10,intersect,multi_crossing
,v100_early_pq_10k_full_20260602T031600Z__phaseC_cycle02_retrain_each_cycle__intersect__e954815b2c4e,3,,,,,phaseC_cycle02_retrain_each_cycle,2,sift,1000000.0,/mnt/nvme1n1/PipeANN-github/experiments/v100_early_pq_10k_full_20260602T031600Z,7.965088702,750000.0,409.473,21209.783,8.247084000000001,8.559475,98.44,True,400,recall_pass_best,,-2.3625425920000014,1000000.0,1.0,0.001,7.965088702,graph,,10.327631294000001,750000.0,300.0,750000.0,10.726085999999999,11.363027,98.32,True,300,recall_pass_best,,multiple_piecewise_sign_changes,0.75,10,intersect,multi_crossing
,v100_early_pq_10k_full_20260602T031600Z__phaseC_cycle02_retrain_each_cycle__intersect__e954815b2c4e,3,,,,,phaseC_cycle02_retrain_each_cycle,2,sift,1000000.0,/mnt/nvme1n1/PipeANN-github/experiments/v100_early_pq_10k_full_20260602T031600Z,6.404658040999999,1000000.0,310.326,17290.854,6.569342,7.042314999999999,98.15,True,300,recall_pass_best,,-7.087765588000002,1000000.0,1.0,0.001,6.404658040999999,graph,,13.492423629000001,1000000.0,300.0,1000000.0,14.078433,14.986906000000001,98.12,True,300,recall_pass_best,,multiple_piecewise_sign_changes,1.0,10,intersect,multi_crossing
,v100_early_pq_10k_full_20260602T031600Z__phaseC_cycle02_retrain_each_cycle__range__0081dabfedeb,3,,,,,phaseC_cycle02_retrain_each_cycle,2,sift,1000000.0,/mnt/nvme1n1/PipeANN-github/experiments/v100_early_pq_10k_full_20260602T031600Z,1.424756805,1000.0,66.582,5245.9,1.636296,1.880028,0.41,False,50,fastest_but_recall_below_98,,1.2735426529999998,1000000.0,1.0,0.001,0.15121415200000002,prefilter,,0.15121415200000002,1000.0,96.0,1000.0,0.165573,0.187198,99.89,True,50,recall_pass_best,,multiple_piecewise_sign_changes,0.001,10,range,multi_crossing
,v100_early_pq_10k_full_20260602T031600Z__phaseC_cycle02_retrain_each_cycle__range__0081dabfedeb,3,,,,,phaseC_cycle02_retrain_each_cycle,2,sift,1000000.0,/mnt/nvme1n1/PipeANN-github/experiments/v100_early_pq_10k_full_20260602T031600Z,1.475489902,3000.0,66.589,5246.612,1.702314,1.9093959999999999,1.56,False,50,fastest_but_recall_below_98,,1.2679301440000001,1000000.0,1.0,0.001,0.20755975799999998,prefilter,,0.20755975799999998,3000.0,96.0,3000.0,0.22688999999999998,0.245875,99.58,True,50,recall_pass_best,,multiple_piecewise_sign_changes,0.003,10,range,multi_crossing
,v100_early_pq_10k_full_20260602T031600Z__phaseC_cycle02_retrain_each_cycle__range__0081dabfedeb,3,,,,,phaseC_cycle02_retrain_each_cycle,2,sift,1000000.0,/mnt/nvme1n1/PipeANN-github/experiments/v100_early_pq_10k_full_20260602T031600Z,1.469177491,10000.0,66.594,5248.315,1.694966,1.8996520000000001,4.64,False,50,fastest_but_recall_below_98,,1.0816247849999998,1000000.0,1.0,0.001,0.387552706,prefilter,,0.387552706,10000.0,128.0,10000.0,0.41738099999999995,0.448055,99.52,True,50,recall_pass_best,,multiple_piecewise_sign_changes,0.01,10,range,multi_crossing
,v100_early_pq_10k_full_20260602T031600Z__phaseC_cycle02_retrain_each_cycle__range__0081dabfedeb,3,,,,,phaseC_cycle02_retrain_each_cycle,2,sift,1000000.0,/mnt/nvme1n1/PipeANN-github/experiments/v100_early_pq_10k_full_20260602T031600Z,1.4873098729999998,50000.0,66.605,5248.692,1.700839,1.957644,21.18,False,50,fastest_but_recall_below_98,,0.3440700929999998,1000000.0,1.0,0.001,1.14323978,prefilter,,1.14323978,50000.0,160.0,50000.0,1.2056769999999999,1.265616,99.21,True,75,recall_pass_best,,multiple_piecewise_sign_changes,0.05,10,range,multi_crossing
,v100_early_pq_10k_full_20260602T031600Z__phaseC_cycle02_retrain_each_cycle__range__0081dabfedeb,3,,,,,phaseC_cycle02_retrain_each_cycle,2,sift,1000000.0,/mnt/nvme1n1/PipeANN-github/experiments/v100_early_pq_10k_full_20260602T031600Z,1.549269,100000.0,66.574,5244.685,1.8544649999999998,2.248761,36.02,False,50,fastest_but_recall_below_98,,-0.20908011400000004,1000000.0,1.0,0.001,1.549269,graph,,1.758349114,100000.0,160.0,100000.0,1.870693,1.992679,98.37,True,50,recall_pass_best,,multiple_piecewise_sign_changes,0.1,10,range,multi_crossing
,v100_early_pq_10k_full_20260602T031600Z__phaseC_cycle02_retrain_each_cycle__range__0081dabfedeb,3,,,,,phaseC_cycle02_retrain_each_cycle,2,sift,1000000.0,/mnt/nvme1n1/PipeANN-github/experiments/v100_early_pq_10k_full_20260602T031600Z,1.536668712,250000.0,66.603,5248.431,1.713228,1.9807070000000002,57.43,False,50,fastest_but_recall_below_98,,-2.2176639689999997,1000000.0,1.0,0.001,1.536668712,graph,,3.7543326809999997,250000.0,192.0,250000.0,3.877979,4.055992,98.09,True,150,recall_pass_best,,multiple_piecewise_sign_changes,0.25,10,range,multi_crossing
,v100_early_pq_10k_full_20260602T031600Z__phaseC_cycle02_retrain_each_cycle__range__0081dabfedeb,3,,,,,phaseC_cycle02_retrain_each_cycle,2,sift,1000000.0,/mnt/nvme1n1/PipeANN-github/experiments/v100_early_pq_10k_full_20260602T031600Z,1.506249473,300000.0,66.616,5249.411,1.726432,1.927996,62.51,False,50,fastest_but_recall_below_98,,-3.4000251479999997,1000000.0,1.0,0.001,1.506249473,graph,,4.906274621,300000.0,400.0,300000.0,5.135139000000001,5.455679,99.54,True,400,recall_pass_best,,multiple_piecewise_sign_changes,0.3,10,range,multi_crossing
,v100_early_pq_10k_full_20260602T031600Z__phaseC_cycle02_retrain_each_cycle__range__0081dabfedeb,3,,,,,phaseC_cycle02_retrain_each_cycle,2,sift,1000000.0,/mnt/nvme1n1/PipeANN-github/experiments/v100_early_pq_10k_full_20260602T031600Z,9.155918865,500000.0,459.12,23060.784,9.490374,10.075029,98.23,True,450,recall_pass_best,,2.0088102290000007,1000000.0,1.0,0.001,7.147108636,prefilter,,7.147108636,500000.0,250.0,500000.0,7.4933890000000005,8.051764,98.24,True,250,recall_pass_best,,multiple_piecewise_sign_changes,0.5,10,range,multi_crossing
,v100_early_pq_10k_full_20260602T031600Z__phaseC_cycle02_retrain_each_cycle__range__0081dabfedeb,3,,,,,phaseC_cycle02_retrain_each_cycle,2,sift,1000000.0,/mnt/nvme1n1/PipeANN-github/experiments/v100_early_pq_10k_full_20260602T031600Z,8.451665706,750000.0,409.481,21211.004,8.676072,9.217384,98.44,True,400,recall_pass_best,,-2.012308567,1000000.0,1.0,0.001,8.451665706,graph,,10.463974273,750000.0,300.0,750000.0,11.004883,11.487950999999999,98.32,True,300,recall_pass_best,,multiple_piecewise_sign_changes,0.75,10,range,multi_crossing
,v100_early_pq_10k_full_20260602T031600Z__phaseC_cycle02_retrain_each_cycle__range__0081dabfedeb,3,,,,,phaseC_cycle02_retrain_each_cycle,2,sift,1000000.0,/mnt/nvme1n1/PipeANN-github/experiments/v100_early_pq_10k_full_20260602T031600Z,6.384073727,1000000.0,310.336,17291.353,6.659131,7.307341999999999,98.15,True,300,recall_pass_best,,-7.215982487000001,1000000.0,1.0,0.001,6.384073727,graph,,13.600056214,1000000.0,300.0,1000000.0,14.243126,15.188475,98.12,True,300,recall_pass_best,,multiple_piecewise_sign_changes,1.0,10,range,multi_crossing
,v100_early_pq_10k_full_20260602T031600Z__phaseC_cycle03_no_retrain_across_cycles__intersect__9fe863efbbcd,,-0.628887599,0.1,0.18822217400000008,0.05,phaseC_cycle03_no_retrain_across_cycles,3,sift,1000000.0,/mnt/nvme1n1/PipeANN-github/experiments/v100_early_pq_10k_full_20260602T031600Z,1.597231005,1000.0,73.907,5317.402,1.837897,2.145279,0.4,False,50,fastest_but_recall_below_98,0.05,1.406393067,1000000.0,1.0,0.001,0.190837938,prefilter,prefilter_below_graph_above,0.190837938,1000.0,96.0,1000.0,0.211897,0.236672,99.89,True,50,recall_pass_best,0.06151755738454496,piecewise_linear_avg_latency,0.001,10,intersect,crossing
,v100_early_pq_10k_full_20260602T031600Z__phaseC_cycle03_no_retrain_across_cycles__intersect__9fe863efbbcd,,-0.628887599,0.1,0.18822217400000008,0.05,phaseC_cycle03_no_retrain_across_cycles,3,sift,1000000.0,/mnt/nvme1n1/PipeANN-github/experiments/v100_early_pq_10k_full_20260602T031600Z,1.590686096,3000.0,73.893,5316.17,1.842934,2.119884,2.07,False,50,fastest_but_recall_below_98,0.05,1.311171364,1000000.0,1.0,0.001,0.279514732,prefilter,prefilter_below_graph_above,0.279514732,3000.0,96.0,3000.0,0.304033,0.33905,99.49,True,50,recall_pass_best,0.06151755738454496,piecewise_linear_avg_latency,0.003,10,intersect,crossing
,v100_early_pq_10k_full_20260602T031600Z__phaseC_cycle03_no_retrain_across_cycles__intersect__9fe863efbbcd,,-0.628887599,0.1,0.18822217400000008,0.05,phaseC_cycle03_no_retrain_across_cycles,3,sift,1000000.0,/mnt/nvme1n1/PipeANN-github/experiments/v100_early_pq_10k_full_20260602T031600Z,1.59263435,10000.0,73.897,5316.364,1.826518,2.178857,5.27,False,50,fastest_but_recall_below_98,0.05,1.04660979,1000000.0,1.0,0.001,0.54602456,prefilter,prefilter_below_graph_above,0.54602456,10000.0,128.0,10000.0,0.587967,0.632495,99.39,True,75,recall_pass_best,0.06151755738454496,piecewise_linear_avg_latency,0.01,10,intersect,crossing
,v100_early_pq_10k_full_20260602T031600Z__phaseC_cycle03_no_retrain_across_cycles__intersect__9fe863efbbcd,,-0.628887599,0.1,0.18822217400000008,0.05,phaseC_cycle03_no_retrain_across_cycles,3,sift,1000000.0,/mnt/nvme1n1/PipeANN-github/experiments/v100_early_pq_10k_full_20260602T031600Z,1.5888564280000002,50000.0,73.909,5319.933,1.829034,2.130102,19.3,False,50,fastest_but_recall_below_98,0.05,0.18822217400000008,1000000.0,1.0,0.001,1.400634254,prefilter,prefilter_below_graph_above,1.400634254,50000.0,160.0,50000.0,1.468236,1.49783,98.66,True,100,recall_pass_best,0.06151755738454496,piecewise_linear_avg_latency,0.05,10,intersect,crossing
,v100_early_pq_10k_full_20260602T031600Z__phaseC_cycle03_no_retrain_across_cycles__intersect__9fe863efbbcd,,-0.628887599,0.1,0.18822217400000008,0.05,phaseC_cycle03_no_retrain_across_cycles,3,sift,1000000.0,/mnt/nvme1n1/PipeANN-github/experiments/v100_early_pq_10k_full_20260602T031600Z,1.6001071489999998,100000.0,73.918,5319.885,1.838769,2.171662,32.29,False,50,fastest_but_recall_below_98,0.05,-0.628887599,1000000.0,1.0,0.001,1.6001071489999998,graph,prefilter_below_graph_above,2.228994748,100000.0,200.0,100000.0,2.2932979999999996,2.441125,98.43,True,200,recall_pass_best,0.06151755738454496,piecewise_linear_avg_latency,0.1,10,intersect,crossing
,v100_early_pq_10k_full_20260602T031600Z__phaseC_cycle03_no_retrain_across_cycles__intersect__9fe863efbbcd,,-0.628887599,0.1,0.18822217400000008,0.05,phaseC_cycle03_no_retrain_across_cycles,3,sift,1000000.0,/mnt/nvme1n1/PipeANN-github/experiments/v100_early_pq_10k_full_20260602T031600Z,1.587648072,250000.0,73.89,5316.884,1.827288,2.147629,50.21,False,50,fastest_but_recall_below_98,0.05,-2.999668791,1000000.0,1.0,0.001,1.587648072,graph,prefilter_below_graph_above,4.587316863,250000.0,470.0,250000.0,4.726043,4.950961,98.26,True,470,recall_pass_best,0.06151755738454496,piecewise_linear_avg_latency,0.25,10,intersect,crossing
,v100_early_pq_10k_full_20260602T031600Z__phaseC_cycle03_no_retrain_across_cycles__intersect__9fe863efbbcd,,-0.628887599,0.1,0.18822217400000008,0.05,phaseC_cycle03_no_retrain_across_cycles,3,sift,1000000.0,/mnt/nvme1n1/PipeANN-github/experiments/v100_early_pq_10k_full_20260602T031600Z,2.0798943490000004,300000.0,97.535,6732.989,2.375562,2.605803,64.25,False,75,fastest_but_recall_below_98,0.05,-3.130683203,1000000.0,1.0,0.001,2.0798943490000004,graph,prefilter_below_graph_above,5.210577552,300000.0,400.0,300000.0,5.436087000000001,5.730805999999999,98.05,True,400,recall_pass_best,0.06151755738454496,piecewise_linear_avg_latency,0.3,10,intersect,crossing
,v100_early_pq_10k_full_20260602T031600Z__phaseC_cycle03_no_retrain_across_cycles__intersect__9fe863efbbcd,,-0.628887599,0.1,0.18822217400000008,0.05,phaseC_cycle03_no_retrain_across_cycles,3,sift,1000000.0,/mnt/nvme1n1/PipeANN-github/experiments/v100_early_pq_10k_full_20260602T031600Z,1.601716422,500000.0,73.917,5320.178,1.852313,2.1691770000000004,64.45,False,50,fastest_but_recall_below_98,0.05,-6.058617685,1000000.0,1.0,0.001,1.601716422,graph,prefilter_below_graph_above,7.660334107,500000.0,450.0,500000.0,7.919631000000001,8.471869,98.19,True,450,recall_pass_best,0.06151755738454496,piecewise_linear_avg_latency,0.5,10,intersect,crossing
,v100_early_pq_10k_full_20260602T031600Z__phaseC_cycle03_no_retrain_across_cycles__intersect__9fe863efbbcd,,-0.628887599,0.1,0.18822217400000008,0.05,phaseC_cycle03_no_retrain_across_cycles,3,sift,1000000.0,/mnt/nvme1n1/PipeANN-github/experiments/v100_early_pq_10k_full_20260602T031600Z,1.664229886,750000.0,73.891,5315.146,2.028445,2.533744,70.88,False,50,fastest_but_recall_below_98,0.05,-8.940138578,1000000.0,1.0,0.001,1.664229886,graph,prefilter_below_graph_above,10.604368463999998,750000.0,450.0,750000.0,10.944434,11.493868,98.0,True,450,recall_pass_best,0.06151755738454496,piecewise_linear_avg_latency,0.75,10,intersect,crossing
,v100_early_pq_10k_full_20260602T031600Z__phaseC_cycle03_no_retrain_across_cycles__intersect__9fe863efbbcd,,-0.628887599,0.1,0.18822217400000008,0.05,phaseC_cycle03_no_retrain_across_cycles,3,sift,1000000.0,/mnt/nvme1n1/PipeANN-github/experiments/v100_early_pq_10k_full_20260602T031600Z,1.5798561899999999,1000000.0,73.865,5314.685,1.819987,2.121239,74.65,False,50,fastest_but_recall_below_98,0.05,-12.0044888,1000000.0,1.0,0.001,1.5798561899999999,graph,prefilter_below_graph_above,13.58434499,1000000.0,500.0,1000000.0,14.014262,14.35746,98.09,True,500,recall_pass_best,0.06151755738454496,piecewise_linear_avg_latency,1.0,10,intersect,crossing
,v100_early_pq_10k_full_20260602T031600Z__phaseC_cycle03_no_retrain_across_cycles__range__9ddd440c804e,,-0.6153280669999996,0.1,0.16674902800000035,0.05,phaseC_cycle03_no_retrain_across_cycles,3,sift,1000000.0,/mnt/nvme1n1/PipeANN-github/experiments/v100_early_pq_10k_full_20260602T031600Z,1.588139822,1000.0,73.884,5316.455,1.832727,2.1412959999999996,0.4,False,50,fastest_but_recall_below_98,0.05,1.400389026,1000000.0,1.0,0.001,0.187750796,prefilter,prefilter_below_graph_above,0.187750796,1000.0,96.0,1000.0,0.207179,0.24057800000000001,99.89,True,50,recall_pass_best,0.06066065155635331,piecewise_linear_avg_latency,0.001,10,range,crossing
,v100_early_pq_10k_full_20260602T031600Z__phaseC_cycle03_no_retrain_across_cycles__range__9ddd440c804e,,-0.6153280669999996,0.1,0.16674902800000035,0.05,phaseC_cycle03_no_retrain_across_cycles,3,sift,1000000.0,/mnt/nvme1n1/PipeANN-github/experiments/v100_early_pq_10k_full_20260602T031600Z,1.6402013389999999,3000.0,73.884,5314.755,1.955023,2.2571999999999997,2.06,False,50,fastest_but_recall_below_98,0.05,1.359578684,1000000.0,1.0,0.001,0.280622655,prefilter,prefilter_below_graph_above,0.280622655,3000.0,96.0,3000.0,0.308824,0.354682,99.49,True,50,recall_pass_best,0.06066065155635331,piecewise_linear_avg_latency,0.003,10,range,crossing
,v100_early_pq_10k_full_20260602T031600Z__phaseC_cycle03_no_retrain_across_cycles__range__9ddd440c804e,,-0.6153280669999996,0.1,0.16674902800000035,0.05,phaseC_cycle03_no_retrain_across_cycles,3,sift,1000000.0,/mnt/nvme1n1/PipeANN-github/experiments/v100_early_pq_10k_full_20260602T031600Z,1.5998844630000002,10000.0,73.869,5315.538,1.848722,2.144159,5.29,False,50,fastest_but_recall_below_98,0.05,1.0478921890000001,1000000.0,1.0,0.001,0.551992274,prefilter,prefilter_below_graph_above,0.551992274,10000.0,128.0,10000.0,0.5949180000000001,0.63825,99.39,True,75,recall_pass_best,0.06066065155635331,piecewise_linear_avg_latency,0.01,10,range,crossing
,v100_early_pq_10k_full_20260602T031600Z__phaseC_cycle03_no_retrain_across_cycles__range__9ddd440c804e,,-0.6153280669999996,0.1,0.16674902800000035,0.05,phaseC_cycle03_no_retrain_across_cycles,3,sift,1000000.0,/mnt/nvme1n1/PipeANN-github/experiments/v100_early_pq_10k_full_20260602T031600Z,1.6106952570000002,50000.0,73.892,5316.769,1.857848,2.147138,19.31,False,50,fastest_but_recall_below_98,0.05,0.16674902800000035,1000000.0,1.0,0.001,1.4439462289999998,prefilter,prefilter_below_graph_above,1.4439462289999998,50000.0,160.0,50000.0,1.528453,1.6469639999999999,98.66,True,150,recall_pass_best,0.06066065155635331,piecewise_linear_avg_latency,0.05,10,range,crossing
,v100_early_pq_10k_full_20260602T031600Z__phaseC_cycle03_no_retrain_across_cycles__range__9ddd440c804e,,-0.6153280669999996,0.1,0.16674902800000035,0.05,phaseC_cycle03_no_retrain_across_cycles,3,sift,1000000.0,/mnt/nvme1n1/PipeANN-github/experiments/v100_early_pq_10k_full_20260602T031600Z,1.628616611,100000.0,73.89,5315.767,1.8838320000000002,2.245638,32.27,False,50,fastest_but_recall_below_98,0.05,-0.6153280669999996,1000000.0,1.0,0.001,1.628616611,graph,prefilter_below_graph_above,2.2439446779999996,100000.0,200.0,100000.0,2.3140680000000002,2.476599,98.43,True,200,recall_pass_best,0.06066065155635331,piecewise_linear_avg_latency,0.1,10,range,crossing
,v100_early_pq_10k_full_20260602T031600Z__phaseC_cycle03_no_retrain_across_cycles__range__9ddd440c804e,,-0.6153280669999996,0.1,0.16674902800000035,0.05,phaseC_cycle03_no_retrain_across_cycles,3,sift,1000000.0,/mnt/nvme1n1/PipeANN-github/experiments/v100_early_pq_10k_full_20260602T031600Z,1.81627888,250000.0,73.906,5316.504,1.914838,12.833796,50.16,False,50,fastest_but_recall_below_98,0.05,-2.840719318,1000000.0,1.0,0.001,1.81627888,graph,prefilter_below_graph_above,4.656998198,250000.0,450.0,250000.0,4.800327,4.935472,98.16,True,450,recall_pass_best,0.06066065155635331,piecewise_linear_avg_latency,0.25,10,range,crossing
,v100_early_pq_10k_full_20260602T031600Z__phaseC_cycle03_no_retrain_across_cycles__range__9ddd440c804e,,-0.6153280669999996,0.1,0.16674902800000035,0.05,phaseC_cycle03_no_retrain_across_cycles,3,sift,1000000.0,/mnt/nvme1n1/PipeANN-github/experiments/v100_early_pq_10k_full_20260602T031600Z,1.648933501,300000.0,73.975,5323.791,1.916445,2.266449,54.59,False,50,fastest_but_recall_below_98,0.05,-3.4759897939999993,1000000.0,1.0,0.001,1.648933501,graph,prefilter_below_graph_above,5.124923294999999,300000.0,400.0,300000.0,5.267876,5.491697,98.05,True,400,recall_pass_best,0.06066065155635331,piecewise_linear_avg_latency,0.3,10,range,crossing
,v100_early_pq_10k_full_20260602T031600Z__phaseC_cycle03_no_retrain_across_cycles__range__9ddd440c804e,,-0.6153280669999996,0.1,0.16674902800000035,0.05,phaseC_cycle03_no_retrain_across_cycles,3,sift,1000000.0,/mnt/nvme1n1/PipeANN-github/experiments/v100_early_pq_10k_full_20260602T031600Z,1.6459051420000002,500000.0,73.888,5317.859,1.8896769999999998,2.170061,64.49,False,50,fastest_but_recall_below_98,0.05,-6.069316489,1000000.0,1.0,0.001,1.6459051420000002,graph,prefilter_below_graph_above,7.715221631,500000.0,450.0,500000.0,7.899974,8.177002,98.19,True,450,recall_pass_best,0.06066065155635331,piecewise_linear_avg_latency,0.5,10,range,crossing
,v100_early_pq_10k_full_20260602T031600Z__phaseC_cycle03_no_retrain_across_cycles__range__9ddd440c804e,,-0.6153280669999996,0.1,0.16674902800000035,0.05,phaseC_cycle03_no_retrain_across_cycles,3,sift,1000000.0,/mnt/nvme1n1/PipeANN-github/experiments/v100_early_pq_10k_full_20260602T031600Z,1.652467098,750000.0,73.893,5316.861,1.893157,2.219127,70.94,False,50,fastest_but_recall_below_98,0.05,-9.015027078,1000000.0,1.0,0.001,1.652467098,graph,prefilter_below_graph_above,10.667494176,750000.0,500.0,750000.0,10.983238,11.388311,98.23,True,500,recall_pass_best,0.06066065155635331,piecewise_linear_avg_latency,0.75,10,range,crossing
,v100_early_pq_10k_full_20260602T031600Z__phaseC_cycle03_no_retrain_across_cycles__range__9ddd440c804e,,-0.6153280669999996,0.1,0.16674902800000035,0.05,phaseC_cycle03_no_retrain_across_cycles,3,sift,1000000.0,/mnt/nvme1n1/PipeANN-github/experiments/v100_early_pq_10k_full_20260602T031600Z,1.6618240780000002,1000000.0,73.924,5320.2,1.909012,2.232455,74.64,False,50,fastest_but_recall_below_98,0.05,-11.954506937,1000000.0,1.0,0.001,1.6618240780000002,graph,prefilter_below_graph_above,13.616331015,1000000.0,500.0,1000000.0,14.003057,14.829312,98.09,True,500,recall_pass_best,0.06066065155635331,piecewise_linear_avg_latency,1.0,10,range,crossing
,v100_early_pq_10k_full_20260602T031600Z__phaseC_cycle03_retrain_each_cycle__intersect__e49afc57e8e9,,-0.28518617700000015,0.1,0.350019697,0.05,phaseC_cycle03_retrain_each_cycle,3,sift,1000000.0,/mnt/nvme1n1/PipeANN-github/experiments/v100_early_pq_10k_full_20260602T031600Z,1.4900096200000001,1000.0,66.617,5247.241,1.782607,2.073599,0.53,False,50,fastest_but_recall_below_98,0.05,1.3443612290000002,1000000.0,1.0,0.001,0.14564839100000002,prefilter,prefilter_below_graph_above,0.14564839100000002,1000.0,100.0,1000.0,0.160859,0.18011600000000003,99.98,True,100,recall_pass_best,0.07755167350672201,piecewise_linear_avg_latency,0.001,10,intersect,crossing
,v100_early_pq_10k_full_20260602T031600Z__phaseC_cycle03_retrain_each_cycle__intersect__e49afc57e8e9,,-0.28518617700000015,0.1,0.350019697,0.05,phaseC_cycle03_retrain_each_cycle,3,sift,1000000.0,/mnt/nvme1n1/PipeANN-github/experiments/v100_early_pq_10k_full_20260602T031600Z,1.4078579740000001,3000.0,66.646,5249.982,1.5812940000000002,1.777935,1.94,False,50,fastest_but_recall_below_98,0.05,1.204385588,1000000.0,1.0,0.001,0.203472386,prefilter,prefilter_below_graph_above,0.203472386,3000.0,96.0,3000.0,0.228113,0.24210900000000002,99.8,True,75,recall_pass_best,0.07755167350672201,piecewise_linear_avg_latency,0.003,10,intersect,crossing
,v100_early_pq_10k_full_20260602T031600Z__phaseC_cycle03_retrain_each_cycle__intersect__e49afc57e8e9,,-0.28518617700000015,0.1,0.350019697,0.05,phaseC_cycle03_retrain_each_cycle,3,sift,1000000.0,/mnt/nvme1n1/PipeANN-github/experiments/v100_early_pq_10k_full_20260602T031600Z,1.458464132,10000.0,66.627,5248.958,1.6505370000000001,1.840687,5.32,False,50,fastest_but_recall_below_98,0.05,1.095058625,1000000.0,1.0,0.001,0.363405507,prefilter,prefilter_below_graph_above,0.363405507,10000.0,128.0,10000.0,0.39975299999999997,0.452503,99.52,True,75,recall_pass_best,0.07755167350672201,piecewise_linear_avg_latency,0.01,10,intersect,crossing
,v100_early_pq_10k_full_20260602T031600Z__phaseC_cycle03_retrain_each_cycle__intersect__e49afc57e8e9,,-0.28518617700000015,0.1,0.350019697,0.05,phaseC_cycle03_retrain_each_cycle,3,sift,1000000.0,/mnt/nvme1n1/PipeANN-github/experiments/v100_early_pq_10k_full_20260602T031600Z,1.459818434,50000.0,66.642,5250.735,1.6465940000000001,1.847631,19.76,False,50,fastest_but_recall_below_98,0.05,0.350019697,1000000.0,1.0,0.001,1.109798737,prefilter,prefilter_below_graph_above,1.109798737,50000.0,160.0,50000.0,1.183921,1.2517580000000001,99.24,True,50,recall_pass_best,0.07755167350672201,piecewise_linear_avg_latency,0.05,10,intersect,crossing
,v100_early_pq_10k_full_20260602T031600Z__phaseC_cycle03_retrain_each_cycle__intersect__e49afc57e8e9,,-0.28518617700000015,0.1,0.350019697,0.05,phaseC_cycle03_retrain_each_cycle,3,sift,1000000.0,/mnt/nvme1n1/PipeANN-github/experiments/v100_early_pq_10k_full_20260602T031600Z,1.46850854,100000.0,66.628,5249.614,1.649551,1.843253,34.39,False,50,fastest_but_recall_below_98,0.05,-0.28518617700000015,1000000.0,1.0,0.001,1.46850854,graph,prefilter_below_graph_above,1.7536947170000001,100000.0,160.0,100000.0,1.819468,1.936038,98.82,True,50,recall_pass_best,0.07755167350672201,piecewise_linear_avg_latency,0.1,10,intersect,crossing
,v100_early_pq_10k_full_20260602T031600Z__phaseC_cycle03_retrain_each_cycle__intersect__e49afc57e8e9,,-0.28518617700000015,0.1,0.350019697,0.05,phaseC_cycle03_retrain_each_cycle,3,sift,1000000.0,/mnt/nvme1n1/PipeANN-github/experiments/v100_early_pq_10k_full_20260602T031600Z,1.4539452670000002,250000.0,66.634,5249.315,1.646768,1.833426,56.12,False,50,fastest_but_recall_below_98,0.05,-2.6703890599999998,1000000.0,1.0,0.001,1.4539452670000002,graph,prefilter_below_graph_above,4.124334327,250000.0,400.0,250000.0,4.228109000000001,4.409371,98.17,True,400,recall_pass_best,0.07755167350672201,piecewise_linear_avg_latency,0.25,10,intersect,crossing
,v100_early_pq_10k_full_20260602T031600Z__phaseC_cycle03_retrain_each_cycle__intersect__e49afc57e8e9,,-0.28518617700000015,0.1,0.350019697,0.05,phaseC_cycle03_retrain_each_cycle,3,sift,1000000.0,/mnt/nvme1n1/PipeANN-github/experiments/v100_early_pq_10k_full_20260602T031600Z,1.459966402,300000.0,66.645,5250.082,1.6417460000000001,1.837011,60.5,False,50,fastest_but_recall_below_98,0.05,-3.3957754510000004,1000000.0,1.0,0.001,1.459966402,graph,prefilter_below_graph_above,4.8557418530000005,300000.0,450.0,300000.0,5.0387830000000005,5.228245,98.48,True,450,recall_pass_best,0.07755167350672201,piecewise_linear_avg_latency,0.3,10,intersect,crossing
,v100_early_pq_10k_full_20260602T031600Z__phaseC_cycle03_retrain_each_cycle__intersect__e49afc57e8e9,,-0.28518617700000015,0.1,0.350019697,0.05,phaseC_cycle03_retrain_each_cycle,3,sift,1000000.0,/mnt/nvme1n1/PipeANN-github/experiments/v100_early_pq_10k_full_20260602T031600Z,1.4611741649999999,500000.0,66.66,5250.722,1.642265,1.8648879999999999,70.38,False,50,fastest_but_recall_below_98,0.05,-5.8439931309999995,1000000.0,1.0,0.001,1.4611741649999999,graph,prefilter_below_graph_above,7.305167296,500000.0,400.0,500000.0,7.5124759999999995,8.061543,98.37,True,400,recall_pass_best,0.07755167350672201,piecewise_linear_avg_latency,0.5,10,intersect,crossing
,v100_early_pq_10k_full_20260602T031600Z__phaseC_cycle03_retrain_each_cycle__intersect__e49afc57e8e9,,-0.28518617700000015,0.1,0.350019697,0.05,phaseC_cycle03_retrain_each_cycle,3,sift,1000000.0,/mnt/nvme1n1/PipeANN-github/experiments/v100_early_pq_10k_full_20260602T031600Z,9.236334451000001,750000.0,459.262,22311.185,9.497236999999998,9.892460999999999,98.1,True,450,recall_pass_best,0.05,-1.1996814099999984,1000000.0,1.0,0.001,9.236334451000001,graph,prefilter_below_graph_above,10.436015861,750000.0,400.0,750000.0,10.788089,11.091805,98.27,True,400,recall_pass_best,0.07755167350672201,piecewise_linear_avg_latency,0.75,10,intersect,crossing
,v100_early_pq_10k_full_20260602T031600Z__phaseC_cycle03_retrain_each_cycle__intersect__e49afc57e8e9,,-0.28518617700000015,0.1,0.350019697,0.05,phaseC_cycle03_retrain_each_cycle,3,sift,1000000.0,/mnt/nvme1n1/PipeANN-github/experiments/v100_early_pq_10k_full_20260602T031600Z,8.264237006,1000000.0,409.644,20557.484,8.519478,9.081586999999999,98.17,True,400,recall_pass_best,0.05,-5.287522980999999,1000000.0,1.0,0.001,8.264237006,graph,prefilter_below_graph_above,13.551759986999999,1000000.0,450.0,1000000.0,13.862538,14.124272999999999,98.44,True,450,recall_pass_best,0.07755167350672201,piecewise_linear_avg_latency,1.0,10,intersect,crossing
,v100_early_pq_10k_full_20260602T031600Z__phaseC_cycle03_retrain_each_cycle__range__80898506c0d9,,-0.24757447899999985,0.1,0.4078552679999998,0.05,phaseC_cycle03_retrain_each_cycle,3,sift,1000000.0,/mnt/nvme1n1/PipeANN-github/experiments/v100_early_pq_10k_full_20260602T031600Z,1.472662965,1000.0,66.644,5251.142,1.654144,1.856393,0.53,False,50,fastest_but_recall_below_98,0.05,1.32138039,1000000.0,1.0,0.001,0.151282575,prefilter,prefilter_below_graph_above,0.151282575,1000.0,96.0,1000.0,0.166691,0.180062,99.98,True,50,recall_pass_best,0.08111357623504385,piecewise_linear_avg_latency,0.001,10,range,crossing
,v100_early_pq_10k_full_20260602T031600Z__phaseC_cycle03_retrain_each_cycle__range__80898506c0d9,,-0.24757447899999985,0.1,0.4078552679999998,0.05,phaseC_cycle03_retrain_each_cycle,3,sift,1000000.0,/mnt/nvme1n1/PipeANN-github/experiments/v100_early_pq_10k_full_20260602T031600Z,1.468397929,3000.0,66.642,5249.854,1.656641,1.846643,1.96,False,50,fastest_but_recall_below_98,0.05,1.265751938,1000000.0,1.0,0.001,0.202645991,prefilter,prefilter_below_graph_above,0.202645991,3000.0,96.0,3000.0,0.220658,0.23886600000000002,99.8,True,50,recall_pass_best,0.08111357623504385,piecewise_linear_avg_latency,0.003,10,range,crossing
,v100_early_pq_10k_full_20260602T031600Z__phaseC_cycle03_retrain_each_cycle__range__80898506c0d9,,-0.24757447899999985,0.1,0.4078552679999998,0.05,phaseC_cycle03_retrain_each_cycle,3,sift,1000000.0,/mnt/nvme1n1/PipeANN-github/experiments/v100_early_pq_10k_full_20260602T031600Z,1.6233613740000001,10000.0,66.494,5223.212,2.083974,2.3410509999999998,5.26,False,50,fastest_but_recall_below_98,0.05,1.24568136,1000000.0,1.0,0.001,0.377680014,prefilter,prefilter_below_graph_above,0.377680014,10000.0,128.0,10000.0,0.407,0.429504,99.52,True,50,recall_pass_best,0.08111357623504385,piecewise_linear_avg_latency,0.01,10,range,crossing
,v100_early_pq_10k_full_20260602T031600Z__phaseC_cycle03_retrain_each_cycle__range__80898506c0d9,,-0.24757447899999985,0.1,0.4078552679999998,0.05,phaseC_cycle03_retrain_each_cycle,3,sift,1000000.0,/mnt/nvme1n1/PipeANN-github/experiments/v100_early_pq_10k_full_20260602T031600Z,1.519131474,50000.0,66.679,5250.567,1.803636,2.176252,19.72,False,50,fastest_but_recall_below_98,0.05,0.4078552679999998,1000000.0,1.0,0.001,1.111276206,prefilter,prefilter_below_graph_above,1.111276206,50000.0,160.0,50000.0,1.172186,1.234518,99.24,True,150,recall_pass_best,0.08111357623504385,piecewise_linear_avg_latency,0.05,10,range,crossing
,v100_early_pq_10k_full_20260602T031600Z__phaseC_cycle03_retrain_each_cycle__range__80898506c0d9,,-0.24757447899999985,0.1,0.4078552679999998,0.05,phaseC_cycle03_retrain_each_cycle,3,sift,1000000.0,/mnt/nvme1n1/PipeANN-github/experiments/v100_early_pq_10k_full_20260602T031600Z,1.5492508740000002,100000.0,66.63,5248.465,1.84141,2.295748,34.4,False,50,fastest_but_recall_below_98,0.05,-0.24757447899999985,1000000.0,1.0,0.001,1.5492508740000002,graph,prefilter_below_graph_above,1.796825353,100000.0,160.0,100000.0,1.9173440000000002,2.033635,98.82,True,50,recall_pass_best,0.08111357623504385,piecewise_linear_avg_latency,0.1,10,range,crossing
,v100_early_pq_10k_full_20260602T031600Z__phaseC_cycle03_retrain_each_cycle__range__80898506c0d9,,-0.24757447899999985,0.1,0.4078552679999998,0.05,phaseC_cycle03_retrain_each_cycle,3,sift,1000000.0,/mnt/nvme1n1/PipeANN-github/experiments/v100_early_pq_10k_full_20260602T031600Z,1.494419156,250000.0,66.649,5251.132,1.672597,1.869396,56.1,False,50,fastest_but_recall_below_98,0.05,-2.608715836999999,1000000.0,1.0,0.001,1.494419156,graph,prefilter_below_graph_above,4.103134992999999,250000.0,400.0,250000.0,4.276523,4.583849,98.17,True,400,recall_pass_best,0.08111357623504385,piecewise_linear_avg_latency,0.25,10,range,crossing
,v100_early_pq_10k_full_20260602T031600Z__phaseC_cycle03_retrain_each_cycle__range__80898506c0d9,,-0.24757447899999985,0.1,0.4078552679999998,0.05,phaseC_cycle03_retrain_each_cycle,3,sift,1000000.0,/mnt/nvme1n1/PipeANN-github/experiments/v100_early_pq_10k_full_20260602T031600Z,1.504454325,300000.0,66.659,5252.441,1.69621,2.008557,60.49,False,50,fastest_but_recall_below_98,0.05,-3.256208204,1000000.0,1.0,0.001,1.504454325,graph,prefilter_below_graph_above,4.760662529,300000.0,400.0,300000.0,4.983738000000001,5.192525,98.26,True,400,recall_pass_best,0.08111357623504385,piecewise_linear_avg_latency,0.3,10,range,crossing
,v100_early_pq_10k_full_20260602T031600Z__phaseC_cycle03_retrain_each_cycle__range__80898506c0d9,,-0.24757447899999985,0.1,0.4078552679999998,0.05,phaseC_cycle03_retrain_each_cycle,3,sift,1000000.0,/mnt/nvme1n1/PipeANN-github/experiments/v100_early_pq_10k_full_20260602T031600Z,1.502050254,500000.0,66.639,5250.677,1.687125,1.8742370000000002,70.42,False,50,fastest_but_recall_below_98,0.05,-5.836274894,1000000.0,1.0,0.001,1.502050254,graph,prefilter_below_graph_above,7.338325148,500000.0,400.0,500000.0,7.509184,7.727761,98.37,True,400,recall_pass_best,0.08111357623504385,piecewise_linear_avg_latency,0.5,10,range,crossing
,v100_early_pq_10k_full_20260602T031600Z__phaseC_cycle03_retrain_each_cycle__range__80898506c0d9,,-0.24757447899999985,0.1,0.4078552679999998,0.05,phaseC_cycle03_retrain_each_cycle,3,sift,1000000.0,/mnt/nvme1n1/PipeANN-github/experiments/v100_early_pq_10k_full_20260602T031600Z,9.177440117,750000.0,459.244,22309.879,9.393771000000001,9.78276,98.1,True,450,recall_pass_best,0.05,-1.2685396660000006,1000000.0,1.0,0.001,9.177440117,graph,prefilter_below_graph_above,10.445979783,750000.0,400.0,750000.0,10.661669,11.329709000000001,98.27,True,400,recall_pass_best,0.08111357623504385,piecewise_linear_avg_latency,0.75,10,range,crossing
,v100_early_pq_10k_full_20260602T031600Z__phaseC_cycle03_retrain_each_cycle__range__80898506c0d9,,-0.24757447899999985,0.1,0.4078552679999998,0.05,phaseC_cycle03_retrain_each_cycle,3,sift,1000000.0,/mnt/nvme1n1/PipeANN-github/experiments/v100_early_pq_10k_full_20260602T031600Z,8.313764534,1000000.0,409.647,20558.17,8.576129000000002,8.997136000000001,98.17,True,400,recall_pass_best,0.05,-5.3176646729999995,1000000.0,1.0,0.001,8.313764534,graph,prefilter_below_graph_above,13.631429207,1000000.0,450.0,1000000.0,13.947363,14.534717,98.44,True,450,recall_pass_best,0.08111357623504385,piecewise_linear_avg_latency,1.0,10,range,crossing
,v100_early_pq_10k_full_20260602T031600Z__phaseC_cycle04_retrain_each_cycle__intersect__6618c66cbe76,,-0.26140439000000004,0.1,0.38104453000000005,0.05,phaseC_cycle04_retrain_each_cycle,4,sift,1000000.0,/mnt/nvme1n1/PipeANN-github/experiments/v100_early_pq_10k_full_20260602T031600Z,1.5178487500000002,1000.0,66.667,5076.178,1.6666130000000001,1.975696,0.32,False,50,fastest_but_recall_below_98,0.05,1.3645623650000003,750000.0,0.75,0.001,0.153286385,prefilter,prefilter_below_graph_above,0.153286385,1000.0,96.0,1000.0,0.17024199999999998,0.17955600000000002,99.96,True,50,recall_pass_best,0.07965562849728194,piecewise_linear_avg_latency,0.001,9,intersect,crossing
,v100_early_pq_10k_full_20260602T031600Z__phaseC_cycle04_retrain_each_cycle__intersect__6618c66cbe76,,-0.26140439000000004,0.1,0.38104453000000005,0.05,phaseC_cycle04_retrain_each_cycle,4,sift,1000000.0,/mnt/nvme1n1/PipeANN-github/experiments/v100_early_pq_10k_full_20260602T031600Z,1.562003192,3000.0,66.284,5026.884,2.018059,2.3375790000000003,1.27,False,50,fastest_but_recall_below_98,0.05,1.363464827,750000.0,0.75,0.001,0.198538365,prefilter,prefilter_below_graph_above,0.198538365,3000.0,96.0,3000.0,0.22193700000000002,0.242808,99.73,True,75,recall_pass_best,0.07965562849728194,piecewise_linear_avg_latency,0.003,9,intersect,crossing
,v100_early_pq_10k_full_20260602T031600Z__phaseC_cycle04_retrain_each_cycle__intersect__6618c66cbe76,,-0.26140439000000004,0.1,0.38104453000000005,0.05,phaseC_cycle04_retrain_each_cycle,4,sift,1000000.0,/mnt/nvme1n1/PipeANN-github/experiments/v100_early_pq_10k_full_20260602T031600Z,1.727781595,10000.0,66.681,5076.7,1.628316,17.826400000000003,4.09,False,50,fastest_but_recall_below_98,0.05,1.3651736799999998,750000.0,0.75,0.001,0.362607915,prefilter,prefilter_below_graph_above,0.362607915,10000.0,128.0,10000.0,0.395591,0.420161,99.5,True,75,recall_pass_best,0.07965562849728194,piecewise_linear_avg_latency,0.01,9,intersect,crossing
,v100_early_pq_10k_full_20260602T031600Z__phaseC_cycle04_retrain_each_cycle__intersect__6618c66cbe76,,-0.26140439000000004,0.1,0.38104453000000005,0.05,phaseC_cycle04_retrain_each_cycle,4,sift,1000000.0,/mnt/nvme1n1/PipeANN-github/experiments/v100_early_pq_10k_full_20260602T031600Z,1.459150892,50000.0,66.668,5076.845,1.6627049999999999,1.813273,18.73,False,50,fastest_but_recall_below_98,0.05,0.38104453000000005,750000.0,0.75,0.001,1.078106362,prefilter,prefilter_below_graph_above,1.078106362,50000.0,160.0,50000.0,1.14564,1.183271,99.22,True,50,recall_pass_best,0.07965562849728194,piecewise_linear_avg_latency,0.05,9,intersect,crossing
,v100_early_pq_10k_full_20260602T031600Z__phaseC_cycle04_retrain_each_cycle__intersect__6618c66cbe76,,-0.26140439000000004,0.1,0.38104453000000005,0.05,phaseC_cycle04_retrain_each_cycle,4,sift,1000000.0,/mnt/nvme1n1/PipeANN-github/experiments/v100_early_pq_10k_full_20260602T031600Z,1.464970776,100000.0,66.647,5075.554,1.659499,1.84123,33.35,False,50,fastest_but_recall_below_98,0.05,-0.26140439000000004,750000.0,0.75,0.001,1.464970776,graph,prefilter_below_graph_above,1.726375166,100000.0,160.0,100000.0,1.806596,1.902412,98.58,True,50,recall_pass_best,0.07965562849728194,piecewise_linear_avg_latency,0.1,9,intersect,crossing
,v100_early_pq_10k_full_20260602T031600Z__phaseC_cycle04_retrain_each_cycle__intersect__6618c66cbe76,,-0.26140439000000004,0.1,0.38104453000000005,0.05,phaseC_cycle04_retrain_each_cycle,4,sift,1000000.0,/mnt/nvme1n1/PipeANN-github/experiments/v100_early_pq_10k_full_20260602T031600Z,1.892406846,250000.0,66.636,5072.587,1.812029,16.936387,55.42,False,50,fastest_but_recall_below_98,0.05,-2.035915292,750000.0,0.75,0.001,1.892406846,graph,prefilter_below_graph_above,3.928322138,250000.0,300.0,250000.0,4.014851999999999,4.309422,98.13,True,300,recall_pass_best,0.07965562849728194,piecewise_linear_avg_latency,0.25,9,intersect,crossing
,v100_early_pq_10k_full_20260602T031600Z__phaseC_cycle04_retrain_each_cycle__intersect__6618c66cbe76,,-0.26140439000000004,0.1,0.38104453000000005,0.05,phaseC_cycle04_retrain_each_cycle,4,sift,1000000.0,/mnt/nvme1n1/PipeANN-github/experiments/v100_early_pq_10k_full_20260602T031600Z,1.4636817880000002,300000.0,66.664,5077.248,1.663028,1.819476,59.52,False,50,fastest_but_recall_below_98,0.05,-3.356957269999999,750000.0,0.75,0.001,1.4636817880000002,graph,prefilter_below_graph_above,4.820639057999999,300000.0,400.0,300000.0,5.028627999999999,5.385348,98.66,True,400,recall_pass_best,0.07965562849728194,piecewise_linear_avg_latency,0.3,9,intersect,crossing
,v100_early_pq_10k_full_20260602T031600Z__phaseC_cycle04_retrain_each_cycle__intersect__6618c66cbe76,,-0.26140439000000004,0.1,0.38104453000000005,0.05,phaseC_cycle04_retrain_each_cycle,4,sift,1000000.0,/mnt/nvme1n1/PipeANN-github/experiments/v100_early_pq_10k_full_20260602T031600Z,1.491010925,500000.0,66.659,5076.275,1.6704400000000001,1.848801,69.72,False,50,fastest_but_recall_below_98,0.05,-5.549262366,750000.0,0.75,0.001,1.491010925,graph,prefilter_below_graph_above,7.040273291,500000.0,300.0,500000.0,7.314296000000001,7.553839,98.04,True,300,recall_pass_best,0.07965562849728194,piecewise_linear_avg_latency,0.5,9,intersect,crossing
,v100_early_pq_10k_full_20260602T031600Z__phaseC_cycle04_retrain_each_cycle__intersect__6618c66cbe76,,-0.26140439000000004,0.1,0.38104453000000005,0.05,phaseC_cycle04_retrain_each_cycle,4,sift,1000000.0,/mnt/nvme1n1/PipeANN-github/experiments/v100_early_pq_10k_full_20260602T031600Z,9.117174224000001,750000.0,459.982,22602.075,9.368611999999999,9.805161,98.06,True,450,recall_pass_best,0.05,-1.365441840999999,750000.0,0.75,0.001,9.117174224000001,graph,prefilter_below_graph_above,10.482616065,750000.0,400.0,750000.0,10.777128000000001,11.505388,98.37,True,400,recall_pass_best,0.07965562849728194,piecewise_linear_avg_latency,0.75,9,intersect,crossing
,v100_early_pq_triggered_chain_1m_20260602T142517Z__chain_cycle01_triggered_retrain__intersect__6dc970cedb4c,,-2.0299799399999987,0.75,2.3622185479999995,0.5,chain_cycle01_triggered_retrain,1,sift,1000000.0,/mnt/nvme1n1/PipeANN-github/experiments/v100_early_pq_triggered_chain_1m_20260602T142517Z,9.415871347,500000.0,458.777,22847.166,9.679181,10.388959000000002,98.09,True,450,recall_pass_best,0.25,2.3622185479999995,1000000.0,1.0,0.5,7.053652799,prefilter,prefilter_below_graph_above,7.053652799,500000.0,250.0,500000.0,7.332674,8.005228,98.01,True,250,recall_pass_best,0.6344553618452045,piecewise_linear_avg_latency,0.5,3,intersect,crossing
,v100_early_pq_triggered_chain_1m_20260602T142517Z__chain_cycle01_triggered_retrain__intersect__6dc970cedb4c,,-2.0299799399999987,0.75,2.3622185479999995,0.5,chain_cycle01_triggered_retrain,1,sift,1000000.0,/mnt/nvme1n1/PipeANN-github/experiments/v100_early_pq_triggered_chain_1m_20260602T142517Z,8.302281693000001,750000.0,409.032,21008.108,8.52625,8.989809,98.55,True,400,recall_pass_best,0.25,-2.0299799399999987,1000000.0,1.0,0.5,8.302281693000001,graph,prefilter_below_graph_above,10.332261633,750000.0,300.0,750000.0,10.667854,11.325959999999998,98.26,True,300,recall_pass_best,0.6344553618452045,piecewise_linear_avg_latency,0.75,3,intersect,crossing
,v100_early_pq_triggered_chain_1m_20260602T142517Z__chain_cycle01_triggered_retrain__intersect__6dc970cedb4c,,-2.0299799399999987,0.75,2.3622185479999995,0.5,chain_cycle01_triggered_retrain,1,sift,1000000.0,/mnt/nvme1n1/PipeANN-github/experiments/v100_early_pq_triggered_chain_1m_20260602T142517Z,6.4416900340000005,1000000.0,309.812,17112.077,6.567439,6.969367,98.07,True,300,recall_pass_best,0.25,-6.617036018,1000000.0,1.0,0.5,6.4416900340000005,graph,prefilter_below_graph_above,13.058726052,1000000.0,300.0,1000000.0,13.550049000000001,13.99625,98.07,True,300,recall_pass_best,0.6344553618452045,piecewise_linear_avg_latency,1.0,3,intersect,crossing
,v100_early_pq_triggered_chain_1m_20260602T142517Z__chain_cycle01_triggered_retrain__range__40ede19e6239,,-1.8108716819999984,0.75,2.1728983029999993,0.5,chain_cycle01_triggered_retrain,1,sift,1000000.0,/mnt/nvme1n1/PipeANN-github/experiments/v100_early_pq_triggered_chain_1m_20260602T142517Z,9.281958813,500000.0,458.782,22847.902,9.553981,9.987432,98.09,True,450,recall_pass_best,0.25,2.1728983029999993,1000000.0,1.0,0.5,7.10906051,prefilter,prefilter_below_graph_above,7.10906051,500000.0,250.0,500000.0,7.363102,7.788436,98.01,True,250,recall_pass_best,0.6363594228068868,piecewise_linear_avg_latency,0.5,3,range,crossing
,v100_early_pq_triggered_chain_1m_20260602T142517Z__chain_cycle01_triggered_retrain__range__40ede19e6239,,-1.8108716819999984,0.75,2.1728983029999993,0.5,chain_cycle01_triggered_retrain,1,sift,1000000.0,/mnt/nvme1n1/PipeANN-github/experiments/v100_early_pq_triggered_chain_1m_20260602T142517Z,8.372769011,750000.0,409.04,21008.569,8.780539000000001,9.811671,98.55,True,400,recall_pass_best,0.25,-1.8108716819999984,1000000.0,1.0,0.5,8.372769011,graph,prefilter_below_graph_above,10.183640693,750000.0,300.0,750000.0,10.667273,11.448417,98.26,True,300,recall_pass_best,0.6363594228068868,piecewise_linear_avg_latency,0.75,3,range,crossing
,v100_early_pq_triggered_chain_1m_20260602T142517Z__chain_cycle01_triggered_retrain__range__40ede19e6239,,-1.8108716819999984,0.75,2.1728983029999993,0.5,chain_cycle01_triggered_retrain,1,sift,1000000.0,/mnt/nvme1n1/PipeANN-github/experiments/v100_early_pq_triggered_chain_1m_20260602T142517Z,6.338615152,1000000.0,309.82,17112.642,6.5865100000000005,7.013099,98.07,True,300,recall_pass_best,0.25,-7.0642008370000005,1000000.0,1.0,0.5,6.338615152,graph,prefilter_below_graph_above,13.402815989,1000000.0,300.0,1000000.0,13.637001,14.618523,98.07,True,300,recall_pass_best,0.6363594228068868,piecewise_linear_avg_latency,1.0,3,range,crossing
,v100_early_pq_triggered_chain_1m_20260602T142517Z__chain_cycle02_triggered_retrain__intersect__7e2cb94ed1a8,,-1.8438970759999993,0.75,2.7674229169999984,0.5,chain_cycle02_triggered_retrain,2,sift,1000000.0,/mnt/nvme1n1/PipeANN-github/experiments/v100_early_pq_triggered_chain_1m_20260602T142517Z,9.754783804999999,500000.0,478.559,23817.012,10.291951999999998,13.44642,98.12,True,470,recall_pass_best,0.25,2.7674229169999984,1000000.0,1.0,0.5,6.987360888,prefilter,prefilter_below_graph_above,6.987360888,500000.0,250.0,500000.0,7.150656,7.512282,98.17,True,250,recall_pass_best,0.6500342050216076,piecewise_linear_avg_latency,0.5,3,intersect,crossing
,v100_early_pq_triggered_chain_1m_20260602T142517Z__chain_cycle02_triggered_retrain__intersect__7e2cb94ed1a8,,-1.8438970759999993,0.75,2.7674229169999984,0.5,chain_cycle02_triggered_retrain,2,sift,1000000.0,/mnt/nvme1n1/PipeANN-github/experiments/v100_early_pq_triggered_chain_1m_20260602T142517Z,8.367317274000001,750000.0,408.956,21233.251,8.674597,8.964109,98.37,True,400,recall_pass_best,0.25,-1.8438970759999993,1000000.0,1.0,0.5,8.367317274000001,graph,prefilter_below_graph_above,10.21121435,750000.0,300.0,750000.0,10.597575999999998,11.323685,98.28,True,300,recall_pass_best,0.6500342050216076,piecewise_linear_avg_latency,0.75,3,intersect,crossing
,v100_early_pq_triggered_chain_1m_20260602T142517Z__chain_cycle02_triggered_retrain__intersect__7e2cb94ed1a8,,-1.8438970759999993,0.75,2.7674229169999984,0.5,chain_cycle02_triggered_retrain,2,sift,1000000.0,/mnt/nvme1n1/PipeANN-github/experiments/v100_early_pq_triggered_chain_1m_20260602T142517Z,6.699522661,1000000.0,309.806,17287.604,6.90124,9.04135,98.14,True,300,recall_pass_best,0.25,-6.694963087,1000000.0,1.0,0.5,6.699522661,graph,prefilter_below_graph_above,13.394485748,1000000.0,300.0,1000000.0,13.822946,14.430194,98.09,True,300,recall_pass_best,0.6500342050216076,piecewise_linear_avg_latency,1.0,3,intersect,crossing
,v100_early_pq_triggered_chain_1m_20260602T142517Z__chain_cycle02_triggered_retrain__range__094238f888a7,,-2.0158906560000016,0.75,2.4452690320000006,0.5,chain_cycle02_triggered_retrain,2,sift,1000000.0,/mnt/nvme1n1/PipeANN-github/experiments/v100_early_pq_triggered_chain_1m_20260602T142517Z,9.417981422,500000.0,458.655,23087.784,9.730786,10.0144,98.05,True,450,recall_pass_best,0.25,2.4452690320000006,1000000.0,1.0,0.5,6.97271239,prefilter,prefilter_below_graph_above,6.97271239,500000.0,250.0,500000.0,7.349155,8.125067,98.17,True,250,recall_pass_best,0.6370310190070918,piecewise_linear_avg_latency,0.5,3,range,crossing
,v100_early_pq_triggered_chain_1m_20260602T142517Z__chain_cycle02_triggered_retrain__range__094238f888a7,,-2.0158906560000016,0.75,2.4452690320000006,0.5,chain_cycle02_triggered_retrain,2,sift,1000000.0,/mnt/nvme1n1/PipeANN-github/experiments/v100_early_pq_triggered_chain_1m_20260602T142517Z,8.35846806,750000.0,408.968,21234.353,8.618555,9.01427,98.37,True,400,recall_pass_best,0.25,-2.0158906560000016,1000000.0,1.0,0.5,8.35846806,graph,prefilter_below_graph_above,10.374358716000001,750000.0,300.0,750000.0,10.893636,11.724191000000001,98.28,True,300,recall_pass_best,0.6370310190070918,piecewise_linear_avg_latency,0.75,3,range,crossing
,v100_early_pq_triggered_chain_1m_20260602T142517Z__chain_cycle02_triggered_retrain__range__094238f888a7,,-2.0158906560000016,0.75,2.4452690320000006,0.5,chain_cycle02_triggered_retrain,2,sift,1000000.0,/mnt/nvme1n1/PipeANN-github/experiments/v100_early_pq_triggered_chain_1m_20260602T142517Z,6.402587788,1000000.0,309.823,17288.557,6.618736,6.942069999999999,98.14,True,300,recall_pass_best,0.25,-7.207014866,1000000.0,1.0,0.5,6.402587788,graph,prefilter_below_graph_above,13.609602654,1000000.0,300.0,1000000.0,14.854803,16.493199,98.09,True,300,recall_pass_best,0.6370310190070918,piecewise_linear_avg_latency,1.0,3,range,crossing
graph,v100_early_pq_triggered_chain_1m_20260602T142517Z__chain_cycle03_triggered_retrain__intersect__dbac2831600e,,,,,,chain_cycle03_triggered_retrain,3,sift,1000000.0,/mnt/nvme1n1/PipeANN-github/experiments/v100_early_pq_triggered_chain_1m_20260602T142517Z,1.46427055,500000.0,66.717,5280.87,1.668561,1.879951,70.7,False,50,fastest_but_recall_below_98,,-5.922773473,1000000.0,1.0,0.5,1.46427055,graph,,7.3870440230000005,500000.0,450.0,500000.0,7.547962,8.328299000000001,98.51,True,450,recall_pass_best,,graph_always_no_slower,0.5,3,intersect,boundary
graph,v100_early_pq_triggered_chain_1m_20260602T142517Z__chain_cycle03_triggered_retrain__intersect__dbac2831600e,,,,,,chain_cycle03_triggered_retrain,3,sift,1000000.0,/mnt/nvme1n1/PipeANN-github/experiments/v100_early_pq_triggered_chain_1m_20260602T142517Z,9.277227027,750000.0,459.205,22475.612,9.559427,9.985915,98.14,True,450,recall_pass_best,,-1.344497854,1000000.0,1.0,0.5,9.277227027,graph,,10.621724881,750000.0,450.0,750000.0,11.053629,11.511454,98.51,True,450,recall_pass_best,,graph_always_no_slower,0.75,3,intersect,boundary
graph,v100_early_pq_triggered_chain_1m_20260602T142517Z__chain_cycle03_triggered_retrain__intersect__dbac2831600e,,,,,,chain_cycle03_triggered_retrain,3,sift,1000000.0,/mnt/nvme1n1/PipeANN-github/experiments/v100_early_pq_triggered_chain_1m_20260602T142517Z,8.238046273,1000000.0,409.572,20713.761,8.487034,8.887141999999999,98.15,True,400,recall_pass_best,,-5.398672968000001,1000000.0,1.0,0.5,8.238046273,graph,,13.636719241000002,1000000.0,500.0,1000000.0,14.331373,15.080341,98.72,True,500,recall_pass_best,,graph_always_no_slower,1.0,3,intersect,boundary
graph,v100_early_pq_triggered_chain_1m_20260602T142517Z__chain_cycle03_triggered_retrain__range__5c24463d18ab,,,,,,chain_cycle03_triggered_retrain,3,sift,1000000.0,/mnt/nvme1n1/PipeANN-github/experiments/v100_early_pq_triggered_chain_1m_20260602T142517Z,1.515270598,500000.0,66.731,5280.617,1.7227190000000001,1.92379,70.74,False,50,fastest_but_recall_below_98,,-5.7834947450000005,1000000.0,1.0,0.5,1.515270598,graph,,7.298765343,500000.0,400.0,500000.0,7.594640999999999,8.22503,98.21,True,400,recall_pass_best,,graph_always_no_slower,0.5,3,range,boundary
graph,v100_early_pq_triggered_chain_1m_20260602T142517Z__chain_cycle03_triggered_retrain__range__5c24463d18ab,,,,,,chain_cycle03_triggered_retrain,3,sift,1000000.0,/mnt/nvme1n1/PipeANN-github/experiments/v100_early_pq_triggered_chain_1m_20260602T142517Z,9.420427214,750000.0,459.21,22476.123,9.628272,10.27511,98.14,True,450,recall_pass_best,,-1.037521151,1000000.0,1.0,0.5,9.420427214,graph,,10.457948365,750000.0,450.0,750000.0,11.036355,11.692709,98.51,True,450,recall_pass_best,,graph_always_no_slower,0.75,3,range,boundary
graph,v100_early_pq_triggered_chain_1m_20260602T142517Z__chain_cycle03_triggered_retrain__range__5c24463d18ab,,,,,,chain_cycle03_triggered_retrain,3,sift,1000000.0,/mnt/nvme1n1/PipeANN-github/experiments/v100_early_pq_triggered_chain_1m_20260602T142517Z,8.349098656,1000000.0,409.573,20713.789,8.552513000000001,8.934938,98.16,True,400,recall_pass_best,,-4.888375916999999,1000000.0,1.0,0.5,8.349098656,graph,,13.237474573,1000000.0,450.0,1000000.0,13.76625,14.547998,98.57,True,450,recall_pass_best,,graph_always_no_slower,1.0,3,range,boundary
,v100_early_pq_triggered_chain_1m_20260602T142517Z__chain_cycle04_triggered_retrain__intersect__e4c7d5755425,,-1.6803278739999996,0.75,2.2442817330000002,0.5,chain_cycle04_triggered_retrain,4,sift,1000000.0,/mnt/nvme1n1/PipeANN-github/experiments/v100_early_pq_triggered_chain_1m_20260602T142517Z,9.251921694,500000.0,459.656,22739.182,9.49516,9.865915000000001,98.05,True,450,recall_pass_best,0.25,2.2442817330000002,1000000.0,1.0,0.5,7.007639961,prefilter,prefilter_below_graph_above,7.007639961,500000.0,300.0,500000.0,7.300002999999999,7.574657,98.53,True,300,recall_pass_best,0.6429621005486165,piecewise_linear_avg_latency,0.5,3,intersect,crossing
,v100_early_pq_triggered_chain_1m_20260602T142517Z__chain_cycle04_triggered_retrain__intersect__e4c7d5755425,,-1.6803278739999996,0.75,2.2442817330000002,0.5,chain_cycle04_triggered_retrain,4,sift,1000000.0,/mnt/nvme1n1/PipeANN-github/experiments/v100_early_pq_triggered_chain_1m_20260602T142517Z,8.387006126000001,750000.0,410.031,20907.732,8.665895,9.081761,98.19,True,400,recall_pass_best,0.25,-1.6803278739999996,1000000.0,1.0,0.5,8.387006126000001,graph,prefilter_below_graph_above,10.067334,750000.0,300.0,750000.0,10.565022,11.139593999999999,98.21,True,300,recall_pass_best,0.6429621005486165,piecewise_linear_avg_latency,0.75,3,intersect,crossing
,v100_early_pq_triggered_chain_1m_20260602T142517Z__chain_cycle04_triggered_retrain__intersect__e4c7d5755425,,-1.6803278739999996,0.75,2.2442817330000002,0.5,chain_cycle04_triggered_retrain,4,sift,1000000.0,/mnt/nvme1n1/PipeANN-github/experiments/v100_early_pq_triggered_chain_1m_20260602T142517Z,6.362787496,1000000.0,310.775,17039.93,6.659549,7.0428180000000005,98.01,True,300,recall_pass_best,0.25,-6.944593225999999,1000000.0,1.0,0.5,6.362787496,graph,prefilter_below_graph_above,13.307380722,1000000.0,400.0,1000000.0,13.701343999999999,14.627241,98.79,True,400,recall_pass_best,0.6429621005486165,piecewise_linear_avg_latency,1.0,3,intersect,crossing
,v100_early_pq_triggered_chain_1m_20260602T142517Z__chain_cycle04_triggered_retrain__range__c1bce80c0d27,,-1.7614184870000003,0.75,2.3194315099999994,0.5,chain_cycle04_triggered_retrain,4,sift,1000000.0,/mnt/nvme1n1/PipeANN-github/experiments/v100_early_pq_triggered_chain_1m_20260602T142517Z,9.395195538,500000.0,459.661,22739.719,9.571557,10.051455,98.05,True,450,recall_pass_best,0.25,2.3194315099999994,1000000.0,1.0,0.5,7.075764028,prefilter,prefilter_below_graph_above,7.075764028,500000.0,250.0,500000.0,7.299078000000001,7.879578,98.08,True,250,recall_pass_best,0.6420924263146838,piecewise_linear_avg_latency,0.5,3,range,crossing
,v100_early_pq_triggered_chain_1m_20260602T142517Z__chain_cycle04_triggered_retrain__range__c1bce80c0d27,,-1.7614184870000003,0.75,2.3194315099999994,0.5,chain_cycle04_triggered_retrain,4,sift,1000000.0,/mnt/nvme1n1/PipeANN-github/experiments/v100_early_pq_triggered_chain_1m_20260602T142517Z,8.669265691,750000.0,410.029,20908.561,8.731922,9.14156,98.19,True,400,recall_pass_best,0.25,-1.7614184870000003,1000000.0,1.0,0.5,8.669265691,graph,prefilter_below_graph_above,10.430684178,750000.0,470.0,750000.0,10.745443999999999,11.107427,99.1,True,470,recall_pass_best,0.6420924263146838,piecewise_linear_avg_latency,0.75,3,range,crossing
,v100_early_pq_triggered_chain_1m_20260602T142517Z__chain_cycle04_triggered_retrain__range__c1bce80c0d27,,-1.7614184870000003,0.75,2.3194315099999994,0.5,chain_cycle04_triggered_retrain,4,sift,1000000.0,/mnt/nvme1n1/PipeANN-github/experiments/v100_early_pq_triggered_chain_1m_20260602T142517Z,6.50328874,1000000.0,310.758,17038.562,8.442593,9.12251,98.01,True,300,recall_pass_best,0.25,-7.0542303969999995,1000000.0,1.0,0.5,6.50328874,graph,prefilter_below_graph_above,13.557519137,1000000.0,300.0,1000000.0,13.955112999999999,14.885628,98.03,True,300,recall_pass_best,0.6420924263146838,piecewise_linear_avg_latency,1.0,3,range,crossing
,v100_early_pq_triggered_chain_1m_20260602T142517Z__chain_cycle05_triggered_retrain__intersect__94edd5a18bf2,,-2.205562820999999,0.75,3.2164240369999986,0.5,chain_cycle05_triggered_retrain,5,sift,1000000.0,/mnt/nvme1n1/PipeANN-github/experiments/v100_early_pq_triggered_chain_1m_20260602T142517Z,10.342434595999999,500000.0,480.484,23846.714,10.003665000000002,11.208675999999999,98.05,True,470,recall_pass_best,0.25,3.2164240369999986,1000000.0,1.0,0.5,7.126010559,prefilter,prefilter_below_graph_above,7.126010559,500000.0,300.0,500000.0,7.358408000000001,7.865598,98.49,True,300,recall_pass_best,0.6483046769218119,piecewise_linear_avg_latency,0.5,3,intersect,crossing
,v100_early_pq_triggered_chain_1m_20260602T142517Z__chain_cycle05_triggered_retrain__intersect__94edd5a18bf2,,-2.205562820999999,0.75,3.2164240369999986,0.5,chain_cycle05_triggered_retrain,5,sift,1000000.0,/mnt/nvme1n1/PipeANN-github/experiments/v100_early_pq_triggered_chain_1m_20260602T142517Z,8.273065268,750000.0,410.792,21266.214,8.525371999999999,9.064193,98.54,True,400,recall_pass_best,0.25,-2.205562820999999,1000000.0,1.0,0.5,8.273065268,graph,prefilter_below_graph_above,10.478628088999999,750000.0,300.0,750000.0,11.080442999999999,11.789433,98.34,True,300,recall_pass_best,0.6483046769218119,piecewise_linear_avg_latency,0.75,3,intersect,crossing
,v100_early_pq_triggered_chain_1m_20260602T142517Z__chain_cycle05_triggered_retrain__intersect__94edd5a18bf2,,-2.205562820999999,0.75,3.2164240369999986,0.5,chain_cycle05_triggered_retrain,5,sift,1000000.0,/mnt/nvme1n1/PipeANN-github/experiments/v100_early_pq_triggered_chain_1m_20260602T142517Z,6.356261268,1000000.0,311.538,17343.624,6.574344,7.000167,98.24,True,300,recall_pass_best,0.25,-7.190368218000001,1000000.0,1.0,0.5,6.356261268,graph,prefilter_below_graph_above,13.546629486,1000000.0,450.0,1000000.0,14.001850000000001,14.943227,99.15,True,450,recall_pass_best,0.6483046769218119,piecewise_linear_avg_latency,1.0,3,intersect,crossing
,v100_early_pq_triggered_chain_1m_20260602T142517Z__chain_cycle05_triggered_retrain__range__48688ecd0ce3,,-1.9118812909999985,0.75,2.688429608999998,0.5,chain_cycle05_triggered_retrain,5,sift,1000000.0,/mnt/nvme1n1/PipeANN-github/experiments/v100_early_pq_triggered_chain_1m_20260602T142517Z,9.743304475999999,500000.0,480.483,23847.285,10.029628,10.887791,98.05,True,470,recall_pass_best,0.25,2.688429608999998,1000000.0,1.0,0.5,7.0548748670000005,prefilter,prefilter_below_graph_above,7.0548748670000005,500000.0,300.0,500000.0,7.429792,7.863756,98.49,True,300,recall_pass_best,0.6461004303535224,piecewise_linear_avg_latency,0.5,3,range,crossing
,v100_early_pq_triggered_chain_1m_20260602T142517Z__chain_cycle05_triggered_retrain__range__48688ecd0ce3,,-1.9118812909999985,0.75,2.688429608999998,0.5,chain_cycle05_triggered_retrain,5,sift,1000000.0,/mnt/nvme1n1/PipeANN-github/experiments/v100_early_pq_triggered_chain_1m_20260602T142517Z,8.406848715,750000.0,410.797,21266.715,8.577449,9.017950999999998,98.54,True,400,recall_pass_best,0.25,-1.9118812909999985,1000000.0,1.0,0.5,8.406848715,graph,prefilter_below_graph_above,10.318730006,750000.0,300.0,750000.0,10.782824,11.510375,98.34,True,300,recall_pass_best,0.6461004303535224,piecewise_linear_avg_latency,0.75,3,range,crossing
,v100_early_pq_triggered_chain_1m_20260602T142517Z__chain_cycle05_triggered_retrain__range__48688ecd0ce3,,-1.9118812909999985,0.75,2.688429608999998,0.5,chain_cycle05_triggered_retrain,5,sift,1000000.0,/mnt/nvme1n1/PipeANN-github/experiments/v100_early_pq_triggered_chain_1m_20260602T142517Z,6.426686388,1000000.0,311.545,17344.26,6.766237,7.135458,98.24,True,300,recall_pass_best,0.25,-6.995205115999999,1000000.0,1.0,0.5,6.426686388,graph,prefilter_below_graph_above,13.421891504,1000000.0,400.0,1000000.0,13.910842,14.317842,98.94,True,400,recall_pass_best,0.6461004303535224,piecewise_linear_avg_latency,1.0,3,range,crossing
,v100_pq_drift_1m_baseline_20260601T043217Z__phaseB_cycle00_direct_retrain_1m__intersect__7f64090e8780,3,,,,,phaseB_cycle00_direct_retrain_1m,0,sift,1000000.0,/mnt/nvme1n1/PipeANN-github/experiments/v100_pq_drift_1m_baseline_20260601T043217Z,1.4483419899999999,1000.0,,,1.656107,1.8484280000000002,0.34,False,50,fastest_but_recall_below_98,,1.2790072479999999,1000000.0,1.0,0.001,0.169334742,prefilter,,0.169334742,1000.0,,,0.18889699999999998,0.195957,99.97,True,75,recall_pass_best,,multiple_piecewise_sign_changes,0.001,10,intersect,multi_crossing
,v100_pq_drift_1m_baseline_20260601T043217Z__phaseB_cycle00_direct_retrain_1m__intersect__7f64090e8780,3,,,,,phaseB_cycle00_direct_retrain_1m,0,sift,1000000.0,/mnt/nvme1n1/PipeANN-github/experiments/v100_pq_drift_1m_baseline_20260601T043217Z,1.450681141,3000.0,,,1.66272,1.892801,1.74,False,50,fastest_but_recall_below_98,,1.233545566,1000000.0,1.0,0.001,0.217135575,prefilter,,0.217135575,3000.0,,,0.242224,0.255173,99.84,True,50,recall_pass_best,,multiple_piecewise_sign_changes,0.003,10,intersect,multi_crossing
,v100_pq_drift_1m_baseline_20260601T043217Z__phaseB_cycle00_direct_retrain_1m__intersect__7f64090e8780,3,,,,,phaseB_cycle00_direct_retrain_1m,0,sift,1000000.0,/mnt/nvme1n1/PipeANN-github/experiments/v100_pq_drift_1m_baseline_20260601T043217Z,1.42762817,10000.0,,,1.6268989999999999,1.875548,4.8,False,50,fastest_but_recall_below_98,,1.029040921,1000000.0,1.0,0.001,0.398587249,prefilter,,0.398587249,10000.0,,,0.427105,0.458195,99.62,True,75,recall_pass_best,,multiple_piecewise_sign_changes,0.01,10,intersect,multi_crossing
,v100_pq_drift_1m_baseline_20260601T043217Z__phaseB_cycle00_direct_retrain_1m__intersect__7f64090e8780,3,,,,,phaseB_cycle00_direct_retrain_1m,0,sift,1000000.0,/mnt/nvme1n1/PipeANN-github/experiments/v100_pq_drift_1m_baseline_20260601T043217Z,1.4334745009999998,50000.0,,,1.624196,1.8515350000000002,21.04,False,50,fastest_but_recall_below_98,,0.2521323619999998,1000000.0,1.0,0.001,1.181342139,prefilter,,1.181342139,50000.0,,,1.25563,1.323909,99.04,True,75,recall_pass_best,,multiple_piecewise_sign_changes,0.05,10,intersect,multi_crossing
,v100_pq_drift_1m_baseline_20260601T043217Z__phaseB_cycle00_direct_retrain_1m__intersect__7f64090e8780,3,,,,,phaseB_cycle00_direct_retrain_1m,0,sift,1000000.0,/mnt/nvme1n1/PipeANN-github/experiments/v100_pq_drift_1m_baseline_20260601T043217Z,1.450407107,100000.0,,,1.6575920000000002,1.855394,37.18,False,50,fastest_but_recall_below_98,,-0.6164074169999998,1000000.0,1.0,0.001,1.450407107,graph,,2.0668145239999998,100000.0,,,2.2489369999999997,2.3524830000000003,98.67,True,250,recall_pass_best,,multiple_piecewise_sign_changes,0.1,10,intersect,multi_crossing
,v100_pq_drift_1m_baseline_20260601T043217Z__phaseB_cycle00_direct_retrain_1m__intersect__7f64090e8780,3,,,,,phaseB_cycle00_direct_retrain_1m,0,sift,1000000.0,/mnt/nvme1n1/PipeANN-github/experiments/v100_pq_drift_1m_baseline_20260601T043217Z,1.4345152319999999,250000.0,,,1.628473,1.8805820000000002,58.14,False,50,fastest_but_recall_below_98,,-2.797065014,1000000.0,1.0,0.001,1.4345152319999999,graph,,4.231580246,250000.0,,,4.428100000000001,4.648823,98.2,True,250,recall_pass_best,,multiple_piecewise_sign_changes,0.25,10,intersect,multi_crossing
,v100_pq_drift_1m_baseline_20260601T043217Z__phaseB_cycle00_direct_retrain_1m__intersect__7f64090e8780,3,,,,,phaseB_cycle00_direct_retrain_1m,0,sift,1000000.0,/mnt/nvme1n1/PipeANN-github/experiments/v100_pq_drift_1m_baseline_20260601T043217Z,1.45014412,300000.0,,,1.652255,1.866849,61.89,False,50,fastest_but_recall_below_98,,-3.4844593889999995,1000000.0,1.0,0.001,1.45014412,graph,,4.9346035089999996,300000.0,,,5.051501,5.1798969999999995,98.11,True,250,recall_pass_best,,multiple_piecewise_sign_changes,0.3,10,intersect,multi_crossing
,v100_pq_drift_1m_baseline_20260601T043217Z__phaseB_cycle00_direct_retrain_1m__intersect__7f64090e8780,3,,,,,phaseB_cycle00_direct_retrain_1m,0,sift,1000000.0,/mnt/nvme1n1/PipeANN-github/experiments/v100_pq_drift_1m_baseline_20260601T043217Z,9.181804588,500000.0,,,9.814281000000001,11.065908,98.24,True,450,recall_pass_best,,1.4077727850000006,1000000.0,1.0,0.001,7.774031803,prefilter,,7.774031803,500000.0,,,8.198561,8.823497,98.52,True,300,recall_pass_best,,multiple_piecewise_sign_changes,0.5,10,intersect,multi_crossing
,v100_pq_drift_1m_baseline_20260601T043217Z__phaseB_cycle00_direct_retrain_1m__intersect__7f64090e8780,3,,,,,phaseB_cycle00_direct_retrain_1m,0,sift,1000000.0,/mnt/nvme1n1/PipeANN-github/experiments/v100_pq_drift_1m_baseline_20260601T043217Z,8.248545668,750000.0,,,8.508261000000001,9.032101,98.52,True,400,recall_pass_best,,-3.476696166,1000000.0,1.0,0.001,8.248545668,graph,,11.725241834,750000.0,,,12.39662,13.424408,98.26,True,300,recall_pass_best,,multiple_piecewise_sign_changes,0.75,10,intersect,multi_crossing
,v100_pq_drift_1m_baseline_20260601T043217Z__phaseB_cycle00_direct_retrain_1m__intersect__7f64090e8780,3,,,,,phaseB_cycle00_direct_retrain_1m,0,sift,1000000.0,/mnt/nvme1n1/PipeANN-github/experiments/v100_pq_drift_1m_baseline_20260601T043217Z,6.426975987,1000000.0,,,6.9099319999999995,7.799676000000001,98.01,True,300,recall_pass_best,,-8.813264466,1000000.0,1.0,0.001,6.426975987,graph,,15.240240453,1000000.0,,,16.2066,17.134297,98.05,True,300,recall_pass_best,,multiple_piecewise_sign_changes,1.0,10,intersect,multi_crossing
,v100_pq_drift_1m_baseline_20260601T043217Z__phaseB_cycle00_direct_retrain_1m__range__77abc6090742,3,,,,,phaseB_cycle00_direct_retrain_1m,0,sift,1000000.0,/mnt/nvme1n1/PipeANN-github/experiments/v100_pq_drift_1m_baseline_20260601T043217Z,1.432779674,1000.0,,,1.629638,1.791731,0.34,False,50,fastest_but_recall_below_98,,1.266010008,1000000.0,1.0,0.001,0.166769666,prefilter,,0.166769666,1000.0,,,0.188884,0.20251499999999997,99.97,True,50,recall_pass_best,,multiple_piecewise_sign_changes,0.001,10,range,multi_crossing
,v100_pq_drift_1m_baseline_20260601T043217Z__phaseB_cycle00_direct_retrain_1m__range__77abc6090742,3,,,,,phaseB_cycle00_direct_retrain_1m,0,sift,1000000.0,/mnt/nvme1n1/PipeANN-github/experiments/v100_pq_drift_1m_baseline_20260601T043217Z,1.446102352,3000.0,,,1.636776,1.818419,1.73,False,50,fastest_but_recall_below_98,,1.229160711,1000000.0,1.0,0.001,0.216941641,prefilter,,0.216941641,3000.0,,,0.251424,0.274418,99.84,True,50,recall_pass_best,,multiple_piecewise_sign_changes,0.003,10,range,multi_crossing
,v100_pq_drift_1m_baseline_20260601T043217Z__phaseB_cycle00_direct_retrain_1m__range__77abc6090742,3,,,,,phaseB_cycle00_direct_retrain_1m,0,sift,1000000.0,/mnt/nvme1n1/PipeANN-github/experiments/v100_pq_drift_1m_baseline_20260601T043217Z,1.449542195,10000.0,,,1.632989,1.851456,4.8,False,50,fastest_but_recall_below_98,,1.030816545,1000000.0,1.0,0.001,0.41872564999999995,prefilter,,0.41872564999999995,10000.0,,,0.458854,0.50129,99.62,True,75,recall_pass_best,,multiple_piecewise_sign_changes,0.01,10,range,multi_crossing
,v100_pq_drift_1m_baseline_20260601T043217Z__phaseB_cycle00_direct_retrain_1m__range__77abc6090742,3,,,,,phaseB_cycle00_direct_retrain_1m,0,sift,1000000.0,/mnt/nvme1n1/PipeANN-github/experiments/v100_pq_drift_1m_baseline_20260601T043217Z,1.45662248,50000.0,,,1.6430989999999999,1.884664,21.02,False,50,fastest_but_recall_below_98,,0.2567432780000001,1000000.0,1.0,0.001,1.199879202,prefilter,,1.199879202,50000.0,,,1.288477,1.356302,99.04,True,50,recall_pass_best,,multiple_piecewise_sign_changes,0.05,10,range,multi_crossing
,v100_pq_drift_1m_baseline_20260601T043217Z__phaseB_cycle00_direct_retrain_1m__range__77abc6090742,3,,,,,phaseB_cycle00_direct_retrain_1m,0,sift,1000000.0,/mnt/nvme1n1/PipeANN-github/experiments/v100_pq_drift_1m_baseline_20260601T043217Z,1.509312055,100000.0,,,1.7851400000000002,2.291545,37.23,False,50,fastest_but_recall_below_98,,-0.5507075760000002,1000000.0,1.0,0.001,1.509312055,graph,,2.0600196310000003,100000.0,,,2.2022489999999997,2.3108400000000002,98.67,True,250,recall_pass_best,,multiple_piecewise_sign_changes,0.1,10,range,multi_crossing
,v100_pq_drift_1m_baseline_20260601T043217Z__phaseB_cycle00_direct_retrain_1m__range__77abc6090742,3,,,,,phaseB_cycle00_direct_retrain_1m,0,sift,1000000.0,/mnt/nvme1n1/PipeANN-github/experiments/v100_pq_drift_1m_baseline_20260601T043217Z,1.46688787,250000.0,,,1.65627,1.893182,58.14,False,50,fastest_but_recall_below_98,,-2.8356592679999997,1000000.0,1.0,0.001,1.46688787,graph,,4.3025471379999995,250000.0,,,4.505428,4.807925,98.2,True,250,recall_pass_best,,multiple_piecewise_sign_changes,0.25,10,range,multi_crossing
,v100_pq_drift_1m_baseline_20260601T043217Z__phaseB_cycle00_direct_retrain_1m__range__77abc6090742,3,,,,,phaseB_cycle00_direct_retrain_1m,0,sift,1000000.0,/mnt/nvme1n1/PipeANN-github/experiments/v100_pq_drift_1m_baseline_20260601T043217Z,1.5269361899999998,300000.0,,,1.790902,2.340076,61.93,False,50,fastest_but_recall_below_98,,-3.4130725459999995,1000000.0,1.0,0.001,1.5269361899999998,graph,,4.940008735999999,300000.0,,,5.050548,5.288044,98.11,True,250,recall_pass_best,,multiple_piecewise_sign_changes,0.3,10,range,multi_crossing
,v100_pq_drift_1m_baseline_20260601T043217Z__phaseB_cycle00_direct_retrain_1m__range__77abc6090742,3,,,,,phaseB_cycle00_direct_retrain_1m,0,sift,1000000.0,/mnt/nvme1n1/PipeANN-github/experiments/v100_pq_drift_1m_baseline_20260601T043217Z,9.337720477000001,500000.0,,,9.781111999999998,10.632589,98.24,True,450,recall_pass_best,,1.6216418330000009,1000000.0,1.0,0.001,7.716078644,prefilter,,7.716078644,500000.0,,,7.99994,8.575614999999999,98.06,True,250,recall_pass_best,,multiple_piecewise_sign_changes,0.5,10,range,multi_crossing
,v100_pq_drift_1m_baseline_20260601T043217Z__phaseB_cycle00_direct_retrain_1m__range__77abc6090742,3,,,,,phaseB_cycle00_direct_retrain_1m,0,sift,1000000.0,/mnt/nvme1n1/PipeANN-github/experiments/v100_pq_drift_1m_baseline_20260601T043217Z,8.369197216,750000.0,,,8.671764,9.107334999999999,98.52,True,400,recall_pass_best,,-3.2498625730000015,1000000.0,1.0,0.001,8.369197216,graph,,11.619059789000001,750000.0,,,12.426004,13.271342,99.16,True,450,recall_pass_best,,multiple_piecewise_sign_changes,0.75,10,range,multi_crossing
,v100_pq_drift_1m_baseline_20260601T043217Z__phaseB_cycle00_direct_retrain_1m__range__77abc6090742,3,,,,,phaseB_cycle00_direct_retrain_1m,0,sift,1000000.0,/mnt/nvme1n1/PipeANN-github/experiments/v100_pq_drift_1m_baseline_20260601T043217Z,6.319907672,1000000.0,,,6.591436,7.0215510000000005,98.01,True,300,recall_pass_best,,-8.792295706,1000000.0,1.0,0.001,6.319907672,graph,,15.112203378,1000000.0,,,15.854249,16.749192,98.05,True,300,recall_pass_best,,multiple_piecewise_sign_changes,1.0,10,range,multi_crossing
,v100_pq_drift_1m_baseline_20260601T043217Z__phaseB_cycle00_zero_insert_no_retrain_1m__intersect__20f17b99efd2,3,,,,,phaseB_cycle00_zero_insert_no_retrain_1m,0,sift,1000000.0,/mnt/nvme1n1/PipeANN-github/experiments/v100_pq_drift_1m_baseline_20260601T043217Z,1.646637873,1000.0,,,2.0689119999999996,2.298118,0.36,False,50,fastest_but_recall_below_98,,1.478821339,1000000.0,1.0,0.001,0.167816534,prefilter,,0.167816534,1000.0,,,0.184134,0.195957,99.97,True,75,recall_pass_best,,multiple_piecewise_sign_changes,0.001,10,intersect,multi_crossing
,v100_pq_drift_1m_baseline_20260601T043217Z__phaseB_cycle00_zero_insert_no_retrain_1m__intersect__20f17b99efd2,3,,,,,phaseB_cycle00_zero_insert_no_retrain_1m,0,sift,1000000.0,/mnt/nvme1n1/PipeANN-github/experiments/v100_pq_drift_1m_baseline_20260601T043217Z,1.530921589,3000.0,,,1.72872,1.9579280000000001,2.0,False,50,fastest_but_recall_below_98,,1.3101462510000002,1000000.0,1.0,0.001,0.22077533800000002,prefilter,,0.22077533800000002,3000.0,,,0.247772,0.264868,99.73,True,50,recall_pass_best,,multiple_piecewise_sign_changes,0.003,10,intersect,multi_crossing
,v100_pq_drift_1m_baseline_20260601T043217Z__phaseB_cycle00_zero_insert_no_retrain_1m__intersect__20f17b99efd2,3,,,,,phaseB_cycle00_zero_insert_no_retrain_1m,0,sift,1000000.0,/mnt/nvme1n1/PipeANN-github/experiments/v100_pq_drift_1m_baseline_20260601T043217Z,1.54185759,10000.0,,,1.941691,2.189896,5.2,False,50,fastest_but_recall_below_98,,1.139015101,1000000.0,1.0,0.001,0.402842489,prefilter,,0.402842489,10000.0,,,0.45893,0.49763799999999997,99.6,True,75,recall_pass_best,,multiple_piecewise_sign_changes,0.01,10,intersect,multi_crossing
,v100_pq_drift_1m_baseline_20260601T043217Z__phaseB_cycle00_zero_insert_no_retrain_1m__intersect__20f17b99efd2,3,,,,,phaseB_cycle00_zero_insert_no_retrain_1m,0,sift,1000000.0,/mnt/nvme1n1/PipeANN-github/experiments/v100_pq_drift_1m_baseline_20260601T043217Z,1.50196887,50000.0,,,1.690791,1.915271,21.91,False,50,fastest_but_recall_below_98,,0.34426059900000006,1000000.0,1.0,0.001,1.157708271,prefilter,,1.157708271,50000.0,,,1.219495,1.251574,99.12,True,150,recall_pass_best,,multiple_piecewise_sign_changes,0.05,10,intersect,multi_crossing
,v100_pq_drift_1m_baseline_20260601T043217Z__phaseB_cycle00_zero_insert_no_retrain_1m__intersect__20f17b99efd2,3,,,,,phaseB_cycle00_zero_insert_no_retrain_1m,0,sift,1000000.0,/mnt/nvme1n1/PipeANN-github/experiments/v100_pq_drift_1m_baseline_20260601T043217Z,1.4966159600000002,100000.0,,,1.684167,1.8535840000000001,36.97,False,50,fastest_but_recall_below_98,,-0.4246713839999998,1000000.0,1.0,0.001,1.4966159600000002,graph,,1.921287344,100000.0,,,1.983701,2.099798,98.06,True,200,recall_pass_best,,multiple_piecewise_sign_changes,0.1,10,intersect,multi_crossing
,v100_pq_drift_1m_baseline_20260601T043217Z__phaseB_cycle00_zero_insert_no_retrain_1m__intersect__20f17b99efd2,3,,,,,phaseB_cycle00_zero_insert_no_retrain_1m,0,sift,1000000.0,/mnt/nvme1n1/PipeANN-github/experiments/v100_pq_drift_1m_baseline_20260601T043217Z,1.499479292,250000.0,,,1.682845,1.8918840000000001,57.44,False,50,fastest_but_recall_below_98,,-2.8813013399999994,1000000.0,1.0,0.001,1.499479292,graph,,4.380780632,250000.0,,,4.7188360000000005,5.094826,98.21,True,250,recall_pass_best,,multiple_piecewise_sign_changes,0.25,10,intersect,multi_crossing
,v100_pq_drift_1m_baseline_20260601T043217Z__phaseB_cycle00_zero_insert_no_retrain_1m__intersect__20f17b99efd2,3,,,,,phaseB_cycle00_zero_insert_no_retrain_1m,0,sift,1000000.0,/mnt/nvme1n1/PipeANN-github/experiments/v100_pq_drift_1m_baseline_20260601T043217Z,1.464234407,300000.0,,,1.641221,1.835236,61.5,False,50,fastest_but_recall_below_98,,-3.486334426,1000000.0,1.0,0.001,1.464234407,graph,,4.950568833,300000.0,,,5.1296800000000005,5.471104,98.67,True,300,recall_pass_best,,multiple_piecewise_sign_changes,0.3,10,intersect,multi_crossing
,v100_pq_drift_1m_baseline_20260601T043217Z__phaseB_cycle00_zero_insert_no_retrain_1m__intersect__20f17b99efd2,3,,,,,phaseB_cycle00_zero_insert_no_retrain_1m,0,sift,1000000.0,/mnt/nvme1n1/PipeANN-github/experiments/v100_pq_drift_1m_baseline_20260601T043217Z,9.742855179,500000.0,,,10.072209,10.455267,98.01,True,470,recall_pass_best,,1.825087011,1000000.0,1.0,0.001,7.917768167999999,prefilter,,7.917768167999999,500000.0,,,8.372075,8.855411,98.35,True,300,recall_pass_best,,multiple_piecewise_sign_changes,0.5,10,intersect,multi_crossing
,v100_pq_drift_1m_baseline_20260601T043217Z__phaseB_cycle00_zero_insert_no_retrain_1m__intersect__20f17b99efd2,3,,,,,phaseB_cycle00_zero_insert_no_retrain_1m,0,sift,1000000.0,/mnt/nvme1n1/PipeANN-github/experiments/v100_pq_drift_1m_baseline_20260601T043217Z,8.360722563,750000.0,,,8.688549,9.380006,98.35,True,400,recall_pass_best,,-2.771880133,1000000.0,1.0,0.001,8.360722563,graph,,11.132602696,750000.0,,,11.515796,12.129786,98.01,True,300,recall_pass_best,,multiple_piecewise_sign_changes,0.75,10,intersect,multi_crossing
,v100_pq_drift_1m_baseline_20260601T043217Z__phaseB_cycle00_zero_insert_no_retrain_1m__intersect__20f17b99efd2,3,,,,,phaseB_cycle00_zero_insert_no_retrain_1m,0,sift,1000000.0,/mnt/nvme1n1/PipeANN-github/experiments/v100_pq_drift_1m_baseline_20260601T043217Z,8.347664406,1000000.0,,,8.639785,8.993736,98.74,True,400,recall_pass_best,,-6.799447068999999,1000000.0,1.0,0.001,8.347664406,graph,,15.147111474999999,1000000.0,,,15.7215,16.626744,98.66,True,400,recall_pass_best,,multiple_piecewise_sign_changes,1.0,10,intersect,multi_crossing
,v100_pq_drift_1m_baseline_20260601T043217Z__phaseB_cycle00_zero_insert_no_retrain_1m__range__7f8ca676a663,3,,,,,phaseB_cycle00_zero_insert_no_retrain_1m,0,sift,1000000.0,/mnt/nvme1n1/PipeANN-github/experiments/v100_pq_drift_1m_baseline_20260601T043217Z,1.5052460719999998,1000.0,,,1.698385,1.883646,0.36,False,50,fastest_but_recall_below_98,,1.3380472589999999,1000000.0,1.0,0.001,0.167198813,prefilter,,0.167198813,1000.0,,,0.189705,0.20266800000000001,99.97,True,75,recall_pass_best,,multiple_piecewise_sign_changes,0.001,10,range,multi_crossing
,v100_pq_drift_1m_baseline_20260601T043217Z__phaseB_cycle00_zero_insert_no_retrain_1m__range__7f8ca676a663,3,,,,,phaseB_cycle00_zero_insert_no_retrain_1m,0,sift,1000000.0,/mnt/nvme1n1/PipeANN-github/experiments/v100_pq_drift_1m_baseline_20260601T043217Z,1.500976861,3000.0,,,1.79182,2.1121849999999998,2.01,False,50,fastest_but_recall_below_98,,1.280363481,1000000.0,1.0,0.001,0.22061338,prefilter,,0.22061338,3000.0,,,0.23883500000000002,0.255923,99.73,True,50,recall_pass_best,,multiple_piecewise_sign_changes,0.003,10,range,multi_crossing
,v100_pq_drift_1m_baseline_20260601T043217Z__phaseB_cycle00_zero_insert_no_retrain_1m__range__7f8ca676a663,3,,,,,phaseB_cycle00_zero_insert_no_retrain_1m,0,sift,1000000.0,/mnt/nvme1n1/PipeANN-github/experiments/v100_pq_drift_1m_baseline_20260601T043217Z,1.5250597620000002,10000.0,,,1.721447,1.8993820000000001,5.22,False,50,fastest_but_recall_below_98,,1.1015409120000001,1000000.0,1.0,0.001,0.42351885,prefilter,,0.42351885,10000.0,,,0.473648,0.508155,99.6,True,50,recall_pass_best,,multiple_piecewise_sign_changes,0.01,10,range,multi_crossing
,v100_pq_drift_1m_baseline_20260601T043217Z__phaseB_cycle00_zero_insert_no_retrain_1m__range__7f8ca676a663,3,,,,,phaseB_cycle00_zero_insert_no_retrain_1m,0,sift,1000000.0,/mnt/nvme1n1/PipeANN-github/experiments/v100_pq_drift_1m_baseline_20260601T043217Z,1.510136012,50000.0,,,1.698333,1.911495,21.93,False,50,fastest_but_recall_below_98,,0.2918201140000001,1000000.0,1.0,0.001,1.218315898,prefilter,,1.218315898,50000.0,,,1.2646659999999998,1.304952,99.12,True,75,recall_pass_best,,multiple_piecewise_sign_changes,0.05,10,range,multi_crossing
,v100_pq_drift_1m_baseline_20260601T043217Z__phaseB_cycle00_zero_insert_no_retrain_1m__range__7f8ca676a663,3,,,,,phaseB_cycle00_zero_insert_no_retrain_1m,0,sift,1000000.0,/mnt/nvme1n1/PipeANN-github/experiments/v100_pq_drift_1m_baseline_20260601T043217Z,1.4814439,100000.0,,,1.679244,1.833739,36.91,False,50,fastest_but_recall_below_98,,-0.5551341290000003,1000000.0,1.0,0.001,1.4814439,graph,,2.036578029,100000.0,,,2.189003,2.3230180000000002,98.06,True,200,recall_pass_best,,multiple_piecewise_sign_changes,0.1,10,range,multi_crossing
,v100_pq_drift_1m_baseline_20260601T043217Z__phaseB_cycle00_zero_insert_no_retrain_1m__range__7f8ca676a663,3,,,,,phaseB_cycle00_zero_insert_no_retrain_1m,0,sift,1000000.0,/mnt/nvme1n1/PipeANN-github/experiments/v100_pq_drift_1m_baseline_20260601T043217Z,1.526898966,250000.0,,,1.705116,1.912678,57.44,False,50,fastest_but_recall_below_98,,-2.892427615,1000000.0,1.0,0.001,1.526898966,graph,,4.419326581,250000.0,,,4.71873,5.13096,98.7,True,300,recall_pass_best,,multiple_piecewise_sign_changes,0.25,10,range,multi_crossing
,v100_pq_drift_1m_baseline_20260601T043217Z__phaseB_cycle00_zero_insert_no_retrain_1m__range__7f8ca676a663,3,,,,,phaseB_cycle00_zero_insert_no_retrain_1m,0,sift,1000000.0,/mnt/nvme1n1/PipeANN-github/experiments/v100_pq_drift_1m_baseline_20260601T043217Z,1.538715746,300000.0,,,1.722162,1.933791,61.52,False,50,fastest_but_recall_below_98,,-3.4861746250000003,1000000.0,1.0,0.001,1.538715746,graph,,5.024890371000001,300000.0,,,5.305579,5.711848,98.1,True,250,recall_pass_best,,multiple_piecewise_sign_changes,0.3,10,range,multi_crossing
,v100_pq_drift_1m_baseline_20260601T043217Z__phaseB_cycle00_zero_insert_no_retrain_1m__range__7f8ca676a663,3,,,,,phaseB_cycle00_zero_insert_no_retrain_1m,0,sift,1000000.0,/mnt/nvme1n1/PipeANN-github/experiments/v100_pq_drift_1m_baseline_20260601T043217Z,9.613087108,500000.0,,,9.885399,10.465944,98.01,True,470,recall_pass_best,,1.5119582430000005,1000000.0,1.0,0.001,8.101128865,prefilter,,8.101128865,500000.0,,,8.606433,9.396102999999998,98.35,True,300,recall_pass_best,,multiple_piecewise_sign_changes,0.5,10,range,multi_crossing
,v100_pq_drift_1m_baseline_20260601T043217Z__phaseB_cycle00_zero_insert_no_retrain_1m__range__7f8ca676a663,3,,,,,phaseB_cycle00_zero_insert_no_retrain_1m,0,sift,1000000.0,/mnt/nvme1n1/PipeANN-github/experiments/v100_pq_drift_1m_baseline_20260601T043217Z,8.408385437000002,750000.0,,,8.718787,9.086608,98.35,True,400,recall_pass_best,,-3.0071492019999972,1000000.0,1.0,0.001,8.408385437000002,graph,,11.415534638999999,750000.0,,,12.247515,13.851531999999999,98.01,True,300,recall_pass_best,,multiple_piecewise_sign_changes,0.75,10,range,multi_crossing
,v100_pq_drift_1m_baseline_20260601T043217Z__phaseB_cycle00_zero_insert_no_retrain_1m__range__7f8ca676a663,3,,,,,phaseB_cycle00_zero_insert_no_retrain_1m,0,sift,1000000.0,/mnt/nvme1n1/PipeANN-github/experiments/v100_pq_drift_1m_baseline_20260601T043217Z,8.369008991000001,1000000.0,,,8.650403,9.026144,98.74,True,400,recall_pass_best,,-7.388582409999998,1000000.0,1.0,0.001,8.369008991000001,graph,,15.757591400999999,1000000.0,,,17.202886,18.204507000000003,98.96,True,470,recall_pass_best,,multiple_piecewise_sign_changes,1.0,10,range,multi_crossing
,v100_pq_drift_1m_baseline_20260601T043217Z__phaseC_cycle01_no_retrain_across_cycles__intersect__961df093dd20,,-0.8063435880000001,0.1,0.001856564000000116,0.05,phaseC_cycle01_no_retrain_across_cycles,1,sift,1000000.0,/mnt/nvme1n1/PipeANN-github/experiments/v100_pq_drift_1m_baseline_20260601T043217Z,1.510425617,1000.0,,,1.764076,2.0138730000000002,0.32,False,50,fastest_but_recall_below_98,0.05,1.305315582,1000000.0,1.0,0.001,0.20511003500000002,prefilter,prefilter_below_graph_above,0.20511003500000002,1000.0,,,0.225447,0.25865,99.96,True,50,recall_pass_best,0.050114857934349916,piecewise_linear_avg_latency,0.001,10,intersect,crossing
,v100_pq_drift_1m_baseline_20260601T043217Z__phaseC_cycle01_no_retrain_across_cycles__intersect__961df093dd20,,-0.8063435880000001,0.1,0.001856564000000116,0.05,phaseC_cycle01_no_retrain_across_cycles,1,sift,1000000.0,/mnt/nvme1n1/PipeANN-github/experiments/v100_pq_drift_1m_baseline_20260601T043217Z,1.488959751,3000.0,,,1.728009,1.99471,1.44,False,50,fastest_but_recall_below_98,0.05,1.20404883,1000000.0,1.0,0.001,0.284910921,prefilter,prefilter_below_graph_above,0.284910921,3000.0,,,0.345175,0.396329,99.69,True,75,recall_pass_best,0.050114857934349916,piecewise_linear_avg_latency,0.003,10,intersect,crossing
,v100_pq_drift_1m_baseline_20260601T043217Z__phaseC_cycle01_no_retrain_across_cycles__intersect__961df093dd20,,-0.8063435880000001,0.1,0.001856564000000116,0.05,phaseC_cycle01_no_retrain_across_cycles,1,sift,1000000.0,/mnt/nvme1n1/PipeANN-github/experiments/v100_pq_drift_1m_baseline_20260601T043217Z,1.494923746,10000.0,,,1.7512780000000001,1.986872,5.23,False,50,fastest_but_recall_below_98,0.05,0.897814728,1000000.0,1.0,0.001,0.597109018,prefilter,prefilter_below_graph_above,0.597109018,10000.0,,,0.636026,0.663811,99.64,True,75,recall_pass_best,0.050114857934349916,piecewise_linear_avg_latency,0.01,10,intersect,crossing
,v100_pq_drift_1m_baseline_20260601T043217Z__phaseC_cycle01_no_retrain_across_cycles__intersect__961df093dd20,,-0.8063435880000001,0.1,0.001856564000000116,0.05,phaseC_cycle01_no_retrain_across_cycles,1,sift,1000000.0,/mnt/nvme1n1/PipeANN-github/experiments/v100_pq_drift_1m_baseline_20260601T043217Z,1.516615827,50000.0,,,1.802877,2.0823840000000002,21.78,False,50,fastest_but_recall_below_98,0.05,0.001856564000000116,1000000.0,1.0,0.001,1.514759263,prefilter,prefilter_below_graph_above,1.514759263,50000.0,,,1.72872,1.9212829999999999,99.44,True,100,recall_pass_best,0.050114857934349916,piecewise_linear_avg_latency,0.05,10,intersect,crossing
,v100_pq_drift_1m_baseline_20260601T043217Z__phaseC_cycle01_no_retrain_across_cycles__intersect__961df093dd20,,-0.8063435880000001,0.1,0.001856564000000116,0.05,phaseC_cycle01_no_retrain_across_cycles,1,sift,1000000.0,/mnt/nvme1n1/PipeANN-github/experiments/v100_pq_drift_1m_baseline_20260601T043217Z,1.506626853,100000.0,,,1.756532,2.025179,36.9,False,50,fastest_but_recall_below_98,0.05,-0.8063435880000001,1000000.0,1.0,0.001,1.506626853,graph,prefilter_below_graph_above,2.312970441,100000.0,,,2.367683,2.502549,98.23,True,150,recall_pass_best,0.050114857934349916,piecewise_linear_avg_latency,0.1,10,intersect,crossing
,v100_pq_drift_1m_baseline_20260601T043217Z__phaseC_cycle01_no_retrain_across_cycles__intersect__961df093dd20,,-0.8063435880000001,0.1,0.001856564000000116,0.05,phaseC_cycle01_no_retrain_across_cycles,1,sift,1000000.0,/mnt/nvme1n1/PipeANN-github/experiments/v100_pq_drift_1m_baseline_20260601T043217Z,1.561561486,250000.0,,,1.898984,2.287065,54.93,False,50,fastest_but_recall_below_98,0.05,-3.9364391080000005,1000000.0,1.0,0.001,1.561561486,graph,prefilter_below_graph_above,5.4980005940000005,250000.0,,,6.0114,25.537816,98.65,True,250,recall_pass_best,0.050114857934349916,piecewise_linear_avg_latency,0.25,10,intersect,crossing
,v100_pq_drift_1m_baseline_20260601T043217Z__phaseC_cycle01_no_retrain_across_cycles__intersect__961df093dd20,,-0.8063435880000001,0.1,0.001856564000000116,0.05,phaseC_cycle01_no_retrain_across_cycles,1,sift,1000000.0,/mnt/nvme1n1/PipeANN-github/experiments/v100_pq_drift_1m_baseline_20260601T043217Z,1.5263706970000002,300000.0,,,1.823938,2.0565230000000003,59.8,False,50,fastest_but_recall_below_98,0.05,-4.351732149,1000000.0,1.0,0.001,1.5263706970000002,graph,prefilter_below_graph_above,5.878102846,300000.0,,,6.1465749999999995,6.457036,98.32,True,250,recall_pass_best,0.050114857934349916,piecewise_linear_avg_latency,0.3,10,intersect,crossing
,v100_pq_drift_1m_baseline_20260601T043217Z__phaseC_cycle01_no_retrain_across_cycles__intersect__961df093dd20,,-0.8063435880000001,0.1,0.001856564000000116,0.05,phaseC_cycle01_no_retrain_across_cycles,1,sift,1000000.0,/mnt/nvme1n1/PipeANN-github/experiments/v100_pq_drift_1m_baseline_20260601T043217Z,1.501876349,500000.0,,,1.750962,2.0028289999999997,67.95,False,50,fastest_but_recall_below_98,0.05,-6.801636415999999,1000000.0,1.0,0.001,1.501876349,graph,prefilter_below_graph_above,8.303512764999999,500000.0,,,9.092161,10.059683000000001,98.48,True,300,recall_pass_best,0.050114857934349916,piecewise_linear_avg_latency,0.5,10,intersect,crossing
,v100_pq_drift_1m_baseline_20260601T043217Z__phaseC_cycle01_no_retrain_across_cycles__intersect__961df093dd20,,-0.8063435880000001,0.1,0.001856564000000116,0.05,phaseC_cycle01_no_retrain_across_cycles,1,sift,1000000.0,/mnt/nvme1n1/PipeANN-github/experiments/v100_pq_drift_1m_baseline_20260601T043217Z,9.377810836,750000.0,,,9.63715,17.38935,98.34,True,450,recall_pass_best,0.05,-2.7083555110000006,1000000.0,1.0,0.001,9.377810836,graph,prefilter_below_graph_above,12.086166347,750000.0,,,12.689225,13.586274999999999,99.14,True,470,recall_pass_best,0.050114857934349916,piecewise_linear_avg_latency,0.75,10,intersect,crossing
,v100_pq_drift_1m_baseline_20260601T043217Z__phaseC_cycle01_no_retrain_across_cycles__intersect__961df093dd20,,-0.8063435880000001,0.1,0.001856564000000116,0.05,phaseC_cycle01_no_retrain_across_cycles,1,sift,1000000.0,/mnt/nvme1n1/PipeANN-github/experiments/v100_pq_drift_1m_baseline_20260601T043217Z,8.467554578,1000000.0,,,8.878812,9.312292,98.41,True,400,recall_pass_best,0.05,-6.7662322580000005,1000000.0,1.0,0.001,8.467554578,graph,prefilter_below_graph_above,15.233786836,1000000.0,,,15.934079,16.740277,98.69,True,400,recall_pass_best,0.050114857934349916,piecewise_linear_avg_latency,1.0,10,intersect,crossing
,v100_pq_drift_1m_baseline_20260601T043217Z__phaseC_cycle01_no_retrain_across_cycles__range__a39212d36d7b,,-0.2121235800000001,0.05,0.9043258370000001,0.01,phaseC_cycle01_no_retrain_across_cycles,1,sift,1000000.0,/mnt/nvme1n1/PipeANN-github/experiments/v100_pq_drift_1m_baseline_20260601T043217Z,1.451068897,1000.0,,,1.692032,1.9324400000000002,0.32,False,50,fastest_but_recall_below_98,0.04,1.2109150940000002,1000000.0,1.0,0.001,0.240153803,prefilter,prefilter_below_graph_above,0.240153803,1000.0,,,0.273176,0.298642,99.96,True,75,recall_pass_best,0.042400064820849834,piecewise_linear_avg_latency,0.001,10,range,crossing
,v100_pq_drift_1m_baseline_20260601T043217Z__phaseC_cycle01_no_retrain_across_cycles__range__a39212d36d7b,,-0.2121235800000001,0.05,0.9043258370000001,0.01,phaseC_cycle01_no_retrain_across_cycles,1,sift,1000000.0,/mnt/nvme1n1/PipeANN-github/experiments/v100_pq_drift_1m_baseline_20260601T043217Z,1.596742477,3000.0,,,1.962994,2.512824,1.44,False,50,fastest_but_recall_below_98,0.04,1.238655342,1000000.0,1.0,0.001,0.358087135,prefilter,prefilter_below_graph_above,0.358087135,3000.0,,,0.399367,0.421045,99.72,True,100,recall_pass_best,0.042400064820849834,piecewise_linear_avg_latency,0.003,10,range,crossing
,v100_pq_drift_1m_baseline_20260601T043217Z__phaseC_cycle01_no_retrain_across_cycles__range__a39212d36d7b,,-0.2121235800000001,0.05,0.9043258370000001,0.01,phaseC_cycle01_no_retrain_across_cycles,1,sift,1000000.0,/mnt/nvme1n1/PipeANN-github/experiments/v100_pq_drift_1m_baseline_20260601T043217Z,1.5791220510000001,10000.0,,,1.899923,2.555342,5.22,False,50,fastest_but_recall_below_98,0.04,0.9043258370000001,1000000.0,1.0,0.001,0.674796214,prefilter,prefilter_below_graph_above,0.674796214,10000.0,,,0.7351660000000001,0.759155,99.64,True,50,recall_pass_best,0.042400064820849834,piecewise_linear_avg_latency,0.01,10,range,crossing
,v100_pq_drift_1m_baseline_20260601T043217Z__phaseC_cycle01_no_retrain_across_cycles__range__a39212d36d7b,,-0.2121235800000001,0.05,0.9043258370000001,0.01,phaseC_cycle01_no_retrain_across_cycles,1,sift,1000000.0,/mnt/nvme1n1/PipeANN-github/experiments/v100_pq_drift_1m_baseline_20260601T043217Z,1.565631933,50000.0,,,1.8533119999999998,2.1574630000000004,21.77,False,50,fastest_but_recall_below_98,0.04,-0.2121235800000001,1000000.0,1.0,0.001,1.565631933,graph,prefilter_below_graph_above,1.777755513,50000.0,,,1.894824,2.0848470000000003,99.44,True,50,recall_pass_best,0.042400064820849834,piecewise_linear_avg_latency,0.05,10,range,crossing
,v100_pq_drift_1m_baseline_20260601T043217Z__phaseC_cycle01_no_retrain_across_cycles__range__a39212d36d7b,,-0.2121235800000001,0.05,0.9043258370000001,0.01,phaseC_cycle01_no_retrain_across_cycles,1,sift,1000000.0,/mnt/nvme1n1/PipeANN-github/experiments/v100_pq_drift_1m_baseline_20260601T043217Z,1.575978932,100000.0,,,1.890017,2.167979,36.9,False,50,fastest_but_recall_below_98,0.04,-1.6467075709999999,1000000.0,1.0,0.001,1.575978932,graph,prefilter_below_graph_above,3.222686503,100000.0,,,3.368522,3.489706,98.23,True,150,recall_pass_best,0.042400064820849834,piecewise_linear_avg_latency,0.1,10,range,crossing
,v100_pq_drift_1m_baseline_20260601T043217Z__phaseC_cycle01_no_retrain_across_cycles__range__a39212d36d7b,,-0.2121235800000001,0.05,0.9043258370000001,0.01,phaseC_cycle01_no_retrain_across_cycles,1,sift,1000000.0,/mnt/nvme1n1/PipeANN-github/experiments/v100_pq_drift_1m_baseline_20260601T043217Z,1.543466163,250000.0,,,1.8906990000000001,2.453388,54.9,False,50,fastest_but_recall_below_98,0.04,-3.1580290500000006,1000000.0,1.0,0.001,1.543466163,graph,prefilter_below_graph_above,4.701495213,250000.0,,,4.916262,5.206271,98.65,True,250,recall_pass_best,0.042400064820849834,piecewise_linear_avg_latency,0.25,10,range,crossing
,v100_pq_drift_1m_baseline_20260601T043217Z__phaseC_cycle01_no_retrain_across_cycles__range__a39212d36d7b,,-0.2121235800000001,0.05,0.9043258370000001,0.01,phaseC_cycle01_no_retrain_across_cycles,1,sift,1000000.0,/mnt/nvme1n1/PipeANN-github/experiments/v100_pq_drift_1m_baseline_20260601T043217Z,1.536932503,300000.0,,,1.789359,2.061694,59.82,False,50,fastest_but_recall_below_98,0.04,-4.01423459,1000000.0,1.0,0.001,1.536932503,graph,prefilter_below_graph_above,5.551167093,300000.0,,,5.904864,6.271031,98.9,True,300,recall_pass_best,0.042400064820849834,piecewise_linear_avg_latency,0.3,10,range,crossing
,v100_pq_drift_1m_baseline_20260601T043217Z__phaseC_cycle01_no_retrain_across_cycles__range__a39212d36d7b,,-0.2121235800000001,0.05,0.9043258370000001,0.01,phaseC_cycle01_no_retrain_across_cycles,1,sift,1000000.0,/mnt/nvme1n1/PipeANN-github/experiments/v100_pq_drift_1m_baseline_20260601T043217Z,1.533453919,500000.0,,,1.798556,2.06969,67.91,False,50,fastest_but_recall_below_98,0.04,-6.758983048,1000000.0,1.0,0.001,1.533453919,graph,prefilter_below_graph_above,8.292436967,500000.0,,,8.929590000000001,9.746178,98.48,True,300,recall_pass_best,0.042400064820849834,piecewise_linear_avg_latency,0.5,10,range,crossing
,v100_pq_drift_1m_baseline_20260601T043217Z__phaseC_cycle01_no_retrain_across_cycles__range__a39212d36d7b,,-0.2121235800000001,0.05,0.9043258370000001,0.01,phaseC_cycle01_no_retrain_across_cycles,1,sift,1000000.0,/mnt/nvme1n1/PipeANN-github/experiments/v100_pq_drift_1m_baseline_20260601T043217Z,9.244931232999999,750000.0,,,9.54698,9.878874,98.36,True,450,recall_pass_best,0.04,-2.313623571000001,1000000.0,1.0,0.001,9.244931232999999,graph,prefilter_below_graph_above,11.558554804,750000.0,,,11.937249,13.101156000000001,98.21,True,300,recall_pass_best,0.042400064820849834,piecewise_linear_avg_latency,0.75,10,range,crossing
,v100_pq_drift_1m_baseline_20260601T043217Z__phaseC_cycle01_no_retrain_across_cycles__range__a39212d36d7b,,-0.2121235800000001,0.05,0.9043258370000001,0.01,phaseC_cycle01_no_retrain_across_cycles,1,sift,1000000.0,/mnt/nvme1n1/PipeANN-github/experiments/v100_pq_drift_1m_baseline_20260601T043217Z,8.241494264,1000000.0,,,8.587962,9.032046000000001,98.41,True,400,recall_pass_best,0.04,-6.801289475000001,1000000.0,1.0,0.001,8.241494264,graph,prefilter_below_graph_above,15.042783739,1000000.0,,,15.561125,16.695268,98.02,True,300,recall_pass_best,0.042400064820849834,piecewise_linear_avg_latency,1.0,10,range,crossing
,v100_pq_drift_1m_baseline_20260601T043217Z__phaseC_cycle01_retrain_each_cycle__intersect__5d60692a82a1,3,,,,,phaseC_cycle01_retrain_each_cycle,1,sift,1000000.0,/mnt/nvme1n1/PipeANN-github/experiments/v100_pq_drift_1m_baseline_20260601T043217Z,1.457884311,1000.0,,,1.6886400000000001,1.890131,0.23,False,50,fastest_but_recall_below_98,,1.294594723,1000000.0,1.0,0.001,0.163289588,prefilter,,0.163289588,1000.0,,,0.18206299999999997,0.194885,99.94,True,50,recall_pass_best,,multiple_piecewise_sign_changes,0.001,10,intersect,multi_crossing
,v100_pq_drift_1m_baseline_20260601T043217Z__phaseC_cycle01_retrain_each_cycle__intersect__5d60692a82a1,3,,,,,phaseC_cycle01_retrain_each_cycle,1,sift,1000000.0,/mnt/nvme1n1/PipeANN-github/experiments/v100_pq_drift_1m_baseline_20260601T043217Z,1.4676710169999998,3000.0,,,1.721983,2.246406,1.02,False,50,fastest_but_recall_below_98,,1.2613928829999999,1000000.0,1.0,0.001,0.206278134,prefilter,,0.206278134,3000.0,,,0.224299,0.24368199999999998,99.86,True,50,recall_pass_best,,multiple_piecewise_sign_changes,0.003,10,intersect,multi_crossing
,v100_pq_drift_1m_baseline_20260601T043217Z__phaseC_cycle01_retrain_each_cycle__intersect__5d60692a82a1,3,,,,,phaseC_cycle01_retrain_each_cycle,1,sift,1000000.0,/mnt/nvme1n1/PipeANN-github/experiments/v100_pq_drift_1m_baseline_20260601T043217Z,1.455900305,10000.0,,,1.691983,1.853837,5.04,False,50,fastest_but_recall_below_98,,1.0700789419999999,1000000.0,1.0,0.001,0.38582136300000003,prefilter,,0.38582136300000003,10000.0,,,0.4209,0.458123,99.39,True,75,recall_pass_best,,multiple_piecewise_sign_changes,0.01,10,intersect,multi_crossing
,v100_pq_drift_1m_baseline_20260601T043217Z__phaseC_cycle01_retrain_each_cycle__intersect__5d60692a82a1,3,,,,,phaseC_cycle01_retrain_each_cycle,1,sift,1000000.0,/mnt/nvme1n1/PipeANN-github/experiments/v100_pq_drift_1m_baseline_20260601T043217Z,1.4568795909999999,50000.0,,,1.693962,1.872257,21.7,False,50,fastest_but_recall_below_98,,0.30606934399999997,1000000.0,1.0,0.001,1.150810247,prefilter,,1.150810247,50000.0,,,1.21378,1.259819,99.27,True,150,recall_pass_best,,multiple_piecewise_sign_changes,0.05,10,intersect,multi_crossing
,v100_pq_drift_1m_baseline_20260601T043217Z__phaseC_cycle01_retrain_each_cycle__intersect__5d60692a82a1,3,,,,,phaseC_cycle01_retrain_each_cycle,1,sift,1000000.0,/mnt/nvme1n1/PipeANN-github/experiments/v100_pq_drift_1m_baseline_20260601T043217Z,1.483400238,100000.0,,,1.694507,1.914616,37.59,False,50,fastest_but_recall_below_98,,-0.6508432180000001,1000000.0,1.0,0.001,1.483400238,graph,,2.134243456,100000.0,,,2.3179819999999998,2.383293,98.03,True,100,recall_pass_best,,multiple_piecewise_sign_changes,0.1,10,intersect,multi_crossing
,v100_pq_drift_1m_baseline_20260601T043217Z__phaseC_cycle01_retrain_each_cycle__intersect__5d60692a82a1,3,,,,,phaseC_cycle01_retrain_each_cycle,1,sift,1000000.0,/mnt/nvme1n1/PipeANN-github/experiments/v100_pq_drift_1m_baseline_20260601T043217Z,1.483355645,250000.0,,,1.715808,1.949462,57.44,False,50,fastest_but_recall_below_98,,-3.3973380059999996,1000000.0,1.0,0.001,1.483355645,graph,,4.880693651,250000.0,,,5.209218,5.518676,98.88,True,300,recall_pass_best,,multiple_piecewise_sign_changes,0.25,10,intersect,multi_crossing
,v100_pq_drift_1m_baseline_20260601T043217Z__phaseC_cycle01_retrain_each_cycle__intersect__5d60692a82a1,3,,,,,phaseC_cycle01_retrain_each_cycle,1,sift,1000000.0,/mnt/nvme1n1/PipeANN-github/experiments/v100_pq_drift_1m_baseline_20260601T043217Z,1.5117151409999998,300000.0,,,1.762259,1.981171,62.29,False,50,fastest_but_recall_below_98,,-4.10124254,1000000.0,1.0,0.001,1.5117151409999998,graph,,5.612957681,300000.0,,,5.941494,6.184062,98.24,True,250,recall_pass_best,,multiple_piecewise_sign_changes,0.3,10,intersect,multi_crossing
,v100_pq_drift_1m_baseline_20260601T043217Z__phaseC_cycle01_retrain_each_cycle__intersect__5d60692a82a1,3,,,,,phaseC_cycle01_retrain_each_cycle,1,sift,1000000.0,/mnt/nvme1n1/PipeANN-github/experiments/v100_pq_drift_1m_baseline_20260601T043217Z,9.160319781,500000.0,,,9.432723,9.876799,98.04,True,450,recall_pass_best,,1.2866043249999999,1000000.0,1.0,0.001,7.873715456,prefilter,,7.873715456,500000.0,,,8.249426,8.742725,98.47,True,300,recall_pass_best,,multiple_piecewise_sign_changes,0.5,10,intersect,multi_crossing
,v100_pq_drift_1m_baseline_20260601T043217Z__phaseC_cycle01_retrain_each_cycle__intersect__5d60692a82a1,3,,,,,phaseC_cycle01_retrain_each_cycle,1,sift,1000000.0,/mnt/nvme1n1/PipeANN-github/experiments/v100_pq_drift_1m_baseline_20260601T043217Z,8.050779764,750000.0,,,8.477879000000001,9.76511,98.16,True,400,recall_pass_best,,-3.818773441000001,1000000.0,1.0,0.001,8.050779764,graph,,11.869553205,750000.0,,,12.384120999999999,13.059608,98.06,True,300,recall_pass_best,,multiple_piecewise_sign_changes,0.75,10,intersect,multi_crossing
,v100_pq_drift_1m_baseline_20260601T043217Z__phaseC_cycle01_retrain_each_cycle__intersect__5d60692a82a1,3,,,,,phaseC_cycle01_retrain_each_cycle,1,sift,1000000.0,/mnt/nvme1n1/PipeANN-github/experiments/v100_pq_drift_1m_baseline_20260601T043217Z,8.264864728000001,1000000.0,,,8.513992,8.887823000000001,98.66,True,400,recall_pass_best,,-7.572807636999999,1000000.0,1.0,0.001,8.264864728000001,graph,,15.837672365,1000000.0,,,16.378456,17.196213,98.67,True,400,recall_pass_best,,multiple_piecewise_sign_changes,1.0,10,intersect,multi_crossing
,v100_pq_drift_1m_baseline_20260601T043217Z__phaseC_cycle01_retrain_each_cycle__range__c8d3894628a0,3,,,,,phaseC_cycle01_retrain_each_cycle,1,sift,1000000.0,/mnt/nvme1n1/PipeANN-github/experiments/v100_pq_drift_1m_baseline_20260601T043217Z,1.5023742469999999,1000.0,,,1.75353,1.993678,0.23,False,50,fastest_but_recall_below_98,,1.332138764,1000000.0,1.0,0.001,0.170235483,prefilter,,0.170235483,1000.0,,,0.187414,0.197597,99.94,True,50,recall_pass_best,,multiple_piecewise_sign_changes,0.001,10,range,multi_crossing
,v100_pq_drift_1m_baseline_20260601T043217Z__phaseC_cycle01_retrain_each_cycle__range__c8d3894628a0,3,,,,,phaseC_cycle01_retrain_each_cycle,1,sift,1000000.0,/mnt/nvme1n1/PipeANN-github/experiments/v100_pq_drift_1m_baseline_20260601T043217Z,1.4106626180000001,3000.0,,,1.6282349999999999,1.8182349999999998,1.04,False,50,fastest_but_recall_below_98,,1.1879280550000002,1000000.0,1.0,0.001,0.222734563,prefilter,,0.222734563,3000.0,,,0.23883600000000002,0.258693,99.86,True,75,recall_pass_best,,multiple_piecewise_sign_changes,0.003,10,range,multi_crossing
,v100_pq_drift_1m_baseline_20260601T043217Z__phaseC_cycle01_retrain_each_cycle__range__c8d3894628a0,3,,,,,phaseC_cycle01_retrain_each_cycle,1,sift,1000000.0,/mnt/nvme1n1/PipeANN-github/experiments/v100_pq_drift_1m_baseline_20260601T043217Z,1.573841505,10000.0,,,2.059375,2.339622,5.02,False,50,fastest_but_recall_below_98,,1.14378416,1000000.0,1.0,0.001,0.430057345,prefilter,,0.430057345,10000.0,,,0.45586,0.476058,99.39,True,100,recall_pass_best,,multiple_piecewise_sign_changes,0.01,10,range,multi_crossing
,v100_pq_drift_1m_baseline_20260601T043217Z__phaseC_cycle01_retrain_each_cycle__range__c8d3894628a0,3,,,,,phaseC_cycle01_retrain_each_cycle,1,sift,1000000.0,/mnt/nvme1n1/PipeANN-github/experiments/v100_pq_drift_1m_baseline_20260601T043217Z,1.488071715,50000.0,,,1.7323579999999998,1.931324,21.71,False,50,fastest_but_recall_below_98,,0.2537683230000001,1000000.0,1.0,0.001,1.234303392,prefilter,,1.234303392,50000.0,,,1.27559,1.324094,99.27,True,75,recall_pass_best,,multiple_piecewise_sign_changes,0.05,10,range,multi_crossing
,v100_pq_drift_1m_baseline_20260601T043217Z__phaseC_cycle01_retrain_each_cycle__range__c8d3894628a0,3,,,,,phaseC_cycle01_retrain_each_cycle,1,sift,1000000.0,/mnt/nvme1n1/PipeANN-github/experiments/v100_pq_drift_1m_baseline_20260601T043217Z,1.51984245,100000.0,,,1.740443,1.985418,37.6,False,50,fastest_but_recall_below_98,,-0.41917781099999973,1000000.0,1.0,0.001,1.51984245,graph,,1.9390202609999998,100000.0,,,2.095054,2.213339,98.03,True,75,recall_pass_best,,multiple_piecewise_sign_changes,0.1,10,range,multi_crossing
,v100_pq_drift_1m_baseline_20260601T043217Z__phaseC_cycle01_retrain_each_cycle__range__c8d3894628a0,3,,,,,phaseC_cycle01_retrain_each_cycle,1,sift,1000000.0,/mnt/nvme1n1/PipeANN-github/experiments/v100_pq_drift_1m_baseline_20260601T043217Z,1.496530661,250000.0,,,1.738205,1.966385,57.42,False,50,fastest_but_recall_below_98,,-2.8987690170000007,1000000.0,1.0,0.001,1.496530661,graph,,4.395299678000001,250000.0,,,4.4761940000000005,4.618348,98.51,True,250,recall_pass_best,,multiple_piecewise_sign_changes,0.25,10,range,multi_crossing
,v100_pq_drift_1m_baseline_20260601T043217Z__phaseC_cycle01_retrain_each_cycle__range__c8d3894628a0,3,,,,,phaseC_cycle01_retrain_each_cycle,1,sift,1000000.0,/mnt/nvme1n1/PipeANN-github/experiments/v100_pq_drift_1m_baseline_20260601T043217Z,1.5437142289999999,300000.0,,,1.8338599999999998,2.0293710000000003,62.3,False,50,fastest_but_recall_below_98,,-3.604170708,1000000.0,1.0,0.001,1.5437142289999999,graph,,5.147884937,300000.0,,,5.396974,5.767377000000001,98.24,True,250,recall_pass_best,,multiple_piecewise_sign_changes,0.3,10,range,multi_crossing
,v100_pq_drift_1m_baseline_20260601T043217Z__phaseC_cycle01_retrain_each_cycle__range__c8d3894628a0,3,,,,,phaseC_cycle01_retrain_each_cycle,1,sift,1000000.0,/mnt/nvme1n1/PipeANN-github/experiments/v100_pq_drift_1m_baseline_20260601T043217Z,9.355856307,500000.0,,,9.885723,11.279264999999999,98.04,True,450,recall_pass_best,,0.9037037170000009,1000000.0,1.0,0.001,8.452152589999999,prefilter,,8.452152589999999,500000.0,,,8.936057,9.626893,98.47,True,300,recall_pass_best,,multiple_piecewise_sign_changes,0.5,10,range,multi_crossing
,v100_pq_drift_1m_baseline_20260601T043217Z__phaseC_cycle01_retrain_each_cycle__range__c8d3894628a0,3,,,,,phaseC_cycle01_retrain_each_cycle,1,sift,1000000.0,/mnt/nvme1n1/PipeANN-github/experiments/v100_pq_drift_1m_baseline_20260601T043217Z,8.328845285,750000.0,,,8.601510000000001,9.000683,98.16,True,400,recall_pass_best,,-3.7094852860000014,1000000.0,1.0,0.001,8.328845285,graph,,12.038330571000001,750000.0,,,12.552831,13.558969999999999,98.06,True,300,recall_pass_best,,multiple_piecewise_sign_changes,0.75,10,range,multi_crossing
,v100_pq_drift_1m_baseline_20260601T043217Z__phaseC_cycle01_retrain_each_cycle__range__c8d3894628a0,3,,,,,phaseC_cycle01_retrain_each_cycle,1,sift,1000000.0,/mnt/nvme1n1/PipeANN-github/experiments/v100_pq_drift_1m_baseline_20260601T043217Z,8.429368318,1000000.0,,,8.787673,9.071978,98.66,True,400,recall_pass_best,,-7.6625366679999996,1000000.0,1.0,0.001,8.429368318,graph,,16.091904986,1000000.0,,,16.830161,18.244111,98.67,True,400,recall_pass_best,,multiple_piecewise_sign_changes,1.0,10,range,multi_crossing
,v100_pq_drift_1m_baseline_20260601T043217Z__phaseC_cycle02_no_retrain_across_cycles__intersect__e62e473d2bb4,,-0.6989403679999999,0.1,0.5270816900000002,0.05,phaseC_cycle02_no_retrain_across_cycles,2,sift,1000000.0,/mnt/nvme1n1/PipeANN-github/experiments/v100_pq_drift_1m_baseline_20260601T043217Z,1.487091186,1000.0,,,1.762934,2.037987,0.24,False,50,fastest_but_recall_below_98,0.05,1.28947247,1000000.0,1.0,0.001,0.197618716,prefilter,prefilter_below_graph_above,0.197618716,1000.0,,,0.217355,0.24083000000000002,99.97,True,50,recall_pass_best,0.07149560387436359,piecewise_linear_avg_latency,0.001,10,intersect,crossing
,v100_pq_drift_1m_baseline_20260601T043217Z__phaseC_cycle02_no_retrain_across_cycles__intersect__e62e473d2bb4,,-0.6989403679999999,0.1,0.5270816900000002,0.05,phaseC_cycle02_no_retrain_across_cycles,2,sift,1000000.0,/mnt/nvme1n1/PipeANN-github/experiments/v100_pq_drift_1m_baseline_20260601T043217Z,1.508894131,3000.0,,,1.782162,2.0374760000000003,1.27,False,50,fastest_but_recall_below_98,0.05,1.227394565,1000000.0,1.0,0.001,0.28149956600000003,prefilter,prefilter_below_graph_above,0.28149956600000003,3000.0,,,0.310393,0.343483,99.68,True,75,recall_pass_best,0.07149560387436359,piecewise_linear_avg_latency,0.003,10,intersect,crossing
,v100_pq_drift_1m_baseline_20260601T043217Z__phaseC_cycle02_no_retrain_across_cycles__intersect__e62e473d2bb4,,-0.6989403679999999,0.1,0.5270816900000002,0.05,phaseC_cycle02_no_retrain_across_cycles,2,sift,1000000.0,/mnt/nvme1n1/PipeANN-github/experiments/v100_pq_drift_1m_baseline_20260601T043217Z,1.4857270249999999,10000.0,,,1.748159,1.9995239999999999,4.61,False,50,fastest_but_recall_below_98,0.05,0.9377024959999999,1000000.0,1.0,0.001,0.548024529,prefilter,prefilter_below_graph_above,0.548024529,10000.0,,,0.5977720000000001,0.634385,99.53,True,50,recall_pass_best,0.07149560387436359,piecewise_linear_avg_latency,0.01,10,intersect,crossing
,v100_pq_drift_1m_baseline_20260601T043217Z__phaseC_cycle02_no_retrain_across_cycles__intersect__e62e473d2bb4,,-0.6989403679999999,0.1,0.5270816900000002,0.05,phaseC_cycle02_no_retrain_across_cycles,2,sift,1000000.0,/mnt/nvme1n1/PipeANN-github/experiments/v100_pq_drift_1m_baseline_20260601T043217Z,1.945521671,50000.0,,,2.418107,2.7802130000000003,27.83,False,75,fastest_but_recall_below_98,0.05,0.5270816900000002,1000000.0,1.0,0.001,1.418439981,prefilter,prefilter_below_graph_above,1.418439981,50000.0,,,1.4997660000000002,1.550433,99.19,True,50,recall_pass_best,0.07149560387436359,piecewise_linear_avg_latency,0.05,10,intersect,crossing
,v100_pq_drift_1m_baseline_20260601T043217Z__phaseC_cycle02_no_retrain_across_cycles__intersect__e62e473d2bb4,,-0.6989403679999999,0.1,0.5270816900000002,0.05,phaseC_cycle02_no_retrain_across_cycles,2,sift,1000000.0,/mnt/nvme1n1/PipeANN-github/experiments/v100_pq_drift_1m_baseline_20260601T043217Z,1.5077915689999999,100000.0,,,1.7781120000000001,2.067699,35.7,False,50,fastest_but_recall_below_98,0.05,-0.6989403679999999,1000000.0,1.0,0.001,1.5077915689999999,graph,prefilter_below_graph_above,2.206731937,100000.0,,,2.3533519999999997,2.496732,98.69,True,50,recall_pass_best,0.07149560387436359,piecewise_linear_avg_latency,0.1,10,intersect,crossing
,v100_pq_drift_1m_baseline_20260601T043217Z__phaseC_cycle02_no_retrain_across_cycles__intersect__e62e473d2bb4,,-0.6989403679999999,0.1,0.5270816900000002,0.05,phaseC_cycle02_no_retrain_across_cycles,2,sift,1000000.0,/mnt/nvme1n1/PipeANN-github/experiments/v100_pq_drift_1m_baseline_20260601T043217Z,1.518036973,250000.0,,,1.776343,2.067313,55.61,False,50,fastest_but_recall_below_98,0.05,-2.8933108899999995,1000000.0,1.0,0.001,1.518036973,graph,prefilter_below_graph_above,4.411347863,250000.0,,,4.630279000000001,4.912051,98.26,True,150,recall_pass_best,0.07149560387436359,piecewise_linear_avg_latency,0.25,10,intersect,crossing
,v100_pq_drift_1m_baseline_20260601T043217Z__phaseC_cycle02_no_retrain_across_cycles__intersect__e62e473d2bb4,,-0.6989403679999999,0.1,0.5270816900000002,0.05,phaseC_cycle02_no_retrain_across_cycles,2,sift,1000000.0,/mnt/nvme1n1/PipeANN-github/experiments/v100_pq_drift_1m_baseline_20260601T043217Z,1.5152729280000001,300000.0,,,1.7764929999999999,2.106828,59.51,False,50,fastest_but_recall_below_98,0.05,-3.6129910789999995,1000000.0,1.0,0.001,1.5152729280000001,graph,prefilter_below_graph_above,5.128264006999999,300000.0,,,5.3333900000000005,5.545366,98.06,True,75,recall_pass_best,0.07149560387436359,piecewise_linear_avg_latency,0.3,10,intersect,crossing
,v100_pq_drift_1m_baseline_20260601T043217Z__phaseC_cycle02_no_retrain_across_cycles__intersect__e62e473d2bb4,,-0.6989403679999999,0.1,0.5270816900000002,0.05,phaseC_cycle02_no_retrain_across_cycles,2,sift,1000000.0,/mnt/nvme1n1/PipeANN-github/experiments/v100_pq_drift_1m_baseline_20260601T043217Z,1.508774275,500000.0,,,1.798233,2.071154,68.37,False,50,fastest_but_recall_below_98,0.05,-6.519234143999999,1000000.0,1.0,0.001,1.508774275,graph,prefilter_below_graph_above,8.028008418999999,500000.0,,,8.295677,8.666872,98.3,True,250,recall_pass_best,0.07149560387436359,piecewise_linear_avg_latency,0.5,10,intersect,crossing
,v100_pq_drift_1m_baseline_20260601T043217Z__phaseC_cycle02_no_retrain_across_cycles__intersect__e62e473d2bb4,,-0.6989403679999999,0.1,0.5270816900000002,0.05,phaseC_cycle02_no_retrain_across_cycles,2,sift,1000000.0,/mnt/nvme1n1/PipeANN-github/experiments/v100_pq_drift_1m_baseline_20260601T043217Z,9.624607314999999,750000.0,,,9.93517,10.470099,98.41,True,470,recall_pass_best,0.05,-2.132602856000002,1000000.0,1.0,0.001,9.624607314999999,graph,prefilter_below_graph_above,11.757210171,750000.0,,,12.008415999999999,12.601057,98.98,True,400,recall_pass_best,0.07149560387436359,piecewise_linear_avg_latency,0.75,10,intersect,crossing
,v100_pq_drift_1m_baseline_20260601T043217Z__phaseC_cycle02_no_retrain_across_cycles__intersect__e62e473d2bb4,,-0.6989403679999999,0.1,0.5270816900000002,0.05,phaseC_cycle02_no_retrain_across_cycles,2,sift,1000000.0,/mnt/nvme1n1/PipeANN-github/experiments/v100_pq_drift_1m_baseline_20260601T043217Z,8.234724449,1000000.0,,,8.534214,8.846316999999999,98.53,True,400,recall_pass_best,0.05,-6.7088006579999995,1000000.0,1.0,0.001,8.234724449,graph,prefilter_below_graph_above,14.943525107,1000000.0,,,15.336924000000002,16.095264999999998,98.22,True,300,recall_pass_best,0.07149560387436359,piecewise_linear_avg_latency,1.0,10,intersect,crossing
,v100_pq_drift_1m_baseline_20260601T043217Z__phaseC_cycle02_no_retrain_across_cycles__range__64f2429a5eec,,-0.6964275950000001,0.1,0.3832430310000001,0.05,phaseC_cycle02_no_retrain_across_cycles,2,sift,1000000.0,/mnt/nvme1n1/PipeANN-github/experiments/v100_pq_drift_1m_baseline_20260601T043217Z,1.514126959,1000.0,,,1.773968,2.0987310000000003,0.24,False,50,fastest_but_recall_below_98,0.05,1.311080268,1000000.0,1.0,0.001,0.203046691,prefilter,prefilter_below_graph_above,0.203046691,1000.0,,,0.236466,0.27144999999999997,99.97,True,75,recall_pass_best,0.06774814567382702,piecewise_linear_avg_latency,0.001,10,range,crossing
,v100_pq_drift_1m_baseline_20260601T043217Z__phaseC_cycle02_no_retrain_across_cycles__range__64f2429a5eec,,-0.6964275950000001,0.1,0.3832430310000001,0.05,phaseC_cycle02_no_retrain_across_cycles,2,sift,1000000.0,/mnt/nvme1n1/PipeANN-github/experiments/v100_pq_drift_1m_baseline_20260601T043217Z,1.957971324,3000.0,,,2.2195500000000004,2.481652,1.93,False,75,fastest_but_recall_below_98,0.05,1.6714242270000002,1000000.0,1.0,0.001,0.28654709700000003,prefilter,prefilter_below_graph_above,0.28654709700000003,3000.0,,,0.314682,0.350003,99.68,True,50,recall_pass_best,0.06774814567382702,piecewise_linear_avg_latency,0.003,10,range,crossing
,v100_pq_drift_1m_baseline_20260601T043217Z__phaseC_cycle02_no_retrain_across_cycles__range__64f2429a5eec,,-0.6964275950000001,0.1,0.3832430310000001,0.05,phaseC_cycle02_no_retrain_across_cycles,2,sift,1000000.0,/mnt/nvme1n1/PipeANN-github/experiments/v100_pq_drift_1m_baseline_20260601T043217Z,1.5200404719999998,10000.0,,,1.7806330000000001,2.070804,4.61,False,50,fastest_but_recall_below_98,0.05,0.9585402479999998,1000000.0,1.0,0.001,0.561500224,prefilter,prefilter_below_graph_above,0.561500224,10000.0,,,0.609183,0.6391950000000001,99.53,True,50,recall_pass_best,0.06774814567382702,piecewise_linear_avg_latency,0.01,10,range,crossing
,v100_pq_drift_1m_baseline_20260601T043217Z__phaseC_cycle02_no_retrain_across_cycles__range__64f2429a5eec,,-0.6964275950000001,0.1,0.3832430310000001,0.05,phaseC_cycle02_no_retrain_across_cycles,2,sift,1000000.0,/mnt/nvme1n1/PipeANN-github/experiments/v100_pq_drift_1m_baseline_20260601T043217Z,1.835022519,50000.0,,,1.857305,17.505153,20.63,False,50,fastest_but_recall_below_98,0.05,0.3832430310000001,1000000.0,1.0,0.001,1.451779488,prefilter,prefilter_below_graph_above,1.451779488,50000.0,,,1.5322660000000001,1.610615,99.19,True,75,recall_pass_best,0.06774814567382702,piecewise_linear_avg_latency,0.05,10,range,crossing
,v100_pq_drift_1m_baseline_20260601T043217Z__phaseC_cycle02_no_retrain_across_cycles__range__64f2429a5eec,,-0.6964275950000001,0.1,0.3832430310000001,0.05,phaseC_cycle02_no_retrain_across_cycles,2,sift,1000000.0,/mnt/nvme1n1/PipeANN-github/experiments/v100_pq_drift_1m_baseline_20260601T043217Z,1.528832528,100000.0,,,1.78896,2.068136,35.71,False,50,fastest_but_recall_below_98,0.05,-0.6964275950000001,1000000.0,1.0,0.001,1.528832528,graph,prefilter_below_graph_above,2.225260123,100000.0,,,2.337672,2.594789,98.69,True,50,recall_pass_best,0.06774814567382702,piecewise_linear_avg_latency,0.1,10,range,crossing
,v100_pq_drift_1m_baseline_20260601T043217Z__phaseC_cycle02_no_retrain_across_cycles__range__64f2429a5eec,,-0.6964275950000001,0.1,0.3832430310000001,0.05,phaseC_cycle02_no_retrain_across_cycles,2,sift,1000000.0,/mnt/nvme1n1/PipeANN-github/experiments/v100_pq_drift_1m_baseline_20260601T043217Z,1.552033598,250000.0,,,1.8229849999999999,2.150982,55.63,False,50,fastest_but_recall_below_98,0.05,-2.9582960009999995,1000000.0,1.0,0.001,1.552033598,graph,prefilter_below_graph_above,4.510329598999999,250000.0,,,4.674626,4.899226,98.26,True,50,recall_pass_best,0.06774814567382702,piecewise_linear_avg_latency,0.25,10,range,crossing
,v100_pq_drift_1m_baseline_20260601T043217Z__phaseC_cycle02_no_retrain_across_cycles__range__64f2429a5eec,,-0.6964275950000001,0.1,0.3832430310000001,0.05,phaseC_cycle02_no_retrain_across_cycles,2,sift,1000000.0,/mnt/nvme1n1/PipeANN-github/experiments/v100_pq_drift_1m_baseline_20260601T043217Z,1.5441336940000001,300000.0,,,1.8118340000000002,2.107996,59.56,False,50,fastest_but_recall_below_98,0.05,-3.5647495019999997,1000000.0,1.0,0.001,1.5441336940000001,graph,prefilter_below_graph_above,5.108883196,300000.0,,,5.310598,5.571542,98.06,True,150,recall_pass_best,0.06774814567382702,piecewise_linear_avg_latency,0.3,10,range,crossing
,v100_pq_drift_1m_baseline_20260601T043217Z__phaseC_cycle02_no_retrain_across_cycles__range__64f2429a5eec,,-0.6964275950000001,0.1,0.3832430310000001,0.05,phaseC_cycle02_no_retrain_across_cycles,2,sift,1000000.0,/mnt/nvme1n1/PipeANN-github/experiments/v100_pq_drift_1m_baseline_20260601T043217Z,1.562555374,500000.0,,,1.8204829999999999,2.090967,68.41,False,50,fastest_but_recall_below_98,0.05,-6.4873404830000005,1000000.0,1.0,0.001,1.562555374,graph,prefilter_below_graph_above,8.049895857000001,500000.0,,,8.341143,8.735136,98.84,True,300,recall_pass_best,0.06774814567382702,piecewise_linear_avg_latency,0.5,10,range,crossing
,v100_pq_drift_1m_baseline_20260601T043217Z__phaseC_cycle02_no_retrain_across_cycles__range__64f2429a5eec,,-0.6964275950000001,0.1,0.3832430310000001,0.05,phaseC_cycle02_no_retrain_across_cycles,2,sift,1000000.0,/mnt/nvme1n1/PipeANN-github/experiments/v100_pq_drift_1m_baseline_20260601T043217Z,9.290396203,750000.0,,,9.600925,10.051731,98.33,True,450,recall_pass_best,0.05,-2.2814411089999993,1000000.0,1.0,0.001,9.290396203,graph,prefilter_below_graph_above,11.571837312,750000.0,,,11.984714,12.776114999999999,98.39,True,300,recall_pass_best,0.06774814567382702,piecewise_linear_avg_latency,0.75,10,range,crossing
,v100_pq_drift_1m_baseline_20260601T043217Z__phaseC_cycle02_no_retrain_across_cycles__range__64f2429a5eec,,-0.6964275950000001,0.1,0.3832430310000001,0.05,phaseC_cycle02_no_retrain_across_cycles,2,sift,1000000.0,/mnt/nvme1n1/PipeANN-github/experiments/v100_pq_drift_1m_baseline_20260601T043217Z,8.405738198,1000000.0,,,9.033155,9.937792,98.53,True,400,recall_pass_best,0.05,-6.38211304,1000000.0,1.0,0.001,8.405738198,graph,prefilter_below_graph_above,14.787851238,1000000.0,,,15.238165,16.078076,98.22,True,300,recall_pass_best,0.06774814567382702,piecewise_linear_avg_latency,1.0,10,range,crossing
,v100_pq_drift_1m_baseline_20260601T043217Z__phaseC_cycle02_retrain_each_cycle__intersect__a512f2fc346b,3,,,,,phaseC_cycle02_retrain_each_cycle,2,sift,1000000.0,/mnt/nvme1n1/PipeANN-github/experiments/v100_pq_drift_1m_baseline_20260601T043217Z,1.437694475,1000.0,,,1.645598,1.815102,0.38,False,50,fastest_but_recall_below_98,,1.271283282,1000000.0,1.0,0.001,0.16641119299999999,prefilter,,0.16641119299999999,1000.0,,,0.18484899999999999,0.20292,99.92,True,50,recall_pass_best,,multiple_piecewise_sign_changes,0.001,10,intersect,multi_crossing
,v100_pq_drift_1m_baseline_20260601T043217Z__phaseC_cycle02_retrain_each_cycle__intersect__a512f2fc346b,3,,,,,phaseC_cycle02_retrain_each_cycle,2,sift,1000000.0,/mnt/nvme1n1/PipeANN-github/experiments/v100_pq_drift_1m_baseline_20260601T043217Z,1.439474975,3000.0,,,1.640088,1.807482,1.68,False,50,fastest_but_recall_below_98,,1.228414581,1000000.0,1.0,0.001,0.211060394,prefilter,,0.211060394,3000.0,,,0.235677,0.249868,99.73,True,50,recall_pass_best,,multiple_piecewise_sign_changes,0.003,10,intersect,multi_crossing
,v100_pq_drift_1m_baseline_20260601T043217Z__phaseC_cycle02_retrain_each_cycle__intersect__a512f2fc346b,3,,,,,phaseC_cycle02_retrain_each_cycle,2,sift,1000000.0,/mnt/nvme1n1/PipeANN-github/experiments/v100_pq_drift_1m_baseline_20260601T043217Z,1.4417455270000001,10000.0,,,1.639323,1.840638,5.35,False,50,fastest_but_recall_below_98,,1.0345865650000001,1000000.0,1.0,0.001,0.40715896199999996,prefilter,,0.40715896199999996,10000.0,,,0.45424200000000003,0.47933499999999996,99.55,True,100,recall_pass_best,,multiple_piecewise_sign_changes,0.01,10,intersect,multi_crossing
,v100_pq_drift_1m_baseline_20260601T043217Z__phaseC_cycle02_retrain_each_cycle__intersect__a512f2fc346b,3,,,,,phaseC_cycle02_retrain_each_cycle,2,sift,1000000.0,/mnt/nvme1n1/PipeANN-github/experiments/v100_pq_drift_1m_baseline_20260601T043217Z,1.4508089720000001,50000.0,,,1.656359,1.8286969999999998,21.57,False,50,fastest_but_recall_below_98,,0.30369724200000014,1000000.0,1.0,0.001,1.14711173,prefilter,,1.14711173,50000.0,,,1.226212,1.295182,99.3,True,75,recall_pass_best,,multiple_piecewise_sign_changes,0.05,10,intersect,multi_crossing
,v100_pq_drift_1m_baseline_20260601T043217Z__phaseC_cycle02_retrain_each_cycle__intersect__a512f2fc346b,3,,,,,phaseC_cycle02_retrain_each_cycle,2,sift,1000000.0,/mnt/nvme1n1/PipeANN-github/experiments/v100_pq_drift_1m_baseline_20260601T043217Z,1.443159259,100000.0,,,1.641732,1.844838,36.35,False,50,fastest_but_recall_below_98,,-0.43731630999999993,1000000.0,1.0,0.001,1.443159259,graph,,1.880475569,100000.0,,,2.037834,2.152368,98.34,True,50,recall_pass_best,,multiple_piecewise_sign_changes,0.1,10,intersect,multi_crossing
,v100_pq_drift_1m_baseline_20260601T043217Z__phaseC_cycle02_retrain_each_cycle__intersect__a512f2fc346b,3,,,,,phaseC_cycle02_retrain_each_cycle,2,sift,1000000.0,/mnt/nvme1n1/PipeANN-github/experiments/v100_pq_drift_1m_baseline_20260601T043217Z,1.42535397,250000.0,,,1.631439,1.809053,57.13,False,50,fastest_but_recall_below_98,,-2.8490777849999995,1000000.0,1.0,0.001,1.42535397,graph,,4.274431754999999,250000.0,,,4.604913,4.970509,98.01,True,200,recall_pass_best,,multiple_piecewise_sign_changes,0.25,10,intersect,multi_crossing
,v100_pq_drift_1m_baseline_20260601T043217Z__phaseC_cycle02_retrain_each_cycle__intersect__a512f2fc346b,3,,,,,phaseC_cycle02_retrain_each_cycle,2,sift,1000000.0,/mnt/nvme1n1/PipeANN-github/experiments/v100_pq_drift_1m_baseline_20260601T043217Z,1.3870231530000001,300000.0,,,1.580316,1.7516880000000001,61.83,False,50,fastest_but_recall_below_98,,-3.7321116169999993,1000000.0,1.0,0.001,1.3870231530000001,graph,,5.11913477,300000.0,,,5.428496,5.640223,98.52,True,250,recall_pass_best,,multiple_piecewise_sign_changes,0.3,10,intersect,multi_crossing
,v100_pq_drift_1m_baseline_20260601T043217Z__phaseC_cycle02_retrain_each_cycle__intersect__a512f2fc346b,3,,,,,phaseC_cycle02_retrain_each_cycle,2,sift,1000000.0,/mnt/nvme1n1/PipeANN-github/experiments/v100_pq_drift_1m_baseline_20260601T043217Z,9.177231884000001,500000.0,,,9.465449000000001,9.878841,98.07,True,450,recall_pass_best,,1.1986586920000013,1000000.0,1.0,0.001,7.978573192,prefilter,,7.978573192,500000.0,,,8.426015,9.002514999999999,98.15,True,250,recall_pass_best,,multiple_piecewise_sign_changes,0.5,10,intersect,multi_crossing
,v100_pq_drift_1m_baseline_20260601T043217Z__phaseC_cycle02_retrain_each_cycle__intersect__a512f2fc346b,3,,,,,phaseC_cycle02_retrain_each_cycle,2,sift,1000000.0,/mnt/nvme1n1/PipeANN-github/experiments/v100_pq_drift_1m_baseline_20260601T043217Z,8.228145836,750000.0,,,8.534649,8.92904,98.44,True,400,recall_pass_best,,-3.3888303790000016,1000000.0,1.0,0.001,8.228145836,graph,,11.616976215000001,750000.0,,,12.315176,13.165042999999999,98.32,True,300,recall_pass_best,,multiple_piecewise_sign_changes,0.75,10,intersect,multi_crossing
,v100_pq_drift_1m_baseline_20260601T043217Z__phaseC_cycle02_retrain_each_cycle__intersect__a512f2fc346b,3,,,,,phaseC_cycle02_retrain_each_cycle,2,sift,1000000.0,/mnt/nvme1n1/PipeANN-github/experiments/v100_pq_drift_1m_baseline_20260601T043217Z,6.715022243,1000000.0,,,7.226179,14.532191000000001,98.23,True,300,recall_pass_best,,-8.709466492999999,1000000.0,1.0,0.001,6.715022243,graph,,15.424488735999999,1000000.0,,,16.311929,17.396313999999997,98.17,True,300,recall_pass_best,,multiple_piecewise_sign_changes,1.0,10,intersect,multi_crossing
,v100_pq_drift_1m_baseline_20260601T043217Z__phaseC_cycle02_retrain_each_cycle__range__65754b8973d5,3,,,,,phaseC_cycle02_retrain_each_cycle,2,sift,1000000.0,/mnt/nvme1n1/PipeANN-github/experiments/v100_pq_drift_1m_baseline_20260601T043217Z,1.379861443,1000.0,,,1.576519,1.763309,0.38,False,50,fastest_but_recall_below_98,,1.216162898,1000000.0,1.0,0.001,0.163698545,prefilter,,0.163698545,1000.0,,,0.18418600000000002,0.208681,99.92,True,50,recall_pass_best,,multiple_piecewise_sign_changes,0.001,10,range,multi_crossing
,v100_pq_drift_1m_baseline_20260601T043217Z__phaseC_cycle02_retrain_each_cycle__range__65754b8973d5,3,,,,,phaseC_cycle02_retrain_each_cycle,2,sift,1000000.0,/mnt/nvme1n1/PipeANN-github/experiments/v100_pq_drift_1m_baseline_20260601T043217Z,1.403070126,3000.0,,,1.6087449999999999,1.82425,1.69,False,50,fastest_but_recall_below_98,,1.181671725,1000000.0,1.0,0.001,0.221398401,prefilter,,0.221398401,3000.0,,,0.23864500000000002,0.26010300000000003,99.73,True,50,recall_pass_best,,multiple_piecewise_sign_changes,0.003,10,range,multi_crossing
,v100_pq_drift_1m_baseline_20260601T043217Z__phaseC_cycle02_retrain_each_cycle__range__65754b8973d5,3,,,,,phaseC_cycle02_retrain_each_cycle,2,sift,1000000.0,/mnt/nvme1n1/PipeANN-github/experiments/v100_pq_drift_1m_baseline_20260601T043217Z,1.397831976,10000.0,,,1.599509,1.754709,5.31,False,50,fastest_but_recall_below_98,,0.991848114,1000000.0,1.0,0.001,0.405983862,prefilter,,0.405983862,10000.0,,,0.454601,0.501979,99.55,True,75,recall_pass_best,,multiple_piecewise_sign_changes,0.01,10,range,multi_crossing
,v100_pq_drift_1m_baseline_20260601T043217Z__phaseC_cycle02_retrain_each_cycle__range__65754b8973d5,3,,,,,phaseC_cycle02_retrain_each_cycle,2,sift,1000000.0,/mnt/nvme1n1/PipeANN-github/experiments/v100_pq_drift_1m_baseline_20260601T043217Z,1.5442045290000002,50000.0,,,1.827608,2.302892,21.57,False,50,fastest_but_recall_below_98,,0.3936706590000001,1000000.0,1.0,0.001,1.15053387,prefilter,,1.15053387,50000.0,,,1.217337,1.267746,99.3,True,50,recall_pass_best,,multiple_piecewise_sign_changes,0.05,10,range,multi_crossing
,v100_pq_drift_1m_baseline_20260601T043217Z__phaseC_cycle02_retrain_each_cycle__range__65754b8973d5,3,,,,,phaseC_cycle02_retrain_each_cycle,2,sift,1000000.0,/mnt/nvme1n1/PipeANN-github/experiments/v100_pq_drift_1m_baseline_20260601T043217Z,1.541542852,100000.0,,,1.684783,1.9178989999999998,36.34,False,50,fastest_but_recall_below_98,,-0.2643165449999998,1000000.0,1.0,0.001,1.541542852,graph,,1.8058593969999999,100000.0,,,1.9085239999999999,2.004946,98.34,True,75,recall_pass_best,,multiple_piecewise_sign_changes,0.1,10,range,multi_crossing
,v100_pq_drift_1m_baseline_20260601T043217Z__phaseC_cycle02_retrain_each_cycle__range__65754b8973d5,3,,,,,phaseC_cycle02_retrain_each_cycle,2,sift,1000000.0,/mnt/nvme1n1/PipeANN-github/experiments/v100_pq_drift_1m_baseline_20260601T043217Z,1.503656076,250000.0,,,1.7825090000000001,2.064696,57.11,False,50,fastest_but_recall_below_98,,-2.6757644290000004,1000000.0,1.0,0.001,1.503656076,graph,,4.179420505,250000.0,,,4.3154639999999995,4.509674,98.01,True,200,recall_pass_best,,multiple_piecewise_sign_changes,0.25,10,range,multi_crossing
,v100_pq_drift_1m_baseline_20260601T043217Z__phaseC_cycle02_retrain_each_cycle__range__65754b8973d5,3,,,,,phaseC_cycle02_retrain_each_cycle,2,sift,1000000.0,/mnt/nvme1n1/PipeANN-github/experiments/v100_pq_drift_1m_baseline_20260601T043217Z,1.4730886760000002,300000.0,,,1.657088,1.902091,61.82,False,50,fastest_but_recall_below_98,,-3.4477495609999997,1000000.0,1.0,0.001,1.4730886760000002,graph,,4.920838237,300000.0,,,5.091164,5.354273,99.0,True,300,recall_pass_best,,multiple_piecewise_sign_changes,0.3,10,range,multi_crossing
,v100_pq_drift_1m_baseline_20260601T043217Z__phaseC_cycle02_retrain_each_cycle__range__65754b8973d5,3,,,,,phaseC_cycle02_retrain_each_cycle,2,sift,1000000.0,/mnt/nvme1n1/PipeANN-github/experiments/v100_pq_drift_1m_baseline_20260601T043217Z,9.188151489,500000.0,,,9.457138,9.92731,98.08,True,450,recall_pass_best,,1.4079751279999995,1000000.0,1.0,0.001,7.780176361,prefilter,,7.780176361,500000.0,,,8.008671,8.284035,98.15,True,250,recall_pass_best,,multiple_piecewise_sign_changes,0.5,10,range,multi_crossing
,v100_pq_drift_1m_baseline_20260601T043217Z__phaseC_cycle02_retrain_each_cycle__range__65754b8973d5,3,,,,,phaseC_cycle02_retrain_each_cycle,2,sift,1000000.0,/mnt/nvme1n1/PipeANN-github/experiments/v100_pq_drift_1m_baseline_20260601T043217Z,8.150807556,750000.0,,,8.432778,8.828586999999999,98.43,True,400,recall_pass_best,,-3.3311598169999996,1000000.0,1.0,0.001,8.150807556,graph,,11.481967373,750000.0,,,11.844393,12.758327,98.32,True,300,recall_pass_best,,multiple_piecewise_sign_changes,0.75,10,range,multi_crossing
,v100_pq_drift_1m_baseline_20260601T043217Z__phaseC_cycle02_retrain_each_cycle__range__65754b8973d5,3,,,,,phaseC_cycle02_retrain_each_cycle,2,sift,1000000.0,/mnt/nvme1n1/PipeANN-github/experiments/v100_pq_drift_1m_baseline_20260601T043217Z,6.413701904,1000000.0,,,6.630518,7.109376,98.23,True,300,recall_pass_best,,-8.645056147,1000000.0,1.0,0.001,6.413701904,graph,,15.058758051,1000000.0,,,15.636186,16.642058000000002,98.17,True,300,recall_pass_best,,multiple_piecewise_sign_changes,1.0,10,range,multi_crossing
,v100_pq_drift_1m_baseline_20260601T043217Z__phaseC_cycle03_no_retrain_across_cycles__intersect__36c523f978e9,,-0.7918407439999997,0.1,0.13217168899999998,0.05,phaseC_cycle03_no_retrain_across_cycles,3,sift,1000000.0,/mnt/nvme1n1/PipeANN-github/experiments/v100_pq_drift_1m_baseline_20260601T043217Z,1.524068984,1000.0,,,1.8864,2.133569,0.47,False,50,fastest_but_recall_below_98,0.05,1.3273978149999999,1000000.0,1.0,0.001,0.19667116899999998,prefilter,prefilter_below_graph_above,0.19667116899999998,1000.0,,,0.218433,0.25016499999999997,99.9,True,50,recall_pass_best,0.0571520514378187,piecewise_linear_avg_latency,0.001,10,intersect,crossing
,v100_pq_drift_1m_baseline_20260601T043217Z__phaseC_cycle03_no_retrain_across_cycles__intersect__36c523f978e9,,-0.7918407439999997,0.1,0.13217168899999998,0.05,phaseC_cycle03_no_retrain_across_cycles,3,sift,1000000.0,/mnt/nvme1n1/PipeANN-github/experiments/v100_pq_drift_1m_baseline_20260601T043217Z,1.5866968879999999,3000.0,,,1.9968119999999998,2.362639,2.04,False,50,fastest_but_recall_below_98,0.05,1.3062517969999998,1000000.0,1.0,0.001,0.280445091,prefilter,prefilter_below_graph_above,0.280445091,3000.0,,,0.30993400000000004,0.333305,99.68,True,100,recall_pass_best,0.0571520514378187,piecewise_linear_avg_latency,0.003,10,intersect,crossing
,v100_pq_drift_1m_baseline_20260601T043217Z__phaseC_cycle03_no_retrain_across_cycles__intersect__36c523f978e9,,-0.7918407439999997,0.1,0.13217168899999998,0.05,phaseC_cycle03_no_retrain_across_cycles,3,sift,1000000.0,/mnt/nvme1n1/PipeANN-github/experiments/v100_pq_drift_1m_baseline_20260601T043217Z,1.525240892,10000.0,,,1.887547,2.121512,5.32,False,50,fastest_but_recall_below_98,0.05,0.948479819,1000000.0,1.0,0.001,0.576761073,prefilter,prefilter_below_graph_above,0.576761073,10000.0,,,0.630062,0.683605,99.56,True,100,recall_pass_best,0.0571520514378187,piecewise_linear_avg_latency,0.01,10,intersect,crossing
,v100_pq_drift_1m_baseline_20260601T043217Z__phaseC_cycle03_no_retrain_across_cycles__intersect__36c523f978e9,,-0.7918407439999997,0.1,0.13217168899999998,0.05,phaseC_cycle03_no_retrain_across_cycles,3,sift,1000000.0,/mnt/nvme1n1/PipeANN-github/experiments/v100_pq_drift_1m_baseline_20260601T043217Z,1.5741478850000001,50000.0,,,1.962089,2.508475,19.22,False,50,fastest_but_recall_below_98,0.05,0.13217168899999998,1000000.0,1.0,0.001,1.4419761960000002,prefilter,prefilter_below_graph_above,1.4419761960000002,50000.0,,,1.51207,1.555131,99.1,True,50,recall_pass_best,0.0571520514378187,piecewise_linear_avg_latency,0.05,10,intersect,crossing
,v100_pq_drift_1m_baseline_20260601T043217Z__phaseC_cycle03_no_retrain_across_cycles__intersect__36c523f978e9,,-0.7918407439999997,0.1,0.13217168899999998,0.05,phaseC_cycle03_no_retrain_across_cycles,3,sift,1000000.0,/mnt/nvme1n1/PipeANN-github/experiments/v100_pq_drift_1m_baseline_20260601T043217Z,1.478446428,100000.0,,,1.820223,2.0987150000000003,33.7,False,50,fastest_but_recall_below_98,0.05,-0.7918407439999997,1000000.0,1.0,0.001,1.478446428,graph,prefilter_below_graph_above,2.2702871719999997,100000.0,,,2.451406,2.6829490000000003,98.65,True,150,recall_pass_best,0.0571520514378187,piecewise_linear_avg_latency,0.1,10,intersect,crossing
,v100_pq_drift_1m_baseline_20260601T043217Z__phaseC_cycle03_no_retrain_across_cycles__intersect__36c523f978e9,,-0.7918407439999997,0.1,0.13217168899999998,0.05,phaseC_cycle03_no_retrain_across_cycles,3,sift,1000000.0,/mnt/nvme1n1/PipeANN-github/experiments/v100_pq_drift_1m_baseline_20260601T043217Z,1.53475169,250000.0,,,1.888439,2.155348,54.16,False,50,fastest_but_recall_below_98,0.05,-3.684086626,1000000.0,1.0,0.001,1.53475169,graph,prefilter_below_graph_above,5.218838316,250000.0,,,5.527296000000001,5.890658,98.61,True,400,recall_pass_best,0.0571520514378187,piecewise_linear_avg_latency,0.25,10,intersect,crossing
,v100_pq_drift_1m_baseline_20260601T043217Z__phaseC_cycle03_no_retrain_across_cycles__intersect__36c523f978e9,,-0.7918407439999997,0.1,0.13217168899999998,0.05,phaseC_cycle03_no_retrain_across_cycles,3,sift,1000000.0,/mnt/nvme1n1/PipeANN-github/experiments/v100_pq_drift_1m_baseline_20260601T043217Z,1.478343545,300000.0,,,1.822856,2.0556509999999997,58.6,False,50,fastest_but_recall_below_98,0.05,-4.540880895000001,1000000.0,1.0,0.001,1.478343545,graph,prefilter_below_graph_above,6.01922444,300000.0,,,6.191375,6.537316,98.92,True,450,recall_pass_best,0.0571520514378187,piecewise_linear_avg_latency,0.3,10,intersect,crossing
,v100_pq_drift_1m_baseline_20260601T043217Z__phaseC_cycle03_no_retrain_across_cycles__intersect__36c523f978e9,,-0.7918407439999997,0.1,0.13217168899999998,0.05,phaseC_cycle03_no_retrain_across_cycles,3,sift,1000000.0,/mnt/nvme1n1/PipeANN-github/experiments/v100_pq_drift_1m_baseline_20260601T043217Z,1.564522333,500000.0,,,1.961399,2.3016889999999997,67.19,False,50,fastest_but_recall_below_98,0.05,-7.039236908,1000000.0,1.0,0.001,1.564522333,graph,prefilter_below_graph_above,8.603759241,500000.0,,,9.30053,10.550775999999999,98.67,True,400,recall_pass_best,0.0571520514378187,piecewise_linear_avg_latency,0.5,10,intersect,crossing
,v100_pq_drift_1m_baseline_20260601T043217Z__phaseC_cycle03_no_retrain_across_cycles__intersect__36c523f978e9,,-0.7918407439999997,0.1,0.13217168899999998,0.05,phaseC_cycle03_no_retrain_across_cycles,3,sift,1000000.0,/mnt/nvme1n1/PipeANN-github/experiments/v100_pq_drift_1m_baseline_20260601T043217Z,9.938212581,750000.0,,,10.258016,14.331123999999999,98.01,True,470,recall_pass_best,0.05,-3.0052450319999995,1000000.0,1.0,0.001,9.938212581,graph,prefilter_below_graph_above,12.943457613,750000.0,,,13.622959000000002,14.333413,98.83,True,450,recall_pass_best,0.0571520514378187,piecewise_linear_avg_latency,0.75,10,intersect,crossing
,v100_pq_drift_1m_baseline_20260601T043217Z__phaseC_cycle03_no_retrain_across_cycles__intersect__36c523f978e9,,-0.7918407439999997,0.1,0.13217168899999998,0.05,phaseC_cycle03_no_retrain_across_cycles,3,sift,1000000.0,/mnt/nvme1n1/PipeANN-github/experiments/v100_pq_drift_1m_baseline_20260601T043217Z,9.783134561999999,1000000.0,,,9.916032,16.045287000000002,98.24,True,450,recall_pass_best,0.05,-6.457872388,1000000.0,1.0,0.001,9.783134561999999,graph,prefilter_below_graph_above,16.24100695,1000000.0,,,16.902243,17.325284,98.82,True,450,recall_pass_best,0.0571520514378187,piecewise_linear_avg_latency,1.0,10,intersect,crossing
,v100_pq_drift_1m_baseline_20260601T043217Z__phaseC_cycle03_no_retrain_across_cycles__range__20f7e7125801,,-0.10566098099999999,0.05,0.917369153,0.01,phaseC_cycle03_no_retrain_across_cycles,3,sift,1000000.0,/mnt/nvme1n1/PipeANN-github/experiments/v100_pq_drift_1m_baseline_20260601T043217Z,1.493860977,1000.0,,,1.85667,2.079181,0.47,False,50,fastest_but_recall_below_98,0.04,1.267746965,1000000.0,1.0,0.001,0.226114012,prefilter,prefilter_below_graph_above,0.226114012,1000.0,,,0.254376,0.282296,99.9,True,75,recall_pass_best,0.04586870503660062,piecewise_linear_avg_latency,0.001,10,range,crossing
,v100_pq_drift_1m_baseline_20260601T043217Z__phaseC_cycle03_no_retrain_across_cycles__range__20f7e7125801,,-0.10566098099999999,0.05,0.917369153,0.01,phaseC_cycle03_no_retrain_across_cycles,3,sift,1000000.0,/mnt/nvme1n1/PipeANN-github/experiments/v100_pq_drift_1m_baseline_20260601T043217Z,2.041587267,3000.0,,,2.435137,2.685408,2.74,False,75,fastest_but_recall_below_98,0.04,1.7115355310000002,1000000.0,1.0,0.001,0.330051736,prefilter,prefilter_below_graph_above,0.330051736,3000.0,,,0.364019,0.38378300000000004,99.64,True,75,recall_pass_best,0.04586870503660062,piecewise_linear_avg_latency,0.003,10,range,crossing
,v100_pq_drift_1m_baseline_20260601T043217Z__phaseC_cycle03_no_retrain_across_cycles__range__20f7e7125801,,-0.10566098099999999,0.05,0.917369153,0.01,phaseC_cycle03_no_retrain_across_cycles,3,sift,1000000.0,/mnt/nvme1n1/PipeANN-github/experiments/v100_pq_drift_1m_baseline_20260601T043217Z,1.569095755,10000.0,,,1.92723,2.213199,5.32,False,50,fastest_but_recall_below_98,0.04,0.917369153,1000000.0,1.0,0.001,0.651726602,prefilter,prefilter_below_graph_above,0.651726602,10000.0,,,0.699441,0.732706,99.56,True,75,recall_pass_best,0.04586870503660062,piecewise_linear_avg_latency,0.01,10,range,crossing
,v100_pq_drift_1m_baseline_20260601T043217Z__phaseC_cycle03_no_retrain_across_cycles__range__20f7e7125801,,-0.10566098099999999,0.05,0.917369153,0.01,phaseC_cycle03_no_retrain_across_cycles,3,sift,1000000.0,/mnt/nvme1n1/PipeANN-github/experiments/v100_pq_drift_1m_baseline_20260601T043217Z,1.517401872,50000.0,,,1.857364,2.156977,19.23,False,50,fastest_but_recall_below_98,0.04,-0.10566098099999999,1000000.0,1.0,0.001,1.517401872,graph,prefilter_below_graph_above,1.623062853,50000.0,,,1.730144,1.8347090000000001,99.1,True,150,recall_pass_best,0.04586870503660062,piecewise_linear_avg_latency,0.05,10,range,crossing
,v100_pq_drift_1m_baseline_20260601T043217Z__phaseC_cycle03_no_retrain_across_cycles__range__20f7e7125801,,-0.10566098099999999,0.05,0.917369153,0.01,phaseC_cycle03_no_retrain_across_cycles,3,sift,1000000.0,/mnt/nvme1n1/PipeANN-github/experiments/v100_pq_drift_1m_baseline_20260601T043217Z,1.601493678,100000.0,,,1.998942,2.4596199999999997,33.69,False,50,fastest_but_recall_below_98,0.04,-0.564371948,1000000.0,1.0,0.001,1.601493678,graph,prefilter_below_graph_above,2.165865626,100000.0,,,2.267533,2.397239,98.65,True,75,recall_pass_best,0.04586870503660062,piecewise_linear_avg_latency,0.1,10,range,crossing
,v100_pq_drift_1m_baseline_20260601T043217Z__phaseC_cycle03_no_retrain_across_cycles__range__20f7e7125801,,-0.10566098099999999,0.05,0.917369153,0.01,phaseC_cycle03_no_retrain_across_cycles,3,sift,1000000.0,/mnt/nvme1n1/PipeANN-github/experiments/v100_pq_drift_1m_baseline_20260601T043217Z,1.8993300139999998,250000.0,,,2.068359,15.969168999999999,54.16,False,50,fastest_but_recall_below_98,0.04,-4.074652497999999,1000000.0,1.0,0.001,1.8993300139999998,graph,prefilter_below_graph_above,5.973982511999999,250000.0,,,6.22063,6.422586,98.61,True,400,recall_pass_best,0.04586870503660062,piecewise_linear_avg_latency,0.25,10,range,crossing
,v100_pq_drift_1m_baseline_20260601T043217Z__phaseC_cycle03_no_retrain_across_cycles__range__20f7e7125801,,-0.10566098099999999,0.05,0.917369153,0.01,phaseC_cycle03_no_retrain_across_cycles,3,sift,1000000.0,/mnt/nvme1n1/PipeANN-github/experiments/v100_pq_drift_1m_baseline_20260601T043217Z,1.592615806,300000.0,,,1.957044,2.256878,58.6,False,50,fastest_but_recall_below_98,0.04,-5.062871638999999,1000000.0,1.0,0.001,1.592615806,graph,prefilter_below_graph_above,6.6554874449999994,300000.0,,,6.8563469999999995,7.174087999999999,98.69,True,400,recall_pass_best,0.04586870503660062,piecewise_linear_avg_latency,0.3,10,range,crossing
,v100_pq_drift_1m_baseline_20260601T043217Z__phaseC_cycle03_no_retrain_across_cycles__range__20f7e7125801,,-0.10566098099999999,0.05,0.917369153,0.01,phaseC_cycle03_no_retrain_across_cycles,3,sift,1000000.0,/mnt/nvme1n1/PipeANN-github/experiments/v100_pq_drift_1m_baseline_20260601T043217Z,1.873978698,500000.0,,,2.081698,15.691364,67.2,False,50,fastest_but_recall_below_98,0.04,-7.5258664469999985,1000000.0,1.0,0.001,1.873978698,graph,prefilter_below_graph_above,9.399845144999999,500000.0,,,9.823295,10.316011,98.67,True,400,recall_pass_best,0.04586870503660062,piecewise_linear_avg_latency,0.5,10,range,crossing
,v100_pq_drift_1m_baseline_20260601T043217Z__phaseC_cycle03_no_retrain_across_cycles__range__20f7e7125801,,-0.10566098099999999,0.05,0.917369153,0.01,phaseC_cycle03_no_retrain_across_cycles,3,sift,1000000.0,/mnt/nvme1n1/PipeANN-github/experiments/v100_pq_drift_1m_baseline_20260601T043217Z,10.160574535,750000.0,,,11.012181,17.319187000000003,98.02,True,470,recall_pass_best,0.04,-2.671652830000001,1000000.0,1.0,0.001,10.160574535,graph,prefilter_below_graph_above,12.832227365000001,750000.0,,,13.409908,14.175663,98.6,True,400,recall_pass_best,0.04586870503660062,piecewise_linear_avg_latency,0.75,10,range,crossing
,v100_pq_drift_1m_baseline_20260601T043217Z__phaseC_cycle03_no_retrain_across_cycles__range__20f7e7125801,,-0.10566098099999999,0.05,0.917369153,0.01,phaseC_cycle03_no_retrain_across_cycles,3,sift,1000000.0,/mnt/nvme1n1/PipeANN-github/experiments/v100_pq_drift_1m_baseline_20260601T043217Z,9.351639936,1000000.0,,,9.721729999999999,10.173224,98.24,True,450,recall_pass_best,0.04,-5.985260238,1000000.0,1.0,0.001,9.351639936,graph,prefilter_below_graph_above,15.336900174,1000000.0,,,15.752563,16.559008000000002,98.82,True,450,recall_pass_best,0.04586870503660062,piecewise_linear_avg_latency,1.0,10,range,crossing
,v100_pq_drift_1m_baseline_20260601T043217Z__phaseC_cycle03_retrain_each_cycle__intersect__f48574ab0de8,,-0.359040692,0.1,0.25970141599999996,0.05,phaseC_cycle03_retrain_each_cycle,3,sift,1000000.0,/mnt/nvme1n1/PipeANN-github/experiments/v100_pq_drift_1m_baseline_20260601T043217Z,1.432453223,1000.0,,,1.606294,1.8206980000000001,0.52,False,50,fastest_but_recall_below_98,0.05,1.273413183,1000000.0,1.0,0.001,0.15904004,prefilter,prefilter_below_graph_above,0.15904004,1000.0,,,0.175354,0.18937299999999999,99.9,True,50,recall_pass_best,0.07098624068430139,piecewise_linear_avg_latency,0.001,10,intersect,crossing
,v100_pq_drift_1m_baseline_20260601T043217Z__phaseC_cycle03_retrain_each_cycle__intersect__f48574ab0de8,,-0.359040692,0.1,0.25970141599999996,0.05,phaseC_cycle03_retrain_each_cycle,3,sift,1000000.0,/mnt/nvme1n1/PipeANN-github/experiments/v100_pq_drift_1m_baseline_20260601T043217Z,1.5013334850000002,3000.0,,,1.954258,2.175906,2.09,False,50,fastest_but_recall_below_98,0.05,1.2901630060000002,1000000.0,1.0,0.001,0.211170479,prefilter,prefilter_below_graph_above,0.211170479,3000.0,,,0.23840999999999998,0.251952,99.68,True,75,recall_pass_best,0.07098624068430139,piecewise_linear_avg_latency,0.003,10,intersect,crossing
,v100_pq_drift_1m_baseline_20260601T043217Z__phaseC_cycle03_retrain_each_cycle__intersect__f48574ab0de8,,-0.359040692,0.1,0.25970141599999996,0.05,phaseC_cycle03_retrain_each_cycle,3,sift,1000000.0,/mnt/nvme1n1/PipeANN-github/experiments/v100_pq_drift_1m_baseline_20260601T043217Z,1.422564718,10000.0,,,1.607627,1.831951,5.63,False,50,fastest_but_recall_below_98,0.05,1.035877074,1000000.0,1.0,0.001,0.386687644,prefilter,prefilter_below_graph_above,0.386687644,10000.0,,,0.41615800000000003,0.437768,99.67,True,100,recall_pass_best,0.07098624068430139,piecewise_linear_avg_latency,0.01,10,intersect,crossing
,v100_pq_drift_1m_baseline_20260601T043217Z__phaseC_cycle03_retrain_each_cycle__intersect__f48574ab0de8,,-0.359040692,0.1,0.25970141599999996,0.05,phaseC_cycle03_retrain_each_cycle,3,sift,1000000.0,/mnt/nvme1n1/PipeANN-github/experiments/v100_pq_drift_1m_baseline_20260601T043217Z,1.417446019,50000.0,,,1.603836,1.819046,20.22,False,50,fastest_but_recall_below_98,0.05,0.25970141599999996,1000000.0,1.0,0.001,1.157744603,prefilter,prefilter_below_graph_above,1.157744603,50000.0,,,1.24122,1.3221690000000001,99.31,True,150,recall_pass_best,0.07098624068430139,piecewise_linear_avg_latency,0.05,10,intersect,crossing
,v100_pq_drift_1m_baseline_20260601T043217Z__phaseC_cycle03_retrain_each_cycle__intersect__f48574ab0de8,,-0.359040692,0.1,0.25970141599999996,0.05,phaseC_cycle03_retrain_each_cycle,3,sift,1000000.0,/mnt/nvme1n1/PipeANN-github/experiments/v100_pq_drift_1m_baseline_20260601T043217Z,1.495793124,100000.0,,,1.696926,1.9330440000000002,34.92,False,50,fastest_but_recall_below_98,0.05,-0.359040692,1000000.0,1.0,0.001,1.495793124,graph,prefilter_below_graph_above,1.854833816,100000.0,,,2.030679,2.1671729999999996,98.66,True,150,recall_pass_best,0.07098624068430139,piecewise_linear_avg_latency,0.1,10,intersect,crossing
,v100_pq_drift_1m_baseline_20260601T043217Z__phaseC_cycle03_retrain_each_cycle__intersect__f48574ab0de8,,-0.359040692,0.1,0.25970141599999996,0.05,phaseC_cycle03_retrain_each_cycle,3,sift,1000000.0,/mnt/nvme1n1/PipeANN-github/experiments/v100_pq_drift_1m_baseline_20260601T043217Z,1.541965201,250000.0,,,1.8411590000000002,2.396428,56.33,False,50,fastest_but_recall_below_98,0.05,-3.7064890619999993,1000000.0,1.0,0.001,1.541965201,graph,prefilter_below_graph_above,5.248454262999999,250000.0,,,5.590941,5.758416,98.42,True,450,recall_pass_best,0.07098624068430139,piecewise_linear_avg_latency,0.25,10,intersect,crossing
,v100_pq_drift_1m_baseline_20260601T043217Z__phaseC_cycle03_retrain_each_cycle__intersect__f48574ab0de8,,-0.359040692,0.1,0.25970141599999996,0.05,phaseC_cycle03_retrain_each_cycle,3,sift,1000000.0,/mnt/nvme1n1/PipeANN-github/experiments/v100_pq_drift_1m_baseline_20260601T043217Z,1.502052809,300000.0,,,1.709912,1.928161,60.65,False,50,fastest_but_recall_below_98,0.05,-4.585146314,1000000.0,1.0,0.001,1.502052809,graph,prefilter_below_graph_above,6.087199123,300000.0,,,6.729674,6.935962000000001,98.64,True,470,recall_pass_best,0.07098624068430139,piecewise_linear_avg_latency,0.3,10,intersect,crossing
,v100_pq_drift_1m_baseline_20260601T043217Z__phaseC_cycle03_retrain_each_cycle__intersect__f48574ab0de8,,-0.359040692,0.1,0.25970141599999996,0.05,phaseC_cycle03_retrain_each_cycle,3,sift,1000000.0,/mnt/nvme1n1/PipeANN-github/experiments/v100_pq_drift_1m_baseline_20260601T043217Z,1.5731903070000002,500000.0,,,1.894095,2.5404009999999997,70.28,False,50,fastest_but_recall_below_98,0.05,-7.890036375,1000000.0,1.0,0.001,1.5731903070000002,graph,prefilter_below_graph_above,9.463226682,500000.0,,,10.022369000000001,10.376314,98.46,True,400,recall_pass_best,0.07098624068430139,piecewise_linear_avg_latency,0.5,10,intersect,crossing
,v100_pq_drift_1m_baseline_20260601T043217Z__phaseC_cycle03_retrain_each_cycle__intersect__f48574ab0de8,,-0.359040692,0.1,0.25970141599999996,0.05,phaseC_cycle03_retrain_each_cycle,3,sift,1000000.0,/mnt/nvme1n1/PipeANN-github/experiments/v100_pq_drift_1m_baseline_20260601T043217Z,9.555893778,750000.0,,,10.009894000000001,11.443,98.11,True,450,recall_pass_best,0.05,-3.2909643719999995,1000000.0,1.0,0.001,9.555893778,graph,prefilter_below_graph_above,12.84685815,750000.0,,,13.667817999999999,14.091034,98.3,True,400,recall_pass_best,0.07098624068430139,piecewise_linear_avg_latency,0.75,10,intersect,crossing
,v100_pq_drift_1m_baseline_20260601T043217Z__phaseC_cycle03_retrain_each_cycle__intersect__f48574ab0de8,,-0.359040692,0.1,0.25970141599999996,0.05,phaseC_cycle03_retrain_each_cycle,3,sift,1000000.0,/mnt/nvme1n1/PipeANN-github/experiments/v100_pq_drift_1m_baseline_20260601T043217Z,8.445730018,1000000.0,,,8.628620000000002,19.596286,98.17,True,400,recall_pass_best,0.05,-7.144105268999999,1000000.0,1.0,0.001,8.445730018,graph,prefilter_below_graph_above,15.589835287,1000000.0,,,16.634119,17.899447,98.22,True,400,recall_pass_best,0.07098624068430139,piecewise_linear_avg_latency,1.0,10,intersect,crossing
,v100_pq_drift_1m_baseline_20260601T043217Z__phaseC_cycle03_retrain_each_cycle__range__3950ed8d11a8,,-0.369110684,0.1,0.3133452430000001,0.05,phaseC_cycle03_retrain_each_cycle,3,sift,1000000.0,/mnt/nvme1n1/PipeANN-github/experiments/v100_pq_drift_1m_baseline_20260601T043217Z,1.4972447119999999,1000.0,,,1.685232,1.919084,0.53,False,50,fastest_but_recall_below_98,0.05,1.332057423,1000000.0,1.0,0.001,0.165187289,prefilter,prefilter_below_graph_above,0.165187289,1000.0,,,0.177643,0.187829,99.9,True,50,recall_pass_best,0.07295717793656148,piecewise_linear_avg_latency,0.001,10,range,crossing
,v100_pq_drift_1m_baseline_20260601T043217Z__phaseC_cycle03_retrain_each_cycle__range__3950ed8d11a8,,-0.369110684,0.1,0.3133452430000001,0.05,phaseC_cycle03_retrain_each_cycle,3,sift,1000000.0,/mnt/nvme1n1/PipeANN-github/experiments/v100_pq_drift_1m_baseline_20260601T043217Z,1.5110373830000001,3000.0,,,1.70479,1.892636,2.1,False,50,fastest_but_recall_below_98,0.05,1.2835626700000002,1000000.0,1.0,0.001,0.227474713,prefilter,prefilter_below_graph_above,0.227474713,3000.0,,,0.246416,0.282006,99.72,True,100,recall_pass_best,0.07295717793656148,piecewise_linear_avg_latency,0.003,10,range,crossing
,v100_pq_drift_1m_baseline_20260601T043217Z__phaseC_cycle03_retrain_each_cycle__range__3950ed8d11a8,,-0.369110684,0.1,0.3133452430000001,0.05,phaseC_cycle03_retrain_each_cycle,3,sift,1000000.0,/mnt/nvme1n1/PipeANN-github/experiments/v100_pq_drift_1m_baseline_20260601T043217Z,1.442799339,10000.0,,,1.6205889999999998,1.820528,5.64,False,50,fastest_but_recall_below_98,0.05,1.050017608,1000000.0,1.0,0.001,0.39278173099999997,prefilter,prefilter_below_graph_above,0.39278173099999997,10000.0,,,0.424005,0.442069,99.67,True,50,recall_pass_best,0.07295717793656148,piecewise_linear_avg_latency,0.01,10,range,crossing
,v100_pq_drift_1m_baseline_20260601T043217Z__phaseC_cycle03_retrain_each_cycle__range__3950ed8d11a8,,-0.369110684,0.1,0.3133452430000001,0.05,phaseC_cycle03_retrain_each_cycle,3,sift,1000000.0,/mnt/nvme1n1/PipeANN-github/experiments/v100_pq_drift_1m_baseline_20260601T043217Z,1.4636938720000001,50000.0,,,1.645976,1.85228,20.25,False,50,fastest_but_recall_below_98,0.05,0.3133452430000001,1000000.0,1.0,0.001,1.150348629,prefilter,prefilter_below_graph_above,1.150348629,50000.0,,,1.2181089999999999,1.249919,99.31,True,75,recall_pass_best,0.07295717793656148,piecewise_linear_avg_latency,0.05,10,range,crossing
,v100_pq_drift_1m_baseline_20260601T043217Z__phaseC_cycle03_retrain_each_cycle__range__3950ed8d11a8,,-0.369110684,0.1,0.3133452430000001,0.05,phaseC_cycle03_retrain_each_cycle,3,sift,1000000.0,/mnt/nvme1n1/PipeANN-github/experiments/v100_pq_drift_1m_baseline_20260601T043217Z,1.476888921,100000.0,,,1.6561590000000002,1.913931,34.95,False,50,fastest_but_recall_below_98,0.05,-0.369110684,1000000.0,1.0,0.001,1.476888921,graph,prefilter_below_graph_above,1.845999605,100000.0,,,1.941386,2.092071,98.66,True,75,recall_pass_best,0.07295717793656148,piecewise_linear_avg_latency,0.1,10,range,crossing
,v100_pq_drift_1m_baseline_20260601T043217Z__phaseC_cycle03_retrain_each_cycle__range__3950ed8d11a8,,-0.369110684,0.1,0.3133452430000001,0.05,phaseC_cycle03_retrain_each_cycle,3,sift,1000000.0,/mnt/nvme1n1/PipeANN-github/experiments/v100_pq_drift_1m_baseline_20260601T043217Z,1.5168803949999998,250000.0,,,1.779592,2.018328,56.31,False,50,fastest_but_recall_below_98,0.05,-3.073945489,1000000.0,1.0,0.001,1.5168803949999998,graph,prefilter_below_graph_above,4.590825884,250000.0,,,4.900294,5.3066819999999995,98.19,True,400,recall_pass_best,0.07295717793656148,piecewise_linear_avg_latency,0.25,10,range,crossing
,v100_pq_drift_1m_baseline_20260601T043217Z__phaseC_cycle03_retrain_each_cycle__range__3950ed8d11a8,,-0.369110684,0.1,0.3133452430000001,0.05,phaseC_cycle03_retrain_each_cycle,3,sift,1000000.0,/mnt/nvme1n1/PipeANN-github/experiments/v100_pq_drift_1m_baseline_20260601T043217Z,1.48577101,300000.0,,,1.6655360000000001,1.879402,60.7,False,50,fastest_but_recall_below_98,0.05,-3.795447457,1000000.0,1.0,0.001,1.48577101,graph,prefilter_below_graph_above,5.2812184669999995,300000.0,,,5.535781,5.989146,98.37,True,400,recall_pass_best,0.07295717793656148,piecewise_linear_avg_latency,0.3,10,range,crossing
,v100_pq_drift_1m_baseline_20260601T043217Z__phaseC_cycle03_retrain_each_cycle__range__3950ed8d11a8,,-0.369110684,0.1,0.3133452430000001,0.05,phaseC_cycle03_retrain_each_cycle,3,sift,1000000.0,/mnt/nvme1n1/PipeANN-github/experiments/v100_pq_drift_1m_baseline_20260601T043217Z,1.43204825,500000.0,,,1.606324,1.813068,70.28,False,50,fastest_but_recall_below_98,0.05,-6.411008527,1000000.0,1.0,0.001,1.43204825,graph,prefilter_below_graph_above,7.843056777,500000.0,,,8.159767,8.400233,98.46,True,400,recall_pass_best,0.07295717793656148,piecewise_linear_avg_latency,0.5,10,range,crossing
,v100_pq_drift_1m_baseline_20260601T043217Z__phaseC_cycle03_retrain_each_cycle__range__3950ed8d11a8,,-0.369110684,0.1,0.3133452430000001,0.05,phaseC_cycle03_retrain_each_cycle,3,sift,1000000.0,/mnt/nvme1n1/PipeANN-github/experiments/v100_pq_drift_1m_baseline_20260601T043217Z,9.318929934,750000.0,,,9.894879000000001,10.836514,98.11,True,450,recall_pass_best,0.05,-2.2075462229999996,1000000.0,1.0,0.001,9.318929934,graph,prefilter_below_graph_above,11.526476157,750000.0,,,11.862435,12.500904,98.56,True,450,recall_pass_best,0.07295717793656148,piecewise_linear_avg_latency,0.75,10,range,crossing
,v100_pq_drift_1m_baseline_20260601T043217Z__phaseC_cycle03_retrain_each_cycle__range__3950ed8d11a8,,-0.369110684,0.1,0.3133452430000001,0.05,phaseC_cycle03_retrain_each_cycle,3,sift,1000000.0,/mnt/nvme1n1/PipeANN-github/experiments/v100_pq_drift_1m_baseline_20260601T043217Z,8.369030439,1000000.0,,,9.013423000000001,11.388008,98.17,True,400,recall_pass_best,0.05,-6.949211967,1000000.0,1.0,0.001,8.369030439,graph,prefilter_below_graph_above,15.318242406,1000000.0,,,15.857117,16.758598000000003,98.22,True,400,recall_pass_best,0.07295717793656148,piecewise_linear_avg_latency,1.0,10,range,crossing
,v100_pq_drift_1m_baseline_20260601T043217Z__phaseC_cycle04_no_retrain_across_cycles__intersect__4ac1c00f82be,,-0.5814108280000001,0.1,0.41319357300000004,0.05,phaseC_cycle04_no_retrain_across_cycles,4,sift,1000000.0,/mnt/nvme1n1/PipeANN-github/experiments/v100_pq_drift_1m_baseline_20260601T043217Z,1.5930534399999998,1000.0,,,2.090201,2.4676080000000002,0.79,False,50,fastest_but_recall_below_98,0.05,1.3942661819999997,1000000.0,1.0,0.001,0.19878725800000002,prefilter,prefilter_below_graph_above,0.19878725800000002,1000.0,,,0.218075,0.240985,99.99,True,100,recall_pass_best,0.07077175470893578,piecewise_linear_avg_latency,0.001,10,intersect,crossing
,v100_pq_drift_1m_baseline_20260601T043217Z__phaseC_cycle04_no_retrain_across_cycles__intersect__4ac1c00f82be,,-0.5814108280000001,0.1,0.41319357300000004,0.05,phaseC_cycle04_no_retrain_across_cycles,4,sift,1000000.0,/mnt/nvme1n1/PipeANN-github/experiments/v100_pq_drift_1m_baseline_20260601T043217Z,2.027149823,3000.0,,,2.3950810000000002,2.8132020000000004,2.87,False,75,fastest_but_recall_below_98,0.05,1.7420301809999998,1000000.0,1.0,0.001,0.285119642,prefilter,prefilter_below_graph_above,0.285119642,3000.0,,,0.31451100000000004,0.344677,99.76,True,75,recall_pass_best,0.07077175470893578,piecewise_linear_avg_latency,0.003,10,intersect,crossing
,v100_pq_drift_1m_baseline_20260601T043217Z__phaseC_cycle04_no_retrain_across_cycles__intersect__4ac1c00f82be,,-0.5814108280000001,0.1,0.41319357300000004,0.05,phaseC_cycle04_no_retrain_across_cycles,4,sift,1000000.0,/mnt/nvme1n1/PipeANN-github/experiments/v100_pq_drift_1m_baseline_20260601T043217Z,1.504383792,10000.0,,,1.8986420000000002,2.160401,4.29,False,50,fastest_but_recall_below_98,0.05,0.937882744,1000000.0,1.0,0.001,0.566501048,prefilter,prefilter_below_graph_above,0.566501048,10000.0,,,0.621126,0.661124,99.63,True,100,recall_pass_best,0.07077175470893578,piecewise_linear_avg_latency,0.01,10,intersect,crossing
,v100_pq_drift_1m_baseline_20260601T043217Z__phaseC_cycle04_no_retrain_across_cycles__intersect__4ac1c00f82be,,-0.5814108280000001,0.1,0.41319357300000004,0.05,phaseC_cycle04_no_retrain_across_cycles,4,sift,1000000.0,/mnt/nvme1n1/PipeANN-github/experiments/v100_pq_drift_1m_baseline_20260601T043217Z,1.853484471,50000.0,,,2.0707370000000003,15.103921,18.37,False,50,fastest_but_recall_below_98,0.05,0.41319357300000004,1000000.0,1.0,0.001,1.440290898,prefilter,prefilter_below_graph_above,1.440290898,50000.0,,,1.491283,1.542267,99.09,True,50,recall_pass_best,0.07077175470893578,piecewise_linear_avg_latency,0.05,10,intersect,crossing
,v100_pq_drift_1m_baseline_20260601T043217Z__phaseC_cycle04_no_retrain_across_cycles__intersect__4ac1c00f82be,,-0.5814108280000001,0.1,0.41319357300000004,0.05,phaseC_cycle04_no_retrain_across_cycles,4,sift,1000000.0,/mnt/nvme1n1/PipeANN-github/experiments/v100_pq_drift_1m_baseline_20260601T043217Z,1.560005538,100000.0,,,1.974225,2.215788,32.38,False,50,fastest_but_recall_below_98,0.05,-0.5814108280000001,1000000.0,1.0,0.001,1.560005538,graph,prefilter_below_graph_above,2.141416366,100000.0,,,2.238815,2.320801,98.62,True,50,recall_pass_best,0.07077175470893578,piecewise_linear_avg_latency,0.1,10,intersect,crossing
,v100_pq_drift_1m_baseline_20260601T043217Z__phaseC_cycle04_no_retrain_across_cycles__intersect__4ac1c00f82be,,-0.5814108280000001,0.1,0.41319357300000004,0.05,phaseC_cycle04_no_retrain_across_cycles,4,sift,1000000.0,/mnt/nvme1n1/PipeANN-github/experiments/v100_pq_drift_1m_baseline_20260601T043217Z,2.0263371070000002,250000.0,,,2.4047069999999997,2.749264,62.96,False,75,fastest_but_recall_below_98,0.05,-2.7186217200000002,1000000.0,1.0,0.001,2.0263371070000002,graph,prefilter_below_graph_above,4.7449588270000005,250000.0,,,4.86181,5.082339,98.76,True,300,recall_pass_best,0.07077175470893578,piecewise_linear_avg_latency,0.25,10,intersect,crossing
,v100_pq_drift_1m_baseline_20260601T043217Z__phaseC_cycle04_no_retrain_across_cycles__intersect__4ac1c00f82be,,-0.5814108280000001,0.1,0.41319357300000004,0.05,phaseC_cycle04_no_retrain_across_cycles,4,sift,1000000.0,/mnt/nvme1n1/PipeANN-github/experiments/v100_pq_drift_1m_baseline_20260601T043217Z,1.584739953,300000.0,,,1.981917,2.2612829999999997,56.7,False,50,fastest_but_recall_below_98,0.05,-3.807866528,1000000.0,1.0,0.001,1.584739953,graph,prefilter_below_graph_above,5.392606481,300000.0,,,5.65283,5.937425,98.07,True,250,recall_pass_best,0.07077175470893578,piecewise_linear_avg_latency,0.3,10,intersect,crossing
,v100_pq_drift_1m_baseline_20260601T043217Z__phaseC_cycle04_no_retrain_across_cycles__intersect__4ac1c00f82be,,-0.5814108280000001,0.1,0.41319357300000004,0.05,phaseC_cycle04_no_retrain_across_cycles,4,sift,1000000.0,/mnt/nvme1n1/PipeANN-github/experiments/v100_pq_drift_1m_baseline_20260601T043217Z,1.5904352240000001,500000.0,,,2.0491889999999997,2.310811,66.08,False,50,fastest_but_recall_below_98,0.05,-6.481777409999999,1000000.0,1.0,0.001,1.5904352240000001,graph,prefilter_below_graph_above,8.072212634,500000.0,,,8.328408999999999,8.557264,98.31,True,300,recall_pass_best,0.07077175470893578,piecewise_linear_avg_latency,0.5,10,intersect,crossing
,v100_pq_drift_1m_baseline_20260601T043217Z__phaseC_cycle04_no_retrain_across_cycles__intersect__4ac1c00f82be,,-0.5814108280000001,0.1,0.41319357300000004,0.05,phaseC_cycle04_no_retrain_across_cycles,4,sift,1000000.0,/mnt/nvme1n1/PipeANN-github/experiments/v100_pq_drift_1m_baseline_20260601T043217Z,9.758985291,750000.0,,,10.356440000000001,11.34432,98.08,True,470,recall_pass_best,0.05,-1.841369971999999,1000000.0,1.0,0.001,9.758985291,graph,prefilter_below_graph_above,11.600355262999999,750000.0,,,11.913664,12.430825,98.09,True,300,recall_pass_best,0.07077175470893578,piecewise_linear_avg_latency,0.75,10,intersect,crossing
,v100_pq_drift_1m_baseline_20260601T043217Z__phaseC_cycle04_no_retrain_across_cycles__intersect__4ac1c00f82be,,-0.5814108280000001,0.1,0.41319357300000004,0.05,phaseC_cycle04_no_retrain_across_cycles,4,sift,1000000.0,/mnt/nvme1n1/PipeANN-github/experiments/v100_pq_drift_1m_baseline_20260601T043217Z,8.369940053,1000000.0,,,8.911031000000001,10.186049,98.22,True,400,recall_pass_best,0.05,-6.921685047999999,1000000.0,1.0,0.001,8.369940053,graph,prefilter_below_graph_above,15.291625101,1000000.0,,,15.818507,16.622167,98.74,True,400,recall_pass_best,0.07077175470893578,piecewise_linear_avg_latency,1.0,10,intersect,crossing
,v100_pq_drift_1m_baseline_20260601T043217Z__phaseC_cycle04_no_retrain_across_cycles__range__d3ea54d73946,,-0.5949576649999997,0.1,0.10744026900000003,0.05,phaseC_cycle04_no_retrain_across_cycles,4,sift,1000000.0,/mnt/nvme1n1/PipeANN-github/experiments/v100_pq_drift_1m_baseline_20260601T043217Z,1.539349118,1000.0,,,1.9430399999999999,2.1916770000000003,0.79,False,50,fastest_but_recall_below_98,0.05,1.348410085,1000000.0,1.0,0.001,0.190939033,prefilter,prefilter_below_graph_above,0.190939033,1000.0,,,0.21087799999999998,0.237704,99.99,True,50,recall_pass_best,0.057648105425663176,piecewise_linear_avg_latency,0.001,10,range,crossing
,v100_pq_drift_1m_baseline_20260601T043217Z__phaseC_cycle04_no_retrain_across_cycles__range__d3ea54d73946,,-0.5949576649999997,0.1,0.10744026900000003,0.05,phaseC_cycle04_no_retrain_across_cycles,4,sift,1000000.0,/mnt/nvme1n1/PipeANN-github/experiments/v100_pq_drift_1m_baseline_20260601T043217Z,2.0657466540000002,3000.0,,,2.4195300000000004,2.812059,2.89,False,75,fastest_but_recall_below_98,0.05,1.7866689160000002,1000000.0,1.0,0.001,0.279077738,prefilter,prefilter_below_graph_above,0.279077738,3000.0,,,0.309379,0.342478,99.76,True,50,recall_pass_best,0.057648105425663176,piecewise_linear_avg_latency,0.003,10,range,crossing
,v100_pq_drift_1m_baseline_20260601T043217Z__phaseC_cycle04_no_retrain_across_cycles__range__d3ea54d73946,,-0.5949576649999997,0.1,0.10744026900000003,0.05,phaseC_cycle04_no_retrain_across_cycles,4,sift,1000000.0,/mnt/nvme1n1/PipeANN-github/experiments/v100_pq_drift_1m_baseline_20260601T043217Z,1.570108084,10000.0,,,1.989413,2.260326,4.3,False,50,fastest_but_recall_below_98,0.05,1.0093800279999998,1000000.0,1.0,0.001,0.5607280560000001,prefilter,prefilter_below_graph_above,0.5607280560000001,10000.0,,,0.615564,0.654624,99.63,True,50,recall_pass_best,0.057648105425663176,piecewise_linear_avg_latency,0.01,10,range,crossing
,v100_pq_drift_1m_baseline_20260601T043217Z__phaseC_cycle04_no_retrain_across_cycles__range__d3ea54d73946,,-0.5949576649999997,0.1,0.10744026900000003,0.05,phaseC_cycle04_no_retrain_across_cycles,4,sift,1000000.0,/mnt/nvme1n1/PipeANN-github/experiments/v100_pq_drift_1m_baseline_20260601T043217Z,1.581173658,50000.0,,,1.999947,2.278469,18.39,False,50,fastest_but_recall_below_98,0.05,0.10744026900000003,1000000.0,1.0,0.001,1.473733389,prefilter,prefilter_below_graph_above,1.473733389,50000.0,,,1.550391,1.6245150000000002,99.09,True,50,recall_pass_best,0.057648105425663176,piecewise_linear_avg_latency,0.05,10,range,crossing
,v100_pq_drift_1m_baseline_20260601T043217Z__phaseC_cycle04_no_retrain_across_cycles__range__d3ea54d73946,,-0.5949576649999997,0.1,0.10744026900000003,0.05,phaseC_cycle04_no_retrain_across_cycles,4,sift,1000000.0,/mnt/nvme1n1/PipeANN-github/experiments/v100_pq_drift_1m_baseline_20260601T043217Z,1.592797662,100000.0,,,2.001968,2.278128,32.39,False,50,fastest_but_recall_below_98,0.05,-0.5949576649999997,1000000.0,1.0,0.001,1.592797662,graph,prefilter_below_graph_above,2.1877553269999996,100000.0,,,2.2739520000000004,2.399665,98.62,True,100,recall_pass_best,0.057648105425663176,piecewise_linear_avg_latency,0.1,10,range,crossing
,v100_pq_drift_1m_baseline_20260601T043217Z__phaseC_cycle04_no_retrain_across_cycles__range__d3ea54d73946,,-0.5949576649999997,0.1,0.10744026900000003,0.05,phaseC_cycle04_no_retrain_across_cycles,4,sift,1000000.0,/mnt/nvme1n1/PipeANN-github/experiments/v100_pq_drift_1m_baseline_20260601T043217Z,1.652515909,250000.0,,,2.1243000000000003,2.6602840000000003,53.03,False,50,fastest_but_recall_below_98,0.05,-2.9909036480000006,1000000.0,1.0,0.001,1.652515909,graph,prefilter_below_graph_above,4.6434195570000005,250000.0,,,4.816652,5.094819,98.25,True,250,recall_pass_best,0.057648105425663176,piecewise_linear_avg_latency,0.25,10,range,crossing
,v100_pq_drift_1m_baseline_20260601T043217Z__phaseC_cycle04_no_retrain_across_cycles__range__d3ea54d73946,,-0.5949576649999997,0.1,0.10744026900000003,0.05,phaseC_cycle04_no_retrain_across_cycles,4,sift,1000000.0,/mnt/nvme1n1/PipeANN-github/experiments/v100_pq_drift_1m_baseline_20260601T043217Z,1.852052799,300000.0,,,2.0394490000000003,17.094383999999998,56.68,False,50,fastest_but_recall_below_98,0.05,-3.6630527540000006,1000000.0,1.0,0.001,1.852052799,graph,prefilter_below_graph_above,5.515105553000001,300000.0,,,5.707849,6.0728860000000005,98.59,True,300,recall_pass_best,0.057648105425663176,piecewise_linear_avg_latency,0.3,10,range,crossing
,v100_pq_drift_1m_baseline_20260601T043217Z__phaseC_cycle04_no_retrain_across_cycles__range__d3ea54d73946,,-0.5949576649999997,0.1,0.10744026900000003,0.05,phaseC_cycle04_no_retrain_across_cycles,4,sift,1000000.0,/mnt/nvme1n1/PipeANN-github/experiments/v100_pq_drift_1m_baseline_20260601T043217Z,1.6095968889999999,500000.0,,,2.042227,2.3260259999999997,66.07,False,50,fastest_but_recall_below_98,0.05,-6.670448907,1000000.0,1.0,0.001,1.6095968889999999,graph,prefilter_below_graph_above,8.280045796,500000.0,,,8.584254999999999,9.078323000000001,98.31,True,300,recall_pass_best,0.057648105425663176,piecewise_linear_avg_latency,0.5,10,range,crossing
,v100_pq_drift_1m_baseline_20260601T043217Z__phaseC_cycle04_no_retrain_across_cycles__range__d3ea54d73946,,-0.5949576649999997,0.1,0.10744026900000003,0.05,phaseC_cycle04_no_retrain_across_cycles,4,sift,1000000.0,/mnt/nvme1n1/PipeANN-github/experiments/v100_pq_drift_1m_baseline_20260601T043217Z,10.194807736000001,750000.0,,,9.996403,10.592971,98.08,True,470,recall_pass_best,0.05,-1.3648871239999991,1000000.0,1.0,0.001,10.194807736000001,graph,prefilter_below_graph_above,11.55969486,750000.0,,,11.927845999999999,12.516204,98.09,True,300,recall_pass_best,0.057648105425663176,piecewise_linear_avg_latency,0.75,10,range,crossing
,v100_pq_drift_1m_baseline_20260601T043217Z__phaseC_cycle04_no_retrain_across_cycles__range__d3ea54d73946,,-0.5949576649999997,0.1,0.10744026900000003,0.05,phaseC_cycle04_no_retrain_across_cycles,4,sift,1000000.0,/mnt/nvme1n1/PipeANN-github/experiments/v100_pq_drift_1m_baseline_20260601T043217Z,8.422630942,1000000.0,,,8.800182000000001,9.293081,98.21,True,400,recall_pass_best,0.05,-7.011917449,1000000.0,1.0,0.001,8.422630942,graph,prefilter_below_graph_above,15.434548391,1000000.0,,,15.743941000000001,16.291508,99.06,True,470,recall_pass_best,0.057648105425663176,piecewise_linear_avg_latency,1.0,10,range,crossing
,v100_pq_drift_1m_baseline_20260601T043217Z__phaseC_cycle04_retrain_each_cycle__intersect__260908aeae96,,-0.4290130499999998,0.1,0.2648743170000001,0.05,phaseC_cycle04_retrain_each_cycle,4,sift,1000000.0,/mnt/nvme1n1/PipeANN-github/experiments/v100_pq_drift_1m_baseline_20260601T043217Z,1.46390706,1000.0,,,1.681614,1.919702,0.49,False,50,fastest_but_recall_below_98,0.05,1.301339378,1000000.0,1.0,0.001,0.162567682,prefilter,prefilter_below_graph_above,0.162567682,1000.0,,,0.18081999999999998,0.194678,99.98,True,50,recall_pass_best,0.06908626166125317,piecewise_linear_avg_latency,0.001,10,intersect,crossing
,v100_pq_drift_1m_baseline_20260601T043217Z__phaseC_cycle04_retrain_each_cycle__intersect__260908aeae96,,-0.4290130499999998,0.1,0.2648743170000001,0.05,phaseC_cycle04_retrain_each_cycle,4,sift,1000000.0,/mnt/nvme1n1/PipeANN-github/experiments/v100_pq_drift_1m_baseline_20260601T043217Z,1.514293522,3000.0,,,1.805694,2.140564,1.4,False,50,fastest_but_recall_below_98,0.05,1.298403304,1000000.0,1.0,0.001,0.215890218,prefilter,prefilter_below_graph_above,0.215890218,3000.0,,,0.235466,0.25799,99.87,True,100,recall_pass_best,0.06908626166125317,piecewise_linear_avg_latency,0.003,10,intersect,crossing
,v100_pq_drift_1m_baseline_20260601T043217Z__phaseC_cycle04_retrain_each_cycle__intersect__260908aeae96,,-0.4290130499999998,0.1,0.2648743170000001,0.05,phaseC_cycle04_retrain_each_cycle,4,sift,1000000.0,/mnt/nvme1n1/PipeANN-github/experiments/v100_pq_drift_1m_baseline_20260601T043217Z,1.468595412,10000.0,,,1.678007,1.8949079999999998,4.1,False,50,fastest_but_recall_below_98,0.05,1.082474789,1000000.0,1.0,0.001,0.386120623,prefilter,prefilter_below_graph_above,0.386120623,10000.0,,,0.426133,0.459257,99.8,True,100,recall_pass_best,0.06908626166125317,piecewise_linear_avg_latency,0.01,10,intersect,crossing
,v100_pq_drift_1m_baseline_20260601T043217Z__phaseC_cycle04_retrain_each_cycle__intersect__260908aeae96,,-0.4290130499999998,0.1,0.2648743170000001,0.05,phaseC_cycle04_retrain_each_cycle,4,sift,1000000.0,/mnt/nvme1n1/PipeANN-github/experiments/v100_pq_drift_1m_baseline_20260601T043217Z,1.440160126,50000.0,,,1.65016,1.895,17.91,False,50,fastest_but_recall_below_98,0.05,0.2648743170000001,1000000.0,1.0,0.001,1.175285809,prefilter,prefilter_below_graph_above,1.175285809,50000.0,,,1.227873,1.276888,99.13,True,100,recall_pass_best,0.06908626166125317,piecewise_linear_avg_latency,0.05,10,intersect,crossing
,v100_pq_drift_1m_baseline_20260601T043217Z__phaseC_cycle04_retrain_each_cycle__intersect__260908aeae96,,-0.4290130499999998,0.1,0.2648743170000001,0.05,phaseC_cycle04_retrain_each_cycle,4,sift,1000000.0,/mnt/nvme1n1/PipeANN-github/experiments/v100_pq_drift_1m_baseline_20260601T043217Z,1.4400828570000002,100000.0,,,1.661767,1.8666189999999998,32.71,False,50,fastest_but_recall_below_98,0.05,-0.4290130499999998,1000000.0,1.0,0.001,1.4400828570000002,graph,prefilter_below_graph_above,1.869095907,100000.0,,,2.0852820000000003,2.2162539999999997,98.71,True,75,recall_pass_best,0.06908626166125317,piecewise_linear_avg_latency,0.1,10,intersect,crossing
,v100_pq_drift_1m_baseline_20260601T043217Z__phaseC_cycle04_retrain_each_cycle__intersect__260908aeae96,,-0.4290130499999998,0.1,0.2648743170000001,0.05,phaseC_cycle04_retrain_each_cycle,4,sift,1000000.0,/mnt/nvme1n1/PipeANN-github/experiments/v100_pq_drift_1m_baseline_20260601T043217Z,1.457601422,250000.0,,,1.707325,2.129629,54.77,False,50,fastest_but_recall_below_98,0.05,-2.8162989410000003,1000000.0,1.0,0.001,1.457601422,graph,prefilter_below_graph_above,4.273900363,250000.0,,,4.363805999999999,4.57609,98.45,True,300,recall_pass_best,0.06908626166125317,piecewise_linear_avg_latency,0.25,10,intersect,crossing
,v100_pq_drift_1m_baseline_20260601T043217Z__phaseC_cycle04_retrain_each_cycle__intersect__260908aeae96,,-0.4290130499999998,0.1,0.2648743170000001,0.05,phaseC_cycle04_retrain_each_cycle,4,sift,1000000.0,/mnt/nvme1n1/PipeANN-github/experiments/v100_pq_drift_1m_baseline_20260601T043217Z,1.4541834200000001,300000.0,,,1.665744,1.885237,58.61,False,50,fastest_but_recall_below_98,0.05,-3.5828808989999996,1000000.0,1.0,0.001,1.4541834200000001,graph,prefilter_below_graph_above,5.037064319,300000.0,,,5.295468,5.590211,98.46,True,300,recall_pass_best,0.06908626166125317,piecewise_linear_avg_latency,0.3,10,intersect,crossing
,v100_pq_drift_1m_baseline_20260601T043217Z__phaseC_cycle04_retrain_each_cycle__intersect__260908aeae96,,-0.4290130499999998,0.1,0.2648743170000001,0.05,phaseC_cycle04_retrain_each_cycle,4,sift,1000000.0,/mnt/nvme1n1/PipeANN-github/experiments/v100_pq_drift_1m_baseline_20260601T043217Z,1.4495067879999999,500000.0,,,1.654423,1.897908,69.18,False,50,fastest_but_recall_below_98,0.05,-6.273282363,1000000.0,1.0,0.001,1.4495067879999999,graph,prefilter_below_graph_above,7.722789151,500000.0,,,8.116525,8.568402,98.39,True,300,recall_pass_best,0.06908626166125317,piecewise_linear_avg_latency,0.5,10,intersect,crossing
,v100_pq_drift_1m_baseline_20260601T043217Z__phaseC_cycle04_retrain_each_cycle__intersect__260908aeae96,,-0.4290130499999998,0.1,0.2648743170000001,0.05,phaseC_cycle04_retrain_each_cycle,4,sift,1000000.0,/mnt/nvme1n1/PipeANN-github/experiments/v100_pq_drift_1m_baseline_20260601T043217Z,9.384198713,750000.0,,,12.141973,12.989049999999999,98.15,True,450,recall_pass_best,0.05,-2.101012612,1000000.0,1.0,0.001,9.384198713,graph,prefilter_below_graph_above,11.485211325,750000.0,,,11.996122999999999,12.78228,98.79,True,450,recall_pass_best,0.06908626166125317,piecewise_linear_avg_latency,0.75,10,intersect,crossing
,v100_pq_drift_1m_baseline_20260601T043217Z__phaseC_cycle04_retrain_each_cycle__intersect__260908aeae96,,-0.4290130499999998,0.1,0.2648743170000001,0.05,phaseC_cycle04_retrain_each_cycle,4,sift,1000000.0,/mnt/nvme1n1/PipeANN-github/experiments/v100_pq_drift_1m_baseline_20260601T043217Z,8.264666876,1000000.0,,,8.536005,8.921337,98.41,True,400,recall_pass_best,0.05,-6.9284436450000015,1000000.0,1.0,0.001,8.264666876,graph,prefilter_below_graph_above,15.193110521000001,1000000.0,,,15.845108,16.447111,98.47,True,400,recall_pass_best,0.06908626166125317,piecewise_linear_avg_latency,1.0,10,intersect,crossing
,v100_pq_drift_1m_baseline_20260601T043217Z__phaseC_cycle04_retrain_each_cycle__range__23672129dee0,,-0.3173701579999999,0.1,0.2890010270000001,0.05,phaseC_cycle04_retrain_each_cycle,4,sift,1000000.0,/mnt/nvme1n1/PipeANN-github/experiments/v100_pq_drift_1m_baseline_20260601T043217Z,1.5250230839999999,1000.0,,,1.8360820000000002,2.202123,0.49,False,50,fastest_but_recall_below_98,0.05,1.361257993,1000000.0,1.0,0.001,0.163765091,prefilter,prefilter_below_graph_above,0.163765091,1000.0,,,0.1804,0.190654,99.98,True,50,recall_pass_best,0.07383037272788615,piecewise_linear_avg_latency,0.001,10,range,crossing
,v100_pq_drift_1m_baseline_20260601T043217Z__phaseC_cycle04_retrain_each_cycle__range__23672129dee0,,-0.3173701579999999,0.1,0.2890010270000001,0.05,phaseC_cycle04_retrain_each_cycle,4,sift,1000000.0,/mnt/nvme1n1/PipeANN-github/experiments/v100_pq_drift_1m_baseline_20260601T043217Z,1.470647612,3000.0,,,1.6777760000000002,1.899201,1.39,False,50,fastest_but_recall_below_98,0.05,1.259086431,1000000.0,1.0,0.001,0.21156118100000001,prefilter,prefilter_below_graph_above,0.21156118100000001,3000.0,,,0.232386,0.253788,99.87,True,50,recall_pass_best,0.07383037272788615,piecewise_linear_avg_latency,0.003,10,range,crossing
,v100_pq_drift_1m_baseline_20260601T043217Z__phaseC_cycle04_retrain_each_cycle__range__23672129dee0,,-0.3173701579999999,0.1,0.2890010270000001,0.05,phaseC_cycle04_retrain_each_cycle,4,sift,1000000.0,/mnt/nvme1n1/PipeANN-github/experiments/v100_pq_drift_1m_baseline_20260601T043217Z,1.48621352,10000.0,,,1.7106880000000002,1.92177,4.11,False,50,fastest_but_recall_below_98,0.05,1.090747639,1000000.0,1.0,0.001,0.395465881,prefilter,prefilter_below_graph_above,0.395465881,10000.0,,,0.444625,0.500628,99.8,True,50,recall_pass_best,0.07383037272788615,piecewise_linear_avg_latency,0.01,10,range,crossing
,v100_pq_drift_1m_baseline_20260601T043217Z__phaseC_cycle04_retrain_each_cycle__range__23672129dee0,,-0.3173701579999999,0.1,0.2890010270000001,0.05,phaseC_cycle04_retrain_each_cycle,4,sift,1000000.0,/mnt/nvme1n1/PipeANN-github/experiments/v100_pq_drift_1m_baseline_20260601T043217Z,1.46463515,50000.0,,,1.664568,1.893994,17.9,False,50,fastest_but_recall_below_98,0.05,0.2890010270000001,1000000.0,1.0,0.001,1.175634123,prefilter,prefilter_below_graph_above,1.175634123,50000.0,,,1.242123,1.276781,99.13,True,150,recall_pass_best,0.07383037272788615,piecewise_linear_avg_latency,0.05,10,range,crossing
,v100_pq_drift_1m_baseline_20260601T043217Z__phaseC_cycle04_retrain_each_cycle__range__23672129dee0,,-0.3173701579999999,0.1,0.2890010270000001,0.05,phaseC_cycle04_retrain_each_cycle,4,sift,1000000.0,/mnt/nvme1n1/PipeANN-github/experiments/v100_pq_drift_1m_baseline_20260601T043217Z,1.516905262,100000.0,,,1.788481,2.178302,32.72,False,50,fastest_but_recall_below_98,0.05,-0.3173701579999999,1000000.0,1.0,0.001,1.516905262,graph,prefilter_below_graph_above,1.83427542,100000.0,,,1.918615,1.970029,98.71,True,50,recall_pass_best,0.07383037272788615,piecewise_linear_avg_latency,0.1,10,range,crossing
,v100_pq_drift_1m_baseline_20260601T043217Z__phaseC_cycle04_retrain_each_cycle__range__23672129dee0,,-0.3173701579999999,0.1,0.2890010270000001,0.05,phaseC_cycle04_retrain_each_cycle,4,sift,1000000.0,/mnt/nvme1n1/PipeANN-github/experiments/v100_pq_drift_1m_baseline_20260601T043217Z,1.5465108749999998,250000.0,,,1.861778,2.255395,54.77,False,50,fastest_but_recall_below_98,0.05,-2.718525854,1000000.0,1.0,0.001,1.5465108749999998,graph,prefilter_below_graph_above,4.265036729,250000.0,,,4.491637,4.992481,98.45,True,300,recall_pass_best,0.07383037272788615,piecewise_linear_avg_latency,0.25,10,range,crossing
,v100_pq_drift_1m_baseline_20260601T043217Z__phaseC_cycle04_retrain_each_cycle__range__23672129dee0,,-0.3173701579999999,0.1,0.2890010270000001,0.05,phaseC_cycle04_retrain_each_cycle,4,sift,1000000.0,/mnt/nvme1n1/PipeANN-github/experiments/v100_pq_drift_1m_baseline_20260601T043217Z,1.511019536,300000.0,,,1.717504,1.9604000000000001,58.62,False,50,fastest_but_recall_below_98,0.05,-3.570669379,1000000.0,1.0,0.001,1.511019536,graph,prefilter_below_graph_above,5.081688915,300000.0,,,5.182653,5.474274,98.46,True,300,recall_pass_best,0.07383037272788615,piecewise_linear_avg_latency,0.3,10,range,crossing
,v100_pq_drift_1m_baseline_20260601T043217Z__phaseC_cycle04_retrain_each_cycle__range__23672129dee0,,-0.3173701579999999,0.1,0.2890010270000001,0.05,phaseC_cycle04_retrain_each_cycle,4,sift,1000000.0,/mnt/nvme1n1/PipeANN-github/experiments/v100_pq_drift_1m_baseline_20260601T043217Z,1.522272814,500000.0,,,1.728237,1.964473,69.09,False,50,fastest_but_recall_below_98,0.05,-6.474508691,1000000.0,1.0,0.001,1.522272814,graph,prefilter_below_graph_above,7.9967815049999995,500000.0,,,8.329325,8.881785,98.39,True,300,recall_pass_best,0.07383037272788615,piecewise_linear_avg_latency,0.5,10,range,crossing
,v100_pq_drift_1m_baseline_20260601T043217Z__phaseC_cycle04_retrain_each_cycle__range__23672129dee0,,-0.3173701579999999,0.1,0.2890010270000001,0.05,phaseC_cycle04_retrain_each_cycle,4,sift,1000000.0,/mnt/nvme1n1/PipeANN-github/experiments/v100_pq_drift_1m_baseline_20260601T043217Z,9.40267951,750000.0,,,10.11119,11.201602999999999,98.15,True,450,recall_pass_best,0.05,-2.2487690980000004,1000000.0,1.0,0.001,9.40267951,graph,prefilter_below_graph_above,11.651448608,750000.0,,,12.092308000000001,12.701795,98.88,True,470,recall_pass_best,0.07383037272788615,piecewise_linear_avg_latency,0.75,10,range,crossing
,v100_pq_drift_1m_baseline_20260601T043217Z__phaseC_cycle04_retrain_each_cycle__range__23672129dee0,,-0.3173701579999999,0.1,0.2890010270000001,0.05,phaseC_cycle04_retrain_each_cycle,4,sift,1000000.0,/mnt/nvme1n1/PipeANN-github/experiments/v100_pq_drift_1m_baseline_20260601T043217Z,8.288680507999999,1000000.0,,,8.576789000000002,8.993983,98.41,True,400,recall_pass_best,0.05,-6.995706816,1000000.0,1.0,0.001,8.288680507999999,graph,prefilter_below_graph_above,15.284387323999999,1000000.0,,,15.720643,16.382196,98.66,True,450,recall_pass_best,0.07383037272788615,piecewise_linear_avg_latency,1.0,10,range,crossing
,v100_pq_drift_1m_baseline_20260601T043217Z__phaseC_cycle05_no_retrain_across_cycles__intersect__df4abf32600b,,-0.6579305160000004,0.1,0.295073578,0.05,phaseC_cycle05_no_retrain_across_cycles,5,sift,1000000.0,/mnt/nvme1n1/PipeANN-github/experiments/v100_pq_drift_1m_baseline_20260601T043217Z,1.545836116,1000.0,,,1.8644459999999998,2.138159,1.04,False,50,fastest_but_recall_below_98,0.05,1.3455627030000001,1000000.0,1.0,0.001,0.200273413,prefilter,prefilter_below_graph_above,0.200273413,1000.0,,,0.21806999999999999,0.255328,99.97,True,50,recall_pass_best,0.06548123349405044,piecewise_linear_avg_latency,0.001,10,intersect,crossing
,v100_pq_drift_1m_baseline_20260601T043217Z__phaseC_cycle05_no_retrain_across_cycles__intersect__df4abf32600b,,-0.6579305160000004,0.1,0.295073578,0.05,phaseC_cycle05_no_retrain_across_cycles,5,sift,1000000.0,/mnt/nvme1n1/PipeANN-github/experiments/v100_pq_drift_1m_baseline_20260601T043217Z,1.539524523,3000.0,,,1.856017,2.1984630000000003,2.67,False,50,fastest_but_recall_below_98,0.05,1.2692959970000002,1000000.0,1.0,0.001,0.27022852599999997,prefilter,prefilter_below_graph_above,0.27022852599999997,3000.0,,,0.29916699999999996,0.33853300000000003,99.74,True,50,recall_pass_best,0.06548123349405044,piecewise_linear_avg_latency,0.003,10,intersect,crossing
,v100_pq_drift_1m_baseline_20260601T043217Z__phaseC_cycle05_no_retrain_across_cycles__intersect__df4abf32600b,,-0.6579305160000004,0.1,0.295073578,0.05,phaseC_cycle05_no_retrain_across_cycles,5,sift,1000000.0,/mnt/nvme1n1/PipeANN-github/experiments/v100_pq_drift_1m_baseline_20260601T043217Z,1.484920511,10000.0,,,1.7959829999999999,2.071999,7.81,False,50,fastest_but_recall_below_98,0.05,0.9397362520000001,1000000.0,1.0,0.001,0.545184259,prefilter,prefilter_below_graph_above,0.545184259,10000.0,,,0.59377,0.632659,99.6,True,75,recall_pass_best,0.06548123349405044,piecewise_linear_avg_latency,0.01,10,intersect,crossing
,v100_pq_drift_1m_baseline_20260601T043217Z__phaseC_cycle05_no_retrain_across_cycles__intersect__df4abf32600b,,-0.6579305160000004,0.1,0.295073578,0.05,phaseC_cycle05_no_retrain_across_cycles,5,sift,1000000.0,/mnt/nvme1n1/PipeANN-github/experiments/v100_pq_drift_1m_baseline_20260601T043217Z,1.747108556,50000.0,,,1.902247,13.879928,23.14,False,50,fastest_but_recall_below_98,0.05,0.295073578,1000000.0,1.0,0.001,1.452034978,prefilter,prefilter_below_graph_above,1.452034978,50000.0,,,1.509742,1.554373,99.2,True,50,recall_pass_best,0.06548123349405044,piecewise_linear_avg_latency,0.05,10,intersect,crossing
,v100_pq_drift_1m_baseline_20260601T043217Z__phaseC_cycle05_no_retrain_across_cycles__intersect__df4abf32600b,,-0.6579305160000004,0.1,0.295073578,0.05,phaseC_cycle05_no_retrain_across_cycles,5,sift,1000000.0,/mnt/nvme1n1/PipeANN-github/experiments/v100_pq_drift_1m_baseline_20260601T043217Z,1.538430172,100000.0,,,1.856664,2.226896,34.62,False,50,fastest_but_recall_below_98,0.05,-0.6579305160000004,1000000.0,1.0,0.001,1.538430172,graph,prefilter_below_graph_above,2.1963606880000004,100000.0,,,2.2773090000000002,2.354289,98.79,True,50,recall_pass_best,0.06548123349405044,piecewise_linear_avg_latency,0.1,10,intersect,crossing
,v100_pq_drift_1m_baseline_20260601T043217Z__phaseC_cycle05_no_retrain_across_cycles__intersect__df4abf32600b,,-0.6579305160000004,0.1,0.295073578,0.05,phaseC_cycle05_no_retrain_across_cycles,5,sift,1000000.0,/mnt/nvme1n1/PipeANN-github/experiments/v100_pq_drift_1m_baseline_20260601T043217Z,1.931246388,250000.0,,,1.90745,24.470484,53.69,False,50,fastest_but_recall_below_98,0.05,-2.583713093,1000000.0,1.0,0.001,1.931246388,graph,prefilter_below_graph_above,4.514959481,250000.0,,,4.732336,5.03512,98.07,True,200,recall_pass_best,0.06548123349405044,piecewise_linear_avg_latency,0.25,10,intersect,crossing
,v100_pq_drift_1m_baseline_20260601T043217Z__phaseC_cycle05_no_retrain_across_cycles__intersect__df4abf32600b,,-0.6579305160000004,0.1,0.295073578,0.05,phaseC_cycle05_no_retrain_across_cycles,5,sift,1000000.0,/mnt/nvme1n1/PipeANN-github/experiments/v100_pq_drift_1m_baseline_20260601T043217Z,1.509008587,300000.0,,,1.801021,2.084736,57.19,False,50,fastest_but_recall_below_98,0.05,-3.8288263799999998,1000000.0,1.0,0.001,1.509008587,graph,prefilter_below_graph_above,5.337834967,300000.0,,,5.48318,5.721076,98.55,True,250,recall_pass_best,0.06548123349405044,piecewise_linear_avg_latency,0.3,10,intersect,crossing
,v100_pq_drift_1m_baseline_20260601T043217Z__phaseC_cycle05_no_retrain_across_cycles__intersect__df4abf32600b,,-0.6579305160000004,0.1,0.295073578,0.05,phaseC_cycle05_no_retrain_across_cycles,5,sift,1000000.0,/mnt/nvme1n1/PipeANN-github/experiments/v100_pq_drift_1m_baseline_20260601T043217Z,1.9843189669999999,500000.0,,,2.340245,2.6822779999999997,76.54,False,75,fastest_but_recall_below_98,0.05,-6.307750559999999,1000000.0,1.0,0.001,1.9843189669999999,graph,prefilter_below_graph_above,8.292069526999999,500000.0,,,8.691455,9.309645,98.43,True,300,recall_pass_best,0.06548123349405044,piecewise_linear_avg_latency,0.5,10,intersect,crossing
,v100_pq_drift_1m_baseline_20260601T043217Z__phaseC_cycle05_no_retrain_across_cycles__intersect__df4abf32600b,,-0.6579305160000004,0.1,0.295073578,0.05,phaseC_cycle05_no_retrain_across_cycles,5,sift,1000000.0,/mnt/nvme1n1/PipeANN-github/experiments/v100_pq_drift_1m_baseline_20260601T043217Z,9.155023813,750000.0,,,9.517218000000002,9.912415000000001,98.12,True,450,recall_pass_best,0.05,-2.377989685000001,1000000.0,1.0,0.001,9.155023813,graph,prefilter_below_graph_above,11.533013498,750000.0,,,12.099658,12.620946,98.23,True,300,recall_pass_best,0.06548123349405044,piecewise_linear_avg_latency,0.75,10,intersect,crossing
,v100_pq_drift_1m_baseline_20260601T043217Z__phaseC_cycle05_no_retrain_across_cycles__intersect__df4abf32600b,,-0.6579305160000004,0.1,0.295073578,0.05,phaseC_cycle05_no_retrain_across_cycles,5,sift,1000000.0,/mnt/nvme1n1/PipeANN-github/experiments/v100_pq_drift_1m_baseline_20260601T043217Z,8.192582687,1000000.0,,,8.555439,8.965134,98.26,True,400,recall_pass_best,0.05,-6.704251965999999,1000000.0,1.0,0.001,8.192582687,graph,prefilter_below_graph_above,14.896834652999999,1000000.0,,,15.113777,15.470991,98.24,True,300,recall_pass_best,0.06548123349405044,piecewise_linear_avg_latency,1.0,10,intersect,crossing
,v100_pq_drift_1m_baseline_20260601T043217Z__phaseC_cycle05_no_retrain_across_cycles__range__892ca4edb2d9,,-0.6484935309999997,0.1,0.1173594309999999,0.05,phaseC_cycle05_no_retrain_across_cycles,5,sift,1000000.0,/mnt/nvme1n1/PipeANN-github/experiments/v100_pq_drift_1m_baseline_20260601T043217Z,1.606220377,1000.0,,,1.852671,2.227124,1.04,False,50,fastest_but_recall_below_98,0.05,1.412318612,1000000.0,1.0,0.001,0.193901765,prefilter,prefilter_below_graph_above,0.193901765,1000.0,,,0.221435,0.26517599999999997,99.97,True,50,recall_pass_best,0.05766200803699444,piecewise_linear_avg_latency,0.001,10,range,crossing
,v100_pq_drift_1m_baseline_20260601T043217Z__phaseC_cycle05_no_retrain_across_cycles__range__892ca4edb2d9,,-0.6484935309999997,0.1,0.1173594309999999,0.05,phaseC_cycle05_no_retrain_across_cycles,5,sift,1000000.0,/mnt/nvme1n1/PipeANN-github/experiments/v100_pq_drift_1m_baseline_20260601T043217Z,1.838281908,3000.0,,,1.906131,17.646849,2.66,False,50,fastest_but_recall_below_98,0.05,1.5564514139999999,1000000.0,1.0,0.001,0.281830494,prefilter,prefilter_below_graph_above,0.281830494,3000.0,,,0.308938,0.344939,99.74,True,50,recall_pass_best,0.05766200803699444,piecewise_linear_avg_latency,0.003,10,range,crossing
,v100_pq_drift_1m_baseline_20260601T043217Z__phaseC_cycle05_no_retrain_across_cycles__range__892ca4edb2d9,,-0.6484935309999997,0.1,0.1173594309999999,0.05,phaseC_cycle05_no_retrain_across_cycles,5,sift,1000000.0,/mnt/nvme1n1/PipeANN-github/experiments/v100_pq_drift_1m_baseline_20260601T043217Z,2.007049366,10000.0,,,2.339996,2.671635,10.75,False,75,fastest_but_recall_below_98,0.05,1.4525013379999998,1000000.0,1.0,0.001,0.554548028,prefilter,prefilter_below_graph_above,0.554548028,10000.0,,,0.603583,0.647082,99.6,True,50,recall_pass_best,0.05766200803699444,piecewise_linear_avg_latency,0.01,10,range,crossing
,v100_pq_drift_1m_baseline_20260601T043217Z__phaseC_cycle05_no_retrain_across_cycles__range__892ca4edb2d9,,-0.6484935309999997,0.1,0.1173594309999999,0.05,phaseC_cycle05_no_retrain_across_cycles,5,sift,1000000.0,/mnt/nvme1n1/PipeANN-github/experiments/v100_pq_drift_1m_baseline_20260601T043217Z,1.555860931,50000.0,,,1.892037,2.149601,23.12,False,50,fastest_but_recall_below_98,0.05,0.1173594309999999,1000000.0,1.0,0.001,1.4385015,prefilter,prefilter_below_graph_above,1.4385015,50000.0,,,1.512459,1.563542,99.2,True,100,recall_pass_best,0.05766200803699444,piecewise_linear_avg_latency,0.05,10,range,crossing
,v100_pq_drift_1m_baseline_20260601T043217Z__phaseC_cycle05_no_retrain_across_cycles__range__892ca4edb2d9,,-0.6484935309999997,0.1,0.1173594309999999,0.05,phaseC_cycle05_no_retrain_across_cycles,5,sift,1000000.0,/mnt/nvme1n1/PipeANN-github/experiments/v100_pq_drift_1m_baseline_20260601T043217Z,1.5428760810000002,100000.0,,,1.863051,2.140032,34.59,False,50,fastest_but_recall_below_98,0.05,-0.6484935309999997,1000000.0,1.0,0.001,1.5428760810000002,graph,prefilter_below_graph_above,2.191369612,100000.0,,,2.270306,2.3465659999999997,98.79,True,75,recall_pass_best,0.05766200803699444,piecewise_linear_avg_latency,0.1,10,range,crossing
,v100_pq_drift_1m_baseline_20260601T043217Z__phaseC_cycle05_no_retrain_across_cycles__range__892ca4edb2d9,,-0.6484935309999997,0.1,0.1173594309999999,0.05,phaseC_cycle05_no_retrain_across_cycles,5,sift,1000000.0,/mnt/nvme1n1/PipeANN-github/experiments/v100_pq_drift_1m_baseline_20260601T043217Z,1.5533249450000002,250000.0,,,1.878037,2.225597,53.66,False,50,fastest_but_recall_below_98,0.05,-3.0590622869999997,1000000.0,1.0,0.001,1.5533249450000002,graph,prefilter_below_graph_above,4.612387232,250000.0,,,5.003675,5.237786,98.07,True,200,recall_pass_best,0.05766200803699444,piecewise_linear_avg_latency,0.25,10,range,crossing
,v100_pq_drift_1m_baseline_20260601T043217Z__phaseC_cycle05_no_retrain_across_cycles__range__892ca4edb2d9,,-0.6484935309999997,0.1,0.1173594309999999,0.05,phaseC_cycle05_no_retrain_across_cycles,5,sift,1000000.0,/mnt/nvme1n1/PipeANN-github/experiments/v100_pq_drift_1m_baseline_20260601T043217Z,1.634713893,300000.0,,,1.9030850000000001,2.240422,57.2,False,50,fastest_but_recall_below_98,0.05,-3.7453202350000003,1000000.0,1.0,0.001,1.634713893,graph,prefilter_below_graph_above,5.380034128,300000.0,,,5.5390690000000005,5.7525200000000005,98.55,True,250,recall_pass_best,0.05766200803699444,piecewise_linear_avg_latency,0.3,10,range,crossing
,v100_pq_drift_1m_baseline_20260601T043217Z__phaseC_cycle05_no_retrain_across_cycles__range__892ca4edb2d9,,-0.6484935309999997,0.1,0.1173594309999999,0.05,phaseC_cycle05_no_retrain_across_cycles,5,sift,1000000.0,/mnt/nvme1n1/PipeANN-github/experiments/v100_pq_drift_1m_baseline_20260601T043217Z,1.596494565,500000.0,,,1.929179,2.193511,67.7,False,50,fastest_but_recall_below_98,0.05,-6.574259156,1000000.0,1.0,0.001,1.596494565,graph,prefilter_below_graph_above,8.170753721,500000.0,,,8.479965,8.770639,98.43,True,300,recall_pass_best,0.05766200803699444,piecewise_linear_avg_latency,0.5,10,range,crossing
,v100_pq_drift_1m_baseline_20260601T043217Z__phaseC_cycle05_no_retrain_across_cycles__range__892ca4edb2d9,,-0.6484935309999997,0.1,0.1173594309999999,0.05,phaseC_cycle05_no_retrain_across_cycles,5,sift,1000000.0,/mnt/nvme1n1/PipeANN-github/experiments/v100_pq_drift_1m_baseline_20260601T043217Z,9.321992047,750000.0,,,9.680664,10.132797,98.12,True,450,recall_pass_best,0.05,-2.3901549100000015,1000000.0,1.0,0.001,9.321992047,graph,prefilter_below_graph_above,11.712146957000002,750000.0,,,12.261496999999999,13.054669,98.23,True,300,recall_pass_best,0.05766200803699444,piecewise_linear_avg_latency,0.75,10,range,crossing
,v100_pq_drift_1m_baseline_20260601T043217Z__phaseC_cycle05_no_retrain_across_cycles__range__892ca4edb2d9,,-0.6484935309999997,0.1,0.1173594309999999,0.05,phaseC_cycle05_no_retrain_across_cycles,5,sift,1000000.0,/mnt/nvme1n1/PipeANN-github/experiments/v100_pq_drift_1m_baseline_20260601T043217Z,8.381649611999999,1000000.0,,,8.738907999999999,9.190717000000001,98.26,True,400,recall_pass_best,0.05,-6.652644870000001,1000000.0,1.0,0.001,8.381649611999999,graph,prefilter_below_graph_above,15.034294482,1000000.0,,,15.482651,16.343718,98.24,True,300,recall_pass_best,0.05766200803699444,piecewise_linear_avg_latency,1.0,10,range,crossing
,v100_pq_drift_1m_baseline_20260601T043217Z__phaseC_cycle05_retrain_each_cycle__intersect__aeb7cfbad62a,3,,,,,phaseC_cycle05_retrain_each_cycle,5,sift,1000000.0,/mnt/nvme1n1/PipeANN-github/experiments/v100_pq_drift_1m_baseline_20260601T043217Z,1.5127984060000002,1000.0,,,1.7897290000000001,2.197989,1.13,False,50,fastest_but_recall_below_98,,1.34667255,1000000.0,1.0,0.001,0.166125856,prefilter,,0.166125856,1000.0,,,0.187863,0.195447,99.97,True,75,recall_pass_best,,multiple_piecewise_sign_changes,0.001,10,intersect,multi_crossing
,v100_pq_drift_1m_baseline_20260601T043217Z__phaseC_cycle05_retrain_each_cycle__intersect__aeb7cfbad62a,3,,,,,phaseC_cycle05_retrain_each_cycle,5,sift,1000000.0,/mnt/nvme1n1/PipeANN-github/experiments/v100_pq_drift_1m_baseline_20260601T043217Z,1.466474242,3000.0,,,1.681377,1.8785340000000001,2.71,False,50,fastest_but_recall_below_98,,1.2535651810000001,1000000.0,1.0,0.001,0.212909061,prefilter,,0.212909061,3000.0,,,0.234848,0.24915199999999998,99.81,True,100,recall_pass_best,,multiple_piecewise_sign_changes,0.003,10,intersect,multi_crossing
,v100_pq_drift_1m_baseline_20260601T043217Z__phaseC_cycle05_retrain_each_cycle__intersect__aeb7cfbad62a,3,,,,,phaseC_cycle05_retrain_each_cycle,5,sift,1000000.0,/mnt/nvme1n1/PipeANN-github/experiments/v100_pq_drift_1m_baseline_20260601T043217Z,1.443317515,10000.0,,,1.646493,1.853161,7.01,False,50,fastest_but_recall_below_98,,1.058209607,1000000.0,1.0,0.001,0.385107908,prefilter,,0.385107908,10000.0,,,0.424449,0.471059,99.63,True,100,recall_pass_best,,multiple_piecewise_sign_changes,0.01,10,intersect,multi_crossing
,v100_pq_drift_1m_baseline_20260601T043217Z__phaseC_cycle05_retrain_each_cycle__intersect__aeb7cfbad62a,3,,,,,phaseC_cycle05_retrain_each_cycle,5,sift,1000000.0,/mnt/nvme1n1/PipeANN-github/experiments/v100_pq_drift_1m_baseline_20260601T043217Z,1.4648824489999999,50000.0,,,1.673724,1.894913,21.73,False,50,fastest_but_recall_below_98,,0.31259295699999967,1000000.0,1.0,0.001,1.1522894920000002,prefilter,,1.1522894920000002,50000.0,,,1.2154010000000002,1.2676690000000002,99.32,True,75,recall_pass_best,,multiple_piecewise_sign_changes,0.05,10,intersect,multi_crossing
,v100_pq_drift_1m_baseline_20260601T043217Z__phaseC_cycle05_retrain_each_cycle__intersect__aeb7cfbad62a,3,,,,,phaseC_cycle05_retrain_each_cycle,5,sift,1000000.0,/mnt/nvme1n1/PipeANN-github/experiments/v100_pq_drift_1m_baseline_20260601T043217Z,1.4524647890000002,100000.0,,,1.6620840000000001,1.8647349999999998,33.07,False,50,fastest_but_recall_below_98,,-0.35122780099999984,1000000.0,1.0,0.001,1.4524647890000002,graph,,1.80369259,100000.0,,,1.9013710000000001,2.024673,98.9,True,75,recall_pass_best,,multiple_piecewise_sign_changes,0.1,10,intersect,multi_crossing
,v100_pq_drift_1m_baseline_20260601T043217Z__phaseC_cycle05_retrain_each_cycle__intersect__aeb7cfbad62a,3,,,,,phaseC_cycle05_retrain_each_cycle,5,sift,1000000.0,/mnt/nvme1n1/PipeANN-github/experiments/v100_pq_drift_1m_baseline_20260601T043217Z,1.469351839,250000.0,,,1.679414,1.923692,54.7,False,50,fastest_but_recall_below_98,,-2.76472139,1000000.0,1.0,0.001,1.469351839,graph,,4.234073229,250000.0,,,4.434709,4.721642,98.57,True,250,recall_pass_best,,multiple_piecewise_sign_changes,0.25,10,intersect,multi_crossing
,v100_pq_drift_1m_baseline_20260601T043217Z__phaseC_cycle05_retrain_each_cycle__intersect__aeb7cfbad62a,3,,,,,phaseC_cycle05_retrain_each_cycle,5,sift,1000000.0,/mnt/nvme1n1/PipeANN-github/experiments/v100_pq_drift_1m_baseline_20260601T043217Z,1.456530565,300000.0,,,1.664026,1.883018,58.82,False,50,fastest_but_recall_below_98,,-3.463386147,1000000.0,1.0,0.001,1.456530565,graph,,4.919916712,300000.0,,,5.096522,5.257555999999999,98.92,True,300,recall_pass_best,,multiple_piecewise_sign_changes,0.3,10,intersect,multi_crossing
,v100_pq_drift_1m_baseline_20260601T043217Z__phaseC_cycle05_retrain_each_cycle__intersect__aeb7cfbad62a,3,,,,,phaseC_cycle05_retrain_each_cycle,5,sift,1000000.0,/mnt/nvme1n1/PipeANN-github/experiments/v100_pq_drift_1m_baseline_20260601T043217Z,9.494169746999999,500000.0,,,9.763749,10.206718,98.14,True,470,recall_pass_best,,1.6108176299999988,1000000.0,1.0,0.001,7.883352117,prefilter,,7.883352117,500000.0,,,8.296201,8.692011,98.5,True,300,recall_pass_best,,multiple_piecewise_sign_changes,0.5,10,intersect,multi_crossing
,v100_pq_drift_1m_baseline_20260601T043217Z__phaseC_cycle05_retrain_each_cycle__intersect__aeb7cfbad62a,3,,,,,phaseC_cycle05_retrain_each_cycle,5,sift,1000000.0,/mnt/nvme1n1/PipeANN-github/experiments/v100_pq_drift_1m_baseline_20260601T043217Z,8.21508784,750000.0,,,8.494449000000001,8.898266,98.3,True,400,recall_pass_best,,-3.1102011299999983,1000000.0,1.0,0.001,8.21508784,graph,,11.325288969999999,750000.0,,,11.719017,12.294690000000001,98.96,True,400,recall_pass_best,,multiple_piecewise_sign_changes,0.75,10,intersect,multi_crossing
,v100_pq_drift_1m_baseline_20260601T043217Z__phaseC_cycle05_retrain_each_cycle__intersect__aeb7cfbad62a,3,,,,,phaseC_cycle05_retrain_each_cycle,5,sift,1000000.0,/mnt/nvme1n1/PipeANN-github/experiments/v100_pq_drift_1m_baseline_20260601T043217Z,6.445470187,1000000.0,,,8.504157,9.11342,98.02,True,300,recall_pass_best,,-8.553221051,1000000.0,1.0,0.001,6.445470187,graph,,14.998691238,1000000.0,,,15.356200999999999,16.325264,98.73,True,400,recall_pass_best,,multiple_piecewise_sign_changes,1.0,10,intersect,multi_crossing
,v100_pq_drift_1m_baseline_20260601T043217Z__phaseC_cycle05_retrain_each_cycle__range__a68651fe91de,3,,,,,phaseC_cycle05_retrain_each_cycle,5,sift,1000000.0,/mnt/nvme1n1/PipeANN-github/experiments/v100_pq_drift_1m_baseline_20260601T043217Z,1.465923749,1000.0,,,1.682943,1.9083800000000002,1.13,False,50,fastest_but_recall_below_98,,1.300390477,1000000.0,1.0,0.001,0.165533272,prefilter,,0.165533272,1000.0,,,0.180529,0.19262700000000002,99.97,True,50,recall_pass_best,,multiple_piecewise_sign_changes,0.001,10,range,multi_crossing
,v100_pq_drift_1m_baseline_20260601T043217Z__phaseC_cycle05_retrain_each_cycle__range__a68651fe91de,3,,,,,phaseC_cycle05_retrain_each_cycle,5,sift,1000000.0,/mnt/nvme1n1/PipeANN-github/experiments/v100_pq_drift_1m_baseline_20260601T043217Z,1.4724163129999999,3000.0,,,1.7588,2.096851,2.73,False,50,fastest_but_recall_below_98,,1.260234173,1000000.0,1.0,0.001,0.21218214,prefilter,,0.21218214,3000.0,,,0.22975700000000002,0.25409,99.8,True,75,recall_pass_best,,multiple_piecewise_sign_changes,0.003,10,range,multi_crossing
,v100_pq_drift_1m_baseline_20260601T043217Z__phaseC_cycle05_retrain_each_cycle__range__a68651fe91de,3,,,,,phaseC_cycle05_retrain_each_cycle,5,sift,1000000.0,/mnt/nvme1n1/PipeANN-github/experiments/v100_pq_drift_1m_baseline_20260601T043217Z,1.4257649060000002,10000.0,,,1.623137,1.819886,7.01,False,50,fastest_but_recall_below_98,,1.0297455690000001,1000000.0,1.0,0.001,0.396019337,prefilter,,0.396019337,10000.0,,,0.429659,0.45184500000000005,99.63,True,100,recall_pass_best,,multiple_piecewise_sign_changes,0.01,10,range,multi_crossing
,v100_pq_drift_1m_baseline_20260601T043217Z__phaseC_cycle05_retrain_each_cycle__range__a68651fe91de,3,,,,,phaseC_cycle05_retrain_each_cycle,5,sift,1000000.0,/mnt/nvme1n1/PipeANN-github/experiments/v100_pq_drift_1m_baseline_20260601T043217Z,1.467584331,50000.0,,,1.668537,1.899341,21.72,False,50,fastest_but_recall_below_98,,0.28752454299999997,1000000.0,1.0,0.001,1.180059788,prefilter,,1.180059788,50000.0,,,1.260451,1.3335080000000001,99.32,True,75,recall_pass_best,,multiple_piecewise_sign_changes,0.05,10,range,multi_crossing
,v100_pq_drift_1m_baseline_20260601T043217Z__phaseC_cycle05_retrain_each_cycle__range__a68651fe91de,3,,,,,phaseC_cycle05_retrain_each_cycle,5,sift,1000000.0,/mnt/nvme1n1/PipeANN-github/experiments/v100_pq_drift_1m_baseline_20260601T043217Z,1.49688772,100000.0,,,1.6649639999999999,1.9288109999999998,33.01,False,50,fastest_but_recall_below_98,,-0.319245067,1000000.0,1.0,0.001,1.49688772,graph,,1.816132787,100000.0,,,1.916314,2.060503,98.9,True,75,recall_pass_best,,multiple_piecewise_sign_changes,0.1,10,range,multi_crossing
,v100_pq_drift_1m_baseline_20260601T043217Z__phaseC_cycle05_retrain_each_cycle__range__a68651fe91de,3,,,,,phaseC_cycle05_retrain_each_cycle,5,sift,1000000.0,/mnt/nvme1n1/PipeANN-github/experiments/v100_pq_drift_1m_baseline_20260601T043217Z,1.495438837,250000.0,,,1.705541,1.914116,54.71,False,50,fastest_but_recall_below_98,,-2.7551743549999994,1000000.0,1.0,0.001,1.495438837,graph,,4.250613191999999,250000.0,,,4.612475000000001,4.82973,98.57,True,250,recall_pass_best,,multiple_piecewise_sign_changes,0.25,10,range,multi_crossing
,v100_pq_drift_1m_baseline_20260601T043217Z__phaseC_cycle05_retrain_each_cycle__range__a68651fe91de,3,,,,,phaseC_cycle05_retrain_each_cycle,5,sift,1000000.0,/mnt/nvme1n1/PipeANN-github/experiments/v100_pq_drift_1m_baseline_20260601T043217Z,1.5055230830000002,300000.0,,,1.706581,1.932703,58.81,False,50,fastest_but_recall_below_98,,-3.4596037420000005,1000000.0,1.0,0.001,1.5055230830000002,graph,,4.9651268250000005,300000.0,,,5.142245,5.374258,98.37,True,250,recall_pass_best,,multiple_piecewise_sign_changes,0.3,10,range,multi_crossing
,v100_pq_drift_1m_baseline_20260601T043217Z__phaseC_cycle05_retrain_each_cycle__range__a68651fe91de,3,,,,,phaseC_cycle05_retrain_each_cycle,5,sift,1000000.0,/mnt/nvme1n1/PipeANN-github/experiments/v100_pq_drift_1m_baseline_20260601T043217Z,9.309940665000001,500000.0,,,9.586781,10.323258,98.14,True,470,recall_pass_best,,1.4181076540000008,1000000.0,1.0,0.001,7.891833011,prefilter,,7.891833011,500000.0,,,8.190644,8.570668,98.5,True,300,recall_pass_best,,multiple_piecewise_sign_changes,0.5,10,range,multi_crossing
,v100_pq_drift_1m_baseline_20260601T043217Z__phaseC_cycle05_retrain_each_cycle__range__a68651fe91de,3,,,,,phaseC_cycle05_retrain_each_cycle,5,sift,1000000.0,/mnt/nvme1n1/PipeANN-github/experiments/v100_pq_drift_1m_baseline_20260601T043217Z,8.239188481,750000.0,,,8.537785,8.976939,98.3,True,400,recall_pass_best,,-3.1162156569999997,1000000.0,1.0,0.001,8.239188481,graph,,11.355404137999999,750000.0,,,11.706040999999999,12.588388,98.12,True,300,recall_pass_best,,multiple_piecewise_sign_changes,0.75,10,range,multi_crossing
,v100_pq_drift_1m_baseline_20260601T043217Z__phaseC_cycle05_retrain_each_cycle__range__a68651fe91de,3,,,,,phaseC_cycle05_retrain_each_cycle,5,sift,1000000.0,/mnt/nvme1n1/PipeANN-github/experiments/v100_pq_drift_1m_baseline_20260601T043217Z,6.345860069,1000000.0,,,6.598103,7.030044,98.02,True,300,recall_pass_best,,-8.924965623,1000000.0,1.0,0.001,6.345860069,graph,,15.270825692,1000000.0,,,15.986576,16.865513,98.73,True,400,recall_pass_best,,multiple_piecewise_sign_changes,1.0,10,range,multi_crossing
,v100_pq_only_chain_1m_20260603T055115Z__chain_cycle01_pq_only__intersect__24135d6b03f2,,-1.4779623109999989,0.75,3.0191099429999984,0.5,chain_cycle01_pq_only,1,sift,1000000.0,/mnt/nvme1n1/PipeANN-github/experiments/v100_pq_only_chain_1m_20260603T055115Z,10.323085618999999,500000.0,516.075,22543.921,10.623,11.235467,98.02,True,500,recall_pass_best,0.25,3.0191099429999984,1000000.0,1.0,0.5,7.303975676,prefilter,prefilter_below_graph_above,7.303975676,500000.0,250.0,500000.0,7.529602,7.84985,98.36,True,250,recall_pass_best,0.6678375269773906,piecewise_linear_avg_latency,0.5,3,intersect,crossing
,v100_pq_only_chain_1m_20260603T055115Z__chain_cycle01_pq_only__intersect__24135d6b03f2,,-1.4779623109999989,0.75,3.0191099429999984,0.5,chain_cycle01_pq_only,1,sift,1000000.0,/mnt/nvme1n1/PipeANN-github/experiments/v100_pq_only_chain_1m_20260603T055115Z,9.392797778,750000.0,466.306,20969.441,9.698921,10.178485,98.35,True,450,recall_pass_best,0.25,-1.4779623109999989,1000000.0,1.0,0.5,9.392797778,graph,prefilter_below_graph_above,10.870760089,750000.0,300.0,750000.0,11.477217000000001,12.340864999999999,98.42,True,300,recall_pass_best,0.6678375269773906,piecewise_linear_avg_latency,0.75,3,intersect,crossing
,v100_pq_only_chain_1m_20260603T055115Z__chain_cycle01_pq_only__intersect__24135d6b03f2,,-1.4779623109999989,0.75,3.0191099429999984,0.5,chain_cycle01_pq_only,1,sift,1000000.0,/mnt/nvme1n1/PipeANN-github/experiments/v100_pq_only_chain_1m_20260603T055115Z,8.332863267,1000000.0,416.606,19337.002,8.650758,9.012507,98.43,True,400,recall_pass_best,0.25,-5.656960841,1000000.0,1.0,0.5,8.332863267,graph,prefilter_below_graph_above,13.989824108,1000000.0,300.0,1000000.0,14.240027,15.046779,98.15,True,300,recall_pass_best,0.6678375269773906,piecewise_linear_avg_latency,1.0,3,intersect,crossing
,v100_pq_only_chain_1m_20260603T055115Z__chain_cycle01_pq_only__range__20657ca44daf,,-1.4413841539999996,0.75,2.455992629,0.5,chain_cycle01_pq_only,1,sift,1000000.0,/mnt/nvme1n1/PipeANN-github/experiments/v100_pq_only_chain_1m_20260603T055115Z,10.109318658,500000.0,516.058,22542.273,10.274621999999999,10.78583,98.02,True,500,recall_pass_best,0.25,2.455992629,1000000.0,1.0,0.5,7.653326029,prefilter,prefilter_below_graph_above,7.653326029,500000.0,250.0,500000.0,7.936389,8.158012,98.36,True,250,recall_pass_best,0.6575413903855033,piecewise_linear_avg_latency,0.5,3,range,crossing
,v100_pq_only_chain_1m_20260603T055115Z__chain_cycle01_pq_only__range__20657ca44daf,,-1.4413841539999996,0.75,2.455992629,0.5,chain_cycle01_pq_only,1,sift,1000000.0,/mnt/nvme1n1/PipeANN-github/experiments/v100_pq_only_chain_1m_20260603T055115Z,9.330316451,750000.0,466.339,20974.454,9.603182,9.967522,98.35,True,450,recall_pass_best,0.25,-1.4413841539999996,1000000.0,1.0,0.5,9.330316451,graph,prefilter_below_graph_above,10.771700605,750000.0,300.0,750000.0,11.234447,11.76787,98.42,True,300,recall_pass_best,0.6575413903855033,piecewise_linear_avg_latency,0.75,3,range,crossing
,v100_pq_only_chain_1m_20260603T055115Z__chain_cycle01_pq_only__range__20657ca44daf,,-1.4413841539999996,0.75,2.455992629,0.5,chain_cycle01_pq_only,1,sift,1000000.0,/mnt/nvme1n1/PipeANN-github/experiments/v100_pq_only_chain_1m_20260603T055115Z,8.365002216,1000000.0,416.627,19340.769,8.683214,8.940427,98.43,True,400,recall_pass_best,0.25,-5.463322479999999,1000000.0,1.0,0.5,8.365002216,graph,prefilter_below_graph_above,13.828324696,1000000.0,300.0,1000000.0,14.366845999999999,14.79128,98.15,True,300,recall_pass_best,0.6575413903855033,piecewise_linear_avg_latency,1.0,3,range,crossing
graph,v100_pq_only_chain_1m_20260603T055115Z__chain_cycle02_pq_only__intersect__7809fe7374b8,,,,,,chain_cycle02_pq_only,2,sift,1000000.0,/mnt/nvme1n1/PipeANN-github/experiments/v100_pq_only_chain_1m_20260603T055115Z,1.6688337489999998,500000.0,74.825,5243.708,2.026061,2.3710720000000003,69.53,False,50,fastest_but_recall_below_98,,-6.00546462,1000000.0,1.0,0.5,1.6688337489999998,graph,,7.674298369,500000.0,250.0,500000.0,7.876863999999999,8.482873999999999,98.35,True,250,recall_pass_best,,graph_always_no_slower,0.5,3,intersect,boundary
graph,v100_pq_only_chain_1m_20260603T055115Z__chain_cycle02_pq_only__intersect__7809fe7374b8,,,,,,chain_cycle02_pq_only,2,sift,1000000.0,/mnt/nvme1n1/PipeANN-github/experiments/v100_pq_only_chain_1m_20260603T055115Z,9.420871367,750000.0,466.655,21277.047,9.749197,10.260247999999999,98.08,True,450,recall_pass_best,,-1.4321330549999995,1000000.0,1.0,0.5,9.420871367,graph,,10.853004422,750000.0,300.0,750000.0,11.13,11.583129000000001,98.45,True,300,recall_pass_best,,graph_always_no_slower,0.75,3,intersect,boundary
graph,v100_pq_only_chain_1m_20260603T055115Z__chain_cycle02_pq_only__intersect__7809fe7374b8,,,,,,chain_cycle02_pq_only,2,sift,1000000.0,/mnt/nvme1n1/PipeANN-github/experiments/v100_pq_only_chain_1m_20260603T055115Z,8.412612127000001,1000000.0,417.156,19630.747,8.706335,9.120125,98.38,True,400,recall_pass_best,,-5.821519953999999,1000000.0,1.0,0.5,8.412612127000001,graph,,14.234132081,1000000.0,300.0,1000000.0,14.594037,14.992531000000001,98.34,True,300,recall_pass_best,,graph_always_no_slower,1.0,3,intersect,boundary
graph,v100_pq_only_chain_1m_20260603T055115Z__chain_cycle02_pq_only__range__e22c8d5f8b2e,,,,,,chain_cycle02_pq_only,2,sift,1000000.0,/mnt/nvme1n1/PipeANN-github/experiments/v100_pq_only_chain_1m_20260603T055115Z,1.668215015,500000.0,74.805,5243.473,1.964757,2.218075,69.43,False,50,fastest_but_recall_below_98,,-6.050052913,1000000.0,1.0,0.5,1.668215015,graph,,7.718267928,500000.0,250.0,500000.0,7.887829,8.379379,98.35,True,250,recall_pass_best,,graph_always_no_slower,0.5,3,range,boundary
graph,v100_pq_only_chain_1m_20260603T055115Z__chain_cycle02_pq_only__range__e22c8d5f8b2e,,,,,,chain_cycle02_pq_only,2,sift,1000000.0,/mnt/nvme1n1/PipeANN-github/experiments/v100_pq_only_chain_1m_20260603T055115Z,9.518479776,750000.0,466.656,21277.809,9.839311,10.575422,98.08,True,450,recall_pass_best,,-1.5871891260000002,1000000.0,1.0,0.5,9.518479776,graph,,11.105668902,750000.0,300.0,750000.0,11.404982,12.468366,98.45,True,300,recall_pass_best,,graph_always_no_slower,0.75,3,range,boundary
graph,v100_pq_only_chain_1m_20260603T055115Z__chain_cycle02_pq_only__range__e22c8d5f8b2e,,,,,,chain_cycle02_pq_only,2,sift,1000000.0,/mnt/nvme1n1/PipeANN-github/experiments/v100_pq_only_chain_1m_20260603T055115Z,8.531005916,1000000.0,417.16,19631.44,9.113582000000001,10.135564,98.38,True,400,recall_pass_best,,-5.542473108000001,1000000.0,1.0,0.5,8.531005916,graph,,14.073479024000001,1000000.0,300.0,1000000.0,14.356776,15.238931000000001,98.34,True,300,recall_pass_best,,graph_always_no_slower,1.0,3,range,boundary
