actual_disk_index_path,actual_disk_layout_status,actual_layout_block_bytes,actual_layout_nodes_per_block,actual_layout_read_page_bytes,actual_layout_version,actual_route,avg_latency_us,background_cpu_range,bucket,candidate_count,chosen_L,condition,cpu_affinity_allowed_cpus,cpu_cap,cpu_cap_enforced,dest_prefix,elapsed_s,empty_count,fallback_count,flat_build_memory_gb,flat_pq_pivots,flat_threshold,foreground_command_source_prefix,foreground_cpu_range,foreground_elapsed_wall_s,foreground_finished_wall_s,foreground_started_wall_s,graph_count,insert_threads,layout,layout_variant,layout_version,live_point_count,max_rss_kb,max_threshold,mean_candidate_count,mean_cpu_us,mean_cpu_us1,mean_cpu_us2,mean_io_us,mean_n_4k,mean_n_cmps,mean_n_hops,mean_n_ios,mean_query_total_us,mean_read_size,mean_route_overhead_us,min_threshold,mode,p50_latency_us,p95_cpu_us,p95_io_us,p95_latency_us,p95_n_4k,p95_n_cmps,p95_n_hops,p95_n_ios,p95_query_total_us,p95_read_size,p99_latency_us,per_node_read_request_bytes,phase,physical_read_unit_bytes,points,pq_bytes,prefilter_count,process_max_rss_kb,qps,query_peak_delta_kb,query_peak_rss_kb,raw_command,recall@10,repeat,route,rss_after_query_kb,rss_before_query_kb,search_l,selector_type,source_actual_layout_v3_supersector32k,source_bucket,source_layout,source_layout_metadata_valid,source_layout_variant,source_layout_version,source_per_node_read_request_bytes,source_physical_read_unit_bytes,source_prefix,source_prefix_matches_v3,source_route,source_row_index,source_row_layout_v3_supersector32k,source_search_l,source_selector_type,source_v1_source_prefix,source_v3_source_prefix,source_variant,status,tau_m,threads,threshold_version,v1_source_prefix,v3_source_prefix,variant,wall_s
/mnt/nvme1n1/PipeANN-supersector32k-work/indexes/phaseC_cycle01_retrain_each_cycle_19d7e0229e_super32k_v3_disk.index,ok,32768,33,4096,3,prefilter,158.322152,16,u1e-03,1000.0,50,during_background,20-27,8,True,,0.15841,0,0,1,,10000,/mnt/nvme1n1/PipeANN-supersector32k-work/indexes/phaseC_cycle01_retrain_each_cycle_19d7e0229e_super32k_v3,20-27,1.7341430187225342,1780357637.0694518,1780357635.3344936,0,16,supersector32k,page_aware_slots,3,1000000,281632,110617,1000.0,0.0,0.0,0.0,0.0,110.848,1000.0,0.0,110.848,155.702,454033.408,34.124,110617,measure-dynamic-search,156.842,0.0,0.0,172.305,116.0,1000.0,0.0,116.0,170.0,475136.0,185.061,4096,measure-dynamic-search,4096,1000000,16,1000,281632,6312.737046,1044,281632,/mnt/nvme1n1/PipeANN-github/build_reviewed_20260602_querycache/tests/dynamic_update_suite_driver --mode measure-dynamic-search --source-prefix /mnt/nvme1n1/PipeANN-supersector32k-work/indexes/phaseC_cycle01_retrain_each_cycle_19d7e0229e_super32k_v3 --jsonl-output /mnt/nvme1n1/PipeANN-github/experiments/v100_background_interference_full_v5_v3raw_fixed_20260601T234715Z/tmp/during_background_0000_row0000.jsonl --insert-threads 16 --search-threads 1 --merge-threads 16 --build-l 220 --build-r 116 --beamwidth 4 --k 10 --cpu-cap 8 --metric l2 --route prefilter --search-l 50 --data-bin experiments/v100_pq_drift_1m_baseline_20260601T043217Z/data/phaseC_cycle01_live_data_by_tag.bin --base-label-file experiments/v100_pq_drift_1m_baseline_20260601T043217Z/labels/base_labels_1000000.spmat --query-bin /mnt/nvme1n1/PipeANN-github/experiments/r116_suite_pq16_aris_20260520_072453/data/sift_query_1000.bin --truthset-bin experiments/v100_pq_drift_1m_baseline_20260601T043217Z/truth/phaseC_cycle01_intersect_u1e-03.bin --query-label-file /mnt/nvme1n1/PipeANN-github/experiments/r116_suite_pq16_aris_20260520_072453/labels/query_1000_u1e-03.spmat --selector-type intersect --query-limit 1000,99.94,0,prefilter,281632,280588,50,intersect,True,u1e-03,supersector32k,True,page_aware_slots,3,4096,4096,/mnt/nvme1n1/PipeANN-supersector32k-work/indexes/phaseC_cycle01_retrain_each_cycle_19d7e0229e_super32k_v3,True,prefilter,0,True,50,intersect,/mnt/nvme1n1/PipeANN-github/experiments/v100_pq_drift_1m_baseline_20260601T043217Z/indexes/phaseC_cycle01_retrain_each_cycle,/mnt/nvme1n1/PipeANN-supersector32k-work/indexes/phaseC_cycle01_retrain_each_cycle_19d7e0229e_super32k_v3,retrain_each_cycle,ok,110617,1,0,/mnt/nvme1n1/PipeANN-github/experiments/v100_pq_drift_1m_baseline_20260601T043217Z/indexes/phaseC_cycle01_retrain_each_cycle,/mnt/nvme1n1/PipeANN-supersector32k-work/indexes/phaseC_cycle01_retrain_each_cycle_19d7e0229e_super32k_v3,retrain_each_cycle,0.15841
/mnt/nvme1n1/PipeANN-supersector32k-work/indexes/phaseC_cycle01_retrain_each_cycle_19d7e0229e_super32k_v3_disk.index,ok,32768,33,4096,3,prefilter,205.836178,16,u3e-03,3000.0,50,during_background,20-27,8,True,,0.205933,0,0,1,,10000,/mnt/nvme1n1/PipeANN-supersector32k-work/indexes/phaseC_cycle01_retrain_each_cycle_19d7e0229e_super32k_v3,20-27,1.7315599918365479,1780357638.8108141,1780357637.0785031,0,16,supersector32k,page_aware_slots,3,1000000,281680,110617,3000.0,0.0,0.0,0.0,0.0,111.449,3000.0,0.0,111.449,203.23,456495.104,37.011,110617,measure-dynamic-search,204.053,0.0,0.0,221.329,118.0,3000.0,0.0,118.0,219.0,483328.0,242.37,4096,measure-dynamic-search,4096,1000000,16,1000,281680,4855.949048,924,281680,/mnt/nvme1n1/PipeANN-github/build_reviewed_20260602_querycache/tests/dynamic_update_suite_driver --mode measure-dynamic-search --source-prefix /mnt/nvme1n1/PipeANN-supersector32k-work/indexes/phaseC_cycle01_retrain_each_cycle_19d7e0229e_super32k_v3 --jsonl-output /mnt/nvme1n1/PipeANN-github/experiments/v100_background_interference_full_v5_v3raw_fixed_20260601T234715Z/tmp/during_background_0001_row0001.jsonl --insert-threads 16 --search-threads 1 --merge-threads 16 --build-l 220 --build-r 116 --beamwidth 4 --k 10 --cpu-cap 8 --metric l2 --route prefilter --search-l 50 --data-bin experiments/v100_pq_drift_1m_baseline_20260601T043217Z/data/phaseC_cycle01_live_data_by_tag.bin --base-label-file experiments/v100_pq_drift_1m_baseline_20260601T043217Z/labels/base_labels_1000000.spmat --query-bin /mnt/nvme1n1/PipeANN-github/experiments/r116_suite_pq16_aris_20260520_072453/data/sift_query_1000.bin --truthset-bin experiments/v100_pq_drift_1m_baseline_20260601T043217Z/truth/phaseC_cycle01_intersect_u3e-03.bin --query-label-file /mnt/nvme1n1/PipeANN-github/experiments/r116_suite_pq16_aris_20260520_072453/labels/query_1000_u3e-03.spmat --selector-type intersect --query-limit 1000,99.86,1,prefilter,281680,280756,50,intersect,True,u3e-03,supersector32k,True,page_aware_slots,3,4096,4096,/mnt/nvme1n1/PipeANN-supersector32k-work/indexes/phaseC_cycle01_retrain_each_cycle_19d7e0229e_super32k_v3,True,prefilter,1,True,50,intersect,/mnt/nvme1n1/PipeANN-github/experiments/v100_pq_drift_1m_baseline_20260601T043217Z/indexes/phaseC_cycle01_retrain_each_cycle,/mnt/nvme1n1/PipeANN-supersector32k-work/indexes/phaseC_cycle01_retrain_each_cycle_19d7e0229e_super32k_v3,retrain_each_cycle,ok,110617,1,0,/mnt/nvme1n1/PipeANN-github/experiments/v100_pq_drift_1m_baseline_20260601T043217Z/indexes/phaseC_cycle01_retrain_each_cycle,/mnt/nvme1n1/PipeANN-supersector32k-work/indexes/phaseC_cycle01_retrain_each_cycle_19d7e0229e_super32k_v3,retrain_each_cycle,0.205933
/mnt/nvme1n1/PipeANN-supersector32k-work/indexes/phaseC_cycle01_retrain_each_cycle_19d7e0229e_super32k_v3_disk.index,ok,32768,33,4096,3,prefilter,400.50815,16,u1e-02,10000.0,75,during_background,20-27,8,True,,0.400649,0,0,1,,10000,/mnt/nvme1n1/PipeANN-supersector32k-work/indexes/phaseC_cycle01_retrain_each_cycle_19d7e0229e_super32k_v3,20-27,2.0710113048553467,1780357640.8907697,1780357638.8189979,0,16,supersector32k,page_aware_slots,3,1000000,281668,110617,10000.0,0.0,0.0,0.0,0.0,148.376,10000.0,0.0,148.376,397.626,607748.096,45.908,110617,measure-dynamic-search,398.85,0.0,0.0,440.837,155.0,10000.0,0.0,155.0,438.0,634880.0,468.738,4096,measure-dynamic-search,4096,1000000,16,1000,281668,2495.951006,984,281668,/mnt/nvme1n1/PipeANN-github/build_reviewed_20260602_querycache/tests/dynamic_update_suite_driver --mode measure-dynamic-search --source-prefix /mnt/nvme1n1/PipeANN-supersector32k-work/indexes/phaseC_cycle01_retrain_each_cycle_19d7e0229e_super32k_v3 --jsonl-output /mnt/nvme1n1/PipeANN-github/experiments/v100_background_interference_full_v5_v3raw_fixed_20260601T234715Z/tmp/during_background_0002_row0002.jsonl --insert-threads 16 --search-threads 1 --merge-threads 16 --build-l 220 --build-r 116 --beamwidth 4 --k 10 --cpu-cap 8 --metric l2 --route prefilter --search-l 75 --data-bin experiments/v100_pq_drift_1m_baseline_20260601T043217Z/data/phaseC_cycle01_live_data_by_tag.bin --base-label-file experiments/v100_pq_drift_1m_baseline_20260601T043217Z/labels/base_labels_1000000.spmat --query-bin /mnt/nvme1n1/PipeANN-github/experiments/r116_suite_pq16_aris_20260520_072453/data/sift_query_1000.bin --truthset-bin experiments/v100_pq_drift_1m_baseline_20260601T043217Z/truth/phaseC_cycle01_intersect_u1e-02.bin --query-label-file /mnt/nvme1n1/PipeANN-github/experiments/r116_suite_pq16_aris_20260520_072453/labels/query_1000_u1e-02.spmat --selector-type intersect --query-limit 1000,99.39,2,prefilter,281668,280684,75,intersect,True,u1e-02,supersector32k,True,page_aware_slots,3,4096,4096,/mnt/nvme1n1/PipeANN-supersector32k-work/indexes/phaseC_cycle01_retrain_each_cycle_19d7e0229e_super32k_v3,True,prefilter,2,True,75,intersect,/mnt/nvme1n1/PipeANN-github/experiments/v100_pq_drift_1m_baseline_20260601T043217Z/indexes/phaseC_cycle01_retrain_each_cycle,/mnt/nvme1n1/PipeANN-supersector32k-work/indexes/phaseC_cycle01_retrain_each_cycle_19d7e0229e_super32k_v3,retrain_each_cycle,ok,110617,1,0,/mnt/nvme1n1/PipeANN-github/experiments/v100_pq_drift_1m_baseline_20260601T043217Z/indexes/phaseC_cycle01_retrain_each_cycle,/mnt/nvme1n1/PipeANN-supersector32k-work/indexes/phaseC_cycle01_retrain_each_cycle_19d7e0229e_super32k_v3,retrain_each_cycle,0.400649
/mnt/nvme1n1/PipeANN-supersector32k-work/indexes/phaseC_cycle01_retrain_each_cycle_19d7e0229e_super32k_v3_disk.index,ok,32768,33,4096,3,prefilter,1211.784785,16,u5e-02,50000.0,150,during_background,20-27,8,True,,1.211937,0,0,1,,10000,/mnt/nvme1n1/PipeANN-supersector32k-work/indexes/phaseC_cycle01_retrain_each_cycle_19d7e0229e_super32k_v3,20-27,2.8000903129577637,1780357643.7005384,1780357640.8996367,0,16,supersector32k,page_aware_slots,3,1000000,281792,110617,50000.0,0.0,0.0,0.0,0.0,184.927,50000.0,0.0,184.927,1208.521,757460.992,91.881,110617,measure-dynamic-search,1198.72,0.0,0.0,1328.949,192.0,50000.0,0.0,192.0,1325.0,786432.0,1399.479,4096,measure-dynamic-search,4096,1000000,16,1000,281792,825.125301,1172,281792,/mnt/nvme1n1/PipeANN-github/build_reviewed_20260602_querycache/tests/dynamic_update_suite_driver --mode measure-dynamic-search --source-prefix /mnt/nvme1n1/PipeANN-supersector32k-work/indexes/phaseC_cycle01_retrain_each_cycle_19d7e0229e_super32k_v3 --jsonl-output /mnt/nvme1n1/PipeANN-github/experiments/v100_background_interference_full_v5_v3raw_fixed_20260601T234715Z/tmp/during_background_0003_row0003.jsonl --insert-threads 16 --search-threads 1 --merge-threads 16 --build-l 220 --build-r 116 --beamwidth 4 --k 10 --cpu-cap 8 --metric l2 --route prefilter --search-l 150 --data-bin experiments/v100_pq_drift_1m_baseline_20260601T043217Z/data/phaseC_cycle01_live_data_by_tag.bin --base-label-file experiments/v100_pq_drift_1m_baseline_20260601T043217Z/labels/base_labels_1000000.spmat --query-bin /mnt/nvme1n1/PipeANN-github/experiments/r116_suite_pq16_aris_20260520_072453/data/sift_query_1000.bin --truthset-bin experiments/v100_pq_drift_1m_baseline_20260601T043217Z/truth/phaseC_cycle01_intersect_u5e-02.bin --query-label-file /mnt/nvme1n1/PipeANN-github/experiments/r116_suite_pq16_aris_20260520_072453/labels/query_1000_u5e-02.spmat --selector-type intersect --query-limit 1000,99.27,3,prefilter,281792,280620,150,intersect,True,u5e-02,supersector32k,True,page_aware_slots,3,4096,4096,/mnt/nvme1n1/PipeANN-supersector32k-work/indexes/phaseC_cycle01_retrain_each_cycle_19d7e0229e_super32k_v3,True,prefilter,3,True,150,intersect,/mnt/nvme1n1/PipeANN-github/experiments/v100_pq_drift_1m_baseline_20260601T043217Z/indexes/phaseC_cycle01_retrain_each_cycle,/mnt/nvme1n1/PipeANN-supersector32k-work/indexes/phaseC_cycle01_retrain_each_cycle_19d7e0229e_super32k_v3,retrain_each_cycle,ok,110617,1,0,/mnt/nvme1n1/PipeANN-github/experiments/v100_pq_drift_1m_baseline_20260601T043217Z/indexes/phaseC_cycle01_retrain_each_cycle,/mnt/nvme1n1/PipeANN-supersector32k-work/indexes/phaseC_cycle01_retrain_each_cycle_19d7e0229e_super32k_v3,retrain_each_cycle,1.211937
/mnt/nvme1n1/PipeANN-supersector32k-work/indexes/phaseC_cycle01_retrain_each_cycle_19d7e0229e_super32k_v3_disk.index,ok,32768,33,4096,3,prefilter,1843.875182,16,u1e-01,100000.0,100,during_background,20-27,8,True,,1.844071,0,0,1,,10000,/mnt/nvme1n1/PipeANN-supersector32k-work/indexes/phaseC_cycle01_retrain_each_cycle_19d7e0229e_super32k_v3,20-27,3.438661813735962,1780357647.1488938,1780357643.7094395,0,16,supersector32k,page_aware_slots,3,1000000,281896,110617,100000.0,0.0,0.0,0.0,0.0,183.483,100000.0,0.0,183.483,1840.261,751546.368,142.066,110617,measure-dynamic-search,1839.65,0.0,0.0,1944.413,191.0,100000.0,0.0,191.0,1938.0,782336.0,2079.341,4096,measure-dynamic-search,4096,1000000,16,1000,281896,542.278594,1192,281896,/mnt/nvme1n1/PipeANN-github/build_reviewed_20260602_querycache/tests/dynamic_update_suite_driver --mode measure-dynamic-search --source-prefix /mnt/nvme1n1/PipeANN-supersector32k-work/indexes/phaseC_cycle01_retrain_each_cycle_19d7e0229e_super32k_v3 --jsonl-output /mnt/nvme1n1/PipeANN-github/experiments/v100_background_interference_full_v5_v3raw_fixed_20260601T234715Z/tmp/during_background_0004_row0004.jsonl --insert-threads 16 --search-threads 1 --merge-threads 16 --build-l 220 --build-r 116 --beamwidth 4 --k 10 --cpu-cap 8 --metric l2 --route prefilter --search-l 100 --data-bin experiments/v100_pq_drift_1m_baseline_20260601T043217Z/data/phaseC_cycle01_live_data_by_tag.bin --base-label-file experiments/v100_pq_drift_1m_baseline_20260601T043217Z/labels/base_labels_1000000.spmat --query-bin /mnt/nvme1n1/PipeANN-github/experiments/r116_suite_pq16_aris_20260520_072453/data/sift_query_1000.bin --truthset-bin experiments/v100_pq_drift_1m_baseline_20260601T043217Z/truth/phaseC_cycle01_intersect_u1e-01.bin --query-label-file /mnt/nvme1n1/PipeANN-github/experiments/r116_suite_pq16_aris_20260520_072453/labels/query_1000_u1e-01.spmat --selector-type intersect --query-limit 1000,98.03,4,prefilter,281896,280704,100,intersect,True,u1e-01,supersector32k,True,page_aware_slots,3,4096,4096,/mnt/nvme1n1/PipeANN-supersector32k-work/indexes/phaseC_cycle01_retrain_each_cycle_19d7e0229e_super32k_v3,True,prefilter,4,True,100,intersect,/mnt/nvme1n1/PipeANN-github/experiments/v100_pq_drift_1m_baseline_20260601T043217Z/indexes/phaseC_cycle01_retrain_each_cycle,/mnt/nvme1n1/PipeANN-supersector32k-work/indexes/phaseC_cycle01_retrain_each_cycle_19d7e0229e_super32k_v3,retrain_each_cycle,ok,110617,1,0,/mnt/nvme1n1/PipeANN-github/experiments/v100_pq_drift_1m_baseline_20260601T043217Z/indexes/phaseC_cycle01_retrain_each_cycle,/mnt/nvme1n1/PipeANN-supersector32k-work/indexes/phaseC_cycle01_retrain_each_cycle_19d7e0229e_super32k_v3,retrain_each_cycle,1.844071
/mnt/nvme1n1/PipeANN-supersector32k-work/indexes/phaseC_cycle01_retrain_each_cycle_19d7e0229e_super32k_v3_disk.index,ok,32768,33,4096,3,prefilter,4241.841319,16,u25,250000.0,300,during_background,20-27,8,True,,4.242181,0,0,1,,10000,/mnt/nvme1n1/PipeANN-supersector32k-work/indexes/phaseC_cycle01_retrain_each_cycle_19d7e0229e_super32k_v3,20-27,5.908581972122192,1780357653.0671153,1780357647.1577194,0,16,supersector32k,page_aware_slots,3,1000000,281744,110617,250000.0,0.0,0.0,0.0,0.0,344.58,250000.0,0.0,344.58,4237.726,1411399.68,304.19,110617,measure-dynamic-search,4206.06,0.0,0.0,4503.778,354.0,250000.0,0.0,354.0,4500.0,1449984.0,4839.369,4096,measure-dynamic-search,4096,1000000,16,1000,281744,235.727791,1064,281744,/mnt/nvme1n1/PipeANN-github/build_reviewed_20260602_querycache/tests/dynamic_update_suite_driver --mode measure-dynamic-search --source-prefix /mnt/nvme1n1/PipeANN-supersector32k-work/indexes/phaseC_cycle01_retrain_each_cycle_19d7e0229e_super32k_v3 --jsonl-output /mnt/nvme1n1/PipeANN-github/experiments/v100_background_interference_full_v5_v3raw_fixed_20260601T234715Z/tmp/during_background_0005_row0005.jsonl --insert-threads 16 --search-threads 1 --merge-threads 16 --build-l 220 --build-r 116 --beamwidth 4 --k 10 --cpu-cap 8 --metric l2 --route prefilter --search-l 300 --data-bin experiments/v100_pq_drift_1m_baseline_20260601T043217Z/data/phaseC_cycle01_live_data_by_tag.bin --base-label-file experiments/v100_pq_drift_1m_baseline_20260601T043217Z/labels/base_labels_1000000.spmat --query-bin /mnt/nvme1n1/PipeANN-github/experiments/r116_suite_pq16_aris_20260520_072453/data/sift_query_1000.bin --truthset-bin experiments/v100_pq_drift_1m_baseline_20260601T043217Z/truth/phaseC_cycle01_intersect_u25.bin --query-label-file /mnt/nvme1n1/PipeANN-github/experiments/r116_suite_pq16_aris_20260520_072453/labels/query_1000_u25.spmat --selector-type intersect --query-limit 1000,98.88,5,prefilter,281744,280680,300,intersect,True,u25,supersector32k,True,page_aware_slots,3,4096,4096,/mnt/nvme1n1/PipeANN-supersector32k-work/indexes/phaseC_cycle01_retrain_each_cycle_19d7e0229e_super32k_v3,True,prefilter,5,True,300,intersect,/mnt/nvme1n1/PipeANN-github/experiments/v100_pq_drift_1m_baseline_20260601T043217Z/indexes/phaseC_cycle01_retrain_each_cycle,/mnt/nvme1n1/PipeANN-supersector32k-work/indexes/phaseC_cycle01_retrain_each_cycle_19d7e0229e_super32k_v3,retrain_each_cycle,ok,110617,1,0,/mnt/nvme1n1/PipeANN-github/experiments/v100_pq_drift_1m_baseline_20260601T043217Z/indexes/phaseC_cycle01_retrain_each_cycle,/mnt/nvme1n1/PipeANN-supersector32k-work/indexes/phaseC_cycle01_retrain_each_cycle_19d7e0229e_super32k_v3,retrain_each_cycle,4.242181
/mnt/nvme1n1/PipeANN-supersector32k-work/indexes/phaseC_cycle01_retrain_each_cycle_19d7e0229e_super32k_v3_disk.index,ok,32768,33,4096,3,prefilter,4748.629527,16,u30,300000.0,250,during_background,20-27,8,True,,4.748915,0,0,1,,10000,/mnt/nvme1n1/PipeANN-supersector32k-work/indexes/phaseC_cycle01_retrain_each_cycle_19d7e0229e_super32k_v3,20-27,6.455207109451294,1780357659.5312774,1780357653.0752954,0,16,supersector32k,page_aware_slots,3,1000000,281908,110617,300000.0,0.0,0.0,0.0,0.0,287.575,300000.0,0.0,287.575,4744.9,1177907.2,357.389,110617,measure-dynamic-search,4708.837,0.0,0.0,5035.848,297.0,300000.0,0.0,297.0,5032.0,1216512.0,5368.681,4096,measure-dynamic-search,4096,1000000,16,1000,281908,210.574435,1192,281908,/mnt/nvme1n1/PipeANN-github/build_reviewed_20260602_querycache/tests/dynamic_update_suite_driver --mode measure-dynamic-search --source-prefix /mnt/nvme1n1/PipeANN-supersector32k-work/indexes/phaseC_cycle01_retrain_each_cycle_19d7e0229e_super32k_v3 --jsonl-output /mnt/nvme1n1/PipeANN-github/experiments/v100_background_interference_full_v5_v3raw_fixed_20260601T234715Z/tmp/during_background_0006_row0006.jsonl --insert-threads 16 --search-threads 1 --merge-threads 16 --build-l 220 --build-r 116 --beamwidth 4 --k 10 --cpu-cap 8 --metric l2 --route prefilter --search-l 250 --data-bin experiments/v100_pq_drift_1m_baseline_20260601T043217Z/data/phaseC_cycle01_live_data_by_tag.bin --base-label-file experiments/v100_pq_drift_1m_baseline_20260601T043217Z/labels/base_labels_1000000.spmat --query-bin /mnt/nvme1n1/PipeANN-github/experiments/r116_suite_pq16_aris_20260520_072453/data/sift_query_1000.bin --truthset-bin experiments/v100_pq_drift_1m_baseline_20260601T043217Z/truth/phaseC_cycle01_intersect_u30.bin --query-label-file /mnt/nvme1n1/PipeANN-github/experiments/r116_suite_pq16_aris_20260520_072453/labels/query_1000_u30.spmat --selector-type intersect --query-limit 1000,98.24,6,prefilter,281908,280716,250,intersect,True,u30,supersector32k,True,page_aware_slots,3,4096,4096,/mnt/nvme1n1/PipeANN-supersector32k-work/indexes/phaseC_cycle01_retrain_each_cycle_19d7e0229e_super32k_v3,True,prefilter,6,True,250,intersect,/mnt/nvme1n1/PipeANN-github/experiments/v100_pq_drift_1m_baseline_20260601T043217Z/indexes/phaseC_cycle01_retrain_each_cycle,/mnt/nvme1n1/PipeANN-supersector32k-work/indexes/phaseC_cycle01_retrain_each_cycle_19d7e0229e_super32k_v3,retrain_each_cycle,ok,110617,1,0,/mnt/nvme1n1/PipeANN-github/experiments/v100_pq_drift_1m_baseline_20260601T043217Z/indexes/phaseC_cycle01_retrain_each_cycle,/mnt/nvme1n1/PipeANN-supersector32k-work/indexes/phaseC_cycle01_retrain_each_cycle_19d7e0229e_super32k_v3,retrain_each_cycle,4.748915
/mnt/nvme1n1/PipeANN-supersector32k-work/indexes/phaseC_cycle01_retrain_each_cycle_19d7e0229e_super32k_v3_disk.index,ok,32768,33,4096,3,prefilter,7421.021736,16,u50,500000.0,300,during_background,20-27,8,True,,7.421333,0,0,1,,10000,/mnt/nvme1n1/PipeANN-supersector32k-work/indexes/phaseC_cycle01_retrain_each_cycle_19d7e0229e_super32k_v3,20-27,9.09137225151062,1780357668.6314466,1780357659.5393357,0,16,supersector32k,page_aware_slots,3,1000000,281716,110617,500000.0,0.0,0.0,0.0,0.0,345.903,500000.0,0.0,345.903,7416.858,1416818.688,562.277,110617,measure-dynamic-search,7395.723,0.0,0.0,7830.112,355.0,500000.0,0.0,355.0,7826.0,1454080.0,8390.687,4096,measure-dynamic-search,4096,1000000,16,1000,281716,134.746679,992,281588,/mnt/nvme1n1/PipeANN-github/build_reviewed_20260602_querycache/tests/dynamic_update_suite_driver --mode measure-dynamic-search --source-prefix /mnt/nvme1n1/PipeANN-supersector32k-work/indexes/phaseC_cycle01_retrain_each_cycle_19d7e0229e_super32k_v3 --jsonl-output /mnt/nvme1n1/PipeANN-github/experiments/v100_background_interference_full_v5_v3raw_fixed_20260601T234715Z/tmp/during_background_0007_row0007.jsonl --insert-threads 16 --search-threads 1 --merge-threads 16 --build-l 220 --build-r 116 --beamwidth 4 --k 10 --cpu-cap 8 --metric l2 --route prefilter --search-l 300 --data-bin experiments/v100_pq_drift_1m_baseline_20260601T043217Z/data/phaseC_cycle01_live_data_by_tag.bin --base-label-file experiments/v100_pq_drift_1m_baseline_20260601T043217Z/labels/base_labels_1000000.spmat --query-bin /mnt/nvme1n1/PipeANN-github/experiments/r116_suite_pq16_aris_20260520_072453/data/sift_query_1000.bin --truthset-bin experiments/v100_pq_drift_1m_baseline_20260601T043217Z/truth/phaseC_cycle01_intersect_u50.bin --query-label-file /mnt/nvme1n1/PipeANN-github/experiments/r116_suite_pq16_aris_20260520_072453/labels/query_1000_u50.spmat --selector-type intersect --query-limit 1000,98.47,7,prefilter,281544,280596,300,intersect,True,u50,supersector32k,True,page_aware_slots,3,4096,4096,/mnt/nvme1n1/PipeANN-supersector32k-work/indexes/phaseC_cycle01_retrain_each_cycle_19d7e0229e_super32k_v3,True,prefilter,7,True,300,intersect,/mnt/nvme1n1/PipeANN-github/experiments/v100_pq_drift_1m_baseline_20260601T043217Z/indexes/phaseC_cycle01_retrain_each_cycle,/mnt/nvme1n1/PipeANN-supersector32k-work/indexes/phaseC_cycle01_retrain_each_cycle_19d7e0229e_super32k_v3,retrain_each_cycle,ok,110617,1,0,/mnt/nvme1n1/PipeANN-github/experiments/v100_pq_drift_1m_baseline_20260601T043217Z/indexes/phaseC_cycle01_retrain_each_cycle,/mnt/nvme1n1/PipeANN-supersector32k-work/indexes/phaseC_cycle01_retrain_each_cycle_19d7e0229e_super32k_v3,retrain_each_cycle,7.421333
/mnt/nvme1n1/PipeANN-supersector32k-work/indexes/phaseC_cycle01_retrain_each_cycle_19d7e0229e_super32k_v3_disk.index,ok,32768,33,4096,3,graph,5623.469897,16,u75,750000.0,400,during_background,20-27,8,True,,5.623738,0,0,1,,10000,/mnt/nvme1n1/PipeANN-supersector32k-work/indexes/phaseC_cycle01_retrain_each_cycle_19d7e0229e_super32k_v3,20-27,7.215744733810425,1780357675.8576684,1780357668.6401575,1000,16,supersector32k,page_aware_slots,3,1000000,296692,110617,750000.0,21004.09,0.0,5239.044,0.0,466.25,21004.09,0.0,466.25,5300.762,1909760.0,19.729,110617,measure-dynamic-search,5606.04,26536.0,0.0,5947.546,486.0,26536.0,0.0,486.0,5621.0,1990656.0,6397.671,4096,measure-dynamic-search,4096,1000000,16,0,296692,177.817685,14148,296692,/mnt/nvme1n1/PipeANN-github/build_reviewed_20260602_querycache/tests/dynamic_update_suite_driver --mode measure-dynamic-search --source-prefix /mnt/nvme1n1/PipeANN-supersector32k-work/indexes/phaseC_cycle01_retrain_each_cycle_19d7e0229e_super32k_v3 --jsonl-output /mnt/nvme1n1/PipeANN-github/experiments/v100_background_interference_full_v5_v3raw_fixed_20260601T234715Z/tmp/during_background_0008_row0008.jsonl --insert-threads 16 --search-threads 1 --merge-threads 16 --build-l 220 --build-r 116 --beamwidth 8 --k 10 --cpu-cap 8 --metric l2 --route graph --search-l 400 --data-bin experiments/v100_pq_drift_1m_baseline_20260601T043217Z/data/phaseC_cycle01_live_data_by_tag.bin --base-label-file experiments/v100_pq_drift_1m_baseline_20260601T043217Z/labels/base_labels_1000000.spmat --query-bin /mnt/nvme1n1/PipeANN-github/experiments/r116_suite_pq16_aris_20260520_072453/data/sift_query_1000.bin --truthset-bin experiments/v100_pq_drift_1m_baseline_20260601T043217Z/truth/phaseC_cycle01_intersect_u75.bin --query-label-file /mnt/nvme1n1/PipeANN-github/experiments/r116_suite_pq16_aris_20260520_072453/labels/query_1000_u75.spmat --selector-type intersect --query-limit 1000,98.16,8,graph,296692,282544,400,intersect,True,u75,supersector32k,True,page_aware_slots,3,4096,4096,/mnt/nvme1n1/PipeANN-supersector32k-work/indexes/phaseC_cycle01_retrain_each_cycle_19d7e0229e_super32k_v3,True,graph,8,True,400,intersect,/mnt/nvme1n1/PipeANN-github/experiments/v100_pq_drift_1m_baseline_20260601T043217Z/indexes/phaseC_cycle01_retrain_each_cycle,/mnt/nvme1n1/PipeANN-supersector32k-work/indexes/phaseC_cycle01_retrain_each_cycle_19d7e0229e_super32k_v3,retrain_each_cycle,ok,110617,1,0,/mnt/nvme1n1/PipeANN-github/experiments/v100_pq_drift_1m_baseline_20260601T043217Z/indexes/phaseC_cycle01_retrain_each_cycle,/mnt/nvme1n1/PipeANN-supersector32k-work/indexes/phaseC_cycle01_retrain_each_cycle_19d7e0229e_super32k_v3,retrain_each_cycle,5.623738
/mnt/nvme1n1/PipeANN-supersector32k-work/indexes/phaseC_cycle01_retrain_each_cycle_19d7e0229e_super32k_v3_disk.index,ok,32768,33,4096,3,graph,5850.586089,16,u100,1000000.0,400,during_background,20-27,8,True,,5.850853,0,0,1,,10000,/mnt/nvme1n1/PipeANN-supersector32k-work/indexes/phaseC_cycle01_retrain_each_cycle_19d7e0229e_super32k_v3,20-27,7.411601543426514,1780357683.2779732,1780357675.865697,1000,16,supersector32k,page_aware_slots,3,1000000,294708,110617,1000000.0,21001.698,0.0,5447.245,0.0,466.186,21001.698,0.0,466.186,5518.023,1909497.856,19.713,110617,measure-dynamic-search,5632.359,26536.0,0.0,8115.971,486.0,26536.0,0.0,486.0,7872.0,1990656.0,8765.139,4096,measure-dynamic-search,4096,1000000,16,0,294708,170.915251,14012,294708,/mnt/nvme1n1/PipeANN-github/build_reviewed_20260602_querycache/tests/dynamic_update_suite_driver --mode measure-dynamic-search --source-prefix /mnt/nvme1n1/PipeANN-supersector32k-work/indexes/phaseC_cycle01_retrain_each_cycle_19d7e0229e_super32k_v3 --jsonl-output /mnt/nvme1n1/PipeANN-github/experiments/v100_background_interference_full_v5_v3raw_fixed_20260601T234715Z/tmp/during_background_0009_row0009.jsonl --insert-threads 16 --search-threads 1 --merge-threads 16 --build-l 220 --build-r 116 --beamwidth 8 --k 10 --cpu-cap 8 --metric l2 --route graph --search-l 400 --data-bin experiments/v100_pq_drift_1m_baseline_20260601T043217Z/data/phaseC_cycle01_live_data_by_tag.bin --base-label-file experiments/v100_pq_drift_1m_baseline_20260601T043217Z/labels/base_labels_1000000.spmat --query-bin /mnt/nvme1n1/PipeANN-github/experiments/r116_suite_pq16_aris_20260520_072453/data/sift_query_1000.bin --truthset-bin experiments/v100_pq_drift_1m_baseline_20260601T043217Z/truth/phaseC_cycle01_intersect_u100.bin --query-label-file /mnt/nvme1n1/PipeANN-github/experiments/r116_suite_pq16_aris_20260520_072453/labels/query_1000_u100.spmat --selector-type intersect --query-limit 1000,98.66,9,graph,294708,280696,400,intersect,True,u100,supersector32k,True,page_aware_slots,3,4096,4096,/mnt/nvme1n1/PipeANN-supersector32k-work/indexes/phaseC_cycle01_retrain_each_cycle_19d7e0229e_super32k_v3,True,graph,9,True,400,intersect,/mnt/nvme1n1/PipeANN-github/experiments/v100_pq_drift_1m_baseline_20260601T043217Z/indexes/phaseC_cycle01_retrain_each_cycle,/mnt/nvme1n1/PipeANN-supersector32k-work/indexes/phaseC_cycle01_retrain_each_cycle_19d7e0229e_super32k_v3,retrain_each_cycle,ok,110617,1,0,/mnt/nvme1n1/PipeANN-github/experiments/v100_pq_drift_1m_baseline_20260601T043217Z/indexes/phaseC_cycle01_retrain_each_cycle,/mnt/nvme1n1/PipeANN-supersector32k-work/indexes/phaseC_cycle01_retrain_each_cycle_19d7e0229e_super32k_v3,retrain_each_cycle,5.850853
/mnt/nvme1n1/PipeANN-supersector32k-work/indexes/phaseC_cycle01_retrain_each_cycle_19d7e0229e_super32k_v3_disk.index,ok,32768,33,4096,3,prefilter,161.013132,16,u1e-03,1000.0,50,during_background,20-27,8,True,,0.161111,0,0,1,,10000,/mnt/nvme1n1/PipeANN-supersector32k-work/indexes/phaseC_cycle01_retrain_each_cycle_19d7e0229e_super32k_v3,20-27,1.8266267776489258,1780357685.1140668,1780357683.2866962,0,16,supersector32k,page_aware_slots,3,1000000,281784,110617,1000.0,0.0,0.0,0.0,0.0,110.848,1000.0,0.0,110.848,158.419,454033.408,36.397,110617,measure-dynamic-search,158.864,0.0,0.0,179.802,116.0,1000.0,0.0,116.0,177.0,475136.0,190.492,4096,measure-dynamic-search,4096,1000000,16,1000,281784,6206.918824,1048,281784,/mnt/nvme1n1/PipeANN-github/build_reviewed_20260602_querycache/tests/dynamic_update_suite_driver --mode measure-dynamic-search --source-prefix /mnt/nvme1n1/PipeANN-supersector32k-work/indexes/phaseC_cycle01_retrain_each_cycle_19d7e0229e_super32k_v3 --jsonl-output /mnt/nvme1n1/PipeANN-github/experiments/v100_background_interference_full_v5_v3raw_fixed_20260601T234715Z/tmp/during_background_0010_row0010.jsonl --insert-threads 16 --search-threads 1 --merge-threads 16 --build-l 220 --build-r 116 --beamwidth 4 --k 10 --cpu-cap 8 --metric l2 --route prefilter --search-l 50 --data-bin experiments/v100_pq_drift_1m_baseline_20260601T043217Z/data/phaseC_cycle01_live_data_by_tag.bin --base-label-file experiments/v100_pq_drift_1m_baseline_20260601T043217Z/labels/base_labels_1000000.spmat --query-bin /mnt/nvme1n1/PipeANN-github/experiments/r116_suite_pq16_aris_20260520_072453/data/sift_query_1000.bin --truthset-bin experiments/v100_pq_drift_1m_baseline_20260601T043217Z/truth/phaseC_cycle01_range_u1e-03.bin --query-label-file /mnt/nvme1n1/PipeANN-github/experiments/r116_suite_pq16_aris_20260520_072453/labels/query_1000_range_u1e-03.spmat --selector-type range --query-limit 1000,99.94,10,prefilter,281784,280736,50,range,True,u1e-03,supersector32k,True,page_aware_slots,3,4096,4096,/mnt/nvme1n1/PipeANN-supersector32k-work/indexes/phaseC_cycle01_retrain_each_cycle_19d7e0229e_super32k_v3,True,prefilter,10,True,50,range,/mnt/nvme1n1/PipeANN-github/experiments/v100_pq_drift_1m_baseline_20260601T043217Z/indexes/phaseC_cycle01_retrain_each_cycle,/mnt/nvme1n1/PipeANN-supersector32k-work/indexes/phaseC_cycle01_retrain_each_cycle_19d7e0229e_super32k_v3,retrain_each_cycle,ok,110617,1,0,/mnt/nvme1n1/PipeANN-github/experiments/v100_pq_drift_1m_baseline_20260601T043217Z/indexes/phaseC_cycle01_retrain_each_cycle,/mnt/nvme1n1/PipeANN-supersector32k-work/indexes/phaseC_cycle01_retrain_each_cycle_19d7e0229e_super32k_v3,retrain_each_cycle,0.161111
/mnt/nvme1n1/PipeANN-supersector32k-work/indexes/phaseC_cycle01_retrain_each_cycle_19d7e0229e_super32k_v3_disk.index,ok,32768,33,4096,3,prefilter,215.599081,16,u3e-03,3000.0,75,during_background,20-27,8,True,,0.215726,0,0,1,,10000,/mnt/nvme1n1/PipeANN-supersector32k-work/indexes/phaseC_cycle01_retrain_each_cycle_19d7e0229e_super32k_v3,20-27,1.7962722778320312,1780357686.9195004,1780357685.1224067,0,16,supersector32k,page_aware_slots,3,1000000,281640,110617,3000.0,0.0,0.0,0.0,0.0,111.449,3000.0,0.0,111.449,212.861,456495.104,41.66,110617,measure-dynamic-search,214.987,0.0,0.0,238.695,118.0,3000.0,0.0,118.0,236.0,483328.0,261.649,4096,measure-dynamic-search,4096,1000000,16,1000,281640,4635.499352,984,281640,/mnt/nvme1n1/PipeANN-github/build_reviewed_20260602_querycache/tests/dynamic_update_suite_driver --mode measure-dynamic-search --source-prefix /mnt/nvme1n1/PipeANN-supersector32k-work/indexes/phaseC_cycle01_retrain_each_cycle_19d7e0229e_super32k_v3 --jsonl-output /mnt/nvme1n1/PipeANN-github/experiments/v100_background_interference_full_v5_v3raw_fixed_20260601T234715Z/tmp/during_background_0011_row0011.jsonl --insert-threads 16 --search-threads 1 --merge-threads 16 --build-l 220 --build-r 116 --beamwidth 4 --k 10 --cpu-cap 8 --metric l2 --route prefilter --search-l 75 --data-bin experiments/v100_pq_drift_1m_baseline_20260601T043217Z/data/phaseC_cycle01_live_data_by_tag.bin --base-label-file experiments/v100_pq_drift_1m_baseline_20260601T043217Z/labels/base_labels_1000000.spmat --query-bin /mnt/nvme1n1/PipeANN-github/experiments/r116_suite_pq16_aris_20260520_072453/data/sift_query_1000.bin --truthset-bin experiments/v100_pq_drift_1m_baseline_20260601T043217Z/truth/phaseC_cycle01_range_u3e-03.bin --query-label-file /mnt/nvme1n1/PipeANN-github/experiments/r116_suite_pq16_aris_20260520_072453/labels/query_1000_range_u3e-03.spmat --selector-type range --query-limit 1000,99.86,11,prefilter,281640,280656,75,range,True,u3e-03,supersector32k,True,page_aware_slots,3,4096,4096,/mnt/nvme1n1/PipeANN-supersector32k-work/indexes/phaseC_cycle01_retrain_each_cycle_19d7e0229e_super32k_v3,True,prefilter,11,True,75,range,/mnt/nvme1n1/PipeANN-github/experiments/v100_pq_drift_1m_baseline_20260601T043217Z/indexes/phaseC_cycle01_retrain_each_cycle,/mnt/nvme1n1/PipeANN-supersector32k-work/indexes/phaseC_cycle01_retrain_each_cycle_19d7e0229e_super32k_v3,retrain_each_cycle,ok,110617,1,0,/mnt/nvme1n1/PipeANN-github/experiments/v100_pq_drift_1m_baseline_20260601T043217Z/indexes/phaseC_cycle01_retrain_each_cycle,/mnt/nvme1n1/PipeANN-supersector32k-work/indexes/phaseC_cycle01_retrain_each_cycle_19d7e0229e_super32k_v3,retrain_each_cycle,0.215726
/mnt/nvme1n1/PipeANN-supersector32k-work/indexes/phaseC_cycle01_retrain_each_cycle_19d7e0229e_super32k_v3_disk.index,ok,32768,33,4096,3,prefilter,412.618711,16,u1e-02,10000.0,100,during_background,20-27,8,True,,0.412757,0,0,1,,10000,/mnt/nvme1n1/PipeANN-supersector32k-work/indexes/phaseC_cycle01_retrain_each_cycle_19d7e0229e_super32k_v3,20-27,1.9424457550048828,1780357688.8700244,1780357686.926788,0,16,supersector32k,page_aware_slots,3,1000000,281600,110617,10000.0,0.0,0.0,0.0,0.0,148.376,10000.0,0.0,148.376,409.504,607748.096,57.907,110617,measure-dynamic-search,407.694,0.0,0.0,441.245,155.0,10000.0,0.0,155.0,438.0,634880.0,480.277,4096,measure-dynamic-search,4096,1000000,16,1000,281600,2422.733012,1044,281600,/mnt/nvme1n1/PipeANN-github/build_reviewed_20260602_querycache/tests/dynamic_update_suite_driver --mode measure-dynamic-search --source-prefix /mnt/nvme1n1/PipeANN-supersector32k-work/indexes/phaseC_cycle01_retrain_each_cycle_19d7e0229e_super32k_v3 --jsonl-output /mnt/nvme1n1/PipeANN-github/experiments/v100_background_interference_full_v5_v3raw_fixed_20260601T234715Z/tmp/during_background_0012_row0012.jsonl --insert-threads 16 --search-threads 1 --merge-threads 16 --build-l 220 --build-r 116 --beamwidth 4 --k 10 --cpu-cap 8 --metric l2 --route prefilter --search-l 100 --data-bin experiments/v100_pq_drift_1m_baseline_20260601T043217Z/data/phaseC_cycle01_live_data_by_tag.bin --base-label-file experiments/v100_pq_drift_1m_baseline_20260601T043217Z/labels/base_labels_1000000.spmat --query-bin /mnt/nvme1n1/PipeANN-github/experiments/r116_suite_pq16_aris_20260520_072453/data/sift_query_1000.bin --truthset-bin experiments/v100_pq_drift_1m_baseline_20260601T043217Z/truth/phaseC_cycle01_range_u1e-02.bin --query-label-file /mnt/nvme1n1/PipeANN-github/experiments/r116_suite_pq16_aris_20260520_072453/labels/query_1000_range_u1e-02.spmat --selector-type range --query-limit 1000,99.39,12,prefilter,281600,280556,100,range,True,u1e-02,supersector32k,True,page_aware_slots,3,4096,4096,/mnt/nvme1n1/PipeANN-supersector32k-work/indexes/phaseC_cycle01_retrain_each_cycle_19d7e0229e_super32k_v3,True,prefilter,12,True,100,range,/mnt/nvme1n1/PipeANN-github/experiments/v100_pq_drift_1m_baseline_20260601T043217Z/indexes/phaseC_cycle01_retrain_each_cycle,/mnt/nvme1n1/PipeANN-supersector32k-work/indexes/phaseC_cycle01_retrain_each_cycle_19d7e0229e_super32k_v3,retrain_each_cycle,ok,110617,1,0,/mnt/nvme1n1/PipeANN-github/experiments/v100_pq_drift_1m_baseline_20260601T043217Z/indexes/phaseC_cycle01_retrain_each_cycle,/mnt/nvme1n1/PipeANN-supersector32k-work/indexes/phaseC_cycle01_retrain_each_cycle_19d7e0229e_super32k_v3,retrain_each_cycle,0.412757
/mnt/nvme1n1/PipeANN-supersector32k-work/indexes/phaseC_cycle01_retrain_each_cycle_19d7e0229e_super32k_v3_disk.index,ok,32768,33,4096,3,prefilter,1194.188889,16,u5e-02,50000.0,75,during_background,20-27,8,True,,1.194351,0,0,1,,10000,/mnt/nvme1n1/PipeANN-supersector32k-work/indexes/phaseC_cycle01_retrain_each_cycle_19d7e0229e_super32k_v3,20-27,2.7013535499572754,1780357691.579465,1780357688.8772993,0,16,supersector32k,page_aware_slots,3,1000000,283884,110617,50000.0,0.0,0.0,0.0,0.0,184.927,50000.0,0.0,184.927,1190.841,757460.992,108.04,110617,measure-dynamic-search,1190.248,0.0,0.0,1265.962,192.0,50000.0,0.0,192.0,1263.0,786432.0,1322.647,4096,measure-dynamic-search,4096,1000000,16,1000,283884,837.274709,1188,283884,/mnt/nvme1n1/PipeANN-github/build_reviewed_20260602_querycache/tests/dynamic_update_suite_driver --mode measure-dynamic-search --source-prefix /mnt/nvme1n1/PipeANN-supersector32k-work/indexes/phaseC_cycle01_retrain_each_cycle_19d7e0229e_super32k_v3 --jsonl-output /mnt/nvme1n1/PipeANN-github/experiments/v100_background_interference_full_v5_v3raw_fixed_20260601T234715Z/tmp/during_background_0013_row0013.jsonl --insert-threads 16 --search-threads 1 --merge-threads 16 --build-l 220 --build-r 116 --beamwidth 4 --k 10 --cpu-cap 8 --metric l2 --route prefilter --search-l 75 --data-bin experiments/v100_pq_drift_1m_baseline_20260601T043217Z/data/phaseC_cycle01_live_data_by_tag.bin --base-label-file experiments/v100_pq_drift_1m_baseline_20260601T043217Z/labels/base_labels_1000000.spmat --query-bin /mnt/nvme1n1/PipeANN-github/experiments/r116_suite_pq16_aris_20260520_072453/data/sift_query_1000.bin --truthset-bin experiments/v100_pq_drift_1m_baseline_20260601T043217Z/truth/phaseC_cycle01_range_u5e-02.bin --query-label-file /mnt/nvme1n1/PipeANN-github/experiments/r116_suite_pq16_aris_20260520_072453/labels/query_1000_range_u5e-02.spmat --selector-type range --query-limit 1000,99.27,13,prefilter,283884,282696,75,range,True,u5e-02,supersector32k,True,page_aware_slots,3,4096,4096,/mnt/nvme1n1/PipeANN-supersector32k-work/indexes/phaseC_cycle01_retrain_each_cycle_19d7e0229e_super32k_v3,True,prefilter,13,True,75,range,/mnt/nvme1n1/PipeANN-github/experiments/v100_pq_drift_1m_baseline_20260601T043217Z/indexes/phaseC_cycle01_retrain_each_cycle,/mnt/nvme1n1/PipeANN-supersector32k-work/indexes/phaseC_cycle01_retrain_each_cycle_19d7e0229e_super32k_v3,retrain_each_cycle,ok,110617,1,0,/mnt/nvme1n1/PipeANN-github/experiments/v100_pq_drift_1m_baseline_20260601T043217Z/indexes/phaseC_cycle01_retrain_each_cycle,/mnt/nvme1n1/PipeANN-supersector32k-work/indexes/phaseC_cycle01_retrain_each_cycle_19d7e0229e_super32k_v3,retrain_each_cycle,1.194351
/mnt/nvme1n1/PipeANN-supersector32k-work/indexes/phaseC_cycle01_retrain_each_cycle_19d7e0229e_super32k_v3_disk.index,ok,32768,33,4096,3,prefilter,1875.246639,16,u1e-01,100000.0,75,during_background,20-27,8,True,,1.875421,0,0,1,,10000,/mnt/nvme1n1/PipeANN-supersector32k-work/indexes/phaseC_cycle01_retrain_each_cycle_19d7e0229e_super32k_v3,20-27,3.429506540298462,1780357695.017036,1780357691.5867934,0,16,supersector32k,page_aware_slots,3,1000000,281952,110617,100000.0,0.0,0.0,0.0,0.0,183.483,100000.0,0.0,183.483,1871.536,751546.368,167.768,110617,measure-dynamic-search,1864.707,0.0,0.0,1996.823,191.0,100000.0,0.0,191.0,1994.0,782336.0,2113.142,4096,measure-dynamic-search,4096,1000000,16,1000,281952,533.213701,1068,281952,/mnt/nvme1n1/PipeANN-github/build_reviewed_20260602_querycache/tests/dynamic_update_suite_driver --mode measure-dynamic-search --source-prefix /mnt/nvme1n1/PipeANN-supersector32k-work/indexes/phaseC_cycle01_retrain_each_cycle_19d7e0229e_super32k_v3 --jsonl-output /mnt/nvme1n1/PipeANN-github/experiments/v100_background_interference_full_v5_v3raw_fixed_20260601T234715Z/tmp/during_background_0014_row0014.jsonl --insert-threads 16 --search-threads 1 --merge-threads 16 --build-l 220 --build-r 116 --beamwidth 4 --k 10 --cpu-cap 8 --metric l2 --route prefilter --search-l 75 --data-bin experiments/v100_pq_drift_1m_baseline_20260601T043217Z/data/phaseC_cycle01_live_data_by_tag.bin --base-label-file experiments/v100_pq_drift_1m_baseline_20260601T043217Z/labels/base_labels_1000000.spmat --query-bin /mnt/nvme1n1/PipeANN-github/experiments/r116_suite_pq16_aris_20260520_072453/data/sift_query_1000.bin --truthset-bin experiments/v100_pq_drift_1m_baseline_20260601T043217Z/truth/phaseC_cycle01_range_u1e-01.bin --query-label-file /mnt/nvme1n1/PipeANN-github/experiments/r116_suite_pq16_aris_20260520_072453/labels/query_1000_range_u1e-01.spmat --selector-type range --query-limit 1000,98.03,14,prefilter,281952,280884,75,range,True,u1e-01,supersector32k,True,page_aware_slots,3,4096,4096,/mnt/nvme1n1/PipeANN-supersector32k-work/indexes/phaseC_cycle01_retrain_each_cycle_19d7e0229e_super32k_v3,True,prefilter,14,True,75,range,/mnt/nvme1n1/PipeANN-github/experiments/v100_pq_drift_1m_baseline_20260601T043217Z/indexes/phaseC_cycle01_retrain_each_cycle,/mnt/nvme1n1/PipeANN-supersector32k-work/indexes/phaseC_cycle01_retrain_each_cycle_19d7e0229e_super32k_v3,retrain_each_cycle,ok,110617,1,0,/mnt/nvme1n1/PipeANN-github/experiments/v100_pq_drift_1m_baseline_20260601T043217Z/indexes/phaseC_cycle01_retrain_each_cycle,/mnt/nvme1n1/PipeANN-supersector32k-work/indexes/phaseC_cycle01_retrain_each_cycle_19d7e0229e_super32k_v3,retrain_each_cycle,1.875421
/mnt/nvme1n1/PipeANN-supersector32k-work/indexes/phaseC_cycle01_retrain_each_cycle_19d7e0229e_super32k_v3_disk.index,ok,32768,33,4096,3,prefilter,4112.895673,16,u25,250000.0,250,during_background,20-27,8,True,,4.113262,0,0,1,,10000,/mnt/nvme1n1/PipeANN-supersector32k-work/indexes/phaseC_cycle01_retrain_each_cycle_19d7e0229e_super32k_v3,20-27,5.770074129104614,1780357700.795042,1780357695.0241592,0,16,supersector32k,page_aware_slots,3,1000000,281812,110617,250000.0,0.0,0.0,0.0,0.0,287.112,250000.0,0.0,287.112,4107.719,1176010.752,334.265,110617,measure-dynamic-search,4089.922,0.0,0.0,4286.312,296.0,250000.0,0.0,296.0,4281.0,1212416.0,4506.373,4096,measure-dynamic-search,4096,1000000,16,1000,281812,243.116052,1064,281812,/mnt/nvme1n1/PipeANN-github/build_reviewed_20260602_querycache/tests/dynamic_update_suite_driver --mode measure-dynamic-search --source-prefix /mnt/nvme1n1/PipeANN-supersector32k-work/indexes/phaseC_cycle01_retrain_each_cycle_19d7e0229e_super32k_v3 --jsonl-output /mnt/nvme1n1/PipeANN-github/experiments/v100_background_interference_full_v5_v3raw_fixed_20260601T234715Z/tmp/during_background_0015_row0015.jsonl --insert-threads 16 --search-threads 1 --merge-threads 16 --build-l 220 --build-r 116 --beamwidth 4 --k 10 --cpu-cap 8 --metric l2 --route prefilter --search-l 250 --data-bin experiments/v100_pq_drift_1m_baseline_20260601T043217Z/data/phaseC_cycle01_live_data_by_tag.bin --base-label-file experiments/v100_pq_drift_1m_baseline_20260601T043217Z/labels/base_labels_1000000.spmat --query-bin /mnt/nvme1n1/PipeANN-github/experiments/r116_suite_pq16_aris_20260520_072453/data/sift_query_1000.bin --truthset-bin experiments/v100_pq_drift_1m_baseline_20260601T043217Z/truth/phaseC_cycle01_range_u25.bin --query-label-file /mnt/nvme1n1/PipeANN-github/experiments/r116_suite_pq16_aris_20260520_072453/labels/query_1000_range_u25.spmat --selector-type range --query-limit 1000,98.51,15,prefilter,281812,280748,250,range,True,u25,supersector32k,True,page_aware_slots,3,4096,4096,/mnt/nvme1n1/PipeANN-supersector32k-work/indexes/phaseC_cycle01_retrain_each_cycle_19d7e0229e_super32k_v3,True,prefilter,15,True,250,range,/mnt/nvme1n1/PipeANN-github/experiments/v100_pq_drift_1m_baseline_20260601T043217Z/indexes/phaseC_cycle01_retrain_each_cycle,/mnt/nvme1n1/PipeANN-supersector32k-work/indexes/phaseC_cycle01_retrain_each_cycle_19d7e0229e_super32k_v3,retrain_each_cycle,ok,110617,1,0,/mnt/nvme1n1/PipeANN-github/experiments/v100_pq_drift_1m_baseline_20260601T043217Z/indexes/phaseC_cycle01_retrain_each_cycle,/mnt/nvme1n1/PipeANN-supersector32k-work/indexes/phaseC_cycle01_retrain_each_cycle_19d7e0229e_super32k_v3,retrain_each_cycle,4.113262
/mnt/nvme1n1/PipeANN-supersector32k-work/indexes/phaseC_cycle01_retrain_each_cycle_19d7e0229e_super32k_v3_disk.index,ok,32768,33,4096,3,prefilter,4811.282134,16,u30,300000.0,250,during_background,20-27,8,True,,4.811603,0,0,1,,10000,/mnt/nvme1n1/PipeANN-supersector32k-work/indexes/phaseC_cycle01_retrain_each_cycle_19d7e0229e_super32k_v3,20-27,6.392899513244629,1780357707.1957002,1780357700.801978,0,16,supersector32k,page_aware_slots,3,1000000,281692,110617,300000.0,0.0,0.0,0.0,0.0,287.575,300000.0,0.0,287.575,4806.342,1177907.2,397.529,110617,measure-dynamic-search,4789.741,0.0,0.0,5009.546,297.0,300000.0,0.0,297.0,5005.0,1216512.0,5156.827,4096,measure-dynamic-search,4096,1000000,16,1000,281692,207.830961,1064,281692,/mnt/nvme1n1/PipeANN-github/build_reviewed_20260602_querycache/tests/dynamic_update_suite_driver --mode measure-dynamic-search --source-prefix /mnt/nvme1n1/PipeANN-supersector32k-work/indexes/phaseC_cycle01_retrain_each_cycle_19d7e0229e_super32k_v3 --jsonl-output /mnt/nvme1n1/PipeANN-github/experiments/v100_background_interference_full_v5_v3raw_fixed_20260601T234715Z/tmp/during_background_0016_row0016.jsonl --insert-threads 16 --search-threads 1 --merge-threads 16 --build-l 220 --build-r 116 --beamwidth 4 --k 10 --cpu-cap 8 --metric l2 --route prefilter --search-l 250 --data-bin experiments/v100_pq_drift_1m_baseline_20260601T043217Z/data/phaseC_cycle01_live_data_by_tag.bin --base-label-file experiments/v100_pq_drift_1m_baseline_20260601T043217Z/labels/base_labels_1000000.spmat --query-bin /mnt/nvme1n1/PipeANN-github/experiments/r116_suite_pq16_aris_20260520_072453/data/sift_query_1000.bin --truthset-bin experiments/v100_pq_drift_1m_baseline_20260601T043217Z/truth/phaseC_cycle01_range_u30.bin --query-label-file /mnt/nvme1n1/PipeANN-github/experiments/r116_suite_pq16_aris_20260520_072453/labels/query_1000_range_u30.spmat --selector-type range --query-limit 1000,98.24,16,prefilter,281692,280628,250,range,True,u30,supersector32k,True,page_aware_slots,3,4096,4096,/mnt/nvme1n1/PipeANN-supersector32k-work/indexes/phaseC_cycle01_retrain_each_cycle_19d7e0229e_super32k_v3,True,prefilter,16,True,250,range,/mnt/nvme1n1/PipeANN-github/experiments/v100_pq_drift_1m_baseline_20260601T043217Z/indexes/phaseC_cycle01_retrain_each_cycle,/mnt/nvme1n1/PipeANN-supersector32k-work/indexes/phaseC_cycle01_retrain_each_cycle_19d7e0229e_super32k_v3,retrain_each_cycle,ok,110617,1,0,/mnt/nvme1n1/PipeANN-github/experiments/v100_pq_drift_1m_baseline_20260601T043217Z/indexes/phaseC_cycle01_retrain_each_cycle,/mnt/nvme1n1/PipeANN-supersector32k-work/indexes/phaseC_cycle01_retrain_each_cycle_19d7e0229e_super32k_v3,retrain_each_cycle,4.811603
/mnt/nvme1n1/PipeANN-supersector32k-work/indexes/phaseC_cycle01_retrain_each_cycle_19d7e0229e_super32k_v3_disk.index,ok,32768,33,4096,3,prefilter,7657.275918,16,u50,500000.0,300,during_background,20-27,8,True,,7.657621,0,0,1,,10000,/mnt/nvme1n1/PipeANN-supersector32k-work/indexes/phaseC_cycle01_retrain_each_cycle_19d7e0229e_super32k_v3,20-27,9.326787948608398,1780357716.530607,1780357707.2030299,0,16,supersector32k,page_aware_slots,3,1000000,281712,110617,500000.0,0.0,0.0,0.0,0.0,345.903,500000.0,0.0,345.903,7651.662,1416818.688,620.2,110617,measure-dynamic-search,7566.158,0.0,0.0,8129.596,355.0,500000.0,0.0,355.0,8125.0,1454080.0,8658.62,4096,measure-dynamic-search,4096,1000000,16,1000,281712,130.588865,1020,281712,/mnt/nvme1n1/PipeANN-github/build_reviewed_20260602_querycache/tests/dynamic_update_suite_driver --mode measure-dynamic-search --source-prefix /mnt/nvme1n1/PipeANN-supersector32k-work/indexes/phaseC_cycle01_retrain_each_cycle_19d7e0229e_super32k_v3 --jsonl-output /mnt/nvme1n1/PipeANN-github/experiments/v100_background_interference_full_v5_v3raw_fixed_20260601T234715Z/tmp/during_background_0017_row0017.jsonl --insert-threads 16 --search-threads 1 --merge-threads 16 --build-l 220 --build-r 116 --beamwidth 4 --k 10 --cpu-cap 8 --metric l2 --route prefilter --search-l 300 --data-bin experiments/v100_pq_drift_1m_baseline_20260601T043217Z/data/phaseC_cycle01_live_data_by_tag.bin --base-label-file experiments/v100_pq_drift_1m_baseline_20260601T043217Z/labels/base_labels_1000000.spmat --query-bin /mnt/nvme1n1/PipeANN-github/experiments/r116_suite_pq16_aris_20260520_072453/data/sift_query_1000.bin --truthset-bin experiments/v100_pq_drift_1m_baseline_20260601T043217Z/truth/phaseC_cycle01_range_u50.bin --query-label-file /mnt/nvme1n1/PipeANN-github/experiments/r116_suite_pq16_aris_20260520_072453/labels/query_1000_range_u50.spmat --selector-type range --query-limit 1000,98.47,17,prefilter,257352,280692,300,range,True,u50,supersector32k,True,page_aware_slots,3,4096,4096,/mnt/nvme1n1/PipeANN-supersector32k-work/indexes/phaseC_cycle01_retrain_each_cycle_19d7e0229e_super32k_v3,True,prefilter,17,True,300,range,/mnt/nvme1n1/PipeANN-github/experiments/v100_pq_drift_1m_baseline_20260601T043217Z/indexes/phaseC_cycle01_retrain_each_cycle,/mnt/nvme1n1/PipeANN-supersector32k-work/indexes/phaseC_cycle01_retrain_each_cycle_19d7e0229e_super32k_v3,retrain_each_cycle,ok,110617,1,0,/mnt/nvme1n1/PipeANN-github/experiments/v100_pq_drift_1m_baseline_20260601T043217Z/indexes/phaseC_cycle01_retrain_each_cycle,/mnt/nvme1n1/PipeANN-supersector32k-work/indexes/phaseC_cycle01_retrain_each_cycle_19d7e0229e_super32k_v3,retrain_each_cycle,7.657621
/mnt/nvme1n1/PipeANN-supersector32k-work/indexes/phaseC_cycle01_retrain_each_cycle_19d7e0229e_super32k_v3_disk.index,ok,32768,33,4096,3,mixed,5709.69338,16,u75,750000.0,400,during_background,20-27,8,True,,5.709929,0,1000,1,,10000,/mnt/nvme1n1/PipeANN-supersector32k-work/indexes/phaseC_cycle01_retrain_each_cycle_19d7e0229e_super32k_v3,20-27,7.3302764892578125,1780357723.86894,1780357716.537916,0,16,supersector32k,page_aware_slots,3,1000000,294800,110617,750000.0,21003.921,0.0,5275.045,0.0,466.226,21003.921,0.0,466.226,5383.658,1909661.696,66.647,110617,measure-dynamic-search,5649.421,26536.0,0.0,6025.658,486.0,26536.0,0.0,486.0,5666.0,1990656.0,6343.519,4096,measure-dynamic-search,4096,1000000,16,0,294800,175.133517,14140,294800,/mnt/nvme1n1/PipeANN-github/build_reviewed_20260602_querycache/tests/dynamic_update_suite_driver --mode measure-dynamic-search --source-prefix /mnt/nvme1n1/PipeANN-supersector32k-work/indexes/phaseC_cycle01_retrain_each_cycle_19d7e0229e_super32k_v3 --jsonl-output /mnt/nvme1n1/PipeANN-github/experiments/v100_background_interference_full_v5_v3raw_fixed_20260601T234715Z/tmp/during_background_0018_row0018.jsonl --insert-threads 16 --search-threads 1 --merge-threads 16 --build-l 220 --build-r 116 --beamwidth 8 --k 10 --cpu-cap 8 --metric l2 --route graph --search-l 400 --data-bin experiments/v100_pq_drift_1m_baseline_20260601T043217Z/data/phaseC_cycle01_live_data_by_tag.bin --base-label-file experiments/v100_pq_drift_1m_baseline_20260601T043217Z/labels/base_labels_1000000.spmat --query-bin /mnt/nvme1n1/PipeANN-github/experiments/r116_suite_pq16_aris_20260520_072453/data/sift_query_1000.bin --truthset-bin experiments/v100_pq_drift_1m_baseline_20260601T043217Z/truth/phaseC_cycle01_range_u75.bin --query-label-file /mnt/nvme1n1/PipeANN-github/experiments/r116_suite_pq16_aris_20260520_072453/labels/query_1000_range_u75.spmat --selector-type range --query-limit 1000,98.16,18,graph,294800,280660,400,range,True,u75,supersector32k,True,page_aware_slots,3,4096,4096,/mnt/nvme1n1/PipeANN-supersector32k-work/indexes/phaseC_cycle01_retrain_each_cycle_19d7e0229e_super32k_v3,True,graph,18,True,400,range,/mnt/nvme1n1/PipeANN-github/experiments/v100_pq_drift_1m_baseline_20260601T043217Z/indexes/phaseC_cycle01_retrain_each_cycle,/mnt/nvme1n1/PipeANN-supersector32k-work/indexes/phaseC_cycle01_retrain_each_cycle_19d7e0229e_super32k_v3,retrain_each_cycle,ok,110617,1,0,/mnt/nvme1n1/PipeANN-github/experiments/v100_pq_drift_1m_baseline_20260601T043217Z/indexes/phaseC_cycle01_retrain_each_cycle,/mnt/nvme1n1/PipeANN-supersector32k-work/indexes/phaseC_cycle01_retrain_each_cycle_19d7e0229e_super32k_v3,retrain_each_cycle,5.709929
/mnt/nvme1n1/PipeANN-supersector32k-work/indexes/phaseC_cycle01_retrain_each_cycle_19d7e0229e_super32k_v3_disk.index,ok,32768,33,4096,3,mixed,5692.772653,16,u100,1000000.0,400,during_background,20-27,8,True,,5.693039,0,1000,1,,10000,/mnt/nvme1n1/PipeANN-supersector32k-work/indexes/phaseC_cycle01_retrain_each_cycle_19d7e0229e_super32k_v3,20-27,7.350471258163452,1780357731.2276485,1780357723.8764217,0,16,supersector32k,page_aware_slots,3,1000000,294952,110617,1000000.0,21003.279,0.0,5242.01,0.0,466.231,21003.279,0.0,466.231,5365.948,1909682.176,73.434,110617,measure-dynamic-search,5669.145,26536.0,0.0,6032.68,486.0,26536.0,0.0,486.0,5682.0,1990656.0,6435.037,4096,measure-dynamic-search,4096,1000000,16,0,294952,175.653124,14080,294952,/mnt/nvme1n1/PipeANN-github/build_reviewed_20260602_querycache/tests/dynamic_update_suite_driver --mode measure-dynamic-search --source-prefix /mnt/nvme1n1/PipeANN-supersector32k-work/indexes/phaseC_cycle01_retrain_each_cycle_19d7e0229e_super32k_v3 --jsonl-output /mnt/nvme1n1/PipeANN-github/experiments/v100_background_interference_full_v5_v3raw_fixed_20260601T234715Z/tmp/during_background_0019_row0019.jsonl --insert-threads 16 --search-threads 1 --merge-threads 16 --build-l 220 --build-r 116 --beamwidth 8 --k 10 --cpu-cap 8 --metric l2 --route graph --search-l 400 --data-bin experiments/v100_pq_drift_1m_baseline_20260601T043217Z/data/phaseC_cycle01_live_data_by_tag.bin --base-label-file experiments/v100_pq_drift_1m_baseline_20260601T043217Z/labels/base_labels_1000000.spmat --query-bin /mnt/nvme1n1/PipeANN-github/experiments/r116_suite_pq16_aris_20260520_072453/data/sift_query_1000.bin --truthset-bin experiments/v100_pq_drift_1m_baseline_20260601T043217Z/truth/phaseC_cycle01_range_u100.bin --query-label-file /mnt/nvme1n1/PipeANN-github/experiments/r116_suite_pq16_aris_20260520_072453/labels/query_1000_range_u100.spmat --selector-type range --query-limit 1000,98.66,19,graph,294952,280872,400,range,True,u100,supersector32k,True,page_aware_slots,3,4096,4096,/mnt/nvme1n1/PipeANN-supersector32k-work/indexes/phaseC_cycle01_retrain_each_cycle_19d7e0229e_super32k_v3,True,graph,19,True,400,range,/mnt/nvme1n1/PipeANN-github/experiments/v100_pq_drift_1m_baseline_20260601T043217Z/indexes/phaseC_cycle01_retrain_each_cycle,/mnt/nvme1n1/PipeANN-supersector32k-work/indexes/phaseC_cycle01_retrain_each_cycle_19d7e0229e_super32k_v3,retrain_each_cycle,ok,110617,1,0,/mnt/nvme1n1/PipeANN-github/experiments/v100_pq_drift_1m_baseline_20260601T043217Z/indexes/phaseC_cycle01_retrain_each_cycle,/mnt/nvme1n1/PipeANN-supersector32k-work/indexes/phaseC_cycle01_retrain_each_cycle_19d7e0229e_super32k_v3,retrain_each_cycle,5.693039
/mnt/nvme1n1/PipeANN-supersector32k-work/indexes/phaseC_cycle01_no_retrain_after_insert_cdee2b1456_super32k_v3_disk.index,ok,32768,33,4096,3,prefilter,207.237722,16,u1e-03,1000.0,50,during_background,20-27,8,True,,0.20738,0,0,1,,10000,/mnt/nvme1n1/PipeANN-supersector32k-work/indexes/phaseC_cycle01_no_retrain_after_insert_cdee2b1456_super32k_v3,20-27,3.128105640411377,1780357734.3638253,1780357731.2349281,0,16,supersector32k,page_aware_slots,3,1000000,285740,98030,1000.0,0.0,0.0,0.0,0.0,112.516,1000.0,0.0,112.516,204.207,460865.536,52.644,98030,measure-dynamic-search,203.722,0.0,0.0,231.566,117.0,1000.0,0.0,117.0,229.0,479232.0,274.455,4096,measure-dynamic-search,4096,1000000,16,1000,285740,4822.054775,1188,285740,/mnt/nvme1n1/PipeANN-github/build_reviewed_20260602_querycache/tests/dynamic_update_suite_driver --mode measure-dynamic-search --source-prefix /mnt/nvme1n1/PipeANN-supersector32k-work/indexes/phaseC_cycle01_no_retrain_after_insert_cdee2b1456_super32k_v3 --jsonl-output /mnt/nvme1n1/PipeANN-github/experiments/v100_background_interference_full_v5_v3raw_fixed_20260601T234715Z/tmp/during_background_0020_row0020.jsonl --insert-threads 16 --search-threads 1 --merge-threads 16 --build-l 220 --build-r 116 --beamwidth 4 --k 10 --cpu-cap 8 --metric l2 --route prefilter --search-l 50 --data-bin experiments/v100_pq_drift_1m_baseline_20260601T043217Z/data/phaseC_cycle01_live_data_by_tag.bin --base-label-file experiments/v100_pq_drift_1m_baseline_20260601T043217Z/labels/base_labels_1000000.spmat --query-bin /mnt/nvme1n1/PipeANN-github/experiments/r116_suite_pq16_aris_20260520_072453/data/sift_query_1000.bin --truthset-bin experiments/v100_pq_drift_1m_baseline_20260601T043217Z/truth/phaseC_cycle01_intersect_u1e-03.bin --query-label-file /mnt/nvme1n1/PipeANN-github/experiments/r116_suite_pq16_aris_20260520_072453/labels/query_1000_u1e-03.spmat --selector-type intersect --query-limit 1000,99.96,20,prefilter,285740,284552,50,intersect,True,u1e-03,supersector32k,True,page_aware_slots,3,4096,4096,/mnt/nvme1n1/PipeANN-supersector32k-work/indexes/phaseC_cycle01_no_retrain_after_insert_cdee2b1456_super32k_v3,True,prefilter,20,True,50,intersect,/mnt/nvme1n1/PipeANN-github/experiments/v100_pq_drift_1m_baseline_20260601T043217Z/indexes/phaseC_cycle01_no_retrain_after_insert,/mnt/nvme1n1/PipeANN-supersector32k-work/indexes/phaseC_cycle01_no_retrain_after_insert_cdee2b1456_super32k_v3,no_retrain_across_cycles,ok,98030,1,0,/mnt/nvme1n1/PipeANN-github/experiments/v100_pq_drift_1m_baseline_20260601T043217Z/indexes/phaseC_cycle01_no_retrain_after_insert,/mnt/nvme1n1/PipeANN-supersector32k-work/indexes/phaseC_cycle01_no_retrain_after_insert_cdee2b1456_super32k_v3,no_retrain_across_cycles,0.20738
/mnt/nvme1n1/PipeANN-supersector32k-work/indexes/phaseC_cycle01_no_retrain_after_insert_cdee2b1456_super32k_v3_disk.index,ok,32768,33,4096,3,prefilter,306.89363,16,u3e-03,3000.0,75,during_background,20-27,8,True,,0.3071,0,0,1,,10000,/mnt/nvme1n1/PipeANN-supersector32k-work/indexes/phaseC_cycle01_no_retrain_after_insert_cdee2b1456_super32k_v3,20-27,2.81660795211792,1780357737.1885679,1780357734.3711672,0,16,supersector32k,page_aware_slots,3,1000000,285660,98030,3000.0,0.0,0.0,0.0,0.0,112.038,3000.0,0.0,112.038,303.53,458907.648,85.59,98030,measure-dynamic-search,299.688,0.0,0.0,349.728,117.0,3000.0,0.0,117.0,344.0,479232.0,385.996,4096,measure-dynamic-search,4096,1000000,16,1000,285660,3256.272844,1268,285660,/mnt/nvme1n1/PipeANN-github/build_reviewed_20260602_querycache/tests/dynamic_update_suite_driver --mode measure-dynamic-search --source-prefix /mnt/nvme1n1/PipeANN-supersector32k-work/indexes/phaseC_cycle01_no_retrain_after_insert_cdee2b1456_super32k_v3 --jsonl-output /mnt/nvme1n1/PipeANN-github/experiments/v100_background_interference_full_v5_v3raw_fixed_20260601T234715Z/tmp/during_background_0021_row0021.jsonl --insert-threads 16 --search-threads 1 --merge-threads 16 --build-l 220 --build-r 116 --beamwidth 4 --k 10 --cpu-cap 8 --metric l2 --route prefilter --search-l 75 --data-bin experiments/v100_pq_drift_1m_baseline_20260601T043217Z/data/phaseC_cycle01_live_data_by_tag.bin --base-label-file experiments/v100_pq_drift_1m_baseline_20260601T043217Z/labels/base_labels_1000000.spmat --query-bin /mnt/nvme1n1/PipeANN-github/experiments/r116_suite_pq16_aris_20260520_072453/data/sift_query_1000.bin --truthset-bin experiments/v100_pq_drift_1m_baseline_20260601T043217Z/truth/phaseC_cycle01_intersect_u3e-03.bin --query-label-file /mnt/nvme1n1/PipeANN-github/experiments/r116_suite_pq16_aris_20260520_072453/labels/query_1000_u3e-03.spmat --selector-type intersect --query-limit 1000,99.69,21,prefilter,285660,284392,75,intersect,True,u3e-03,supersector32k,True,page_aware_slots,3,4096,4096,/mnt/nvme1n1/PipeANN-supersector32k-work/indexes/phaseC_cycle01_no_retrain_after_insert_cdee2b1456_super32k_v3,True,prefilter,21,True,75,intersect,/mnt/nvme1n1/PipeANN-github/experiments/v100_pq_drift_1m_baseline_20260601T043217Z/indexes/phaseC_cycle01_no_retrain_after_insert,/mnt/nvme1n1/PipeANN-supersector32k-work/indexes/phaseC_cycle01_no_retrain_after_insert_cdee2b1456_super32k_v3,no_retrain_across_cycles,ok,98030,1,0,/mnt/nvme1n1/PipeANN-github/experiments/v100_pq_drift_1m_baseline_20260601T043217Z/indexes/phaseC_cycle01_no_retrain_after_insert,/mnt/nvme1n1/PipeANN-supersector32k-work/indexes/phaseC_cycle01_no_retrain_after_insert_cdee2b1456_super32k_v3,no_retrain_across_cycles,0.3071
/mnt/nvme1n1/PipeANN-supersector32k-work/indexes/phaseC_cycle01_no_retrain_after_insert_cdee2b1456_super32k_v3_disk.index,ok,32768,33,4096,3,prefilter,604.428861,16,u1e-02,10000.0,75,during_background,20-27,8,True,,0.604651,0,0,1,,10000,/mnt/nvme1n1/PipeANN-supersector32k-work/indexes/phaseC_cycle01_no_retrain_after_insert_cdee2b1456_super32k_v3,20-27,3.119330883026123,1780357740.3154902,1780357737.195407,0,16,supersector32k,page_aware_slots,3,1000000,287728,98030,10000.0,0.0,0.0,0.0,0.0,148.637,10000.0,0.0,148.637,600.811,608817.152,166.024,98030,measure-dynamic-search,594.383,0.0,0.0,678.65,155.0,10000.0,0.0,155.0,675.0,634880.0,716.319,4096,measure-dynamic-search,4096,1000000,16,1000,287728,1653.846276,1268,287728,/mnt/nvme1n1/PipeANN-github/build_reviewed_20260602_querycache/tests/dynamic_update_suite_driver --mode measure-dynamic-search --source-prefix /mnt/nvme1n1/PipeANN-supersector32k-work/indexes/phaseC_cycle01_no_retrain_after_insert_cdee2b1456_super32k_v3 --jsonl-output /mnt/nvme1n1/PipeANN-github/experiments/v100_background_interference_full_v5_v3raw_fixed_20260601T234715Z/tmp/during_background_0022_row0022.jsonl --insert-threads 16 --search-threads 1 --merge-threads 16 --build-l 220 --build-r 116 --beamwidth 4 --k 10 --cpu-cap 8 --metric l2 --route prefilter --search-l 75 --data-bin experiments/v100_pq_drift_1m_baseline_20260601T043217Z/data/phaseC_cycle01_live_data_by_tag.bin --base-label-file experiments/v100_pq_drift_1m_baseline_20260601T043217Z/labels/base_labels_1000000.spmat --query-bin /mnt/nvme1n1/PipeANN-github/experiments/r116_suite_pq16_aris_20260520_072453/data/sift_query_1000.bin --truthset-bin experiments/v100_pq_drift_1m_baseline_20260601T043217Z/truth/phaseC_cycle01_intersect_u1e-02.bin --query-label-file /mnt/nvme1n1/PipeANN-github/experiments/r116_suite_pq16_aris_20260520_072453/labels/query_1000_u1e-02.spmat --selector-type intersect --query-limit 1000,99.64,22,prefilter,287728,286460,75,intersect,True,u1e-02,supersector32k,True,page_aware_slots,3,4096,4096,/mnt/nvme1n1/PipeANN-supersector32k-work/indexes/phaseC_cycle01_no_retrain_after_insert_cdee2b1456_super32k_v3,True,prefilter,22,True,75,intersect,/mnt/nvme1n1/PipeANN-github/experiments/v100_pq_drift_1m_baseline_20260601T043217Z/indexes/phaseC_cycle01_no_retrain_after_insert,/mnt/nvme1n1/PipeANN-supersector32k-work/indexes/phaseC_cycle01_no_retrain_after_insert_cdee2b1456_super32k_v3,no_retrain_across_cycles,ok,98030,1,0,/mnt/nvme1n1/PipeANN-github/experiments/v100_pq_drift_1m_baseline_20260601T043217Z/indexes/phaseC_cycle01_no_retrain_after_insert,/mnt/nvme1n1/PipeANN-supersector32k-work/indexes/phaseC_cycle01_no_retrain_after_insert_cdee2b1456_super32k_v3,no_retrain_across_cycles,0.604651
/mnt/nvme1n1/PipeANN-supersector32k-work/indexes/phaseC_cycle01_no_retrain_after_insert_cdee2b1456_super32k_v3_disk.index,ok,32768,33,4096,3,prefilter,1546.358905,16,u5e-02,50000.0,100,during_background,20-27,8,True,,1.546642,0,0,1,,10000,/mnt/nvme1n1/PipeANN-supersector32k-work/indexes/phaseC_cycle01_no_retrain_after_insert_cdee2b1456_super32k_v3,20-27,4.123963356018066,1780357744.447502,1780357740.322796,0,16,supersector32k,page_aware_slots,3,1000000,285768,98030,50000.0,0.0,0.0,0.0,0.0,184.734,50000.0,0.0,184.734,1542.697,756670.464,264.507,98030,measure-dynamic-search,1524.876,0.0,0.0,1673.403,192.0,50000.0,0.0,192.0,1670.0,786432.0,1780.635,4096,measure-dynamic-search,4096,1000000,16,1000,285768,646.56183,1440,285768,/mnt/nvme1n1/PipeANN-github/build_reviewed_20260602_querycache/tests/dynamic_update_suite_driver --mode measure-dynamic-search --source-prefix /mnt/nvme1n1/PipeANN-supersector32k-work/indexes/phaseC_cycle01_no_retrain_after_insert_cdee2b1456_super32k_v3 --jsonl-output /mnt/nvme1n1/PipeANN-github/experiments/v100_background_interference_full_v5_v3raw_fixed_20260601T234715Z/tmp/during_background_0023_row0023.jsonl --insert-threads 16 --search-threads 1 --merge-threads 16 --build-l 220 --build-r 116 --beamwidth 4 --k 10 --cpu-cap 8 --metric l2 --route prefilter --search-l 100 --data-bin experiments/v100_pq_drift_1m_baseline_20260601T043217Z/data/phaseC_cycle01_live_data_by_tag.bin --base-label-file experiments/v100_pq_drift_1m_baseline_20260601T043217Z/labels/base_labels_1000000.spmat --query-bin /mnt/nvme1n1/PipeANN-github/experiments/r116_suite_pq16_aris_20260520_072453/data/sift_query_1000.bin --truthset-bin experiments/v100_pq_drift_1m_baseline_20260601T043217Z/truth/phaseC_cycle01_intersect_u5e-02.bin --query-label-file /mnt/nvme1n1/PipeANN-github/experiments/r116_suite_pq16_aris_20260520_072453/labels/query_1000_u5e-02.spmat --selector-type intersect --query-limit 1000,99.44,23,prefilter,285768,284328,100,intersect,True,u5e-02,supersector32k,True,page_aware_slots,3,4096,4096,/mnt/nvme1n1/PipeANN-supersector32k-work/indexes/phaseC_cycle01_no_retrain_after_insert_cdee2b1456_super32k_v3,True,prefilter,23,True,100,intersect,/mnt/nvme1n1/PipeANN-github/experiments/v100_pq_drift_1m_baseline_20260601T043217Z/indexes/phaseC_cycle01_no_retrain_after_insert,/mnt/nvme1n1/PipeANN-supersector32k-work/indexes/phaseC_cycle01_no_retrain_after_insert_cdee2b1456_super32k_v3,no_retrain_across_cycles,ok,98030,1,0,/mnt/nvme1n1/PipeANN-github/experiments/v100_pq_drift_1m_baseline_20260601T043217Z/indexes/phaseC_cycle01_no_retrain_after_insert,/mnt/nvme1n1/PipeANN-supersector32k-work/indexes/phaseC_cycle01_no_retrain_after_insert_cdee2b1456_super32k_v3,no_retrain_across_cycles,1.546642
/mnt/nvme1n1/PipeANN-supersector32k-work/indexes/phaseC_cycle01_no_retrain_after_insert_cdee2b1456_super32k_v3_disk.index,ok,32768,33,4096,3,prefilter,2323.259936,16,u1e-01,100000.0,150,during_background,20-27,8,True,,2.323579,0,0,1,,10000,/mnt/nvme1n1/PipeANN-supersector32k-work/indexes/phaseC_cycle01_no_retrain_after_insert_cdee2b1456_super32k_v3,20-27,4.906367063522339,1780357749.3621194,1780357744.454623,0,16,supersector32k,page_aware_slots,3,1000000,285700,98030,100000.0,0.0,0.0,0.0,0.0,184.69,100000.0,0.0,184.69,2318.759,756490.24,296.601,98030,measure-dynamic-search,2294.849,0.0,0.0,2487.022,192.0,100000.0,0.0,192.0,2483.0,786432.0,2731.986,4096,measure-dynamic-search,4096,1000000,16,1000,285700,430.370581,1384,285700,/mnt/nvme1n1/PipeANN-github/build_reviewed_20260602_querycache/tests/dynamic_update_suite_driver --mode measure-dynamic-search --source-prefix /mnt/nvme1n1/PipeANN-supersector32k-work/indexes/phaseC_cycle01_no_retrain_after_insert_cdee2b1456_super32k_v3 --jsonl-output /mnt/nvme1n1/PipeANN-github/experiments/v100_background_interference_full_v5_v3raw_fixed_20260601T234715Z/tmp/during_background_0024_row0024.jsonl --insert-threads 16 --search-threads 1 --merge-threads 16 --build-l 220 --build-r 116 --beamwidth 4 --k 10 --cpu-cap 8 --metric l2 --route prefilter --search-l 150 --data-bin experiments/v100_pq_drift_1m_baseline_20260601T043217Z/data/phaseC_cycle01_live_data_by_tag.bin --base-label-file experiments/v100_pq_drift_1m_baseline_20260601T043217Z/labels/base_labels_1000000.spmat --query-bin /mnt/nvme1n1/PipeANN-github/experiments/r116_suite_pq16_aris_20260520_072453/data/sift_query_1000.bin --truthset-bin experiments/v100_pq_drift_1m_baseline_20260601T043217Z/truth/phaseC_cycle01_intersect_u1e-01.bin --query-label-file /mnt/nvme1n1/PipeANN-github/experiments/r116_suite_pq16_aris_20260520_072453/labels/query_1000_u1e-01.spmat --selector-type intersect --query-limit 1000,98.23,24,prefilter,285700,284316,150,intersect,True,u1e-01,supersector32k,True,page_aware_slots,3,4096,4096,/mnt/nvme1n1/PipeANN-supersector32k-work/indexes/phaseC_cycle01_no_retrain_after_insert_cdee2b1456_super32k_v3,True,prefilter,24,True,150,intersect,/mnt/nvme1n1/PipeANN-github/experiments/v100_pq_drift_1m_baseline_20260601T043217Z/indexes/phaseC_cycle01_no_retrain_after_insert,/mnt/nvme1n1/PipeANN-supersector32k-work/indexes/phaseC_cycle01_no_retrain_after_insert_cdee2b1456_super32k_v3,no_retrain_across_cycles,ok,98030,1,0,/mnt/nvme1n1/PipeANN-github/experiments/v100_pq_drift_1m_baseline_20260601T043217Z/indexes/phaseC_cycle01_no_retrain_after_insert,/mnt/nvme1n1/PipeANN-supersector32k-work/indexes/phaseC_cycle01_no_retrain_after_insert_cdee2b1456_super32k_v3,no_retrain_across_cycles,2.323579
/mnt/nvme1n1/PipeANN-supersector32k-work/indexes/phaseC_cycle01_no_retrain_after_insert_cdee2b1456_super32k_v3_disk.index,ok,32768,33,4096,3,prefilter,4773.784285,16,u25,250000.0,250,during_background,20-27,8,True,,4.774243,0,0,1,,10000,/mnt/nvme1n1/PipeANN-supersector32k-work/indexes/phaseC_cycle01_no_retrain_after_insert_cdee2b1456_super32k_v3,20-27,7.111284971237183,1780357756.4815736,1780357749.3694725,0,16,supersector32k,page_aware_slots,3,1000000,285664,98030,250000.0,0.0,0.0,0.0,0.0,288.426,250000.0,0.0,288.426,4766.455,1181392.896,420.671,98030,measure-dynamic-search,4753.632,0.0,0.0,4904.164,298.0,250000.0,0.0,298.0,4897.0,1220608.0,5142.937,4096,measure-dynamic-search,4096,1000000,16,1000,285664,209.45728,1256,285664,/mnt/nvme1n1/PipeANN-github/build_reviewed_20260602_querycache/tests/dynamic_update_suite_driver --mode measure-dynamic-search --source-prefix /mnt/nvme1n1/PipeANN-supersector32k-work/indexes/phaseC_cycle01_no_retrain_after_insert_cdee2b1456_super32k_v3 --jsonl-output /mnt/nvme1n1/PipeANN-github/experiments/v100_background_interference_full_v5_v3raw_fixed_20260601T234715Z/tmp/during_background_0025_row0025.jsonl --insert-threads 16 --search-threads 1 --merge-threads 16 --build-l 220 --build-r 116 --beamwidth 4 --k 10 --cpu-cap 8 --metric l2 --route prefilter --search-l 250 --data-bin experiments/v100_pq_drift_1m_baseline_20260601T043217Z/data/phaseC_cycle01_live_data_by_tag.bin --base-label-file experiments/v100_pq_drift_1m_baseline_20260601T043217Z/labels/base_labels_1000000.spmat --query-bin /mnt/nvme1n1/PipeANN-github/experiments/r116_suite_pq16_aris_20260520_072453/data/sift_query_1000.bin --truthset-bin experiments/v100_pq_drift_1m_baseline_20260601T043217Z/truth/phaseC_cycle01_intersect_u25.bin --query-label-file /mnt/nvme1n1/PipeANN-github/experiments/r116_suite_pq16_aris_20260520_072453/labels/query_1000_u25.spmat --selector-type intersect --query-limit 1000,98.65,25,prefilter,285664,284408,250,intersect,True,u25,supersector32k,True,page_aware_slots,3,4096,4096,/mnt/nvme1n1/PipeANN-supersector32k-work/indexes/phaseC_cycle01_no_retrain_after_insert_cdee2b1456_super32k_v3,True,prefilter,25,True,250,intersect,/mnt/nvme1n1/PipeANN-github/experiments/v100_pq_drift_1m_baseline_20260601T043217Z/indexes/phaseC_cycle01_no_retrain_after_insert,/mnt/nvme1n1/PipeANN-supersector32k-work/indexes/phaseC_cycle01_no_retrain_after_insert_cdee2b1456_super32k_v3,no_retrain_across_cycles,ok,98030,1,0,/mnt/nvme1n1/PipeANN-github/experiments/v100_pq_drift_1m_baseline_20260601T043217Z/indexes/phaseC_cycle01_no_retrain_after_insert,/mnt/nvme1n1/PipeANN-supersector32k-work/indexes/phaseC_cycle01_no_retrain_after_insert_cdee2b1456_super32k_v3,no_retrain_across_cycles,4.774243
/mnt/nvme1n1/PipeANN-supersector32k-work/indexes/phaseC_cycle01_no_retrain_after_insert_cdee2b1456_super32k_v3_disk.index,ok,32768,33,4096,3,prefilter,5276.525639,16,u30,300000.0,250,during_background,20-27,8,True,,5.277059,0,0,1,,10000,/mnt/nvme1n1/PipeANN-supersector32k-work/indexes/phaseC_cycle01_no_retrain_after_insert_cdee2b1456_super32k_v3,20-27,7.560469627380371,1780357764.0503109,1780357756.4890265,0,16,supersector32k,page_aware_slots,3,1000000,287864,98030,300000.0,0.0,0.0,0.0,0.0,288.355,300000.0,0.0,288.355,5269.342,1181102.08,446.52,98030,measure-dynamic-search,5264.729,0.0,0.0,5426.733,297.0,300000.0,0.0,297.0,5419.0,1216512.0,5639.784,4096,measure-dynamic-search,4096,1000000,16,1000,287864,189.499492,1320,287864,/mnt/nvme1n1/PipeANN-github/build_reviewed_20260602_querycache/tests/dynamic_update_suite_driver --mode measure-dynamic-search --source-prefix /mnt/nvme1n1/PipeANN-supersector32k-work/indexes/phaseC_cycle01_no_retrain_after_insert_cdee2b1456_super32k_v3 --jsonl-output /mnt/nvme1n1/PipeANN-github/experiments/v100_background_interference_full_v5_v3raw_fixed_20260601T234715Z/tmp/during_background_0026_row0026.jsonl --insert-threads 16 --search-threads 1 --merge-threads 16 --build-l 220 --build-r 116 --beamwidth 4 --k 10 --cpu-cap 8 --metric l2 --route prefilter --search-l 250 --data-bin experiments/v100_pq_drift_1m_baseline_20260601T043217Z/data/phaseC_cycle01_live_data_by_tag.bin --base-label-file experiments/v100_pq_drift_1m_baseline_20260601T043217Z/labels/base_labels_1000000.spmat --query-bin /mnt/nvme1n1/PipeANN-github/experiments/r116_suite_pq16_aris_20260520_072453/data/sift_query_1000.bin --truthset-bin experiments/v100_pq_drift_1m_baseline_20260601T043217Z/truth/phaseC_cycle01_intersect_u30.bin --query-label-file /mnt/nvme1n1/PipeANN-github/experiments/r116_suite_pq16_aris_20260520_072453/labels/query_1000_u30.spmat --selector-type intersect --query-limit 1000,98.32,26,prefilter,287864,286544,250,intersect,True,u30,supersector32k,True,page_aware_slots,3,4096,4096,/mnt/nvme1n1/PipeANN-supersector32k-work/indexes/phaseC_cycle01_no_retrain_after_insert_cdee2b1456_super32k_v3,True,prefilter,26,True,250,intersect,/mnt/nvme1n1/PipeANN-github/experiments/v100_pq_drift_1m_baseline_20260601T043217Z/indexes/phaseC_cycle01_no_retrain_after_insert,/mnt/nvme1n1/PipeANN-supersector32k-work/indexes/phaseC_cycle01_no_retrain_after_insert_cdee2b1456_super32k_v3,no_retrain_across_cycles,ok,98030,1,0,/mnt/nvme1n1/PipeANN-github/experiments/v100_pq_drift_1m_baseline_20260601T043217Z/indexes/phaseC_cycle01_no_retrain_after_insert,/mnt/nvme1n1/PipeANN-supersector32k-work/indexes/phaseC_cycle01_no_retrain_after_insert_cdee2b1456_super32k_v3,no_retrain_across_cycles,5.277059
/mnt/nvme1n1/PipeANN-supersector32k-work/indexes/phaseC_cycle01_no_retrain_after_insert_cdee2b1456_super32k_v3_disk.index,ok,32768,33,4096,3,prefilter,7801.357948,16,u50,500000.0,300,during_background,20-27,8,True,,7.80195,0,0,1,,10000,/mnt/nvme1n1/PipeANN-supersector32k-work/indexes/phaseC_cycle01_no_retrain_after_insert_cdee2b1456_super32k_v3,20-27,10.130221366882324,1780357774.1886995,1780357764.0576482,0,16,supersector32k,page_aware_slots,3,1000000,285636,98030,500000.0,0.0,0.0,0.0,0.0,346.13,500000.0,0.0,346.13,7793.41,1417748.48,619.083,98030,measure-dynamic-search,7771.968,0.0,0.0,8013.634,357.0,500000.0,0.0,357.0,8006.0,1462272.0,8435.158,4096,measure-dynamic-search,4096,1000000,16,1000,285636,128.173084,1340,285636,/mnt/nvme1n1/PipeANN-github/build_reviewed_20260602_querycache/tests/dynamic_update_suite_driver --mode measure-dynamic-search --source-prefix /mnt/nvme1n1/PipeANN-supersector32k-work/indexes/phaseC_cycle01_no_retrain_after_insert_cdee2b1456_super32k_v3 --jsonl-output /mnt/nvme1n1/PipeANN-github/experiments/v100_background_interference_full_v5_v3raw_fixed_20260601T234715Z/tmp/during_background_0027_row0027.jsonl --insert-threads 16 --search-threads 1 --merge-threads 16 --build-l 220 --build-r 116 --beamwidth 4 --k 10 --cpu-cap 8 --metric l2 --route prefilter --search-l 300 --data-bin experiments/v100_pq_drift_1m_baseline_20260601T043217Z/data/phaseC_cycle01_live_data_by_tag.bin --base-label-file experiments/v100_pq_drift_1m_baseline_20260601T043217Z/labels/base_labels_1000000.spmat --query-bin /mnt/nvme1n1/PipeANN-github/experiments/r116_suite_pq16_aris_20260520_072453/data/sift_query_1000.bin --truthset-bin experiments/v100_pq_drift_1m_baseline_20260601T043217Z/truth/phaseC_cycle01_intersect_u50.bin --query-label-file /mnt/nvme1n1/PipeANN-github/experiments/r116_suite_pq16_aris_20260520_072453/labels/query_1000_u50.spmat --selector-type intersect --query-limit 1000,98.48,27,prefilter,285636,284296,300,intersect,True,u50,supersector32k,True,page_aware_slots,3,4096,4096,/mnt/nvme1n1/PipeANN-supersector32k-work/indexes/phaseC_cycle01_no_retrain_after_insert_cdee2b1456_super32k_v3,True,prefilter,27,True,300,intersect,/mnt/nvme1n1/PipeANN-github/experiments/v100_pq_drift_1m_baseline_20260601T043217Z/indexes/phaseC_cycle01_no_retrain_after_insert,/mnt/nvme1n1/PipeANN-supersector32k-work/indexes/phaseC_cycle01_no_retrain_after_insert_cdee2b1456_super32k_v3,no_retrain_across_cycles,ok,98030,1,0,/mnt/nvme1n1/PipeANN-github/experiments/v100_pq_drift_1m_baseline_20260601T043217Z/indexes/phaseC_cycle01_no_retrain_after_insert,/mnt/nvme1n1/PipeANN-supersector32k-work/indexes/phaseC_cycle01_no_retrain_after_insert_cdee2b1456_super32k_v3,no_retrain_across_cycles,7.80195
/mnt/nvme1n1/PipeANN-supersector32k-work/indexes/phaseC_cycle01_no_retrain_after_insert_cdee2b1456_super32k_v3_disk.index,ok,32768,33,4096,3,graph,6353.072466,16,u75,750000.0,450,during_background,20-27,8,True,,6.35345,0,0,1,,10000,/mnt/nvme1n1/PipeANN-supersector32k-work/indexes/phaseC_cycle01_no_retrain_after_insert_cdee2b1456_super32k_v3,20-27,9.043633699417114,1780357783.2406034,1780357774.1961508,1000,16,supersector32k,page_aware_slots,3,1000000,298188,98030,750000.0,19829.842,0.0,5929.558,0.0,527.594,19829.842,0.0,527.594,6026.16,2161025.024,27.195,98030,measure-dynamic-search,6302.254,25286.0,0.0,6787.489,548.0,25286.0,0.0,548.0,6424.0,2244608.0,7285.442,4096,measure-dynamic-search,4096,1000000,16,0,298188,157.394802,13704,298188,/mnt/nvme1n1/PipeANN-github/build_reviewed_20260602_querycache/tests/dynamic_update_suite_driver --mode measure-dynamic-search --source-prefix /mnt/nvme1n1/PipeANN-supersector32k-work/indexes/phaseC_cycle01_no_retrain_after_insert_cdee2b1456_super32k_v3 --jsonl-output /mnt/nvme1n1/PipeANN-github/experiments/v100_background_interference_full_v5_v3raw_fixed_20260601T234715Z/tmp/during_background_0028_row0028.jsonl --insert-threads 16 --search-threads 1 --merge-threads 16 --build-l 220 --build-r 116 --beamwidth 8 --k 10 --cpu-cap 8 --metric l2 --route graph --search-l 450 --data-bin experiments/v100_pq_drift_1m_baseline_20260601T043217Z/data/phaseC_cycle01_live_data_by_tag.bin --base-label-file experiments/v100_pq_drift_1m_baseline_20260601T043217Z/labels/base_labels_1000000.spmat --query-bin /mnt/nvme1n1/PipeANN-github/experiments/r116_suite_pq16_aris_20260520_072453/data/sift_query_1000.bin --truthset-bin experiments/v100_pq_drift_1m_baseline_20260601T043217Z/truth/phaseC_cycle01_intersect_u75.bin --query-label-file /mnt/nvme1n1/PipeANN-github/experiments/r116_suite_pq16_aris_20260520_072453/labels/query_1000_u75.spmat --selector-type intersect --query-limit 1000,98.36,28,graph,298188,284484,450,intersect,True,u75,supersector32k,True,page_aware_slots,3,4096,4096,/mnt/nvme1n1/PipeANN-supersector32k-work/indexes/phaseC_cycle01_no_retrain_after_insert_cdee2b1456_super32k_v3,True,graph,28,True,450,intersect,/mnt/nvme1n1/PipeANN-github/experiments/v100_pq_drift_1m_baseline_20260601T043217Z/indexes/phaseC_cycle01_no_retrain_after_insert,/mnt/nvme1n1/PipeANN-supersector32k-work/indexes/phaseC_cycle01_no_retrain_after_insert_cdee2b1456_super32k_v3,no_retrain_across_cycles,ok,98030,1,0,/mnt/nvme1n1/PipeANN-github/experiments/v100_pq_drift_1m_baseline_20260601T043217Z/indexes/phaseC_cycle01_no_retrain_after_insert,/mnt/nvme1n1/PipeANN-supersector32k-work/indexes/phaseC_cycle01_no_retrain_after_insert_cdee2b1456_super32k_v3,no_retrain_across_cycles,6.35345
/mnt/nvme1n1/PipeANN-supersector32k-work/indexes/phaseC_cycle01_no_retrain_after_insert_cdee2b1456_super32k_v3_disk.index,ok,32768,33,4096,3,graph,5661.790564,16,u100,1000000.0,400,during_background,20-27,8,True,,5.662239,0,0,1,,10000,/mnt/nvme1n1/PipeANN-supersector32k-work/indexes/phaseC_cycle01_no_retrain_after_insert_cdee2b1456_super32k_v3,20-27,7.987998962402344,1780357791.2368283,1780357783.2480013,1000,16,supersector32k,page_aware_slots,3,1000000,299148,98030,1000000.0,18236.579,0.0,5257.897,0.0,471.503,18236.579,0.0,471.503,5358.874,1931276.288,30.377,98030,measure-dynamic-search,5629.823,23197.0,0.0,6005.285,492.0,23197.0,0.0,492.0,5692.0,2015232.0,6348.504,4096,measure-dynamic-search,4096,1000000,16,0,299148,176.608591,12672,299148,/mnt/nvme1n1/PipeANN-github/build_reviewed_20260602_querycache/tests/dynamic_update_suite_driver --mode measure-dynamic-search --source-prefix /mnt/nvme1n1/PipeANN-supersector32k-work/indexes/phaseC_cycle01_no_retrain_after_insert_cdee2b1456_super32k_v3 --jsonl-output /mnt/nvme1n1/PipeANN-github/experiments/v100_background_interference_full_v5_v3raw_fixed_20260601T234715Z/tmp/during_background_0029_row0029.jsonl --insert-threads 16 --search-threads 1 --merge-threads 16 --build-l 220 --build-r 116 --beamwidth 8 --k 10 --cpu-cap 8 --metric l2 --route graph --search-l 400 --data-bin experiments/v100_pq_drift_1m_baseline_20260601T043217Z/data/phaseC_cycle01_live_data_by_tag.bin --base-label-file experiments/v100_pq_drift_1m_baseline_20260601T043217Z/labels/base_labels_1000000.spmat --query-bin /mnt/nvme1n1/PipeANN-github/experiments/r116_suite_pq16_aris_20260520_072453/data/sift_query_1000.bin --truthset-bin experiments/v100_pq_drift_1m_baseline_20260601T043217Z/truth/phaseC_cycle01_intersect_u100.bin --query-label-file /mnt/nvme1n1/PipeANN-github/experiments/r116_suite_pq16_aris_20260520_072453/labels/query_1000_u100.spmat --selector-type intersect --query-limit 1000,98.41,29,graph,299148,286476,400,intersect,True,u100,supersector32k,True,page_aware_slots,3,4096,4096,/mnt/nvme1n1/PipeANN-supersector32k-work/indexes/phaseC_cycle01_no_retrain_after_insert_cdee2b1456_super32k_v3,True,graph,29,True,400,intersect,/mnt/nvme1n1/PipeANN-github/experiments/v100_pq_drift_1m_baseline_20260601T043217Z/indexes/phaseC_cycle01_no_retrain_after_insert,/mnt/nvme1n1/PipeANN-supersector32k-work/indexes/phaseC_cycle01_no_retrain_after_insert_cdee2b1456_super32k_v3,no_retrain_across_cycles,ok,98030,1,0,/mnt/nvme1n1/PipeANN-github/experiments/v100_pq_drift_1m_baseline_20260601T043217Z/indexes/phaseC_cycle01_no_retrain_after_insert,/mnt/nvme1n1/PipeANN-supersector32k-work/indexes/phaseC_cycle01_no_retrain_after_insert_cdee2b1456_super32k_v3,no_retrain_across_cycles,5.662239
/mnt/nvme1n1/PipeANN-supersector32k-work/indexes/phaseC_cycle01_no_retrain_after_insert_cdee2b1456_super32k_v3_disk.index,ok,32768,33,4096,3,prefilter,203.30112,16,u1e-03,1000.0,75,during_background,20-27,8,True,,0.203475,0,0,1,,10000,/mnt/nvme1n1/PipeANN-supersector32k-work/indexes/phaseC_cycle01_no_retrain_after_insert_cdee2b1456_super32k_v3,20-27,2.4377310276031494,1780357793.6827886,1780357791.2442338,0,16,supersector32k,page_aware_slots,3,1000000,285716,98030,1000.0,0.0,0.0,0.0,0.0,112.516,1000.0,0.0,112.516,200.498,460865.536,50.444,98030,measure-dynamic-search,202.102,0.0,0.0,225.154,117.0,1000.0,0.0,117.0,223.0,479232.0,245.325,4096,measure-dynamic-search,4096,1000000,16,1000,285716,4914.612056,1248,285716,/mnt/nvme1n1/PipeANN-github/build_reviewed_20260602_querycache/tests/dynamic_update_suite_driver --mode measure-dynamic-search --source-prefix /mnt/nvme1n1/PipeANN-supersector32k-work/indexes/phaseC_cycle01_no_retrain_after_insert_cdee2b1456_super32k_v3 --jsonl-output /mnt/nvme1n1/PipeANN-github/experiments/v100_background_interference_full_v5_v3raw_fixed_20260601T234715Z/tmp/during_background_0030_row0030.jsonl --insert-threads 16 --search-threads 1 --merge-threads 16 --build-l 220 --build-r 116 --beamwidth 4 --k 10 --cpu-cap 8 --metric l2 --route prefilter --search-l 75 --data-bin experiments/v100_pq_drift_1m_baseline_20260601T043217Z/data/phaseC_cycle01_live_data_by_tag.bin --base-label-file experiments/v100_pq_drift_1m_baseline_20260601T043217Z/labels/base_labels_1000000.spmat --query-bin /mnt/nvme1n1/PipeANN-github/experiments/r116_suite_pq16_aris_20260520_072453/data/sift_query_1000.bin --truthset-bin experiments/v100_pq_drift_1m_baseline_20260601T043217Z/truth/phaseC_cycle01_range_u1e-03.bin --query-label-file /mnt/nvme1n1/PipeANN-github/experiments/r116_suite_pq16_aris_20260520_072453/labels/query_1000_range_u1e-03.spmat --selector-type range --query-limit 1000,99.96,30,prefilter,285716,284468,75,range,True,u1e-03,supersector32k,True,page_aware_slots,3,4096,4096,/mnt/nvme1n1/PipeANN-supersector32k-work/indexes/phaseC_cycle01_no_retrain_after_insert_cdee2b1456_super32k_v3,True,prefilter,30,True,75,range,/mnt/nvme1n1/PipeANN-github/experiments/v100_pq_drift_1m_baseline_20260601T043217Z/indexes/phaseC_cycle01_no_retrain_after_insert,/mnt/nvme1n1/PipeANN-supersector32k-work/indexes/phaseC_cycle01_no_retrain_after_insert_cdee2b1456_super32k_v3,no_retrain_across_cycles,ok,98030,1,0,/mnt/nvme1n1/PipeANN-github/experiments/v100_pq_drift_1m_baseline_20260601T043217Z/indexes/phaseC_cycle01_no_retrain_after_insert,/mnt/nvme1n1/PipeANN-supersector32k-work/indexes/phaseC_cycle01_no_retrain_after_insert_cdee2b1456_super32k_v3,no_retrain_across_cycles,0.203475
/mnt/nvme1n1/PipeANN-supersector32k-work/indexes/phaseC_cycle01_no_retrain_after_insert_cdee2b1456_super32k_v3_disk.index,ok,32768,33,4096,3,prefilter,322.900679,16,u3e-03,3000.0,100,during_background,20-27,8,True,,0.32309,0,0,1,,10000,/mnt/nvme1n1/PipeANN-supersector32k-work/indexes/phaseC_cycle01_no_retrain_after_insert_cdee2b1456_super32k_v3,20-27,2.6445367336273193,1780357796.3350809,1780357793.6897626,0,16,supersector32k,page_aware_slots,3,1000000,285660,98030,3000.0,0.0,0.0,0.0,0.0,116.645,3000.0,0.0,116.645,319.512,477777.92,88.51,98030,measure-dynamic-search,320.095,0.0,0.0,348.427,122.0,3000.0,0.0,122.0,345.0,499712.0,374.07,4096,measure-dynamic-search,4096,1000000,16,1000,285660,3095.11321,1248,285660,/mnt/nvme1n1/PipeANN-github/build_reviewed_20260602_querycache/tests/dynamic_update_suite_driver --mode measure-dynamic-search --source-prefix /mnt/nvme1n1/PipeANN-supersector32k-work/indexes/phaseC_cycle01_no_retrain_after_insert_cdee2b1456_super32k_v3 --jsonl-output /mnt/nvme1n1/PipeANN-github/experiments/v100_background_interference_full_v5_v3raw_fixed_20260601T234715Z/tmp/during_background_0031_row0031.jsonl --insert-threads 16 --search-threads 1 --merge-threads 16 --build-l 220 --build-r 116 --beamwidth 4 --k 10 --cpu-cap 8 --metric l2 --route prefilter --search-l 100 --data-bin experiments/v100_pq_drift_1m_baseline_20260601T043217Z/data/phaseC_cycle01_live_data_by_tag.bin --base-label-file experiments/v100_pq_drift_1m_baseline_20260601T043217Z/labels/base_labels_1000000.spmat --query-bin /mnt/nvme1n1/PipeANN-github/experiments/r116_suite_pq16_aris_20260520_072453/data/sift_query_1000.bin --truthset-bin experiments/v100_pq_drift_1m_baseline_20260601T043217Z/truth/phaseC_cycle01_range_u3e-03.bin --query-label-file /mnt/nvme1n1/PipeANN-github/experiments/r116_suite_pq16_aris_20260520_072453/labels/query_1000_range_u3e-03.spmat --selector-type range --query-limit 1000,99.72,31,prefilter,285660,284412,100,range,True,u3e-03,supersector32k,True,page_aware_slots,3,4096,4096,/mnt/nvme1n1/PipeANN-supersector32k-work/indexes/phaseC_cycle01_no_retrain_after_insert_cdee2b1456_super32k_v3,True,prefilter,31,True,100,range,/mnt/nvme1n1/PipeANN-github/experiments/v100_pq_drift_1m_baseline_20260601T043217Z/indexes/phaseC_cycle01_no_retrain_after_insert,/mnt/nvme1n1/PipeANN-supersector32k-work/indexes/phaseC_cycle01_no_retrain_after_insert_cdee2b1456_super32k_v3,no_retrain_across_cycles,ok,98030,1,0,/mnt/nvme1n1/PipeANN-github/experiments/v100_pq_drift_1m_baseline_20260601T043217Z/indexes/phaseC_cycle01_no_retrain_after_insert,/mnt/nvme1n1/PipeANN-supersector32k-work/indexes/phaseC_cycle01_no_retrain_after_insert_cdee2b1456_super32k_v3,no_retrain_across_cycles,0.32309
/mnt/nvme1n1/PipeANN-supersector32k-work/indexes/phaseC_cycle01_no_retrain_after_insert_cdee2b1456_super32k_v3_disk.index,ok,32768,33,4096,3,prefilter,603.492651,16,u1e-02,10000.0,50,during_background,20-27,8,True,,0.603681,0,0,1,,10000,/mnt/nvme1n1/PipeANN-supersector32k-work/indexes/phaseC_cycle01_no_retrain_after_insert_cdee2b1456_super32k_v3,20-27,2.868881940841675,1780357799.2121048,1780357796.342412,0,16,supersector32k,page_aware_slots,3,1000000,285728,98030,10000.0,0.0,0.0,0.0,0.0,148.637,10000.0,0.0,148.637,600.066,608817.152,171.24,98030,measure-dynamic-search,600.28,0.0,0.0,640.256,155.0,10000.0,0.0,155.0,637.0,634880.0,666.977,4096,measure-dynamic-search,4096,1000000,16,1000,285728,1656.502807,1368,285728,/mnt/nvme1n1/PipeANN-github/build_reviewed_20260602_querycache/tests/dynamic_update_suite_driver --mode measure-dynamic-search --source-prefix /mnt/nvme1n1/PipeANN-supersector32k-work/indexes/phaseC_cycle01_no_retrain_after_insert_cdee2b1456_super32k_v3 --jsonl-output /mnt/nvme1n1/PipeANN-github/experiments/v100_background_interference_full_v5_v3raw_fixed_20260601T234715Z/tmp/during_background_0032_row0032.jsonl --insert-threads 16 --search-threads 1 --merge-threads 16 --build-l 220 --build-r 116 --beamwidth 4 --k 10 --cpu-cap 8 --metric l2 --route prefilter --search-l 50 --data-bin experiments/v100_pq_drift_1m_baseline_20260601T043217Z/data/phaseC_cycle01_live_data_by_tag.bin --base-label-file experiments/v100_pq_drift_1m_baseline_20260601T043217Z/labels/base_labels_1000000.spmat --query-bin /mnt/nvme1n1/PipeANN-github/experiments/r116_suite_pq16_aris_20260520_072453/data/sift_query_1000.bin --truthset-bin experiments/v100_pq_drift_1m_baseline_20260601T043217Z/truth/phaseC_cycle01_range_u1e-02.bin --query-label-file /mnt/nvme1n1/PipeANN-github/experiments/r116_suite_pq16_aris_20260520_072453/labels/query_1000_range_u1e-02.spmat --selector-type range --query-limit 1000,99.64,32,prefilter,285728,284360,50,range,True,u1e-02,supersector32k,True,page_aware_slots,3,4096,4096,/mnt/nvme1n1/PipeANN-supersector32k-work/indexes/phaseC_cycle01_no_retrain_after_insert_cdee2b1456_super32k_v3,True,prefilter,32,True,50,range,/mnt/nvme1n1/PipeANN-github/experiments/v100_pq_drift_1m_baseline_20260601T043217Z/indexes/phaseC_cycle01_no_retrain_after_insert,/mnt/nvme1n1/PipeANN-supersector32k-work/indexes/phaseC_cycle01_no_retrain_after_insert_cdee2b1456_super32k_v3,no_retrain_across_cycles,ok,98030,1,0,/mnt/nvme1n1/PipeANN-github/experiments/v100_pq_drift_1m_baseline_20260601T043217Z/indexes/phaseC_cycle01_no_retrain_after_insert,/mnt/nvme1n1/PipeANN-supersector32k-work/indexes/phaseC_cycle01_no_retrain_after_insert_cdee2b1456_super32k_v3,no_retrain_across_cycles,0.603681
/mnt/nvme1n1/PipeANN-supersector32k-work/indexes/phaseC_cycle01_no_retrain_after_insert_cdee2b1456_super32k_v3_disk.index,ok,32768,33,4096,3,prefilter,1506.167695,16,u5e-02,50000.0,50,during_background,20-27,8,True,,1.506395,0,0,1,,10000,/mnt/nvme1n1/PipeANN-supersector32k-work/indexes/phaseC_cycle01_no_retrain_after_insert_cdee2b1456_super32k_v3,20-27,3.8161818981170654,1780357803.0365238,1780357799.219538,0,16,supersector32k,page_aware_slots,3,1000000,285632,98030,50000.0,0.0,0.0,0.0,0.0,184.734,50000.0,0.0,184.734,1502.532,756670.464,273.695,98030,measure-dynamic-search,1498.189,0.0,0.0,1550.748,192.0,50000.0,0.0,192.0,1547.0,786432.0,1588.987,4096,measure-dynamic-search,4096,1000000,16,1000,285632,663.836413,1256,285632,/mnt/nvme1n1/PipeANN-github/build_reviewed_20260602_querycache/tests/dynamic_update_suite_driver --mode measure-dynamic-search --source-prefix /mnt/nvme1n1/PipeANN-supersector32k-work/indexes/phaseC_cycle01_no_retrain_after_insert_cdee2b1456_super32k_v3 --jsonl-output /mnt/nvme1n1/PipeANN-github/experiments/v100_background_interference_full_v5_v3raw_fixed_20260601T234715Z/tmp/during_background_0033_row0033.jsonl --insert-threads 16 --search-threads 1 --merge-threads 16 --build-l 220 --build-r 116 --beamwidth 4 --k 10 --cpu-cap 8 --metric l2 --route prefilter --search-l 50 --data-bin experiments/v100_pq_drift_1m_baseline_20260601T043217Z/data/phaseC_cycle01_live_data_by_tag.bin --base-label-file experiments/v100_pq_drift_1m_baseline_20260601T043217Z/labels/base_labels_1000000.spmat --query-bin /mnt/nvme1n1/PipeANN-github/experiments/r116_suite_pq16_aris_20260520_072453/data/sift_query_1000.bin --truthset-bin experiments/v100_pq_drift_1m_baseline_20260601T043217Z/truth/phaseC_cycle01_range_u5e-02.bin --query-label-file /mnt/nvme1n1/PipeANN-github/experiments/r116_suite_pq16_aris_20260520_072453/labels/query_1000_range_u5e-02.spmat --selector-type range --query-limit 1000,99.44,33,prefilter,285632,284376,50,range,True,u5e-02,supersector32k,True,page_aware_slots,3,4096,4096,/mnt/nvme1n1/PipeANN-supersector32k-work/indexes/phaseC_cycle01_no_retrain_after_insert_cdee2b1456_super32k_v3,True,prefilter,33,True,50,range,/mnt/nvme1n1/PipeANN-github/experiments/v100_pq_drift_1m_baseline_20260601T043217Z/indexes/phaseC_cycle01_no_retrain_after_insert,/mnt/nvme1n1/PipeANN-supersector32k-work/indexes/phaseC_cycle01_no_retrain_after_insert_cdee2b1456_super32k_v3,no_retrain_across_cycles,ok,98030,1,0,/mnt/nvme1n1/PipeANN-github/experiments/v100_pq_drift_1m_baseline_20260601T043217Z/indexes/phaseC_cycle01_no_retrain_after_insert,/mnt/nvme1n1/PipeANN-supersector32k-work/indexes/phaseC_cycle01_no_retrain_after_insert_cdee2b1456_super32k_v3,no_retrain_across_cycles,1.506395
/mnt/nvme1n1/PipeANN-supersector32k-work/indexes/phaseC_cycle01_no_retrain_after_insert_cdee2b1456_super32k_v3_disk.index,ok,32768,33,4096,3,prefilter,2352.130994,16,u1e-01,100000.0,150,during_background,20-27,8,True,,2.352494,0,0,1,,10000,/mnt/nvme1n1/PipeANN-supersector32k-work/indexes/phaseC_cycle01_no_retrain_after_insert_cdee2b1456_super32k_v3,20-27,4.674637317657471,1780357807.7194827,1780357803.043998,0,16,supersector32k,page_aware_slots,3,1000000,285660,98030,100000.0,0.0,0.0,0.0,0.0,184.69,100000.0,0.0,184.69,2347.029,756490.24,320.359,98030,measure-dynamic-search,2341.277,0.0,0.0,2407.933,192.0,100000.0,0.0,192.0,2403.0,786432.0,2587.611,4096,measure-dynamic-search,4096,1000000,16,1000,285660,425.080717,1384,285660,/mnt/nvme1n1/PipeANN-github/build_reviewed_20260602_querycache/tests/dynamic_update_suite_driver --mode measure-dynamic-search --source-prefix /mnt/nvme1n1/PipeANN-supersector32k-work/indexes/phaseC_cycle01_no_retrain_after_insert_cdee2b1456_super32k_v3 --jsonl-output /mnt/nvme1n1/PipeANN-github/experiments/v100_background_interference_full_v5_v3raw_fixed_20260601T234715Z/tmp/during_background_0034_row0034.jsonl --insert-threads 16 --search-threads 1 --merge-threads 16 --build-l 220 --build-r 116 --beamwidth 4 --k 10 --cpu-cap 8 --metric l2 --route prefilter --search-l 150 --data-bin experiments/v100_pq_drift_1m_baseline_20260601T043217Z/data/phaseC_cycle01_live_data_by_tag.bin --base-label-file experiments/v100_pq_drift_1m_baseline_20260601T043217Z/labels/base_labels_1000000.spmat --query-bin /mnt/nvme1n1/PipeANN-github/experiments/r116_suite_pq16_aris_20260520_072453/data/sift_query_1000.bin --truthset-bin experiments/v100_pq_drift_1m_baseline_20260601T043217Z/truth/phaseC_cycle01_range_u1e-01.bin --query-label-file /mnt/nvme1n1/PipeANN-github/experiments/r116_suite_pq16_aris_20260520_072453/labels/query_1000_range_u1e-01.spmat --selector-type range --query-limit 1000,98.23,34,prefilter,285660,284276,150,range,True,u1e-01,supersector32k,True,page_aware_slots,3,4096,4096,/mnt/nvme1n1/PipeANN-supersector32k-work/indexes/phaseC_cycle01_no_retrain_after_insert_cdee2b1456_super32k_v3,True,prefilter,34,True,150,range,/mnt/nvme1n1/PipeANN-github/experiments/v100_pq_drift_1m_baseline_20260601T043217Z/indexes/phaseC_cycle01_no_retrain_after_insert,/mnt/nvme1n1/PipeANN-supersector32k-work/indexes/phaseC_cycle01_no_retrain_after_insert_cdee2b1456_super32k_v3,no_retrain_across_cycles,ok,98030,1,0,/mnt/nvme1n1/PipeANN-github/experiments/v100_pq_drift_1m_baseline_20260601T043217Z/indexes/phaseC_cycle01_no_retrain_after_insert,/mnt/nvme1n1/PipeANN-supersector32k-work/indexes/phaseC_cycle01_no_retrain_after_insert_cdee2b1456_super32k_v3,no_retrain_across_cycles,2.352494
/mnt/nvme1n1/PipeANN-supersector32k-work/indexes/phaseC_cycle01_no_retrain_after_insert_cdee2b1456_super32k_v3_disk.index,ok,32768,33,4096,3,prefilter,4766.778293,16,u25,250000.0,250,during_background,20-27,8,True,,4.767275,0,0,1,,10000,/mnt/nvme1n1/PipeANN-supersector32k-work/indexes/phaseC_cycle01_no_retrain_after_insert_cdee2b1456_super32k_v3,20-27,7.043902397155762,1780357814.7710824,1780357807.726389,0,16,supersector32k,page_aware_slots,3,1000000,285752,98030,250000.0,0.0,0.0,0.0,0.0,288.426,250000.0,0.0,288.426,4760.183,1181392.896,456.382,98030,measure-dynamic-search,4748.218,0.0,0.0,4879.45,298.0,250000.0,0.0,298.0,4873.0,1220608.0,5099.637,4096,measure-dynamic-search,4096,1000000,16,1000,285752,209.763438,1320,285752,/mnt/nvme1n1/PipeANN-github/build_reviewed_20260602_querycache/tests/dynamic_update_suite_driver --mode measure-dynamic-search --source-prefix /mnt/nvme1n1/PipeANN-supersector32k-work/indexes/phaseC_cycle01_no_retrain_after_insert_cdee2b1456_super32k_v3 --jsonl-output /mnt/nvme1n1/PipeANN-github/experiments/v100_background_interference_full_v5_v3raw_fixed_20260601T234715Z/tmp/during_background_0035_row0035.jsonl --insert-threads 16 --search-threads 1 --merge-threads 16 --build-l 220 --build-r 116 --beamwidth 4 --k 10 --cpu-cap 8 --metric l2 --route prefilter --search-l 250 --data-bin experiments/v100_pq_drift_1m_baseline_20260601T043217Z/data/phaseC_cycle01_live_data_by_tag.bin --base-label-file experiments/v100_pq_drift_1m_baseline_20260601T043217Z/labels/base_labels_1000000.spmat --query-bin /mnt/nvme1n1/PipeANN-github/experiments/r116_suite_pq16_aris_20260520_072453/data/sift_query_1000.bin --truthset-bin experiments/v100_pq_drift_1m_baseline_20260601T043217Z/truth/phaseC_cycle01_range_u25.bin --query-label-file /mnt/nvme1n1/PipeANN-github/experiments/r116_suite_pq16_aris_20260520_072453/labels/query_1000_range_u25.spmat --selector-type range --query-limit 1000,98.65,35,prefilter,285752,284432,250,range,True,u25,supersector32k,True,page_aware_slots,3,4096,4096,/mnt/nvme1n1/PipeANN-supersector32k-work/indexes/phaseC_cycle01_no_retrain_after_insert_cdee2b1456_super32k_v3,True,prefilter,35,True,250,range,/mnt/nvme1n1/PipeANN-github/experiments/v100_pq_drift_1m_baseline_20260601T043217Z/indexes/phaseC_cycle01_no_retrain_after_insert,/mnt/nvme1n1/PipeANN-supersector32k-work/indexes/phaseC_cycle01_no_retrain_after_insert_cdee2b1456_super32k_v3,no_retrain_across_cycles,ok,98030,1,0,/mnt/nvme1n1/PipeANN-github/experiments/v100_pq_drift_1m_baseline_20260601T043217Z/indexes/phaseC_cycle01_no_retrain_after_insert,/mnt/nvme1n1/PipeANN-supersector32k-work/indexes/phaseC_cycle01_no_retrain_after_insert_cdee2b1456_super32k_v3,no_retrain_across_cycles,4.767275
/mnt/nvme1n1/PipeANN-supersector32k-work/indexes/phaseC_cycle01_no_retrain_after_insert_cdee2b1456_super32k_v3_disk.index,ok,32768,33,4096,3,prefilter,5603.092019,16,u30,300000.0,300,during_background,20-27,8,True,,5.60365,0,0,1,,10000,/mnt/nvme1n1/PipeANN-supersector32k-work/indexes/phaseC_cycle01_no_retrain_after_insert_cdee2b1456_super32k_v3,20-27,7.900073528289795,1780357822.6787145,1780357814.77786,0,16,supersector32k,page_aware_slots,3,1000000,285860,98030,300000.0,0.0,0.0,0.0,0.0,345.812,300000.0,0.0,345.812,5595.831,1416445.952,516.838,98030,measure-dynamic-search,5584.318,0.0,0.0,5813.411,356.0,300000.0,0.0,356.0,5806.0,1458176.0,5960.597,4096,measure-dynamic-search,4096,1000000,16,1000,285860,178.455114,1388,285860,/mnt/nvme1n1/PipeANN-github/build_reviewed_20260602_querycache/tests/dynamic_update_suite_driver --mode measure-dynamic-search --source-prefix /mnt/nvme1n1/PipeANN-supersector32k-work/indexes/phaseC_cycle01_no_retrain_after_insert_cdee2b1456_super32k_v3 --jsonl-output /mnt/nvme1n1/PipeANN-github/experiments/v100_background_interference_full_v5_v3raw_fixed_20260601T234715Z/tmp/during_background_0036_row0036.jsonl --insert-threads 16 --search-threads 1 --merge-threads 16 --build-l 220 --build-r 116 --beamwidth 4 --k 10 --cpu-cap 8 --metric l2 --route prefilter --search-l 300 --data-bin experiments/v100_pq_drift_1m_baseline_20260601T043217Z/data/phaseC_cycle01_live_data_by_tag.bin --base-label-file experiments/v100_pq_drift_1m_baseline_20260601T043217Z/labels/base_labels_1000000.spmat --query-bin /mnt/nvme1n1/PipeANN-github/experiments/r116_suite_pq16_aris_20260520_072453/data/sift_query_1000.bin --truthset-bin experiments/v100_pq_drift_1m_baseline_20260601T043217Z/truth/phaseC_cycle01_range_u30.bin --query-label-file /mnt/nvme1n1/PipeANN-github/experiments/r116_suite_pq16_aris_20260520_072453/labels/query_1000_range_u30.spmat --selector-type range --query-limit 1000,98.9,36,prefilter,285860,284472,300,range,True,u30,supersector32k,True,page_aware_slots,3,4096,4096,/mnt/nvme1n1/PipeANN-supersector32k-work/indexes/phaseC_cycle01_no_retrain_after_insert_cdee2b1456_super32k_v3,True,prefilter,36,True,300,range,/mnt/nvme1n1/PipeANN-github/experiments/v100_pq_drift_1m_baseline_20260601T043217Z/indexes/phaseC_cycle01_no_retrain_after_insert,/mnt/nvme1n1/PipeANN-supersector32k-work/indexes/phaseC_cycle01_no_retrain_after_insert_cdee2b1456_super32k_v3,no_retrain_across_cycles,ok,98030,1,0,/mnt/nvme1n1/PipeANN-github/experiments/v100_pq_drift_1m_baseline_20260601T043217Z/indexes/phaseC_cycle01_no_retrain_after_insert,/mnt/nvme1n1/PipeANN-supersector32k-work/indexes/phaseC_cycle01_no_retrain_after_insert_cdee2b1456_super32k_v3,no_retrain_across_cycles,5.60365
/mnt/nvme1n1/PipeANN-supersector32k-work/indexes/phaseC_cycle01_no_retrain_after_insert_cdee2b1456_super32k_v3_disk.index,ok,32768,33,4096,3,prefilter,8220.92212,16,u50,500000.0,300,during_background,20-27,8,True,,8.221481,0,0,1,,10000,/mnt/nvme1n1/PipeANN-supersector32k-work/indexes/phaseC_cycle01_no_retrain_after_insert_cdee2b1456_super32k_v3,20-27,10.862170457839966,1780357833.549023,1780357822.6860285,0,16,supersector32k,page_aware_slots,3,1000000,285660,98030,500000.0,0.0,0.0,0.0,0.0,346.13,500000.0,0.0,346.13,8211.905,1417748.48,703.276,98030,measure-dynamic-search,8161.776,0.0,0.0,8578.752,357.0,500000.0,0.0,357.0,8560.0,1462272.0,9189.851,4096,measure-dynamic-search,4096,1000000,16,1000,285660,121.632583,1184,285592,/mnt/nvme1n1/PipeANN-github/build_reviewed_20260602_querycache/tests/dynamic_update_suite_driver --mode measure-dynamic-search --source-prefix /mnt/nvme1n1/PipeANN-supersector32k-work/indexes/phaseC_cycle01_no_retrain_after_insert_cdee2b1456_super32k_v3 --jsonl-output /mnt/nvme1n1/PipeANN-github/experiments/v100_background_interference_full_v5_v3raw_fixed_20260601T234715Z/tmp/during_background_0037_row0037.jsonl --insert-threads 16 --search-threads 1 --merge-threads 16 --build-l 220 --build-r 116 --beamwidth 4 --k 10 --cpu-cap 8 --metric l2 --route prefilter --search-l 300 --data-bin experiments/v100_pq_drift_1m_baseline_20260601T043217Z/data/phaseC_cycle01_live_data_by_tag.bin --base-label-file experiments/v100_pq_drift_1m_baseline_20260601T043217Z/labels/base_labels_1000000.spmat --query-bin /mnt/nvme1n1/PipeANN-github/experiments/r116_suite_pq16_aris_20260520_072453/data/sift_query_1000.bin --truthset-bin experiments/v100_pq_drift_1m_baseline_20260601T043217Z/truth/phaseC_cycle01_range_u50.bin --query-label-file /mnt/nvme1n1/PipeANN-github/experiments/r116_suite_pq16_aris_20260520_072453/labels/query_1000_range_u50.spmat --selector-type range --query-limit 1000,98.48,37,prefilter,285548,284408,300,range,True,u50,supersector32k,True,page_aware_slots,3,4096,4096,/mnt/nvme1n1/PipeANN-supersector32k-work/indexes/phaseC_cycle01_no_retrain_after_insert_cdee2b1456_super32k_v3,True,prefilter,37,True,300,range,/mnt/nvme1n1/PipeANN-github/experiments/v100_pq_drift_1m_baseline_20260601T043217Z/indexes/phaseC_cycle01_no_retrain_after_insert,/mnt/nvme1n1/PipeANN-supersector32k-work/indexes/phaseC_cycle01_no_retrain_after_insert_cdee2b1456_super32k_v3,no_retrain_across_cycles,ok,98030,1,0,/mnt/nvme1n1/PipeANN-github/experiments/v100_pq_drift_1m_baseline_20260601T043217Z/indexes/phaseC_cycle01_no_retrain_after_insert,/mnt/nvme1n1/PipeANN-supersector32k-work/indexes/phaseC_cycle01_no_retrain_after_insert_cdee2b1456_super32k_v3,no_retrain_across_cycles,8.221481
/mnt/nvme1n1/PipeANN-supersector32k-work/indexes/phaseC_cycle01_no_retrain_after_insert_cdee2b1456_super32k_v3_disk.index,ok,32768,33,4096,3,mixed,6436.542094,16,u75,750000.0,450,during_background,20-27,8,True,,6.436906,0,1000,1,,10000,/mnt/nvme1n1/PipeANN-supersector32k-work/indexes/phaseC_cycle01_no_retrain_after_insert_cdee2b1456_super32k_v3,20-27,9.042376041412354,1780357842.5995817,1780357833.5563676,0,16,supersector32k,page_aware_slots,3,1000000,300104,98030,750000.0,19829.575,0.0,5950.431,0.0,527.575,19829.575,0.0,527.575,6104.617,2160947.2,83.433,98030,measure-dynamic-search,6388.373,25286.0,0.0,6874.271,548.0,25286.0,0.0,548.0,6504.0,2244608.0,7347.572,4096,measure-dynamic-search,4096,1000000,16,0,300104,155.354133,15748,300044,/mnt/nvme1n1/PipeANN-github/build_reviewed_20260602_querycache/tests/dynamic_update_suite_driver --mode measure-dynamic-search --source-prefix /mnt/nvme1n1/PipeANN-supersector32k-work/indexes/phaseC_cycle01_no_retrain_after_insert_cdee2b1456_super32k_v3 --jsonl-output /mnt/nvme1n1/PipeANN-github/experiments/v100_background_interference_full_v5_v3raw_fixed_20260601T234715Z/tmp/during_background_0038_row0038.jsonl --insert-threads 16 --search-threads 1 --merge-threads 16 --build-l 220 --build-r 116 --beamwidth 8 --k 10 --cpu-cap 8 --metric l2 --route graph --search-l 450 --data-bin experiments/v100_pq_drift_1m_baseline_20260601T043217Z/data/phaseC_cycle01_live_data_by_tag.bin --base-label-file experiments/v100_pq_drift_1m_baseline_20260601T043217Z/labels/base_labels_1000000.spmat --query-bin /mnt/nvme1n1/PipeANN-github/experiments/r116_suite_pq16_aris_20260520_072453/data/sift_query_1000.bin --truthset-bin experiments/v100_pq_drift_1m_baseline_20260601T043217Z/truth/phaseC_cycle01_range_u75.bin --query-label-file /mnt/nvme1n1/PipeANN-github/experiments/r116_suite_pq16_aris_20260520_072453/labels/query_1000_range_u75.spmat --selector-type range --query-limit 1000,98.36,38,graph,300044,284296,450,range,True,u75,supersector32k,True,page_aware_slots,3,4096,4096,/mnt/nvme1n1/PipeANN-supersector32k-work/indexes/phaseC_cycle01_no_retrain_after_insert_cdee2b1456_super32k_v3,True,graph,38,True,450,range,/mnt/nvme1n1/PipeANN-github/experiments/v100_pq_drift_1m_baseline_20260601T043217Z/indexes/phaseC_cycle01_no_retrain_after_insert,/mnt/nvme1n1/PipeANN-supersector32k-work/indexes/phaseC_cycle01_no_retrain_after_insert_cdee2b1456_super32k_v3,no_retrain_across_cycles,ok,98030,1,0,/mnt/nvme1n1/PipeANN-github/experiments/v100_pq_drift_1m_baseline_20260601T043217Z/indexes/phaseC_cycle01_no_retrain_after_insert,/mnt/nvme1n1/PipeANN-supersector32k-work/indexes/phaseC_cycle01_no_retrain_after_insert_cdee2b1456_super32k_v3,no_retrain_across_cycles,6.436906
/mnt/nvme1n1/PipeANN-supersector32k-work/indexes/phaseC_cycle01_no_retrain_after_insert_cdee2b1456_super32k_v3_disk.index,ok,32768,33,4096,3,mixed,5884.655765,16,u100,1000000.0,400,during_background,20-27,8,True,,5.88499,0,1000,1,,10000,/mnt/nvme1n1/PipeANN-supersector32k-work/indexes/phaseC_cycle01_no_retrain_after_insert_cdee2b1456_super32k_v3,20-27,8.182894706726074,1780357850.7905557,1780357842.6068704,0,16,supersector32k,page_aware_slots,3,1000000,297288,98030,1000000.0,18240.37,0.0,5412.328,0.0,471.539,18240.37,0.0,471.539,5580.132,1931423.744,96.036,98030,measure-dynamic-search,5718.854,23197.0,0.0,6090.723,492.0,23197.0,0.0,492.0,5797.0,2015232.0,6641.112,4096,measure-dynamic-search,4096,1000000,16,0,297288,169.923822,12872,297288,/mnt/nvme1n1/PipeANN-github/build_reviewed_20260602_querycache/tests/dynamic_update_suite_driver --mode measure-dynamic-search --source-prefix /mnt/nvme1n1/PipeANN-supersector32k-work/indexes/phaseC_cycle01_no_retrain_after_insert_cdee2b1456_super32k_v3 --jsonl-output /mnt/nvme1n1/PipeANN-github/experiments/v100_background_interference_full_v5_v3raw_fixed_20260601T234715Z/tmp/during_background_0039_row0039.jsonl --insert-threads 16 --search-threads 1 --merge-threads 16 --build-l 220 --build-r 116 --beamwidth 8 --k 10 --cpu-cap 8 --metric l2 --route graph --search-l 400 --data-bin experiments/v100_pq_drift_1m_baseline_20260601T043217Z/data/phaseC_cycle01_live_data_by_tag.bin --base-label-file experiments/v100_pq_drift_1m_baseline_20260601T043217Z/labels/base_labels_1000000.spmat --query-bin /mnt/nvme1n1/PipeANN-github/experiments/r116_suite_pq16_aris_20260520_072453/data/sift_query_1000.bin --truthset-bin experiments/v100_pq_drift_1m_baseline_20260601T043217Z/truth/phaseC_cycle01_range_u100.bin --query-label-file /mnt/nvme1n1/PipeANN-github/experiments/r116_suite_pq16_aris_20260520_072453/labels/query_1000_range_u100.spmat --selector-type range --query-limit 1000,98.41,39,graph,297288,284416,400,range,True,u100,supersector32k,True,page_aware_slots,3,4096,4096,/mnt/nvme1n1/PipeANN-supersector32k-work/indexes/phaseC_cycle01_no_retrain_after_insert_cdee2b1456_super32k_v3,True,graph,39,True,400,range,/mnt/nvme1n1/PipeANN-github/experiments/v100_pq_drift_1m_baseline_20260601T043217Z/indexes/phaseC_cycle01_no_retrain_after_insert,/mnt/nvme1n1/PipeANN-supersector32k-work/indexes/phaseC_cycle01_no_retrain_after_insert_cdee2b1456_super32k_v3,no_retrain_across_cycles,ok,98030,1,0,/mnt/nvme1n1/PipeANN-github/experiments/v100_pq_drift_1m_baseline_20260601T043217Z/indexes/phaseC_cycle01_no_retrain_after_insert,/mnt/nvme1n1/PipeANN-supersector32k-work/indexes/phaseC_cycle01_no_retrain_after_insert_cdee2b1456_super32k_v3,no_retrain_across_cycles,5.88499
/mnt/nvme1n1/PipeANN-supersector32k-work/indexes/phaseC_cycle02_retrain_each_cycle_b0c87857b1_super32k_v3_disk.index,ok,32768,33,4096,3,prefilter,160.062469,16,u1e-03,1000.0,50,during_background,20-27,8,True,,0.160169,0,0,1,,10000,/mnt/nvme1n1/PipeANN-supersector32k-work/indexes/phaseC_cycle02_retrain_each_cycle_b0c87857b1_super32k_v3,20-27,1.6943943500518799,1780357852.4931412,1780357850.7979274,0,16,supersector32k,page_aware_slots,3,1000000,283768,117774,1000.0,0.0,0.0,0.0,0.0,111.653,1000.0,0.0,111.653,157.393,457330.688,35.006,117774,measure-dynamic-search,157.651,0.0,0.0,178.29,117.0,1000.0,0.0,117.0,176.0,479232.0,196.738,4096,measure-dynamic-search,4096,1000000,16,1000,283768,6243.413784,1308,283768,/mnt/nvme1n1/PipeANN-github/build_reviewed_20260602_querycache/tests/dynamic_update_suite_driver --mode measure-dynamic-search --source-prefix /mnt/nvme1n1/PipeANN-supersector32k-work/indexes/phaseC_cycle02_retrain_each_cycle_b0c87857b1_super32k_v3 --jsonl-output /mnt/nvme1n1/PipeANN-github/experiments/v100_background_interference_full_v5_v3raw_fixed_20260601T234715Z/tmp/during_background_0040_row0040.jsonl --insert-threads 16 --search-threads 1 --merge-threads 16 --build-l 220 --build-r 116 --beamwidth 4 --k 10 --cpu-cap 8 --metric l2 --route prefilter --search-l 50 --data-bin experiments/v100_pq_drift_1m_baseline_20260601T043217Z/data/phaseC_cycle02_live_data_by_tag.bin --base-label-file experiments/v100_pq_drift_1m_baseline_20260601T043217Z/labels/base_labels_1000000.spmat --query-bin /mnt/nvme1n1/PipeANN-github/experiments/r116_suite_pq16_aris_20260520_072453/data/sift_query_1000.bin --truthset-bin experiments/v100_pq_drift_1m_baseline_20260601T043217Z/truth/phaseC_cycle02_intersect_u1e-03.bin --query-label-file /mnt/nvme1n1/PipeANN-github/experiments/r116_suite_pq16_aris_20260520_072453/labels/query_1000_u1e-03.spmat --selector-type intersect --query-limit 1000,99.92,40,prefilter,283768,282460,50,intersect,True,u1e-03,supersector32k,True,page_aware_slots,3,4096,4096,/mnt/nvme1n1/PipeANN-supersector32k-work/indexes/phaseC_cycle02_retrain_each_cycle_b0c87857b1_super32k_v3,True,prefilter,40,True,50,intersect,/mnt/nvme1n1/PipeANN-github/experiments/v100_pq_drift_1m_baseline_20260601T043217Z/indexes/phaseC_cycle02_retrain_each_cycle,/mnt/nvme1n1/PipeANN-supersector32k-work/indexes/phaseC_cycle02_retrain_each_cycle_b0c87857b1_super32k_v3,retrain_each_cycle,ok,117774,1,0,/mnt/nvme1n1/PipeANN-github/experiments/v100_pq_drift_1m_baseline_20260601T043217Z/indexes/phaseC_cycle02_retrain_each_cycle,/mnt/nvme1n1/PipeANN-supersector32k-work/indexes/phaseC_cycle02_retrain_each_cycle_b0c87857b1_super32k_v3,retrain_each_cycle,0.160169
/mnt/nvme1n1/PipeANN-supersector32k-work/indexes/phaseC_cycle02_retrain_each_cycle_b0c87857b1_super32k_v3_disk.index,ok,32768,33,4096,3,prefilter,217.236917,16,u3e-03,3000.0,50,during_background,20-27,8,True,,0.217359,0,0,1,,10000,/mnt/nvme1n1/PipeANN-supersector32k-work/indexes/phaseC_cycle02_retrain_each_cycle_b0c87857b1_super32k_v3,20-27,2.067296028137207,1780357854.5680747,1780357852.5000088,0,16,supersector32k,page_aware_slots,3,1000000,283848,117774,3000.0,0.0,0.0,0.0,0.0,111.555,3000.0,0.0,111.555,214.425,456929.28,38.474,117774,measure-dynamic-search,211.863,0.0,0.0,252.05,118.0,3000.0,0.0,118.0,249.0,483328.0,272.096,4096,measure-dynamic-search,4096,1000000,16,1000,283848,4600.6869,1112,283848,/mnt/nvme1n1/PipeANN-github/build_reviewed_20260602_querycache/tests/dynamic_update_suite_driver --mode measure-dynamic-search --source-prefix /mnt/nvme1n1/PipeANN-supersector32k-work/indexes/phaseC_cycle02_retrain_each_cycle_b0c87857b1_super32k_v3 --jsonl-output /mnt/nvme1n1/PipeANN-github/experiments/v100_background_interference_full_v5_v3raw_fixed_20260601T234715Z/tmp/during_background_0041_row0041.jsonl --insert-threads 16 --search-threads 1 --merge-threads 16 --build-l 220 --build-r 116 --beamwidth 4 --k 10 --cpu-cap 8 --metric l2 --route prefilter --search-l 50 --data-bin experiments/v100_pq_drift_1m_baseline_20260601T043217Z/data/phaseC_cycle02_live_data_by_tag.bin --base-label-file experiments/v100_pq_drift_1m_baseline_20260601T043217Z/labels/base_labels_1000000.spmat --query-bin /mnt/nvme1n1/PipeANN-github/experiments/r116_suite_pq16_aris_20260520_072453/data/sift_query_1000.bin --truthset-bin experiments/v100_pq_drift_1m_baseline_20260601T043217Z/truth/phaseC_cycle02_intersect_u3e-03.bin --query-label-file /mnt/nvme1n1/PipeANN-github/experiments/r116_suite_pq16_aris_20260520_072453/labels/query_1000_u3e-03.spmat --selector-type intersect --query-limit 1000,99.73,41,prefilter,283848,282736,50,intersect,True,u3e-03,supersector32k,True,page_aware_slots,3,4096,4096,/mnt/nvme1n1/PipeANN-supersector32k-work/indexes/phaseC_cycle02_retrain_each_cycle_b0c87857b1_super32k_v3,True,prefilter,41,True,50,intersect,/mnt/nvme1n1/PipeANN-github/experiments/v100_pq_drift_1m_baseline_20260601T043217Z/indexes/phaseC_cycle02_retrain_each_cycle,/mnt/nvme1n1/PipeANN-supersector32k-work/indexes/phaseC_cycle02_retrain_each_cycle_b0c87857b1_super32k_v3,retrain_each_cycle,ok,117774,1,0,/mnt/nvme1n1/PipeANN-github/experiments/v100_pq_drift_1m_baseline_20260601T043217Z/indexes/phaseC_cycle02_retrain_each_cycle,/mnt/nvme1n1/PipeANN-supersector32k-work/indexes/phaseC_cycle02_retrain_each_cycle_b0c87857b1_super32k_v3,retrain_each_cycle,0.217359
/mnt/nvme1n1/PipeANN-supersector32k-work/indexes/phaseC_cycle02_retrain_each_cycle_b0c87857b1_super32k_v3_disk.index,ok,32768,33,4096,3,prefilter,407.129722,16,u1e-02,10000.0,100,during_background,20-27,8,True,,0.407256,0,0,1,,10000,/mnt/nvme1n1/PipeANN-supersector32k-work/indexes/phaseC_cycle02_retrain_each_cycle_b0c87857b1_super32k_v3,20-27,2.2250351905822754,1780357856.8005214,1780357854.5747688,0,16,supersector32k,page_aware_slots,3,1000000,283980,117774,10000.0,0.0,0.0,0.0,0.0,148.876,10000.0,0.0,148.876,404.059,609796.096,46.584,117774,measure-dynamic-search,399.792,0.0,0.0,458.333,156.0,10000.0,0.0,156.0,455.0,638976.0,500.994,4096,measure-dynamic-search,4096,1000000,16,1000,283980,2455.460374,1436,283980,/mnt/nvme1n1/PipeANN-github/build_reviewed_20260602_querycache/tests/dynamic_update_suite_driver --mode measure-dynamic-search --source-prefix /mnt/nvme1n1/PipeANN-supersector32k-work/indexes/phaseC_cycle02_retrain_each_cycle_b0c87857b1_super32k_v3 --jsonl-output /mnt/nvme1n1/PipeANN-github/experiments/v100_background_interference_full_v5_v3raw_fixed_20260601T234715Z/tmp/during_background_0042_row0042.jsonl --insert-threads 16 --search-threads 1 --merge-threads 16 --build-l 220 --build-r 116 --beamwidth 4 --k 10 --cpu-cap 8 --metric l2 --route prefilter --search-l 100 --data-bin experiments/v100_pq_drift_1m_baseline_20260601T043217Z/data/phaseC_cycle02_live_data_by_tag.bin --base-label-file experiments/v100_pq_drift_1m_baseline_20260601T043217Z/labels/base_labels_1000000.spmat --query-bin /mnt/nvme1n1/PipeANN-github/experiments/r116_suite_pq16_aris_20260520_072453/data/sift_query_1000.bin --truthset-bin experiments/v100_pq_drift_1m_baseline_20260601T043217Z/truth/phaseC_cycle02_intersect_u1e-02.bin --query-label-file /mnt/nvme1n1/PipeANN-github/experiments/r116_suite_pq16_aris_20260520_072453/labels/query_1000_u1e-02.spmat --selector-type intersect --query-limit 1000,99.55,42,prefilter,283980,282544,100,intersect,True,u1e-02,supersector32k,True,page_aware_slots,3,4096,4096,/mnt/nvme1n1/PipeANN-supersector32k-work/indexes/phaseC_cycle02_retrain_each_cycle_b0c87857b1_super32k_v3,True,prefilter,42,True,100,intersect,/mnt/nvme1n1/PipeANN-github/experiments/v100_pq_drift_1m_baseline_20260601T043217Z/indexes/phaseC_cycle02_retrain_each_cycle,/mnt/nvme1n1/PipeANN-supersector32k-work/indexes/phaseC_cycle02_retrain_each_cycle_b0c87857b1_super32k_v3,retrain_each_cycle,ok,117774,1,0,/mnt/nvme1n1/PipeANN-github/experiments/v100_pq_drift_1m_baseline_20260601T043217Z/indexes/phaseC_cycle02_retrain_each_cycle,/mnt/nvme1n1/PipeANN-supersector32k-work/indexes/phaseC_cycle02_retrain_each_cycle_b0c87857b1_super32k_v3,retrain_each_cycle,0.407256
/mnt/nvme1n1/PipeANN-supersector32k-work/indexes/phaseC_cycle02_retrain_each_cycle_b0c87857b1_super32k_v3_disk.index,ok,32768,33,4096,3,prefilter,1200.935162,16,u5e-02,50000.0,75,during_background,20-27,8,True,,1.201106,0,0,1,,10000,/mnt/nvme1n1/PipeANN-supersector32k-work/indexes/phaseC_cycle02_retrain_each_cycle_b0c87857b1_super32k_v3,20-27,2.8309857845306396,1780357859.6392527,1780357856.807478,0,16,supersector32k,page_aware_slots,3,1000000,281984,117774,50000.0,0.0,0.0,0.0,0.0,186.434,50000.0,0.0,186.434,1197.704,763633.664,89.817,117774,measure-dynamic-search,1198.645,0.0,0.0,1247.777,194.0,50000.0,0.0,194.0,1245.0,794624.0,1316.626,4096,measure-dynamic-search,4096,1000000,16,1000,281984,832.565857,1112,281984,/mnt/nvme1n1/PipeANN-github/build_reviewed_20260602_querycache/tests/dynamic_update_suite_driver --mode measure-dynamic-search --source-prefix /mnt/nvme1n1/PipeANN-supersector32k-work/indexes/phaseC_cycle02_retrain_each_cycle_b0c87857b1_super32k_v3 --jsonl-output /mnt/nvme1n1/PipeANN-github/experiments/v100_background_interference_full_v5_v3raw_fixed_20260601T234715Z/tmp/during_background_0043_row0043.jsonl --insert-threads 16 --search-threads 1 --merge-threads 16 --build-l 220 --build-r 116 --beamwidth 4 --k 10 --cpu-cap 8 --metric l2 --route prefilter --search-l 75 --data-bin experiments/v100_pq_drift_1m_baseline_20260601T043217Z/data/phaseC_cycle02_live_data_by_tag.bin --base-label-file experiments/v100_pq_drift_1m_baseline_20260601T043217Z/labels/base_labels_1000000.spmat --query-bin /mnt/nvme1n1/PipeANN-github/experiments/r116_suite_pq16_aris_20260520_072453/data/sift_query_1000.bin --truthset-bin experiments/v100_pq_drift_1m_baseline_20260601T043217Z/truth/phaseC_cycle02_intersect_u5e-02.bin --query-label-file /mnt/nvme1n1/PipeANN-github/experiments/r116_suite_pq16_aris_20260520_072453/labels/query_1000_u5e-02.spmat --selector-type intersect --query-limit 1000,99.3,43,prefilter,281984,280872,75,intersect,True,u5e-02,supersector32k,True,page_aware_slots,3,4096,4096,/mnt/nvme1n1/PipeANN-supersector32k-work/indexes/phaseC_cycle02_retrain_each_cycle_b0c87857b1_super32k_v3,True,prefilter,43,True,75,intersect,/mnt/nvme1n1/PipeANN-github/experiments/v100_pq_drift_1m_baseline_20260601T043217Z/indexes/phaseC_cycle02_retrain_each_cycle,/mnt/nvme1n1/PipeANN-supersector32k-work/indexes/phaseC_cycle02_retrain_each_cycle_b0c87857b1_super32k_v3,retrain_each_cycle,ok,117774,1,0,/mnt/nvme1n1/PipeANN-github/experiments/v100_pq_drift_1m_baseline_20260601T043217Z/indexes/phaseC_cycle02_retrain_each_cycle,/mnt/nvme1n1/PipeANN-supersector32k-work/indexes/phaseC_cycle02_retrain_each_cycle_b0c87857b1_super32k_v3,retrain_each_cycle,1.201106
/mnt/nvme1n1/PipeANN-supersector32k-work/indexes/phaseC_cycle02_retrain_each_cycle_b0c87857b1_super32k_v3_disk.index,ok,32768,33,4096,3,prefilter,1874.566162,16,u1e-01,100000.0,50,during_background,20-27,8,True,,1.874824,0,0,1,,10000,/mnt/nvme1n1/PipeANN-supersector32k-work/indexes/phaseC_cycle02_retrain_each_cycle_b0c87857b1_super32k_v3,20-27,3.390735149383545,1780357863.038135,1780357859.6465802,0,16,supersector32k,page_aware_slots,3,1000000,281684,117774,100000.0,0.0,0.0,0.0,0.0,184.611,100000.0,0.0,184.611,1870.885,756166.656,141.561,117774,measure-dynamic-search,1867.37,0.0,0.0,1930.46,192.0,100000.0,0.0,192.0,1927.0,786432.0,2055.662,4096,measure-dynamic-search,4096,1000000,16,1000,281684,533.383396,1064,281684,/mnt/nvme1n1/PipeANN-github/build_reviewed_20260602_querycache/tests/dynamic_update_suite_driver --mode measure-dynamic-search --source-prefix /mnt/nvme1n1/PipeANN-supersector32k-work/indexes/phaseC_cycle02_retrain_each_cycle_b0c87857b1_super32k_v3 --jsonl-output /mnt/nvme1n1/PipeANN-github/experiments/v100_background_interference_full_v5_v3raw_fixed_20260601T234715Z/tmp/during_background_0044_row0044.jsonl --insert-threads 16 --search-threads 1 --merge-threads 16 --build-l 220 --build-r 116 --beamwidth 4 --k 10 --cpu-cap 8 --metric l2 --route prefilter --search-l 50 --data-bin experiments/v100_pq_drift_1m_baseline_20260601T043217Z/data/phaseC_cycle02_live_data_by_tag.bin --base-label-file experiments/v100_pq_drift_1m_baseline_20260601T043217Z/labels/base_labels_1000000.spmat --query-bin /mnt/nvme1n1/PipeANN-github/experiments/r116_suite_pq16_aris_20260520_072453/data/sift_query_1000.bin --truthset-bin experiments/v100_pq_drift_1m_baseline_20260601T043217Z/truth/phaseC_cycle02_intersect_u1e-01.bin --query-label-file /mnt/nvme1n1/PipeANN-github/experiments/r116_suite_pq16_aris_20260520_072453/labels/query_1000_u1e-01.spmat --selector-type intersect --query-limit 1000,98.34,44,prefilter,281684,280620,50,intersect,True,u1e-01,supersector32k,True,page_aware_slots,3,4096,4096,/mnt/nvme1n1/PipeANN-supersector32k-work/indexes/phaseC_cycle02_retrain_each_cycle_b0c87857b1_super32k_v3,True,prefilter,44,True,50,intersect,/mnt/nvme1n1/PipeANN-github/experiments/v100_pq_drift_1m_baseline_20260601T043217Z/indexes/phaseC_cycle02_retrain_each_cycle,/mnt/nvme1n1/PipeANN-supersector32k-work/indexes/phaseC_cycle02_retrain_each_cycle_b0c87857b1_super32k_v3,retrain_each_cycle,ok,117774,1,0,/mnt/nvme1n1/PipeANN-github/experiments/v100_pq_drift_1m_baseline_20260601T043217Z/indexes/phaseC_cycle02_retrain_each_cycle,/mnt/nvme1n1/PipeANN-supersector32k-work/indexes/phaseC_cycle02_retrain_each_cycle_b0c87857b1_super32k_v3,retrain_each_cycle,1.874824
/mnt/nvme1n1/PipeANN-supersector32k-work/indexes/phaseC_cycle02_retrain_each_cycle_b0c87857b1_super32k_v3_disk.index,ok,32768,33,4096,3,prefilter,3964.743762,16,u25,250000.0,200,during_background,20-27,8,True,,3.965019,0,0,1,,10000,/mnt/nvme1n1/PipeANN-supersector32k-work/indexes/phaseC_cycle02_retrain_each_cycle_b0c87857b1_super32k_v3,20-27,5.510027885437012,1780357868.5560706,1780357863.045238,0,16,supersector32k,page_aware_slots,3,1000000,281760,117774,250000.0,0.0,0.0,0.0,0.0,230.233,250000.0,0.0,230.233,3960.539,943034.368,299.728,117774,measure-dynamic-search,3955.511,0.0,0.0,4058.295,239.0,250000.0,0.0,239.0,4054.0,978944.0,4234.836,4096,measure-dynamic-search,4096,1000000,16,1000,281760,252.205633,1064,281760,/mnt/nvme1n1/PipeANN-github/build_reviewed_20260602_querycache/tests/dynamic_update_suite_driver --mode measure-dynamic-search --source-prefix /mnt/nvme1n1/PipeANN-supersector32k-work/indexes/phaseC_cycle02_retrain_each_cycle_b0c87857b1_super32k_v3 --jsonl-output /mnt/nvme1n1/PipeANN-github/experiments/v100_background_interference_full_v5_v3raw_fixed_20260601T234715Z/tmp/during_background_0045_row0045.jsonl --insert-threads 16 --search-threads 1 --merge-threads 16 --build-l 220 --build-r 116 --beamwidth 4 --k 10 --cpu-cap 8 --metric l2 --route prefilter --search-l 200 --data-bin experiments/v100_pq_drift_1m_baseline_20260601T043217Z/data/phaseC_cycle02_live_data_by_tag.bin --base-label-file experiments/v100_pq_drift_1m_baseline_20260601T043217Z/labels/base_labels_1000000.spmat --query-bin /mnt/nvme1n1/PipeANN-github/experiments/r116_suite_pq16_aris_20260520_072453/data/sift_query_1000.bin --truthset-bin experiments/v100_pq_drift_1m_baseline_20260601T043217Z/truth/phaseC_cycle02_intersect_u25.bin --query-label-file /mnt/nvme1n1/PipeANN-github/experiments/r116_suite_pq16_aris_20260520_072453/labels/query_1000_u25.spmat --selector-type intersect --query-limit 1000,98.01,45,prefilter,281760,280696,200,intersect,True,u25,supersector32k,True,page_aware_slots,3,4096,4096,/mnt/nvme1n1/PipeANN-supersector32k-work/indexes/phaseC_cycle02_retrain_each_cycle_b0c87857b1_super32k_v3,True,prefilter,45,True,200,intersect,/mnt/nvme1n1/PipeANN-github/experiments/v100_pq_drift_1m_baseline_20260601T043217Z/indexes/phaseC_cycle02_retrain_each_cycle,/mnt/nvme1n1/PipeANN-supersector32k-work/indexes/phaseC_cycle02_retrain_each_cycle_b0c87857b1_super32k_v3,retrain_each_cycle,ok,117774,1,0,/mnt/nvme1n1/PipeANN-github/experiments/v100_pq_drift_1m_baseline_20260601T043217Z/indexes/phaseC_cycle02_retrain_each_cycle,/mnt/nvme1n1/PipeANN-supersector32k-work/indexes/phaseC_cycle02_retrain_each_cycle_b0c87857b1_super32k_v3,retrain_each_cycle,3.965019
/mnt/nvme1n1/PipeANN-supersector32k-work/indexes/phaseC_cycle02_retrain_each_cycle_b0c87857b1_super32k_v3_disk.index,ok,32768,33,4096,3,prefilter,4635.400674,16,u30,300000.0,250,during_background,20-27,8,True,,4.635717,0,0,1,,10000,/mnt/nvme1n1/PipeANN-supersector32k-work/indexes/phaseC_cycle02_retrain_each_cycle_b0c87857b1_super32k_v3,20-27,6.339110612869263,1780357874.9033144,1780357868.563388,0,16,supersector32k,page_aware_slots,3,1000000,281784,117774,300000.0,0.0,0.0,0.0,0.0,287.701,300000.0,0.0,287.701,4631.437,1178423.296,344.405,117774,measure-dynamic-search,4608.605,0.0,0.0,4917.77,297.0,300000.0,0.0,297.0,4914.0,1216512.0,5298.065,4096,measure-dynamic-search,4096,1000000,16,1000,281784,215.716363,1064,281784,/mnt/nvme1n1/PipeANN-github/build_reviewed_20260602_querycache/tests/dynamic_update_suite_driver --mode measure-dynamic-search --source-prefix /mnt/nvme1n1/PipeANN-supersector32k-work/indexes/phaseC_cycle02_retrain_each_cycle_b0c87857b1_super32k_v3 --jsonl-output /mnt/nvme1n1/PipeANN-github/experiments/v100_background_interference_full_v5_v3raw_fixed_20260601T234715Z/tmp/during_background_0046_row0046.jsonl --insert-threads 16 --search-threads 1 --merge-threads 16 --build-l 220 --build-r 116 --beamwidth 4 --k 10 --cpu-cap 8 --metric l2 --route prefilter --search-l 250 --data-bin experiments/v100_pq_drift_1m_baseline_20260601T043217Z/data/phaseC_cycle02_live_data_by_tag.bin --base-label-file experiments/v100_pq_drift_1m_baseline_20260601T043217Z/labels/base_labels_1000000.spmat --query-bin /mnt/nvme1n1/PipeANN-github/experiments/r116_suite_pq16_aris_20260520_072453/data/sift_query_1000.bin --truthset-bin experiments/v100_pq_drift_1m_baseline_20260601T043217Z/truth/phaseC_cycle02_intersect_u30.bin --query-label-file /mnt/nvme1n1/PipeANN-github/experiments/r116_suite_pq16_aris_20260520_072453/labels/query_1000_u30.spmat --selector-type intersect --query-limit 1000,98.52,46,prefilter,281784,280720,250,intersect,True,u30,supersector32k,True,page_aware_slots,3,4096,4096,/mnt/nvme1n1/PipeANN-supersector32k-work/indexes/phaseC_cycle02_retrain_each_cycle_b0c87857b1_super32k_v3,True,prefilter,46,True,250,intersect,/mnt/nvme1n1/PipeANN-github/experiments/v100_pq_drift_1m_baseline_20260601T043217Z/indexes/phaseC_cycle02_retrain_each_cycle,/mnt/nvme1n1/PipeANN-supersector32k-work/indexes/phaseC_cycle02_retrain_each_cycle_b0c87857b1_super32k_v3,retrain_each_cycle,ok,117774,1,0,/mnt/nvme1n1/PipeANN-github/experiments/v100_pq_drift_1m_baseline_20260601T043217Z/indexes/phaseC_cycle02_retrain_each_cycle,/mnt/nvme1n1/PipeANN-supersector32k-work/indexes/phaseC_cycle02_retrain_each_cycle_b0c87857b1_super32k_v3,retrain_each_cycle,4.635717
/mnt/nvme1n1/PipeANN-supersector32k-work/indexes/phaseC_cycle02_retrain_each_cycle_b0c87857b1_super32k_v3_disk.index,ok,32768,33,4096,3,prefilter,7517.217186,16,u50,500000.0,250,during_background,20-27,8,True,,7.517635,0,0,1,,10000,/mnt/nvme1n1/PipeANN-supersector32k-work/indexes/phaseC_cycle02_retrain_each_cycle_b0c87857b1_super32k_v3,20-27,9.188680171966553,1780357884.100103,1780357874.9106858,0,16,supersector32k,page_aware_slots,3,1000000,281740,117774,500000.0,0.0,0.0,0.0,0.0,288.587,500000.0,0.0,288.587,7511.354,1182052.352,573.968,117774,measure-dynamic-search,7431.536,0.0,0.0,7957.094,298.0,500000.0,0.0,298.0,7951.0,1220608.0,8632.039,4096,measure-dynamic-search,4096,1000000,16,1000,281740,133.020556,1060,281740,/mnt/nvme1n1/PipeANN-github/build_reviewed_20260602_querycache/tests/dynamic_update_suite_driver --mode measure-dynamic-search --source-prefix /mnt/nvme1n1/PipeANN-supersector32k-work/indexes/phaseC_cycle02_retrain_each_cycle_b0c87857b1_super32k_v3 --jsonl-output /mnt/nvme1n1/PipeANN-github/experiments/v100_background_interference_full_v5_v3raw_fixed_20260601T234715Z/tmp/during_background_0047_row0047.jsonl --insert-threads 16 --search-threads 1 --merge-threads 16 --build-l 220 --build-r 116 --beamwidth 4 --k 10 --cpu-cap 8 --metric l2 --route prefilter --search-l 250 --data-bin experiments/v100_pq_drift_1m_baseline_20260601T043217Z/data/phaseC_cycle02_live_data_by_tag.bin --base-label-file experiments/v100_pq_drift_1m_baseline_20260601T043217Z/labels/base_labels_1000000.spmat --query-bin /mnt/nvme1n1/PipeANN-github/experiments/r116_suite_pq16_aris_20260520_072453/data/sift_query_1000.bin --truthset-bin experiments/v100_pq_drift_1m_baseline_20260601T043217Z/truth/phaseC_cycle02_intersect_u50.bin --query-label-file /mnt/nvme1n1/PipeANN-github/experiments/r116_suite_pq16_aris_20260520_072453/labels/query_1000_u50.spmat --selector-type intersect --query-limit 1000,98.15,47,prefilter,281740,280680,250,intersect,True,u50,supersector32k,True,page_aware_slots,3,4096,4096,/mnt/nvme1n1/PipeANN-supersector32k-work/indexes/phaseC_cycle02_retrain_each_cycle_b0c87857b1_super32k_v3,True,prefilter,47,True,250,intersect,/mnt/nvme1n1/PipeANN-github/experiments/v100_pq_drift_1m_baseline_20260601T043217Z/indexes/phaseC_cycle02_retrain_each_cycle,/mnt/nvme1n1/PipeANN-supersector32k-work/indexes/phaseC_cycle02_retrain_each_cycle_b0c87857b1_super32k_v3,retrain_each_cycle,ok,117774,1,0,/mnt/nvme1n1/PipeANN-github/experiments/v100_pq_drift_1m_baseline_20260601T043217Z/indexes/phaseC_cycle02_retrain_each_cycle,/mnt/nvme1n1/PipeANN-supersector32k-work/indexes/phaseC_cycle02_retrain_each_cycle_b0c87857b1_super32k_v3,retrain_each_cycle,7.517635
/mnt/nvme1n1/PipeANN-supersector32k-work/indexes/phaseC_cycle02_retrain_each_cycle_b0c87857b1_super32k_v3_disk.index,ok,32768,33,4096,3,graph,5624.98674,16,u75,750000.0,400,during_background,20-27,8,True,,5.62525,0,0,1,,10000,/mnt/nvme1n1/PipeANN-supersector32k-work/indexes/phaseC_cycle02_retrain_each_cycle_b0c87857b1_super32k_v3,20-27,7.198220491409302,1780357891.3058763,1780357884.1069431,1000,16,supersector32k,page_aware_slots,3,1000000,293872,117774,750000.0,21218.344,0.0,5236.059,0.0,467.884,21218.344,0.0,467.884,5297.396,1916452.864,19.797,117774,measure-dynamic-search,5598.732,27215.0,0.0,5954.484,486.0,27215.0,0.0,486.0,5602.0,1990656.0,6291.333,4096,measure-dynamic-search,4096,1000000,16,0,293872,177.769881,13140,293872,/mnt/nvme1n1/PipeANN-github/build_reviewed_20260602_querycache/tests/dynamic_update_suite_driver --mode measure-dynamic-search --source-prefix /mnt/nvme1n1/PipeANN-supersector32k-work/indexes/phaseC_cycle02_retrain_each_cycle_b0c87857b1_super32k_v3 --jsonl-output /mnt/nvme1n1/PipeANN-github/experiments/v100_background_interference_full_v5_v3raw_fixed_20260601T234715Z/tmp/during_background_0048_row0048.jsonl --insert-threads 16 --search-threads 1 --merge-threads 16 --build-l 220 --build-r 116 --beamwidth 8 --k 10 --cpu-cap 8 --metric l2 --route graph --search-l 400 --data-bin experiments/v100_pq_drift_1m_baseline_20260601T043217Z/data/phaseC_cycle02_live_data_by_tag.bin --base-label-file experiments/v100_pq_drift_1m_baseline_20260601T043217Z/labels/base_labels_1000000.spmat --query-bin /mnt/nvme1n1/PipeANN-github/experiments/r116_suite_pq16_aris_20260520_072453/data/sift_query_1000.bin --truthset-bin experiments/v100_pq_drift_1m_baseline_20260601T043217Z/truth/phaseC_cycle02_intersect_u75.bin --query-label-file /mnt/nvme1n1/PipeANN-github/experiments/r116_suite_pq16_aris_20260520_072453/labels/query_1000_u75.spmat --selector-type intersect --query-limit 1000,98.43,48,graph,293872,280732,400,intersect,True,u75,supersector32k,True,page_aware_slots,3,4096,4096,/mnt/nvme1n1/PipeANN-supersector32k-work/indexes/phaseC_cycle02_retrain_each_cycle_b0c87857b1_super32k_v3,True,graph,48,True,400,intersect,/mnt/nvme1n1/PipeANN-github/experiments/v100_pq_drift_1m_baseline_20260601T043217Z/indexes/phaseC_cycle02_retrain_each_cycle,/mnt/nvme1n1/PipeANN-supersector32k-work/indexes/phaseC_cycle02_retrain_each_cycle_b0c87857b1_super32k_v3,retrain_each_cycle,ok,117774,1,0,/mnt/nvme1n1/PipeANN-github/experiments/v100_pq_drift_1m_baseline_20260601T043217Z/indexes/phaseC_cycle02_retrain_each_cycle,/mnt/nvme1n1/PipeANN-supersector32k-work/indexes/phaseC_cycle02_retrain_each_cycle_b0c87857b1_super32k_v3,retrain_each_cycle,5.62525
/mnt/nvme1n1/PipeANN-supersector32k-work/indexes/phaseC_cycle02_retrain_each_cycle_b0c87857b1_super32k_v3_disk.index,ok,32768,33,4096,3,graph,6982.705647,16,u100,1000000.0,300,during_background,20-27,8,True,,6.982959,0,0,1,,10000,/mnt/nvme1n1/PipeANN-supersector32k-work/indexes/phaseC_cycle02_retrain_each_cycle_b0c87857b1_super32k_v3,20-27,8.618646621704102,1780357899.9324381,1780357891.313055,1000,16,supersector32k,page_aware_slots,3,1000000,295460,117774,1000000.0,17247.36,0.0,6632.093,0.0,353.715,17247.36,0.0,353.715,6691.124,1448816.64,19.185,117774,measure-dynamic-search,6932.659,21787.0,0.0,7295.392,369.0,21787.0,0.0,369.0,6989.0,1511424.0,7587.776,4096,measure-dynamic-search,4096,1000000,16,0,295460,143.205762,14644,295460,/mnt/nvme1n1/PipeANN-github/build_reviewed_20260602_querycache/tests/dynamic_update_suite_driver --mode measure-dynamic-search --source-prefix /mnt/nvme1n1/PipeANN-supersector32k-work/indexes/phaseC_cycle02_retrain_each_cycle_b0c87857b1_super32k_v3 --jsonl-output /mnt/nvme1n1/PipeANN-github/experiments/v100_background_interference_full_v5_v3raw_fixed_20260601T234715Z/tmp/during_background_0049_row0049.jsonl --insert-threads 16 --search-threads 1 --merge-threads 16 --build-l 220 --build-r 116 --beamwidth 4 --k 10 --cpu-cap 8 --metric l2 --route graph --search-l 300 --data-bin experiments/v100_pq_drift_1m_baseline_20260601T043217Z/data/phaseC_cycle02_live_data_by_tag.bin --base-label-file experiments/v100_pq_drift_1m_baseline_20260601T043217Z/labels/base_labels_1000000.spmat --query-bin /mnt/nvme1n1/PipeANN-github/experiments/r116_suite_pq16_aris_20260520_072453/data/sift_query_1000.bin --truthset-bin experiments/v100_pq_drift_1m_baseline_20260601T043217Z/truth/phaseC_cycle02_intersect_u100.bin --query-label-file /mnt/nvme1n1/PipeANN-github/experiments/r116_suite_pq16_aris_20260520_072453/labels/query_1000_u100.spmat --selector-type intersect --query-limit 1000,98.23,49,graph,295460,280816,300,intersect,True,u100,supersector32k,True,page_aware_slots,3,4096,4096,/mnt/nvme1n1/PipeANN-supersector32k-work/indexes/phaseC_cycle02_retrain_each_cycle_b0c87857b1_super32k_v3,True,graph,49,True,300,intersect,/mnt/nvme1n1/PipeANN-github/experiments/v100_pq_drift_1m_baseline_20260601T043217Z/indexes/phaseC_cycle02_retrain_each_cycle,/mnt/nvme1n1/PipeANN-supersector32k-work/indexes/phaseC_cycle02_retrain_each_cycle_b0c87857b1_super32k_v3,retrain_each_cycle,ok,117774,1,0,/mnt/nvme1n1/PipeANN-github/experiments/v100_pq_drift_1m_baseline_20260601T043217Z/indexes/phaseC_cycle02_retrain_each_cycle,/mnt/nvme1n1/PipeANN-supersector32k-work/indexes/phaseC_cycle02_retrain_each_cycle_b0c87857b1_super32k_v3,retrain_each_cycle,6.982959
/mnt/nvme1n1/PipeANN-supersector32k-work/indexes/phaseC_cycle02_retrain_each_cycle_b0c87857b1_super32k_v3_disk.index,ok,32768,33,4096,3,prefilter,159.080456,16,u1e-03,1000.0,50,during_background,20-27,8,True,,0.159163,0,0,1,,10000,/mnt/nvme1n1/PipeANN-supersector32k-work/indexes/phaseC_cycle02_retrain_each_cycle_b0c87857b1_super32k_v3,20-27,1.758277177810669,1780357901.698611,1780357899.939582,0,16,supersector32k,page_aware_slots,3,1000000,281716,117774,1000.0,0.0,0.0,0.0,0.0,111.653,1000.0,0.0,111.653,156.462,457330.688,35.919,117774,measure-dynamic-search,158.015,0.0,0.0,175.885,117.0,1000.0,0.0,117.0,174.0,479232.0,185.846,4096,measure-dynamic-search,4096,1000000,16,1000,281716,6282.877157,1104,281716,/mnt/nvme1n1/PipeANN-github/build_reviewed_20260602_querycache/tests/dynamic_update_suite_driver --mode measure-dynamic-search --source-prefix /mnt/nvme1n1/PipeANN-supersector32k-work/indexes/phaseC_cycle02_retrain_each_cycle_b0c87857b1_super32k_v3 --jsonl-output /mnt/nvme1n1/PipeANN-github/experiments/v100_background_interference_full_v5_v3raw_fixed_20260601T234715Z/tmp/during_background_0050_row0050.jsonl --insert-threads 16 --search-threads 1 --merge-threads 16 --build-l 220 --build-r 116 --beamwidth 4 --k 10 --cpu-cap 8 --metric l2 --route prefilter --search-l 50 --data-bin experiments/v100_pq_drift_1m_baseline_20260601T043217Z/data/phaseC_cycle02_live_data_by_tag.bin --base-label-file experiments/v100_pq_drift_1m_baseline_20260601T043217Z/labels/base_labels_1000000.spmat --query-bin /mnt/nvme1n1/PipeANN-github/experiments/r116_suite_pq16_aris_20260520_072453/data/sift_query_1000.bin --truthset-bin experiments/v100_pq_drift_1m_baseline_20260601T043217Z/truth/phaseC_cycle02_range_u1e-03.bin --query-label-file /mnt/nvme1n1/PipeANN-github/experiments/r116_suite_pq16_aris_20260520_072453/labels/query_1000_range_u1e-03.spmat --selector-type range --query-limit 1000,99.92,50,prefilter,281716,280612,50,range,True,u1e-03,supersector32k,True,page_aware_slots,3,4096,4096,/mnt/nvme1n1/PipeANN-supersector32k-work/indexes/phaseC_cycle02_retrain_each_cycle_b0c87857b1_super32k_v3,True,prefilter,50,True,50,range,/mnt/nvme1n1/PipeANN-github/experiments/v100_pq_drift_1m_baseline_20260601T043217Z/indexes/phaseC_cycle02_retrain_each_cycle,/mnt/nvme1n1/PipeANN-supersector32k-work/indexes/phaseC_cycle02_retrain_each_cycle_b0c87857b1_super32k_v3,retrain_each_cycle,ok,117774,1,0,/mnt/nvme1n1/PipeANN-github/experiments/v100_pq_drift_1m_baseline_20260601T043217Z/indexes/phaseC_cycle02_retrain_each_cycle,/mnt/nvme1n1/PipeANN-supersector32k-work/indexes/phaseC_cycle02_retrain_each_cycle_b0c87857b1_super32k_v3,retrain_each_cycle,0.159163
/mnt/nvme1n1/PipeANN-supersector32k-work/indexes/phaseC_cycle02_retrain_each_cycle_b0c87857b1_super32k_v3_disk.index,ok,32768,33,4096,3,prefilter,231.683195,16,u3e-03,3000.0,50,during_background,20-27,8,True,,0.231841,0,0,1,,10000,/mnt/nvme1n1/PipeANN-supersector32k-work/indexes/phaseC_cycle02_retrain_each_cycle_b0c87857b1_super32k_v3,20-27,1.8374719619750977,1780357903.544026,1780357901.7058096,0,16,supersector32k,page_aware_slots,3,1000000,281768,117774,3000.0,0.0,0.0,0.0,0.0,111.555,3000.0,0.0,111.555,228.872,456929.28,45.814,117774,measure-dynamic-search,216.721,0.0,0.0,310.923,118.0,3000.0,0.0,118.0,307.0,483328.0,354.686,4096,measure-dynamic-search,4096,1000000,16,1000,281768,4313.309689,1124,281768,/mnt/nvme1n1/PipeANN-github/build_reviewed_20260602_querycache/tests/dynamic_update_suite_driver --mode measure-dynamic-search --source-prefix /mnt/nvme1n1/PipeANN-supersector32k-work/indexes/phaseC_cycle02_retrain_each_cycle_b0c87857b1_super32k_v3 --jsonl-output /mnt/nvme1n1/PipeANN-github/experiments/v100_background_interference_full_v5_v3raw_fixed_20260601T234715Z/tmp/during_background_0051_row0051.jsonl --insert-threads 16 --search-threads 1 --merge-threads 16 --build-l 220 --build-r 116 --beamwidth 4 --k 10 --cpu-cap 8 --metric l2 --route prefilter --search-l 50 --data-bin experiments/v100_pq_drift_1m_baseline_20260601T043217Z/data/phaseC_cycle02_live_data_by_tag.bin --base-label-file experiments/v100_pq_drift_1m_baseline_20260601T043217Z/labels/base_labels_1000000.spmat --query-bin /mnt/nvme1n1/PipeANN-github/experiments/r116_suite_pq16_aris_20260520_072453/data/sift_query_1000.bin --truthset-bin experiments/v100_pq_drift_1m_baseline_20260601T043217Z/truth/phaseC_cycle02_range_u3e-03.bin --query-label-file /mnt/nvme1n1/PipeANN-github/experiments/r116_suite_pq16_aris_20260520_072453/labels/query_1000_range_u3e-03.spmat --selector-type range --query-limit 1000,99.73,51,prefilter,281768,280644,50,range,True,u3e-03,supersector32k,True,page_aware_slots,3,4096,4096,/mnt/nvme1n1/PipeANN-supersector32k-work/indexes/phaseC_cycle02_retrain_each_cycle_b0c87857b1_super32k_v3,True,prefilter,51,True,50,range,/mnt/nvme1n1/PipeANN-github/experiments/v100_pq_drift_1m_baseline_20260601T043217Z/indexes/phaseC_cycle02_retrain_each_cycle,/mnt/nvme1n1/PipeANN-supersector32k-work/indexes/phaseC_cycle02_retrain_each_cycle_b0c87857b1_super32k_v3,retrain_each_cycle,ok,117774,1,0,/mnt/nvme1n1/PipeANN-github/experiments/v100_pq_drift_1m_baseline_20260601T043217Z/indexes/phaseC_cycle02_retrain_each_cycle,/mnt/nvme1n1/PipeANN-supersector32k-work/indexes/phaseC_cycle02_retrain_each_cycle_b0c87857b1_super32k_v3,retrain_each_cycle,0.231841
/mnt/nvme1n1/PipeANN-supersector32k-work/indexes/phaseC_cycle02_retrain_each_cycle_b0c87857b1_super32k_v3_disk.index,ok,32768,33,4096,3,prefilter,427.729632,16,u1e-02,10000.0,75,during_background,20-27,8,True,,0.427877,0,0,1,,10000,/mnt/nvme1n1/PipeANN-supersector32k-work/indexes/phaseC_cycle02_retrain_each_cycle_b0c87857b1_super32k_v3,20-27,2.071138381958008,1780357905.6227992,1780357903.5508833,0,16,supersector32k,page_aware_slots,3,1000000,281852,117774,10000.0,0.0,0.0,0.0,0.0,148.876,10000.0,0.0,148.876,424.582,609796.096,58.746,117774,measure-dynamic-search,425.256,0.0,0.0,466.923,156.0,10000.0,0.0,156.0,464.0,638976.0,495.832,4096,measure-dynamic-search,4096,1000000,16,1000,281852,2337.12241,1108,281852,/mnt/nvme1n1/PipeANN-github/build_reviewed_20260602_querycache/tests/dynamic_update_suite_driver --mode measure-dynamic-search --source-prefix /mnt/nvme1n1/PipeANN-supersector32k-work/indexes/phaseC_cycle02_retrain_each_cycle_b0c87857b1_super32k_v3 --jsonl-output /mnt/nvme1n1/PipeANN-github/experiments/v100_background_interference_full_v5_v3raw_fixed_20260601T234715Z/tmp/during_background_0052_row0052.jsonl --insert-threads 16 --search-threads 1 --merge-threads 16 --build-l 220 --build-r 116 --beamwidth 4 --k 10 --cpu-cap 8 --metric l2 --route prefilter --search-l 75 --data-bin experiments/v100_pq_drift_1m_baseline_20260601T043217Z/data/phaseC_cycle02_live_data_by_tag.bin --base-label-file experiments/v100_pq_drift_1m_baseline_20260601T043217Z/labels/base_labels_1000000.spmat --query-bin /mnt/nvme1n1/PipeANN-github/experiments/r116_suite_pq16_aris_20260520_072453/data/sift_query_1000.bin --truthset-bin experiments/v100_pq_drift_1m_baseline_20260601T043217Z/truth/phaseC_cycle02_range_u1e-02.bin --query-label-file /mnt/nvme1n1/PipeANN-github/experiments/r116_suite_pq16_aris_20260520_072453/labels/query_1000_range_u1e-02.spmat --selector-type range --query-limit 1000,99.55,52,prefilter,281852,280744,75,range,True,u1e-02,supersector32k,True,page_aware_slots,3,4096,4096,/mnt/nvme1n1/PipeANN-supersector32k-work/indexes/phaseC_cycle02_retrain_each_cycle_b0c87857b1_super32k_v3,True,prefilter,52,True,75,range,/mnt/nvme1n1/PipeANN-github/experiments/v100_pq_drift_1m_baseline_20260601T043217Z/indexes/phaseC_cycle02_retrain_each_cycle,/mnt/nvme1n1/PipeANN-supersector32k-work/indexes/phaseC_cycle02_retrain_each_cycle_b0c87857b1_super32k_v3,retrain_each_cycle,ok,117774,1,0,/mnt/nvme1n1/PipeANN-github/experiments/v100_pq_drift_1m_baseline_20260601T043217Z/indexes/phaseC_cycle02_retrain_each_cycle,/mnt/nvme1n1/PipeANN-supersector32k-work/indexes/phaseC_cycle02_retrain_each_cycle_b0c87857b1_super32k_v3,retrain_each_cycle,0.427877
/mnt/nvme1n1/PipeANN-supersector32k-work/indexes/phaseC_cycle02_retrain_each_cycle_b0c87857b1_super32k_v3_disk.index,ok,32768,33,4096,3,prefilter,1230.954358,16,u5e-02,50000.0,50,during_background,20-27,8,True,,1.231094,0,0,1,,10000,/mnt/nvme1n1/PipeANN-supersector32k-work/indexes/phaseC_cycle02_retrain_each_cycle_b0c87857b1_super32k_v3,20-27,2.878241539001465,1780357908.5087519,1780357905.6297224,0,16,supersector32k,page_aware_slots,3,1000000,281756,117774,50000.0,0.0,0.0,0.0,0.0,186.434,50000.0,0.0,186.434,1227.619,763633.664,108.084,117774,measure-dynamic-search,1224.296,0.0,0.0,1313.989,194.0,50000.0,0.0,194.0,1311.0,794624.0,1354.241,4096,measure-dynamic-search,4096,1000000,16,1000,281756,812.285677,1112,281756,/mnt/nvme1n1/PipeANN-github/build_reviewed_20260602_querycache/tests/dynamic_update_suite_driver --mode measure-dynamic-search --source-prefix /mnt/nvme1n1/PipeANN-supersector32k-work/indexes/phaseC_cycle02_retrain_each_cycle_b0c87857b1_super32k_v3 --jsonl-output /mnt/nvme1n1/PipeANN-github/experiments/v100_background_interference_full_v5_v3raw_fixed_20260601T234715Z/tmp/during_background_0053_row0053.jsonl --insert-threads 16 --search-threads 1 --merge-threads 16 --build-l 220 --build-r 116 --beamwidth 4 --k 10 --cpu-cap 8 --metric l2 --route prefilter --search-l 50 --data-bin experiments/v100_pq_drift_1m_baseline_20260601T043217Z/data/phaseC_cycle02_live_data_by_tag.bin --base-label-file experiments/v100_pq_drift_1m_baseline_20260601T043217Z/labels/base_labels_1000000.spmat --query-bin /mnt/nvme1n1/PipeANN-github/experiments/r116_suite_pq16_aris_20260520_072453/data/sift_query_1000.bin --truthset-bin experiments/v100_pq_drift_1m_baseline_20260601T043217Z/truth/phaseC_cycle02_range_u5e-02.bin --query-label-file /mnt/nvme1n1/PipeANN-github/experiments/r116_suite_pq16_aris_20260520_072453/labels/query_1000_range_u5e-02.spmat --selector-type range --query-limit 1000,99.3,53,prefilter,281756,280644,50,range,True,u5e-02,supersector32k,True,page_aware_slots,3,4096,4096,/mnt/nvme1n1/PipeANN-supersector32k-work/indexes/phaseC_cycle02_retrain_each_cycle_b0c87857b1_super32k_v3,True,prefilter,53,True,50,range,/mnt/nvme1n1/PipeANN-github/experiments/v100_pq_drift_1m_baseline_20260601T043217Z/indexes/phaseC_cycle02_retrain_each_cycle,/mnt/nvme1n1/PipeANN-supersector32k-work/indexes/phaseC_cycle02_retrain_each_cycle_b0c87857b1_super32k_v3,retrain_each_cycle,ok,117774,1,0,/mnt/nvme1n1/PipeANN-github/experiments/v100_pq_drift_1m_baseline_20260601T043217Z/indexes/phaseC_cycle02_retrain_each_cycle,/mnt/nvme1n1/PipeANN-supersector32k-work/indexes/phaseC_cycle02_retrain_each_cycle_b0c87857b1_super32k_v3,retrain_each_cycle,1.231094
/mnt/nvme1n1/PipeANN-supersector32k-work/indexes/phaseC_cycle02_retrain_each_cycle_b0c87857b1_super32k_v3_disk.index,ok,32768,33,4096,3,prefilter,1901.409038,16,u1e-01,100000.0,75,during_background,20-27,8,True,,1.901599,0,0,1,,10000,/mnt/nvme1n1/PipeANN-supersector32k-work/indexes/phaseC_cycle02_retrain_each_cycle_b0c87857b1_super32k_v3,20-27,3.5386123657226562,1780357912.0552607,1780357908.5158844,0,16,supersector32k,page_aware_slots,3,1000000,281848,117774,100000.0,0.0,0.0,0.0,0.0,184.611,100000.0,0.0,184.611,1897.662,756166.656,168.564,117774,measure-dynamic-search,1886.051,0.0,0.0,2042.005,192.0,100000.0,0.0,192.0,2038.0,786432.0,2175.549,4096,measure-dynamic-search,4096,1000000,16,1000,281848,525.873197,1004,281848,/mnt/nvme1n1/PipeANN-github/build_reviewed_20260602_querycache/tests/dynamic_update_suite_driver --mode measure-dynamic-search --source-prefix /mnt/nvme1n1/PipeANN-supersector32k-work/indexes/phaseC_cycle02_retrain_each_cycle_b0c87857b1_super32k_v3 --jsonl-output /mnt/nvme1n1/PipeANN-github/experiments/v100_background_interference_full_v5_v3raw_fixed_20260601T234715Z/tmp/during_background_0054_row0054.jsonl --insert-threads 16 --search-threads 1 --merge-threads 16 --build-l 220 --build-r 116 --beamwidth 4 --k 10 --cpu-cap 8 --metric l2 --route prefilter --search-l 75 --data-bin experiments/v100_pq_drift_1m_baseline_20260601T043217Z/data/phaseC_cycle02_live_data_by_tag.bin --base-label-file experiments/v100_pq_drift_1m_baseline_20260601T043217Z/labels/base_labels_1000000.spmat --query-bin /mnt/nvme1n1/PipeANN-github/experiments/r116_suite_pq16_aris_20260520_072453/data/sift_query_1000.bin --truthset-bin experiments/v100_pq_drift_1m_baseline_20260601T043217Z/truth/phaseC_cycle02_range_u1e-01.bin --query-label-file /mnt/nvme1n1/PipeANN-github/experiments/r116_suite_pq16_aris_20260520_072453/labels/query_1000_range_u1e-01.spmat --selector-type range --query-limit 1000,98.34,54,prefilter,281848,280844,75,range,True,u1e-01,supersector32k,True,page_aware_slots,3,4096,4096,/mnt/nvme1n1/PipeANN-supersector32k-work/indexes/phaseC_cycle02_retrain_each_cycle_b0c87857b1_super32k_v3,True,prefilter,54,True,75,range,/mnt/nvme1n1/PipeANN-github/experiments/v100_pq_drift_1m_baseline_20260601T043217Z/indexes/phaseC_cycle02_retrain_each_cycle,/mnt/nvme1n1/PipeANN-supersector32k-work/indexes/phaseC_cycle02_retrain_each_cycle_b0c87857b1_super32k_v3,retrain_each_cycle,ok,117774,1,0,/mnt/nvme1n1/PipeANN-github/experiments/v100_pq_drift_1m_baseline_20260601T043217Z/indexes/phaseC_cycle02_retrain_each_cycle,/mnt/nvme1n1/PipeANN-supersector32k-work/indexes/phaseC_cycle02_retrain_each_cycle_b0c87857b1_super32k_v3,retrain_each_cycle,1.901599
/mnt/nvme1n1/PipeANN-supersector32k-work/indexes/phaseC_cycle02_retrain_each_cycle_b0c87857b1_super32k_v3_disk.index,ok,32768,33,4096,3,prefilter,4002.963397,16,u25,250000.0,200,during_background,20-27,8,True,,4.003186,0,0,1,,10000,/mnt/nvme1n1/PipeANN-supersector32k-work/indexes/phaseC_cycle02_retrain_each_cycle_b0c87857b1_super32k_v3,20-27,5.658019781112671,1780357917.721319,1780357912.0625474,0,16,supersector32k,page_aware_slots,3,1000000,281740,117774,250000.0,0.0,0.0,0.0,0.0,230.233,250000.0,0.0,230.233,3998.917,943034.368,331.342,117774,measure-dynamic-search,3972.942,0.0,0.0,4219.583,239.0,250000.0,0.0,239.0,4216.0,978944.0,4559.148,4096,measure-dynamic-search,4096,1000000,16,1000,281740,249.801026,1064,281740,/mnt/nvme1n1/PipeANN-github/build_reviewed_20260602_querycache/tests/dynamic_update_suite_driver --mode measure-dynamic-search --source-prefix /mnt/nvme1n1/PipeANN-supersector32k-work/indexes/phaseC_cycle02_retrain_each_cycle_b0c87857b1_super32k_v3 --jsonl-output /mnt/nvme1n1/PipeANN-github/experiments/v100_background_interference_full_v5_v3raw_fixed_20260601T234715Z/tmp/during_background_0055_row0055.jsonl --insert-threads 16 --search-threads 1 --merge-threads 16 --build-l 220 --build-r 116 --beamwidth 4 --k 10 --cpu-cap 8 --metric l2 --route prefilter --search-l 200 --data-bin experiments/v100_pq_drift_1m_baseline_20260601T043217Z/data/phaseC_cycle02_live_data_by_tag.bin --base-label-file experiments/v100_pq_drift_1m_baseline_20260601T043217Z/labels/base_labels_1000000.spmat --query-bin /mnt/nvme1n1/PipeANN-github/experiments/r116_suite_pq16_aris_20260520_072453/data/sift_query_1000.bin --truthset-bin experiments/v100_pq_drift_1m_baseline_20260601T043217Z/truth/phaseC_cycle02_range_u25.bin --query-label-file /mnt/nvme1n1/PipeANN-github/experiments/r116_suite_pq16_aris_20260520_072453/labels/query_1000_range_u25.spmat --selector-type range --query-limit 1000,98.01,55,prefilter,281740,280676,200,range,True,u25,supersector32k,True,page_aware_slots,3,4096,4096,/mnt/nvme1n1/PipeANN-supersector32k-work/indexes/phaseC_cycle02_retrain_each_cycle_b0c87857b1_super32k_v3,True,prefilter,55,True,200,range,/mnt/nvme1n1/PipeANN-github/experiments/v100_pq_drift_1m_baseline_20260601T043217Z/indexes/phaseC_cycle02_retrain_each_cycle,/mnt/nvme1n1/PipeANN-supersector32k-work/indexes/phaseC_cycle02_retrain_each_cycle_b0c87857b1_super32k_v3,retrain_each_cycle,ok,117774,1,0,/mnt/nvme1n1/PipeANN-github/experiments/v100_pq_drift_1m_baseline_20260601T043217Z/indexes/phaseC_cycle02_retrain_each_cycle,/mnt/nvme1n1/PipeANN-supersector32k-work/indexes/phaseC_cycle02_retrain_each_cycle_b0c87857b1_super32k_v3,retrain_each_cycle,4.003186
/mnt/nvme1n1/PipeANN-supersector32k-work/indexes/phaseC_cycle02_retrain_each_cycle_b0c87857b1_super32k_v3_disk.index,ok,32768,33,4096,3,prefilter,4784.137346,16,u30,300000.0,300,during_background,20-27,8,True,,4.784412,0,0,1,,10000,/mnt/nvme1n1/PipeANN-supersector32k-work/indexes/phaseC_cycle02_retrain_each_cycle_b0c87857b1_super32k_v3,20-27,6.423057317733765,1780357924.1523788,1780357917.728589,0,16,supersector32k,page_aware_slots,3,1000000,281904,117774,300000.0,0.0,0.0,0.0,0.0,345.178,300000.0,0.0,345.178,4779.984,1413849.088,386.118,117774,measure-dynamic-search,4774.331,0.0,0.0,5050.888,355.0,300000.0,0.0,355.0,5047.0,1454080.0,5264.301,4096,measure-dynamic-search,4096,1000000,16,1000,281904,209.012086,1004,281904,/mnt/nvme1n1/PipeANN-github/build_reviewed_20260602_querycache/tests/dynamic_update_suite_driver --mode measure-dynamic-search --source-prefix /mnt/nvme1n1/PipeANN-supersector32k-work/indexes/phaseC_cycle02_retrain_each_cycle_b0c87857b1_super32k_v3 --jsonl-output /mnt/nvme1n1/PipeANN-github/experiments/v100_background_interference_full_v5_v3raw_fixed_20260601T234715Z/tmp/during_background_0056_row0056.jsonl --insert-threads 16 --search-threads 1 --merge-threads 16 --build-l 220 --build-r 116 --beamwidth 4 --k 10 --cpu-cap 8 --metric l2 --route prefilter --search-l 300 --data-bin experiments/v100_pq_drift_1m_baseline_20260601T043217Z/data/phaseC_cycle02_live_data_by_tag.bin --base-label-file experiments/v100_pq_drift_1m_baseline_20260601T043217Z/labels/base_labels_1000000.spmat --query-bin /mnt/nvme1n1/PipeANN-github/experiments/r116_suite_pq16_aris_20260520_072453/data/sift_query_1000.bin --truthset-bin experiments/v100_pq_drift_1m_baseline_20260601T043217Z/truth/phaseC_cycle02_range_u30.bin --query-label-file /mnt/nvme1n1/PipeANN-github/experiments/r116_suite_pq16_aris_20260520_072453/labels/query_1000_range_u30.spmat --selector-type range --query-limit 1000,99.0,56,prefilter,281904,280900,300,range,True,u30,supersector32k,True,page_aware_slots,3,4096,4096,/mnt/nvme1n1/PipeANN-supersector32k-work/indexes/phaseC_cycle02_retrain_each_cycle_b0c87857b1_super32k_v3,True,prefilter,56,True,300,range,/mnt/nvme1n1/PipeANN-github/experiments/v100_pq_drift_1m_baseline_20260601T043217Z/indexes/phaseC_cycle02_retrain_each_cycle,/mnt/nvme1n1/PipeANN-supersector32k-work/indexes/phaseC_cycle02_retrain_each_cycle_b0c87857b1_super32k_v3,retrain_each_cycle,ok,117774,1,0,/mnt/nvme1n1/PipeANN-github/experiments/v100_pq_drift_1m_baseline_20260601T043217Z/indexes/phaseC_cycle02_retrain_each_cycle,/mnt/nvme1n1/PipeANN-supersector32k-work/indexes/phaseC_cycle02_retrain_each_cycle_b0c87857b1_super32k_v3,retrain_each_cycle,4.784412
/mnt/nvme1n1/PipeANN-supersector32k-work/indexes/phaseC_cycle02_retrain_each_cycle_b0c87857b1_super32k_v3_disk.index,ok,32768,33,4096,3,prefilter,7497.170279,16,u50,500000.0,250,during_background,20-27,8,True,,7.497593,0,0,1,,10000,/mnt/nvme1n1/PipeANN-supersector32k-work/indexes/phaseC_cycle02_retrain_each_cycle_b0c87857b1_super32k_v3,20-27,9.21837854385376,1780357933.3788028,1780357924.15961,0,16,supersector32k,page_aware_slots,3,1000000,281628,117774,500000.0,0.0,0.0,0.0,0.0,288.587,500000.0,0.0,288.587,7488.517,1182052.352,636.987,117774,measure-dynamic-search,7490.421,0.0,0.0,7668.46,298.0,500000.0,0.0,298.0,7655.0,1220608.0,7940.077,4096,measure-dynamic-search,4096,1000000,16,1000,281628,133.376138,992,281628,/mnt/nvme1n1/PipeANN-github/build_reviewed_20260602_querycache/tests/dynamic_update_suite_driver --mode measure-dynamic-search --source-prefix /mnt/nvme1n1/PipeANN-supersector32k-work/indexes/phaseC_cycle02_retrain_each_cycle_b0c87857b1_super32k_v3 --jsonl-output /mnt/nvme1n1/PipeANN-github/experiments/v100_background_interference_full_v5_v3raw_fixed_20260601T234715Z/tmp/during_background_0057_row0057.jsonl --insert-threads 16 --search-threads 1 --merge-threads 16 --build-l 220 --build-r 116 --beamwidth 4 --k 10 --cpu-cap 8 --metric l2 --route prefilter --search-l 250 --data-bin experiments/v100_pq_drift_1m_baseline_20260601T043217Z/data/phaseC_cycle02_live_data_by_tag.bin --base-label-file experiments/v100_pq_drift_1m_baseline_20260601T043217Z/labels/base_labels_1000000.spmat --query-bin /mnt/nvme1n1/PipeANN-github/experiments/r116_suite_pq16_aris_20260520_072453/data/sift_query_1000.bin --truthset-bin experiments/v100_pq_drift_1m_baseline_20260601T043217Z/truth/phaseC_cycle02_range_u50.bin --query-label-file /mnt/nvme1n1/PipeANN-github/experiments/r116_suite_pq16_aris_20260520_072453/labels/query_1000_range_u50.spmat --selector-type range --query-limit 1000,98.15,57,prefilter,257024,280636,250,range,True,u50,supersector32k,True,page_aware_slots,3,4096,4096,/mnt/nvme1n1/PipeANN-supersector32k-work/indexes/phaseC_cycle02_retrain_each_cycle_b0c87857b1_super32k_v3,True,prefilter,57,True,250,range,/mnt/nvme1n1/PipeANN-github/experiments/v100_pq_drift_1m_baseline_20260601T043217Z/indexes/phaseC_cycle02_retrain_each_cycle,/mnt/nvme1n1/PipeANN-supersector32k-work/indexes/phaseC_cycle02_retrain_each_cycle_b0c87857b1_super32k_v3,retrain_each_cycle,ok,117774,1,0,/mnt/nvme1n1/PipeANN-github/experiments/v100_pq_drift_1m_baseline_20260601T043217Z/indexes/phaseC_cycle02_retrain_each_cycle,/mnt/nvme1n1/PipeANN-supersector32k-work/indexes/phaseC_cycle02_retrain_each_cycle_b0c87857b1_super32k_v3,retrain_each_cycle,7.497593
/mnt/nvme1n1/PipeANN-supersector32k-work/indexes/phaseC_cycle02_retrain_each_cycle_b0c87857b1_super32k_v3_disk.index,ok,32768,33,4096,3,mixed,5810.545164,16,u75,750000.0,400,during_background,20-27,8,True,,5.810885,0,1000,1,,10000,/mnt/nvme1n1/PipeANN-supersector32k-work/indexes/phaseC_cycle02_retrain_each_cycle_b0c87857b1_super32k_v3,20-27,7.381929397583008,1780357940.7689312,1780357933.3861587,0,16,supersector32k,page_aware_slots,3,1000000,295692,117774,750000.0,21218.836,0.0,5348.393,0.0,467.879,21218.836,0.0,467.879,5481.154,1916432.384,87.431,117774,measure-dynamic-search,5681.241,27189.0,0.0,6062.215,486.0,27189.0,0.0,486.0,5708.0,1990656.0,6496.143,4096,measure-dynamic-search,4096,1000000,16,0,295692,172.090815,13240,295692,/mnt/nvme1n1/PipeANN-github/build_reviewed_20260602_querycache/tests/dynamic_update_suite_driver --mode measure-dynamic-search --source-prefix /mnt/nvme1n1/PipeANN-supersector32k-work/indexes/phaseC_cycle02_retrain_each_cycle_b0c87857b1_super32k_v3 --jsonl-output /mnt/nvme1n1/PipeANN-github/experiments/v100_background_interference_full_v5_v3raw_fixed_20260601T234715Z/tmp/during_background_0058_row0058.jsonl --insert-threads 16 --search-threads 1 --merge-threads 16 --build-l 220 --build-r 116 --beamwidth 8 --k 10 --cpu-cap 8 --metric l2 --route graph --search-l 400 --data-bin experiments/v100_pq_drift_1m_baseline_20260601T043217Z/data/phaseC_cycle02_live_data_by_tag.bin --base-label-file experiments/v100_pq_drift_1m_baseline_20260601T043217Z/labels/base_labels_1000000.spmat --query-bin /mnt/nvme1n1/PipeANN-github/experiments/r116_suite_pq16_aris_20260520_072453/data/sift_query_1000.bin --truthset-bin experiments/v100_pq_drift_1m_baseline_20260601T043217Z/truth/phaseC_cycle02_range_u75.bin --query-label-file /mnt/nvme1n1/PipeANN-github/experiments/r116_suite_pq16_aris_20260520_072453/labels/query_1000_range_u75.spmat --selector-type range --query-limit 1000,98.43,58,graph,295692,282452,400,range,True,u75,supersector32k,True,page_aware_slots,3,4096,4096,/mnt/nvme1n1/PipeANN-supersector32k-work/indexes/phaseC_cycle02_retrain_each_cycle_b0c87857b1_super32k_v3,True,graph,58,True,400,range,/mnt/nvme1n1/PipeANN-github/experiments/v100_pq_drift_1m_baseline_20260601T043217Z/indexes/phaseC_cycle02_retrain_each_cycle,/mnt/nvme1n1/PipeANN-supersector32k-work/indexes/phaseC_cycle02_retrain_each_cycle_b0c87857b1_super32k_v3,retrain_each_cycle,ok,117774,1,0,/mnt/nvme1n1/PipeANN-github/experiments/v100_pq_drift_1m_baseline_20260601T043217Z/indexes/phaseC_cycle02_retrain_each_cycle,/mnt/nvme1n1/PipeANN-supersector32k-work/indexes/phaseC_cycle02_retrain_each_cycle_b0c87857b1_super32k_v3,retrain_each_cycle,5.810885
/mnt/nvme1n1/PipeANN-supersector32k-work/indexes/phaseC_cycle02_retrain_each_cycle_b0c87857b1_super32k_v3_disk.index,ok,32768,33,4096,3,mixed,7057.851784,16,u100,1000000.0,300,during_background,20-27,8,True,,7.05823,0,1000,1,,10000,/mnt/nvme1n1/PipeANN-supersector32k-work/indexes/phaseC_cycle02_retrain_each_cycle_b0c87857b1_super32k_v3,20-27,8.643412351608276,1780357949.4205785,1780357940.7763245,0,16,supersector32k,page_aware_slots,3,1000000,295244,117774,1000000.0,17246.715,0.0,6615.562,0.0,353.704,17246.715,0.0,353.704,6764.491,1448771.584,104.228,117774,measure-dynamic-search,7033.76,21787.0,0.0,7406.698,369.0,21787.0,0.0,369.0,7085.0,1511424.0,7727.775,4096,measure-dynamic-search,4096,1000000,16,0,295244,141.67857,14516,295244,/mnt/nvme1n1/PipeANN-github/build_reviewed_20260602_querycache/tests/dynamic_update_suite_driver --mode measure-dynamic-search --source-prefix /mnt/nvme1n1/PipeANN-supersector32k-work/indexes/phaseC_cycle02_retrain_each_cycle_b0c87857b1_super32k_v3 --jsonl-output /mnt/nvme1n1/PipeANN-github/experiments/v100_background_interference_full_v5_v3raw_fixed_20260601T234715Z/tmp/during_background_0059_row0059.jsonl --insert-threads 16 --search-threads 1 --merge-threads 16 --build-l 220 --build-r 116 --beamwidth 4 --k 10 --cpu-cap 8 --metric l2 --route graph --search-l 300 --data-bin experiments/v100_pq_drift_1m_baseline_20260601T043217Z/data/phaseC_cycle02_live_data_by_tag.bin --base-label-file experiments/v100_pq_drift_1m_baseline_20260601T043217Z/labels/base_labels_1000000.spmat --query-bin /mnt/nvme1n1/PipeANN-github/experiments/r116_suite_pq16_aris_20260520_072453/data/sift_query_1000.bin --truthset-bin experiments/v100_pq_drift_1m_baseline_20260601T043217Z/truth/phaseC_cycle02_range_u100.bin --query-label-file /mnt/nvme1n1/PipeANN-github/experiments/r116_suite_pq16_aris_20260520_072453/labels/query_1000_range_u100.spmat --selector-type range --query-limit 1000,98.23,59,graph,295244,280728,300,range,True,u100,supersector32k,True,page_aware_slots,3,4096,4096,/mnt/nvme1n1/PipeANN-supersector32k-work/indexes/phaseC_cycle02_retrain_each_cycle_b0c87857b1_super32k_v3,True,graph,59,True,300,range,/mnt/nvme1n1/PipeANN-github/experiments/v100_pq_drift_1m_baseline_20260601T043217Z/indexes/phaseC_cycle02_retrain_each_cycle,/mnt/nvme1n1/PipeANN-supersector32k-work/indexes/phaseC_cycle02_retrain_each_cycle_b0c87857b1_super32k_v3,retrain_each_cycle,ok,117774,1,0,/mnt/nvme1n1/PipeANN-github/experiments/v100_pq_drift_1m_baseline_20260601T043217Z/indexes/phaseC_cycle02_retrain_each_cycle,/mnt/nvme1n1/PipeANN-supersector32k-work/indexes/phaseC_cycle02_retrain_each_cycle_b0c87857b1_super32k_v3,retrain_each_cycle,7.05823
/mnt/nvme1n1/PipeANN-supersector32k-work/indexes/phaseC_cycle02_no_retrain_after_insert_ffe0b288c9_super32k_v3_disk.index,ok,32768,33,4096,3,prefilter,196.596915,16,u1e-03,1000.0,50,during_background,20-27,8,True,,0.196737,0,0,1,,10000,/mnt/nvme1n1/PipeANN-supersector32k-work/indexes/phaseC_cycle02_no_retrain_after_insert_ffe0b288c9_super32k_v3,20-27,2.3220832347869873,1780357951.7508986,1780357949.4280024,0,16,supersector32k,page_aware_slots,3,1000000,285764,98030,1000.0,0.0,0.0,0.0,0.0,110.714,1000.0,0.0,110.714,193.585,453484.544,49.699,98030,measure-dynamic-search,194.786,0.0,0.0,217.463,115.0,1000.0,0.0,115.0,214.0,471040.0,250.999,4096,measure-dynamic-search,4096,1000000,16,1000,285764,5082.921795,1312,285764,/mnt/nvme1n1/PipeANN-github/build_reviewed_20260602_querycache/tests/dynamic_update_suite_driver --mode measure-dynamic-search --source-prefix /mnt/nvme1n1/PipeANN-supersector32k-work/indexes/phaseC_cycle02_no_retrain_after_insert_ffe0b288c9_super32k_v3 --jsonl-output /mnt/nvme1n1/PipeANN-github/experiments/v100_background_interference_full_v5_v3raw_fixed_20260601T234715Z/tmp/during_background_0060_row0060.jsonl --insert-threads 16 --search-threads 1 --merge-threads 16 --build-l 220 --build-r 116 --beamwidth 4 --k 10 --cpu-cap 8 --metric l2 --route prefilter --search-l 50 --data-bin experiments/v100_pq_drift_1m_baseline_20260601T043217Z/data/phaseC_cycle02_live_data_by_tag.bin --base-label-file experiments/v100_pq_drift_1m_baseline_20260601T043217Z/labels/base_labels_1000000.spmat --query-bin /mnt/nvme1n1/PipeANN-github/experiments/r116_suite_pq16_aris_20260520_072453/data/sift_query_1000.bin --truthset-bin experiments/v100_pq_drift_1m_baseline_20260601T043217Z/truth/phaseC_cycle02_intersect_u1e-03.bin --query-label-file /mnt/nvme1n1/PipeANN-github/experiments/r116_suite_pq16_aris_20260520_072453/labels/query_1000_u1e-03.spmat --selector-type intersect --query-limit 1000,99.97,60,prefilter,285764,284452,50,intersect,True,u1e-03,supersector32k,True,page_aware_slots,3,4096,4096,/mnt/nvme1n1/PipeANN-supersector32k-work/indexes/phaseC_cycle02_no_retrain_after_insert_ffe0b288c9_super32k_v3,True,prefilter,60,True,50,intersect,/mnt/nvme1n1/PipeANN-github/experiments/v100_pq_drift_1m_baseline_20260601T043217Z/indexes/phaseC_cycle02_no_retrain_after_insert,/mnt/nvme1n1/PipeANN-supersector32k-work/indexes/phaseC_cycle02_no_retrain_after_insert_ffe0b288c9_super32k_v3,no_retrain_across_cycles,ok,98030,1,0,/mnt/nvme1n1/PipeANN-github/experiments/v100_pq_drift_1m_baseline_20260601T043217Z/indexes/phaseC_cycle02_no_retrain_after_insert,/mnt/nvme1n1/PipeANN-supersector32k-work/indexes/phaseC_cycle02_no_retrain_after_insert_ffe0b288c9_super32k_v3,no_retrain_across_cycles,0.196737
/mnt/nvme1n1/PipeANN-supersector32k-work/indexes/phaseC_cycle02_no_retrain_after_insert_ffe0b288c9_super32k_v3_disk.index,ok,32768,33,4096,3,prefilter,303.199952,16,u3e-03,3000.0,75,during_background,20-27,8,True,,0.30341,0,0,1,,10000,/mnt/nvme1n1/PipeANN-supersector32k-work/indexes/phaseC_cycle02_no_retrain_after_insert_ffe0b288c9_super32k_v3,20-27,2.5118868350982666,1780357954.2710106,1780357951.7583194,0,16,supersector32k,page_aware_slots,3,1000000,285772,98030,3000.0,0.0,0.0,0.0,0.0,110.799,3000.0,0.0,110.799,299.985,453832.704,79.743,98030,measure-dynamic-search,297.193,0.0,0.0,334.923,117.0,3000.0,0.0,117.0,332.0,479232.0,364.192,4096,measure-dynamic-search,4096,1000000,16,1000,285772,3295.867689,1260,285772,/mnt/nvme1n1/PipeANN-github/build_reviewed_20260602_querycache/tests/dynamic_update_suite_driver --mode measure-dynamic-search --source-prefix /mnt/nvme1n1/PipeANN-supersector32k-work/indexes/phaseC_cycle02_no_retrain_after_insert_ffe0b288c9_super32k_v3 --jsonl-output /mnt/nvme1n1/PipeANN-github/experiments/v100_background_interference_full_v5_v3raw_fixed_20260601T234715Z/tmp/during_background_0061_row0061.jsonl --insert-threads 16 --search-threads 1 --merge-threads 16 --build-l 220 --build-r 116 --beamwidth 4 --k 10 --cpu-cap 8 --metric l2 --route prefilter --search-l 75 --data-bin experiments/v100_pq_drift_1m_baseline_20260601T043217Z/data/phaseC_cycle02_live_data_by_tag.bin --base-label-file experiments/v100_pq_drift_1m_baseline_20260601T043217Z/labels/base_labels_1000000.spmat --query-bin /mnt/nvme1n1/PipeANN-github/experiments/r116_suite_pq16_aris_20260520_072453/data/sift_query_1000.bin --truthset-bin experiments/v100_pq_drift_1m_baseline_20260601T043217Z/truth/phaseC_cycle02_intersect_u3e-03.bin --query-label-file /mnt/nvme1n1/PipeANN-github/experiments/r116_suite_pq16_aris_20260520_072453/labels/query_1000_u3e-03.spmat --selector-type intersect --query-limit 1000,99.68,61,prefilter,285772,284512,75,intersect,True,u3e-03,supersector32k,True,page_aware_slots,3,4096,4096,/mnt/nvme1n1/PipeANN-supersector32k-work/indexes/phaseC_cycle02_no_retrain_after_insert_ffe0b288c9_super32k_v3,True,prefilter,61,True,75,intersect,/mnt/nvme1n1/PipeANN-github/experiments/v100_pq_drift_1m_baseline_20260601T043217Z/indexes/phaseC_cycle02_no_retrain_after_insert,/mnt/nvme1n1/PipeANN-supersector32k-work/indexes/phaseC_cycle02_no_retrain_after_insert_ffe0b288c9_super32k_v3,no_retrain_across_cycles,ok,98030,1,0,/mnt/nvme1n1/PipeANN-github/experiments/v100_pq_drift_1m_baseline_20260601T043217Z/indexes/phaseC_cycle02_no_retrain_after_insert,/mnt/nvme1n1/PipeANN-supersector32k-work/indexes/phaseC_cycle02_no_retrain_after_insert_ffe0b288c9_super32k_v3,no_retrain_across_cycles,0.30341
/mnt/nvme1n1/PipeANN-supersector32k-work/indexes/phaseC_cycle02_no_retrain_after_insert_ffe0b288c9_super32k_v3_disk.index,ok,32768,33,4096,3,prefilter,581.728919,16,u1e-02,10000.0,50,during_background,20-27,8,True,,0.581952,0,0,1,,10000,/mnt/nvme1n1/PipeANN-supersector32k-work/indexes/phaseC_cycle02_no_retrain_after_insert_ffe0b288c9_super32k_v3,20-27,2.7634177207946777,1780357957.0426939,1780357954.2784688,0,16,supersector32k,page_aware_slots,3,1000000,285852,98030,10000.0,0.0,0.0,0.0,0.0,148.039,10000.0,0.0,148.039,578.17,606367.744,154.681,98030,measure-dynamic-search,577.168,0.0,0.0,625.413,156.0,10000.0,0.0,156.0,622.0,638976.0,657.717,4096,measure-dynamic-search,4096,1000000,16,1000,285852,1718.354297,1384,285852,/mnt/nvme1n1/PipeANN-github/build_reviewed_20260602_querycache/tests/dynamic_update_suite_driver --mode measure-dynamic-search --source-prefix /mnt/nvme1n1/PipeANN-supersector32k-work/indexes/phaseC_cycle02_no_retrain_after_insert_ffe0b288c9_super32k_v3 --jsonl-output /mnt/nvme1n1/PipeANN-github/experiments/v100_background_interference_full_v5_v3raw_fixed_20260601T234715Z/tmp/during_background_0062_row0062.jsonl --insert-threads 16 --search-threads 1 --merge-threads 16 --build-l 220 --build-r 116 --beamwidth 4 --k 10 --cpu-cap 8 --metric l2 --route prefilter --search-l 50 --data-bin experiments/v100_pq_drift_1m_baseline_20260601T043217Z/data/phaseC_cycle02_live_data_by_tag.bin --base-label-file experiments/v100_pq_drift_1m_baseline_20260601T043217Z/labels/base_labels_1000000.spmat --query-bin /mnt/nvme1n1/PipeANN-github/experiments/r116_suite_pq16_aris_20260520_072453/data/sift_query_1000.bin --truthset-bin experiments/v100_pq_drift_1m_baseline_20260601T043217Z/truth/phaseC_cycle02_intersect_u1e-02.bin --query-label-file /mnt/nvme1n1/PipeANN-github/experiments/r116_suite_pq16_aris_20260520_072453/labels/query_1000_u1e-02.spmat --selector-type intersect --query-limit 1000,99.53,62,prefilter,285852,284468,50,intersect,True,u1e-02,supersector32k,True,page_aware_slots,3,4096,4096,/mnt/nvme1n1/PipeANN-supersector32k-work/indexes/phaseC_cycle02_no_retrain_after_insert_ffe0b288c9_super32k_v3,True,prefilter,62,True,50,intersect,/mnt/nvme1n1/PipeANN-github/experiments/v100_pq_drift_1m_baseline_20260601T043217Z/indexes/phaseC_cycle02_no_retrain_after_insert,/mnt/nvme1n1/PipeANN-supersector32k-work/indexes/phaseC_cycle02_no_retrain_after_insert_ffe0b288c9_super32k_v3,no_retrain_across_cycles,ok,98030,1,0,/mnt/nvme1n1/PipeANN-github/experiments/v100_pq_drift_1m_baseline_20260601T043217Z/indexes/phaseC_cycle02_no_retrain_after_insert,/mnt/nvme1n1/PipeANN-supersector32k-work/indexes/phaseC_cycle02_no_retrain_after_insert_ffe0b288c9_super32k_v3,no_retrain_across_cycles,0.581952
/mnt/nvme1n1/PipeANN-supersector32k-work/indexes/phaseC_cycle02_no_retrain_after_insert_ffe0b288c9_super32k_v3_disk.index,ok,32768,33,4096,3,prefilter,1442.014436,16,u5e-02,50000.0,50,during_background,20-27,8,True,,1.442303,0,0,1,,10000,/mnt/nvme1n1/PipeANN-supersector32k-work/indexes/phaseC_cycle02_no_retrain_after_insert_ffe0b288c9_super32k_v3,20-27,3.6318538188934326,1780357960.68277,1780357957.050095,0,16,supersector32k,page_aware_slots,3,1000000,285804,98030,50000.0,0.0,0.0,0.0,0.0,184.267,50000.0,0.0,184.267,1438.506,754757.632,250.064,98030,measure-dynamic-search,1438.526,0.0,0.0,1515.581,191.0,50000.0,0.0,191.0,1511.0,782336.0,1594.926,4096,measure-dynamic-search,4096,1000000,16,1000,285804,693.335365,1384,285804,/mnt/nvme1n1/PipeANN-github/build_reviewed_20260602_querycache/tests/dynamic_update_suite_driver --mode measure-dynamic-search --source-prefix /mnt/nvme1n1/PipeANN-supersector32k-work/indexes/phaseC_cycle02_no_retrain_after_insert_ffe0b288c9_super32k_v3 --jsonl-output /mnt/nvme1n1/PipeANN-github/experiments/v100_background_interference_full_v5_v3raw_fixed_20260601T234715Z/tmp/during_background_0063_row0063.jsonl --insert-threads 16 --search-threads 1 --merge-threads 16 --build-l 220 --build-r 116 --beamwidth 4 --k 10 --cpu-cap 8 --metric l2 --route prefilter --search-l 50 --data-bin experiments/v100_pq_drift_1m_baseline_20260601T043217Z/data/phaseC_cycle02_live_data_by_tag.bin --base-label-file experiments/v100_pq_drift_1m_baseline_20260601T043217Z/labels/base_labels_1000000.spmat --query-bin /mnt/nvme1n1/PipeANN-github/experiments/r116_suite_pq16_aris_20260520_072453/data/sift_query_1000.bin --truthset-bin experiments/v100_pq_drift_1m_baseline_20260601T043217Z/truth/phaseC_cycle02_intersect_u5e-02.bin --query-label-file /mnt/nvme1n1/PipeANN-github/experiments/r116_suite_pq16_aris_20260520_072453/labels/query_1000_u5e-02.spmat --selector-type intersect --query-limit 1000,99.19,63,prefilter,285804,284420,50,intersect,True,u5e-02,supersector32k,True,page_aware_slots,3,4096,4096,/mnt/nvme1n1/PipeANN-supersector32k-work/indexes/phaseC_cycle02_no_retrain_after_insert_ffe0b288c9_super32k_v3,True,prefilter,63,True,50,intersect,/mnt/nvme1n1/PipeANN-github/experiments/v100_pq_drift_1m_baseline_20260601T043217Z/indexes/phaseC_cycle02_no_retrain_after_insert,/mnt/nvme1n1/PipeANN-supersector32k-work/indexes/phaseC_cycle02_no_retrain_after_insert_ffe0b288c9_super32k_v3,no_retrain_across_cycles,ok,98030,1,0,/mnt/nvme1n1/PipeANN-github/experiments/v100_pq_drift_1m_baseline_20260601T043217Z/indexes/phaseC_cycle02_no_retrain_after_insert,/mnt/nvme1n1/PipeANN-supersector32k-work/indexes/phaseC_cycle02_no_retrain_after_insert_ffe0b288c9_super32k_v3,no_retrain_across_cycles,1.442303
/mnt/nvme1n1/PipeANN-supersector32k-work/indexes/phaseC_cycle02_no_retrain_after_insert_ffe0b288c9_super32k_v3_disk.index,ok,32768,33,4096,3,prefilter,2236.851362,16,u1e-01,100000.0,50,during_background,20-27,8,True,,2.237223,0,0,1,,10000,/mnt/nvme1n1/PipeANN-supersector32k-work/indexes/phaseC_cycle02_no_retrain_after_insert_ffe0b288c9_super32k_v3,20-27,4.452991247177124,1780357965.1440175,1780357960.690195,0,16,supersector32k,page_aware_slots,3,1000000,285920,98030,100000.0,0.0,0.0,0.0,0.0,184.323,100000.0,0.0,184.323,2232.879,754987.008,293.986,98030,measure-dynamic-search,2223.929,0.0,0.0,2324.68,192.0,100000.0,0.0,192.0,2321.0,786432.0,2522.826,4096,measure-dynamic-search,4096,1000000,16,1000,285920,446.982687,1480,285920,/mnt/nvme1n1/PipeANN-github/build_reviewed_20260602_querycache/tests/dynamic_update_suite_driver --mode measure-dynamic-search --source-prefix /mnt/nvme1n1/PipeANN-supersector32k-work/indexes/phaseC_cycle02_no_retrain_after_insert_ffe0b288c9_super32k_v3 --jsonl-output /mnt/nvme1n1/PipeANN-github/experiments/v100_background_interference_full_v5_v3raw_fixed_20260601T234715Z/tmp/during_background_0064_row0064.jsonl --insert-threads 16 --search-threads 1 --merge-threads 16 --build-l 220 --build-r 116 --beamwidth 4 --k 10 --cpu-cap 8 --metric l2 --route prefilter --search-l 50 --data-bin experiments/v100_pq_drift_1m_baseline_20260601T043217Z/data/phaseC_cycle02_live_data_by_tag.bin --base-label-file experiments/v100_pq_drift_1m_baseline_20260601T043217Z/labels/base_labels_1000000.spmat --query-bin /mnt/nvme1n1/PipeANN-github/experiments/r116_suite_pq16_aris_20260520_072453/data/sift_query_1000.bin --truthset-bin experiments/v100_pq_drift_1m_baseline_20260601T043217Z/truth/phaseC_cycle02_intersect_u1e-01.bin --query-label-file /mnt/nvme1n1/PipeANN-github/experiments/r116_suite_pq16_aris_20260520_072453/labels/query_1000_u1e-01.spmat --selector-type intersect --query-limit 1000,98.69,64,prefilter,285920,284440,50,intersect,True,u1e-01,supersector32k,True,page_aware_slots,3,4096,4096,/mnt/nvme1n1/PipeANN-supersector32k-work/indexes/phaseC_cycle02_no_retrain_after_insert_ffe0b288c9_super32k_v3,True,prefilter,64,True,50,intersect,/mnt/nvme1n1/PipeANN-github/experiments/v100_pq_drift_1m_baseline_20260601T043217Z/indexes/phaseC_cycle02_no_retrain_after_insert,/mnt/nvme1n1/PipeANN-supersector32k-work/indexes/phaseC_cycle02_no_retrain_after_insert_ffe0b288c9_super32k_v3,no_retrain_across_cycles,ok,98030,1,0,/mnt/nvme1n1/PipeANN-github/experiments/v100_pq_drift_1m_baseline_20260601T043217Z/indexes/phaseC_cycle02_no_retrain_after_insert,/mnt/nvme1n1/PipeANN-supersector32k-work/indexes/phaseC_cycle02_no_retrain_after_insert_ffe0b288c9_super32k_v3,no_retrain_across_cycles,2.237223
/mnt/nvme1n1/PipeANN-supersector32k-work/indexes/phaseC_cycle02_no_retrain_after_insert_ffe0b288c9_super32k_v3_disk.index,ok,32768,33,4096,3,prefilter,4458.480505,16,u25,250000.0,150,during_background,20-27,8,True,,4.458897,0,0,1,,10000,/mnt/nvme1n1/PipeANN-supersector32k-work/indexes/phaseC_cycle02_no_retrain_after_insert_ffe0b288c9_super32k_v3,20-27,6.639574766159058,1780357971.7917461,1780357965.1513827,0,16,supersector32k,page_aware_slots,3,1000000,285900,98030,250000.0,0.0,0.0,0.0,0.0,222.434,250000.0,0.0,222.434,4452.91,911089.664,401.723,98030,measure-dynamic-search,4436.983,0.0,0.0,4597.003,231.0,250000.0,0.0,231.0,4592.0,946176.0,4780.011,4096,measure-dynamic-search,4096,1000000,16,1000,285900,224.270693,1452,285900,/mnt/nvme1n1/PipeANN-github/build_reviewed_20260602_querycache/tests/dynamic_update_suite_driver --mode measure-dynamic-search --source-prefix /mnt/nvme1n1/PipeANN-supersector32k-work/indexes/phaseC_cycle02_no_retrain_after_insert_ffe0b288c9_super32k_v3 --jsonl-output /mnt/nvme1n1/PipeANN-github/experiments/v100_background_interference_full_v5_v3raw_fixed_20260601T234715Z/tmp/during_background_0065_row0065.jsonl --insert-threads 16 --search-threads 1 --merge-threads 16 --build-l 220 --build-r 116 --beamwidth 4 --k 10 --cpu-cap 8 --metric l2 --route prefilter --search-l 150 --data-bin experiments/v100_pq_drift_1m_baseline_20260601T043217Z/data/phaseC_cycle02_live_data_by_tag.bin --base-label-file experiments/v100_pq_drift_1m_baseline_20260601T043217Z/labels/base_labels_1000000.spmat --query-bin /mnt/nvme1n1/PipeANN-github/experiments/r116_suite_pq16_aris_20260520_072453/data/sift_query_1000.bin --truthset-bin experiments/v100_pq_drift_1m_baseline_20260601T043217Z/truth/phaseC_cycle02_intersect_u25.bin --query-label-file /mnt/nvme1n1/PipeANN-github/experiments/r116_suite_pq16_aris_20260520_072453/labels/query_1000_u25.spmat --selector-type intersect --query-limit 1000,98.26,65,prefilter,285900,284448,150,intersect,True,u25,supersector32k,True,page_aware_slots,3,4096,4096,/mnt/nvme1n1/PipeANN-supersector32k-work/indexes/phaseC_cycle02_no_retrain_after_insert_ffe0b288c9_super32k_v3,True,prefilter,65,True,150,intersect,/mnt/nvme1n1/PipeANN-github/experiments/v100_pq_drift_1m_baseline_20260601T043217Z/indexes/phaseC_cycle02_no_retrain_after_insert,/mnt/nvme1n1/PipeANN-supersector32k-work/indexes/phaseC_cycle02_no_retrain_after_insert_ffe0b288c9_super32k_v3,no_retrain_across_cycles,ok,98030,1,0,/mnt/nvme1n1/PipeANN-github/experiments/v100_pq_drift_1m_baseline_20260601T043217Z/indexes/phaseC_cycle02_no_retrain_after_insert,/mnt/nvme1n1/PipeANN-supersector32k-work/indexes/phaseC_cycle02_no_retrain_after_insert_ffe0b288c9_super32k_v3,no_retrain_across_cycles,4.458897
/mnt/nvme1n1/PipeANN-supersector32k-work/indexes/phaseC_cycle02_no_retrain_after_insert_ffe0b288c9_super32k_v3_disk.index,ok,32768,33,4096,3,prefilter,5158.281994,16,u30,300000.0,75,during_background,20-27,8,True,,5.158673,0,0,1,,10000,/mnt/nvme1n1/PipeANN-supersector32k-work/indexes/phaseC_cycle02_no_retrain_after_insert_ffe0b288c9_super32k_v3,20-27,7.382014274597168,1780357979.1818857,1780357971.7990558,0,16,supersector32k,page_aware_slots,3,1000000,285620,98030,300000.0,0.0,0.0,0.0,0.0,222.366,300000.0,0.0,222.366,5150.946,910811.136,450.046,98030,measure-dynamic-search,5157.264,0.0,0.0,5343.812,231.0,300000.0,0.0,231.0,5335.0,946176.0,5564.295,4096,measure-dynamic-search,4096,1000000,16,1000,285620,193.848316,1256,285620,/mnt/nvme1n1/PipeANN-github/build_reviewed_20260602_querycache/tests/dynamic_update_suite_driver --mode measure-dynamic-search --source-prefix /mnt/nvme1n1/PipeANN-supersector32k-work/indexes/phaseC_cycle02_no_retrain_after_insert_ffe0b288c9_super32k_v3 --jsonl-output /mnt/nvme1n1/PipeANN-github/experiments/v100_background_interference_full_v5_v3raw_fixed_20260601T234715Z/tmp/during_background_0066_row0066.jsonl --insert-threads 16 --search-threads 1 --merge-threads 16 --build-l 220 --build-r 116 --beamwidth 4 --k 10 --cpu-cap 8 --metric l2 --route prefilter --search-l 75 --data-bin experiments/v100_pq_drift_1m_baseline_20260601T043217Z/data/phaseC_cycle02_live_data_by_tag.bin --base-label-file experiments/v100_pq_drift_1m_baseline_20260601T043217Z/labels/base_labels_1000000.spmat --query-bin /mnt/nvme1n1/PipeANN-github/experiments/r116_suite_pq16_aris_20260520_072453/data/sift_query_1000.bin --truthset-bin experiments/v100_pq_drift_1m_baseline_20260601T043217Z/truth/phaseC_cycle02_intersect_u30.bin --query-label-file /mnt/nvme1n1/PipeANN-github/experiments/r116_suite_pq16_aris_20260520_072453/labels/query_1000_u30.spmat --selector-type intersect --query-limit 1000,98.06,66,prefilter,285620,284364,75,intersect,True,u30,supersector32k,True,page_aware_slots,3,4096,4096,/mnt/nvme1n1/PipeANN-supersector32k-work/indexes/phaseC_cycle02_no_retrain_after_insert_ffe0b288c9_super32k_v3,True,prefilter,66,True,75,intersect,/mnt/nvme1n1/PipeANN-github/experiments/v100_pq_drift_1m_baseline_20260601T043217Z/indexes/phaseC_cycle02_no_retrain_after_insert,/mnt/nvme1n1/PipeANN-supersector32k-work/indexes/phaseC_cycle02_no_retrain_after_insert_ffe0b288c9_super32k_v3,no_retrain_across_cycles,ok,98030,1,0,/mnt/nvme1n1/PipeANN-github/experiments/v100_pq_drift_1m_baseline_20260601T043217Z/indexes/phaseC_cycle02_no_retrain_after_insert,/mnt/nvme1n1/PipeANN-supersector32k-work/indexes/phaseC_cycle02_no_retrain_after_insert_ffe0b288c9_super32k_v3,no_retrain_across_cycles,5.158673
/mnt/nvme1n1/PipeANN-supersector32k-work/indexes/phaseC_cycle02_no_retrain_after_insert_ffe0b288c9_super32k_v3_disk.index,ok,32768,33,4096,3,prefilter,7849.642413,16,u50,500000.0,250,during_background,20-27,8,True,,7.850529,0,0,1,,10000,/mnt/nvme1n1/PipeANN-supersector32k-work/indexes/phaseC_cycle02_no_retrain_after_insert_ffe0b288c9_super32k_v3,20-27,10.219724416732788,1780357989.409462,1780357979.188966,0,16,supersector32k,page_aware_slots,3,1000000,285768,98030,500000.0,0.0,0.0,0.0,0.0,288.608,500000.0,0.0,288.608,7844.015,1182138.368,631.097,98030,measure-dynamic-search,7758.764,0.0,0.0,8353.278,298.0,500000.0,0.0,298.0,8348.0,1220608.0,9123.297,4096,measure-dynamic-search,4096,1000000,16,1000,285768,127.379953,1404,285768,/mnt/nvme1n1/PipeANN-github/build_reviewed_20260602_querycache/tests/dynamic_update_suite_driver --mode measure-dynamic-search --source-prefix /mnt/nvme1n1/PipeANN-supersector32k-work/indexes/phaseC_cycle02_no_retrain_after_insert_ffe0b288c9_super32k_v3 --jsonl-output /mnt/nvme1n1/PipeANN-github/experiments/v100_background_interference_full_v5_v3raw_fixed_20260601T234715Z/tmp/during_background_0067_row0067.jsonl --insert-threads 16 --search-threads 1 --merge-threads 16 --build-l 220 --build-r 116 --beamwidth 4 --k 10 --cpu-cap 8 --metric l2 --route prefilter --search-l 250 --data-bin experiments/v100_pq_drift_1m_baseline_20260601T043217Z/data/phaseC_cycle02_live_data_by_tag.bin --base-label-file experiments/v100_pq_drift_1m_baseline_20260601T043217Z/labels/base_labels_1000000.spmat --query-bin /mnt/nvme1n1/PipeANN-github/experiments/r116_suite_pq16_aris_20260520_072453/data/sift_query_1000.bin --truthset-bin experiments/v100_pq_drift_1m_baseline_20260601T043217Z/truth/phaseC_cycle02_intersect_u50.bin --query-label-file /mnt/nvme1n1/PipeANN-github/experiments/r116_suite_pq16_aris_20260520_072453/labels/query_1000_u50.spmat --selector-type intersect --query-limit 1000,98.3,67,prefilter,285768,284364,250,intersect,True,u50,supersector32k,True,page_aware_slots,3,4096,4096,/mnt/nvme1n1/PipeANN-supersector32k-work/indexes/phaseC_cycle02_no_retrain_after_insert_ffe0b288c9_super32k_v3,True,prefilter,67,True,250,intersect,/mnt/nvme1n1/PipeANN-github/experiments/v100_pq_drift_1m_baseline_20260601T043217Z/indexes/phaseC_cycle02_no_retrain_after_insert,/mnt/nvme1n1/PipeANN-supersector32k-work/indexes/phaseC_cycle02_no_retrain_after_insert_ffe0b288c9_super32k_v3,no_retrain_across_cycles,ok,98030,1,0,/mnt/nvme1n1/PipeANN-github/experiments/v100_pq_drift_1m_baseline_20260601T043217Z/indexes/phaseC_cycle02_no_retrain_after_insert,/mnt/nvme1n1/PipeANN-supersector32k-work/indexes/phaseC_cycle02_no_retrain_after_insert_ffe0b288c9_super32k_v3,no_retrain_across_cycles,7.850529
/mnt/nvme1n1/PipeANN-supersector32k-work/indexes/phaseC_cycle02_no_retrain_after_insert_ffe0b288c9_super32k_v3_disk.index,ok,32768,33,4096,3,graph,6599.393454,16,u75,750000.0,470,during_background,20-27,8,True,,6.599661,0,0,1,,10000,/mnt/nvme1n1/PipeANN-supersector32k-work/indexes/phaseC_cycle02_no_retrain_after_insert_ffe0b288c9_super32k_v3,20-27,8.763381481170654,1780357998.180927,1780357989.4167626,1000,16,supersector32k,page_aware_slots,3,1000000,300712,98030,750000.0,21053.891,0.0,6163.059,0.0,551.915,21053.891,0.0,551.915,6264.158,2260643.84,19.451,98030,measure-dynamic-search,6560.174,27410.0,0.0,6951.399,569.0,27410.0,0.0,569.0,6623.0,2330624.0,7422.707,4096,measure-dynamic-search,4096,1000000,16,0,300712,151.522927,16392,300712,/mnt/nvme1n1/PipeANN-github/build_reviewed_20260602_querycache/tests/dynamic_update_suite_driver --mode measure-dynamic-search --source-prefix /mnt/nvme1n1/PipeANN-supersector32k-work/indexes/phaseC_cycle02_no_retrain_after_insert_ffe0b288c9_super32k_v3 --jsonl-output /mnt/nvme1n1/PipeANN-github/experiments/v100_background_interference_full_v5_v3raw_fixed_20260601T234715Z/tmp/during_background_0068_row0068.jsonl --insert-threads 16 --search-threads 1 --merge-threads 16 --build-l 220 --build-r 116 --beamwidth 8 --k 10 --cpu-cap 8 --metric l2 --route graph --search-l 470 --data-bin experiments/v100_pq_drift_1m_baseline_20260601T043217Z/data/phaseC_cycle02_live_data_by_tag.bin --base-label-file experiments/v100_pq_drift_1m_baseline_20260601T043217Z/labels/base_labels_1000000.spmat --query-bin /mnt/nvme1n1/PipeANN-github/experiments/r116_suite_pq16_aris_20260520_072453/data/sift_query_1000.bin --truthset-bin experiments/v100_pq_drift_1m_baseline_20260601T043217Z/truth/phaseC_cycle02_intersect_u75.bin --query-label-file /mnt/nvme1n1/PipeANN-github/experiments/r116_suite_pq16_aris_20260520_072453/labels/query_1000_u75.spmat --selector-type intersect --query-limit 1000,98.41,68,graph,300712,284320,470,intersect,True,u75,supersector32k,True,page_aware_slots,3,4096,4096,/mnt/nvme1n1/PipeANN-supersector32k-work/indexes/phaseC_cycle02_no_retrain_after_insert_ffe0b288c9_super32k_v3,True,graph,68,True,470,intersect,/mnt/nvme1n1/PipeANN-github/experiments/v100_pq_drift_1m_baseline_20260601T043217Z/indexes/phaseC_cycle02_no_retrain_after_insert,/mnt/nvme1n1/PipeANN-supersector32k-work/indexes/phaseC_cycle02_no_retrain_after_insert_ffe0b288c9_super32k_v3,no_retrain_across_cycles,ok,98030,1,0,/mnt/nvme1n1/PipeANN-github/experiments/v100_pq_drift_1m_baseline_20260601T043217Z/indexes/phaseC_cycle02_no_retrain_after_insert,/mnt/nvme1n1/PipeANN-supersector32k-work/indexes/phaseC_cycle02_no_retrain_after_insert_ffe0b288c9_super32k_v3,no_retrain_across_cycles,6.599661
/mnt/nvme1n1/PipeANN-supersector32k-work/indexes/phaseC_cycle02_no_retrain_after_insert_ffe0b288c9_super32k_v3_disk.index,ok,32768,33,4096,3,graph,6105.144409,16,u100,1000000.0,400,during_background,20-27,8,True,,6.105557,0,0,1,,10000,/mnt/nvme1n1/PipeANN-supersector32k-work/indexes/phaseC_cycle02_no_retrain_after_insert_ffe0b288c9_super32k_v3,20-27,8.416058778762817,1780358006.604775,1780357998.1879215,1000,16,supersector32k,page_aware_slots,3,1000000,298784,98030,1000000.0,18791.714,0.0,5693.385,0.0,472.979,18791.714,0.0,472.979,5793.395,1937321.984,27.127,98030,measure-dynamic-search,5686.065,24232.0,0.0,6105.087,491.0,24232.0,0.0,491.0,5750.0,2011136.0,6723.04,4096,measure-dynamic-search,4096,1000000,16,0,298784,163.785229,14344,298784,/mnt/nvme1n1/PipeANN-github/build_reviewed_20260602_querycache/tests/dynamic_update_suite_driver --mode measure-dynamic-search --source-prefix /mnt/nvme1n1/PipeANN-supersector32k-work/indexes/phaseC_cycle02_no_retrain_after_insert_ffe0b288c9_super32k_v3 --jsonl-output /mnt/nvme1n1/PipeANN-github/experiments/v100_background_interference_full_v5_v3raw_fixed_20260601T234715Z/tmp/during_background_0069_row0069.jsonl --insert-threads 16 --search-threads 1 --merge-threads 16 --build-l 220 --build-r 116 --beamwidth 8 --k 10 --cpu-cap 8 --metric l2 --route graph --search-l 400 --data-bin experiments/v100_pq_drift_1m_baseline_20260601T043217Z/data/phaseC_cycle02_live_data_by_tag.bin --base-label-file experiments/v100_pq_drift_1m_baseline_20260601T043217Z/labels/base_labels_1000000.spmat --query-bin /mnt/nvme1n1/PipeANN-github/experiments/r116_suite_pq16_aris_20260520_072453/data/sift_query_1000.bin --truthset-bin experiments/v100_pq_drift_1m_baseline_20260601T043217Z/truth/phaseC_cycle02_intersect_u100.bin --query-label-file /mnt/nvme1n1/PipeANN-github/experiments/r116_suite_pq16_aris_20260520_072453/labels/query_1000_u100.spmat --selector-type intersect --query-limit 1000,98.53,69,graph,298784,284440,400,intersect,True,u100,supersector32k,True,page_aware_slots,3,4096,4096,/mnt/nvme1n1/PipeANN-supersector32k-work/indexes/phaseC_cycle02_no_retrain_after_insert_ffe0b288c9_super32k_v3,True,graph,69,True,400,intersect,/mnt/nvme1n1/PipeANN-github/experiments/v100_pq_drift_1m_baseline_20260601T043217Z/indexes/phaseC_cycle02_no_retrain_after_insert,/mnt/nvme1n1/PipeANN-supersector32k-work/indexes/phaseC_cycle02_no_retrain_after_insert_ffe0b288c9_super32k_v3,no_retrain_across_cycles,ok,98030,1,0,/mnt/nvme1n1/PipeANN-github/experiments/v100_pq_drift_1m_baseline_20260601T043217Z/indexes/phaseC_cycle02_no_retrain_after_insert,/mnt/nvme1n1/PipeANN-supersector32k-work/indexes/phaseC_cycle02_no_retrain_after_insert_ffe0b288c9_super32k_v3,no_retrain_across_cycles,6.105557
/mnt/nvme1n1/PipeANN-supersector32k-work/indexes/phaseC_cycle02_no_retrain_after_insert_ffe0b288c9_super32k_v3_disk.index,ok,32768,33,4096,3,prefilter,203.491842,16,u1e-03,1000.0,75,during_background,20-27,8,True,,0.20369,0,0,1,,10000,/mnt/nvme1n1/PipeANN-supersector32k-work/indexes/phaseC_cycle02_no_retrain_after_insert_ffe0b288c9_super32k_v3,20-27,2.4835569858551025,1780358009.0962586,1780358006.6118898,0,16,supersector32k,page_aware_slots,3,1000000,288008,98030,1000.0,0.0,0.0,0.0,0.0,110.714,1000.0,0.0,110.714,200.555,453484.544,50.367,98030,measure-dynamic-search,200.0,0.0,0.0,222.712,115.0,1000.0,0.0,115.0,220.0,471040.0,252.095,4096,measure-dynamic-search,4096,1000000,16,1000,288008,4909.417419,1324,288008,/mnt/nvme1n1/PipeANN-github/build_reviewed_20260602_querycache/tests/dynamic_update_suite_driver --mode measure-dynamic-search --source-prefix /mnt/nvme1n1/PipeANN-supersector32k-work/indexes/phaseC_cycle02_no_retrain_after_insert_ffe0b288c9_super32k_v3 --jsonl-output /mnt/nvme1n1/PipeANN-github/experiments/v100_background_interference_full_v5_v3raw_fixed_20260601T234715Z/tmp/during_background_0070_row0070.jsonl --insert-threads 16 --search-threads 1 --merge-threads 16 --build-l 220 --build-r 116 --beamwidth 4 --k 10 --cpu-cap 8 --metric l2 --route prefilter --search-l 75 --data-bin experiments/v100_pq_drift_1m_baseline_20260601T043217Z/data/phaseC_cycle02_live_data_by_tag.bin --base-label-file experiments/v100_pq_drift_1m_baseline_20260601T043217Z/labels/base_labels_1000000.spmat --query-bin /mnt/nvme1n1/PipeANN-github/experiments/r116_suite_pq16_aris_20260520_072453/data/sift_query_1000.bin --truthset-bin experiments/v100_pq_drift_1m_baseline_20260601T043217Z/truth/phaseC_cycle02_range_u1e-03.bin --query-label-file /mnt/nvme1n1/PipeANN-github/experiments/r116_suite_pq16_aris_20260520_072453/labels/query_1000_range_u1e-03.spmat --selector-type range --query-limit 1000,99.97,70,prefilter,288008,286684,75,range,True,u1e-03,supersector32k,True,page_aware_slots,3,4096,4096,/mnt/nvme1n1/PipeANN-supersector32k-work/indexes/phaseC_cycle02_no_retrain_after_insert_ffe0b288c9_super32k_v3,True,prefilter,70,True,75,range,/mnt/nvme1n1/PipeANN-github/experiments/v100_pq_drift_1m_baseline_20260601T043217Z/indexes/phaseC_cycle02_no_retrain_after_insert,/mnt/nvme1n1/PipeANN-supersector32k-work/indexes/phaseC_cycle02_no_retrain_after_insert_ffe0b288c9_super32k_v3,no_retrain_across_cycles,ok,98030,1,0,/mnt/nvme1n1/PipeANN-github/experiments/v100_pq_drift_1m_baseline_20260601T043217Z/indexes/phaseC_cycle02_no_retrain_after_insert,/mnt/nvme1n1/PipeANN-supersector32k-work/indexes/phaseC_cycle02_no_retrain_after_insert_ffe0b288c9_super32k_v3,no_retrain_across_cycles,0.20369
/mnt/nvme1n1/PipeANN-supersector32k-work/indexes/phaseC_cycle02_no_retrain_after_insert_ffe0b288c9_super32k_v3_disk.index,ok,32768,33,4096,3,prefilter,307.671995,16,u3e-03,3000.0,50,during_background,20-27,8,True,,0.307839,0,0,1,,10000,/mnt/nvme1n1/PipeANN-supersector32k-work/indexes/phaseC_cycle02_no_retrain_after_insert_ffe0b288c9_super32k_v3,20-27,2.4509191513061523,1780358011.55474,1780358009.1030526,0,16,supersector32k,page_aware_slots,3,1000000,285756,98030,3000.0,0.0,0.0,0.0,0.0,110.799,3000.0,0.0,110.799,304.315,453832.704,91.292,98030,measure-dynamic-search,302.585,0.0,0.0,344.096,117.0,3000.0,0.0,117.0,340.0,479232.0,364.37,4096,measure-dynamic-search,4096,1000000,16,1000,285756,3248.44994,1248,285756,/mnt/nvme1n1/PipeANN-github/build_reviewed_20260602_querycache/tests/dynamic_update_suite_driver --mode measure-dynamic-search --source-prefix /mnt/nvme1n1/PipeANN-supersector32k-work/indexes/phaseC_cycle02_no_retrain_after_insert_ffe0b288c9_super32k_v3 --jsonl-output /mnt/nvme1n1/PipeANN-github/experiments/v100_background_interference_full_v5_v3raw_fixed_20260601T234715Z/tmp/during_background_0071_row0071.jsonl --insert-threads 16 --search-threads 1 --merge-threads 16 --build-l 220 --build-r 116 --beamwidth 4 --k 10 --cpu-cap 8 --metric l2 --route prefilter --search-l 50 --data-bin experiments/v100_pq_drift_1m_baseline_20260601T043217Z/data/phaseC_cycle02_live_data_by_tag.bin --base-label-file experiments/v100_pq_drift_1m_baseline_20260601T043217Z/labels/base_labels_1000000.spmat --query-bin /mnt/nvme1n1/PipeANN-github/experiments/r116_suite_pq16_aris_20260520_072453/data/sift_query_1000.bin --truthset-bin experiments/v100_pq_drift_1m_baseline_20260601T043217Z/truth/phaseC_cycle02_range_u3e-03.bin --query-label-file /mnt/nvme1n1/PipeANN-github/experiments/r116_suite_pq16_aris_20260520_072453/labels/query_1000_range_u3e-03.spmat --selector-type range --query-limit 1000,99.68,71,prefilter,285756,284508,50,range,True,u3e-03,supersector32k,True,page_aware_slots,3,4096,4096,/mnt/nvme1n1/PipeANN-supersector32k-work/indexes/phaseC_cycle02_no_retrain_after_insert_ffe0b288c9_super32k_v3,True,prefilter,71,True,50,range,/mnt/nvme1n1/PipeANN-github/experiments/v100_pq_drift_1m_baseline_20260601T043217Z/indexes/phaseC_cycle02_no_retrain_after_insert,/mnt/nvme1n1/PipeANN-supersector32k-work/indexes/phaseC_cycle02_no_retrain_after_insert_ffe0b288c9_super32k_v3,no_retrain_across_cycles,ok,98030,1,0,/mnt/nvme1n1/PipeANN-github/experiments/v100_pq_drift_1m_baseline_20260601T043217Z/indexes/phaseC_cycle02_no_retrain_after_insert,/mnt/nvme1n1/PipeANN-supersector32k-work/indexes/phaseC_cycle02_no_retrain_after_insert_ffe0b288c9_super32k_v3,no_retrain_across_cycles,0.307839
/mnt/nvme1n1/PipeANN-supersector32k-work/indexes/phaseC_cycle02_no_retrain_after_insert_ffe0b288c9_super32k_v3_disk.index,ok,32768,33,4096,3,prefilter,597.671253,16,u1e-02,10000.0,50,during_background,20-27,8,True,,0.597876,0,0,1,,10000,/mnt/nvme1n1/PipeANN-supersector32k-work/indexes/phaseC_cycle02_no_retrain_after_insert_ffe0b288c9_super32k_v3,20-27,2.626014471054077,1780358014.1888041,1780358011.5620098,0,16,supersector32k,page_aware_slots,3,1000000,285804,98030,10000.0,0.0,0.0,0.0,0.0,148.039,10000.0,0.0,148.039,594.238,606367.744,176.73,98030,measure-dynamic-search,586.029,0.0,0.0,650.755,156.0,10000.0,0.0,156.0,647.0,638976.0,686.341,4096,measure-dynamic-search,4096,1000000,16,1000,285804,1672.587283,1388,285804,/mnt/nvme1n1/PipeANN-github/build_reviewed_20260602_querycache/tests/dynamic_update_suite_driver --mode measure-dynamic-search --source-prefix /mnt/nvme1n1/PipeANN-supersector32k-work/indexes/phaseC_cycle02_no_retrain_after_insert_ffe0b288c9_super32k_v3 --jsonl-output /mnt/nvme1n1/PipeANN-github/experiments/v100_background_interference_full_v5_v3raw_fixed_20260601T234715Z/tmp/during_background_0072_row0072.jsonl --insert-threads 16 --search-threads 1 --merge-threads 16 --build-l 220 --build-r 116 --beamwidth 4 --k 10 --cpu-cap 8 --metric l2 --route prefilter --search-l 50 --data-bin experiments/v100_pq_drift_1m_baseline_20260601T043217Z/data/phaseC_cycle02_live_data_by_tag.bin --base-label-file experiments/v100_pq_drift_1m_baseline_20260601T043217Z/labels/base_labels_1000000.spmat --query-bin /mnt/nvme1n1/PipeANN-github/experiments/r116_suite_pq16_aris_20260520_072453/data/sift_query_1000.bin --truthset-bin experiments/v100_pq_drift_1m_baseline_20260601T043217Z/truth/phaseC_cycle02_range_u1e-02.bin --query-label-file /mnt/nvme1n1/PipeANN-github/experiments/r116_suite_pq16_aris_20260520_072453/labels/query_1000_range_u1e-02.spmat --selector-type range --query-limit 1000,99.53,72,prefilter,285804,284416,50,range,True,u1e-02,supersector32k,True,page_aware_slots,3,4096,4096,/mnt/nvme1n1/PipeANN-supersector32k-work/indexes/phaseC_cycle02_no_retrain_after_insert_ffe0b288c9_super32k_v3,True,prefilter,72,True,50,range,/mnt/nvme1n1/PipeANN-github/experiments/v100_pq_drift_1m_baseline_20260601T043217Z/indexes/phaseC_cycle02_no_retrain_after_insert,/mnt/nvme1n1/PipeANN-supersector32k-work/indexes/phaseC_cycle02_no_retrain_after_insert_ffe0b288c9_super32k_v3,no_retrain_across_cycles,ok,98030,1,0,/mnt/nvme1n1/PipeANN-github/experiments/v100_pq_drift_1m_baseline_20260601T043217Z/indexes/phaseC_cycle02_no_retrain_after_insert,/mnt/nvme1n1/PipeANN-supersector32k-work/indexes/phaseC_cycle02_no_retrain_after_insert_ffe0b288c9_super32k_v3,no_retrain_across_cycles,0.597876
/mnt/nvme1n1/PipeANN-supersector32k-work/indexes/phaseC_cycle02_no_retrain_after_insert_ffe0b288c9_super32k_v3_disk.index,ok,32768,33,4096,3,prefilter,1515.601819,16,u5e-02,50000.0,75,during_background,20-27,8,True,,1.515858,0,0,1,,10000,/mnt/nvme1n1/PipeANN-supersector32k-work/indexes/phaseC_cycle02_no_retrain_after_insert_ffe0b288c9_super32k_v3,20-27,3.7788138389587402,1780358017.9755259,1780358014.1958988,0,16,supersector32k,page_aware_slots,3,1000000,285660,98030,50000.0,0.0,0.0,0.0,0.0,184.267,50000.0,0.0,184.267,1511.854,754757.632,274.591,98030,measure-dynamic-search,1505.482,0.0,0.0,1561.176,191.0,50000.0,0.0,191.0,1557.0,782336.0,1662.5,4096,measure-dynamic-search,4096,1000000,16,1000,285660,659.692403,1384,285660,/mnt/nvme1n1/PipeANN-github/build_reviewed_20260602_querycache/tests/dynamic_update_suite_driver --mode measure-dynamic-search --source-prefix /mnt/nvme1n1/PipeANN-supersector32k-work/indexes/phaseC_cycle02_no_retrain_after_insert_ffe0b288c9_super32k_v3 --jsonl-output /mnt/nvme1n1/PipeANN-github/experiments/v100_background_interference_full_v5_v3raw_fixed_20260601T234715Z/tmp/during_background_0073_row0073.jsonl --insert-threads 16 --search-threads 1 --merge-threads 16 --build-l 220 --build-r 116 --beamwidth 4 --k 10 --cpu-cap 8 --metric l2 --route prefilter --search-l 75 --data-bin experiments/v100_pq_drift_1m_baseline_20260601T043217Z/data/phaseC_cycle02_live_data_by_tag.bin --base-label-file experiments/v100_pq_drift_1m_baseline_20260601T043217Z/labels/base_labels_1000000.spmat --query-bin /mnt/nvme1n1/PipeANN-github/experiments/r116_suite_pq16_aris_20260520_072453/data/sift_query_1000.bin --truthset-bin experiments/v100_pq_drift_1m_baseline_20260601T043217Z/truth/phaseC_cycle02_range_u5e-02.bin --query-label-file /mnt/nvme1n1/PipeANN-github/experiments/r116_suite_pq16_aris_20260520_072453/labels/query_1000_range_u5e-02.spmat --selector-type range --query-limit 1000,99.19,73,prefilter,285660,284276,75,range,True,u5e-02,supersector32k,True,page_aware_slots,3,4096,4096,/mnt/nvme1n1/PipeANN-supersector32k-work/indexes/phaseC_cycle02_no_retrain_after_insert_ffe0b288c9_super32k_v3,True,prefilter,73,True,75,range,/mnt/nvme1n1/PipeANN-github/experiments/v100_pq_drift_1m_baseline_20260601T043217Z/indexes/phaseC_cycle02_no_retrain_after_insert,/mnt/nvme1n1/PipeANN-supersector32k-work/indexes/phaseC_cycle02_no_retrain_after_insert_ffe0b288c9_super32k_v3,no_retrain_across_cycles,ok,98030,1,0,/mnt/nvme1n1/PipeANN-github/experiments/v100_pq_drift_1m_baseline_20260601T043217Z/indexes/phaseC_cycle02_no_retrain_after_insert,/mnt/nvme1n1/PipeANN-supersector32k-work/indexes/phaseC_cycle02_no_retrain_after_insert_ffe0b288c9_super32k_v3,no_retrain_across_cycles,1.515858
/mnt/nvme1n1/PipeANN-supersector32k-work/indexes/phaseC_cycle02_no_retrain_after_insert_ffe0b288c9_super32k_v3_disk.index,ok,32768,33,4096,3,prefilter,2273.800156,16,u1e-01,100000.0,50,during_background,20-27,8,True,,2.274109,0,0,1,,10000,/mnt/nvme1n1/PipeANN-supersector32k-work/indexes/phaseC_cycle02_no_retrain_after_insert_ffe0b288c9_super32k_v3,20-27,4.535527467727661,1780358022.5192626,1780358017.9829304,0,16,supersector32k,page_aware_slots,3,1000000,285660,98030,100000.0,0.0,0.0,0.0,0.0,184.323,100000.0,0.0,184.323,2269.353,754987.008,318.299,98030,measure-dynamic-search,2263.089,0.0,0.0,2361.242,192.0,100000.0,0.0,192.0,2358.0,786432.0,2565.842,4096,measure-dynamic-search,4096,1000000,16,1000,285660,439.732721,1384,285660,/mnt/nvme1n1/PipeANN-github/build_reviewed_20260602_querycache/tests/dynamic_update_suite_driver --mode measure-dynamic-search --source-prefix /mnt/nvme1n1/PipeANN-supersector32k-work/indexes/phaseC_cycle02_no_retrain_after_insert_ffe0b288c9_super32k_v3 --jsonl-output /mnt/nvme1n1/PipeANN-github/experiments/v100_background_interference_full_v5_v3raw_fixed_20260601T234715Z/tmp/during_background_0074_row0074.jsonl --insert-threads 16 --search-threads 1 --merge-threads 16 --build-l 220 --build-r 116 --beamwidth 4 --k 10 --cpu-cap 8 --metric l2 --route prefilter --search-l 50 --data-bin experiments/v100_pq_drift_1m_baseline_20260601T043217Z/data/phaseC_cycle02_live_data_by_tag.bin --base-label-file experiments/v100_pq_drift_1m_baseline_20260601T043217Z/labels/base_labels_1000000.spmat --query-bin /mnt/nvme1n1/PipeANN-github/experiments/r116_suite_pq16_aris_20260520_072453/data/sift_query_1000.bin --truthset-bin experiments/v100_pq_drift_1m_baseline_20260601T043217Z/truth/phaseC_cycle02_range_u1e-01.bin --query-label-file /mnt/nvme1n1/PipeANN-github/experiments/r116_suite_pq16_aris_20260520_072453/labels/query_1000_range_u1e-01.spmat --selector-type range --query-limit 1000,98.69,74,prefilter,285660,284276,50,range,True,u1e-01,supersector32k,True,page_aware_slots,3,4096,4096,/mnt/nvme1n1/PipeANN-supersector32k-work/indexes/phaseC_cycle02_no_retrain_after_insert_ffe0b288c9_super32k_v3,True,prefilter,74,True,50,range,/mnt/nvme1n1/PipeANN-github/experiments/v100_pq_drift_1m_baseline_20260601T043217Z/indexes/phaseC_cycle02_no_retrain_after_insert,/mnt/nvme1n1/PipeANN-supersector32k-work/indexes/phaseC_cycle02_no_retrain_after_insert_ffe0b288c9_super32k_v3,no_retrain_across_cycles,ok,98030,1,0,/mnt/nvme1n1/PipeANN-github/experiments/v100_pq_drift_1m_baseline_20260601T043217Z/indexes/phaseC_cycle02_no_retrain_after_insert,/mnt/nvme1n1/PipeANN-supersector32k-work/indexes/phaseC_cycle02_no_retrain_after_insert_ffe0b288c9_super32k_v3,no_retrain_across_cycles,2.274109
/mnt/nvme1n1/PipeANN-supersector32k-work/indexes/phaseC_cycle02_no_retrain_after_insert_ffe0b288c9_super32k_v3_disk.index,ok,32768,33,4096,3,prefilter,4619.355706,16,u25,250000.0,50,during_background,20-27,8,True,,4.619793,0,0,1,,10000,/mnt/nvme1n1/PipeANN-supersector32k-work/indexes/phaseC_cycle02_no_retrain_after_insert_ffe0b288c9_super32k_v3,20-27,6.776273727416992,1780358029.3032775,1780358022.5262315,0,16,supersector32k,page_aware_slots,3,1000000,285964,98030,250000.0,0.0,0.0,0.0,0.0,222.434,250000.0,0.0,222.434,4612.634,911089.664,459.93,98030,measure-dynamic-search,4592.633,0.0,0.0,4811.352,231.0,250000.0,0.0,231.0,4805.0,946176.0,5045.32,4096,measure-dynamic-search,4096,1000000,16,1000,285964,216.459906,1324,285964,/mnt/nvme1n1/PipeANN-github/build_reviewed_20260602_querycache/tests/dynamic_update_suite_driver --mode measure-dynamic-search --source-prefix /mnt/nvme1n1/PipeANN-supersector32k-work/indexes/phaseC_cycle02_no_retrain_after_insert_ffe0b288c9_super32k_v3 --jsonl-output /mnt/nvme1n1/PipeANN-github/experiments/v100_background_interference_full_v5_v3raw_fixed_20260601T234715Z/tmp/during_background_0075_row0075.jsonl --insert-threads 16 --search-threads 1 --merge-threads 16 --build-l 220 --build-r 116 --beamwidth 4 --k 10 --cpu-cap 8 --metric l2 --route prefilter --search-l 50 --data-bin experiments/v100_pq_drift_1m_baseline_20260601T043217Z/data/phaseC_cycle02_live_data_by_tag.bin --base-label-file experiments/v100_pq_drift_1m_baseline_20260601T043217Z/labels/base_labels_1000000.spmat --query-bin /mnt/nvme1n1/PipeANN-github/experiments/r116_suite_pq16_aris_20260520_072453/data/sift_query_1000.bin --truthset-bin experiments/v100_pq_drift_1m_baseline_20260601T043217Z/truth/phaseC_cycle02_range_u25.bin --query-label-file /mnt/nvme1n1/PipeANN-github/experiments/r116_suite_pq16_aris_20260520_072453/labels/query_1000_range_u25.spmat --selector-type range --query-limit 1000,98.26,75,prefilter,285964,284640,50,range,True,u25,supersector32k,True,page_aware_slots,3,4096,4096,/mnt/nvme1n1/PipeANN-supersector32k-work/indexes/phaseC_cycle02_no_retrain_after_insert_ffe0b288c9_super32k_v3,True,prefilter,75,True,50,range,/mnt/nvme1n1/PipeANN-github/experiments/v100_pq_drift_1m_baseline_20260601T043217Z/indexes/phaseC_cycle02_no_retrain_after_insert,/mnt/nvme1n1/PipeANN-supersector32k-work/indexes/phaseC_cycle02_no_retrain_after_insert_ffe0b288c9_super32k_v3,no_retrain_across_cycles,ok,98030,1,0,/mnt/nvme1n1/PipeANN-github/experiments/v100_pq_drift_1m_baseline_20260601T043217Z/indexes/phaseC_cycle02_no_retrain_after_insert,/mnt/nvme1n1/PipeANN-supersector32k-work/indexes/phaseC_cycle02_no_retrain_after_insert_ffe0b288c9_super32k_v3,no_retrain_across_cycles,4.619793
/mnt/nvme1n1/PipeANN-supersector32k-work/indexes/phaseC_cycle02_no_retrain_after_insert_ffe0b288c9_super32k_v3_disk.index,ok,32768,33,4096,3,prefilter,5260.495686,16,u30,300000.0,150,during_background,20-27,8,True,,5.260936,0,0,1,,10000,/mnt/nvme1n1/PipeANN-supersector32k-work/indexes/phaseC_cycle02_no_retrain_after_insert_ffe0b288c9_super32k_v3,20-27,7.4933061599731445,1780358036.8047478,1780358029.3106124,0,16,supersector32k,page_aware_slots,3,1000000,285620,98030,300000.0,0.0,0.0,0.0,0.0,222.366,300000.0,0.0,222.366,5253.711,910811.136,505.265,98030,measure-dynamic-search,5238.401,0.0,0.0,5446.939,231.0,300000.0,0.0,231.0,5440.0,946176.0,5653.406,4096,measure-dynamic-search,4096,1000000,16,1000,285620,190.080259,1256,285620,/mnt/nvme1n1/PipeANN-github/build_reviewed_20260602_querycache/tests/dynamic_update_suite_driver --mode measure-dynamic-search --source-prefix /mnt/nvme1n1/PipeANN-supersector32k-work/indexes/phaseC_cycle02_no_retrain_after_insert_ffe0b288c9_super32k_v3 --jsonl-output /mnt/nvme1n1/PipeANN-github/experiments/v100_background_interference_full_v5_v3raw_fixed_20260601T234715Z/tmp/during_background_0076_row0076.jsonl --insert-threads 16 --search-threads 1 --merge-threads 16 --build-l 220 --build-r 116 --beamwidth 4 --k 10 --cpu-cap 8 --metric l2 --route prefilter --search-l 150 --data-bin experiments/v100_pq_drift_1m_baseline_20260601T043217Z/data/phaseC_cycle02_live_data_by_tag.bin --base-label-file experiments/v100_pq_drift_1m_baseline_20260601T043217Z/labels/base_labels_1000000.spmat --query-bin /mnt/nvme1n1/PipeANN-github/experiments/r116_suite_pq16_aris_20260520_072453/data/sift_query_1000.bin --truthset-bin experiments/v100_pq_drift_1m_baseline_20260601T043217Z/truth/phaseC_cycle02_range_u30.bin --query-label-file /mnt/nvme1n1/PipeANN-github/experiments/r116_suite_pq16_aris_20260520_072453/labels/query_1000_range_u30.spmat --selector-type range --query-limit 1000,98.06,76,prefilter,285620,284364,150,range,True,u30,supersector32k,True,page_aware_slots,3,4096,4096,/mnt/nvme1n1/PipeANN-supersector32k-work/indexes/phaseC_cycle02_no_retrain_after_insert_ffe0b288c9_super32k_v3,True,prefilter,76,True,150,range,/mnt/nvme1n1/PipeANN-github/experiments/v100_pq_drift_1m_baseline_20260601T043217Z/indexes/phaseC_cycle02_no_retrain_after_insert,/mnt/nvme1n1/PipeANN-supersector32k-work/indexes/phaseC_cycle02_no_retrain_after_insert_ffe0b288c9_super32k_v3,no_retrain_across_cycles,ok,98030,1,0,/mnt/nvme1n1/PipeANN-github/experiments/v100_pq_drift_1m_baseline_20260601T043217Z/indexes/phaseC_cycle02_no_retrain_after_insert,/mnt/nvme1n1/PipeANN-supersector32k-work/indexes/phaseC_cycle02_no_retrain_after_insert_ffe0b288c9_super32k_v3,no_retrain_across_cycles,5.260936
/mnt/nvme1n1/PipeANN-supersector32k-work/indexes/phaseC_cycle02_no_retrain_after_insert_ffe0b288c9_super32k_v3_disk.index,ok,32768,33,4096,3,prefilter,8001.704322,16,u50,500000.0,300,during_background,20-27,8,True,,8.00228,0,0,1,,10000,/mnt/nvme1n1/PipeANN-supersector32k-work/indexes/phaseC_cycle02_no_retrain_after_insert_ffe0b288c9_super32k_v3,20-27,10.27966022491455,1780358047.0926225,1780358036.812143,0,16,supersector32k,page_aware_slots,3,1000000,285696,98030,500000.0,0.0,0.0,0.0,0.0,346.219,500000.0,0.0,346.219,7993.459,1418113.024,688.347,98030,measure-dynamic-search,7973.241,0.0,0.0,8233.412,357.0,500000.0,0.0,357.0,8221.0,1462272.0,8513.09,4096,measure-dynamic-search,4096,1000000,16,1000,285696,124.96438,1268,285584,/mnt/nvme1n1/PipeANN-github/build_reviewed_20260602_querycache/tests/dynamic_update_suite_driver --mode measure-dynamic-search --source-prefix /mnt/nvme1n1/PipeANN-supersector32k-work/indexes/phaseC_cycle02_no_retrain_after_insert_ffe0b288c9_super32k_v3 --jsonl-output /mnt/nvme1n1/PipeANN-github/experiments/v100_background_interference_full_v5_v3raw_fixed_20260601T234715Z/tmp/during_background_0077_row0077.jsonl --insert-threads 16 --search-threads 1 --merge-threads 16 --build-l 220 --build-r 116 --beamwidth 4 --k 10 --cpu-cap 8 --metric l2 --route prefilter --search-l 300 --data-bin experiments/v100_pq_drift_1m_baseline_20260601T043217Z/data/phaseC_cycle02_live_data_by_tag.bin --base-label-file experiments/v100_pq_drift_1m_baseline_20260601T043217Z/labels/base_labels_1000000.spmat --query-bin /mnt/nvme1n1/PipeANN-github/experiments/r116_suite_pq16_aris_20260520_072453/data/sift_query_1000.bin --truthset-bin experiments/v100_pq_drift_1m_baseline_20260601T043217Z/truth/phaseC_cycle02_range_u50.bin --query-label-file /mnt/nvme1n1/PipeANN-github/experiments/r116_suite_pq16_aris_20260520_072453/labels/query_1000_range_u50.spmat --selector-type range --query-limit 1000,98.84,77,prefilter,285584,284316,300,range,True,u50,supersector32k,True,page_aware_slots,3,4096,4096,/mnt/nvme1n1/PipeANN-supersector32k-work/indexes/phaseC_cycle02_no_retrain_after_insert_ffe0b288c9_super32k_v3,True,prefilter,77,True,300,range,/mnt/nvme1n1/PipeANN-github/experiments/v100_pq_drift_1m_baseline_20260601T043217Z/indexes/phaseC_cycle02_no_retrain_after_insert,/mnt/nvme1n1/PipeANN-supersector32k-work/indexes/phaseC_cycle02_no_retrain_after_insert_ffe0b288c9_super32k_v3,no_retrain_across_cycles,ok,98030,1,0,/mnt/nvme1n1/PipeANN-github/experiments/v100_pq_drift_1m_baseline_20260601T043217Z/indexes/phaseC_cycle02_no_retrain_after_insert,/mnt/nvme1n1/PipeANN-supersector32k-work/indexes/phaseC_cycle02_no_retrain_after_insert_ffe0b288c9_super32k_v3,no_retrain_across_cycles,8.00228
/mnt/nvme1n1/PipeANN-supersector32k-work/indexes/phaseC_cycle02_no_retrain_after_insert_ffe0b288c9_super32k_v3_disk.index,ok,32768,33,4096,3,mixed,6394.057643,16,u75,750000.0,450,during_background,20-27,8,True,,6.394316,0,1000,1,,10000,/mnt/nvme1n1/PipeANN-supersector32k-work/indexes/phaseC_cycle02_no_retrain_after_insert_ffe0b288c9_super32k_v3,20-27,8.584472179412842,1780358055.685317,1780358047.1000242,0,16,supersector32k,page_aware_slots,3,1000000,299144,98030,750000.0,20413.523,0.0,5932.662,0.0,529.133,20413.523,0.0,529.133,6063.58,2167328.768,69.55,98030,measure-dynamic-search,6366.392,26440.0,0.0,6742.433,547.0,26440.0,0.0,547.0,6423.0,2240512.0,7236.993,4096,measure-dynamic-search,4096,1000000,16,0,299144,156.388886,14728,299144,/mnt/nvme1n1/PipeANN-github/build_reviewed_20260602_querycache/tests/dynamic_update_suite_driver --mode measure-dynamic-search --source-prefix /mnt/nvme1n1/PipeANN-supersector32k-work/indexes/phaseC_cycle02_no_retrain_after_insert_ffe0b288c9_super32k_v3 --jsonl-output /mnt/nvme1n1/PipeANN-github/experiments/v100_background_interference_full_v5_v3raw_fixed_20260601T234715Z/tmp/during_background_0078_row0078.jsonl --insert-threads 16 --search-threads 1 --merge-threads 16 --build-l 220 --build-r 116 --beamwidth 8 --k 10 --cpu-cap 8 --metric l2 --route graph --search-l 450 --data-bin experiments/v100_pq_drift_1m_baseline_20260601T043217Z/data/phaseC_cycle02_live_data_by_tag.bin --base-label-file experiments/v100_pq_drift_1m_baseline_20260601T043217Z/labels/base_labels_1000000.spmat --query-bin /mnt/nvme1n1/PipeANN-github/experiments/r116_suite_pq16_aris_20260520_072453/data/sift_query_1000.bin --truthset-bin experiments/v100_pq_drift_1m_baseline_20260601T043217Z/truth/phaseC_cycle02_range_u75.bin --query-label-file /mnt/nvme1n1/PipeANN-github/experiments/r116_suite_pq16_aris_20260520_072453/labels/query_1000_range_u75.spmat --selector-type range --query-limit 1000,98.33,78,graph,299144,284416,450,range,True,u75,supersector32k,True,page_aware_slots,3,4096,4096,/mnt/nvme1n1/PipeANN-supersector32k-work/indexes/phaseC_cycle02_no_retrain_after_insert_ffe0b288c9_super32k_v3,True,graph,78,True,450,range,/mnt/nvme1n1/PipeANN-github/experiments/v100_pq_drift_1m_baseline_20260601T043217Z/indexes/phaseC_cycle02_no_retrain_after_insert,/mnt/nvme1n1/PipeANN-supersector32k-work/indexes/phaseC_cycle02_no_retrain_after_insert_ffe0b288c9_super32k_v3,no_retrain_across_cycles,ok,98030,1,0,/mnt/nvme1n1/PipeANN-github/experiments/v100_pq_drift_1m_baseline_20260601T043217Z/indexes/phaseC_cycle02_no_retrain_after_insert,/mnt/nvme1n1/PipeANN-supersector32k-work/indexes/phaseC_cycle02_no_retrain_after_insert_ffe0b288c9_super32k_v3,no_retrain_across_cycles,6.394316
/mnt/nvme1n1/PipeANN-supersector32k-work/indexes/phaseC_cycle02_no_retrain_after_insert_ffe0b288c9_super32k_v3_disk.index,ok,32768,33,4096,3,mixed,6090.206075,16,u100,1000000.0,400,during_background,20-27,8,True,,6.090477,0,1000,1,,10000,/mnt/nvme1n1/PipeANN-supersector32k-work/indexes/phaseC_cycle02_no_retrain_after_insert_ffe0b288c9_super32k_v3,20-27,8.162330627441406,1780358063.8558207,1780358055.6926587,0,16,supersector32k,page_aware_slots,3,1000000,298824,98030,1000000.0,18788.062,0.0,5635.143,0.0,472.932,18788.062,0.0,472.932,5776.236,1937129.472,73.351,98030,measure-dynamic-search,5729.078,24220.0,0.0,6173.92,491.0,24220.0,0.0,491.0,5799.0,2011136.0,6743.671,4096,measure-dynamic-search,4096,1000000,16,0,298824,164.190756,14220,298824,/mnt/nvme1n1/PipeANN-github/build_reviewed_20260602_querycache/tests/dynamic_update_suite_driver --mode measure-dynamic-search --source-prefix /mnt/nvme1n1/PipeANN-supersector32k-work/indexes/phaseC_cycle02_no_retrain_after_insert_ffe0b288c9_super32k_v3 --jsonl-output /mnt/nvme1n1/PipeANN-github/experiments/v100_background_interference_full_v5_v3raw_fixed_20260601T234715Z/tmp/during_background_0079_row0079.jsonl --insert-threads 16 --search-threads 1 --merge-threads 16 --build-l 220 --build-r 116 --beamwidth 8 --k 10 --cpu-cap 8 --metric l2 --route graph --search-l 400 --data-bin experiments/v100_pq_drift_1m_baseline_20260601T043217Z/data/phaseC_cycle02_live_data_by_tag.bin --base-label-file experiments/v100_pq_drift_1m_baseline_20260601T043217Z/labels/base_labels_1000000.spmat --query-bin /mnt/nvme1n1/PipeANN-github/experiments/r116_suite_pq16_aris_20260520_072453/data/sift_query_1000.bin --truthset-bin experiments/v100_pq_drift_1m_baseline_20260601T043217Z/truth/phaseC_cycle02_range_u100.bin --query-label-file /mnt/nvme1n1/PipeANN-github/experiments/r116_suite_pq16_aris_20260520_072453/labels/query_1000_range_u100.spmat --selector-type range --query-limit 1000,98.53,79,graph,298824,284604,400,range,True,u100,supersector32k,True,page_aware_slots,3,4096,4096,/mnt/nvme1n1/PipeANN-supersector32k-work/indexes/phaseC_cycle02_no_retrain_after_insert_ffe0b288c9_super32k_v3,True,graph,79,True,400,range,/mnt/nvme1n1/PipeANN-github/experiments/v100_pq_drift_1m_baseline_20260601T043217Z/indexes/phaseC_cycle02_no_retrain_after_insert,/mnt/nvme1n1/PipeANN-supersector32k-work/indexes/phaseC_cycle02_no_retrain_after_insert_ffe0b288c9_super32k_v3,no_retrain_across_cycles,ok,98030,1,0,/mnt/nvme1n1/PipeANN-github/experiments/v100_pq_drift_1m_baseline_20260601T043217Z/indexes/phaseC_cycle02_no_retrain_after_insert,/mnt/nvme1n1/PipeANN-supersector32k-work/indexes/phaseC_cycle02_no_retrain_after_insert_ffe0b288c9_super32k_v3,no_retrain_across_cycles,6.090477
/mnt/nvme1n1/PipeANN-supersector32k-work/indexes/phaseC_cycle03_retrain_each_cycle_4302719af5_super32k_v3_disk.index,ok,32768,33,4096,3,prefilter,164.080156,16,u1e-03,1000.0,50,during_background,20-27,8,True,,0.164169,0,0,1,,10000,/mnt/nvme1n1/PipeANN-supersector32k-work/indexes/phaseC_cycle03_retrain_each_cycle_4302719af5_super32k_v3,20-27,1.8650686740875244,1780358065.7288785,1780358063.863064,0,16,supersector32k,page_aware_slots,3,1000000,281880,128010,1000.0,0.0,0.0,0.0,0.0,111.287,1000.0,0.0,111.287,161.441,455831.552,35.866,128010,measure-dynamic-search,159.452,0.0,0.0,194.673,117.0,1000.0,0.0,117.0,192.0,479232.0,226.709,4096,measure-dynamic-search,4096,1000000,16,1000,281880,6091.290438,1112,281880,/mnt/nvme1n1/PipeANN-github/build_reviewed_20260602_querycache/tests/dynamic_update_suite_driver --mode measure-dynamic-search --source-prefix /mnt/nvme1n1/PipeANN-supersector32k-work/indexes/phaseC_cycle03_retrain_each_cycle_4302719af5_super32k_v3 --jsonl-output /mnt/nvme1n1/PipeANN-github/experiments/v100_background_interference_full_v5_v3raw_fixed_20260601T234715Z/tmp/during_background_0080_row0080.jsonl --insert-threads 16 --search-threads 1 --merge-threads 16 --build-l 220 --build-r 116 --beamwidth 4 --k 10 --cpu-cap 8 --metric l2 --route prefilter --search-l 50 --data-bin experiments/v100_pq_drift_1m_baseline_20260601T043217Z/data/phaseC_cycle03_live_data_by_tag.bin --base-label-file experiments/v100_pq_drift_1m_baseline_20260601T043217Z/labels/base_labels_1000000.spmat --query-bin /mnt/nvme1n1/PipeANN-github/experiments/r116_suite_pq16_aris_20260520_072453/data/sift_query_1000.bin --truthset-bin experiments/v100_pq_drift_1m_baseline_20260601T043217Z/truth/phaseC_cycle03_intersect_u1e-03.bin --query-label-file /mnt/nvme1n1/PipeANN-github/experiments/r116_suite_pq16_aris_20260520_072453/labels/query_1000_u1e-03.spmat --selector-type intersect --query-limit 1000,99.9,80,prefilter,281880,280768,50,intersect,True,u1e-03,supersector32k,True,page_aware_slots,3,4096,4096,/mnt/nvme1n1/PipeANN-supersector32k-work/indexes/phaseC_cycle03_retrain_each_cycle_4302719af5_super32k_v3,True,prefilter,80,True,50,intersect,/mnt/nvme1n1/PipeANN-github/experiments/v100_pq_drift_1m_baseline_20260601T043217Z/indexes/phaseC_cycle03_retrain_each_cycle,/mnt/nvme1n1/PipeANN-supersector32k-work/indexes/phaseC_cycle03_retrain_each_cycle_4302719af5_super32k_v3,retrain_each_cycle,ok,128010,1,0,/mnt/nvme1n1/PipeANN-github/experiments/v100_pq_drift_1m_baseline_20260601T043217Z/indexes/phaseC_cycle03_retrain_each_cycle,/mnt/nvme1n1/PipeANN-supersector32k-work/indexes/phaseC_cycle03_retrain_each_cycle_4302719af5_super32k_v3,retrain_each_cycle,0.164169
/mnt/nvme1n1/PipeANN-supersector32k-work/indexes/phaseC_cycle03_retrain_each_cycle_4302719af5_super32k_v3_disk.index,ok,32768,33,4096,3,prefilter,213.139934,16,u3e-03,3000.0,75,during_background,20-27,8,True,,0.213259,0,0,1,,10000,/mnt/nvme1n1/PipeANN-supersector32k-work/indexes/phaseC_cycle03_retrain_each_cycle_4302719af5_super32k_v3,20-27,1.7608847618103027,1780358067.498537,1780358065.7360063,0,16,supersector32k,page_aware_slots,3,1000000,281800,128010,3000.0,0.0,0.0,0.0,0.0,110.778,3000.0,0.0,110.778,210.421,453746.688,37.199,128010,measure-dynamic-search,209.411,0.0,0.0,239.927,118.0,3000.0,0.0,118.0,237.0,483328.0,257.418,4096,measure-dynamic-search,4096,1000000,16,1000,281800,4689.12369,1112,281800,/mnt/nvme1n1/PipeANN-github/build_reviewed_20260602_querycache/tests/dynamic_update_suite_driver --mode measure-dynamic-search --source-prefix /mnt/nvme1n1/PipeANN-supersector32k-work/indexes/phaseC_cycle03_retrain_each_cycle_4302719af5_super32k_v3 --jsonl-output /mnt/nvme1n1/PipeANN-github/experiments/v100_background_interference_full_v5_v3raw_fixed_20260601T234715Z/tmp/during_background_0081_row0081.jsonl --insert-threads 16 --search-threads 1 --merge-threads 16 --build-l 220 --build-r 116 --beamwidth 4 --k 10 --cpu-cap 8 --metric l2 --route prefilter --search-l 75 --data-bin experiments/v100_pq_drift_1m_baseline_20260601T043217Z/data/phaseC_cycle03_live_data_by_tag.bin --base-label-file experiments/v100_pq_drift_1m_baseline_20260601T043217Z/labels/base_labels_1000000.spmat --query-bin /mnt/nvme1n1/PipeANN-github/experiments/r116_suite_pq16_aris_20260520_072453/data/sift_query_1000.bin --truthset-bin experiments/v100_pq_drift_1m_baseline_20260601T043217Z/truth/phaseC_cycle03_intersect_u3e-03.bin --query-label-file /mnt/nvme1n1/PipeANN-github/experiments/r116_suite_pq16_aris_20260520_072453/labels/query_1000_u3e-03.spmat --selector-type intersect --query-limit 1000,99.68,81,prefilter,281800,280688,75,intersect,True,u3e-03,supersector32k,True,page_aware_slots,3,4096,4096,/mnt/nvme1n1/PipeANN-supersector32k-work/indexes/phaseC_cycle03_retrain_each_cycle_4302719af5_super32k_v3,True,prefilter,81,True,75,intersect,/mnt/nvme1n1/PipeANN-github/experiments/v100_pq_drift_1m_baseline_20260601T043217Z/indexes/phaseC_cycle03_retrain_each_cycle,/mnt/nvme1n1/PipeANN-supersector32k-work/indexes/phaseC_cycle03_retrain_each_cycle_4302719af5_super32k_v3,retrain_each_cycle,ok,128010,1,0,/mnt/nvme1n1/PipeANN-github/experiments/v100_pq_drift_1m_baseline_20260601T043217Z/indexes/phaseC_cycle03_retrain_each_cycle,/mnt/nvme1n1/PipeANN-supersector32k-work/indexes/phaseC_cycle03_retrain_each_cycle_4302719af5_super32k_v3,retrain_each_cycle,0.213259
/mnt/nvme1n1/PipeANN-supersector32k-work/indexes/phaseC_cycle03_retrain_each_cycle_4302719af5_super32k_v3_disk.index,ok,32768,33,4096,3,prefilter,392.801092,16,u1e-02,10000.0,100,during_background,20-27,8,True,,0.39297,0,0,1,,10000,/mnt/nvme1n1/PipeANN-supersector32k-work/indexes/phaseC_cycle03_retrain_each_cycle_4302719af5_super32k_v3,20-27,1.807828664779663,1780358069.314395,1780358067.5058036,0,16,supersector32k,page_aware_slots,3,1000000,281620,128010,10000.0,0.0,0.0,0.0,0.0,147.923,10000.0,0.0,147.923,389.884,605892.608,44.676,128010,measure-dynamic-search,392.942,0.0,0.0,424.761,155.0,10000.0,0.0,155.0,422.0,634880.0,451.276,4096,measure-dynamic-search,4096,1000000,16,1000,281620,2544.726041,984,281620,/mnt/nvme1n1/PipeANN-github/build_reviewed_20260602_querycache/tests/dynamic_update_suite_driver --mode measure-dynamic-search --source-prefix /mnt/nvme1n1/PipeANN-supersector32k-work/indexes/phaseC_cycle03_retrain_each_cycle_4302719af5_super32k_v3 --jsonl-output /mnt/nvme1n1/PipeANN-github/experiments/v100_background_interference_full_v5_v3raw_fixed_20260601T234715Z/tmp/during_background_0082_row0082.jsonl --insert-threads 16 --search-threads 1 --merge-threads 16 --build-l 220 --build-r 116 --beamwidth 4 --k 10 --cpu-cap 8 --metric l2 --route prefilter --search-l 100 --data-bin experiments/v100_pq_drift_1m_baseline_20260601T043217Z/data/phaseC_cycle03_live_data_by_tag.bin --base-label-file experiments/v100_pq_drift_1m_baseline_20260601T043217Z/labels/base_labels_1000000.spmat --query-bin /mnt/nvme1n1/PipeANN-github/experiments/r116_suite_pq16_aris_20260520_072453/data/sift_query_1000.bin --truthset-bin experiments/v100_pq_drift_1m_baseline_20260601T043217Z/truth/phaseC_cycle03_intersect_u1e-02.bin --query-label-file /mnt/nvme1n1/PipeANN-github/experiments/r116_suite_pq16_aris_20260520_072453/labels/query_1000_u1e-02.spmat --selector-type intersect --query-limit 1000,99.67,82,prefilter,281620,280636,100,intersect,True,u1e-02,supersector32k,True,page_aware_slots,3,4096,4096,/mnt/nvme1n1/PipeANN-supersector32k-work/indexes/phaseC_cycle03_retrain_each_cycle_4302719af5_super32k_v3,True,prefilter,82,True,100,intersect,/mnt/nvme1n1/PipeANN-github/experiments/v100_pq_drift_1m_baseline_20260601T043217Z/indexes/phaseC_cycle03_retrain_each_cycle,/mnt/nvme1n1/PipeANN-supersector32k-work/indexes/phaseC_cycle03_retrain_each_cycle_4302719af5_super32k_v3,retrain_each_cycle,ok,128010,1,0,/mnt/nvme1n1/PipeANN-github/experiments/v100_pq_drift_1m_baseline_20260601T043217Z/indexes/phaseC_cycle03_retrain_each_cycle,/mnt/nvme1n1/PipeANN-supersector32k-work/indexes/phaseC_cycle03_retrain_each_cycle_4302719af5_super32k_v3,retrain_each_cycle,0.39297
/mnt/nvme1n1/PipeANN-supersector32k-work/indexes/phaseC_cycle03_retrain_each_cycle_4302719af5_super32k_v3_disk.index,ok,32768,33,4096,3,prefilter,1170.767277,16,u5e-02,50000.0,150,during_background,20-27,8,True,,1.170972,0,0,1,,10000,/mnt/nvme1n1/PipeANN-supersector32k-work/indexes/phaseC_cycle03_retrain_each_cycle_4302719af5_super32k_v3,20-27,2.6091644763946533,1780358071.9317894,1780358069.3217735,0,16,supersector32k,page_aware_slots,3,1000000,281800,128010,50000.0,0.0,0.0,0.0,0.0,185.625,50000.0,0.0,185.625,1167.545,760320.0,87.889,128010,measure-dynamic-search,1171.228,0.0,0.0,1223.881,193.0,50000.0,0.0,193.0,1220.0,790528.0,1311.209,4096,measure-dynamic-search,4096,1000000,16,1000,281800,853.991335,1128,281800,/mnt/nvme1n1/PipeANN-github/build_reviewed_20260602_querycache/tests/dynamic_update_suite_driver --mode measure-dynamic-search --source-prefix /mnt/nvme1n1/PipeANN-supersector32k-work/indexes/phaseC_cycle03_retrain_each_cycle_4302719af5_super32k_v3 --jsonl-output /mnt/nvme1n1/PipeANN-github/experiments/v100_background_interference_full_v5_v3raw_fixed_20260601T234715Z/tmp/during_background_0083_row0083.jsonl --insert-threads 16 --search-threads 1 --merge-threads 16 --build-l 220 --build-r 116 --beamwidth 4 --k 10 --cpu-cap 8 --metric l2 --route prefilter --search-l 150 --data-bin experiments/v100_pq_drift_1m_baseline_20260601T043217Z/data/phaseC_cycle03_live_data_by_tag.bin --base-label-file experiments/v100_pq_drift_1m_baseline_20260601T043217Z/labels/base_labels_1000000.spmat --query-bin /mnt/nvme1n1/PipeANN-github/experiments/r116_suite_pq16_aris_20260520_072453/data/sift_query_1000.bin --truthset-bin experiments/v100_pq_drift_1m_baseline_20260601T043217Z/truth/phaseC_cycle03_intersect_u5e-02.bin --query-label-file /mnt/nvme1n1/PipeANN-github/experiments/r116_suite_pq16_aris_20260520_072453/labels/query_1000_u5e-02.spmat --selector-type intersect --query-limit 1000,99.31,83,prefilter,281800,280672,150,intersect,True,u5e-02,supersector32k,True,page_aware_slots,3,4096,4096,/mnt/nvme1n1/PipeANN-supersector32k-work/indexes/phaseC_cycle03_retrain_each_cycle_4302719af5_super32k_v3,True,prefilter,83,True,150,intersect,/mnt/nvme1n1/PipeANN-github/experiments/v100_pq_drift_1m_baseline_20260601T043217Z/indexes/phaseC_cycle03_retrain_each_cycle,/mnt/nvme1n1/PipeANN-supersector32k-work/indexes/phaseC_cycle03_retrain_each_cycle_4302719af5_super32k_v3,retrain_each_cycle,ok,128010,1,0,/mnt/nvme1n1/PipeANN-github/experiments/v100_pq_drift_1m_baseline_20260601T043217Z/indexes/phaseC_cycle03_retrain_each_cycle,/mnt/nvme1n1/PipeANN-supersector32k-work/indexes/phaseC_cycle03_retrain_each_cycle_4302719af5_super32k_v3,retrain_each_cycle,1.170972
/mnt/nvme1n1/PipeANN-supersector32k-work/indexes/phaseC_cycle03_retrain_each_cycle_4302719af5_super32k_v3_disk.index,ok,32768,33,4096,3,prefilter,1878.592684,16,u1e-01,100000.0,150,during_background,20-27,8,True,,1.878804,0,0,1,,10000,/mnt/nvme1n1/PipeANN-supersector32k-work/indexes/phaseC_cycle03_retrain_each_cycle_4302719af5_super32k_v3,20-27,3.3173000812530518,1780358075.2572572,1780358071.939136,0,16,supersector32k,page_aware_slots,3,1000000,281820,128010,100000.0,0.0,0.0,0.0,0.0,185.1,100000.0,0.0,185.1,1875.107,758169.6,142.179,128010,measure-dynamic-search,1874.559,0.0,0.0,1925.925,192.0,100000.0,0.0,192.0,1922.0,786432.0,2007.973,4096,measure-dynamic-search,4096,1000000,16,1000,281820,532.253567,1192,281820,/mnt/nvme1n1/PipeANN-github/build_reviewed_20260602_querycache/tests/dynamic_update_suite_driver --mode measure-dynamic-search --source-prefix /mnt/nvme1n1/PipeANN-supersector32k-work/indexes/phaseC_cycle03_retrain_each_cycle_4302719af5_super32k_v3 --jsonl-output /mnt/nvme1n1/PipeANN-github/experiments/v100_background_interference_full_v5_v3raw_fixed_20260601T234715Z/tmp/during_background_0084_row0084.jsonl --insert-threads 16 --search-threads 1 --merge-threads 16 --build-l 220 --build-r 116 --beamwidth 4 --k 10 --cpu-cap 8 --metric l2 --route prefilter --search-l 150 --data-bin experiments/v100_pq_drift_1m_baseline_20260601T043217Z/data/phaseC_cycle03_live_data_by_tag.bin --base-label-file experiments/v100_pq_drift_1m_baseline_20260601T043217Z/labels/base_labels_1000000.spmat --query-bin /mnt/nvme1n1/PipeANN-github/experiments/r116_suite_pq16_aris_20260520_072453/data/sift_query_1000.bin --truthset-bin experiments/v100_pq_drift_1m_baseline_20260601T043217Z/truth/phaseC_cycle03_intersect_u1e-01.bin --query-label-file /mnt/nvme1n1/PipeANN-github/experiments/r116_suite_pq16_aris_20260520_072453/labels/query_1000_u1e-01.spmat --selector-type intersect --query-limit 1000,98.66,84,prefilter,281820,280628,150,intersect,True,u1e-01,supersector32k,True,page_aware_slots,3,4096,4096,/mnt/nvme1n1/PipeANN-supersector32k-work/indexes/phaseC_cycle03_retrain_each_cycle_4302719af5_super32k_v3,True,prefilter,84,True,150,intersect,/mnt/nvme1n1/PipeANN-github/experiments/v100_pq_drift_1m_baseline_20260601T043217Z/indexes/phaseC_cycle03_retrain_each_cycle,/mnt/nvme1n1/PipeANN-supersector32k-work/indexes/phaseC_cycle03_retrain_each_cycle_4302719af5_super32k_v3,retrain_each_cycle,ok,128010,1,0,/mnt/nvme1n1/PipeANN-github/experiments/v100_pq_drift_1m_baseline_20260601T043217Z/indexes/phaseC_cycle03_retrain_each_cycle,/mnt/nvme1n1/PipeANN-supersector32k-work/indexes/phaseC_cycle03_retrain_each_cycle_4302719af5_super32k_v3,retrain_each_cycle,1.878804
/mnt/nvme1n1/PipeANN-supersector32k-work/indexes/phaseC_cycle03_retrain_each_cycle_4302719af5_super32k_v3_disk.index,ok,32768,33,4096,3,prefilter,4359.703178,16,u25,250000.0,450,during_background,20-27,8,True,,4.360101,0,0,1,,10000,/mnt/nvme1n1/PipeANN-supersector32k-work/indexes/phaseC_cycle03_retrain_each_cycle_4302719af5_super32k_v3,20-27,5.79955792427063,1780358081.0646586,1780358075.2643251,0,16,supersector32k,page_aware_slots,3,1000000,282044,128010,250000.0,0.0,0.0,0.0,0.0,519.232,250000.0,0.0,519.232,4355.311,2126774.272,290.505,128010,measure-dynamic-search,4351.681,0.0,0.0,4498.166,532.0,250000.0,0.0,532.0,4494.0,2179072.0,4680.874,4096,measure-dynamic-search,4096,1000000,16,1000,282044,229.352493,1132,282044,/mnt/nvme1n1/PipeANN-github/build_reviewed_20260602_querycache/tests/dynamic_update_suite_driver --mode measure-dynamic-search --source-prefix /mnt/nvme1n1/PipeANN-supersector32k-work/indexes/phaseC_cycle03_retrain_each_cycle_4302719af5_super32k_v3 --jsonl-output /mnt/nvme1n1/PipeANN-github/experiments/v100_background_interference_full_v5_v3raw_fixed_20260601T234715Z/tmp/during_background_0085_row0085.jsonl --insert-threads 16 --search-threads 1 --merge-threads 16 --build-l 220 --build-r 116 --beamwidth 4 --k 10 --cpu-cap 8 --metric l2 --route prefilter --search-l 450 --data-bin experiments/v100_pq_drift_1m_baseline_20260601T043217Z/data/phaseC_cycle03_live_data_by_tag.bin --base-label-file experiments/v100_pq_drift_1m_baseline_20260601T043217Z/labels/base_labels_1000000.spmat --query-bin /mnt/nvme1n1/PipeANN-github/experiments/r116_suite_pq16_aris_20260520_072453/data/sift_query_1000.bin --truthset-bin experiments/v100_pq_drift_1m_baseline_20260601T043217Z/truth/phaseC_cycle03_intersect_u25.bin --query-label-file /mnt/nvme1n1/PipeANN-github/experiments/r116_suite_pq16_aris_20260520_072453/labels/query_1000_u25.spmat --selector-type intersect --query-limit 1000,98.42,85,prefilter,282044,280912,450,intersect,True,u25,supersector32k,True,page_aware_slots,3,4096,4096,/mnt/nvme1n1/PipeANN-supersector32k-work/indexes/phaseC_cycle03_retrain_each_cycle_4302719af5_super32k_v3,True,prefilter,85,True,450,intersect,/mnt/nvme1n1/PipeANN-github/experiments/v100_pq_drift_1m_baseline_20260601T043217Z/indexes/phaseC_cycle03_retrain_each_cycle,/mnt/nvme1n1/PipeANN-supersector32k-work/indexes/phaseC_cycle03_retrain_each_cycle_4302719af5_super32k_v3,retrain_each_cycle,ok,128010,1,0,/mnt/nvme1n1/PipeANN-github/experiments/v100_pq_drift_1m_baseline_20260601T043217Z/indexes/phaseC_cycle03_retrain_each_cycle,/mnt/nvme1n1/PipeANN-supersector32k-work/indexes/phaseC_cycle03_retrain_each_cycle_4302719af5_super32k_v3,retrain_each_cycle,4.360101
/mnt/nvme1n1/PipeANN-supersector32k-work/indexes/phaseC_cycle03_retrain_each_cycle_4302719af5_super32k_v3_disk.index,ok,32768,33,4096,3,prefilter,5213.052126,16,u30,300000.0,470,during_background,20-27,8,True,,5.213454,0,0,1,,10000,/mnt/nvme1n1/PipeANN-supersector32k-work/indexes/phaseC_cycle03_retrain_each_cycle_4302719af5_super32k_v3,20-27,6.707197666168213,1780358087.7798913,1780358081.0719023,0,16,supersector32k,page_aware_slots,3,1000000,281848,128010,300000.0,0.0,0.0,0.0,0.0,542.166,300000.0,0.0,542.166,5207.632,2220711.936,356.778,128010,measure-dynamic-search,5194.576,0.0,0.0,5402.337,554.0,300000.0,0.0,554.0,5397.0,2269184.0,5581.655,4096,measure-dynamic-search,4096,1000000,16,1000,281848,191.811413,1192,281848,/mnt/nvme1n1/PipeANN-github/build_reviewed_20260602_querycache/tests/dynamic_update_suite_driver --mode measure-dynamic-search --source-prefix /mnt/nvme1n1/PipeANN-supersector32k-work/indexes/phaseC_cycle03_retrain_each_cycle_4302719af5_super32k_v3 --jsonl-output /mnt/nvme1n1/PipeANN-github/experiments/v100_background_interference_full_v5_v3raw_fixed_20260601T234715Z/tmp/during_background_0086_row0086.jsonl --insert-threads 16 --search-threads 1 --merge-threads 16 --build-l 220 --build-r 116 --beamwidth 4 --k 10 --cpu-cap 8 --metric l2 --route prefilter --search-l 470 --data-bin experiments/v100_pq_drift_1m_baseline_20260601T043217Z/data/phaseC_cycle03_live_data_by_tag.bin --base-label-file experiments/v100_pq_drift_1m_baseline_20260601T043217Z/labels/base_labels_1000000.spmat --query-bin /mnt/nvme1n1/PipeANN-github/experiments/r116_suite_pq16_aris_20260520_072453/data/sift_query_1000.bin --truthset-bin experiments/v100_pq_drift_1m_baseline_20260601T043217Z/truth/phaseC_cycle03_intersect_u30.bin --query-label-file /mnt/nvme1n1/PipeANN-github/experiments/r116_suite_pq16_aris_20260520_072453/labels/query_1000_u30.spmat --selector-type intersect --query-limit 1000,98.64,86,prefilter,281848,280656,470,intersect,True,u30,supersector32k,True,page_aware_slots,3,4096,4096,/mnt/nvme1n1/PipeANN-supersector32k-work/indexes/phaseC_cycle03_retrain_each_cycle_4302719af5_super32k_v3,True,prefilter,86,True,470,intersect,/mnt/nvme1n1/PipeANN-github/experiments/v100_pq_drift_1m_baseline_20260601T043217Z/indexes/phaseC_cycle03_retrain_each_cycle,/mnt/nvme1n1/PipeANN-supersector32k-work/indexes/phaseC_cycle03_retrain_each_cycle_4302719af5_super32k_v3,retrain_each_cycle,ok,128010,1,0,/mnt/nvme1n1/PipeANN-github/experiments/v100_pq_drift_1m_baseline_20260601T043217Z/indexes/phaseC_cycle03_retrain_each_cycle,/mnt/nvme1n1/PipeANN-supersector32k-work/indexes/phaseC_cycle03_retrain_each_cycle_4302719af5_super32k_v3,retrain_each_cycle,5.213454
/mnt/nvme1n1/PipeANN-supersector32k-work/indexes/phaseC_cycle03_retrain_each_cycle_4302719af5_super32k_v3_disk.index,ok,32768,33,4096,3,prefilter,7756.760486,16,u50,500000.0,400,during_background,20-27,8,True,,7.757273,0,0,1,,10000,/mnt/nvme1n1/PipeANN-supersector32k-work/indexes/phaseC_cycle03_retrain_each_cycle_4302719af5_super32k_v3,20-27,9.26056456565857,1780358097.048654,1780358087.7872648,0,16,supersector32k,page_aware_slots,3,1000000,281924,128010,500000.0,0.0,0.0,0.0,0.0,462.557,500000.0,0.0,462.557,7749.685,1894633.472,571.197,128010,measure-dynamic-search,7737.092,0.0,0.0,7924.648,475.0,500000.0,0.0,475.0,7917.0,1945600.0,8308.438,4096,measure-dynamic-search,4096,1000000,16,1000,281924,128.911284,1140,281812,/mnt/nvme1n1/PipeANN-github/build_reviewed_20260602_querycache/tests/dynamic_update_suite_driver --mode measure-dynamic-search --source-prefix /mnt/nvme1n1/PipeANN-supersector32k-work/indexes/phaseC_cycle03_retrain_each_cycle_4302719af5_super32k_v3 --jsonl-output /mnt/nvme1n1/PipeANN-github/experiments/v100_background_interference_full_v5_v3raw_fixed_20260601T234715Z/tmp/during_background_0087_row0087.jsonl --insert-threads 16 --search-threads 1 --merge-threads 16 --build-l 220 --build-r 116 --beamwidth 4 --k 10 --cpu-cap 8 --metric l2 --route prefilter --search-l 400 --data-bin experiments/v100_pq_drift_1m_baseline_20260601T043217Z/data/phaseC_cycle03_live_data_by_tag.bin --base-label-file experiments/v100_pq_drift_1m_baseline_20260601T043217Z/labels/base_labels_1000000.spmat --query-bin /mnt/nvme1n1/PipeANN-github/experiments/r116_suite_pq16_aris_20260520_072453/data/sift_query_1000.bin --truthset-bin experiments/v100_pq_drift_1m_baseline_20260601T043217Z/truth/phaseC_cycle03_intersect_u50.bin --query-label-file /mnt/nvme1n1/PipeANN-github/experiments/r116_suite_pq16_aris_20260520_072453/labels/query_1000_u50.spmat --selector-type intersect --query-limit 1000,98.46,87,prefilter,281812,280672,400,intersect,True,u50,supersector32k,True,page_aware_slots,3,4096,4096,/mnt/nvme1n1/PipeANN-supersector32k-work/indexes/phaseC_cycle03_retrain_each_cycle_4302719af5_super32k_v3,True,prefilter,87,True,400,intersect,/mnt/nvme1n1/PipeANN-github/experiments/v100_pq_drift_1m_baseline_20260601T043217Z/indexes/phaseC_cycle03_retrain_each_cycle,/mnt/nvme1n1/PipeANN-supersector32k-work/indexes/phaseC_cycle03_retrain_each_cycle_4302719af5_super32k_v3,retrain_each_cycle,ok,128010,1,0,/mnt/nvme1n1/PipeANN-github/experiments/v100_pq_drift_1m_baseline_20260601T043217Z/indexes/phaseC_cycle03_retrain_each_cycle,/mnt/nvme1n1/PipeANN-supersector32k-work/indexes/phaseC_cycle03_retrain_each_cycle_4302719af5_super32k_v3,retrain_each_cycle,7.757273
/mnt/nvme1n1/PipeANN-supersector32k-work/indexes/phaseC_cycle03_retrain_each_cycle_4302719af5_super32k_v3_disk.index,ok,32768,33,4096,3,graph,6443.89043,16,u75,750000.0,450,during_background,20-27,8,True,,6.444327,0,0,1,,10000,/mnt/nvme1n1/PipeANN-supersector32k-work/indexes/phaseC_cycle03_retrain_each_cycle_4302719af5_super32k_v3,20-27,7.831023216247559,1780358104.8878877,1780358097.056035,1000,16,supersector32k,page_aware_slots,3,1000000,296936,128010,750000.0,22345.216,0.0,6034.19,0.0,526.438,22345.216,0.0,526.438,6111.296,2156290.048,27.72,128010,measure-dynamic-search,6417.387,29232.0,0.0,6829.306,546.0,29232.0,0.0,546.0,6469.0,2236416.0,7285.636,4096,measure-dynamic-search,4096,1000000,16,0,296936,155.175233,16192,296936,/mnt/nvme1n1/PipeANN-github/build_reviewed_20260602_querycache/tests/dynamic_update_suite_driver --mode measure-dynamic-search --source-prefix /mnt/nvme1n1/PipeANN-supersector32k-work/indexes/phaseC_cycle03_retrain_each_cycle_4302719af5_super32k_v3 --jsonl-output /mnt/nvme1n1/PipeANN-github/experiments/v100_background_interference_full_v5_v3raw_fixed_20260601T234715Z/tmp/during_background_0088_row0088.jsonl --insert-threads 16 --search-threads 1 --merge-threads 16 --build-l 220 --build-r 116 --beamwidth 8 --k 10 --cpu-cap 8 --metric l2 --route graph --search-l 450 --data-bin experiments/v100_pq_drift_1m_baseline_20260601T043217Z/data/phaseC_cycle03_live_data_by_tag.bin --base-label-file experiments/v100_pq_drift_1m_baseline_20260601T043217Z/labels/base_labels_1000000.spmat --query-bin /mnt/nvme1n1/PipeANN-github/experiments/r116_suite_pq16_aris_20260520_072453/data/sift_query_1000.bin --truthset-bin experiments/v100_pq_drift_1m_baseline_20260601T043217Z/truth/phaseC_cycle03_intersect_u75.bin --query-label-file /mnt/nvme1n1/PipeANN-github/experiments/r116_suite_pq16_aris_20260520_072453/labels/query_1000_u75.spmat --selector-type intersect --query-limit 1000,98.11,88,graph,296936,280744,450,intersect,True,u75,supersector32k,True,page_aware_slots,3,4096,4096,/mnt/nvme1n1/PipeANN-supersector32k-work/indexes/phaseC_cycle03_retrain_each_cycle_4302719af5_super32k_v3,True,graph,88,True,450,intersect,/mnt/nvme1n1/PipeANN-github/experiments/v100_pq_drift_1m_baseline_20260601T043217Z/indexes/phaseC_cycle03_retrain_each_cycle,/mnt/nvme1n1/PipeANN-supersector32k-work/indexes/phaseC_cycle03_retrain_each_cycle_4302719af5_super32k_v3,retrain_each_cycle,ok,128010,1,0,/mnt/nvme1n1/PipeANN-github/experiments/v100_pq_drift_1m_baseline_20260601T043217Z/indexes/phaseC_cycle03_retrain_each_cycle,/mnt/nvme1n1/PipeANN-supersector32k-work/indexes/phaseC_cycle03_retrain_each_cycle_4302719af5_super32k_v3,retrain_each_cycle,6.444327
/mnt/nvme1n1/PipeANN-supersector32k-work/indexes/phaseC_cycle03_retrain_each_cycle_4302719af5_super32k_v3_disk.index,ok,32768,33,4096,3,graph,5782.899359,16,u100,1000000.0,400,during_background,20-27,8,True,,5.783275,0,0,1,,10000,/mnt/nvme1n1/PipeANN-supersector32k-work/indexes/phaseC_cycle03_retrain_each_cycle_4302719af5_super32k_v3,20-27,7.264713764190674,1780358112.160361,1780358104.8948429,1000,16,supersector32k,page_aware_slots,3,1000000,294436,128010,1000000.0,20596.989,0.0,5389.344,0.0,470.154,20596.989,0.0,470.154,5466.817,1925750.784,25.291,128010,measure-dynamic-search,5757.725,26757.0,0.0,6194.26,488.0,26757.0,0.0,488.0,5830.0,1998848.0,6471.444,4096,measure-dynamic-search,4096,1000000,16,0,294436,172.912405,13564,294436,/mnt/nvme1n1/PipeANN-github/build_reviewed_20260602_querycache/tests/dynamic_update_suite_driver --mode measure-dynamic-search --source-prefix /mnt/nvme1n1/PipeANN-supersector32k-work/indexes/phaseC_cycle03_retrain_each_cycle_4302719af5_super32k_v3 --jsonl-output /mnt/nvme1n1/PipeANN-github/experiments/v100_background_interference_full_v5_v3raw_fixed_20260601T234715Z/tmp/during_background_0089_row0089.jsonl --insert-threads 16 --search-threads 1 --merge-threads 16 --build-l 220 --build-r 116 --beamwidth 8 --k 10 --cpu-cap 8 --metric l2 --route graph --search-l 400 --data-bin experiments/v100_pq_drift_1m_baseline_20260601T043217Z/data/phaseC_cycle03_live_data_by_tag.bin --base-label-file experiments/v100_pq_drift_1m_baseline_20260601T043217Z/labels/base_labels_1000000.spmat --query-bin /mnt/nvme1n1/PipeANN-github/experiments/r116_suite_pq16_aris_20260520_072453/data/sift_query_1000.bin --truthset-bin experiments/v100_pq_drift_1m_baseline_20260601T043217Z/truth/phaseC_cycle03_intersect_u100.bin --query-label-file /mnt/nvme1n1/PipeANN-github/experiments/r116_suite_pq16_aris_20260520_072453/labels/query_1000_u100.spmat --selector-type intersect --query-limit 1000,98.17,89,graph,294436,280872,400,intersect,True,u100,supersector32k,True,page_aware_slots,3,4096,4096,/mnt/nvme1n1/PipeANN-supersector32k-work/indexes/phaseC_cycle03_retrain_each_cycle_4302719af5_super32k_v3,True,graph,89,True,400,intersect,/mnt/nvme1n1/PipeANN-github/experiments/v100_pq_drift_1m_baseline_20260601T043217Z/indexes/phaseC_cycle03_retrain_each_cycle,/mnt/nvme1n1/PipeANN-supersector32k-work/indexes/phaseC_cycle03_retrain_each_cycle_4302719af5_super32k_v3,retrain_each_cycle,ok,128010,1,0,/mnt/nvme1n1/PipeANN-github/experiments/v100_pq_drift_1m_baseline_20260601T043217Z/indexes/phaseC_cycle03_retrain_each_cycle,/mnt/nvme1n1/PipeANN-supersector32k-work/indexes/phaseC_cycle03_retrain_each_cycle_4302719af5_super32k_v3,retrain_each_cycle,5.783275
/mnt/nvme1n1/PipeANN-supersector32k-work/indexes/phaseC_cycle03_retrain_each_cycle_4302719af5_super32k_v3_disk.index,ok,32768,33,4096,3,prefilter,157.613309,16,u1e-03,1000.0,50,during_background,20-27,8,True,,0.157705,0,0,1,,10000,/mnt/nvme1n1/PipeANN-supersector32k-work/indexes/phaseC_cycle03_retrain_each_cycle_4302719af5_super32k_v3,20-27,1.616772174835205,1780358113.785093,1780358112.1675637,0,16,supersector32k,page_aware_slots,3,1000000,281780,128010,1000.0,0.0,0.0,0.0,0.0,111.287,1000.0,0.0,111.287,155.015,455831.552,35.032,128010,measure-dynamic-search,155.918,0.0,0.0,172.461,117.0,1000.0,0.0,117.0,170.0,479232.0,181.821,4096,measure-dynamic-search,4096,1000000,16,1000,281780,6340.948783,1172,281780,/mnt/nvme1n1/PipeANN-github/build_reviewed_20260602_querycache/tests/dynamic_update_suite_driver --mode measure-dynamic-search --source-prefix /mnt/nvme1n1/PipeANN-supersector32k-work/indexes/phaseC_cycle03_retrain_each_cycle_4302719af5_super32k_v3 --jsonl-output /mnt/nvme1n1/PipeANN-github/experiments/v100_background_interference_full_v5_v3raw_fixed_20260601T234715Z/tmp/during_background_0090_row0090.jsonl --insert-threads 16 --search-threads 1 --merge-threads 16 --build-l 220 --build-r 116 --beamwidth 4 --k 10 --cpu-cap 8 --metric l2 --route prefilter --search-l 50 --data-bin experiments/v100_pq_drift_1m_baseline_20260601T043217Z/data/phaseC_cycle03_live_data_by_tag.bin --base-label-file experiments/v100_pq_drift_1m_baseline_20260601T043217Z/labels/base_labels_1000000.spmat --query-bin /mnt/nvme1n1/PipeANN-github/experiments/r116_suite_pq16_aris_20260520_072453/data/sift_query_1000.bin --truthset-bin experiments/v100_pq_drift_1m_baseline_20260601T043217Z/truth/phaseC_cycle03_range_u1e-03.bin --query-label-file /mnt/nvme1n1/PipeANN-github/experiments/r116_suite_pq16_aris_20260520_072453/labels/query_1000_range_u1e-03.spmat --selector-type range --query-limit 1000,99.9,90,prefilter,281780,280608,50,range,True,u1e-03,supersector32k,True,page_aware_slots,3,4096,4096,/mnt/nvme1n1/PipeANN-supersector32k-work/indexes/phaseC_cycle03_retrain_each_cycle_4302719af5_super32k_v3,True,prefilter,90,True,50,range,/mnt/nvme1n1/PipeANN-github/experiments/v100_pq_drift_1m_baseline_20260601T043217Z/indexes/phaseC_cycle03_retrain_each_cycle,/mnt/nvme1n1/PipeANN-supersector32k-work/indexes/phaseC_cycle03_retrain_each_cycle_4302719af5_super32k_v3,retrain_each_cycle,ok,128010,1,0,/mnt/nvme1n1/PipeANN-github/experiments/v100_pq_drift_1m_baseline_20260601T043217Z/indexes/phaseC_cycle03_retrain_each_cycle,/mnt/nvme1n1/PipeANN-supersector32k-work/indexes/phaseC_cycle03_retrain_each_cycle_4302719af5_super32k_v3,retrain_each_cycle,0.157705
/mnt/nvme1n1/PipeANN-supersector32k-work/indexes/phaseC_cycle03_retrain_each_cycle_4302719af5_super32k_v3_disk.index,ok,32768,33,4096,3,prefilter,224.753607,16,u3e-03,3000.0,100,during_background,20-27,8,True,,0.22488,0,0,1,,10000,/mnt/nvme1n1/PipeANN-supersector32k-work/indexes/phaseC_cycle03_retrain_each_cycle_4302719af5_super32k_v3,20-27,1.6531243324279785,1780358115.4463713,1780358113.7924488,0,16,supersector32k,page_aware_slots,3,1000000,281824,128010,3000.0,0.0,0.0,0.0,0.0,115.387,3000.0,0.0,115.387,221.989,472625.152,41.752,128010,measure-dynamic-search,222.084,0.0,0.0,246.954,123.0,3000.0,0.0,123.0,244.0,503808.0,273.24,4096,measure-dynamic-search,4096,1000000,16,1000,281824,4446.818275,1112,281824,/mnt/nvme1n1/PipeANN-github/build_reviewed_20260602_querycache/tests/dynamic_update_suite_driver --mode measure-dynamic-search --source-prefix /mnt/nvme1n1/PipeANN-supersector32k-work/indexes/phaseC_cycle03_retrain_each_cycle_4302719af5_super32k_v3 --jsonl-output /mnt/nvme1n1/PipeANN-github/experiments/v100_background_interference_full_v5_v3raw_fixed_20260601T234715Z/tmp/during_background_0091_row0091.jsonl --insert-threads 16 --search-threads 1 --merge-threads 16 --build-l 220 --build-r 116 --beamwidth 4 --k 10 --cpu-cap 8 --metric l2 --route prefilter --search-l 100 --data-bin experiments/v100_pq_drift_1m_baseline_20260601T043217Z/data/phaseC_cycle03_live_data_by_tag.bin --base-label-file experiments/v100_pq_drift_1m_baseline_20260601T043217Z/labels/base_labels_1000000.spmat --query-bin /mnt/nvme1n1/PipeANN-github/experiments/r116_suite_pq16_aris_20260520_072453/data/sift_query_1000.bin --truthset-bin experiments/v100_pq_drift_1m_baseline_20260601T043217Z/truth/phaseC_cycle03_range_u3e-03.bin --query-label-file /mnt/nvme1n1/PipeANN-github/experiments/r116_suite_pq16_aris_20260520_072453/labels/query_1000_range_u3e-03.spmat --selector-type range --query-limit 1000,99.72,91,prefilter,281824,280712,100,range,True,u3e-03,supersector32k,True,page_aware_slots,3,4096,4096,/mnt/nvme1n1/PipeANN-supersector32k-work/indexes/phaseC_cycle03_retrain_each_cycle_4302719af5_super32k_v3,True,prefilter,91,True,100,range,/mnt/nvme1n1/PipeANN-github/experiments/v100_pq_drift_1m_baseline_20260601T043217Z/indexes/phaseC_cycle03_retrain_each_cycle,/mnt/nvme1n1/PipeANN-supersector32k-work/indexes/phaseC_cycle03_retrain_each_cycle_4302719af5_super32k_v3,retrain_each_cycle,ok,128010,1,0,/mnt/nvme1n1/PipeANN-github/experiments/v100_pq_drift_1m_baseline_20260601T043217Z/indexes/phaseC_cycle03_retrain_each_cycle,/mnt/nvme1n1/PipeANN-supersector32k-work/indexes/phaseC_cycle03_retrain_each_cycle_4302719af5_super32k_v3,retrain_each_cycle,0.22488
/mnt/nvme1n1/PipeANN-supersector32k-work/indexes/phaseC_cycle03_retrain_each_cycle_4302719af5_super32k_v3_disk.index,ok,32768,33,4096,3,prefilter,415.00823,16,u1e-02,10000.0,50,during_background,20-27,8,True,,0.415163,0,0,1,,10000,/mnt/nvme1n1/PipeANN-supersector32k-work/indexes/phaseC_cycle03_retrain_each_cycle_4302719af5_super32k_v3,20-27,1.8203165531158447,1780358117.2768028,1780358115.4536958,0,16,supersector32k,page_aware_slots,3,1000000,281696,128010,10000.0,0.0,0.0,0.0,0.0,147.923,10000.0,0.0,147.923,411.958,605892.608,57.904,128010,measure-dynamic-search,412.017,0.0,0.0,444.563,155.0,10000.0,0.0,155.0,442.0,634880.0,476.205,4096,measure-dynamic-search,4096,1000000,16,1000,281696,2408.692965,924,281696,/mnt/nvme1n1/PipeANN-github/build_reviewed_20260602_querycache/tests/dynamic_update_suite_driver --mode measure-dynamic-search --source-prefix /mnt/nvme1n1/PipeANN-supersector32k-work/indexes/phaseC_cycle03_retrain_each_cycle_4302719af5_super32k_v3 --jsonl-output /mnt/nvme1n1/PipeANN-github/experiments/v100_background_interference_full_v5_v3raw_fixed_20260601T234715Z/tmp/during_background_0092_row0092.jsonl --insert-threads 16 --search-threads 1 --merge-threads 16 --build-l 220 --build-r 116 --beamwidth 4 --k 10 --cpu-cap 8 --metric l2 --route prefilter --search-l 50 --data-bin experiments/v100_pq_drift_1m_baseline_20260601T043217Z/data/phaseC_cycle03_live_data_by_tag.bin --base-label-file experiments/v100_pq_drift_1m_baseline_20260601T043217Z/labels/base_labels_1000000.spmat --query-bin /mnt/nvme1n1/PipeANN-github/experiments/r116_suite_pq16_aris_20260520_072453/data/sift_query_1000.bin --truthset-bin experiments/v100_pq_drift_1m_baseline_20260601T043217Z/truth/phaseC_cycle03_range_u1e-02.bin --query-label-file /mnt/nvme1n1/PipeANN-github/experiments/r116_suite_pq16_aris_20260520_072453/labels/query_1000_range_u1e-02.spmat --selector-type range --query-limit 1000,99.67,92,prefilter,281696,280772,50,range,True,u1e-02,supersector32k,True,page_aware_slots,3,4096,4096,/mnt/nvme1n1/PipeANN-supersector32k-work/indexes/phaseC_cycle03_retrain_each_cycle_4302719af5_super32k_v3,True,prefilter,92,True,50,range,/mnt/nvme1n1/PipeANN-github/experiments/v100_pq_drift_1m_baseline_20260601T043217Z/indexes/phaseC_cycle03_retrain_each_cycle,/mnt/nvme1n1/PipeANN-supersector32k-work/indexes/phaseC_cycle03_retrain_each_cycle_4302719af5_super32k_v3,retrain_each_cycle,ok,128010,1,0,/mnt/nvme1n1/PipeANN-github/experiments/v100_pq_drift_1m_baseline_20260601T043217Z/indexes/phaseC_cycle03_retrain_each_cycle,/mnt/nvme1n1/PipeANN-supersector32k-work/indexes/phaseC_cycle03_retrain_each_cycle_4302719af5_super32k_v3,retrain_each_cycle,0.415163
/mnt/nvme1n1/PipeANN-supersector32k-work/indexes/phaseC_cycle03_retrain_each_cycle_4302719af5_super32k_v3_disk.index,ok,32768,33,4096,3,prefilter,1201.44972,16,u5e-02,50000.0,75,during_background,20-27,8,True,,1.201661,0,0,1,,10000,/mnt/nvme1n1/PipeANN-supersector32k-work/indexes/phaseC_cycle03_retrain_each_cycle_4302719af5_super32k_v3,20-27,2.63944673538208,1780358119.9264836,1780358117.2859657,0,16,supersector32k,page_aware_slots,3,1000000,284044,128010,50000.0,0.0,0.0,0.0,0.0,185.625,50000.0,0.0,185.625,1198.088,760320.0,106.236,128010,measure-dynamic-search,1197.975,0.0,0.0,1242.19,193.0,50000.0,0.0,193.0,1238.0,790528.0,1309.545,4096,measure-dynamic-search,4096,1000000,16,1000,284044,832.18166,1332,284044,/mnt/nvme1n1/PipeANN-github/build_reviewed_20260602_querycache/tests/dynamic_update_suite_driver --mode measure-dynamic-search --source-prefix /mnt/nvme1n1/PipeANN-supersector32k-work/indexes/phaseC_cycle03_retrain_each_cycle_4302719af5_super32k_v3 --jsonl-output /mnt/nvme1n1/PipeANN-github/experiments/v100_background_interference_full_v5_v3raw_fixed_20260601T234715Z/tmp/during_background_0093_row0093.jsonl --insert-threads 16 --search-threads 1 --merge-threads 16 --build-l 220 --build-r 116 --beamwidth 4 --k 10 --cpu-cap 8 --metric l2 --route prefilter --search-l 75 --data-bin experiments/v100_pq_drift_1m_baseline_20260601T043217Z/data/phaseC_cycle03_live_data_by_tag.bin --base-label-file experiments/v100_pq_drift_1m_baseline_20260601T043217Z/labels/base_labels_1000000.spmat --query-bin /mnt/nvme1n1/PipeANN-github/experiments/r116_suite_pq16_aris_20260520_072453/data/sift_query_1000.bin --truthset-bin experiments/v100_pq_drift_1m_baseline_20260601T043217Z/truth/phaseC_cycle03_range_u5e-02.bin --query-label-file /mnt/nvme1n1/PipeANN-github/experiments/r116_suite_pq16_aris_20260520_072453/labels/query_1000_range_u5e-02.spmat --selector-type range --query-limit 1000,99.31,93,prefilter,284044,282712,75,range,True,u5e-02,supersector32k,True,page_aware_slots,3,4096,4096,/mnt/nvme1n1/PipeANN-supersector32k-work/indexes/phaseC_cycle03_retrain_each_cycle_4302719af5_super32k_v3,True,prefilter,93,True,75,range,/mnt/nvme1n1/PipeANN-github/experiments/v100_pq_drift_1m_baseline_20260601T043217Z/indexes/phaseC_cycle03_retrain_each_cycle,/mnt/nvme1n1/PipeANN-supersector32k-work/indexes/phaseC_cycle03_retrain_each_cycle_4302719af5_super32k_v3,retrain_each_cycle,ok,128010,1,0,/mnt/nvme1n1/PipeANN-github/experiments/v100_pq_drift_1m_baseline_20260601T043217Z/indexes/phaseC_cycle03_retrain_each_cycle,/mnt/nvme1n1/PipeANN-supersector32k-work/indexes/phaseC_cycle03_retrain_each_cycle_4302719af5_super32k_v3,retrain_each_cycle,1.201661
/mnt/nvme1n1/PipeANN-supersector32k-work/indexes/phaseC_cycle03_retrain_each_cycle_4302719af5_super32k_v3_disk.index,ok,32768,33,4096,3,prefilter,1880.836187,16,u1e-01,100000.0,75,during_background,20-27,8,True,,1.881102,0,0,1,,10000,/mnt/nvme1n1/PipeANN-supersector32k-work/indexes/phaseC_cycle03_retrain_each_cycle_4302719af5_super32k_v3,20-27,3.319772720336914,1780358123.254556,1780358119.9340143,0,16,supersector32k,page_aware_slots,3,1000000,281856,128010,100000.0,0.0,0.0,0.0,0.0,185.1,100000.0,0.0,185.1,1877.042,758169.6,163.605,128010,measure-dynamic-search,1873.601,0.0,0.0,1929.867,192.0,100000.0,0.0,192.0,1926.0,786432.0,2080.531,4096,measure-dynamic-search,4096,1000000,16,1000,281856,531.603167,1004,281856,/mnt/nvme1n1/PipeANN-github/build_reviewed_20260602_querycache/tests/dynamic_update_suite_driver --mode measure-dynamic-search --source-prefix /mnt/nvme1n1/PipeANN-supersector32k-work/indexes/phaseC_cycle03_retrain_each_cycle_4302719af5_super32k_v3 --jsonl-output /mnt/nvme1n1/PipeANN-github/experiments/v100_background_interference_full_v5_v3raw_fixed_20260601T234715Z/tmp/during_background_0094_row0094.jsonl --insert-threads 16 --search-threads 1 --merge-threads 16 --build-l 220 --build-r 116 --beamwidth 4 --k 10 --cpu-cap 8 --metric l2 --route prefilter --search-l 75 --data-bin experiments/v100_pq_drift_1m_baseline_20260601T043217Z/data/phaseC_cycle03_live_data_by_tag.bin --base-label-file experiments/v100_pq_drift_1m_baseline_20260601T043217Z/labels/base_labels_1000000.spmat --query-bin /mnt/nvme1n1/PipeANN-github/experiments/r116_suite_pq16_aris_20260520_072453/data/sift_query_1000.bin --truthset-bin experiments/v100_pq_drift_1m_baseline_20260601T043217Z/truth/phaseC_cycle03_range_u1e-01.bin --query-label-file /mnt/nvme1n1/PipeANN-github/experiments/r116_suite_pq16_aris_20260520_072453/labels/query_1000_range_u1e-01.spmat --selector-type range --query-limit 1000,98.66,94,prefilter,281856,280852,75,range,True,u1e-01,supersector32k,True,page_aware_slots,3,4096,4096,/mnt/nvme1n1/PipeANN-supersector32k-work/indexes/phaseC_cycle03_retrain_each_cycle_4302719af5_super32k_v3,True,prefilter,94,True,75,range,/mnt/nvme1n1/PipeANN-github/experiments/v100_pq_drift_1m_baseline_20260601T043217Z/indexes/phaseC_cycle03_retrain_each_cycle,/mnt/nvme1n1/PipeANN-supersector32k-work/indexes/phaseC_cycle03_retrain_each_cycle_4302719af5_super32k_v3,retrain_each_cycle,ok,128010,1,0,/mnt/nvme1n1/PipeANN-github/experiments/v100_pq_drift_1m_baseline_20260601T043217Z/indexes/phaseC_cycle03_retrain_each_cycle,/mnt/nvme1n1/PipeANN-supersector32k-work/indexes/phaseC_cycle03_retrain_each_cycle_4302719af5_super32k_v3,retrain_each_cycle,1.881102
/mnt/nvme1n1/PipeANN-supersector32k-work/indexes/phaseC_cycle03_retrain_each_cycle_4302719af5_super32k_v3_disk.index,ok,32768,33,4096,3,prefilter,4395.893538,16,u25,250000.0,400,during_background,20-27,8,True,,4.39625,0,0,1,,10000,/mnt/nvme1n1/PipeANN-supersector32k-work/indexes/phaseC_cycle03_retrain_each_cycle_4302719af5_super32k_v3,20-27,5.848986864089966,1780358129.1115513,1780358123.261796,0,16,supersector32k,page_aware_slots,3,1000000,282056,128010,250000.0,0.0,0.0,0.0,0.0,461.477,250000.0,0.0,461.477,4390.845,1890209.792,333.443,128010,measure-dynamic-search,4380.281,0.0,0.0,4510.677,473.0,250000.0,0.0,473.0,4505.0,1937408.0,4716.794,4096,measure-dynamic-search,4096,1000000,16,1000,282056,227.466598,1132,282056,/mnt/nvme1n1/PipeANN-github/build_reviewed_20260602_querycache/tests/dynamic_update_suite_driver --mode measure-dynamic-search --source-prefix /mnt/nvme1n1/PipeANN-supersector32k-work/indexes/phaseC_cycle03_retrain_each_cycle_4302719af5_super32k_v3 --jsonl-output /mnt/nvme1n1/PipeANN-github/experiments/v100_background_interference_full_v5_v3raw_fixed_20260601T234715Z/tmp/during_background_0095_row0095.jsonl --insert-threads 16 --search-threads 1 --merge-threads 16 --build-l 220 --build-r 116 --beamwidth 4 --k 10 --cpu-cap 8 --metric l2 --route prefilter --search-l 400 --data-bin experiments/v100_pq_drift_1m_baseline_20260601T043217Z/data/phaseC_cycle03_live_data_by_tag.bin --base-label-file experiments/v100_pq_drift_1m_baseline_20260601T043217Z/labels/base_labels_1000000.spmat --query-bin /mnt/nvme1n1/PipeANN-github/experiments/r116_suite_pq16_aris_20260520_072453/data/sift_query_1000.bin --truthset-bin experiments/v100_pq_drift_1m_baseline_20260601T043217Z/truth/phaseC_cycle03_range_u25.bin --query-label-file /mnt/nvme1n1/PipeANN-github/experiments/r116_suite_pq16_aris_20260520_072453/labels/query_1000_range_u25.spmat --selector-type range --query-limit 1000,98.19,95,prefilter,282056,280924,400,range,True,u25,supersector32k,True,page_aware_slots,3,4096,4096,/mnt/nvme1n1/PipeANN-supersector32k-work/indexes/phaseC_cycle03_retrain_each_cycle_4302719af5_super32k_v3,True,prefilter,95,True,400,range,/mnt/nvme1n1/PipeANN-github/experiments/v100_pq_drift_1m_baseline_20260601T043217Z/indexes/phaseC_cycle03_retrain_each_cycle,/mnt/nvme1n1/PipeANN-supersector32k-work/indexes/phaseC_cycle03_retrain_each_cycle_4302719af5_super32k_v3,retrain_each_cycle,ok,128010,1,0,/mnt/nvme1n1/PipeANN-github/experiments/v100_pq_drift_1m_baseline_20260601T043217Z/indexes/phaseC_cycle03_retrain_each_cycle,/mnt/nvme1n1/PipeANN-supersector32k-work/indexes/phaseC_cycle03_retrain_each_cycle_4302719af5_super32k_v3,retrain_each_cycle,4.39625
/mnt/nvme1n1/PipeANN-supersector32k-work/indexes/phaseC_cycle03_retrain_each_cycle_4302719af5_super32k_v3_disk.index,ok,32768,33,4096,3,prefilter,5070.273706,16,u30,300000.0,400,during_background,20-27,8,True,,5.070661,0,0,1,,10000,/mnt/nvme1n1/PipeANN-supersector32k-work/indexes/phaseC_cycle03_retrain_each_cycle_4302719af5_super32k_v3,20-27,6.563070058822632,1780358135.682811,1780358129.1189423,0,16,supersector32k,page_aware_slots,3,1000000,282068,128010,300000.0,0.0,0.0,0.0,0.0,461.467,300000.0,0.0,461.467,5065.354,1890168.832,396.704,128010,measure-dynamic-search,5057.278,0.0,0.0,5156.466,473.0,300000.0,0.0,473.0,5151.0,1937408.0,5437.0,4096,measure-dynamic-search,4096,1000000,16,1000,282068,197.212935,1196,282068,/mnt/nvme1n1/PipeANN-github/build_reviewed_20260602_querycache/tests/dynamic_update_suite_driver --mode measure-dynamic-search --source-prefix /mnt/nvme1n1/PipeANN-supersector32k-work/indexes/phaseC_cycle03_retrain_each_cycle_4302719af5_super32k_v3 --jsonl-output /mnt/nvme1n1/PipeANN-github/experiments/v100_background_interference_full_v5_v3raw_fixed_20260601T234715Z/tmp/during_background_0096_row0096.jsonl --insert-threads 16 --search-threads 1 --merge-threads 16 --build-l 220 --build-r 116 --beamwidth 4 --k 10 --cpu-cap 8 --metric l2 --route prefilter --search-l 400 --data-bin experiments/v100_pq_drift_1m_baseline_20260601T043217Z/data/phaseC_cycle03_live_data_by_tag.bin --base-label-file experiments/v100_pq_drift_1m_baseline_20260601T043217Z/labels/base_labels_1000000.spmat --query-bin /mnt/nvme1n1/PipeANN-github/experiments/r116_suite_pq16_aris_20260520_072453/data/sift_query_1000.bin --truthset-bin experiments/v100_pq_drift_1m_baseline_20260601T043217Z/truth/phaseC_cycle03_range_u30.bin --query-label-file /mnt/nvme1n1/PipeANN-github/experiments/r116_suite_pq16_aris_20260520_072453/labels/query_1000_range_u30.spmat --selector-type range --query-limit 1000,98.37,96,prefilter,282068,280872,400,range,True,u30,supersector32k,True,page_aware_slots,3,4096,4096,/mnt/nvme1n1/PipeANN-supersector32k-work/indexes/phaseC_cycle03_retrain_each_cycle_4302719af5_super32k_v3,True,prefilter,96,True,400,range,/mnt/nvme1n1/PipeANN-github/experiments/v100_pq_drift_1m_baseline_20260601T043217Z/indexes/phaseC_cycle03_retrain_each_cycle,/mnt/nvme1n1/PipeANN-supersector32k-work/indexes/phaseC_cycle03_retrain_each_cycle_4302719af5_super32k_v3,retrain_each_cycle,ok,128010,1,0,/mnt/nvme1n1/PipeANN-github/experiments/v100_pq_drift_1m_baseline_20260601T043217Z/indexes/phaseC_cycle03_retrain_each_cycle,/mnt/nvme1n1/PipeANN-supersector32k-work/indexes/phaseC_cycle03_retrain_each_cycle_4302719af5_super32k_v3,retrain_each_cycle,5.070661
/mnt/nvme1n1/PipeANN-supersector32k-work/indexes/phaseC_cycle03_retrain_each_cycle_4302719af5_super32k_v3_disk.index,ok,32768,33,4096,3,prefilter,7962.776066,16,u50,500000.0,400,during_background,20-27,8,True,,7.963303,0,0,1,,10000,/mnt/nvme1n1/PipeANN-supersector32k-work/indexes/phaseC_cycle03_retrain_each_cycle_4302719af5_super32k_v3,20-27,9.692664861679077,1780358145.38408,1780358135.6897678,0,16,supersector32k,page_aware_slots,3,1000000,283832,128010,500000.0,0.0,0.0,0.0,0.0,462.557,500000.0,0.0,462.557,7954.755,1894633.472,637.979,128010,measure-dynamic-search,8017.827,0.0,0.0,8416.882,475.0,500000.0,0.0,475.0,8393.0,1945600.0,9106.217,4096,measure-dynamic-search,4096,1000000,16,1000,283832,125.576026,1132,283832,/mnt/nvme1n1/PipeANN-github/build_reviewed_20260602_querycache/tests/dynamic_update_suite_driver --mode measure-dynamic-search --source-prefix /mnt/nvme1n1/PipeANN-supersector32k-work/indexes/phaseC_cycle03_retrain_each_cycle_4302719af5_super32k_v3 --jsonl-output /mnt/nvme1n1/PipeANN-github/experiments/v100_background_interference_full_v5_v3raw_fixed_20260601T234715Z/tmp/during_background_0097_row0097.jsonl --insert-threads 16 --search-threads 1 --merge-threads 16 --build-l 220 --build-r 116 --beamwidth 4 --k 10 --cpu-cap 8 --metric l2 --route prefilter --search-l 400 --data-bin experiments/v100_pq_drift_1m_baseline_20260601T043217Z/data/phaseC_cycle03_live_data_by_tag.bin --base-label-file experiments/v100_pq_drift_1m_baseline_20260601T043217Z/labels/base_labels_1000000.spmat --query-bin /mnt/nvme1n1/PipeANN-github/experiments/r116_suite_pq16_aris_20260520_072453/data/sift_query_1000.bin --truthset-bin experiments/v100_pq_drift_1m_baseline_20260601T043217Z/truth/phaseC_cycle03_range_u50.bin --query-label-file /mnt/nvme1n1/PipeANN-github/experiments/r116_suite_pq16_aris_20260520_072453/labels/query_1000_range_u50.spmat --selector-type range --query-limit 1000,98.46,97,prefilter,259344,282700,400,range,True,u50,supersector32k,True,page_aware_slots,3,4096,4096,/mnt/nvme1n1/PipeANN-supersector32k-work/indexes/phaseC_cycle03_retrain_each_cycle_4302719af5_super32k_v3,True,prefilter,97,True,400,range,/mnt/nvme1n1/PipeANN-github/experiments/v100_pq_drift_1m_baseline_20260601T043217Z/indexes/phaseC_cycle03_retrain_each_cycle,/mnt/nvme1n1/PipeANN-supersector32k-work/indexes/phaseC_cycle03_retrain_each_cycle_4302719af5_super32k_v3,retrain_each_cycle,ok,128010,1,0,/mnt/nvme1n1/PipeANN-github/experiments/v100_pq_drift_1m_baseline_20260601T043217Z/indexes/phaseC_cycle03_retrain_each_cycle,/mnt/nvme1n1/PipeANN-supersector32k-work/indexes/phaseC_cycle03_retrain_each_cycle_4302719af5_super32k_v3,retrain_each_cycle,7.963303
/mnt/nvme1n1/PipeANN-supersector32k-work/indexes/phaseC_cycle03_retrain_each_cycle_4302719af5_super32k_v3_disk.index,ok,32768,33,4096,3,mixed,6429.398582,16,u75,750000.0,450,during_background,20-27,8,True,,6.429891,0,1000,1,,10000,/mnt/nvme1n1/PipeANN-supersector32k-work/indexes/phaseC_cycle03_retrain_each_cycle_4302719af5_super32k_v3,20-27,8.136030197143555,1780358153.5280368,1780358145.391185,0,16,supersector32k,page_aware_slots,3,1000000,296800,128010,750000.0,22342.65,0.0,5955.563,0.0,526.391,22342.65,0.0,526.391,6070.212,2156097.536,67.63,128010,measure-dynamic-search,6321.574,29270.0,0.0,6813.417,546.0,29270.0,0.0,546.0,6429.0,2236416.0,7958.453,4096,measure-dynamic-search,4096,1000000,16,0,296800,155.523629,16120,296800,/mnt/nvme1n1/PipeANN-github/build_reviewed_20260602_querycache/tests/dynamic_update_suite_driver --mode measure-dynamic-search --source-prefix /mnt/nvme1n1/PipeANN-supersector32k-work/indexes/phaseC_cycle03_retrain_each_cycle_4302719af5_super32k_v3 --jsonl-output /mnt/nvme1n1/PipeANN-github/experiments/v100_background_interference_full_v5_v3raw_fixed_20260601T234715Z/tmp/during_background_0098_row0098.jsonl --insert-threads 16 --search-threads 1 --merge-threads 16 --build-l 220 --build-r 116 --beamwidth 8 --k 10 --cpu-cap 8 --metric l2 --route graph --search-l 450 --data-bin experiments/v100_pq_drift_1m_baseline_20260601T043217Z/data/phaseC_cycle03_live_data_by_tag.bin --base-label-file experiments/v100_pq_drift_1m_baseline_20260601T043217Z/labels/base_labels_1000000.spmat --query-bin /mnt/nvme1n1/PipeANN-github/experiments/r116_suite_pq16_aris_20260520_072453/data/sift_query_1000.bin --truthset-bin experiments/v100_pq_drift_1m_baseline_20260601T043217Z/truth/phaseC_cycle03_range_u75.bin --query-label-file /mnt/nvme1n1/PipeANN-github/experiments/r116_suite_pq16_aris_20260520_072453/labels/query_1000_range_u75.spmat --selector-type range --query-limit 1000,98.11,98,graph,296800,280680,450,range,True,u75,supersector32k,True,page_aware_slots,3,4096,4096,/mnt/nvme1n1/PipeANN-supersector32k-work/indexes/phaseC_cycle03_retrain_each_cycle_4302719af5_super32k_v3,True,graph,98,True,450,range,/mnt/nvme1n1/PipeANN-github/experiments/v100_pq_drift_1m_baseline_20260601T043217Z/indexes/phaseC_cycle03_retrain_each_cycle,/mnt/nvme1n1/PipeANN-supersector32k-work/indexes/phaseC_cycle03_retrain_each_cycle_4302719af5_super32k_v3,retrain_each_cycle,ok,128010,1,0,/mnt/nvme1n1/PipeANN-github/experiments/v100_pq_drift_1m_baseline_20260601T043217Z/indexes/phaseC_cycle03_retrain_each_cycle,/mnt/nvme1n1/PipeANN-supersector32k-work/indexes/phaseC_cycle03_retrain_each_cycle_4302719af5_super32k_v3,retrain_each_cycle,6.429891
/mnt/nvme1n1/PipeANN-supersector32k-work/indexes/phaseC_cycle03_retrain_each_cycle_4302719af5_super32k_v3_disk.index,ok,32768,33,4096,3,mixed,5769.457237,16,u100,1000000.0,400,during_background,20-27,8,True,,5.769806,0,1000,1,,10000,/mnt/nvme1n1/PipeANN-supersector32k-work/indexes/phaseC_cycle03_retrain_each_cycle_4302719af5_super32k_v3,20-27,7.29651141166687,1780358160.8323848,1780358153.5351121,0,16,supersector32k,page_aware_slots,3,1000000,294372,128010,1000000.0,20594.817,0.0,5287.433,0.0,470.092,20594.817,0.0,470.092,5442.98,1925496.832,101.057,128010,measure-dynamic-search,5742.665,26757.0,0.0,6105.112,488.0,26757.0,0.0,488.0,5784.0,1998848.0,6541.064,4096,measure-dynamic-search,4096,1000000,16,0,294372,173.316058,13620,294372,/mnt/nvme1n1/PipeANN-github/build_reviewed_20260602_querycache/tests/dynamic_update_suite_driver --mode measure-dynamic-search --source-prefix /mnt/nvme1n1/PipeANN-supersector32k-work/indexes/phaseC_cycle03_retrain_each_cycle_4302719af5_super32k_v3 --jsonl-output /mnt/nvme1n1/PipeANN-github/experiments/v100_background_interference_full_v5_v3raw_fixed_20260601T234715Z/tmp/during_background_0099_row0099.jsonl --insert-threads 16 --search-threads 1 --merge-threads 16 --build-l 220 --build-r 116 --beamwidth 8 --k 10 --cpu-cap 8 --metric l2 --route graph --search-l 400 --data-bin experiments/v100_pq_drift_1m_baseline_20260601T043217Z/data/phaseC_cycle03_live_data_by_tag.bin --base-label-file experiments/v100_pq_drift_1m_baseline_20260601T043217Z/labels/base_labels_1000000.spmat --query-bin /mnt/nvme1n1/PipeANN-github/experiments/r116_suite_pq16_aris_20260520_072453/data/sift_query_1000.bin --truthset-bin experiments/v100_pq_drift_1m_baseline_20260601T043217Z/truth/phaseC_cycle03_range_u100.bin --query-label-file /mnt/nvme1n1/PipeANN-github/experiments/r116_suite_pq16_aris_20260520_072453/labels/query_1000_range_u100.spmat --selector-type range --query-limit 1000,98.17,99,graph,294372,280752,400,range,True,u100,supersector32k,True,page_aware_slots,3,4096,4096,/mnt/nvme1n1/PipeANN-supersector32k-work/indexes/phaseC_cycle03_retrain_each_cycle_4302719af5_super32k_v3,True,graph,99,True,400,range,/mnt/nvme1n1/PipeANN-github/experiments/v100_pq_drift_1m_baseline_20260601T043217Z/indexes/phaseC_cycle03_retrain_each_cycle,/mnt/nvme1n1/PipeANN-supersector32k-work/indexes/phaseC_cycle03_retrain_each_cycle_4302719af5_super32k_v3,retrain_each_cycle,ok,128010,1,0,/mnt/nvme1n1/PipeANN-github/experiments/v100_pq_drift_1m_baseline_20260601T043217Z/indexes/phaseC_cycle03_retrain_each_cycle,/mnt/nvme1n1/PipeANN-supersector32k-work/indexes/phaseC_cycle03_retrain_each_cycle_4302719af5_super32k_v3,retrain_each_cycle,5.769806
/mnt/nvme1n1/PipeANN-supersector32k-work/indexes/phaseC_cycle03_no_retrain_after_insert_41c931410b_super32k_v3_disk.index,ok,32768,33,4096,3,prefilter,207.164325,16,u1e-03,1000.0,50,during_background,20-27,8,True,,0.207321,0,0,1,,10000,/mnt/nvme1n1/PipeANN-supersector32k-work/indexes/phaseC_cycle03_no_retrain_after_insert_41c931410b_super32k_v3,20-27,2.703115940093994,1780358163.543738,1780358160.839829,0,16,supersector32k,page_aware_slots,3,1000000,285964,98030,1000.0,0.0,0.0,0.0,0.0,113.991,1000.0,0.0,113.991,204.191,466907.136,52.104,98030,measure-dynamic-search,203.776,0.0,0.0,231.012,119.0,1000.0,0.0,119.0,228.0,487424.0,251.345,4096,measure-dynamic-search,4096,1000000,16,1000,285964,4823.433211,1376,285964,/mnt/nvme1n1/PipeANN-github/build_reviewed_20260602_querycache/tests/dynamic_update_suite_driver --mode measure-dynamic-search --source-prefix /mnt/nvme1n1/PipeANN-supersector32k-work/indexes/phaseC_cycle03_no_retrain_after_insert_41c931410b_super32k_v3 --jsonl-output /mnt/nvme1n1/PipeANN-github/experiments/v100_background_interference_full_v5_v3raw_fixed_20260601T234715Z/tmp/during_background_0100_row0100.jsonl --insert-threads 16 --search-threads 1 --merge-threads 16 --build-l 220 --build-r 116 --beamwidth 4 --k 10 --cpu-cap 8 --metric l2 --route prefilter --search-l 50 --data-bin experiments/v100_pq_drift_1m_baseline_20260601T043217Z/data/phaseC_cycle03_live_data_by_tag.bin --base-label-file experiments/v100_pq_drift_1m_baseline_20260601T043217Z/labels/base_labels_1000000.spmat --query-bin /mnt/nvme1n1/PipeANN-github/experiments/r116_suite_pq16_aris_20260520_072453/data/sift_query_1000.bin --truthset-bin experiments/v100_pq_drift_1m_baseline_20260601T043217Z/truth/phaseC_cycle03_intersect_u1e-03.bin --query-label-file /mnt/nvme1n1/PipeANN-github/experiments/r116_suite_pq16_aris_20260520_072453/labels/query_1000_u1e-03.spmat --selector-type intersect --query-limit 1000,99.9,100,prefilter,285964,284588,50,intersect,True,u1e-03,supersector32k,True,page_aware_slots,3,4096,4096,/mnt/nvme1n1/PipeANN-supersector32k-work/indexes/phaseC_cycle03_no_retrain_after_insert_41c931410b_super32k_v3,True,prefilter,100,True,50,intersect,/mnt/nvme1n1/PipeANN-github/experiments/v100_pq_drift_1m_baseline_20260601T043217Z/indexes/phaseC_cycle03_no_retrain_after_insert,/mnt/nvme1n1/PipeANN-supersector32k-work/indexes/phaseC_cycle03_no_retrain_after_insert_41c931410b_super32k_v3,no_retrain_across_cycles,ok,98030,1,0,/mnt/nvme1n1/PipeANN-github/experiments/v100_pq_drift_1m_baseline_20260601T043217Z/indexes/phaseC_cycle03_no_retrain_after_insert,/mnt/nvme1n1/PipeANN-supersector32k-work/indexes/phaseC_cycle03_no_retrain_after_insert_41c931410b_super32k_v3,no_retrain_across_cycles,0.207321
/mnt/nvme1n1/PipeANN-supersector32k-work/indexes/phaseC_cycle03_no_retrain_after_insert_41c931410b_super32k_v3_disk.index,ok,32768,33,4096,3,prefilter,322.410784,16,u3e-03,3000.0,100,during_background,20-27,8,True,,0.322579,0,0,1,,10000,/mnt/nvme1n1/PipeANN-supersector32k-work/indexes/phaseC_cycle03_no_retrain_after_insert_41c931410b_super32k_v3,20-27,2.572962522506714,1780358166.1250694,1780358163.551284,0,16,supersector32k,page_aware_slots,3,1000000,285696,98030,3000.0,0.0,0.0,0.0,0.0,117.074,3000.0,0.0,117.074,319.005,479535.104,85.066,98030,measure-dynamic-search,319.172,0.0,0.0,357.786,123.0,3000.0,0.0,123.0,354.0,503808.0,386.891,4096,measure-dynamic-search,4096,1000000,16,1000,285696,3100.019558,1308,285696,/mnt/nvme1n1/PipeANN-github/build_reviewed_20260602_querycache/tests/dynamic_update_suite_driver --mode measure-dynamic-search --source-prefix /mnt/nvme1n1/PipeANN-supersector32k-work/indexes/phaseC_cycle03_no_retrain_after_insert_41c931410b_super32k_v3 --jsonl-output /mnt/nvme1n1/PipeANN-github/experiments/v100_background_interference_full_v5_v3raw_fixed_20260601T234715Z/tmp/during_background_0101_row0101.jsonl --insert-threads 16 --search-threads 1 --merge-threads 16 --build-l 220 --build-r 116 --beamwidth 4 --k 10 --cpu-cap 8 --metric l2 --route prefilter --search-l 100 --data-bin experiments/v100_pq_drift_1m_baseline_20260601T043217Z/data/phaseC_cycle03_live_data_by_tag.bin --base-label-file experiments/v100_pq_drift_1m_baseline_20260601T043217Z/labels/base_labels_1000000.spmat --query-bin /mnt/nvme1n1/PipeANN-github/experiments/r116_suite_pq16_aris_20260520_072453/data/sift_query_1000.bin --truthset-bin experiments/v100_pq_drift_1m_baseline_20260601T043217Z/truth/phaseC_cycle03_intersect_u3e-03.bin --query-label-file /mnt/nvme1n1/PipeANN-github/experiments/r116_suite_pq16_aris_20260520_072453/labels/query_1000_u3e-03.spmat --selector-type intersect --query-limit 1000,99.68,101,prefilter,285696,284388,100,intersect,True,u3e-03,supersector32k,True,page_aware_slots,3,4096,4096,/mnt/nvme1n1/PipeANN-supersector32k-work/indexes/phaseC_cycle03_no_retrain_after_insert_41c931410b_super32k_v3,True,prefilter,101,True,100,intersect,/mnt/nvme1n1/PipeANN-github/experiments/v100_pq_drift_1m_baseline_20260601T043217Z/indexes/phaseC_cycle03_no_retrain_after_insert,/mnt/nvme1n1/PipeANN-supersector32k-work/indexes/phaseC_cycle03_no_retrain_after_insert_41c931410b_super32k_v3,no_retrain_across_cycles,ok,98030,1,0,/mnt/nvme1n1/PipeANN-github/experiments/v100_pq_drift_1m_baseline_20260601T043217Z/indexes/phaseC_cycle03_no_retrain_after_insert,/mnt/nvme1n1/PipeANN-supersector32k-work/indexes/phaseC_cycle03_no_retrain_after_insert_41c931410b_super32k_v3,no_retrain_across_cycles,0.322579
/mnt/nvme1n1/PipeANN-supersector32k-work/indexes/phaseC_cycle03_no_retrain_after_insert_41c931410b_super32k_v3_disk.index,ok,32768,33,4096,3,prefilter,593.050608,16,u1e-02,10000.0,100,during_background,20-27,8,True,,0.593236,0,0,1,,10000,/mnt/nvme1n1/PipeANN-supersector32k-work/indexes/phaseC_cycle03_no_retrain_after_insert_41c931410b_super32k_v3,20-27,2.830683708190918,1780358168.9637678,1780358166.1322384,0,16,supersector32k,page_aware_slots,3,1000000,285948,98030,10000.0,0.0,0.0,0.0,0.0,147.549,10000.0,0.0,147.549,589.533,604360.704,165.059,98030,measure-dynamic-search,585.588,0.0,0.0,648.417,155.0,10000.0,0.0,155.0,645.0,634880.0,693.41,4096,measure-dynamic-search,4096,1000000,16,1000,285948,1685.66913,1316,285948,/mnt/nvme1n1/PipeANN-github/build_reviewed_20260602_querycache/tests/dynamic_update_suite_driver --mode measure-dynamic-search --source-prefix /mnt/nvme1n1/PipeANN-supersector32k-work/indexes/phaseC_cycle03_no_retrain_after_insert_41c931410b_super32k_v3 --jsonl-output /mnt/nvme1n1/PipeANN-github/experiments/v100_background_interference_full_v5_v3raw_fixed_20260601T234715Z/tmp/during_background_0102_row0102.jsonl --insert-threads 16 --search-threads 1 --merge-threads 16 --build-l 220 --build-r 116 --beamwidth 4 --k 10 --cpu-cap 8 --metric l2 --route prefilter --search-l 100 --data-bin experiments/v100_pq_drift_1m_baseline_20260601T043217Z/data/phaseC_cycle03_live_data_by_tag.bin --base-label-file experiments/v100_pq_drift_1m_baseline_20260601T043217Z/labels/base_labels_1000000.spmat --query-bin /mnt/nvme1n1/PipeANN-github/experiments/r116_suite_pq16_aris_20260520_072453/data/sift_query_1000.bin --truthset-bin experiments/v100_pq_drift_1m_baseline_20260601T043217Z/truth/phaseC_cycle03_intersect_u1e-02.bin --query-label-file /mnt/nvme1n1/PipeANN-github/experiments/r116_suite_pq16_aris_20260520_072453/labels/query_1000_u1e-02.spmat --selector-type intersect --query-limit 1000,99.56,102,prefilter,285948,284632,100,intersect,True,u1e-02,supersector32k,True,page_aware_slots,3,4096,4096,/mnt/nvme1n1/PipeANN-supersector32k-work/indexes/phaseC_cycle03_no_retrain_after_insert_41c931410b_super32k_v3,True,prefilter,102,True,100,intersect,/mnt/nvme1n1/PipeANN-github/experiments/v100_pq_drift_1m_baseline_20260601T043217Z/indexes/phaseC_cycle03_no_retrain_after_insert,/mnt/nvme1n1/PipeANN-supersector32k-work/indexes/phaseC_cycle03_no_retrain_after_insert_41c931410b_super32k_v3,no_retrain_across_cycles,ok,98030,1,0,/mnt/nvme1n1/PipeANN-github/experiments/v100_pq_drift_1m_baseline_20260601T043217Z/indexes/phaseC_cycle03_no_retrain_after_insert,/mnt/nvme1n1/PipeANN-supersector32k-work/indexes/phaseC_cycle03_no_retrain_after_insert_41c931410b_super32k_v3,no_retrain_across_cycles,0.593236
/mnt/nvme1n1/PipeANN-supersector32k-work/indexes/phaseC_cycle03_no_retrain_after_insert_41c931410b_super32k_v3_disk.index,ok,32768,33,4096,3,prefilter,1488.308515,16,u5e-02,50000.0,50,during_background,20-27,8,True,,1.488527,0,0,1,,10000,/mnt/nvme1n1/PipeANN-supersector32k-work/indexes/phaseC_cycle03_no_retrain_after_insert_41c931410b_super32k_v3,20-27,3.825793504714966,1780358172.7974305,1780358168.9708114,0,16,supersector32k,page_aware_slots,3,1000000,285736,98030,50000.0,0.0,0.0,0.0,0.0,183.215,50000.0,0.0,183.215,1484.767,750448.64,255.763,98030,measure-dynamic-search,1479.312,0.0,0.0,1533.989,191.0,50000.0,0.0,191.0,1531.0,782336.0,1581.801,4096,measure-dynamic-search,4096,1000000,16,1000,285736,671.805063,1200,285736,/mnt/nvme1n1/PipeANN-github/build_reviewed_20260602_querycache/tests/dynamic_update_suite_driver --mode measure-dynamic-search --source-prefix /mnt/nvme1n1/PipeANN-supersector32k-work/indexes/phaseC_cycle03_no_retrain_after_insert_41c931410b_super32k_v3 --jsonl-output /mnt/nvme1n1/PipeANN-github/experiments/v100_background_interference_full_v5_v3raw_fixed_20260601T234715Z/tmp/during_background_0103_row0103.jsonl --insert-threads 16 --search-threads 1 --merge-threads 16 --build-l 220 --build-r 116 --beamwidth 4 --k 10 --cpu-cap 8 --metric l2 --route prefilter --search-l 50 --data-bin experiments/v100_pq_drift_1m_baseline_20260601T043217Z/data/phaseC_cycle03_live_data_by_tag.bin --base-label-file experiments/v100_pq_drift_1m_baseline_20260601T043217Z/labels/base_labels_1000000.spmat --query-bin /mnt/nvme1n1/PipeANN-github/experiments/r116_suite_pq16_aris_20260520_072453/data/sift_query_1000.bin --truthset-bin experiments/v100_pq_drift_1m_baseline_20260601T043217Z/truth/phaseC_cycle03_intersect_u5e-02.bin --query-label-file /mnt/nvme1n1/PipeANN-github/experiments/r116_suite_pq16_aris_20260520_072453/labels/query_1000_u5e-02.spmat --selector-type intersect --query-limit 1000,99.1,103,prefilter,285736,284536,50,intersect,True,u5e-02,supersector32k,True,page_aware_slots,3,4096,4096,/mnt/nvme1n1/PipeANN-supersector32k-work/indexes/phaseC_cycle03_no_retrain_after_insert_41c931410b_super32k_v3,True,prefilter,103,True,50,intersect,/mnt/nvme1n1/PipeANN-github/experiments/v100_pq_drift_1m_baseline_20260601T043217Z/indexes/phaseC_cycle03_no_retrain_after_insert,/mnt/nvme1n1/PipeANN-supersector32k-work/indexes/phaseC_cycle03_no_retrain_after_insert_41c931410b_super32k_v3,no_retrain_across_cycles,ok,98030,1,0,/mnt/nvme1n1/PipeANN-github/experiments/v100_pq_drift_1m_baseline_20260601T043217Z/indexes/phaseC_cycle03_no_retrain_after_insert,/mnt/nvme1n1/PipeANN-supersector32k-work/indexes/phaseC_cycle03_no_retrain_after_insert_41c931410b_super32k_v3,no_retrain_across_cycles,1.488527
/mnt/nvme1n1/PipeANN-supersector32k-work/indexes/phaseC_cycle03_no_retrain_after_insert_41c931410b_super32k_v3_disk.index,ok,32768,33,4096,3,prefilter,2249.12072,16,u1e-01,100000.0,150,during_background,20-27,8,True,,2.249418,0,0,1,,10000,/mnt/nvme1n1/PipeANN-supersector32k-work/indexes/phaseC_cycle03_no_retrain_after_insert_41c931410b_super32k_v3,20-27,4.539252281188965,1780358177.3445299,1780358172.8045197,0,16,supersector32k,page_aware_slots,3,1000000,287812,98030,100000.0,0.0,0.0,0.0,0.0,183.764,100000.0,0.0,183.764,2245.031,752697.344,291.888,98030,measure-dynamic-search,2236.699,0.0,0.0,2391.42,191.0,100000.0,0.0,191.0,2387.0,782336.0,2544.868,4096,measure-dynamic-search,4096,1000000,16,1000,287812,444.559418,1264,287812,/mnt/nvme1n1/PipeANN-github/build_reviewed_20260602_querycache/tests/dynamic_update_suite_driver --mode measure-dynamic-search --source-prefix /mnt/nvme1n1/PipeANN-supersector32k-work/indexes/phaseC_cycle03_no_retrain_after_insert_41c931410b_super32k_v3 --jsonl-output /mnt/nvme1n1/PipeANN-github/experiments/v100_background_interference_full_v5_v3raw_fixed_20260601T234715Z/tmp/during_background_0104_row0104.jsonl --insert-threads 16 --search-threads 1 --merge-threads 16 --build-l 220 --build-r 116 --beamwidth 4 --k 10 --cpu-cap 8 --metric l2 --route prefilter --search-l 150 --data-bin experiments/v100_pq_drift_1m_baseline_20260601T043217Z/data/phaseC_cycle03_live_data_by_tag.bin --base-label-file experiments/v100_pq_drift_1m_baseline_20260601T043217Z/labels/base_labels_1000000.spmat --query-bin /mnt/nvme1n1/PipeANN-github/experiments/r116_suite_pq16_aris_20260520_072453/data/sift_query_1000.bin --truthset-bin experiments/v100_pq_drift_1m_baseline_20260601T043217Z/truth/phaseC_cycle03_intersect_u1e-01.bin --query-label-file /mnt/nvme1n1/PipeANN-github/experiments/r116_suite_pq16_aris_20260520_072453/labels/query_1000_u1e-01.spmat --selector-type intersect --query-limit 1000,98.65,104,prefilter,287812,286548,150,intersect,True,u1e-01,supersector32k,True,page_aware_slots,3,4096,4096,/mnt/nvme1n1/PipeANN-supersector32k-work/indexes/phaseC_cycle03_no_retrain_after_insert_41c931410b_super32k_v3,True,prefilter,104,True,150,intersect,/mnt/nvme1n1/PipeANN-github/experiments/v100_pq_drift_1m_baseline_20260601T043217Z/indexes/phaseC_cycle03_no_retrain_after_insert,/mnt/nvme1n1/PipeANN-supersector32k-work/indexes/phaseC_cycle03_no_retrain_after_insert_41c931410b_super32k_v3,no_retrain_across_cycles,ok,98030,1,0,/mnt/nvme1n1/PipeANN-github/experiments/v100_pq_drift_1m_baseline_20260601T043217Z/indexes/phaseC_cycle03_no_retrain_after_insert,/mnt/nvme1n1/PipeANN-supersector32k-work/indexes/phaseC_cycle03_no_retrain_after_insert_41c931410b_super32k_v3,no_retrain_across_cycles,2.249418
/mnt/nvme1n1/PipeANN-supersector32k-work/indexes/phaseC_cycle03_no_retrain_after_insert_41c931410b_super32k_v3_disk.index,ok,32768,33,4096,3,prefilter,5023.388811,16,u25,250000.0,400,during_background,20-27,8,True,,5.023805,0,0,1,,10000,/mnt/nvme1n1/PipeANN-supersector32k-work/indexes/phaseC_cycle03_no_retrain_after_insert_41c931410b_super32k_v3,20-27,7.302978992462158,1780358184.655625,1780358177.3518586,0,16,supersector32k,page_aware_slots,3,1000000,285944,98030,250000.0,0.0,0.0,0.0,0.0,459.51,250000.0,0.0,459.51,5016.938,1882152.96,417.934,98030,measure-dynamic-search,5011.618,0.0,0.0,5127.234,470.0,250000.0,0.0,470.0,5121.0,1925120.0,5283.307,4096,measure-dynamic-search,4096,1000000,16,1000,285944,199.052304,1328,285944,/mnt/nvme1n1/PipeANN-github/build_reviewed_20260602_querycache/tests/dynamic_update_suite_driver --mode measure-dynamic-search --source-prefix /mnt/nvme1n1/PipeANN-supersector32k-work/indexes/phaseC_cycle03_no_retrain_after_insert_41c931410b_super32k_v3 --jsonl-output /mnt/nvme1n1/PipeANN-github/experiments/v100_background_interference_full_v5_v3raw_fixed_20260601T234715Z/tmp/during_background_0105_row0105.jsonl --insert-threads 16 --search-threads 1 --merge-threads 16 --build-l 220 --build-r 116 --beamwidth 4 --k 10 --cpu-cap 8 --metric l2 --route prefilter --search-l 400 --data-bin experiments/v100_pq_drift_1m_baseline_20260601T043217Z/data/phaseC_cycle03_live_data_by_tag.bin --base-label-file experiments/v100_pq_drift_1m_baseline_20260601T043217Z/labels/base_labels_1000000.spmat --query-bin /mnt/nvme1n1/PipeANN-github/experiments/r116_suite_pq16_aris_20260520_072453/data/sift_query_1000.bin --truthset-bin experiments/v100_pq_drift_1m_baseline_20260601T043217Z/truth/phaseC_cycle03_intersect_u25.bin --query-label-file /mnt/nvme1n1/PipeANN-github/experiments/r116_suite_pq16_aris_20260520_072453/labels/query_1000_u25.spmat --selector-type intersect --query-limit 1000,98.61,105,prefilter,285944,284616,400,intersect,True,u25,supersector32k,True,page_aware_slots,3,4096,4096,/mnt/nvme1n1/PipeANN-supersector32k-work/indexes/phaseC_cycle03_no_retrain_after_insert_41c931410b_super32k_v3,True,prefilter,105,True,400,intersect,/mnt/nvme1n1/PipeANN-github/experiments/v100_pq_drift_1m_baseline_20260601T043217Z/indexes/phaseC_cycle03_no_retrain_after_insert,/mnt/nvme1n1/PipeANN-supersector32k-work/indexes/phaseC_cycle03_no_retrain_after_insert_41c931410b_super32k_v3,no_retrain_across_cycles,ok,98030,1,0,/mnt/nvme1n1/PipeANN-github/experiments/v100_pq_drift_1m_baseline_20260601T043217Z/indexes/phaseC_cycle03_no_retrain_after_insert,/mnt/nvme1n1/PipeANN-supersector32k-work/indexes/phaseC_cycle03_no_retrain_after_insert_41c931410b_super32k_v3,no_retrain_across_cycles,5.023805
/mnt/nvme1n1/PipeANN-supersector32k-work/indexes/phaseC_cycle03_no_retrain_after_insert_41c931410b_super32k_v3_disk.index,ok,32768,33,4096,3,prefilter,5588.065375,16,u30,300000.0,450,during_background,20-27,8,True,,5.588518,0,0,1,,10000,/mnt/nvme1n1/PipeANN-supersector32k-work/indexes/phaseC_cycle03_no_retrain_after_insert_41c931410b_super32k_v3,20-27,7.805081844329834,1780358192.4689028,1780358184.6629913,0,16,supersector32k,page_aware_slots,3,1000000,285764,98030,300000.0,0.0,0.0,0.0,0.0,517.931,300000.0,0.0,517.931,5581.948,2121445.376,462.873,98030,measure-dynamic-search,5544.157,0.0,0.0,5871.713,529.0,300000.0,0.0,529.0,5865.0,2166784.0,6195.037,4096,measure-dynamic-search,4096,1000000,16,1000,285764,178.938321,1388,285764,/mnt/nvme1n1/PipeANN-github/build_reviewed_20260602_querycache/tests/dynamic_update_suite_driver --mode measure-dynamic-search --source-prefix /mnt/nvme1n1/PipeANN-supersector32k-work/indexes/phaseC_cycle03_no_retrain_after_insert_41c931410b_super32k_v3 --jsonl-output /mnt/nvme1n1/PipeANN-github/experiments/v100_background_interference_full_v5_v3raw_fixed_20260601T234715Z/tmp/during_background_0106_row0106.jsonl --insert-threads 16 --search-threads 1 --merge-threads 16 --build-l 220 --build-r 116 --beamwidth 4 --k 10 --cpu-cap 8 --metric l2 --route prefilter --search-l 450 --data-bin experiments/v100_pq_drift_1m_baseline_20260601T043217Z/data/phaseC_cycle03_live_data_by_tag.bin --base-label-file experiments/v100_pq_drift_1m_baseline_20260601T043217Z/labels/base_labels_1000000.spmat --query-bin /mnt/nvme1n1/PipeANN-github/experiments/r116_suite_pq16_aris_20260520_072453/data/sift_query_1000.bin --truthset-bin experiments/v100_pq_drift_1m_baseline_20260601T043217Z/truth/phaseC_cycle03_intersect_u30.bin --query-label-file /mnt/nvme1n1/PipeANN-github/experiments/r116_suite_pq16_aris_20260520_072453/labels/query_1000_u30.spmat --selector-type intersect --query-limit 1000,98.92,106,prefilter,285764,284376,450,intersect,True,u30,supersector32k,True,page_aware_slots,3,4096,4096,/mnt/nvme1n1/PipeANN-supersector32k-work/indexes/phaseC_cycle03_no_retrain_after_insert_41c931410b_super32k_v3,True,prefilter,106,True,450,intersect,/mnt/nvme1n1/PipeANN-github/experiments/v100_pq_drift_1m_baseline_20260601T043217Z/indexes/phaseC_cycle03_no_retrain_after_insert,/mnt/nvme1n1/PipeANN-supersector32k-work/indexes/phaseC_cycle03_no_retrain_after_insert_41c931410b_super32k_v3,no_retrain_across_cycles,ok,98030,1,0,/mnt/nvme1n1/PipeANN-github/experiments/v100_pq_drift_1m_baseline_20260601T043217Z/indexes/phaseC_cycle03_no_retrain_after_insert,/mnt/nvme1n1/PipeANN-supersector32k-work/indexes/phaseC_cycle03_no_retrain_after_insert_41c931410b_super32k_v3,no_retrain_across_cycles,5.588518
/mnt/nvme1n1/PipeANN-supersector32k-work/indexes/phaseC_cycle03_no_retrain_after_insert_41c931410b_super32k_v3_disk.index,ok,32768,33,4096,3,prefilter,7687.046636,16,u50,500000.0,400,during_background,20-27,8,True,,7.687586,0,0,1,,10000,/mnt/nvme1n1/PipeANN-supersector32k-work/indexes/phaseC_cycle03_no_retrain_after_insert_41c931410b_super32k_v3,20-27,9.87309193611145,1780358202.3502085,1780358192.4763026,0,16,supersector32k,page_aware_slots,3,1000000,285724,98030,500000.0,0.0,0.0,0.0,0.0,459.811,500000.0,0.0,459.811,7681.898,1883385.856,602.965,98030,measure-dynamic-search,7654.033,0.0,0.0,8186.381,472.0,500000.0,0.0,472.0,8182.0,1933312.0,8583.568,4096,measure-dynamic-search,4096,1000000,16,1000,285724,130.079852,1156,285656,/mnt/nvme1n1/PipeANN-github/build_reviewed_20260602_querycache/tests/dynamic_update_suite_driver --mode measure-dynamic-search --source-prefix /mnt/nvme1n1/PipeANN-supersector32k-work/indexes/phaseC_cycle03_no_retrain_after_insert_41c931410b_super32k_v3 --jsonl-output /mnt/nvme1n1/PipeANN-github/experiments/v100_background_interference_full_v5_v3raw_fixed_20260601T234715Z/tmp/during_background_0107_row0107.jsonl --insert-threads 16 --search-threads 1 --merge-threads 16 --build-l 220 --build-r 116 --beamwidth 4 --k 10 --cpu-cap 8 --metric l2 --route prefilter --search-l 400 --data-bin experiments/v100_pq_drift_1m_baseline_20260601T043217Z/data/phaseC_cycle03_live_data_by_tag.bin --base-label-file experiments/v100_pq_drift_1m_baseline_20260601T043217Z/labels/base_labels_1000000.spmat --query-bin /mnt/nvme1n1/PipeANN-github/experiments/r116_suite_pq16_aris_20260520_072453/data/sift_query_1000.bin --truthset-bin experiments/v100_pq_drift_1m_baseline_20260601T043217Z/truth/phaseC_cycle03_intersect_u50.bin --query-label-file /mnt/nvme1n1/PipeANN-github/experiments/r116_suite_pq16_aris_20260520_072453/labels/query_1000_u50.spmat --selector-type intersect --query-limit 1000,98.67,107,prefilter,285612,284500,400,intersect,True,u50,supersector32k,True,page_aware_slots,3,4096,4096,/mnt/nvme1n1/PipeANN-supersector32k-work/indexes/phaseC_cycle03_no_retrain_after_insert_41c931410b_super32k_v3,True,prefilter,107,True,400,intersect,/mnt/nvme1n1/PipeANN-github/experiments/v100_pq_drift_1m_baseline_20260601T043217Z/indexes/phaseC_cycle03_no_retrain_after_insert,/mnt/nvme1n1/PipeANN-supersector32k-work/indexes/phaseC_cycle03_no_retrain_after_insert_41c931410b_super32k_v3,no_retrain_across_cycles,ok,98030,1,0,/mnt/nvme1n1/PipeANN-github/experiments/v100_pq_drift_1m_baseline_20260601T043217Z/indexes/phaseC_cycle03_no_retrain_after_insert,/mnt/nvme1n1/PipeANN-supersector32k-work/indexes/phaseC_cycle03_no_retrain_after_insert_41c931410b_super32k_v3,no_retrain_across_cycles,7.687586
/mnt/nvme1n1/PipeANN-supersector32k-work/indexes/phaseC_cycle03_no_retrain_after_insert_41c931410b_super32k_v3_disk.index,ok,32768,33,4096,3,graph,7341.245639,16,u75,750000.0,500,during_background,20-27,8,True,,7.341519,0,0,1,,10000,/mnt/nvme1n1/PipeANN-supersector32k-work/indexes/phaseC_cycle03_no_retrain_after_insert_41c931410b_super32k_v3,20-27,9.534496545791626,1780358211.8925405,1780358202.357284,1000,16,supersector32k,page_aware_slots,3,1000000,301288,98030,750000.0,21718.465,0.0,6921.526,0.0,587.338,21718.465,0.0,587.338,7007.299,2405736.448,19.553,98030,measure-dynamic-search,7106.64,28728.0,0.0,7578.191,606.0,28728.0,0.0,606.0,7235.0,2482176.0,8181.243,4096,measure-dynamic-search,4096,1000000,16,0,301288,136.211601,16780,301288,/mnt/nvme1n1/PipeANN-github/build_reviewed_20260602_querycache/tests/dynamic_update_suite_driver --mode measure-dynamic-search --source-prefix /mnt/nvme1n1/PipeANN-supersector32k-work/indexes/phaseC_cycle03_no_retrain_after_insert_41c931410b_super32k_v3 --jsonl-output /mnt/nvme1n1/PipeANN-github/experiments/v100_background_interference_full_v5_v3raw_fixed_20260601T234715Z/tmp/during_background_0108_row0108.jsonl --insert-threads 16 --search-threads 1 --merge-threads 16 --build-l 220 --build-r 116 --beamwidth 8 --k 10 --cpu-cap 8 --metric l2 --route graph --search-l 500 --data-bin experiments/v100_pq_drift_1m_baseline_20260601T043217Z/data/phaseC_cycle03_live_data_by_tag.bin --base-label-file experiments/v100_pq_drift_1m_baseline_20260601T043217Z/labels/base_labels_1000000.spmat --query-bin /mnt/nvme1n1/PipeANN-github/experiments/r116_suite_pq16_aris_20260520_072453/data/sift_query_1000.bin --truthset-bin experiments/v100_pq_drift_1m_baseline_20260601T043217Z/truth/phaseC_cycle03_intersect_u75.bin --query-label-file /mnt/nvme1n1/PipeANN-github/experiments/r116_suite_pq16_aris_20260520_072453/labels/query_1000_u75.spmat --selector-type intersect --query-limit 1000,98.22,108,graph,301288,284508,500,intersect,True,u75,supersector32k,True,page_aware_slots,3,4096,4096,/mnt/nvme1n1/PipeANN-supersector32k-work/indexes/phaseC_cycle03_no_retrain_after_insert_41c931410b_super32k_v3,True,graph,108,True,500,intersect,/mnt/nvme1n1/PipeANN-github/experiments/v100_pq_drift_1m_baseline_20260601T043217Z/indexes/phaseC_cycle03_no_retrain_after_insert,/mnt/nvme1n1/PipeANN-supersector32k-work/indexes/phaseC_cycle03_no_retrain_after_insert_41c931410b_super32k_v3,no_retrain_across_cycles,ok,98030,1,0,/mnt/nvme1n1/PipeANN-github/experiments/v100_pq_drift_1m_baseline_20260601T043217Z/indexes/phaseC_cycle03_no_retrain_after_insert,/mnt/nvme1n1/PipeANN-supersector32k-work/indexes/phaseC_cycle03_no_retrain_after_insert_41c931410b_super32k_v3,no_retrain_across_cycles,7.341519
/mnt/nvme1n1/PipeANN-supersector32k-work/indexes/phaseC_cycle03_no_retrain_after_insert_41c931410b_super32k_v3_disk.index,ok,32768,33,4096,3,graph,6407.255693,16,u100,1000000.0,450,during_background,20-27,8,True,,6.407502,0,0,1,,10000,/mnt/nvme1n1/PipeANN-supersector32k-work/indexes/phaseC_cycle03_no_retrain_after_insert_41c931410b_super32k_v3,20-27,8.59885573387146,1780358220.499205,1780358211.8995843,1000,16,supersector32k,page_aware_slots,3,1000000,303364,98030,1000000.0,20210.729,0.0,5989.566,0.0,530.965,20210.729,0.0,530.965,6082.35,2174832.64,19.643,98030,measure-dynamic-search,6379.416,26637.0,0.0,6796.946,550.0,26637.0,0.0,550.0,6466.0,2252800.0,7249.377,4096,measure-dynamic-search,4096,1000000,16,0,303364,156.067056,16908,303364,/mnt/nvme1n1/PipeANN-github/build_reviewed_20260602_querycache/tests/dynamic_update_suite_driver --mode measure-dynamic-search --source-prefix /mnt/nvme1n1/PipeANN-supersector32k-work/indexes/phaseC_cycle03_no_retrain_after_insert_41c931410b_super32k_v3 --jsonl-output /mnt/nvme1n1/PipeANN-github/experiments/v100_background_interference_full_v5_v3raw_fixed_20260601T234715Z/tmp/during_background_0109_row0109.jsonl --insert-threads 16 --search-threads 1 --merge-threads 16 --build-l 220 --build-r 116 --beamwidth 8 --k 10 --cpu-cap 8 --metric l2 --route graph --search-l 450 --data-bin experiments/v100_pq_drift_1m_baseline_20260601T043217Z/data/phaseC_cycle03_live_data_by_tag.bin --base-label-file experiments/v100_pq_drift_1m_baseline_20260601T043217Z/labels/base_labels_1000000.spmat --query-bin /mnt/nvme1n1/PipeANN-github/experiments/r116_suite_pq16_aris_20260520_072453/data/sift_query_1000.bin --truthset-bin experiments/v100_pq_drift_1m_baseline_20260601T043217Z/truth/phaseC_cycle03_intersect_u100.bin --query-label-file /mnt/nvme1n1/PipeANN-github/experiments/r116_suite_pq16_aris_20260520_072453/labels/query_1000_u100.spmat --selector-type intersect --query-limit 1000,98.24,109,graph,303364,286456,450,intersect,True,u100,supersector32k,True,page_aware_slots,3,4096,4096,/mnt/nvme1n1/PipeANN-supersector32k-work/indexes/phaseC_cycle03_no_retrain_after_insert_41c931410b_super32k_v3,True,graph,109,True,450,intersect,/mnt/nvme1n1/PipeANN-github/experiments/v100_pq_drift_1m_baseline_20260601T043217Z/indexes/phaseC_cycle03_no_retrain_after_insert,/mnt/nvme1n1/PipeANN-supersector32k-work/indexes/phaseC_cycle03_no_retrain_after_insert_41c931410b_super32k_v3,no_retrain_across_cycles,ok,98030,1,0,/mnt/nvme1n1/PipeANN-github/experiments/v100_pq_drift_1m_baseline_20260601T043217Z/indexes/phaseC_cycle03_no_retrain_after_insert,/mnt/nvme1n1/PipeANN-supersector32k-work/indexes/phaseC_cycle03_no_retrain_after_insert_41c931410b_super32k_v3,no_retrain_across_cycles,6.407502
/mnt/nvme1n1/PipeANN-supersector32k-work/indexes/phaseC_cycle03_no_retrain_after_insert_41c931410b_super32k_v3_disk.index,ok,32768,33,4096,3,prefilter,207.29164,16,u1e-03,1000.0,75,during_background,20-27,8,True,,0.207424,0,0,1,,10000,/mnt/nvme1n1/PipeANN-supersector32k-work/indexes/phaseC_cycle03_no_retrain_after_insert_41c931410b_super32k_v3,20-27,2.356163740158081,1780358222.863323,1780358220.5064192,0,16,supersector32k,page_aware_slots,3,1000000,287712,98030,1000.0,0.0,0.0,0.0,0.0,113.991,1000.0,0.0,113.991,204.418,466907.136,53.291,98030,measure-dynamic-search,204.399,0.0,0.0,230.322,119.0,1000.0,0.0,119.0,227.0,487424.0,263.06,4096,measure-dynamic-search,4096,1000000,16,1000,287712,4821.034335,1108,287712,/mnt/nvme1n1/PipeANN-github/build_reviewed_20260602_querycache/tests/dynamic_update_suite_driver --mode measure-dynamic-search --source-prefix /mnt/nvme1n1/PipeANN-supersector32k-work/indexes/phaseC_cycle03_no_retrain_after_insert_41c931410b_super32k_v3 --jsonl-output /mnt/nvme1n1/PipeANN-github/experiments/v100_background_interference_full_v5_v3raw_fixed_20260601T234715Z/tmp/during_background_0110_row0110.jsonl --insert-threads 16 --search-threads 1 --merge-threads 16 --build-l 220 --build-r 116 --beamwidth 4 --k 10 --cpu-cap 8 --metric l2 --route prefilter --search-l 75 --data-bin experiments/v100_pq_drift_1m_baseline_20260601T043217Z/data/phaseC_cycle03_live_data_by_tag.bin --base-label-file experiments/v100_pq_drift_1m_baseline_20260601T043217Z/labels/base_labels_1000000.spmat --query-bin /mnt/nvme1n1/PipeANN-github/experiments/r116_suite_pq16_aris_20260520_072453/data/sift_query_1000.bin --truthset-bin experiments/v100_pq_drift_1m_baseline_20260601T043217Z/truth/phaseC_cycle03_range_u1e-03.bin --query-label-file /mnt/nvme1n1/PipeANN-github/experiments/r116_suite_pq16_aris_20260520_072453/labels/query_1000_range_u1e-03.spmat --selector-type range --query-limit 1000,99.9,110,prefilter,287712,286604,75,range,True,u1e-03,supersector32k,True,page_aware_slots,3,4096,4096,/mnt/nvme1n1/PipeANN-supersector32k-work/indexes/phaseC_cycle03_no_retrain_after_insert_41c931410b_super32k_v3,True,prefilter,110,True,75,range,/mnt/nvme1n1/PipeANN-github/experiments/v100_pq_drift_1m_baseline_20260601T043217Z/indexes/phaseC_cycle03_no_retrain_after_insert,/mnt/nvme1n1/PipeANN-supersector32k-work/indexes/phaseC_cycle03_no_retrain_after_insert_41c931410b_super32k_v3,no_retrain_across_cycles,ok,98030,1,0,/mnt/nvme1n1/PipeANN-github/experiments/v100_pq_drift_1m_baseline_20260601T043217Z/indexes/phaseC_cycle03_no_retrain_after_insert,/mnt/nvme1n1/PipeANN-supersector32k-work/indexes/phaseC_cycle03_no_retrain_after_insert_41c931410b_super32k_v3,no_retrain_across_cycles,0.207424
/mnt/nvme1n1/PipeANN-supersector32k-work/indexes/phaseC_cycle03_no_retrain_after_insert_41c931410b_super32k_v3_disk.index,ok,32768,33,4096,3,prefilter,312.325618,16,u3e-03,3000.0,75,during_background,20-27,8,True,,0.312513,0,0,1,,10000,/mnt/nvme1n1/PipeANN-supersector32k-work/indexes/phaseC_cycle03_no_retrain_after_insert_41c931410b_super32k_v3,20-27,2.489427328109741,1780358225.3606308,1780358222.8703954,0,16,supersector32k,page_aware_slots,3,1000000,285780,98030,3000.0,0.0,0.0,0.0,0.0,112.338,3000.0,0.0,112.338,309.084,460136.448,91.434,98030,measure-dynamic-search,306.11,0.0,0.0,350.535,118.0,3000.0,0.0,118.0,347.0,483328.0,377.719,4096,measure-dynamic-search,4096,1000000,16,1000,285780,3199.862339,1376,285780,/mnt/nvme1n1/PipeANN-github/build_reviewed_20260602_querycache/tests/dynamic_update_suite_driver --mode measure-dynamic-search --source-prefix /mnt/nvme1n1/PipeANN-supersector32k-work/indexes/phaseC_cycle03_no_retrain_after_insert_41c931410b_super32k_v3 --jsonl-output /mnt/nvme1n1/PipeANN-github/experiments/v100_background_interference_full_v5_v3raw_fixed_20260601T234715Z/tmp/during_background_0111_row0111.jsonl --insert-threads 16 --search-threads 1 --merge-threads 16 --build-l 220 --build-r 116 --beamwidth 4 --k 10 --cpu-cap 8 --metric l2 --route prefilter --search-l 75 --data-bin experiments/v100_pq_drift_1m_baseline_20260601T043217Z/data/phaseC_cycle03_live_data_by_tag.bin --base-label-file experiments/v100_pq_drift_1m_baseline_20260601T043217Z/labels/base_labels_1000000.spmat --query-bin /mnt/nvme1n1/PipeANN-github/experiments/r116_suite_pq16_aris_20260520_072453/data/sift_query_1000.bin --truthset-bin experiments/v100_pq_drift_1m_baseline_20260601T043217Z/truth/phaseC_cycle03_range_u3e-03.bin --query-label-file /mnt/nvme1n1/PipeANN-github/experiments/r116_suite_pq16_aris_20260520_072453/labels/query_1000_range_u3e-03.spmat --selector-type range --query-limit 1000,99.64,111,prefilter,285780,284404,75,range,True,u3e-03,supersector32k,True,page_aware_slots,3,4096,4096,/mnt/nvme1n1/PipeANN-supersector32k-work/indexes/phaseC_cycle03_no_retrain_after_insert_41c931410b_super32k_v3,True,prefilter,111,True,75,range,/mnt/nvme1n1/PipeANN-github/experiments/v100_pq_drift_1m_baseline_20260601T043217Z/indexes/phaseC_cycle03_no_retrain_after_insert,/mnt/nvme1n1/PipeANN-supersector32k-work/indexes/phaseC_cycle03_no_retrain_after_insert_41c931410b_super32k_v3,no_retrain_across_cycles,ok,98030,1,0,/mnt/nvme1n1/PipeANN-github/experiments/v100_pq_drift_1m_baseline_20260601T043217Z/indexes/phaseC_cycle03_no_retrain_after_insert,/mnt/nvme1n1/PipeANN-supersector32k-work/indexes/phaseC_cycle03_no_retrain_after_insert_41c931410b_super32k_v3,no_retrain_across_cycles,0.312513
/mnt/nvme1n1/PipeANN-supersector32k-work/indexes/phaseC_cycle03_no_retrain_after_insert_41c931410b_super32k_v3_disk.index,ok,32768,33,4096,3,prefilter,587.185656,16,u1e-02,10000.0,75,during_background,20-27,8,True,,0.587377,0,0,1,,10000,/mnt/nvme1n1/PipeANN-supersector32k-work/indexes/phaseC_cycle03_no_retrain_after_insert_41c931410b_super32k_v3,20-27,2.721783399581909,1780358228.0905266,1780358225.3679368,0,16,supersector32k,page_aware_slots,3,1000000,285780,98030,10000.0,0.0,0.0,0.0,0.0,147.549,10000.0,0.0,147.549,583.787,604360.704,173.628,98030,measure-dynamic-search,581.579,0.0,0.0,641.186,155.0,10000.0,0.0,155.0,638.0,634880.0,681.871,4096,measure-dynamic-search,4096,1000000,16,1000,285780,1702.484924,1248,285780,/mnt/nvme1n1/PipeANN-github/build_reviewed_20260602_querycache/tests/dynamic_update_suite_driver --mode measure-dynamic-search --source-prefix /mnt/nvme1n1/PipeANN-supersector32k-work/indexes/phaseC_cycle03_no_retrain_after_insert_41c931410b_super32k_v3 --jsonl-output /mnt/nvme1n1/PipeANN-github/experiments/v100_background_interference_full_v5_v3raw_fixed_20260601T234715Z/tmp/during_background_0112_row0112.jsonl --insert-threads 16 --search-threads 1 --merge-threads 16 --build-l 220 --build-r 116 --beamwidth 4 --k 10 --cpu-cap 8 --metric l2 --route prefilter --search-l 75 --data-bin experiments/v100_pq_drift_1m_baseline_20260601T043217Z/data/phaseC_cycle03_live_data_by_tag.bin --base-label-file experiments/v100_pq_drift_1m_baseline_20260601T043217Z/labels/base_labels_1000000.spmat --query-bin /mnt/nvme1n1/PipeANN-github/experiments/r116_suite_pq16_aris_20260520_072453/data/sift_query_1000.bin --truthset-bin experiments/v100_pq_drift_1m_baseline_20260601T043217Z/truth/phaseC_cycle03_range_u1e-02.bin --query-label-file /mnt/nvme1n1/PipeANN-github/experiments/r116_suite_pq16_aris_20260520_072453/labels/query_1000_range_u1e-02.spmat --selector-type range --query-limit 1000,99.56,112,prefilter,285780,284532,75,range,True,u1e-02,supersector32k,True,page_aware_slots,3,4096,4096,/mnt/nvme1n1/PipeANN-supersector32k-work/indexes/phaseC_cycle03_no_retrain_after_insert_41c931410b_super32k_v3,True,prefilter,112,True,75,range,/mnt/nvme1n1/PipeANN-github/experiments/v100_pq_drift_1m_baseline_20260601T043217Z/indexes/phaseC_cycle03_no_retrain_after_insert,/mnt/nvme1n1/PipeANN-supersector32k-work/indexes/phaseC_cycle03_no_retrain_after_insert_41c931410b_super32k_v3,no_retrain_across_cycles,ok,98030,1,0,/mnt/nvme1n1/PipeANN-github/experiments/v100_pq_drift_1m_baseline_20260601T043217Z/indexes/phaseC_cycle03_no_retrain_after_insert,/mnt/nvme1n1/PipeANN-supersector32k-work/indexes/phaseC_cycle03_no_retrain_after_insert_41c931410b_super32k_v3,no_retrain_across_cycles,0.587377
/mnt/nvme1n1/PipeANN-supersector32k-work/indexes/phaseC_cycle03_no_retrain_after_insert_41c931410b_super32k_v3_disk.index,ok,32768,33,4096,3,prefilter,1494.930571,16,u5e-02,50000.0,150,during_background,20-27,8,True,,1.495176,0,0,1,,10000,/mnt/nvme1n1/PipeANN-supersector32k-work/indexes/phaseC_cycle03_no_retrain_after_insert_41c931410b_super32k_v3,20-27,3.6466996669769287,1780358231.7450533,1780358228.0975802,0,16,supersector32k,page_aware_slots,3,1000000,285808,98030,50000.0,0.0,0.0,0.0,0.0,183.215,50000.0,0.0,183.215,1491.485,750448.64,277.543,98030,measure-dynamic-search,1488.576,0.0,0.0,1611.292,191.0,50000.0,0.0,191.0,1608.0,782336.0,1736.771,4096,measure-dynamic-search,4096,1000000,16,1000,285808,668.81737,1456,285808,/mnt/nvme1n1/PipeANN-github/build_reviewed_20260602_querycache/tests/dynamic_update_suite_driver --mode measure-dynamic-search --source-prefix /mnt/nvme1n1/PipeANN-supersector32k-work/indexes/phaseC_cycle03_no_retrain_after_insert_41c931410b_super32k_v3 --jsonl-output /mnt/nvme1n1/PipeANN-github/experiments/v100_background_interference_full_v5_v3raw_fixed_20260601T234715Z/tmp/during_background_0113_row0113.jsonl --insert-threads 16 --search-threads 1 --merge-threads 16 --build-l 220 --build-r 116 --beamwidth 4 --k 10 --cpu-cap 8 --metric l2 --route prefilter --search-l 150 --data-bin experiments/v100_pq_drift_1m_baseline_20260601T043217Z/data/phaseC_cycle03_live_data_by_tag.bin --base-label-file experiments/v100_pq_drift_1m_baseline_20260601T043217Z/labels/base_labels_1000000.spmat --query-bin /mnt/nvme1n1/PipeANN-github/experiments/r116_suite_pq16_aris_20260520_072453/data/sift_query_1000.bin --truthset-bin experiments/v100_pq_drift_1m_baseline_20260601T043217Z/truth/phaseC_cycle03_range_u5e-02.bin --query-label-file /mnt/nvme1n1/PipeANN-github/experiments/r116_suite_pq16_aris_20260520_072453/labels/query_1000_range_u5e-02.spmat --selector-type range --query-limit 1000,99.1,113,prefilter,285808,284352,150,range,True,u5e-02,supersector32k,True,page_aware_slots,3,4096,4096,/mnt/nvme1n1/PipeANN-supersector32k-work/indexes/phaseC_cycle03_no_retrain_after_insert_41c931410b_super32k_v3,True,prefilter,113,True,150,range,/mnt/nvme1n1/PipeANN-github/experiments/v100_pq_drift_1m_baseline_20260601T043217Z/indexes/phaseC_cycle03_no_retrain_after_insert,/mnt/nvme1n1/PipeANN-supersector32k-work/indexes/phaseC_cycle03_no_retrain_after_insert_41c931410b_super32k_v3,no_retrain_across_cycles,ok,98030,1,0,/mnt/nvme1n1/PipeANN-github/experiments/v100_pq_drift_1m_baseline_20260601T043217Z/indexes/phaseC_cycle03_no_retrain_after_insert,/mnt/nvme1n1/PipeANN-supersector32k-work/indexes/phaseC_cycle03_no_retrain_after_insert_41c931410b_super32k_v3,no_retrain_across_cycles,1.495176
/mnt/nvme1n1/PipeANN-supersector32k-work/indexes/phaseC_cycle03_no_retrain_after_insert_41c931410b_super32k_v3_disk.index,ok,32768,33,4096,3,prefilter,2256.656629,16,u1e-01,100000.0,75,during_background,20-27,8,True,,2.256934,0,0,1,,10000,/mnt/nvme1n1/PipeANN-supersector32k-work/indexes/phaseC_cycle03_no_retrain_after_insert_41c931410b_super32k_v3,20-27,4.6279637813568115,1780358236.3812482,1780358231.7524536,0,16,supersector32k,page_aware_slots,3,1000000,285760,98030,100000.0,0.0,0.0,0.0,0.0,183.764,100000.0,0.0,183.764,2252.314,752697.344,313.577,98030,measure-dynamic-search,2248.249,0.0,0.0,2351.228,191.0,100000.0,0.0,191.0,2347.0,782336.0,2480.666,4096,measure-dynamic-search,4096,1000000,16,1000,285760,443.078909,1388,285760,/mnt/nvme1n1/PipeANN-github/build_reviewed_20260602_querycache/tests/dynamic_update_suite_driver --mode measure-dynamic-search --source-prefix /mnt/nvme1n1/PipeANN-supersector32k-work/indexes/phaseC_cycle03_no_retrain_after_insert_41c931410b_super32k_v3 --jsonl-output /mnt/nvme1n1/PipeANN-github/experiments/v100_background_interference_full_v5_v3raw_fixed_20260601T234715Z/tmp/during_background_0114_row0114.jsonl --insert-threads 16 --search-threads 1 --merge-threads 16 --build-l 220 --build-r 116 --beamwidth 4 --k 10 --cpu-cap 8 --metric l2 --route prefilter --search-l 75 --data-bin experiments/v100_pq_drift_1m_baseline_20260601T043217Z/data/phaseC_cycle03_live_data_by_tag.bin --base-label-file experiments/v100_pq_drift_1m_baseline_20260601T043217Z/labels/base_labels_1000000.spmat --query-bin /mnt/nvme1n1/PipeANN-github/experiments/r116_suite_pq16_aris_20260520_072453/data/sift_query_1000.bin --truthset-bin experiments/v100_pq_drift_1m_baseline_20260601T043217Z/truth/phaseC_cycle03_range_u1e-01.bin --query-label-file /mnt/nvme1n1/PipeANN-github/experiments/r116_suite_pq16_aris_20260520_072453/labels/query_1000_range_u1e-01.spmat --selector-type range --query-limit 1000,98.65,114,prefilter,285760,284372,75,range,True,u1e-01,supersector32k,True,page_aware_slots,3,4096,4096,/mnt/nvme1n1/PipeANN-supersector32k-work/indexes/phaseC_cycle03_no_retrain_after_insert_41c931410b_super32k_v3,True,prefilter,114,True,75,range,/mnt/nvme1n1/PipeANN-github/experiments/v100_pq_drift_1m_baseline_20260601T043217Z/indexes/phaseC_cycle03_no_retrain_after_insert,/mnt/nvme1n1/PipeANN-supersector32k-work/indexes/phaseC_cycle03_no_retrain_after_insert_41c931410b_super32k_v3,no_retrain_across_cycles,ok,98030,1,0,/mnt/nvme1n1/PipeANN-github/experiments/v100_pq_drift_1m_baseline_20260601T043217Z/indexes/phaseC_cycle03_no_retrain_after_insert,/mnt/nvme1n1/PipeANN-supersector32k-work/indexes/phaseC_cycle03_no_retrain_after_insert_41c931410b_super32k_v3,no_retrain_across_cycles,2.256934
/mnt/nvme1n1/PipeANN-supersector32k-work/indexes/phaseC_cycle03_no_retrain_after_insert_41c931410b_super32k_v3_disk.index,ok,32768,33,4096,3,prefilter,5105.773146,16,u25,250000.0,400,during_background,20-27,8,True,,5.106285,0,0,1,,10000,/mnt/nvme1n1/PipeANN-supersector32k-work/indexes/phaseC_cycle03_no_retrain_after_insert_41c931410b_super32k_v3,20-27,7.360250949859619,1780358243.7496963,1780358236.3886573,0,16,supersector32k,page_aware_slots,3,1000000,285696,98030,250000.0,0.0,0.0,0.0,0.0,459.51,250000.0,0.0,459.51,5099.019,1882152.96,461.108,98030,measure-dynamic-search,5090.607,0.0,0.0,5243.974,470.0,250000.0,0.0,470.0,5238.0,1925120.0,5376.673,4096,measure-dynamic-search,4096,1000000,16,1000,285696,195.837108,1324,285696,/mnt/nvme1n1/PipeANN-github/build_reviewed_20260602_querycache/tests/dynamic_update_suite_driver --mode measure-dynamic-search --source-prefix /mnt/nvme1n1/PipeANN-supersector32k-work/indexes/phaseC_cycle03_no_retrain_after_insert_41c931410b_super32k_v3 --jsonl-output /mnt/nvme1n1/PipeANN-github/experiments/v100_background_interference_full_v5_v3raw_fixed_20260601T234715Z/tmp/during_background_0115_row0115.jsonl --insert-threads 16 --search-threads 1 --merge-threads 16 --build-l 220 --build-r 116 --beamwidth 4 --k 10 --cpu-cap 8 --metric l2 --route prefilter --search-l 400 --data-bin experiments/v100_pq_drift_1m_baseline_20260601T043217Z/data/phaseC_cycle03_live_data_by_tag.bin --base-label-file experiments/v100_pq_drift_1m_baseline_20260601T043217Z/labels/base_labels_1000000.spmat --query-bin /mnt/nvme1n1/PipeANN-github/experiments/r116_suite_pq16_aris_20260520_072453/data/sift_query_1000.bin --truthset-bin experiments/v100_pq_drift_1m_baseline_20260601T043217Z/truth/phaseC_cycle03_range_u25.bin --query-label-file /mnt/nvme1n1/PipeANN-github/experiments/r116_suite_pq16_aris_20260520_072453/labels/query_1000_range_u25.spmat --selector-type range --query-limit 1000,98.61,115,prefilter,285696,284372,400,range,True,u25,supersector32k,True,page_aware_slots,3,4096,4096,/mnt/nvme1n1/PipeANN-supersector32k-work/indexes/phaseC_cycle03_no_retrain_after_insert_41c931410b_super32k_v3,True,prefilter,115,True,400,range,/mnt/nvme1n1/PipeANN-github/experiments/v100_pq_drift_1m_baseline_20260601T043217Z/indexes/phaseC_cycle03_no_retrain_after_insert,/mnt/nvme1n1/PipeANN-supersector32k-work/indexes/phaseC_cycle03_no_retrain_after_insert_41c931410b_super32k_v3,no_retrain_across_cycles,ok,98030,1,0,/mnt/nvme1n1/PipeANN-github/experiments/v100_pq_drift_1m_baseline_20260601T043217Z/indexes/phaseC_cycle03_no_retrain_after_insert,/mnt/nvme1n1/PipeANN-supersector32k-work/indexes/phaseC_cycle03_no_retrain_after_insert_41c931410b_super32k_v3,no_retrain_across_cycles,5.106285
/mnt/nvme1n1/PipeANN-supersector32k-work/indexes/phaseC_cycle03_no_retrain_after_insert_41c931410b_super32k_v3_disk.index,ok,32768,33,4096,3,prefilter,5492.103093,16,u30,300000.0,400,during_background,20-27,8,True,,5.492522,0,0,1,,10000,/mnt/nvme1n1/PipeANN-supersector32k-work/indexes/phaseC_cycle03_no_retrain_after_insert_41c931410b_super32k_v3,20-27,7.754245042800903,1780358251.5116596,1780358243.7566137,0,16,supersector32k,page_aware_slots,3,1000000,285568,98030,300000.0,0.0,0.0,0.0,0.0,460.441,300000.0,0.0,460.441,5487.062,1885966.336,511.146,98030,measure-dynamic-search,5436.92,0.0,0.0,5847.314,471.0,300000.0,0.0,471.0,5841.0,1929216.0,6184.342,4096,measure-dynamic-search,4096,1000000,16,1000,285568,182.065732,1260,285568,/mnt/nvme1n1/PipeANN-github/build_reviewed_20260602_querycache/tests/dynamic_update_suite_driver --mode measure-dynamic-search --source-prefix /mnt/nvme1n1/PipeANN-supersector32k-work/indexes/phaseC_cycle03_no_retrain_after_insert_41c931410b_super32k_v3 --jsonl-output /mnt/nvme1n1/PipeANN-github/experiments/v100_background_interference_full_v5_v3raw_fixed_20260601T234715Z/tmp/during_background_0116_row0116.jsonl --insert-threads 16 --search-threads 1 --merge-threads 16 --build-l 220 --build-r 116 --beamwidth 4 --k 10 --cpu-cap 8 --metric l2 --route prefilter --search-l 400 --data-bin experiments/v100_pq_drift_1m_baseline_20260601T043217Z/data/phaseC_cycle03_live_data_by_tag.bin --base-label-file experiments/v100_pq_drift_1m_baseline_20260601T043217Z/labels/base_labels_1000000.spmat --query-bin /mnt/nvme1n1/PipeANN-github/experiments/r116_suite_pq16_aris_20260520_072453/data/sift_query_1000.bin --truthset-bin experiments/v100_pq_drift_1m_baseline_20260601T043217Z/truth/phaseC_cycle03_range_u30.bin --query-label-file /mnt/nvme1n1/PipeANN-github/experiments/r116_suite_pq16_aris_20260520_072453/labels/query_1000_range_u30.spmat --selector-type range --query-limit 1000,98.69,116,prefilter,285568,284308,400,range,True,u30,supersector32k,True,page_aware_slots,3,4096,4096,/mnt/nvme1n1/PipeANN-supersector32k-work/indexes/phaseC_cycle03_no_retrain_after_insert_41c931410b_super32k_v3,True,prefilter,116,True,400,range,/mnt/nvme1n1/PipeANN-github/experiments/v100_pq_drift_1m_baseline_20260601T043217Z/indexes/phaseC_cycle03_no_retrain_after_insert,/mnt/nvme1n1/PipeANN-supersector32k-work/indexes/phaseC_cycle03_no_retrain_after_insert_41c931410b_super32k_v3,no_retrain_across_cycles,ok,98030,1,0,/mnt/nvme1n1/PipeANN-github/experiments/v100_pq_drift_1m_baseline_20260601T043217Z/indexes/phaseC_cycle03_no_retrain_after_insert,/mnt/nvme1n1/PipeANN-supersector32k-work/indexes/phaseC_cycle03_no_retrain_after_insert_41c931410b_super32k_v3,no_retrain_across_cycles,5.492522
/mnt/nvme1n1/PipeANN-supersector32k-work/indexes/phaseC_cycle03_no_retrain_after_insert_41c931410b_super32k_v3_disk.index,ok,32768,33,4096,3,prefilter,8340.542708,16,u50,500000.0,400,during_background,20-27,8,True,,8.3412,0,0,1,,10000,/mnt/nvme1n1/PipeANN-supersector32k-work/indexes/phaseC_cycle03_no_retrain_after_insert_41c931410b_super32k_v3,20-27,10.777417182922363,1780358262.2972262,1780358251.5189786,0,16,supersector32k,page_aware_slots,3,1000000,285612,98030,500000.0,0.0,0.0,0.0,0.0,459.811,500000.0,0.0,459.811,8332.42,1883385.856,684.954,98030,measure-dynamic-search,8274.85,0.0,0.0,8703.338,472.0,500000.0,0.0,472.0,8696.0,1933312.0,9086.417,4096,measure-dynamic-search,4096,1000000,16,1000,285612,119.886823,1312,285612,/mnt/nvme1n1/PipeANN-github/build_reviewed_20260602_querycache/tests/dynamic_update_suite_driver --mode measure-dynamic-search --source-prefix /mnt/nvme1n1/PipeANN-supersector32k-work/indexes/phaseC_cycle03_no_retrain_after_insert_41c931410b_super32k_v3 --jsonl-output /mnt/nvme1n1/PipeANN-github/experiments/v100_background_interference_full_v5_v3raw_fixed_20260601T234715Z/tmp/during_background_0117_row0117.jsonl --insert-threads 16 --search-threads 1 --merge-threads 16 --build-l 220 --build-r 116 --beamwidth 4 --k 10 --cpu-cap 8 --metric l2 --route prefilter --search-l 400 --data-bin experiments/v100_pq_drift_1m_baseline_20260601T043217Z/data/phaseC_cycle03_live_data_by_tag.bin --base-label-file experiments/v100_pq_drift_1m_baseline_20260601T043217Z/labels/base_labels_1000000.spmat --query-bin /mnt/nvme1n1/PipeANN-github/experiments/r116_suite_pq16_aris_20260520_072453/data/sift_query_1000.bin --truthset-bin experiments/v100_pq_drift_1m_baseline_20260601T043217Z/truth/phaseC_cycle03_range_u50.bin --query-label-file /mnt/nvme1n1/PipeANN-github/experiments/r116_suite_pq16_aris_20260520_072453/labels/query_1000_range_u50.spmat --selector-type range --query-limit 1000,98.67,117,prefilter,285612,284300,400,range,True,u50,supersector32k,True,page_aware_slots,3,4096,4096,/mnt/nvme1n1/PipeANN-supersector32k-work/indexes/phaseC_cycle03_no_retrain_after_insert_41c931410b_super32k_v3,True,prefilter,117,True,400,range,/mnt/nvme1n1/PipeANN-github/experiments/v100_pq_drift_1m_baseline_20260601T043217Z/indexes/phaseC_cycle03_no_retrain_after_insert,/mnt/nvme1n1/PipeANN-supersector32k-work/indexes/phaseC_cycle03_no_retrain_after_insert_41c931410b_super32k_v3,no_retrain_across_cycles,ok,98030,1,0,/mnt/nvme1n1/PipeANN-github/experiments/v100_pq_drift_1m_baseline_20260601T043217Z/indexes/phaseC_cycle03_no_retrain_after_insert,/mnt/nvme1n1/PipeANN-supersector32k-work/indexes/phaseC_cycle03_no_retrain_after_insert_41c931410b_super32k_v3,no_retrain_across_cycles,8.3412
/mnt/nvme1n1/PipeANN-supersector32k-work/indexes/phaseC_cycle03_no_retrain_after_insert_41c931410b_super32k_v3_disk.index,ok,32768,33,4096,3,mixed,7565.798579,16,u75,750000.0,500,during_background,20-27,8,True,,7.566249,0,1000,1,,10000,/mnt/nvme1n1/PipeANN-supersector32k-work/indexes/phaseC_cycle03_no_retrain_after_insert_41c931410b_super32k_v3,20-27,9.873404502868652,1780358272.1787791,1780358262.3045962,0,16,supersector32k,page_aware_slots,3,1000000,303260,98030,750000.0,21713.489,0.0,7043.934,0.0,587.306,21713.489,0.0,587.306,7216.671,2405605.376,96.405,98030,measure-dynamic-search,7143.8,28723.0,0.0,7662.482,606.0,28723.0,0.0,606.0,7298.0,2482176.0,8798.49,4096,measure-dynamic-search,4096,1000000,16,0,303260,132.165885,18824,303260,/mnt/nvme1n1/PipeANN-github/build_reviewed_20260602_querycache/tests/dynamic_update_suite_driver --mode measure-dynamic-search --source-prefix /mnt/nvme1n1/PipeANN-supersector32k-work/indexes/phaseC_cycle03_no_retrain_after_insert_41c931410b_super32k_v3 --jsonl-output /mnt/nvme1n1/PipeANN-github/experiments/v100_background_interference_full_v5_v3raw_fixed_20260601T234715Z/tmp/during_background_0118_row0118.jsonl --insert-threads 16 --search-threads 1 --merge-threads 16 --build-l 220 --build-r 116 --beamwidth 8 --k 10 --cpu-cap 8 --metric l2 --route graph --search-l 500 --data-bin experiments/v100_pq_drift_1m_baseline_20260601T043217Z/data/phaseC_cycle03_live_data_by_tag.bin --base-label-file experiments/v100_pq_drift_1m_baseline_20260601T043217Z/labels/base_labels_1000000.spmat --query-bin /mnt/nvme1n1/PipeANN-github/experiments/r116_suite_pq16_aris_20260520_072453/data/sift_query_1000.bin --truthset-bin experiments/v100_pq_drift_1m_baseline_20260601T043217Z/truth/phaseC_cycle03_range_u75.bin --query-label-file /mnt/nvme1n1/PipeANN-github/experiments/r116_suite_pq16_aris_20260520_072453/labels/query_1000_range_u75.spmat --selector-type range --query-limit 1000,98.23,118,graph,303260,284436,500,range,True,u75,supersector32k,True,page_aware_slots,3,4096,4096,/mnt/nvme1n1/PipeANN-supersector32k-work/indexes/phaseC_cycle03_no_retrain_after_insert_41c931410b_super32k_v3,True,graph,118,True,500,range,/mnt/nvme1n1/PipeANN-github/experiments/v100_pq_drift_1m_baseline_20260601T043217Z/indexes/phaseC_cycle03_no_retrain_after_insert,/mnt/nvme1n1/PipeANN-supersector32k-work/indexes/phaseC_cycle03_no_retrain_after_insert_41c931410b_super32k_v3,no_retrain_across_cycles,ok,98030,1,0,/mnt/nvme1n1/PipeANN-github/experiments/v100_pq_drift_1m_baseline_20260601T043217Z/indexes/phaseC_cycle03_no_retrain_after_insert,/mnt/nvme1n1/PipeANN-supersector32k-work/indexes/phaseC_cycle03_no_retrain_after_insert_41c931410b_super32k_v3,no_retrain_across_cycles,7.566249
/mnt/nvme1n1/PipeANN-supersector32k-work/indexes/phaseC_cycle03_no_retrain_after_insert_41c931410b_super32k_v3_disk.index,ok,32768,33,4096,3,mixed,6452.085595,16,u100,1000000.0,450,during_background,20-27,8,True,,6.452385,0,1000,1,,10000,/mnt/nvme1n1/PipeANN-supersector32k-work/indexes/phaseC_cycle03_no_retrain_after_insert_41c931410b_super32k_v3,20-27,8.681905269622803,1780358280.8684833,1780358272.1857584,0,16,supersector32k,page_aware_slots,3,1000000,301260,98030,1000000.0,20214.549,0.0,5981.619,0.0,531.025,20214.549,0.0,531.025,6127.057,2175078.4,72.691,98030,measure-dynamic-search,6413.209,26678.0,0.0,6860.579,550.0,26678.0,0.0,550.0,6520.0,2252800.0,7348.988,4096,measure-dynamic-search,4096,1000000,16,0,301260,154.981455,16912,301260,/mnt/nvme1n1/PipeANN-github/build_reviewed_20260602_querycache/tests/dynamic_update_suite_driver --mode measure-dynamic-search --source-prefix /mnt/nvme1n1/PipeANN-supersector32k-work/indexes/phaseC_cycle03_no_retrain_after_insert_41c931410b_super32k_v3 --jsonl-output /mnt/nvme1n1/PipeANN-github/experiments/v100_background_interference_full_v5_v3raw_fixed_20260601T234715Z/tmp/during_background_0119_row0119.jsonl --insert-threads 16 --search-threads 1 --merge-threads 16 --build-l 220 --build-r 116 --beamwidth 8 --k 10 --cpu-cap 8 --metric l2 --route graph --search-l 450 --data-bin experiments/v100_pq_drift_1m_baseline_20260601T043217Z/data/phaseC_cycle03_live_data_by_tag.bin --base-label-file experiments/v100_pq_drift_1m_baseline_20260601T043217Z/labels/base_labels_1000000.spmat --query-bin /mnt/nvme1n1/PipeANN-github/experiments/r116_suite_pq16_aris_20260520_072453/data/sift_query_1000.bin --truthset-bin experiments/v100_pq_drift_1m_baseline_20260601T043217Z/truth/phaseC_cycle03_range_u100.bin --query-label-file /mnt/nvme1n1/PipeANN-github/experiments/r116_suite_pq16_aris_20260520_072453/labels/query_1000_range_u100.spmat --selector-type range --query-limit 1000,98.24,119,graph,301260,284348,450,range,True,u100,supersector32k,True,page_aware_slots,3,4096,4096,/mnt/nvme1n1/PipeANN-supersector32k-work/indexes/phaseC_cycle03_no_retrain_after_insert_41c931410b_super32k_v3,True,graph,119,True,450,range,/mnt/nvme1n1/PipeANN-github/experiments/v100_pq_drift_1m_baseline_20260601T043217Z/indexes/phaseC_cycle03_no_retrain_after_insert,/mnt/nvme1n1/PipeANN-supersector32k-work/indexes/phaseC_cycle03_no_retrain_after_insert_41c931410b_super32k_v3,no_retrain_across_cycles,ok,98030,1,0,/mnt/nvme1n1/PipeANN-github/experiments/v100_pq_drift_1m_baseline_20260601T043217Z/indexes/phaseC_cycle03_no_retrain_after_insert,/mnt/nvme1n1/PipeANN-supersector32k-work/indexes/phaseC_cycle03_no_retrain_after_insert_41c931410b_super32k_v3,no_retrain_across_cycles,6.452385
/mnt/nvme1n1/PipeANN-supersector32k-work/indexes/phaseC_cycle04_retrain_each_cycle_6ccb5e6e76_super32k_v3_disk.index,ok,32768,33,4096,3,prefilter,161.109437,16,u1e-03,1000.0,50,during_background,20-27,8,True,,0.161219,0,0,1,,10000,/mnt/nvme1n1/PipeANN-supersector32k-work/indexes/phaseC_cycle04_retrain_each_cycle_6ccb5e6e76_super32k_v3,20-27,1.879824161529541,1780358282.7565954,1780358280.8759253,0,16,supersector32k,page_aware_slots,3,1000000,281868,116558,1000.0,0.0,0.0,0.0,0.0,110.079,1000.0,0.0,110.079,158.456,450883.584,33.982,116558,measure-dynamic-search,158.539,0.0,0.0,183.609,115.0,1000.0,0.0,115.0,181.0,471040.0,197.299,4096,measure-dynamic-search,4096,1000000,16,1000,281868,6202.740621,1172,281868,/mnt/nvme1n1/PipeANN-github/build_reviewed_20260602_querycache/tests/dynamic_update_suite_driver --mode measure-dynamic-search --source-prefix /mnt/nvme1n1/PipeANN-supersector32k-work/indexes/phaseC_cycle04_retrain_each_cycle_6ccb5e6e76_super32k_v3 --jsonl-output /mnt/nvme1n1/PipeANN-github/experiments/v100_background_interference_full_v5_v3raw_fixed_20260601T234715Z/tmp/during_background_0120_row0120.jsonl --insert-threads 16 --search-threads 1 --merge-threads 16 --build-l 220 --build-r 116 --beamwidth 4 --k 10 --cpu-cap 8 --metric l2 --route prefilter --search-l 50 --data-bin experiments/v100_pq_drift_1m_baseline_20260601T043217Z/data/phaseC_cycle04_live_data_by_tag.bin --base-label-file experiments/v100_pq_drift_1m_baseline_20260601T043217Z/labels/base_labels_1000000.spmat --query-bin /mnt/nvme1n1/PipeANN-github/experiments/r116_suite_pq16_aris_20260520_072453/data/sift_query_1000.bin --truthset-bin experiments/v100_pq_drift_1m_baseline_20260601T043217Z/truth/phaseC_cycle04_intersect_u1e-03.bin --query-label-file /mnt/nvme1n1/PipeANN-github/experiments/r116_suite_pq16_aris_20260520_072453/labels/query_1000_u1e-03.spmat --selector-type intersect --query-limit 1000,99.98,120,prefilter,281868,280696,50,intersect,True,u1e-03,supersector32k,True,page_aware_slots,3,4096,4096,/mnt/nvme1n1/PipeANN-supersector32k-work/indexes/phaseC_cycle04_retrain_each_cycle_6ccb5e6e76_super32k_v3,True,prefilter,120,True,50,intersect,/mnt/nvme1n1/PipeANN-github/experiments/v100_pq_drift_1m_baseline_20260601T043217Z/indexes/phaseC_cycle04_retrain_each_cycle,/mnt/nvme1n1/PipeANN-supersector32k-work/indexes/phaseC_cycle04_retrain_each_cycle_6ccb5e6e76_super32k_v3,retrain_each_cycle,ok,116558,1,0,/mnt/nvme1n1/PipeANN-github/experiments/v100_pq_drift_1m_baseline_20260601T043217Z/indexes/phaseC_cycle04_retrain_each_cycle,/mnt/nvme1n1/PipeANN-supersector32k-work/indexes/phaseC_cycle04_retrain_each_cycle_6ccb5e6e76_super32k_v3,retrain_each_cycle,0.161219
/mnt/nvme1n1/PipeANN-supersector32k-work/indexes/phaseC_cycle04_retrain_each_cycle_6ccb5e6e76_super32k_v3_disk.index,ok,32768,33,4096,3,prefilter,220.840381,16,u3e-03,3000.0,100,during_background,20-27,8,True,,0.220967,0,0,1,,10000,/mnt/nvme1n1/PipeANN-supersector32k-work/indexes/phaseC_cycle04_retrain_each_cycle_6ccb5e6e76_super32k_v3,20-27,1.7351865768432617,1780358284.4999847,1780358282.7640238,0,16,supersector32k,page_aware_slots,3,1000000,281964,116558,3000.0,0.0,0.0,0.0,0.0,114.989,3000.0,0.0,114.989,218.087,470994.944,37.497,116558,measure-dynamic-search,218.026,0.0,0.0,248.599,121.0,3000.0,0.0,121.0,245.0,495616.0,262.485,4096,measure-dynamic-search,4096,1000000,16,1000,281964,4525.569235,1112,281964,/mnt/nvme1n1/PipeANN-github/build_reviewed_20260602_querycache/tests/dynamic_update_suite_driver --mode measure-dynamic-search --source-prefix /mnt/nvme1n1/PipeANN-supersector32k-work/indexes/phaseC_cycle04_retrain_each_cycle_6ccb5e6e76_super32k_v3 --jsonl-output /mnt/nvme1n1/PipeANN-github/experiments/v100_background_interference_full_v5_v3raw_fixed_20260601T234715Z/tmp/during_background_0121_row0121.jsonl --insert-threads 16 --search-threads 1 --merge-threads 16 --build-l 220 --build-r 116 --beamwidth 4 --k 10 --cpu-cap 8 --metric l2 --route prefilter --search-l 100 --data-bin experiments/v100_pq_drift_1m_baseline_20260601T043217Z/data/phaseC_cycle04_live_data_by_tag.bin --base-label-file experiments/v100_pq_drift_1m_baseline_20260601T043217Z/labels/base_labels_1000000.spmat --query-bin /mnt/nvme1n1/PipeANN-github/experiments/r116_suite_pq16_aris_20260520_072453/data/sift_query_1000.bin --truthset-bin experiments/v100_pq_drift_1m_baseline_20260601T043217Z/truth/phaseC_cycle04_intersect_u3e-03.bin --query-label-file /mnt/nvme1n1/PipeANN-github/experiments/r116_suite_pq16_aris_20260520_072453/labels/query_1000_u3e-03.spmat --selector-type intersect --query-limit 1000,99.87,121,prefilter,281964,280852,100,intersect,True,u3e-03,supersector32k,True,page_aware_slots,3,4096,4096,/mnt/nvme1n1/PipeANN-supersector32k-work/indexes/phaseC_cycle04_retrain_each_cycle_6ccb5e6e76_super32k_v3,True,prefilter,121,True,100,intersect,/mnt/nvme1n1/PipeANN-github/experiments/v100_pq_drift_1m_baseline_20260601T043217Z/indexes/phaseC_cycle04_retrain_each_cycle,/mnt/nvme1n1/PipeANN-supersector32k-work/indexes/phaseC_cycle04_retrain_each_cycle_6ccb5e6e76_super32k_v3,retrain_each_cycle,ok,116558,1,0,/mnt/nvme1n1/PipeANN-github/experiments/v100_pq_drift_1m_baseline_20260601T043217Z/indexes/phaseC_cycle04_retrain_each_cycle,/mnt/nvme1n1/PipeANN-supersector32k-work/indexes/phaseC_cycle04_retrain_each_cycle_6ccb5e6e76_super32k_v3,retrain_each_cycle,0.220967
/mnt/nvme1n1/PipeANN-supersector32k-work/indexes/phaseC_cycle04_retrain_each_cycle_6ccb5e6e76_super32k_v3_disk.index,ok,32768,33,4096,3,prefilter,410.330251,16,u1e-02,10000.0,100,during_background,20-27,8,True,,0.410467,0,0,1,,10000,/mnt/nvme1n1/PipeANN-supersector32k-work/indexes/phaseC_cycle04_retrain_each_cycle_6ccb5e6e76_super32k_v3,20-27,2.0790281295776367,1780358286.5866983,1780358284.506838,0,16,supersector32k,page_aware_slots,3,1000000,281728,116558,10000.0,0.0,0.0,0.0,0.0,148.009,10000.0,0.0,148.009,407.258,606244.864,46.864,116558,measure-dynamic-search,402.998,0.0,0.0,461.265,154.0,10000.0,0.0,154.0,458.0,630784.0,510.614,4096,measure-dynamic-search,4096,1000000,16,1000,281728,2436.252019,1048,281728,/mnt/nvme1n1/PipeANN-github/build_reviewed_20260602_querycache/tests/dynamic_update_suite_driver --mode measure-dynamic-search --source-prefix /mnt/nvme1n1/PipeANN-supersector32k-work/indexes/phaseC_cycle04_retrain_each_cycle_6ccb5e6e76_super32k_v3 --jsonl-output /mnt/nvme1n1/PipeANN-github/experiments/v100_background_interference_full_v5_v3raw_fixed_20260601T234715Z/tmp/during_background_0122_row0122.jsonl --insert-threads 16 --search-threads 1 --merge-threads 16 --build-l 220 --build-r 116 --beamwidth 4 --k 10 --cpu-cap 8 --metric l2 --route prefilter --search-l 100 --data-bin experiments/v100_pq_drift_1m_baseline_20260601T043217Z/data/phaseC_cycle04_live_data_by_tag.bin --base-label-file experiments/v100_pq_drift_1m_baseline_20260601T043217Z/labels/base_labels_1000000.spmat --query-bin /mnt/nvme1n1/PipeANN-github/experiments/r116_suite_pq16_aris_20260520_072453/data/sift_query_1000.bin --truthset-bin experiments/v100_pq_drift_1m_baseline_20260601T043217Z/truth/phaseC_cycle04_intersect_u1e-02.bin --query-label-file /mnt/nvme1n1/PipeANN-github/experiments/r116_suite_pq16_aris_20260520_072453/labels/query_1000_u1e-02.spmat --selector-type intersect --query-limit 1000,99.8,122,prefilter,281728,280680,100,intersect,True,u1e-02,supersector32k,True,page_aware_slots,3,4096,4096,/mnt/nvme1n1/PipeANN-supersector32k-work/indexes/phaseC_cycle04_retrain_each_cycle_6ccb5e6e76_super32k_v3,True,prefilter,122,True,100,intersect,/mnt/nvme1n1/PipeANN-github/experiments/v100_pq_drift_1m_baseline_20260601T043217Z/indexes/phaseC_cycle04_retrain_each_cycle,/mnt/nvme1n1/PipeANN-supersector32k-work/indexes/phaseC_cycle04_retrain_each_cycle_6ccb5e6e76_super32k_v3,retrain_each_cycle,ok,116558,1,0,/mnt/nvme1n1/PipeANN-github/experiments/v100_pq_drift_1m_baseline_20260601T043217Z/indexes/phaseC_cycle04_retrain_each_cycle,/mnt/nvme1n1/PipeANN-supersector32k-work/indexes/phaseC_cycle04_retrain_each_cycle_6ccb5e6e76_super32k_v3,retrain_each_cycle,0.410467
/mnt/nvme1n1/PipeANN-supersector32k-work/indexes/phaseC_cycle04_retrain_each_cycle_6ccb5e6e76_super32k_v3_disk.index,ok,32768,33,4096,3,prefilter,1174.062669,16,u5e-02,50000.0,100,during_background,20-27,8,True,,1.17425,0,0,1,,10000,/mnt/nvme1n1/PipeANN-supersector32k-work/indexes/phaseC_cycle04_retrain_each_cycle_6ccb5e6e76_super32k_v3,20-27,2.736638069152832,1780358289.3314939,1780358286.594051,0,16,supersector32k,page_aware_slots,3,1000000,281640,116558,50000.0,0.0,0.0,0.0,0.0,184.956,50000.0,0.0,184.956,1170.775,757579.776,91.273,116558,measure-dynamic-search,1168.575,0.0,0.0,1249.096,193.0,50000.0,0.0,193.0,1246.0,790528.0,1302.83,4096,measure-dynamic-search,4096,1000000,16,1000,281640,851.607753,984,281640,/mnt/nvme1n1/PipeANN-github/build_reviewed_20260602_querycache/tests/dynamic_update_suite_driver --mode measure-dynamic-search --source-prefix /mnt/nvme1n1/PipeANN-supersector32k-work/indexes/phaseC_cycle04_retrain_each_cycle_6ccb5e6e76_super32k_v3 --jsonl-output /mnt/nvme1n1/PipeANN-github/experiments/v100_background_interference_full_v5_v3raw_fixed_20260601T234715Z/tmp/during_background_0123_row0123.jsonl --insert-threads 16 --search-threads 1 --merge-threads 16 --build-l 220 --build-r 116 --beamwidth 4 --k 10 --cpu-cap 8 --metric l2 --route prefilter --search-l 100 --data-bin experiments/v100_pq_drift_1m_baseline_20260601T043217Z/data/phaseC_cycle04_live_data_by_tag.bin --base-label-file experiments/v100_pq_drift_1m_baseline_20260601T043217Z/labels/base_labels_1000000.spmat --query-bin /mnt/nvme1n1/PipeANN-github/experiments/r116_suite_pq16_aris_20260520_072453/data/sift_query_1000.bin --truthset-bin experiments/v100_pq_drift_1m_baseline_20260601T043217Z/truth/phaseC_cycle04_intersect_u5e-02.bin --query-label-file /mnt/nvme1n1/PipeANN-github/experiments/r116_suite_pq16_aris_20260520_072453/labels/query_1000_u5e-02.spmat --selector-type intersect --query-limit 1000,99.13,123,prefilter,281640,280656,100,intersect,True,u5e-02,supersector32k,True,page_aware_slots,3,4096,4096,/mnt/nvme1n1/PipeANN-supersector32k-work/indexes/phaseC_cycle04_retrain_each_cycle_6ccb5e6e76_super32k_v3,True,prefilter,123,True,100,intersect,/mnt/nvme1n1/PipeANN-github/experiments/v100_pq_drift_1m_baseline_20260601T043217Z/indexes/phaseC_cycle04_retrain_each_cycle,/mnt/nvme1n1/PipeANN-supersector32k-work/indexes/phaseC_cycle04_retrain_each_cycle_6ccb5e6e76_super32k_v3,retrain_each_cycle,ok,116558,1,0,/mnt/nvme1n1/PipeANN-github/experiments/v100_pq_drift_1m_baseline_20260601T043217Z/indexes/phaseC_cycle04_retrain_each_cycle,/mnt/nvme1n1/PipeANN-supersector32k-work/indexes/phaseC_cycle04_retrain_each_cycle_6ccb5e6e76_super32k_v3,retrain_each_cycle,1.17425
/mnt/nvme1n1/PipeANN-supersector32k-work/indexes/phaseC_cycle04_retrain_each_cycle_6ccb5e6e76_super32k_v3_disk.index,ok,32768,33,4096,3,prefilter,1854.26192,16,u1e-01,100000.0,75,during_background,20-27,8,True,,1.854417,0,0,1,,10000,/mnt/nvme1n1/PipeANN-supersector32k-work/indexes/phaseC_cycle04_retrain_each_cycle_6ccb5e6e76_super32k_v3,20-27,3.424081802368164,1780358292.763819,1780358289.3389235,0,16,supersector32k,page_aware_slots,3,1000000,281856,116558,100000.0,0.0,0.0,0.0,0.0,184.439,100000.0,0.0,184.439,1850.666,755462.144,143.441,116558,measure-dynamic-search,1846.756,0.0,0.0,1945.179,192.0,100000.0,0.0,192.0,1941.0,786432.0,2058.761,4096,measure-dynamic-search,4096,1000000,16,1000,281856,539.25296,1128,281856,/mnt/nvme1n1/PipeANN-github/build_reviewed_20260602_querycache/tests/dynamic_update_suite_driver --mode measure-dynamic-search --source-prefix /mnt/nvme1n1/PipeANN-supersector32k-work/indexes/phaseC_cycle04_retrain_each_cycle_6ccb5e6e76_super32k_v3 --jsonl-output /mnt/nvme1n1/PipeANN-github/experiments/v100_background_interference_full_v5_v3raw_fixed_20260601T234715Z/tmp/during_background_0124_row0124.jsonl --insert-threads 16 --search-threads 1 --merge-threads 16 --build-l 220 --build-r 116 --beamwidth 4 --k 10 --cpu-cap 8 --metric l2 --route prefilter --search-l 75 --data-bin experiments/v100_pq_drift_1m_baseline_20260601T043217Z/data/phaseC_cycle04_live_data_by_tag.bin --base-label-file experiments/v100_pq_drift_1m_baseline_20260601T043217Z/labels/base_labels_1000000.spmat --query-bin /mnt/nvme1n1/PipeANN-github/experiments/r116_suite_pq16_aris_20260520_072453/data/sift_query_1000.bin --truthset-bin experiments/v100_pq_drift_1m_baseline_20260601T043217Z/truth/phaseC_cycle04_intersect_u1e-01.bin --query-label-file /mnt/nvme1n1/PipeANN-github/experiments/r116_suite_pq16_aris_20260520_072453/labels/query_1000_u1e-01.spmat --selector-type intersect --query-limit 1000,98.71,124,prefilter,281856,280728,75,intersect,True,u1e-01,supersector32k,True,page_aware_slots,3,4096,4096,/mnt/nvme1n1/PipeANN-supersector32k-work/indexes/phaseC_cycle04_retrain_each_cycle_6ccb5e6e76_super32k_v3,True,prefilter,124,True,75,intersect,/mnt/nvme1n1/PipeANN-github/experiments/v100_pq_drift_1m_baseline_20260601T043217Z/indexes/phaseC_cycle04_retrain_each_cycle,/mnt/nvme1n1/PipeANN-supersector32k-work/indexes/phaseC_cycle04_retrain_each_cycle_6ccb5e6e76_super32k_v3,retrain_each_cycle,ok,116558,1,0,/mnt/nvme1n1/PipeANN-github/experiments/v100_pq_drift_1m_baseline_20260601T043217Z/indexes/phaseC_cycle04_retrain_each_cycle,/mnt/nvme1n1/PipeANN-supersector32k-work/indexes/phaseC_cycle04_retrain_each_cycle_6ccb5e6e76_super32k_v3,retrain_each_cycle,1.854417
/mnt/nvme1n1/PipeANN-supersector32k-work/indexes/phaseC_cycle04_retrain_each_cycle_6ccb5e6e76_super32k_v3_disk.index,ok,32768,33,4096,3,prefilter,4238.653191,16,u25,250000.0,300,during_background,20-27,8,True,,4.239273,0,0,1,,10000,/mnt/nvme1n1/PipeANN-supersector32k-work/indexes/phaseC_cycle04_retrain_each_cycle_6ccb5e6e76_super32k_v3,20-27,5.9279913902282715,1780358298.6995618,1780358292.7707462,0,16,supersector32k,page_aware_slots,3,1000000,283944,116558,250000.0,0.0,0.0,0.0,0.0,345.534,250000.0,0.0,345.534,4233.445,1415307.264,296.664,116558,measure-dynamic-search,4213.141,0.0,0.0,4399.114,355.0,250000.0,0.0,355.0,4394.0,1454080.0,4608.387,4096,measure-dynamic-search,4096,1000000,16,1000,283944,235.889525,1192,283944,/mnt/nvme1n1/PipeANN-github/build_reviewed_20260602_querycache/tests/dynamic_update_suite_driver --mode measure-dynamic-search --source-prefix /mnt/nvme1n1/PipeANN-supersector32k-work/indexes/phaseC_cycle04_retrain_each_cycle_6ccb5e6e76_super32k_v3 --jsonl-output /mnt/nvme1n1/PipeANN-github/experiments/v100_background_interference_full_v5_v3raw_fixed_20260601T234715Z/tmp/during_background_0125_row0125.jsonl --insert-threads 16 --search-threads 1 --merge-threads 16 --build-l 220 --build-r 116 --beamwidth 4 --k 10 --cpu-cap 8 --metric l2 --route prefilter --search-l 300 --data-bin experiments/v100_pq_drift_1m_baseline_20260601T043217Z/data/phaseC_cycle04_live_data_by_tag.bin --base-label-file experiments/v100_pq_drift_1m_baseline_20260601T043217Z/labels/base_labels_1000000.spmat --query-bin /mnt/nvme1n1/PipeANN-github/experiments/r116_suite_pq16_aris_20260520_072453/data/sift_query_1000.bin --truthset-bin experiments/v100_pq_drift_1m_baseline_20260601T043217Z/truth/phaseC_cycle04_intersect_u25.bin --query-label-file /mnt/nvme1n1/PipeANN-github/experiments/r116_suite_pq16_aris_20260520_072453/labels/query_1000_u25.spmat --selector-type intersect --query-limit 1000,98.45,125,prefilter,283944,282752,300,intersect,True,u25,supersector32k,True,page_aware_slots,3,4096,4096,/mnt/nvme1n1/PipeANN-supersector32k-work/indexes/phaseC_cycle04_retrain_each_cycle_6ccb5e6e76_super32k_v3,True,prefilter,125,True,300,intersect,/mnt/nvme1n1/PipeANN-github/experiments/v100_pq_drift_1m_baseline_20260601T043217Z/indexes/phaseC_cycle04_retrain_each_cycle,/mnt/nvme1n1/PipeANN-supersector32k-work/indexes/phaseC_cycle04_retrain_each_cycle_6ccb5e6e76_super32k_v3,retrain_each_cycle,ok,116558,1,0,/mnt/nvme1n1/PipeANN-github/experiments/v100_pq_drift_1m_baseline_20260601T043217Z/indexes/phaseC_cycle04_retrain_each_cycle,/mnt/nvme1n1/PipeANN-supersector32k-work/indexes/phaseC_cycle04_retrain_each_cycle_6ccb5e6e76_super32k_v3,retrain_each_cycle,4.239273
/mnt/nvme1n1/PipeANN-supersector32k-work/indexes/phaseC_cycle04_retrain_each_cycle_6ccb5e6e76_super32k_v3_disk.index,ok,32768,33,4096,3,prefilter,4702.207399,16,u30,300000.0,300,during_background,20-27,8,True,,4.702569,0,0,1,,10000,/mnt/nvme1n1/PipeANN-supersector32k-work/indexes/phaseC_cycle04_retrain_each_cycle_6ccb5e6e76_super32k_v3,20-27,6.344739198684692,1780358305.052549,1780358298.7068968,0,16,supersector32k,page_aware_slots,3,1000000,282020,116558,300000.0,0.0,0.0,0.0,0.0,345.269,300000.0,0.0,345.269,4698.354,1414221.824,345.258,116558,measure-dynamic-search,4687.013,0.0,0.0,5029.538,356.0,300000.0,0.0,356.0,5026.0,1458176.0,5229.563,4096,measure-dynamic-search,4096,1000000,16,1000,282020,212.649731,1196,282020,/mnt/nvme1n1/PipeANN-github/build_reviewed_20260602_querycache/tests/dynamic_update_suite_driver --mode measure-dynamic-search --source-prefix /mnt/nvme1n1/PipeANN-supersector32k-work/indexes/phaseC_cycle04_retrain_each_cycle_6ccb5e6e76_super32k_v3 --jsonl-output /mnt/nvme1n1/PipeANN-github/experiments/v100_background_interference_full_v5_v3raw_fixed_20260601T234715Z/tmp/during_background_0126_row0126.jsonl --insert-threads 16 --search-threads 1 --merge-threads 16 --build-l 220 --build-r 116 --beamwidth 4 --k 10 --cpu-cap 8 --metric l2 --route prefilter --search-l 300 --data-bin experiments/v100_pq_drift_1m_baseline_20260601T043217Z/data/phaseC_cycle04_live_data_by_tag.bin --base-label-file experiments/v100_pq_drift_1m_baseline_20260601T043217Z/labels/base_labels_1000000.spmat --query-bin /mnt/nvme1n1/PipeANN-github/experiments/r116_suite_pq16_aris_20260520_072453/data/sift_query_1000.bin --truthset-bin experiments/v100_pq_drift_1m_baseline_20260601T043217Z/truth/phaseC_cycle04_intersect_u30.bin --query-label-file /mnt/nvme1n1/PipeANN-github/experiments/r116_suite_pq16_aris_20260520_072453/labels/query_1000_u30.spmat --selector-type intersect --query-limit 1000,98.46,126,prefilter,282020,280824,300,intersect,True,u30,supersector32k,True,page_aware_slots,3,4096,4096,/mnt/nvme1n1/PipeANN-supersector32k-work/indexes/phaseC_cycle04_retrain_each_cycle_6ccb5e6e76_super32k_v3,True,prefilter,126,True,300,intersect,/mnt/nvme1n1/PipeANN-github/experiments/v100_pq_drift_1m_baseline_20260601T043217Z/indexes/phaseC_cycle04_retrain_each_cycle,/mnt/nvme1n1/PipeANN-supersector32k-work/indexes/phaseC_cycle04_retrain_each_cycle_6ccb5e6e76_super32k_v3,retrain_each_cycle,ok,116558,1,0,/mnt/nvme1n1/PipeANN-github/experiments/v100_pq_drift_1m_baseline_20260601T043217Z/indexes/phaseC_cycle04_retrain_each_cycle,/mnt/nvme1n1/PipeANN-supersector32k-work/indexes/phaseC_cycle04_retrain_each_cycle_6ccb5e6e76_super32k_v3,retrain_each_cycle,4.702569
/mnt/nvme1n1/PipeANN-supersector32k-work/indexes/phaseC_cycle04_retrain_each_cycle_6ccb5e6e76_super32k_v3_disk.index,ok,32768,33,4096,3,prefilter,7501.30181,16,u50,500000.0,300,during_background,20-27,8,True,,7.501757,0,0,1,,10000,/mnt/nvme1n1/PipeANN-supersector32k-work/indexes/phaseC_cycle04_retrain_each_cycle_6ccb5e6e76_super32k_v3,20-27,9.201318264007568,1780358314.2620795,1780358305.0599504,0,16,supersector32k,page_aware_slots,3,1000000,281940,116558,500000.0,0.0,0.0,0.0,0.0,345.786,500000.0,0.0,345.786,7494.139,1416339.456,562.804,116558,measure-dynamic-search,7487.568,0.0,0.0,7776.275,356.0,500000.0,0.0,356.0,7770.0,1458176.0,8223.111,4096,measure-dynamic-search,4096,1000000,16,1000,281940,133.302106,952,281828,/mnt/nvme1n1/PipeANN-github/build_reviewed_20260602_querycache/tests/dynamic_update_suite_driver --mode measure-dynamic-search --source-prefix /mnt/nvme1n1/PipeANN-supersector32k-work/indexes/phaseC_cycle04_retrain_each_cycle_6ccb5e6e76_super32k_v3 --jsonl-output /mnt/nvme1n1/PipeANN-github/experiments/v100_background_interference_full_v5_v3raw_fixed_20260601T234715Z/tmp/during_background_0127_row0127.jsonl --insert-threads 16 --search-threads 1 --merge-threads 16 --build-l 220 --build-r 116 --beamwidth 4 --k 10 --cpu-cap 8 --metric l2 --route prefilter --search-l 300 --data-bin experiments/v100_pq_drift_1m_baseline_20260601T043217Z/data/phaseC_cycle04_live_data_by_tag.bin --base-label-file experiments/v100_pq_drift_1m_baseline_20260601T043217Z/labels/base_labels_1000000.spmat --query-bin /mnt/nvme1n1/PipeANN-github/experiments/r116_suite_pq16_aris_20260520_072453/data/sift_query_1000.bin --truthset-bin experiments/v100_pq_drift_1m_baseline_20260601T043217Z/truth/phaseC_cycle04_intersect_u50.bin --query-label-file /mnt/nvme1n1/PipeANN-github/experiments/r116_suite_pq16_aris_20260520_072453/labels/query_1000_u50.spmat --selector-type intersect --query-limit 1000,98.39,127,prefilter,281828,280876,300,intersect,True,u50,supersector32k,True,page_aware_slots,3,4096,4096,/mnt/nvme1n1/PipeANN-supersector32k-work/indexes/phaseC_cycle04_retrain_each_cycle_6ccb5e6e76_super32k_v3,True,prefilter,127,True,300,intersect,/mnt/nvme1n1/PipeANN-github/experiments/v100_pq_drift_1m_baseline_20260601T043217Z/indexes/phaseC_cycle04_retrain_each_cycle,/mnt/nvme1n1/PipeANN-supersector32k-work/indexes/phaseC_cycle04_retrain_each_cycle_6ccb5e6e76_super32k_v3,retrain_each_cycle,ok,116558,1,0,/mnt/nvme1n1/PipeANN-github/experiments/v100_pq_drift_1m_baseline_20260601T043217Z/indexes/phaseC_cycle04_retrain_each_cycle,/mnt/nvme1n1/PipeANN-supersector32k-work/indexes/phaseC_cycle04_retrain_each_cycle_6ccb5e6e76_super32k_v3,retrain_each_cycle,7.501757
/mnt/nvme1n1/PipeANN-supersector32k-work/indexes/phaseC_cycle04_retrain_each_cycle_6ccb5e6e76_super32k_v3_disk.index,ok,32768,33,4096,3,graph,6540.762733,16,u75,750000.0,450,during_background,20-27,8,True,,6.54115,0,0,1,,10000,/mnt/nvme1n1/PipeANN-supersector32k-work/indexes/phaseC_cycle04_retrain_each_cycle_6ccb5e6e76_super32k_v3,20-27,8.086215257644653,1780358322.3564806,1780358314.2694926,1000,16,supersector32k,page_aware_slots,3,1000000,297964,116558,750000.0,22710.396,0.0,6119.225,0.0,526.079,22710.396,0.0,526.079,6195.889,2154819.584,27.888,116558,measure-dynamic-search,6504.144,28881.0,0.0,6918.042,544.0,28881.0,0.0,544.0,6583.0,2228224.0,7312.629,4096,measure-dynamic-search,4096,1000000,16,0,297964,152.878315,15364,297964,/mnt/nvme1n1/PipeANN-github/build_reviewed_20260602_querycache/tests/dynamic_update_suite_driver --mode measure-dynamic-search --source-prefix /mnt/nvme1n1/PipeANN-supersector32k-work/indexes/phaseC_cycle04_retrain_each_cycle_6ccb5e6e76_super32k_v3 --jsonl-output /mnt/nvme1n1/PipeANN-github/experiments/v100_background_interference_full_v5_v3raw_fixed_20260601T234715Z/tmp/during_background_0128_row0128.jsonl --insert-threads 16 --search-threads 1 --merge-threads 16 --build-l 220 --build-r 116 --beamwidth 8 --k 10 --cpu-cap 8 --metric l2 --route graph --search-l 450 --data-bin experiments/v100_pq_drift_1m_baseline_20260601T043217Z/data/phaseC_cycle04_live_data_by_tag.bin --base-label-file experiments/v100_pq_drift_1m_baseline_20260601T043217Z/labels/base_labels_1000000.spmat --query-bin /mnt/nvme1n1/PipeANN-github/experiments/r116_suite_pq16_aris_20260520_072453/data/sift_query_1000.bin --truthset-bin experiments/v100_pq_drift_1m_baseline_20260601T043217Z/truth/phaseC_cycle04_intersect_u75.bin --query-label-file /mnt/nvme1n1/PipeANN-github/experiments/r116_suite_pq16_aris_20260520_072453/labels/query_1000_u75.spmat --selector-type intersect --query-limit 1000,98.15,128,graph,297964,282600,450,intersect,True,u75,supersector32k,True,page_aware_slots,3,4096,4096,/mnt/nvme1n1/PipeANN-supersector32k-work/indexes/phaseC_cycle04_retrain_each_cycle_6ccb5e6e76_super32k_v3,True,graph,128,True,450,intersect,/mnt/nvme1n1/PipeANN-github/experiments/v100_pq_drift_1m_baseline_20260601T043217Z/indexes/phaseC_cycle04_retrain_each_cycle,/mnt/nvme1n1/PipeANN-supersector32k-work/indexes/phaseC_cycle04_retrain_each_cycle_6ccb5e6e76_super32k_v3,retrain_each_cycle,ok,116558,1,0,/mnt/nvme1n1/PipeANN-github/experiments/v100_pq_drift_1m_baseline_20260601T043217Z/indexes/phaseC_cycle04_retrain_each_cycle,/mnt/nvme1n1/PipeANN-supersector32k-work/indexes/phaseC_cycle04_retrain_each_cycle_6ccb5e6e76_super32k_v3,retrain_each_cycle,6.54115
/mnt/nvme1n1/PipeANN-supersector32k-work/indexes/phaseC_cycle04_retrain_each_cycle_6ccb5e6e76_super32k_v3_disk.index,ok,32768,33,4096,3,graph,9254.442801,16,u100,1000000.0,400,during_background,20-27,8,True,,9.254969,0,0,1,,10000,/mnt/nvme1n1/PipeANN-supersector32k-work/indexes/phaseC_cycle04_retrain_each_cycle_6ccb5e6e76_super32k_v3,20-27,10.83814525604248,1780358333.202754,1780358322.363843,1000,16,supersector32k,page_aware_slots,3,1000000,293884,116558,1000000.0,20874.251,0.0,8836.893,0.0,469.11,20874.251,0.0,469.11,8924.604,1921474.56,30.545,116558,measure-dynamic-search,9204.071,26483.0,0.0,9543.387,486.0,26483.0,0.0,486.0,9206.0,1990656.0,9855.036,4096,measure-dynamic-search,4096,1000000,16,0,293884,108.050063,13048,293884,/mnt/nvme1n1/PipeANN-github/build_reviewed_20260602_querycache/tests/dynamic_update_suite_driver --mode measure-dynamic-search --source-prefix /mnt/nvme1n1/PipeANN-supersector32k-work/indexes/phaseC_cycle04_retrain_each_cycle_6ccb5e6e76_super32k_v3 --jsonl-output /mnt/nvme1n1/PipeANN-github/experiments/v100_background_interference_full_v5_v3raw_fixed_20260601T234715Z/tmp/during_background_0129_row0129.jsonl --insert-threads 16 --search-threads 1 --merge-threads 16 --build-l 220 --build-r 116 --beamwidth 4 --k 10 --cpu-cap 8 --metric l2 --route graph --search-l 400 --data-bin experiments/v100_pq_drift_1m_baseline_20260601T043217Z/data/phaseC_cycle04_live_data_by_tag.bin --base-label-file experiments/v100_pq_drift_1m_baseline_20260601T043217Z/labels/base_labels_1000000.spmat --query-bin /mnt/nvme1n1/PipeANN-github/experiments/r116_suite_pq16_aris_20260520_072453/data/sift_query_1000.bin --truthset-bin experiments/v100_pq_drift_1m_baseline_20260601T043217Z/truth/phaseC_cycle04_intersect_u100.bin --query-label-file /mnt/nvme1n1/PipeANN-github/experiments/r116_suite_pq16_aris_20260520_072453/labels/query_1000_u100.spmat --selector-type intersect --query-limit 1000,98.41,129,graph,293884,280836,400,intersect,True,u100,supersector32k,True,page_aware_slots,3,4096,4096,/mnt/nvme1n1/PipeANN-supersector32k-work/indexes/phaseC_cycle04_retrain_each_cycle_6ccb5e6e76_super32k_v3,True,graph,129,True,400,intersect,/mnt/nvme1n1/PipeANN-github/experiments/v100_pq_drift_1m_baseline_20260601T043217Z/indexes/phaseC_cycle04_retrain_each_cycle,/mnt/nvme1n1/PipeANN-supersector32k-work/indexes/phaseC_cycle04_retrain_each_cycle_6ccb5e6e76_super32k_v3,retrain_each_cycle,ok,116558,1,0,/mnt/nvme1n1/PipeANN-github/experiments/v100_pq_drift_1m_baseline_20260601T043217Z/indexes/phaseC_cycle04_retrain_each_cycle,/mnt/nvme1n1/PipeANN-supersector32k-work/indexes/phaseC_cycle04_retrain_each_cycle_6ccb5e6e76_super32k_v3,retrain_each_cycle,9.254969
/mnt/nvme1n1/PipeANN-supersector32k-work/indexes/phaseC_cycle04_retrain_each_cycle_6ccb5e6e76_super32k_v3_disk.index,ok,32768,33,4096,3,prefilter,165.344474,16,u1e-03,1000.0,50,during_background,20-27,8,True,,0.165437,0,0,1,,10000,/mnt/nvme1n1/PipeANN-supersector32k-work/indexes/phaseC_cycle04_retrain_each_cycle_6ccb5e6e76_super32k_v3,20-27,1.7961738109588623,1780358335.0071266,1780358333.2101545,0,16,supersector32k,page_aware_slots,3,1000000,283828,116558,1000.0,0.0,0.0,0.0,0.0,110.079,1000.0,0.0,110.079,162.713,450883.584,36.8,116558,measure-dynamic-search,161.2,0.0,0.0,192.367,115.0,1000.0,0.0,115.0,190.0,471040.0,210.639,4096,measure-dynamic-search,4096,1000000,16,1000,283828,6044.582166,984,283828,/mnt/nvme1n1/PipeANN-github/build_reviewed_20260602_querycache/tests/dynamic_update_suite_driver --mode measure-dynamic-search --source-prefix /mnt/nvme1n1/PipeANN-supersector32k-work/indexes/phaseC_cycle04_retrain_each_cycle_6ccb5e6e76_super32k_v3 --jsonl-output /mnt/nvme1n1/PipeANN-github/experiments/v100_background_interference_full_v5_v3raw_fixed_20260601T234715Z/tmp/during_background_0130_row0130.jsonl --insert-threads 16 --search-threads 1 --merge-threads 16 --build-l 220 --build-r 116 --beamwidth 4 --k 10 --cpu-cap 8 --metric l2 --route prefilter --search-l 50 --data-bin experiments/v100_pq_drift_1m_baseline_20260601T043217Z/data/phaseC_cycle04_live_data_by_tag.bin --base-label-file experiments/v100_pq_drift_1m_baseline_20260601T043217Z/labels/base_labels_1000000.spmat --query-bin /mnt/nvme1n1/PipeANN-github/experiments/r116_suite_pq16_aris_20260520_072453/data/sift_query_1000.bin --truthset-bin experiments/v100_pq_drift_1m_baseline_20260601T043217Z/truth/phaseC_cycle04_range_u1e-03.bin --query-label-file /mnt/nvme1n1/PipeANN-github/experiments/r116_suite_pq16_aris_20260520_072453/labels/query_1000_range_u1e-03.spmat --selector-type range --query-limit 1000,99.98,130,prefilter,283828,282844,50,range,True,u1e-03,supersector32k,True,page_aware_slots,3,4096,4096,/mnt/nvme1n1/PipeANN-supersector32k-work/indexes/phaseC_cycle04_retrain_each_cycle_6ccb5e6e76_super32k_v3,True,prefilter,130,True,50,range,/mnt/nvme1n1/PipeANN-github/experiments/v100_pq_drift_1m_baseline_20260601T043217Z/indexes/phaseC_cycle04_retrain_each_cycle,/mnt/nvme1n1/PipeANN-supersector32k-work/indexes/phaseC_cycle04_retrain_each_cycle_6ccb5e6e76_super32k_v3,retrain_each_cycle,ok,116558,1,0,/mnt/nvme1n1/PipeANN-github/experiments/v100_pq_drift_1m_baseline_20260601T043217Z/indexes/phaseC_cycle04_retrain_each_cycle,/mnt/nvme1n1/PipeANN-supersector32k-work/indexes/phaseC_cycle04_retrain_each_cycle_6ccb5e6e76_super32k_v3,retrain_each_cycle,0.165437
/mnt/nvme1n1/PipeANN-supersector32k-work/indexes/phaseC_cycle04_retrain_each_cycle_6ccb5e6e76_super32k_v3_disk.index,ok,32768,33,4096,3,prefilter,224.358701,16,u3e-03,3000.0,50,during_background,20-27,8,True,,0.224528,0,0,1,,10000,/mnt/nvme1n1/PipeANN-supersector32k-work/indexes/phaseC_cycle04_retrain_each_cycle_6ccb5e6e76_super32k_v3,20-27,2.569992780685425,1780358337.5849712,1780358335.0141966,0,16,supersector32k,page_aware_slots,3,1000000,281688,116558,3000.0,0.0,0.0,0.0,0.0,110.399,3000.0,0.0,110.399,221.543,452194.304,43.714,116558,measure-dynamic-search,221.921,0.0,0.0,250.391,116.0,3000.0,0.0,116.0,248.0,475136.0,264.913,4096,measure-dynamic-search,4096,1000000,16,1000,281688,4453.785934,1008,281688,/mnt/nvme1n1/PipeANN-github/build_reviewed_20260602_querycache/tests/dynamic_update_suite_driver --mode measure-dynamic-search --source-prefix /mnt/nvme1n1/PipeANN-supersector32k-work/indexes/phaseC_cycle04_retrain_each_cycle_6ccb5e6e76_super32k_v3 --jsonl-output /mnt/nvme1n1/PipeANN-github/experiments/v100_background_interference_full_v5_v3raw_fixed_20260601T234715Z/tmp/during_background_0131_row0131.jsonl --insert-threads 16 --search-threads 1 --merge-threads 16 --build-l 220 --build-r 116 --beamwidth 4 --k 10 --cpu-cap 8 --metric l2 --route prefilter --search-l 50 --data-bin experiments/v100_pq_drift_1m_baseline_20260601T043217Z/data/phaseC_cycle04_live_data_by_tag.bin --base-label-file experiments/v100_pq_drift_1m_baseline_20260601T043217Z/labels/base_labels_1000000.spmat --query-bin /mnt/nvme1n1/PipeANN-github/experiments/r116_suite_pq16_aris_20260520_072453/data/sift_query_1000.bin --truthset-bin experiments/v100_pq_drift_1m_baseline_20260601T043217Z/truth/phaseC_cycle04_range_u3e-03.bin --query-label-file /mnt/nvme1n1/PipeANN-github/experiments/r116_suite_pq16_aris_20260520_072453/labels/query_1000_range_u3e-03.spmat --selector-type range --query-limit 1000,99.87,131,prefilter,281688,280680,50,range,True,u3e-03,supersector32k,True,page_aware_slots,3,4096,4096,/mnt/nvme1n1/PipeANN-supersector32k-work/indexes/phaseC_cycle04_retrain_each_cycle_6ccb5e6e76_super32k_v3,True,prefilter,131,True,50,range,/mnt/nvme1n1/PipeANN-github/experiments/v100_pq_drift_1m_baseline_20260601T043217Z/indexes/phaseC_cycle04_retrain_each_cycle,/mnt/nvme1n1/PipeANN-supersector32k-work/indexes/phaseC_cycle04_retrain_each_cycle_6ccb5e6e76_super32k_v3,retrain_each_cycle,ok,116558,1,0,/mnt/nvme1n1/PipeANN-github/experiments/v100_pq_drift_1m_baseline_20260601T043217Z/indexes/phaseC_cycle04_retrain_each_cycle,/mnt/nvme1n1/PipeANN-supersector32k-work/indexes/phaseC_cycle04_retrain_each_cycle_6ccb5e6e76_super32k_v3,retrain_each_cycle,0.224528
/mnt/nvme1n1/PipeANN-supersector32k-work/indexes/phaseC_cycle04_retrain_each_cycle_6ccb5e6e76_super32k_v3_disk.index,ok,32768,33,4096,3,prefilter,428.393215,16,u1e-02,10000.0,50,during_background,20-27,8,True,,0.428564,0,0,1,,10000,/mnt/nvme1n1/PipeANN-supersector32k-work/indexes/phaseC_cycle04_retrain_each_cycle_6ccb5e6e76_super32k_v3,20-27,1.912461757659912,1780358339.5056403,1780358337.5924077,0,16,supersector32k,page_aware_slots,3,1000000,281908,116558,10000.0,0.0,0.0,0.0,0.0,148.009,10000.0,0.0,148.009,425.224,606244.864,58.488,116558,measure-dynamic-search,424.305,0.0,0.0,473.201,154.0,10000.0,0.0,154.0,470.0,630784.0,493.062,4096,measure-dynamic-search,4096,1000000,16,1000,281908,2333.374546,1232,281908,/mnt/nvme1n1/PipeANN-github/build_reviewed_20260602_querycache/tests/dynamic_update_suite_driver --mode measure-dynamic-search --source-prefix /mnt/nvme1n1/PipeANN-supersector32k-work/indexes/phaseC_cycle04_retrain_each_cycle_6ccb5e6e76_super32k_v3 --jsonl-output /mnt/nvme1n1/PipeANN-github/experiments/v100_background_interference_full_v5_v3raw_fixed_20260601T234715Z/tmp/during_background_0132_row0132.jsonl --insert-threads 16 --search-threads 1 --merge-threads 16 --build-l 220 --build-r 116 --beamwidth 4 --k 10 --cpu-cap 8 --metric l2 --route prefilter --search-l 50 --data-bin experiments/v100_pq_drift_1m_baseline_20260601T043217Z/data/phaseC_cycle04_live_data_by_tag.bin --base-label-file experiments/v100_pq_drift_1m_baseline_20260601T043217Z/labels/base_labels_1000000.spmat --query-bin /mnt/nvme1n1/PipeANN-github/experiments/r116_suite_pq16_aris_20260520_072453/data/sift_query_1000.bin --truthset-bin experiments/v100_pq_drift_1m_baseline_20260601T043217Z/truth/phaseC_cycle04_range_u1e-02.bin --query-label-file /mnt/nvme1n1/PipeANN-github/experiments/r116_suite_pq16_aris_20260520_072453/labels/query_1000_range_u1e-02.spmat --selector-type range --query-limit 1000,99.8,132,prefilter,281908,280676,50,range,True,u1e-02,supersector32k,True,page_aware_slots,3,4096,4096,/mnt/nvme1n1/PipeANN-supersector32k-work/indexes/phaseC_cycle04_retrain_each_cycle_6ccb5e6e76_super32k_v3,True,prefilter,132,True,50,range,/mnt/nvme1n1/PipeANN-github/experiments/v100_pq_drift_1m_baseline_20260601T043217Z/indexes/phaseC_cycle04_retrain_each_cycle,/mnt/nvme1n1/PipeANN-supersector32k-work/indexes/phaseC_cycle04_retrain_each_cycle_6ccb5e6e76_super32k_v3,retrain_each_cycle,ok,116558,1,0,/mnt/nvme1n1/PipeANN-github/experiments/v100_pq_drift_1m_baseline_20260601T043217Z/indexes/phaseC_cycle04_retrain_each_cycle,/mnt/nvme1n1/PipeANN-supersector32k-work/indexes/phaseC_cycle04_retrain_each_cycle_6ccb5e6e76_super32k_v3,retrain_each_cycle,0.428564
/mnt/nvme1n1/PipeANN-supersector32k-work/indexes/phaseC_cycle04_retrain_each_cycle_6ccb5e6e76_super32k_v3_disk.index,ok,32768,33,4096,3,prefilter,1200.004434,16,u5e-02,50000.0,150,during_background,20-27,8,True,,1.200156,0,0,1,,10000,/mnt/nvme1n1/PipeANN-supersector32k-work/indexes/phaseC_cycle04_retrain_each_cycle_6ccb5e6e76_super32k_v3,20-27,2.784374952316284,1780358342.298341,1780358339.5131516,0,16,supersector32k,page_aware_slots,3,1000000,281680,116558,50000.0,0.0,0.0,0.0,0.0,184.956,50000.0,0.0,184.956,1196.731,757579.776,107.76,116558,measure-dynamic-search,1193.175,0.0,0.0,1284.57,193.0,50000.0,0.0,193.0,1281.0,790528.0,1354.573,4096,measure-dynamic-search,4096,1000000,16,1000,281680,833.225217,984,281680,/mnt/nvme1n1/PipeANN-github/build_reviewed_20260602_querycache/tests/dynamic_update_suite_driver --mode measure-dynamic-search --source-prefix /mnt/nvme1n1/PipeANN-supersector32k-work/indexes/phaseC_cycle04_retrain_each_cycle_6ccb5e6e76_super32k_v3 --jsonl-output /mnt/nvme1n1/PipeANN-github/experiments/v100_background_interference_full_v5_v3raw_fixed_20260601T234715Z/tmp/during_background_0133_row0133.jsonl --insert-threads 16 --search-threads 1 --merge-threads 16 --build-l 220 --build-r 116 --beamwidth 4 --k 10 --cpu-cap 8 --metric l2 --route prefilter --search-l 150 --data-bin experiments/v100_pq_drift_1m_baseline_20260601T043217Z/data/phaseC_cycle04_live_data_by_tag.bin --base-label-file experiments/v100_pq_drift_1m_baseline_20260601T043217Z/labels/base_labels_1000000.spmat --query-bin /mnt/nvme1n1/PipeANN-github/experiments/r116_suite_pq16_aris_20260520_072453/data/sift_query_1000.bin --truthset-bin experiments/v100_pq_drift_1m_baseline_20260601T043217Z/truth/phaseC_cycle04_range_u5e-02.bin --query-label-file /mnt/nvme1n1/PipeANN-github/experiments/r116_suite_pq16_aris_20260520_072453/labels/query_1000_range_u5e-02.spmat --selector-type range --query-limit 1000,99.13,133,prefilter,281680,280696,150,range,True,u5e-02,supersector32k,True,page_aware_slots,3,4096,4096,/mnt/nvme1n1/PipeANN-supersector32k-work/indexes/phaseC_cycle04_retrain_each_cycle_6ccb5e6e76_super32k_v3,True,prefilter,133,True,150,range,/mnt/nvme1n1/PipeANN-github/experiments/v100_pq_drift_1m_baseline_20260601T043217Z/indexes/phaseC_cycle04_retrain_each_cycle,/mnt/nvme1n1/PipeANN-supersector32k-work/indexes/phaseC_cycle04_retrain_each_cycle_6ccb5e6e76_super32k_v3,retrain_each_cycle,ok,116558,1,0,/mnt/nvme1n1/PipeANN-github/experiments/v100_pq_drift_1m_baseline_20260601T043217Z/indexes/phaseC_cycle04_retrain_each_cycle,/mnt/nvme1n1/PipeANN-supersector32k-work/indexes/phaseC_cycle04_retrain_each_cycle_6ccb5e6e76_super32k_v3,retrain_each_cycle,1.200156
/mnt/nvme1n1/PipeANN-supersector32k-work/indexes/phaseC_cycle04_retrain_each_cycle_6ccb5e6e76_super32k_v3_disk.index,ok,32768,33,4096,3,prefilter,1881.618264,16,u1e-01,100000.0,50,during_background,20-27,8,True,,1.881822,0,0,1,,10000,/mnt/nvme1n1/PipeANN-supersector32k-work/indexes/phaseC_cycle04_retrain_each_cycle_6ccb5e6e76_super32k_v3,20-27,3.449950933456421,1780358345.7559686,1780358342.3052475,0,16,supersector32k,page_aware_slots,3,1000000,281760,116558,100000.0,0.0,0.0,0.0,0.0,184.439,100000.0,0.0,184.439,1878.012,755462.144,165.411,116558,measure-dynamic-search,1867.526,0.0,0.0,2050.562,192.0,100000.0,0.0,192.0,2047.0,786432.0,2180.256,4096,measure-dynamic-search,4096,1000000,16,1000,281700,531.399795,1064,281700,/mnt/nvme1n1/PipeANN-github/build_reviewed_20260602_querycache/tests/dynamic_update_suite_driver --mode measure-dynamic-search --source-prefix /mnt/nvme1n1/PipeANN-supersector32k-work/indexes/phaseC_cycle04_retrain_each_cycle_6ccb5e6e76_super32k_v3 --jsonl-output /mnt/nvme1n1/PipeANN-github/experiments/v100_background_interference_full_v5_v3raw_fixed_20260601T234715Z/tmp/during_background_0134_row0134.jsonl --insert-threads 16 --search-threads 1 --merge-threads 16 --build-l 220 --build-r 116 --beamwidth 4 --k 10 --cpu-cap 8 --metric l2 --route prefilter --search-l 50 --data-bin experiments/v100_pq_drift_1m_baseline_20260601T043217Z/data/phaseC_cycle04_live_data_by_tag.bin --base-label-file experiments/v100_pq_drift_1m_baseline_20260601T043217Z/labels/base_labels_1000000.spmat --query-bin /mnt/nvme1n1/PipeANN-github/experiments/r116_suite_pq16_aris_20260520_072453/data/sift_query_1000.bin --truthset-bin experiments/v100_pq_drift_1m_baseline_20260601T043217Z/truth/phaseC_cycle04_range_u1e-01.bin --query-label-file /mnt/nvme1n1/PipeANN-github/experiments/r116_suite_pq16_aris_20260520_072453/labels/query_1000_range_u1e-01.spmat --selector-type range --query-limit 1000,98.71,134,prefilter,281700,280636,50,range,True,u1e-01,supersector32k,True,page_aware_slots,3,4096,4096,/mnt/nvme1n1/PipeANN-supersector32k-work/indexes/phaseC_cycle04_retrain_each_cycle_6ccb5e6e76_super32k_v3,True,prefilter,134,True,50,range,/mnt/nvme1n1/PipeANN-github/experiments/v100_pq_drift_1m_baseline_20260601T043217Z/indexes/phaseC_cycle04_retrain_each_cycle,/mnt/nvme1n1/PipeANN-supersector32k-work/indexes/phaseC_cycle04_retrain_each_cycle_6ccb5e6e76_super32k_v3,retrain_each_cycle,ok,116558,1,0,/mnt/nvme1n1/PipeANN-github/experiments/v100_pq_drift_1m_baseline_20260601T043217Z/indexes/phaseC_cycle04_retrain_each_cycle,/mnt/nvme1n1/PipeANN-supersector32k-work/indexes/phaseC_cycle04_retrain_each_cycle_6ccb5e6e76_super32k_v3,retrain_each_cycle,1.881822
/mnt/nvme1n1/PipeANN-supersector32k-work/indexes/phaseC_cycle04_retrain_each_cycle_6ccb5e6e76_super32k_v3_disk.index,ok,32768,33,4096,3,prefilter,4095.212984,16,u25,250000.0,300,during_background,20-27,8,True,,4.095526,0,0,1,,10000,/mnt/nvme1n1/PipeANN-supersector32k-work/indexes/phaseC_cycle04_retrain_each_cycle_6ccb5e6e76_super32k_v3,20-27,5.708158016204834,1780358351.472415,1780358345.763456,0,16,supersector32k,page_aware_slots,3,1000000,281888,116558,250000.0,0.0,0.0,0.0,0.0,345.534,250000.0,0.0,345.534,4091.207,1415307.264,324.305,116558,measure-dynamic-search,4094.104,0.0,0.0,4378.396,355.0,250000.0,0.0,355.0,4375.0,1454080.0,4628.977,4096,measure-dynamic-search,4096,1000000,16,1000,281888,244.168867,1192,281888,/mnt/nvme1n1/PipeANN-github/build_reviewed_20260602_querycache/tests/dynamic_update_suite_driver --mode measure-dynamic-search --source-prefix /mnt/nvme1n1/PipeANN-supersector32k-work/indexes/phaseC_cycle04_retrain_each_cycle_6ccb5e6e76_super32k_v3 --jsonl-output /mnt/nvme1n1/PipeANN-github/experiments/v100_background_interference_full_v5_v3raw_fixed_20260601T234715Z/tmp/during_background_0135_row0135.jsonl --insert-threads 16 --search-threads 1 --merge-threads 16 --build-l 220 --build-r 116 --beamwidth 4 --k 10 --cpu-cap 8 --metric l2 --route prefilter --search-l 300 --data-bin experiments/v100_pq_drift_1m_baseline_20260601T043217Z/data/phaseC_cycle04_live_data_by_tag.bin --base-label-file experiments/v100_pq_drift_1m_baseline_20260601T043217Z/labels/base_labels_1000000.spmat --query-bin /mnt/nvme1n1/PipeANN-github/experiments/r116_suite_pq16_aris_20260520_072453/data/sift_query_1000.bin --truthset-bin experiments/v100_pq_drift_1m_baseline_20260601T043217Z/truth/phaseC_cycle04_range_u25.bin --query-label-file /mnt/nvme1n1/PipeANN-github/experiments/r116_suite_pq16_aris_20260520_072453/labels/query_1000_range_u25.spmat --selector-type range --query-limit 1000,98.45,135,prefilter,281888,280696,300,range,True,u25,supersector32k,True,page_aware_slots,3,4096,4096,/mnt/nvme1n1/PipeANN-supersector32k-work/indexes/phaseC_cycle04_retrain_each_cycle_6ccb5e6e76_super32k_v3,True,prefilter,135,True,300,range,/mnt/nvme1n1/PipeANN-github/experiments/v100_pq_drift_1m_baseline_20260601T043217Z/indexes/phaseC_cycle04_retrain_each_cycle,/mnt/nvme1n1/PipeANN-supersector32k-work/indexes/phaseC_cycle04_retrain_each_cycle_6ccb5e6e76_super32k_v3,retrain_each_cycle,ok,116558,1,0,/mnt/nvme1n1/PipeANN-github/experiments/v100_pq_drift_1m_baseline_20260601T043217Z/indexes/phaseC_cycle04_retrain_each_cycle,/mnt/nvme1n1/PipeANN-supersector32k-work/indexes/phaseC_cycle04_retrain_each_cycle_6ccb5e6e76_super32k_v3,retrain_each_cycle,4.095526
/mnt/nvme1n1/PipeANN-supersector32k-work/indexes/phaseC_cycle04_retrain_each_cycle_6ccb5e6e76_super32k_v3_disk.index,ok,32768,33,4096,3,prefilter,4892.113894,16,u30,300000.0,300,during_background,20-27,8,True,,4.892436,0,0,1,,10000,/mnt/nvme1n1/PipeANN-supersector32k-work/indexes/phaseC_cycle04_retrain_each_cycle_6ccb5e6e76_super32k_v3,20-27,6.5711753368377686,1780358358.0515637,1780358351.479552,0,16,supersector32k,page_aware_slots,3,1000000,281884,116558,300000.0,0.0,0.0,0.0,0.0,345.269,300000.0,0.0,345.269,4887.966,1414221.824,394.74,116558,measure-dynamic-search,4849.614,0.0,0.0,5174.826,356.0,300000.0,0.0,356.0,5171.0,1458176.0,5460.373,4096,measure-dynamic-search,4096,1000000,16,1000,281884,204.397161,1096,281884,/mnt/nvme1n1/PipeANN-github/build_reviewed_20260602_querycache/tests/dynamic_update_suite_driver --mode measure-dynamic-search --source-prefix /mnt/nvme1n1/PipeANN-supersector32k-work/indexes/phaseC_cycle04_retrain_each_cycle_6ccb5e6e76_super32k_v3 --jsonl-output /mnt/nvme1n1/PipeANN-github/experiments/v100_background_interference_full_v5_v3raw_fixed_20260601T234715Z/tmp/during_background_0136_row0136.jsonl --insert-threads 16 --search-threads 1 --merge-threads 16 --build-l 220 --build-r 116 --beamwidth 4 --k 10 --cpu-cap 8 --metric l2 --route prefilter --search-l 300 --data-bin experiments/v100_pq_drift_1m_baseline_20260601T043217Z/data/phaseC_cycle04_live_data_by_tag.bin --base-label-file experiments/v100_pq_drift_1m_baseline_20260601T043217Z/labels/base_labels_1000000.spmat --query-bin /mnt/nvme1n1/PipeANN-github/experiments/r116_suite_pq16_aris_20260520_072453/data/sift_query_1000.bin --truthset-bin experiments/v100_pq_drift_1m_baseline_20260601T043217Z/truth/phaseC_cycle04_range_u30.bin --query-label-file /mnt/nvme1n1/PipeANN-github/experiments/r116_suite_pq16_aris_20260520_072453/labels/query_1000_range_u30.spmat --selector-type range --query-limit 1000,98.46,136,prefilter,281884,280788,300,range,True,u30,supersector32k,True,page_aware_slots,3,4096,4096,/mnt/nvme1n1/PipeANN-supersector32k-work/indexes/phaseC_cycle04_retrain_each_cycle_6ccb5e6e76_super32k_v3,True,prefilter,136,True,300,range,/mnt/nvme1n1/PipeANN-github/experiments/v100_pq_drift_1m_baseline_20260601T043217Z/indexes/phaseC_cycle04_retrain_each_cycle,/mnt/nvme1n1/PipeANN-supersector32k-work/indexes/phaseC_cycle04_retrain_each_cycle_6ccb5e6e76_super32k_v3,retrain_each_cycle,ok,116558,1,0,/mnt/nvme1n1/PipeANN-github/experiments/v100_pq_drift_1m_baseline_20260601T043217Z/indexes/phaseC_cycle04_retrain_each_cycle,/mnt/nvme1n1/PipeANN-supersector32k-work/indexes/phaseC_cycle04_retrain_each_cycle_6ccb5e6e76_super32k_v3,retrain_each_cycle,4.892436
/mnt/nvme1n1/PipeANN-supersector32k-work/indexes/phaseC_cycle04_retrain_each_cycle_6ccb5e6e76_super32k_v3_disk.index,ok,32768,33,4096,3,prefilter,7634.421207,16,u50,500000.0,300,during_background,20-27,8,True,,7.634767,0,0,1,,10000,/mnt/nvme1n1/PipeANN-supersector32k-work/indexes/phaseC_cycle04_retrain_each_cycle_6ccb5e6e76_super32k_v3,20-27,9.305875301361084,1780358367.3656676,1780358358.0590062,0,16,supersector32k,page_aware_slots,3,1000000,281616,116558,500000.0,0.0,0.0,0.0,0.0,345.786,500000.0,0.0,345.786,7629.085,1416339.456,617.646,116558,measure-dynamic-search,7549.997,0.0,0.0,8119.936,356.0,500000.0,0.0,356.0,8114.0,1458176.0,8574.058,4096,measure-dynamic-search,4096,1000000,16,1000,281616,130.979774,992,281616,/mnt/nvme1n1/PipeANN-github/build_reviewed_20260602_querycache/tests/dynamic_update_suite_driver --mode measure-dynamic-search --source-prefix /mnt/nvme1n1/PipeANN-supersector32k-work/indexes/phaseC_cycle04_retrain_each_cycle_6ccb5e6e76_super32k_v3 --jsonl-output /mnt/nvme1n1/PipeANN-github/experiments/v100_background_interference_full_v5_v3raw_fixed_20260601T234715Z/tmp/during_background_0137_row0137.jsonl --insert-threads 16 --search-threads 1 --merge-threads 16 --build-l 220 --build-r 116 --beamwidth 4 --k 10 --cpu-cap 8 --metric l2 --route prefilter --search-l 300 --data-bin experiments/v100_pq_drift_1m_baseline_20260601T043217Z/data/phaseC_cycle04_live_data_by_tag.bin --base-label-file experiments/v100_pq_drift_1m_baseline_20260601T043217Z/labels/base_labels_1000000.spmat --query-bin /mnt/nvme1n1/PipeANN-github/experiments/r116_suite_pq16_aris_20260520_072453/data/sift_query_1000.bin --truthset-bin experiments/v100_pq_drift_1m_baseline_20260601T043217Z/truth/phaseC_cycle04_range_u50.bin --query-label-file /mnt/nvme1n1/PipeANN-github/experiments/r116_suite_pq16_aris_20260520_072453/labels/query_1000_range_u50.spmat --selector-type range --query-limit 1000,98.39,137,prefilter,257140,280624,300,range,True,u50,supersector32k,True,page_aware_slots,3,4096,4096,/mnt/nvme1n1/PipeANN-supersector32k-work/indexes/phaseC_cycle04_retrain_each_cycle_6ccb5e6e76_super32k_v3,True,prefilter,137,True,300,range,/mnt/nvme1n1/PipeANN-github/experiments/v100_pq_drift_1m_baseline_20260601T043217Z/indexes/phaseC_cycle04_retrain_each_cycle,/mnt/nvme1n1/PipeANN-supersector32k-work/indexes/phaseC_cycle04_retrain_each_cycle_6ccb5e6e76_super32k_v3,retrain_each_cycle,ok,116558,1,0,/mnt/nvme1n1/PipeANN-github/experiments/v100_pq_drift_1m_baseline_20260601T043217Z/indexes/phaseC_cycle04_retrain_each_cycle,/mnt/nvme1n1/PipeANN-supersector32k-work/indexes/phaseC_cycle04_retrain_each_cycle_6ccb5e6e76_super32k_v3,retrain_each_cycle,7.634767
/mnt/nvme1n1/PipeANN-supersector32k-work/indexes/phaseC_cycle04_retrain_each_cycle_6ccb5e6e76_super32k_v3_disk.index,ok,32768,33,4096,3,mixed,6373.933772,16,u75,750000.0,450,during_background,20-27,8,True,,6.374217,0,1000,1,,10000,/mnt/nvme1n1/PipeANN-supersector32k-work/indexes/phaseC_cycle04_retrain_each_cycle_6ccb5e6e76_super32k_v3,20-27,8.021234512329102,1780358375.3925447,1780358367.3705566,0,16,supersector32k,page_aware_slots,3,1000000,295788,116558,750000.0,22713.175,0.0,5919.254,0.0,526.107,22713.175,0.0,526.107,6031.04,2154934.272,66.996,116558,measure-dynamic-search,6354.858,28881.0,0.0,6680.403,544.0,28881.0,0.0,544.0,6338.0,2228224.0,7062.193,4096,measure-dynamic-search,4096,1000000,16,0,295788,156.882007,14976,295788,/mnt/nvme1n1/PipeANN-github/build_reviewed_20260602_querycache/tests/dynamic_update_suite_driver --mode measure-dynamic-search --source-prefix /mnt/nvme1n1/PipeANN-supersector32k-work/indexes/phaseC_cycle04_retrain_each_cycle_6ccb5e6e76_super32k_v3 --jsonl-output /mnt/nvme1n1/PipeANN-github/experiments/v100_background_interference_full_v5_v3raw_fixed_20260601T234715Z/tmp/during_background_0138_row0138.jsonl --insert-threads 16 --search-threads 1 --merge-threads 16 --build-l 220 --build-r 116 --beamwidth 8 --k 10 --cpu-cap 8 --metric l2 --route graph --search-l 450 --data-bin experiments/v100_pq_drift_1m_baseline_20260601T043217Z/data/phaseC_cycle04_live_data_by_tag.bin --base-label-file experiments/v100_pq_drift_1m_baseline_20260601T043217Z/labels/base_labels_1000000.spmat --query-bin /mnt/nvme1n1/PipeANN-github/experiments/r116_suite_pq16_aris_20260520_072453/data/sift_query_1000.bin --truthset-bin experiments/v100_pq_drift_1m_baseline_20260601T043217Z/truth/phaseC_cycle04_range_u75.bin --query-label-file /mnt/nvme1n1/PipeANN-github/experiments/r116_suite_pq16_aris_20260520_072453/labels/query_1000_range_u75.spmat --selector-type range --query-limit 1000,98.15,138,graph,295788,280812,450,range,True,u75,supersector32k,True,page_aware_slots,3,4096,4096,/mnt/nvme1n1/PipeANN-supersector32k-work/indexes/phaseC_cycle04_retrain_each_cycle_6ccb5e6e76_super32k_v3,True,graph,138,True,450,range,/mnt/nvme1n1/PipeANN-github/experiments/v100_pq_drift_1m_baseline_20260601T043217Z/indexes/phaseC_cycle04_retrain_each_cycle,/mnt/nvme1n1/PipeANN-supersector32k-work/indexes/phaseC_cycle04_retrain_each_cycle_6ccb5e6e76_super32k_v3,retrain_each_cycle,ok,116558,1,0,/mnt/nvme1n1/PipeANN-github/experiments/v100_pq_drift_1m_baseline_20260601T043217Z/indexes/phaseC_cycle04_retrain_each_cycle,/mnt/nvme1n1/PipeANN-supersector32k-work/indexes/phaseC_cycle04_retrain_each_cycle_6ccb5e6e76_super32k_v3,retrain_each_cycle,6.374217
/mnt/nvme1n1/PipeANN-supersector32k-work/indexes/phaseC_cycle04_retrain_each_cycle_6ccb5e6e76_super32k_v3_disk.index,ok,32768,33,4096,3,mixed,5814.44462,16,u100,1000000.0,400,during_background,20-27,8,True,,5.814819,0,1000,1,,10000,/mnt/nvme1n1/PipeANN-supersector32k-work/indexes/phaseC_cycle04_retrain_each_cycle_6ccb5e6e76_super32k_v3,20-27,7.476646423339844,1780358382.8774805,1780358375.400026,0,16,supersector32k,page_aware_slots,3,1000000,293688,116558,1000000.0,20891.075,0.0,5337.303,0.0,469.782,20891.075,0.0,469.782,5490.503,1924227.072,98.605,116558,measure-dynamic-search,5772.637,26524.0,0.0,6140.799,487.0,26524.0,0.0,487.0,5794.0,1994752.0,6487.271,4096,measure-dynamic-search,4096,1000000,16,0,293688,171.974403,13056,293688,/mnt/nvme1n1/PipeANN-github/build_reviewed_20260602_querycache/tests/dynamic_update_suite_driver --mode measure-dynamic-search --source-prefix /mnt/nvme1n1/PipeANN-supersector32k-work/indexes/phaseC_cycle04_retrain_each_cycle_6ccb5e6e76_super32k_v3 --jsonl-output /mnt/nvme1n1/PipeANN-github/experiments/v100_background_interference_full_v5_v3raw_fixed_20260601T234715Z/tmp/during_background_0139_row0139.jsonl --insert-threads 16 --search-threads 1 --merge-threads 16 --build-l 220 --build-r 116 --beamwidth 8 --k 10 --cpu-cap 8 --metric l2 --route graph --search-l 400 --data-bin experiments/v100_pq_drift_1m_baseline_20260601T043217Z/data/phaseC_cycle04_live_data_by_tag.bin --base-label-file experiments/v100_pq_drift_1m_baseline_20260601T043217Z/labels/base_labels_1000000.spmat --query-bin /mnt/nvme1n1/PipeANN-github/experiments/r116_suite_pq16_aris_20260520_072453/data/sift_query_1000.bin --truthset-bin experiments/v100_pq_drift_1m_baseline_20260601T043217Z/truth/phaseC_cycle04_range_u100.bin --query-label-file /mnt/nvme1n1/PipeANN-github/experiments/r116_suite_pq16_aris_20260520_072453/labels/query_1000_range_u100.spmat --selector-type range --query-limit 1000,98.42,139,graph,293688,280632,400,range,True,u100,supersector32k,True,page_aware_slots,3,4096,4096,/mnt/nvme1n1/PipeANN-supersector32k-work/indexes/phaseC_cycle04_retrain_each_cycle_6ccb5e6e76_super32k_v3,True,graph,139,True,400,range,/mnt/nvme1n1/PipeANN-github/experiments/v100_pq_drift_1m_baseline_20260601T043217Z/indexes/phaseC_cycle04_retrain_each_cycle,/mnt/nvme1n1/PipeANN-supersector32k-work/indexes/phaseC_cycle04_retrain_each_cycle_6ccb5e6e76_super32k_v3,retrain_each_cycle,ok,116558,1,0,/mnt/nvme1n1/PipeANN-github/experiments/v100_pq_drift_1m_baseline_20260601T043217Z/indexes/phaseC_cycle04_retrain_each_cycle,/mnt/nvme1n1/PipeANN-supersector32k-work/indexes/phaseC_cycle04_retrain_each_cycle_6ccb5e6e76_super32k_v3,retrain_each_cycle,5.814819
/mnt/nvme1n1/PipeANN-supersector32k-work/indexes/phaseC_cycle04_no_retrain_after_insert_045f1282cd_super32k_v3_disk.index,ok,32768,33,4096,3,prefilter,220.825345,16,u1e-03,1000.0,100,during_background,20-27,8,True,,0.220984,0,0,1,,10000,/mnt/nvme1n1/PipeANN-supersector32k-work/indexes/phaseC_cycle04_no_retrain_after_insert_045f1282cd_super32k_v3,20-27,2.483858346939087,1780358385.3695247,1780358382.8848474,0,16,supersector32k,page_aware_slots,3,1000000,285736,98030,1000.0,0.0,0.0,0.0,0.0,117.308,1000.0,0.0,117.308,217.809,480493.568,53.669,98030,measure-dynamic-search,215.625,0.0,0.0,249.643,122.0,1000.0,0.0,122.0,247.0,499712.0,267.109,4096,measure-dynamic-search,4096,1000000,16,1000,285736,4525.218673,1312,285736,/mnt/nvme1n1/PipeANN-github/build_reviewed_20260602_querycache/tests/dynamic_update_suite_driver --mode measure-dynamic-search --source-prefix /mnt/nvme1n1/PipeANN-supersector32k-work/indexes/phaseC_cycle04_no_retrain_after_insert_045f1282cd_super32k_v3 --jsonl-output /mnt/nvme1n1/PipeANN-github/experiments/v100_background_interference_full_v5_v3raw_fixed_20260601T234715Z/tmp/during_background_0140_row0140.jsonl --insert-threads 16 --search-threads 1 --merge-threads 16 --build-l 220 --build-r 116 --beamwidth 4 --k 10 --cpu-cap 8 --metric l2 --route prefilter --search-l 100 --data-bin experiments/v100_pq_drift_1m_baseline_20260601T043217Z/data/phaseC_cycle04_live_data_by_tag.bin --base-label-file experiments/v100_pq_drift_1m_baseline_20260601T043217Z/labels/base_labels_1000000.spmat --query-bin /mnt/nvme1n1/PipeANN-github/experiments/r116_suite_pq16_aris_20260520_072453/data/sift_query_1000.bin --truthset-bin experiments/v100_pq_drift_1m_baseline_20260601T043217Z/truth/phaseC_cycle04_intersect_u1e-03.bin --query-label-file /mnt/nvme1n1/PipeANN-github/experiments/r116_suite_pq16_aris_20260520_072453/labels/query_1000_u1e-03.spmat --selector-type intersect --query-limit 1000,99.99,140,prefilter,285736,284424,100,intersect,True,u1e-03,supersector32k,True,page_aware_slots,3,4096,4096,/mnt/nvme1n1/PipeANN-supersector32k-work/indexes/phaseC_cycle04_no_retrain_after_insert_045f1282cd_super32k_v3,True,prefilter,140,True,100,intersect,/mnt/nvme1n1/PipeANN-github/experiments/v100_pq_drift_1m_baseline_20260601T043217Z/indexes/phaseC_cycle04_no_retrain_after_insert,/mnt/nvme1n1/PipeANN-supersector32k-work/indexes/phaseC_cycle04_no_retrain_after_insert_045f1282cd_super32k_v3,no_retrain_across_cycles,ok,98030,1,0,/mnt/nvme1n1/PipeANN-github/experiments/v100_pq_drift_1m_baseline_20260601T043217Z/indexes/phaseC_cycle04_no_retrain_after_insert,/mnt/nvme1n1/PipeANN-supersector32k-work/indexes/phaseC_cycle04_no_retrain_after_insert_045f1282cd_super32k_v3,no_retrain_across_cycles,0.220984
/mnt/nvme1n1/PipeANN-supersector32k-work/indexes/phaseC_cycle04_no_retrain_after_insert_045f1282cd_super32k_v3_disk.index,ok,32768,33,4096,3,prefilter,299.868908,16,u3e-03,3000.0,75,during_background,20-27,8,True,,0.300028,0,0,1,,10000,/mnt/nvme1n1/PipeANN-supersector32k-work/indexes/phaseC_cycle04_no_retrain_after_insert_045f1282cd_super32k_v3,20-27,2.6107850074768066,1780358387.9884665,1780358385.3768597,0,16,supersector32k,page_aware_slots,3,1000000,285748,98030,3000.0,0.0,0.0,0.0,0.0,112.03,3000.0,0.0,112.03,296.643,458874.88,81.254,98030,measure-dynamic-search,298.62,0.0,0.0,330.724,118.0,3000.0,0.0,118.0,327.0,483328.0,361.418,4096,measure-dynamic-search,4096,1000000,16,1000,285748,3333.017441,1376,285748,/mnt/nvme1n1/PipeANN-github/build_reviewed_20260602_querycache/tests/dynamic_update_suite_driver --mode measure-dynamic-search --source-prefix /mnt/nvme1n1/PipeANN-supersector32k-work/indexes/phaseC_cycle04_no_retrain_after_insert_045f1282cd_super32k_v3 --jsonl-output /mnt/nvme1n1/PipeANN-github/experiments/v100_background_interference_full_v5_v3raw_fixed_20260601T234715Z/tmp/during_background_0141_row0141.jsonl --insert-threads 16 --search-threads 1 --merge-threads 16 --build-l 220 --build-r 116 --beamwidth 4 --k 10 --cpu-cap 8 --metric l2 --route prefilter --search-l 75 --data-bin experiments/v100_pq_drift_1m_baseline_20260601T043217Z/data/phaseC_cycle04_live_data_by_tag.bin --base-label-file experiments/v100_pq_drift_1m_baseline_20260601T043217Z/labels/base_labels_1000000.spmat --query-bin /mnt/nvme1n1/PipeANN-github/experiments/r116_suite_pq16_aris_20260520_072453/data/sift_query_1000.bin --truthset-bin experiments/v100_pq_drift_1m_baseline_20260601T043217Z/truth/phaseC_cycle04_intersect_u3e-03.bin --query-label-file /mnt/nvme1n1/PipeANN-github/experiments/r116_suite_pq16_aris_20260520_072453/labels/query_1000_u3e-03.spmat --selector-type intersect --query-limit 1000,99.76,141,prefilter,285748,284372,75,intersect,True,u3e-03,supersector32k,True,page_aware_slots,3,4096,4096,/mnt/nvme1n1/PipeANN-supersector32k-work/indexes/phaseC_cycle04_no_retrain_after_insert_045f1282cd_super32k_v3,True,prefilter,141,True,75,intersect,/mnt/nvme1n1/PipeANN-github/experiments/v100_pq_drift_1m_baseline_20260601T043217Z/indexes/phaseC_cycle04_no_retrain_after_insert,/mnt/nvme1n1/PipeANN-supersector32k-work/indexes/phaseC_cycle04_no_retrain_after_insert_045f1282cd_super32k_v3,no_retrain_across_cycles,ok,98030,1,0,/mnt/nvme1n1/PipeANN-github/experiments/v100_pq_drift_1m_baseline_20260601T043217Z/indexes/phaseC_cycle04_no_retrain_after_insert,/mnt/nvme1n1/PipeANN-supersector32k-work/indexes/phaseC_cycle04_no_retrain_after_insert_045f1282cd_super32k_v3,no_retrain_across_cycles,0.300028
/mnt/nvme1n1/PipeANN-supersector32k-work/indexes/phaseC_cycle04_no_retrain_after_insert_045f1282cd_super32k_v3_disk.index,ok,32768,33,4096,3,prefilter,604.630798,16,u1e-02,10000.0,100,during_background,20-27,8,True,,0.604837,0,0,1,,10000,/mnt/nvme1n1/PipeANN-supersector32k-work/indexes/phaseC_cycle04_no_retrain_after_insert_045f1282cd_super32k_v3,20-27,2.760463237762451,1780358390.756729,1780358387.9954636,0,16,supersector32k,page_aware_slots,3,1000000,285732,98030,10000.0,0.0,0.0,0.0,0.0,147.833,10000.0,0.0,147.833,601.27,605523.968,162.382,98030,measure-dynamic-search,601.623,0.0,0.0,645.727,155.0,10000.0,0.0,155.0,642.0,634880.0,698.372,4096,measure-dynamic-search,4096,1000000,16,1000,285732,1653.337422,1376,285732,/mnt/nvme1n1/PipeANN-github/build_reviewed_20260602_querycache/tests/dynamic_update_suite_driver --mode measure-dynamic-search --source-prefix /mnt/nvme1n1/PipeANN-supersector32k-work/indexes/phaseC_cycle04_no_retrain_after_insert_045f1282cd_super32k_v3 --jsonl-output /mnt/nvme1n1/PipeANN-github/experiments/v100_background_interference_full_v5_v3raw_fixed_20260601T234715Z/tmp/during_background_0142_row0142.jsonl --insert-threads 16 --search-threads 1 --merge-threads 16 --build-l 220 --build-r 116 --beamwidth 4 --k 10 --cpu-cap 8 --metric l2 --route prefilter --search-l 100 --data-bin experiments/v100_pq_drift_1m_baseline_20260601T043217Z/data/phaseC_cycle04_live_data_by_tag.bin --base-label-file experiments/v100_pq_drift_1m_baseline_20260601T043217Z/labels/base_labels_1000000.spmat --query-bin /mnt/nvme1n1/PipeANN-github/experiments/r116_suite_pq16_aris_20260520_072453/data/sift_query_1000.bin --truthset-bin experiments/v100_pq_drift_1m_baseline_20260601T043217Z/truth/phaseC_cycle04_intersect_u1e-02.bin --query-label-file /mnt/nvme1n1/PipeANN-github/experiments/r116_suite_pq16_aris_20260520_072453/labels/query_1000_u1e-02.spmat --selector-type intersect --query-limit 1000,99.63,142,prefilter,285732,284356,100,intersect,True,u1e-02,supersector32k,True,page_aware_slots,3,4096,4096,/mnt/nvme1n1/PipeANN-supersector32k-work/indexes/phaseC_cycle04_no_retrain_after_insert_045f1282cd_super32k_v3,True,prefilter,142,True,100,intersect,/mnt/nvme1n1/PipeANN-github/experiments/v100_pq_drift_1m_baseline_20260601T043217Z/indexes/phaseC_cycle04_no_retrain_after_insert,/mnt/nvme1n1/PipeANN-supersector32k-work/indexes/phaseC_cycle04_no_retrain_after_insert_045f1282cd_super32k_v3,no_retrain_across_cycles,ok,98030,1,0,/mnt/nvme1n1/PipeANN-github/experiments/v100_pq_drift_1m_baseline_20260601T043217Z/indexes/phaseC_cycle04_no_retrain_after_insert,/mnt/nvme1n1/PipeANN-supersector32k-work/indexes/phaseC_cycle04_no_retrain_after_insert_045f1282cd_super32k_v3,no_retrain_across_cycles,0.604837
/mnt/nvme1n1/PipeANN-supersector32k-work/indexes/phaseC_cycle04_no_retrain_after_insert_045f1282cd_super32k_v3_disk.index,ok,32768,33,4096,3,prefilter,1487.523704,16,u5e-02,50000.0,50,during_background,20-27,8,True,,1.487716,0,0,1,,10000,/mnt/nvme1n1/PipeANN-supersector32k-work/indexes/phaseC_cycle04_no_retrain_after_insert_045f1282cd_super32k_v3,20-27,3.6517462730407715,1780358394.4161482,1780358390.763611,0,16,supersector32k,page_aware_slots,3,1000000,287732,98030,50000.0,0.0,0.0,0.0,0.0,184.797,50000.0,0.0,184.797,1483.926,756928.512,268.431,98030,measure-dynamic-search,1470.768,0.0,0.0,1601.922,192.0,50000.0,0.0,192.0,1599.0,786432.0,1696.083,4096,measure-dynamic-search,4096,1000000,16,1000,287732,672.171303,1320,287732,/mnt/nvme1n1/PipeANN-github/build_reviewed_20260602_querycache/tests/dynamic_update_suite_driver --mode measure-dynamic-search --source-prefix /mnt/nvme1n1/PipeANN-supersector32k-work/indexes/phaseC_cycle04_no_retrain_after_insert_045f1282cd_super32k_v3 --jsonl-output /mnt/nvme1n1/PipeANN-github/experiments/v100_background_interference_full_v5_v3raw_fixed_20260601T234715Z/tmp/during_background_0143_row0143.jsonl --insert-threads 16 --search-threads 1 --merge-threads 16 --build-l 220 --build-r 116 --beamwidth 4 --k 10 --cpu-cap 8 --metric l2 --route prefilter --search-l 50 --data-bin experiments/v100_pq_drift_1m_baseline_20260601T043217Z/data/phaseC_cycle04_live_data_by_tag.bin --base-label-file experiments/v100_pq_drift_1m_baseline_20260601T043217Z/labels/base_labels_1000000.spmat --query-bin /mnt/nvme1n1/PipeANN-github/experiments/r116_suite_pq16_aris_20260520_072453/data/sift_query_1000.bin --truthset-bin experiments/v100_pq_drift_1m_baseline_20260601T043217Z/truth/phaseC_cycle04_intersect_u5e-02.bin --query-label-file /mnt/nvme1n1/PipeANN-github/experiments/r116_suite_pq16_aris_20260520_072453/labels/query_1000_u5e-02.spmat --selector-type intersect --query-limit 1000,99.09,143,prefilter,287732,286412,50,intersect,True,u5e-02,supersector32k,True,page_aware_slots,3,4096,4096,/mnt/nvme1n1/PipeANN-supersector32k-work/indexes/phaseC_cycle04_no_retrain_after_insert_045f1282cd_super32k_v3,True,prefilter,143,True,50,intersect,/mnt/nvme1n1/PipeANN-github/experiments/v100_pq_drift_1m_baseline_20260601T043217Z/indexes/phaseC_cycle04_no_retrain_after_insert,/mnt/nvme1n1/PipeANN-supersector32k-work/indexes/phaseC_cycle04_no_retrain_after_insert_045f1282cd_super32k_v3,no_retrain_across_cycles,ok,98030,1,0,/mnt/nvme1n1/PipeANN-github/experiments/v100_pq_drift_1m_baseline_20260601T043217Z/indexes/phaseC_cycle04_no_retrain_after_insert,/mnt/nvme1n1/PipeANN-supersector32k-work/indexes/phaseC_cycle04_no_retrain_after_insert_045f1282cd_super32k_v3,no_retrain_across_cycles,1.487716
/mnt/nvme1n1/PipeANN-supersector32k-work/indexes/phaseC_cycle04_no_retrain_after_insert_045f1282cd_super32k_v3_disk.index,ok,32768,33,4096,3,prefilter,2198.683679,16,u1e-01,100000.0,50,during_background,20-27,8,True,,2.198909,0,0,1,,10000,/mnt/nvme1n1/PipeANN-supersector32k-work/indexes/phaseC_cycle04_no_retrain_after_insert_045f1282cd_super32k_v3,20-27,4.443085193634033,1780358398.8669698,1780358394.4230623,0,16,supersector32k,page_aware_slots,3,1000000,285768,98030,100000.0,0.0,0.0,0.0,0.0,184.842,100000.0,0.0,184.842,2194.986,757112.832,293.086,98030,measure-dynamic-search,2187.736,0.0,0.0,2335.297,192.0,100000.0,0.0,192.0,2331.0,786432.0,2478.771,4096,measure-dynamic-search,4096,1000000,16,1000,285768,454.77094,1448,285768,/mnt/nvme1n1/PipeANN-github/build_reviewed_20260602_querycache/tests/dynamic_update_suite_driver --mode measure-dynamic-search --source-prefix /mnt/nvme1n1/PipeANN-supersector32k-work/indexes/phaseC_cycle04_no_retrain_after_insert_045f1282cd_super32k_v3 --jsonl-output /mnt/nvme1n1/PipeANN-github/experiments/v100_background_interference_full_v5_v3raw_fixed_20260601T234715Z/tmp/during_background_0144_row0144.jsonl --insert-threads 16 --search-threads 1 --merge-threads 16 --build-l 220 --build-r 116 --beamwidth 4 --k 10 --cpu-cap 8 --metric l2 --route prefilter --search-l 50 --data-bin experiments/v100_pq_drift_1m_baseline_20260601T043217Z/data/phaseC_cycle04_live_data_by_tag.bin --base-label-file experiments/v100_pq_drift_1m_baseline_20260601T043217Z/labels/base_labels_1000000.spmat --query-bin /mnt/nvme1n1/PipeANN-github/experiments/r116_suite_pq16_aris_20260520_072453/data/sift_query_1000.bin --truthset-bin experiments/v100_pq_drift_1m_baseline_20260601T043217Z/truth/phaseC_cycle04_intersect_u1e-01.bin --query-label-file /mnt/nvme1n1/PipeANN-github/experiments/r116_suite_pq16_aris_20260520_072453/labels/query_1000_u1e-01.spmat --selector-type intersect --query-limit 1000,98.62,144,prefilter,285768,284320,50,intersect,True,u1e-01,supersector32k,True,page_aware_slots,3,4096,4096,/mnt/nvme1n1/PipeANN-supersector32k-work/indexes/phaseC_cycle04_no_retrain_after_insert_045f1282cd_super32k_v3,True,prefilter,144,True,50,intersect,/mnt/nvme1n1/PipeANN-github/experiments/v100_pq_drift_1m_baseline_20260601T043217Z/indexes/phaseC_cycle04_no_retrain_after_insert,/mnt/nvme1n1/PipeANN-supersector32k-work/indexes/phaseC_cycle04_no_retrain_after_insert_045f1282cd_super32k_v3,no_retrain_across_cycles,ok,98030,1,0,/mnt/nvme1n1/PipeANN-github/experiments/v100_pq_drift_1m_baseline_20260601T043217Z/indexes/phaseC_cycle04_no_retrain_after_insert,/mnt/nvme1n1/PipeANN-supersector32k-work/indexes/phaseC_cycle04_no_retrain_after_insert_045f1282cd_super32k_v3,no_retrain_across_cycles,2.198909
/mnt/nvme1n1/PipeANN-supersector32k-work/indexes/phaseC_cycle04_no_retrain_after_insert_045f1282cd_super32k_v3_disk.index,ok,32768,33,4096,3,prefilter,4796.329801,16,u25,250000.0,300,during_background,20-27,8,True,,4.796872,0,0,1,,10000,/mnt/nvme1n1/PipeANN-supersector32k-work/indexes/phaseC_cycle04_no_retrain_after_insert_045f1282cd_super32k_v3,20-27,7.196667909622192,1780358406.0718732,1780358398.8743753,0,16,supersector32k,page_aware_slots,3,1000000,285828,98030,250000.0,0.0,0.0,0.0,0.0,345.383,250000.0,0.0,345.383,4790.061,1414688.768,407.756,98030,measure-dynamic-search,4776.643,0.0,0.0,5019.729,356.0,250000.0,0.0,356.0,5013.0,1458176.0,5235.728,4096,measure-dynamic-search,4096,1000000,16,1000,285828,208.469184,1260,285828,/mnt/nvme1n1/PipeANN-github/build_reviewed_20260602_querycache/tests/dynamic_update_suite_driver --mode measure-dynamic-search --source-prefix /mnt/nvme1n1/PipeANN-supersector32k-work/indexes/phaseC_cycle04_no_retrain_after_insert_045f1282cd_super32k_v3 --jsonl-output /mnt/nvme1n1/PipeANN-github/experiments/v100_background_interference_full_v5_v3raw_fixed_20260601T234715Z/tmp/during_background_0145_row0145.jsonl --insert-threads 16 --search-threads 1 --merge-threads 16 --build-l 220 --build-r 116 --beamwidth 4 --k 10 --cpu-cap 8 --metric l2 --route prefilter --search-l 300 --data-bin experiments/v100_pq_drift_1m_baseline_20260601T043217Z/data/phaseC_cycle04_live_data_by_tag.bin --base-label-file experiments/v100_pq_drift_1m_baseline_20260601T043217Z/labels/base_labels_1000000.spmat --query-bin /mnt/nvme1n1/PipeANN-github/experiments/r116_suite_pq16_aris_20260520_072453/data/sift_query_1000.bin --truthset-bin experiments/v100_pq_drift_1m_baseline_20260601T043217Z/truth/phaseC_cycle04_intersect_u25.bin --query-label-file /mnt/nvme1n1/PipeANN-github/experiments/r116_suite_pq16_aris_20260520_072453/labels/query_1000_u25.spmat --selector-type intersect --query-limit 1000,98.76,145,prefilter,285828,284568,300,intersect,True,u25,supersector32k,True,page_aware_slots,3,4096,4096,/mnt/nvme1n1/PipeANN-supersector32k-work/indexes/phaseC_cycle04_no_retrain_after_insert_045f1282cd_super32k_v3,True,prefilter,145,True,300,intersect,/mnt/nvme1n1/PipeANN-github/experiments/v100_pq_drift_1m_baseline_20260601T043217Z/indexes/phaseC_cycle04_no_retrain_after_insert,/mnt/nvme1n1/PipeANN-supersector32k-work/indexes/phaseC_cycle04_no_retrain_after_insert_045f1282cd_super32k_v3,no_retrain_across_cycles,ok,98030,1,0,/mnt/nvme1n1/PipeANN-github/experiments/v100_pq_drift_1m_baseline_20260601T043217Z/indexes/phaseC_cycle04_no_retrain_after_insert,/mnt/nvme1n1/PipeANN-supersector32k-work/indexes/phaseC_cycle04_no_retrain_after_insert_045f1282cd_super32k_v3,no_retrain_across_cycles,4.796872
/mnt/nvme1n1/PipeANN-supersector32k-work/indexes/phaseC_cycle04_no_retrain_after_insert_045f1282cd_super32k_v3_disk.index,ok,32768,33,4096,3,prefilter,5369.82859,16,u30,300000.0,250,during_background,20-27,8,True,,5.37032,0,0,1,,10000,/mnt/nvme1n1/PipeANN-supersector32k-work/indexes/phaseC_cycle04_no_retrain_after_insert_045f1282cd_super32k_v3,20-27,7.621178388595581,1780358413.7012422,1780358406.0792427,0,16,supersector32k,page_aware_slots,3,1000000,285684,98030,300000.0,0.0,0.0,0.0,0.0,287.75,300000.0,0.0,287.75,5363.062,1178624.0,455.78,98030,measure-dynamic-search,5354.126,0.0,0.0,5623.694,297.0,300000.0,0.0,297.0,5617.0,1216512.0,5880.838,4096,measure-dynamic-search,4096,1000000,16,1000,285684,186.208628,1384,285684,/mnt/nvme1n1/PipeANN-github/build_reviewed_20260602_querycache/tests/dynamic_update_suite_driver --mode measure-dynamic-search --source-prefix /mnt/nvme1n1/PipeANN-supersector32k-work/indexes/phaseC_cycle04_no_retrain_after_insert_045f1282cd_super32k_v3 --jsonl-output /mnt/nvme1n1/PipeANN-github/experiments/v100_background_interference_full_v5_v3raw_fixed_20260601T234715Z/tmp/during_background_0146_row0146.jsonl --insert-threads 16 --search-threads 1 --merge-threads 16 --build-l 220 --build-r 116 --beamwidth 4 --k 10 --cpu-cap 8 --metric l2 --route prefilter --search-l 250 --data-bin experiments/v100_pq_drift_1m_baseline_20260601T043217Z/data/phaseC_cycle04_live_data_by_tag.bin --base-label-file experiments/v100_pq_drift_1m_baseline_20260601T043217Z/labels/base_labels_1000000.spmat --query-bin /mnt/nvme1n1/PipeANN-github/experiments/r116_suite_pq16_aris_20260520_072453/data/sift_query_1000.bin --truthset-bin experiments/v100_pq_drift_1m_baseline_20260601T043217Z/truth/phaseC_cycle04_intersect_u30.bin --query-label-file /mnt/nvme1n1/PipeANN-github/experiments/r116_suite_pq16_aris_20260520_072453/labels/query_1000_u30.spmat --selector-type intersect --query-limit 1000,98.07,146,prefilter,285684,284300,250,intersect,True,u30,supersector32k,True,page_aware_slots,3,4096,4096,/mnt/nvme1n1/PipeANN-supersector32k-work/indexes/phaseC_cycle04_no_retrain_after_insert_045f1282cd_super32k_v3,True,prefilter,146,True,250,intersect,/mnt/nvme1n1/PipeANN-github/experiments/v100_pq_drift_1m_baseline_20260601T043217Z/indexes/phaseC_cycle04_no_retrain_after_insert,/mnt/nvme1n1/PipeANN-supersector32k-work/indexes/phaseC_cycle04_no_retrain_after_insert_045f1282cd_super32k_v3,no_retrain_across_cycles,ok,98030,1,0,/mnt/nvme1n1/PipeANN-github/experiments/v100_pq_drift_1m_baseline_20260601T043217Z/indexes/phaseC_cycle04_no_retrain_after_insert,/mnt/nvme1n1/PipeANN-supersector32k-work/indexes/phaseC_cycle04_no_retrain_after_insert_045f1282cd_super32k_v3,no_retrain_across_cycles,5.37032
/mnt/nvme1n1/PipeANN-supersector32k-work/indexes/phaseC_cycle04_no_retrain_after_insert_045f1282cd_super32k_v3_disk.index,ok,32768,33,4096,3,prefilter,7718.480851,16,u50,500000.0,300,during_background,20-27,8,True,,7.718983,0,0,1,,10000,/mnt/nvme1n1/PipeANN-supersector32k-work/indexes/phaseC_cycle04_no_retrain_after_insert_045f1282cd_super32k_v3,20-27,9.941141366958618,1780358423.6500766,1780358413.708192,0,16,supersector32k,page_aware_slots,3,1000000,285844,98030,500000.0,0.0,0.0,0.0,0.0,346.321,500000.0,0.0,346.321,7710.787,1418530.816,603.31,98030,measure-dynamic-search,7691.15,0.0,0.0,7984.968,357.0,500000.0,0.0,357.0,7978.0,1462272.0,8298.761,4096,measure-dynamic-search,4096,1000000,16,1000,285844,129.550743,1332,285732,/mnt/nvme1n1/PipeANN-github/build_reviewed_20260602_querycache/tests/dynamic_update_suite_driver --mode measure-dynamic-search --source-prefix /mnt/nvme1n1/PipeANN-supersector32k-work/indexes/phaseC_cycle04_no_retrain_after_insert_045f1282cd_super32k_v3 --jsonl-output /mnt/nvme1n1/PipeANN-github/experiments/v100_background_interference_full_v5_v3raw_fixed_20260601T234715Z/tmp/during_background_0147_row0147.jsonl --insert-threads 16 --search-threads 1 --merge-threads 16 --build-l 220 --build-r 116 --beamwidth 4 --k 10 --cpu-cap 8 --metric l2 --route prefilter --search-l 300 --data-bin experiments/v100_pq_drift_1m_baseline_20260601T043217Z/data/phaseC_cycle04_live_data_by_tag.bin --base-label-file experiments/v100_pq_drift_1m_baseline_20260601T043217Z/labels/base_labels_1000000.spmat --query-bin /mnt/nvme1n1/PipeANN-github/experiments/r116_suite_pq16_aris_20260520_072453/data/sift_query_1000.bin --truthset-bin experiments/v100_pq_drift_1m_baseline_20260601T043217Z/truth/phaseC_cycle04_intersect_u50.bin --query-label-file /mnt/nvme1n1/PipeANN-github/experiments/r116_suite_pq16_aris_20260520_072453/labels/query_1000_u50.spmat --selector-type intersect --query-limit 1000,98.31,147,prefilter,285732,284400,300,intersect,True,u50,supersector32k,True,page_aware_slots,3,4096,4096,/mnt/nvme1n1/PipeANN-supersector32k-work/indexes/phaseC_cycle04_no_retrain_after_insert_045f1282cd_super32k_v3,True,prefilter,147,True,300,intersect,/mnt/nvme1n1/PipeANN-github/experiments/v100_pq_drift_1m_baseline_20260601T043217Z/indexes/phaseC_cycle04_no_retrain_after_insert,/mnt/nvme1n1/PipeANN-supersector32k-work/indexes/phaseC_cycle04_no_retrain_after_insert_045f1282cd_super32k_v3,no_retrain_across_cycles,ok,98030,1,0,/mnt/nvme1n1/PipeANN-github/experiments/v100_pq_drift_1m_baseline_20260601T043217Z/indexes/phaseC_cycle04_no_retrain_after_insert,/mnt/nvme1n1/PipeANN-supersector32k-work/indexes/phaseC_cycle04_no_retrain_after_insert_045f1282cd_super32k_v3,no_retrain_across_cycles,7.718983
/mnt/nvme1n1/PipeANN-supersector32k-work/indexes/phaseC_cycle04_no_retrain_after_insert_045f1282cd_super32k_v3_disk.index,ok,32768,33,4096,3,graph,6724.177666,16,u75,750000.0,470,during_background,20-27,8,True,,6.724564,0,0,1,,10000,/mnt/nvme1n1/PipeANN-supersector32k-work/indexes/phaseC_cycle04_no_retrain_after_insert_045f1282cd_super32k_v3,20-27,8.9900643825531,1780358432.6482322,1780358423.657399,1000,16,supersector32k,page_aware_slots,3,1000000,299320,98030,750000.0,21153.514,0.0,6285.34,0.0,554.101,21153.514,0.0,554.101,6386.061,2269597.696,30.161,98030,measure-dynamic-search,6697.23,27480.0,0.0,7139.108,575.0,27480.0,0.0,575.0,6793.0,2355200.0,7562.168,4096,measure-dynamic-search,4096,1000000,16,0,299320,148.708526,14796,299320,/mnt/nvme1n1/PipeANN-github/build_reviewed_20260602_querycache/tests/dynamic_update_suite_driver --mode measure-dynamic-search --source-prefix /mnt/nvme1n1/PipeANN-supersector32k-work/indexes/phaseC_cycle04_no_retrain_after_insert_045f1282cd_super32k_v3 --jsonl-output /mnt/nvme1n1/PipeANN-github/experiments/v100_background_interference_full_v5_v3raw_fixed_20260601T234715Z/tmp/during_background_0148_row0148.jsonl --insert-threads 16 --search-threads 1 --merge-threads 16 --build-l 220 --build-r 116 --beamwidth 8 --k 10 --cpu-cap 8 --metric l2 --route graph --search-l 470 --data-bin experiments/v100_pq_drift_1m_baseline_20260601T043217Z/data/phaseC_cycle04_live_data_by_tag.bin --base-label-file experiments/v100_pq_drift_1m_baseline_20260601T043217Z/labels/base_labels_1000000.spmat --query-bin /mnt/nvme1n1/PipeANN-github/experiments/r116_suite_pq16_aris_20260520_072453/data/sift_query_1000.bin --truthset-bin experiments/v100_pq_drift_1m_baseline_20260601T043217Z/truth/phaseC_cycle04_intersect_u75.bin --query-label-file /mnt/nvme1n1/PipeANN-github/experiments/r116_suite_pq16_aris_20260520_072453/labels/query_1000_u75.spmat --selector-type intersect --query-limit 1000,98.08,148,graph,299320,284524,470,intersect,True,u75,supersector32k,True,page_aware_slots,3,4096,4096,/mnt/nvme1n1/PipeANN-supersector32k-work/indexes/phaseC_cycle04_no_retrain_after_insert_045f1282cd_super32k_v3,True,graph,148,True,470,intersect,/mnt/nvme1n1/PipeANN-github/experiments/v100_pq_drift_1m_baseline_20260601T043217Z/indexes/phaseC_cycle04_no_retrain_after_insert,/mnt/nvme1n1/PipeANN-supersector32k-work/indexes/phaseC_cycle04_no_retrain_after_insert_045f1282cd_super32k_v3,no_retrain_across_cycles,ok,98030,1,0,/mnt/nvme1n1/PipeANN-github/experiments/v100_pq_drift_1m_baseline_20260601T043217Z/indexes/phaseC_cycle04_no_retrain_after_insert,/mnt/nvme1n1/PipeANN-supersector32k-work/indexes/phaseC_cycle04_no_retrain_after_insert_045f1282cd_super32k_v3,no_retrain_across_cycles,6.724564
/mnt/nvme1n1/PipeANN-supersector32k-work/indexes/phaseC_cycle04_no_retrain_after_insert_045f1282cd_super32k_v3_disk.index,ok,32768,33,4096,3,graph,5769.831965,16,u100,1000000.0,400,during_background,20-27,8,True,,5.770099,0,0,1,,10000,/mnt/nvme1n1/PipeANN-supersector32k-work/indexes/phaseC_cycle04_no_retrain_after_insert_045f1282cd_super32k_v3,20-27,8.039134979248047,1780358440.695675,1780358432.655706,1000,16,supersector32k,page_aware_slots,3,1000000,299124,98030,1000000.0,18939.236,0.0,5374.299,0.0,475.106,18939.236,0.0,475.106,5460.43,1946034.176,19.494,98030,measure-dynamic-search,5748.597,24560.0,0.0,6205.798,496.0,24560.0,0.0,496.0,5861.0,2031616.0,6553.136,4096,measure-dynamic-search,4096,1000000,16,0,299124,173.307249,14856,299124,/mnt/nvme1n1/PipeANN-github/build_reviewed_20260602_querycache/tests/dynamic_update_suite_driver --mode measure-dynamic-search --source-prefix /mnt/nvme1n1/PipeANN-supersector32k-work/indexes/phaseC_cycle04_no_retrain_after_insert_045f1282cd_super32k_v3 --jsonl-output /mnt/nvme1n1/PipeANN-github/experiments/v100_background_interference_full_v5_v3raw_fixed_20260601T234715Z/tmp/during_background_0149_row0149.jsonl --insert-threads 16 --search-threads 1 --merge-threads 16 --build-l 220 --build-r 116 --beamwidth 8 --k 10 --cpu-cap 8 --metric l2 --route graph --search-l 400 --data-bin experiments/v100_pq_drift_1m_baseline_20260601T043217Z/data/phaseC_cycle04_live_data_by_tag.bin --base-label-file experiments/v100_pq_drift_1m_baseline_20260601T043217Z/labels/base_labels_1000000.spmat --query-bin /mnt/nvme1n1/PipeANN-github/experiments/r116_suite_pq16_aris_20260520_072453/data/sift_query_1000.bin --truthset-bin experiments/v100_pq_drift_1m_baseline_20260601T043217Z/truth/phaseC_cycle04_intersect_u100.bin --query-label-file /mnt/nvme1n1/PipeANN-github/experiments/r116_suite_pq16_aris_20260520_072453/labels/query_1000_u100.spmat --selector-type intersect --query-limit 1000,98.22,149,graph,299124,284268,400,intersect,True,u100,supersector32k,True,page_aware_slots,3,4096,4096,/mnt/nvme1n1/PipeANN-supersector32k-work/indexes/phaseC_cycle04_no_retrain_after_insert_045f1282cd_super32k_v3,True,graph,149,True,400,intersect,/mnt/nvme1n1/PipeANN-github/experiments/v100_pq_drift_1m_baseline_20260601T043217Z/indexes/phaseC_cycle04_no_retrain_after_insert,/mnt/nvme1n1/PipeANN-supersector32k-work/indexes/phaseC_cycle04_no_retrain_after_insert_045f1282cd_super32k_v3,no_retrain_across_cycles,ok,98030,1,0,/mnt/nvme1n1/PipeANN-github/experiments/v100_pq_drift_1m_baseline_20260601T043217Z/indexes/phaseC_cycle04_no_retrain_after_insert,/mnt/nvme1n1/PipeANN-supersector32k-work/indexes/phaseC_cycle04_no_retrain_after_insert_045f1282cd_super32k_v3,no_retrain_across_cycles,5.770099
/mnt/nvme1n1/PipeANN-supersector32k-work/indexes/phaseC_cycle04_no_retrain_after_insert_045f1282cd_super32k_v3_disk.index,ok,32768,33,4096,3,prefilter,208.417162,16,u1e-03,1000.0,50,during_background,20-27,8,True,,0.208561,0,0,1,,10000,/mnt/nvme1n1/PipeANN-supersector32k-work/indexes/phaseC_cycle04_no_retrain_after_insert_045f1282cd_super32k_v3,20-27,2.3699164390563965,1780358443.0738242,1780358440.7030933,0,16,supersector32k,page_aware_slots,3,1000000,285712,98030,1000.0,0.0,0.0,0.0,0.0,112.658,1000.0,0.0,112.658,205.533,461447.168,53.686,98030,measure-dynamic-search,204.905,0.0,0.0,232.115,117.0,1000.0,0.0,117.0,229.0,479232.0,252.733,4096,measure-dynamic-search,4096,1000000,16,1000,285712,4794.771045,1332,285712,/mnt/nvme1n1/PipeANN-github/build_reviewed_20260602_querycache/tests/dynamic_update_suite_driver --mode measure-dynamic-search --source-prefix /mnt/nvme1n1/PipeANN-supersector32k-work/indexes/phaseC_cycle04_no_retrain_after_insert_045f1282cd_super32k_v3 --jsonl-output /mnt/nvme1n1/PipeANN-github/experiments/v100_background_interference_full_v5_v3raw_fixed_20260601T234715Z/tmp/during_background_0150_row0150.jsonl --insert-threads 16 --search-threads 1 --merge-threads 16 --build-l 220 --build-r 116 --beamwidth 4 --k 10 --cpu-cap 8 --metric l2 --route prefilter --search-l 50 --data-bin experiments/v100_pq_drift_1m_baseline_20260601T043217Z/data/phaseC_cycle04_live_data_by_tag.bin --base-label-file experiments/v100_pq_drift_1m_baseline_20260601T043217Z/labels/base_labels_1000000.spmat --query-bin /mnt/nvme1n1/PipeANN-github/experiments/r116_suite_pq16_aris_20260520_072453/data/sift_query_1000.bin --truthset-bin experiments/v100_pq_drift_1m_baseline_20260601T043217Z/truth/phaseC_cycle04_range_u1e-03.bin --query-label-file /mnt/nvme1n1/PipeANN-github/experiments/r116_suite_pq16_aris_20260520_072453/labels/query_1000_range_u1e-03.spmat --selector-type range --query-limit 1000,99.99,150,prefilter,285712,284380,50,range,True,u1e-03,supersector32k,True,page_aware_slots,3,4096,4096,/mnt/nvme1n1/PipeANN-supersector32k-work/indexes/phaseC_cycle04_no_retrain_after_insert_045f1282cd_super32k_v3,True,prefilter,150,True,50,range,/mnt/nvme1n1/PipeANN-github/experiments/v100_pq_drift_1m_baseline_20260601T043217Z/indexes/phaseC_cycle04_no_retrain_after_insert,/mnt/nvme1n1/PipeANN-supersector32k-work/indexes/phaseC_cycle04_no_retrain_after_insert_045f1282cd_super32k_v3,no_retrain_across_cycles,ok,98030,1,0,/mnt/nvme1n1/PipeANN-github/experiments/v100_pq_drift_1m_baseline_20260601T043217Z/indexes/phaseC_cycle04_no_retrain_after_insert,/mnt/nvme1n1/PipeANN-supersector32k-work/indexes/phaseC_cycle04_no_retrain_after_insert_045f1282cd_super32k_v3,no_retrain_across_cycles,0.208561
/mnt/nvme1n1/PipeANN-supersector32k-work/indexes/phaseC_cycle04_no_retrain_after_insert_045f1282cd_super32k_v3_disk.index,ok,32768,33,4096,3,prefilter,312.665148,16,u3e-03,3000.0,50,during_background,20-27,8,True,,0.31283,0,0,1,,10000,/mnt/nvme1n1/PipeANN-supersector32k-work/indexes/phaseC_cycle04_no_retrain_after_insert_045f1282cd_super32k_v3,20-27,2.485588788986206,1780358445.567584,1780358443.0812137,0,16,supersector32k,page_aware_slots,3,1000000,285760,98030,3000.0,0.0,0.0,0.0,0.0,112.03,3000.0,0.0,112.03,309.257,458874.88,92.568,98030,measure-dynamic-search,305.283,0.0,0.0,350.725,118.0,3000.0,0.0,118.0,347.0,483328.0,372.701,4096,measure-dynamic-search,4096,1000000,16,1000,285760,3196.626603,1312,285760,/mnt/nvme1n1/PipeANN-github/build_reviewed_20260602_querycache/tests/dynamic_update_suite_driver --mode measure-dynamic-search --source-prefix /mnt/nvme1n1/PipeANN-supersector32k-work/indexes/phaseC_cycle04_no_retrain_after_insert_045f1282cd_super32k_v3 --jsonl-output /mnt/nvme1n1/PipeANN-github/experiments/v100_background_interference_full_v5_v3raw_fixed_20260601T234715Z/tmp/during_background_0151_row0151.jsonl --insert-threads 16 --search-threads 1 --merge-threads 16 --build-l 220 --build-r 116 --beamwidth 4 --k 10 --cpu-cap 8 --metric l2 --route prefilter --search-l 50 --data-bin experiments/v100_pq_drift_1m_baseline_20260601T043217Z/data/phaseC_cycle04_live_data_by_tag.bin --base-label-file experiments/v100_pq_drift_1m_baseline_20260601T043217Z/labels/base_labels_1000000.spmat --query-bin /mnt/nvme1n1/PipeANN-github/experiments/r116_suite_pq16_aris_20260520_072453/data/sift_query_1000.bin --truthset-bin experiments/v100_pq_drift_1m_baseline_20260601T043217Z/truth/phaseC_cycle04_range_u3e-03.bin --query-label-file /mnt/nvme1n1/PipeANN-github/experiments/r116_suite_pq16_aris_20260520_072453/labels/query_1000_range_u3e-03.spmat --selector-type range --query-limit 1000,99.76,151,prefilter,285760,284448,50,range,True,u3e-03,supersector32k,True,page_aware_slots,3,4096,4096,/mnt/nvme1n1/PipeANN-supersector32k-work/indexes/phaseC_cycle04_no_retrain_after_insert_045f1282cd_super32k_v3,True,prefilter,151,True,50,range,/mnt/nvme1n1/PipeANN-github/experiments/v100_pq_drift_1m_baseline_20260601T043217Z/indexes/phaseC_cycle04_no_retrain_after_insert,/mnt/nvme1n1/PipeANN-supersector32k-work/indexes/phaseC_cycle04_no_retrain_after_insert_045f1282cd_super32k_v3,no_retrain_across_cycles,ok,98030,1,0,/mnt/nvme1n1/PipeANN-github/experiments/v100_pq_drift_1m_baseline_20260601T043217Z/indexes/phaseC_cycle04_no_retrain_after_insert,/mnt/nvme1n1/PipeANN-supersector32k-work/indexes/phaseC_cycle04_no_retrain_after_insert_045f1282cd_super32k_v3,no_retrain_across_cycles,0.31283
/mnt/nvme1n1/PipeANN-supersector32k-work/indexes/phaseC_cycle04_no_retrain_after_insert_045f1282cd_super32k_v3_disk.index,ok,32768,33,4096,3,prefilter,589.811774,16,u1e-02,10000.0,50,during_background,20-27,8,True,,0.589989,0,0,1,,10000,/mnt/nvme1n1/PipeANN-supersector32k-work/indexes/phaseC_cycle04_no_retrain_after_insert_045f1282cd_super32k_v3,20-27,2.7255470752716064,1780358448.300887,1780358445.5745394,0,16,supersector32k,page_aware_slots,3,1000000,285636,98030,10000.0,0.0,0.0,0.0,0.0,147.833,10000.0,0.0,147.833,586.422,605523.968,174.888,98030,measure-dynamic-search,586.237,0.0,0.0,635.026,155.0,10000.0,0.0,155.0,632.0,634880.0,671.695,4096,measure-dynamic-search,4096,1000000,16,1000,285636,1694.947108,1248,285636,/mnt/nvme1n1/PipeANN-github/build_reviewed_20260602_querycache/tests/dynamic_update_suite_driver --mode measure-dynamic-search --source-prefix /mnt/nvme1n1/PipeANN-supersector32k-work/indexes/phaseC_cycle04_no_retrain_after_insert_045f1282cd_super32k_v3 --jsonl-output /mnt/nvme1n1/PipeANN-github/experiments/v100_background_interference_full_v5_v3raw_fixed_20260601T234715Z/tmp/during_background_0152_row0152.jsonl --insert-threads 16 --search-threads 1 --merge-threads 16 --build-l 220 --build-r 116 --beamwidth 4 --k 10 --cpu-cap 8 --metric l2 --route prefilter --search-l 50 --data-bin experiments/v100_pq_drift_1m_baseline_20260601T043217Z/data/phaseC_cycle04_live_data_by_tag.bin --base-label-file experiments/v100_pq_drift_1m_baseline_20260601T043217Z/labels/base_labels_1000000.spmat --query-bin /mnt/nvme1n1/PipeANN-github/experiments/r116_suite_pq16_aris_20260520_072453/data/sift_query_1000.bin --truthset-bin experiments/v100_pq_drift_1m_baseline_20260601T043217Z/truth/phaseC_cycle04_range_u1e-02.bin --query-label-file /mnt/nvme1n1/PipeANN-github/experiments/r116_suite_pq16_aris_20260520_072453/labels/query_1000_range_u1e-02.spmat --selector-type range --query-limit 1000,99.63,152,prefilter,285636,284388,50,range,True,u1e-02,supersector32k,True,page_aware_slots,3,4096,4096,/mnt/nvme1n1/PipeANN-supersector32k-work/indexes/phaseC_cycle04_no_retrain_after_insert_045f1282cd_super32k_v3,True,prefilter,152,True,50,range,/mnt/nvme1n1/PipeANN-github/experiments/v100_pq_drift_1m_baseline_20260601T043217Z/indexes/phaseC_cycle04_no_retrain_after_insert,/mnt/nvme1n1/PipeANN-supersector32k-work/indexes/phaseC_cycle04_no_retrain_after_insert_045f1282cd_super32k_v3,no_retrain_across_cycles,ok,98030,1,0,/mnt/nvme1n1/PipeANN-github/experiments/v100_pq_drift_1m_baseline_20260601T043217Z/indexes/phaseC_cycle04_no_retrain_after_insert,/mnt/nvme1n1/PipeANN-supersector32k-work/indexes/phaseC_cycle04_no_retrain_after_insert_045f1282cd_super32k_v3,no_retrain_across_cycles,0.589989
/mnt/nvme1n1/PipeANN-supersector32k-work/indexes/phaseC_cycle04_no_retrain_after_insert_045f1282cd_super32k_v3_disk.index,ok,32768,33,4096,3,prefilter,1539.169523,16,u5e-02,50000.0,50,during_background,20-27,8,True,,1.539402,0,0,1,,10000,/mnt/nvme1n1/PipeANN-supersector32k-work/indexes/phaseC_cycle04_no_retrain_after_insert_045f1282cd_super32k_v3,20-27,3.909910202026367,1780358452.2189906,1780358448.3082697,0,16,supersector32k,page_aware_slots,3,1000000,285600,98030,50000.0,0.0,0.0,0.0,0.0,184.797,50000.0,0.0,184.797,1535.441,756928.512,276.135,98030,measure-dynamic-search,1526.582,0.0,0.0,1633.823,192.0,50000.0,0.0,192.0,1630.0,786432.0,1715.423,4096,measure-dynamic-search,4096,1000000,16,1000,285600,649.603044,1256,285600,/mnt/nvme1n1/PipeANN-github/build_reviewed_20260602_querycache/tests/dynamic_update_suite_driver --mode measure-dynamic-search --source-prefix /mnt/nvme1n1/PipeANN-supersector32k-work/indexes/phaseC_cycle04_no_retrain_after_insert_045f1282cd_super32k_v3 --jsonl-output /mnt/nvme1n1/PipeANN-github/experiments/v100_background_interference_full_v5_v3raw_fixed_20260601T234715Z/tmp/during_background_0153_row0153.jsonl --insert-threads 16 --search-threads 1 --merge-threads 16 --build-l 220 --build-r 116 --beamwidth 4 --k 10 --cpu-cap 8 --metric l2 --route prefilter --search-l 50 --data-bin experiments/v100_pq_drift_1m_baseline_20260601T043217Z/data/phaseC_cycle04_live_data_by_tag.bin --base-label-file experiments/v100_pq_drift_1m_baseline_20260601T043217Z/labels/base_labels_1000000.spmat --query-bin /mnt/nvme1n1/PipeANN-github/experiments/r116_suite_pq16_aris_20260520_072453/data/sift_query_1000.bin --truthset-bin experiments/v100_pq_drift_1m_baseline_20260601T043217Z/truth/phaseC_cycle04_range_u5e-02.bin --query-label-file /mnt/nvme1n1/PipeANN-github/experiments/r116_suite_pq16_aris_20260520_072453/labels/query_1000_range_u5e-02.spmat --selector-type range --query-limit 1000,99.09,153,prefilter,285600,284344,50,range,True,u5e-02,supersector32k,True,page_aware_slots,3,4096,4096,/mnt/nvme1n1/PipeANN-supersector32k-work/indexes/phaseC_cycle04_no_retrain_after_insert_045f1282cd_super32k_v3,True,prefilter,153,True,50,range,/mnt/nvme1n1/PipeANN-github/experiments/v100_pq_drift_1m_baseline_20260601T043217Z/indexes/phaseC_cycle04_no_retrain_after_insert,/mnt/nvme1n1/PipeANN-supersector32k-work/indexes/phaseC_cycle04_no_retrain_after_insert_045f1282cd_super32k_v3,no_retrain_across_cycles,ok,98030,1,0,/mnt/nvme1n1/PipeANN-github/experiments/v100_pq_drift_1m_baseline_20260601T043217Z/indexes/phaseC_cycle04_no_retrain_after_insert,/mnt/nvme1n1/PipeANN-supersector32k-work/indexes/phaseC_cycle04_no_retrain_after_insert_045f1282cd_super32k_v3,no_retrain_across_cycles,1.539402
/mnt/nvme1n1/PipeANN-supersector32k-work/indexes/phaseC_cycle04_no_retrain_after_insert_045f1282cd_super32k_v3_disk.index,ok,32768,33,4096,3,prefilter,2232.703478,16,u1e-01,100000.0,100,during_background,20-27,8,True,,2.232994,0,0,1,,10000,/mnt/nvme1n1/PipeANN-supersector32k-work/indexes/phaseC_cycle04_no_retrain_after_insert_045f1282cd_super32k_v3,20-27,4.481711149215698,1780358456.7085626,1780358452.2260711,0,16,supersector32k,page_aware_slots,3,1000000,285848,98030,100000.0,0.0,0.0,0.0,0.0,184.842,100000.0,0.0,184.842,2228.785,757112.832,315.141,98030,measure-dynamic-search,2224.728,0.0,0.0,2388.474,192.0,100000.0,0.0,192.0,2385.0,786432.0,2549.978,4096,measure-dynamic-search,4096,1000000,16,1000,285848,447.829314,1448,285848,/mnt/nvme1n1/PipeANN-github/build_reviewed_20260602_querycache/tests/dynamic_update_suite_driver --mode measure-dynamic-search --source-prefix /mnt/nvme1n1/PipeANN-supersector32k-work/indexes/phaseC_cycle04_no_retrain_after_insert_045f1282cd_super32k_v3 --jsonl-output /mnt/nvme1n1/PipeANN-github/experiments/v100_background_interference_full_v5_v3raw_fixed_20260601T234715Z/tmp/during_background_0154_row0154.jsonl --insert-threads 16 --search-threads 1 --merge-threads 16 --build-l 220 --build-r 116 --beamwidth 4 --k 10 --cpu-cap 8 --metric l2 --route prefilter --search-l 100 --data-bin experiments/v100_pq_drift_1m_baseline_20260601T043217Z/data/phaseC_cycle04_live_data_by_tag.bin --base-label-file experiments/v100_pq_drift_1m_baseline_20260601T043217Z/labels/base_labels_1000000.spmat --query-bin /mnt/nvme1n1/PipeANN-github/experiments/r116_suite_pq16_aris_20260520_072453/data/sift_query_1000.bin --truthset-bin experiments/v100_pq_drift_1m_baseline_20260601T043217Z/truth/phaseC_cycle04_range_u1e-01.bin --query-label-file /mnt/nvme1n1/PipeANN-github/experiments/r116_suite_pq16_aris_20260520_072453/labels/query_1000_range_u1e-01.spmat --selector-type range --query-limit 1000,98.62,154,prefilter,285848,284400,100,range,True,u1e-01,supersector32k,True,page_aware_slots,3,4096,4096,/mnt/nvme1n1/PipeANN-supersector32k-work/indexes/phaseC_cycle04_no_retrain_after_insert_045f1282cd_super32k_v3,True,prefilter,154,True,100,range,/mnt/nvme1n1/PipeANN-github/experiments/v100_pq_drift_1m_baseline_20260601T043217Z/indexes/phaseC_cycle04_no_retrain_after_insert,/mnt/nvme1n1/PipeANN-supersector32k-work/indexes/phaseC_cycle04_no_retrain_after_insert_045f1282cd_super32k_v3,no_retrain_across_cycles,ok,98030,1,0,/mnt/nvme1n1/PipeANN-github/experiments/v100_pq_drift_1m_baseline_20260601T043217Z/indexes/phaseC_cycle04_no_retrain_after_insert,/mnt/nvme1n1/PipeANN-supersector32k-work/indexes/phaseC_cycle04_no_retrain_after_insert_045f1282cd_super32k_v3,no_retrain_across_cycles,2.232994
/mnt/nvme1n1/PipeANN-supersector32k-work/indexes/phaseC_cycle04_no_retrain_after_insert_045f1282cd_super32k_v3_disk.index,ok,32768,33,4096,3,prefilter,4524.182401,16,u25,250000.0,250,during_background,20-27,8,True,,4.524573,0,0,1,,10000,/mnt/nvme1n1/PipeANN-supersector32k-work/indexes/phaseC_cycle04_no_retrain_after_insert_045f1282cd_super32k_v3,20-27,6.6775572299957275,1780358463.3942595,1780358456.7159066,0,16,supersector32k,page_aware_slots,3,1000000,285856,98030,250000.0,0.0,0.0,0.0,0.0,287.808,250000.0,0.0,287.808,4519.077,1178861.568,457.746,98030,measure-dynamic-search,4456.691,0.0,0.0,4879.736,297.0,250000.0,0.0,297.0,4875.0,1216512.0,5207.904,4096,measure-dynamic-search,4096,1000000,16,1000,285856,221.015329,1384,285856,/mnt/nvme1n1/PipeANN-github/build_reviewed_20260602_querycache/tests/dynamic_update_suite_driver --mode measure-dynamic-search --source-prefix /mnt/nvme1n1/PipeANN-supersector32k-work/indexes/phaseC_cycle04_no_retrain_after_insert_045f1282cd_super32k_v3 --jsonl-output /mnt/nvme1n1/PipeANN-github/experiments/v100_background_interference_full_v5_v3raw_fixed_20260601T234715Z/tmp/during_background_0155_row0155.jsonl --insert-threads 16 --search-threads 1 --merge-threads 16 --build-l 220 --build-r 116 --beamwidth 4 --k 10 --cpu-cap 8 --metric l2 --route prefilter --search-l 250 --data-bin experiments/v100_pq_drift_1m_baseline_20260601T043217Z/data/phaseC_cycle04_live_data_by_tag.bin --base-label-file experiments/v100_pq_drift_1m_baseline_20260601T043217Z/labels/base_labels_1000000.spmat --query-bin /mnt/nvme1n1/PipeANN-github/experiments/r116_suite_pq16_aris_20260520_072453/data/sift_query_1000.bin --truthset-bin experiments/v100_pq_drift_1m_baseline_20260601T043217Z/truth/phaseC_cycle04_range_u25.bin --query-label-file /mnt/nvme1n1/PipeANN-github/experiments/r116_suite_pq16_aris_20260520_072453/labels/query_1000_range_u25.spmat --selector-type range --query-limit 1000,98.25,155,prefilter,285856,284472,250,range,True,u25,supersector32k,True,page_aware_slots,3,4096,4096,/mnt/nvme1n1/PipeANN-supersector32k-work/indexes/phaseC_cycle04_no_retrain_after_insert_045f1282cd_super32k_v3,True,prefilter,155,True,250,range,/mnt/nvme1n1/PipeANN-github/experiments/v100_pq_drift_1m_baseline_20260601T043217Z/indexes/phaseC_cycle04_no_retrain_after_insert,/mnt/nvme1n1/PipeANN-supersector32k-work/indexes/phaseC_cycle04_no_retrain_after_insert_045f1282cd_super32k_v3,no_retrain_across_cycles,ok,98030,1,0,/mnt/nvme1n1/PipeANN-github/experiments/v100_pq_drift_1m_baseline_20260601T043217Z/indexes/phaseC_cycle04_no_retrain_after_insert,/mnt/nvme1n1/PipeANN-supersector32k-work/indexes/phaseC_cycle04_no_retrain_after_insert_045f1282cd_super32k_v3,no_retrain_across_cycles,4.524573
/mnt/nvme1n1/PipeANN-supersector32k-work/indexes/phaseC_cycle04_no_retrain_after_insert_045f1282cd_super32k_v3_disk.index,ok,32768,33,4096,3,prefilter,5285.727217,16,u30,300000.0,300,during_background,20-27,8,True,,5.286131,0,0,1,,10000,/mnt/nvme1n1/PipeANN-supersector32k-work/indexes/phaseC_cycle04_no_retrain_after_insert_045f1282cd_super32k_v3,20-27,7.434482574462891,1780358470.8369122,1780358463.4016602,0,16,supersector32k,page_aware_slots,3,1000000,285612,98030,300000.0,0.0,0.0,0.0,0.0,345.374,300000.0,0.0,345.374,5280.634,1414651.904,512.382,98030,measure-dynamic-search,5210.785,0.0,0.0,5651.684,356.0,300000.0,0.0,356.0,5646.0,1458176.0,6252.318,4096,measure-dynamic-search,4096,1000000,16,1000,285552,189.174286,1256,285552,/mnt/nvme1n1/PipeANN-github/build_reviewed_20260602_querycache/tests/dynamic_update_suite_driver --mode measure-dynamic-search --source-prefix /mnt/nvme1n1/PipeANN-supersector32k-work/indexes/phaseC_cycle04_no_retrain_after_insert_045f1282cd_super32k_v3 --jsonl-output /mnt/nvme1n1/PipeANN-github/experiments/v100_background_interference_full_v5_v3raw_fixed_20260601T234715Z/tmp/during_background_0156_row0156.jsonl --insert-threads 16 --search-threads 1 --merge-threads 16 --build-l 220 --build-r 116 --beamwidth 4 --k 10 --cpu-cap 8 --metric l2 --route prefilter --search-l 300 --data-bin experiments/v100_pq_drift_1m_baseline_20260601T043217Z/data/phaseC_cycle04_live_data_by_tag.bin --base-label-file experiments/v100_pq_drift_1m_baseline_20260601T043217Z/labels/base_labels_1000000.spmat --query-bin /mnt/nvme1n1/PipeANN-github/experiments/r116_suite_pq16_aris_20260520_072453/data/sift_query_1000.bin --truthset-bin experiments/v100_pq_drift_1m_baseline_20260601T043217Z/truth/phaseC_cycle04_range_u30.bin --query-label-file /mnt/nvme1n1/PipeANN-github/experiments/r116_suite_pq16_aris_20260520_072453/labels/query_1000_range_u30.spmat --selector-type range --query-limit 1000,98.59,156,prefilter,285552,284296,300,range,True,u30,supersector32k,True,page_aware_slots,3,4096,4096,/mnt/nvme1n1/PipeANN-supersector32k-work/indexes/phaseC_cycle04_no_retrain_after_insert_045f1282cd_super32k_v3,True,prefilter,156,True,300,range,/mnt/nvme1n1/PipeANN-github/experiments/v100_pq_drift_1m_baseline_20260601T043217Z/indexes/phaseC_cycle04_no_retrain_after_insert,/mnt/nvme1n1/PipeANN-supersector32k-work/indexes/phaseC_cycle04_no_retrain_after_insert_045f1282cd_super32k_v3,no_retrain_across_cycles,ok,98030,1,0,/mnt/nvme1n1/PipeANN-github/experiments/v100_pq_drift_1m_baseline_20260601T043217Z/indexes/phaseC_cycle04_no_retrain_after_insert,/mnt/nvme1n1/PipeANN-supersector32k-work/indexes/phaseC_cycle04_no_retrain_after_insert_045f1282cd_super32k_v3,no_retrain_across_cycles,5.286131
/mnt/nvme1n1/PipeANN-supersector32k-work/indexes/phaseC_cycle04_no_retrain_after_insert_045f1282cd_super32k_v3_disk.index,ok,32768,33,4096,3,prefilter,7820.317008,16,u50,500000.0,300,during_background,20-27,8,True,,7.820712,0,0,1,,10000,/mnt/nvme1n1/PipeANN-supersector32k-work/indexes/phaseC_cycle04_no_retrain_after_insert_045f1282cd_super32k_v3,20-27,10.031234741210938,1780358480.8759522,1780358470.8438892,0,16,supersector32k,page_aware_slots,3,1000000,285844,98030,500000.0,0.0,0.0,0.0,0.0,346.321,500000.0,0.0,346.321,7815.559,1418530.816,674.522,98030,measure-dynamic-search,7761.737,0.0,0.0,8209.749,357.0,500000.0,0.0,357.0,8206.0,1462272.0,8682.698,4096,measure-dynamic-search,4096,1000000,16,1000,285844,127.865597,1268,285732,/mnt/nvme1n1/PipeANN-github/build_reviewed_20260602_querycache/tests/dynamic_update_suite_driver --mode measure-dynamic-search --source-prefix /mnt/nvme1n1/PipeANN-supersector32k-work/indexes/phaseC_cycle04_no_retrain_after_insert_045f1282cd_super32k_v3 --jsonl-output /mnt/nvme1n1/PipeANN-github/experiments/v100_background_interference_full_v5_v3raw_fixed_20260601T234715Z/tmp/during_background_0157_row0157.jsonl --insert-threads 16 --search-threads 1 --merge-threads 16 --build-l 220 --build-r 116 --beamwidth 4 --k 10 --cpu-cap 8 --metric l2 --route prefilter --search-l 300 --data-bin experiments/v100_pq_drift_1m_baseline_20260601T043217Z/data/phaseC_cycle04_live_data_by_tag.bin --base-label-file experiments/v100_pq_drift_1m_baseline_20260601T043217Z/labels/base_labels_1000000.spmat --query-bin /mnt/nvme1n1/PipeANN-github/experiments/r116_suite_pq16_aris_20260520_072453/data/sift_query_1000.bin --truthset-bin experiments/v100_pq_drift_1m_baseline_20260601T043217Z/truth/phaseC_cycle04_range_u50.bin --query-label-file /mnt/nvme1n1/PipeANN-github/experiments/r116_suite_pq16_aris_20260520_072453/labels/query_1000_range_u50.spmat --selector-type range --query-limit 1000,98.31,157,prefilter,285732,284464,300,range,True,u50,supersector32k,True,page_aware_slots,3,4096,4096,/mnt/nvme1n1/PipeANN-supersector32k-work/indexes/phaseC_cycle04_no_retrain_after_insert_045f1282cd_super32k_v3,True,prefilter,157,True,300,range,/mnt/nvme1n1/PipeANN-github/experiments/v100_pq_drift_1m_baseline_20260601T043217Z/indexes/phaseC_cycle04_no_retrain_after_insert,/mnt/nvme1n1/PipeANN-supersector32k-work/indexes/phaseC_cycle04_no_retrain_after_insert_045f1282cd_super32k_v3,no_retrain_across_cycles,ok,98030,1,0,/mnt/nvme1n1/PipeANN-github/experiments/v100_pq_drift_1m_baseline_20260601T043217Z/indexes/phaseC_cycle04_no_retrain_after_insert,/mnt/nvme1n1/PipeANN-supersector32k-work/indexes/phaseC_cycle04_no_retrain_after_insert_045f1282cd_super32k_v3,no_retrain_across_cycles,7.820712
/mnt/nvme1n1/PipeANN-supersector32k-work/indexes/phaseC_cycle04_no_retrain_after_insert_045f1282cd_super32k_v3_disk.index,ok,32768,33,4096,3,mixed,6707.533418,16,u75,750000.0,470,during_background,20-27,8,True,,6.707777,0,1000,1,,10000,/mnt/nvme1n1/PipeANN-supersector32k-work/indexes/phaseC_cycle04_no_retrain_after_insert_045f1282cd_super32k_v3,20-27,8.868566513061523,1780358489.7527347,1780358480.8833601,0,16,supersector32k,page_aware_slots,3,1000000,299168,98030,750000.0,21158.417,0.0,6248.759,0.0,554.157,21158.417,0.0,554.157,6376.062,2269827.072,66.499,98030,measure-dynamic-search,6681.34,27480.0,0.0,7111.78,574.0,27480.0,0.0,574.0,6777.0,2351104.0,7478.569,4096,measure-dynamic-search,4096,1000000,16,0,299168,149.080697,14728,299168,/mnt/nvme1n1/PipeANN-github/build_reviewed_20260602_querycache/tests/dynamic_update_suite_driver --mode measure-dynamic-search --source-prefix /mnt/nvme1n1/PipeANN-supersector32k-work/indexes/phaseC_cycle04_no_retrain_after_insert_045f1282cd_super32k_v3 --jsonl-output /mnt/nvme1n1/PipeANN-github/experiments/v100_background_interference_full_v5_v3raw_fixed_20260601T234715Z/tmp/during_background_0158_row0158.jsonl --insert-threads 16 --search-threads 1 --merge-threads 16 --build-l 220 --build-r 116 --beamwidth 8 --k 10 --cpu-cap 8 --metric l2 --route graph --search-l 470 --data-bin experiments/v100_pq_drift_1m_baseline_20260601T043217Z/data/phaseC_cycle04_live_data_by_tag.bin --base-label-file experiments/v100_pq_drift_1m_baseline_20260601T043217Z/labels/base_labels_1000000.spmat --query-bin /mnt/nvme1n1/PipeANN-github/experiments/r116_suite_pq16_aris_20260520_072453/data/sift_query_1000.bin --truthset-bin experiments/v100_pq_drift_1m_baseline_20260601T043217Z/truth/phaseC_cycle04_range_u75.bin --query-label-file /mnt/nvme1n1/PipeANN-github/experiments/r116_suite_pq16_aris_20260520_072453/labels/query_1000_range_u75.spmat --selector-type range --query-limit 1000,98.08,158,graph,299168,284440,470,range,True,u75,supersector32k,True,page_aware_slots,3,4096,4096,/mnt/nvme1n1/PipeANN-supersector32k-work/indexes/phaseC_cycle04_no_retrain_after_insert_045f1282cd_super32k_v3,True,graph,158,True,470,range,/mnt/nvme1n1/PipeANN-github/experiments/v100_pq_drift_1m_baseline_20260601T043217Z/indexes/phaseC_cycle04_no_retrain_after_insert,/mnt/nvme1n1/PipeANN-supersector32k-work/indexes/phaseC_cycle04_no_retrain_after_insert_045f1282cd_super32k_v3,no_retrain_across_cycles,ok,98030,1,0,/mnt/nvme1n1/PipeANN-github/experiments/v100_pq_drift_1m_baseline_20260601T043217Z/indexes/phaseC_cycle04_no_retrain_after_insert,/mnt/nvme1n1/PipeANN-supersector32k-work/indexes/phaseC_cycle04_no_retrain_after_insert_045f1282cd_super32k_v3,no_retrain_across_cycles,6.707777
/mnt/nvme1n1/PipeANN-supersector32k-work/indexes/phaseC_cycle04_no_retrain_after_insert_045f1282cd_super32k_v3_disk.index,ok,32768,33,4096,3,mixed,5835.733443,16,u100,1000000.0,400,during_background,20-27,8,True,,5.836004,0,1000,1,,10000,/mnt/nvme1n1/PipeANN-supersector32k-work/indexes/phaseC_cycle04_no_retrain_after_insert_045f1282cd_super32k_v3,20-27,8.007919788360596,1780358497.7688031,1780358489.7600408,0,16,supersector32k,page_aware_slots,3,1000000,299212,98030,1000000.0,18948.09,0.0,5386.882,0.0,475.245,18948.09,0.0,475.245,5525.198,1946603.52,72.475,98030,measure-dynamic-search,5804.971,24560.0,0.0,6259.357,496.0,24560.0,0.0,496.0,5949.0,2031616.0,6778.031,4096,measure-dynamic-search,4096,1000000,16,0,299212,171.350128,14788,299212,/mnt/nvme1n1/PipeANN-github/build_reviewed_20260602_querycache/tests/dynamic_update_suite_driver --mode measure-dynamic-search --source-prefix /mnt/nvme1n1/PipeANN-supersector32k-work/indexes/phaseC_cycle04_no_retrain_after_insert_045f1282cd_super32k_v3 --jsonl-output /mnt/nvme1n1/PipeANN-github/experiments/v100_background_interference_full_v5_v3raw_fixed_20260601T234715Z/tmp/during_background_0159_row0159.jsonl --insert-threads 16 --search-threads 1 --merge-threads 16 --build-l 220 --build-r 116 --beamwidth 8 --k 10 --cpu-cap 8 --metric l2 --route graph --search-l 400 --data-bin experiments/v100_pq_drift_1m_baseline_20260601T043217Z/data/phaseC_cycle04_live_data_by_tag.bin --base-label-file experiments/v100_pq_drift_1m_baseline_20260601T043217Z/labels/base_labels_1000000.spmat --query-bin /mnt/nvme1n1/PipeANN-github/experiments/r116_suite_pq16_aris_20260520_072453/data/sift_query_1000.bin --truthset-bin experiments/v100_pq_drift_1m_baseline_20260601T043217Z/truth/phaseC_cycle04_range_u100.bin --query-label-file /mnt/nvme1n1/PipeANN-github/experiments/r116_suite_pq16_aris_20260520_072453/labels/query_1000_range_u100.spmat --selector-type range --query-limit 1000,98.22,159,graph,299212,284424,400,range,True,u100,supersector32k,True,page_aware_slots,3,4096,4096,/mnt/nvme1n1/PipeANN-supersector32k-work/indexes/phaseC_cycle04_no_retrain_after_insert_045f1282cd_super32k_v3,True,graph,159,True,400,range,/mnt/nvme1n1/PipeANN-github/experiments/v100_pq_drift_1m_baseline_20260601T043217Z/indexes/phaseC_cycle04_no_retrain_after_insert,/mnt/nvme1n1/PipeANN-supersector32k-work/indexes/phaseC_cycle04_no_retrain_after_insert_045f1282cd_super32k_v3,no_retrain_across_cycles,ok,98030,1,0,/mnt/nvme1n1/PipeANN-github/experiments/v100_pq_drift_1m_baseline_20260601T043217Z/indexes/phaseC_cycle04_no_retrain_after_insert,/mnt/nvme1n1/PipeANN-supersector32k-work/indexes/phaseC_cycle04_no_retrain_after_insert_045f1282cd_super32k_v3,no_retrain_across_cycles,5.836004
/mnt/nvme1n1/PipeANN-supersector32k-work/indexes/phaseC_cycle05_retrain_each_cycle_a6935c93c7_super32k_v3_disk.index,ok,32768,33,4096,3,prefilter,160.847283,16,u1e-03,1000.0,75,during_background,20-27,8,True,,0.160957,0,0,1,,10000,/mnt/nvme1n1/PipeANN-supersector32k-work/indexes/phaseC_cycle05_retrain_each_cycle_a6935c93c7_super32k_v3,20-27,2.4535927772521973,1780358500.2305145,1780358497.7761152,0,16,supersector32k,page_aware_slots,3,1000000,281792,119280,1000.0,0.0,0.0,0.0,0.0,109.686,1000.0,0.0,109.686,158.296,449273.856,34.752,119280,measure-dynamic-search,159.163,0.0,0.0,178.49,116.0,1000.0,0.0,116.0,176.0,475136.0,191.99,4096,measure-dynamic-search,4096,1000000,16,1000,281792,6212.831155,1112,281792,/mnt/nvme1n1/PipeANN-github/build_reviewed_20260602_querycache/tests/dynamic_update_suite_driver --mode measure-dynamic-search --source-prefix /mnt/nvme1n1/PipeANN-supersector32k-work/indexes/phaseC_cycle05_retrain_each_cycle_a6935c93c7_super32k_v3 --jsonl-output /mnt/nvme1n1/PipeANN-github/experiments/v100_background_interference_full_v5_v3raw_fixed_20260601T234715Z/tmp/during_background_0160_row0160.jsonl --insert-threads 16 --search-threads 1 --merge-threads 16 --build-l 220 --build-r 116 --beamwidth 4 --k 10 --cpu-cap 8 --metric l2 --route prefilter --search-l 75 --data-bin experiments/v100_pq_drift_1m_baseline_20260601T043217Z/data/phaseC_cycle05_live_data_by_tag.bin --base-label-file experiments/v100_pq_drift_1m_baseline_20260601T043217Z/labels/base_labels_1000000.spmat --query-bin /mnt/nvme1n1/PipeANN-github/experiments/r116_suite_pq16_aris_20260520_072453/data/sift_query_1000.bin --truthset-bin experiments/v100_pq_drift_1m_baseline_20260601T043217Z/truth/phaseC_cycle05_intersect_u1e-03.bin --query-label-file /mnt/nvme1n1/PipeANN-github/experiments/r116_suite_pq16_aris_20260520_072453/labels/query_1000_u1e-03.spmat --selector-type intersect --query-limit 1000,99.97,160,prefilter,281792,280680,75,intersect,True,u1e-03,supersector32k,True,page_aware_slots,3,4096,4096,/mnt/nvme1n1/PipeANN-supersector32k-work/indexes/phaseC_cycle05_retrain_each_cycle_a6935c93c7_super32k_v3,True,prefilter,160,True,75,intersect,/mnt/nvme1n1/PipeANN-github/experiments/v100_pq_drift_1m_baseline_20260601T043217Z/indexes/phaseC_cycle05_retrain_each_cycle,/mnt/nvme1n1/PipeANN-supersector32k-work/indexes/phaseC_cycle05_retrain_each_cycle_a6935c93c7_super32k_v3,retrain_each_cycle,ok,119280,1,0,/mnt/nvme1n1/PipeANN-github/experiments/v100_pq_drift_1m_baseline_20260601T043217Z/indexes/phaseC_cycle05_retrain_each_cycle,/mnt/nvme1n1/PipeANN-supersector32k-work/indexes/phaseC_cycle05_retrain_each_cycle_a6935c93c7_super32k_v3,retrain_each_cycle,0.160957
/mnt/nvme1n1/PipeANN-supersector32k-work/indexes/phaseC_cycle05_retrain_each_cycle_a6935c93c7_super32k_v3_disk.index,ok,32768,33,4096,3,prefilter,221.156784,16,u3e-03,3000.0,100,during_background,20-27,8,True,,0.221311,0,0,1,,10000,/mnt/nvme1n1/PipeANN-supersector32k-work/indexes/phaseC_cycle05_retrain_each_cycle_a6935c93c7_super32k_v3,20-27,2.0649187564849854,1780358502.303671,1780358500.2379313,0,16,supersector32k,page_aware_slots,3,1000000,281628,119280,3000.0,0.0,0.0,0.0,0.0,115.054,3000.0,0.0,115.054,218.494,471261.184,38.593,119280,measure-dynamic-search,218.004,0.0,0.0,246.849,120.0,3000.0,0.0,120.0,244.0,491520.0,264.473,4096,measure-dynamic-search,4096,1000000,16,1000,281628,4518.530655,1008,281628,/mnt/nvme1n1/PipeANN-github/build_reviewed_20260602_querycache/tests/dynamic_update_suite_driver --mode measure-dynamic-search --source-prefix /mnt/nvme1n1/PipeANN-supersector32k-work/indexes/phaseC_cycle05_retrain_each_cycle_a6935c93c7_super32k_v3 --jsonl-output /mnt/nvme1n1/PipeANN-github/experiments/v100_background_interference_full_v5_v3raw_fixed_20260601T234715Z/tmp/during_background_0161_row0161.jsonl --insert-threads 16 --search-threads 1 --merge-threads 16 --build-l 220 --build-r 116 --beamwidth 4 --k 10 --cpu-cap 8 --metric l2 --route prefilter --search-l 100 --data-bin experiments/v100_pq_drift_1m_baseline_20260601T043217Z/data/phaseC_cycle05_live_data_by_tag.bin --base-label-file experiments/v100_pq_drift_1m_baseline_20260601T043217Z/labels/base_labels_1000000.spmat --query-bin /mnt/nvme1n1/PipeANN-github/experiments/r116_suite_pq16_aris_20260520_072453/data/sift_query_1000.bin --truthset-bin experiments/v100_pq_drift_1m_baseline_20260601T043217Z/truth/phaseC_cycle05_intersect_u3e-03.bin --query-label-file /mnt/nvme1n1/PipeANN-github/experiments/r116_suite_pq16_aris_20260520_072453/labels/query_1000_u3e-03.spmat --selector-type intersect --query-limit 1000,99.81,161,prefilter,281628,280620,100,intersect,True,u3e-03,supersector32k,True,page_aware_slots,3,4096,4096,/mnt/nvme1n1/PipeANN-supersector32k-work/indexes/phaseC_cycle05_retrain_each_cycle_a6935c93c7_super32k_v3,True,prefilter,161,True,100,intersect,/mnt/nvme1n1/PipeANN-github/experiments/v100_pq_drift_1m_baseline_20260601T043217Z/indexes/phaseC_cycle05_retrain_each_cycle,/mnt/nvme1n1/PipeANN-supersector32k-work/indexes/phaseC_cycle05_retrain_each_cycle_a6935c93c7_super32k_v3,retrain_each_cycle,ok,119280,1,0,/mnt/nvme1n1/PipeANN-github/experiments/v100_pq_drift_1m_baseline_20260601T043217Z/indexes/phaseC_cycle05_retrain_each_cycle,/mnt/nvme1n1/PipeANN-supersector32k-work/indexes/phaseC_cycle05_retrain_each_cycle_a6935c93c7_super32k_v3,retrain_each_cycle,0.221311
/mnt/nvme1n1/PipeANN-supersector32k-work/indexes/phaseC_cycle05_retrain_each_cycle_a6935c93c7_super32k_v3_disk.index,ok,32768,33,4096,3,prefilter,403.68217,16,u1e-02,10000.0,100,during_background,20-27,8,True,,0.403818,0,0,1,,10000,/mnt/nvme1n1/PipeANN-supersector32k-work/indexes/phaseC_cycle05_retrain_each_cycle_a6935c93c7_super32k_v3,20-27,1.9355964660644531,1780358504.2472239,1780358502.310826,0,16,supersector32k,page_aware_slots,3,1000000,281792,119280,10000.0,0.0,0.0,0.0,0.0,146.7,10000.0,0.0,146.7,400.794,600883.2,46.111,119280,measure-dynamic-search,397.261,0.0,0.0,449.58,153.0,10000.0,0.0,153.0,447.0,626688.0,479.784,4096,measure-dynamic-search,4096,1000000,16,1000,281792,2476.361035,1048,281792,/mnt/nvme1n1/PipeANN-github/build_reviewed_20260602_querycache/tests/dynamic_update_suite_driver --mode measure-dynamic-search --source-prefix /mnt/nvme1n1/PipeANN-supersector32k-work/indexes/phaseC_cycle05_retrain_each_cycle_a6935c93c7_super32k_v3 --jsonl-output /mnt/nvme1n1/PipeANN-github/experiments/v100_background_interference_full_v5_v3raw_fixed_20260601T234715Z/tmp/during_background_0162_row0162.jsonl --insert-threads 16 --search-threads 1 --merge-threads 16 --build-l 220 --build-r 116 --beamwidth 4 --k 10 --cpu-cap 8 --metric l2 --route prefilter --search-l 100 --data-bin experiments/v100_pq_drift_1m_baseline_20260601T043217Z/data/phaseC_cycle05_live_data_by_tag.bin --base-label-file experiments/v100_pq_drift_1m_baseline_20260601T043217Z/labels/base_labels_1000000.spmat --query-bin /mnt/nvme1n1/PipeANN-github/experiments/r116_suite_pq16_aris_20260520_072453/data/sift_query_1000.bin --truthset-bin experiments/v100_pq_drift_1m_baseline_20260601T043217Z/truth/phaseC_cycle05_intersect_u1e-02.bin --query-label-file /mnt/nvme1n1/PipeANN-github/experiments/r116_suite_pq16_aris_20260520_072453/labels/query_1000_u1e-02.spmat --selector-type intersect --query-limit 1000,99.63,162,prefilter,281792,280744,100,intersect,True,u1e-02,supersector32k,True,page_aware_slots,3,4096,4096,/mnt/nvme1n1/PipeANN-supersector32k-work/indexes/phaseC_cycle05_retrain_each_cycle_a6935c93c7_super32k_v3,True,prefilter,162,True,100,intersect,/mnt/nvme1n1/PipeANN-github/experiments/v100_pq_drift_1m_baseline_20260601T043217Z/indexes/phaseC_cycle05_retrain_each_cycle,/mnt/nvme1n1/PipeANN-supersector32k-work/indexes/phaseC_cycle05_retrain_each_cycle_a6935c93c7_super32k_v3,retrain_each_cycle,ok,119280,1,0,/mnt/nvme1n1/PipeANN-github/experiments/v100_pq_drift_1m_baseline_20260601T043217Z/indexes/phaseC_cycle05_retrain_each_cycle,/mnt/nvme1n1/PipeANN-supersector32k-work/indexes/phaseC_cycle05_retrain_each_cycle_a6935c93c7_super32k_v3,retrain_each_cycle,0.403818
/mnt/nvme1n1/PipeANN-supersector32k-work/indexes/phaseC_cycle05_retrain_each_cycle_a6935c93c7_super32k_v3_disk.index,ok,32768,33,4096,3,prefilter,1161.79668,16,u5e-02,50000.0,75,during_background,20-27,8,True,,1.16199,0,0,1,,10000,/mnt/nvme1n1/PipeANN-supersector32k-work/indexes/phaseC_cycle05_retrain_each_cycle_a6935c93c7_super32k_v3,20-27,2.8376314640045166,1780358507.0931072,1780358504.2546468,0,16,supersector32k,page_aware_slots,3,1000000,281872,119280,50000.0,0.0,0.0,0.0,0.0,184.086,50000.0,0.0,184.086,1158.627,754016.256,87.859,119280,measure-dynamic-search,1165.186,0.0,0.0,1231.788,191.0,50000.0,0.0,191.0,1228.0,782336.0,1284.245,4096,measure-dynamic-search,4096,1000000,16,1000,281872,860.592553,1172,281872,/mnt/nvme1n1/PipeANN-github/build_reviewed_20260602_querycache/tests/dynamic_update_suite_driver --mode measure-dynamic-search --source-prefix /mnt/nvme1n1/PipeANN-supersector32k-work/indexes/phaseC_cycle05_retrain_each_cycle_a6935c93c7_super32k_v3 --jsonl-output /mnt/nvme1n1/PipeANN-github/experiments/v100_background_interference_full_v5_v3raw_fixed_20260601T234715Z/tmp/during_background_0163_row0163.jsonl --insert-threads 16 --search-threads 1 --merge-threads 16 --build-l 220 --build-r 116 --beamwidth 4 --k 10 --cpu-cap 8 --metric l2 --route prefilter --search-l 75 --data-bin experiments/v100_pq_drift_1m_baseline_20260601T043217Z/data/phaseC_cycle05_live_data_by_tag.bin --base-label-file experiments/v100_pq_drift_1m_baseline_20260601T043217Z/labels/base_labels_1000000.spmat --query-bin /mnt/nvme1n1/PipeANN-github/experiments/r116_suite_pq16_aris_20260520_072453/data/sift_query_1000.bin --truthset-bin experiments/v100_pq_drift_1m_baseline_20260601T043217Z/truth/phaseC_cycle05_intersect_u5e-02.bin --query-label-file /mnt/nvme1n1/PipeANN-github/experiments/r116_suite_pq16_aris_20260520_072453/labels/query_1000_u5e-02.spmat --selector-type intersect --query-limit 1000,99.32,163,prefilter,281872,280700,75,intersect,True,u5e-02,supersector32k,True,page_aware_slots,3,4096,4096,/mnt/nvme1n1/PipeANN-supersector32k-work/indexes/phaseC_cycle05_retrain_each_cycle_a6935c93c7_super32k_v3,True,prefilter,163,True,75,intersect,/mnt/nvme1n1/PipeANN-github/experiments/v100_pq_drift_1m_baseline_20260601T043217Z/indexes/phaseC_cycle05_retrain_each_cycle,/mnt/nvme1n1/PipeANN-supersector32k-work/indexes/phaseC_cycle05_retrain_each_cycle_a6935c93c7_super32k_v3,retrain_each_cycle,ok,119280,1,0,/mnt/nvme1n1/PipeANN-github/experiments/v100_pq_drift_1m_baseline_20260601T043217Z/indexes/phaseC_cycle05_retrain_each_cycle,/mnt/nvme1n1/PipeANN-supersector32k-work/indexes/phaseC_cycle05_retrain_each_cycle_a6935c93c7_super32k_v3,retrain_each_cycle,1.16199
/mnt/nvme1n1/PipeANN-supersector32k-work/indexes/phaseC_cycle05_retrain_each_cycle_a6935c93c7_super32k_v3_disk.index,ok,32768,33,4096,3,prefilter,1868.466568,16,u1e-01,100000.0,75,during_background,20-27,8,True,,1.868656,0,0,1,,10000,/mnt/nvme1n1/PipeANN-supersector32k-work/indexes/phaseC_cycle05_retrain_each_cycle_a6935c93c7_super32k_v3,20-27,3.4028947353363037,1780358510.5036263,1780358507.0999427,0,16,supersector32k,page_aware_slots,3,1000000,281628,119280,100000.0,0.0,0.0,0.0,0.0,183.641,100000.0,0.0,183.641,1864.916,752193.536,142.17,119280,measure-dynamic-search,1864.092,0.0,0.0,1918.892,191.0,100000.0,0.0,191.0,1916.0,782336.0,1996.658,4096,measure-dynamic-search,4096,1000000,16,1000,281628,535.144081,1064,281628,/mnt/nvme1n1/PipeANN-github/build_reviewed_20260602_querycache/tests/dynamic_update_suite_driver --mode measure-dynamic-search --source-prefix /mnt/nvme1n1/PipeANN-supersector32k-work/indexes/phaseC_cycle05_retrain_each_cycle_a6935c93c7_super32k_v3 --jsonl-output /mnt/nvme1n1/PipeANN-github/experiments/v100_background_interference_full_v5_v3raw_fixed_20260601T234715Z/tmp/during_background_0164_row0164.jsonl --insert-threads 16 --search-threads 1 --merge-threads 16 --build-l 220 --build-r 116 --beamwidth 4 --k 10 --cpu-cap 8 --metric l2 --route prefilter --search-l 75 --data-bin experiments/v100_pq_drift_1m_baseline_20260601T043217Z/data/phaseC_cycle05_live_data_by_tag.bin --base-label-file experiments/v100_pq_drift_1m_baseline_20260601T043217Z/labels/base_labels_1000000.spmat --query-bin /mnt/nvme1n1/PipeANN-github/experiments/r116_suite_pq16_aris_20260520_072453/data/sift_query_1000.bin --truthset-bin experiments/v100_pq_drift_1m_baseline_20260601T043217Z/truth/phaseC_cycle05_intersect_u1e-01.bin --query-label-file /mnt/nvme1n1/PipeANN-github/experiments/r116_suite_pq16_aris_20260520_072453/labels/query_1000_u1e-01.spmat --selector-type intersect --query-limit 1000,98.9,164,prefilter,281628,280564,75,intersect,True,u1e-01,supersector32k,True,page_aware_slots,3,4096,4096,/mnt/nvme1n1/PipeANN-supersector32k-work/indexes/phaseC_cycle05_retrain_each_cycle_a6935c93c7_super32k_v3,True,prefilter,164,True,75,intersect,/mnt/nvme1n1/PipeANN-github/experiments/v100_pq_drift_1m_baseline_20260601T043217Z/indexes/phaseC_cycle05_retrain_each_cycle,/mnt/nvme1n1/PipeANN-supersector32k-work/indexes/phaseC_cycle05_retrain_each_cycle_a6935c93c7_super32k_v3,retrain_each_cycle,ok,119280,1,0,/mnt/nvme1n1/PipeANN-github/experiments/v100_pq_drift_1m_baseline_20260601T043217Z/indexes/phaseC_cycle05_retrain_each_cycle,/mnt/nvme1n1/PipeANN-supersector32k-work/indexes/phaseC_cycle05_retrain_each_cycle_a6935c93c7_super32k_v3,retrain_each_cycle,1.868656
/mnt/nvme1n1/PipeANN-supersector32k-work/indexes/phaseC_cycle05_retrain_each_cycle_a6935c93c7_super32k_v3_disk.index,ok,32768,33,4096,3,prefilter,4127.692011,16,u25,250000.0,250,during_background,20-27,8,True,,4.127993,0,0,1,,10000,/mnt/nvme1n1/PipeANN-supersector32k-work/indexes/phaseC_cycle05_retrain_each_cycle_a6935c93c7_super32k_v3,20-27,5.717735528945923,1780358516.2294967,1780358510.5109816,0,16,supersector32k,page_aware_slots,3,1000000,281840,119280,250000.0,0.0,0.0,0.0,0.0,287.456,250000.0,0.0,287.456,4123.549,1177419.776,296.559,119280,measure-dynamic-search,4125.149,0.0,0.0,4323.456,297.0,250000.0,0.0,297.0,4319.0,1216512.0,4509.545,4096,measure-dynamic-search,4096,1000000,16,1000,281840,242.248501,1128,281840,/mnt/nvme1n1/PipeANN-github/build_reviewed_20260602_querycache/tests/dynamic_update_suite_driver --mode measure-dynamic-search --source-prefix /mnt/nvme1n1/PipeANN-supersector32k-work/indexes/phaseC_cycle05_retrain_each_cycle_a6935c93c7_super32k_v3 --jsonl-output /mnt/nvme1n1/PipeANN-github/experiments/v100_background_interference_full_v5_v3raw_fixed_20260601T234715Z/tmp/during_background_0165_row0165.jsonl --insert-threads 16 --search-threads 1 --merge-threads 16 --build-l 220 --build-r 116 --beamwidth 4 --k 10 --cpu-cap 8 --metric l2 --route prefilter --search-l 250 --data-bin experiments/v100_pq_drift_1m_baseline_20260601T043217Z/data/phaseC_cycle05_live_data_by_tag.bin --base-label-file experiments/v100_pq_drift_1m_baseline_20260601T043217Z/labels/base_labels_1000000.spmat --query-bin /mnt/nvme1n1/PipeANN-github/experiments/r116_suite_pq16_aris_20260520_072453/data/sift_query_1000.bin --truthset-bin experiments/v100_pq_drift_1m_baseline_20260601T043217Z/truth/phaseC_cycle05_intersect_u25.bin --query-label-file /mnt/nvme1n1/PipeANN-github/experiments/r116_suite_pq16_aris_20260520_072453/labels/query_1000_u25.spmat --selector-type intersect --query-limit 1000,98.57,165,prefilter,281840,280712,250,intersect,True,u25,supersector32k,True,page_aware_slots,3,4096,4096,/mnt/nvme1n1/PipeANN-supersector32k-work/indexes/phaseC_cycle05_retrain_each_cycle_a6935c93c7_super32k_v3,True,prefilter,165,True,250,intersect,/mnt/nvme1n1/PipeANN-github/experiments/v100_pq_drift_1m_baseline_20260601T043217Z/indexes/phaseC_cycle05_retrain_each_cycle,/mnt/nvme1n1/PipeANN-supersector32k-work/indexes/phaseC_cycle05_retrain_each_cycle_a6935c93c7_super32k_v3,retrain_each_cycle,ok,119280,1,0,/mnt/nvme1n1/PipeANN-github/experiments/v100_pq_drift_1m_baseline_20260601T043217Z/indexes/phaseC_cycle05_retrain_each_cycle,/mnt/nvme1n1/PipeANN-supersector32k-work/indexes/phaseC_cycle05_retrain_each_cycle_a6935c93c7_super32k_v3,retrain_each_cycle,4.127993
/mnt/nvme1n1/PipeANN-supersector32k-work/indexes/phaseC_cycle05_retrain_each_cycle_a6935c93c7_super32k_v3_disk.index,ok,32768,33,4096,3,prefilter,4731.470444,16,u30,300000.0,300,during_background,20-27,8,True,,4.731764,0,0,1,,10000,/mnt/nvme1n1/PipeANN-supersector32k-work/indexes/phaseC_cycle05_retrain_each_cycle_a6935c93c7_super32k_v3,20-27,6.431820631027222,1780358522.6695929,1780358516.2369776,0,16,supersector32k,page_aware_slots,3,1000000,281708,119280,300000.0,0.0,0.0,0.0,0.0,344.83,300000.0,0.0,344.83,4727.61,1412423.68,347.501,119280,measure-dynamic-search,4721.213,0.0,0.0,5014.518,356.0,300000.0,0.0,356.0,5011.0,1458176.0,5277.223,4096,measure-dynamic-search,4096,1000000,16,1000,281708,211.337673,1088,281708,/mnt/nvme1n1/PipeANN-github/build_reviewed_20260602_querycache/tests/dynamic_update_suite_driver --mode measure-dynamic-search --source-prefix /mnt/nvme1n1/PipeANN-supersector32k-work/indexes/phaseC_cycle05_retrain_each_cycle_a6935c93c7_super32k_v3 --jsonl-output /mnt/nvme1n1/PipeANN-github/experiments/v100_background_interference_full_v5_v3raw_fixed_20260601T234715Z/tmp/during_background_0166_row0166.jsonl --insert-threads 16 --search-threads 1 --merge-threads 16 --build-l 220 --build-r 116 --beamwidth 4 --k 10 --cpu-cap 8 --metric l2 --route prefilter --search-l 300 --data-bin experiments/v100_pq_drift_1m_baseline_20260601T043217Z/data/phaseC_cycle05_live_data_by_tag.bin --base-label-file experiments/v100_pq_drift_1m_baseline_20260601T043217Z/labels/base_labels_1000000.spmat --query-bin /mnt/nvme1n1/PipeANN-github/experiments/r116_suite_pq16_aris_20260520_072453/data/sift_query_1000.bin --truthset-bin experiments/v100_pq_drift_1m_baseline_20260601T043217Z/truth/phaseC_cycle05_intersect_u30.bin --query-label-file /mnt/nvme1n1/PipeANN-github/experiments/r116_suite_pq16_aris_20260520_072453/labels/query_1000_u30.spmat --selector-type intersect --query-limit 1000,98.92,166,prefilter,281708,280620,300,intersect,True,u30,supersector32k,True,page_aware_slots,3,4096,4096,/mnt/nvme1n1/PipeANN-supersector32k-work/indexes/phaseC_cycle05_retrain_each_cycle_a6935c93c7_super32k_v3,True,prefilter,166,True,300,intersect,/mnt/nvme1n1/PipeANN-github/experiments/v100_pq_drift_1m_baseline_20260601T043217Z/indexes/phaseC_cycle05_retrain_each_cycle,/mnt/nvme1n1/PipeANN-supersector32k-work/indexes/phaseC_cycle05_retrain_each_cycle_a6935c93c7_super32k_v3,retrain_each_cycle,ok,119280,1,0,/mnt/nvme1n1/PipeANN-github/experiments/v100_pq_drift_1m_baseline_20260601T043217Z/indexes/phaseC_cycle05_retrain_each_cycle,/mnt/nvme1n1/PipeANN-supersector32k-work/indexes/phaseC_cycle05_retrain_each_cycle_a6935c93c7_super32k_v3,retrain_each_cycle,4.731764
/mnt/nvme1n1/PipeANN-supersector32k-work/indexes/phaseC_cycle05_retrain_each_cycle_a6935c93c7_super32k_v3_disk.index,ok,32768,33,4096,3,prefilter,7406.661203,16,u50,500000.0,300,during_background,20-27,8,True,,7.406983,0,0,1,,10000,/mnt/nvme1n1/PipeANN-supersector32k-work/indexes/phaseC_cycle05_retrain_each_cycle_a6935c93c7_super32k_v3,20-27,9.0620858669281,1780358531.7398627,1780358522.6769695,0,16,supersector32k,page_aware_slots,3,1000000,281796,119280,500000.0,0.0,0.0,0.0,0.0,344.157,500000.0,0.0,344.157,7402.433,1409667.072,557.554,119280,measure-dynamic-search,7381.886,0.0,0.0,7851.953,354.0,500000.0,0.0,354.0,7848.0,1449984.0,8374.8,4096,measure-dynamic-search,4096,1000000,16,1000,281796,135.007736,1076,281684,/mnt/nvme1n1/PipeANN-github/build_reviewed_20260602_querycache/tests/dynamic_update_suite_driver --mode measure-dynamic-search --source-prefix /mnt/nvme1n1/PipeANN-supersector32k-work/indexes/phaseC_cycle05_retrain_each_cycle_a6935c93c7_super32k_v3 --jsonl-output /mnt/nvme1n1/PipeANN-github/experiments/v100_background_interference_full_v5_v3raw_fixed_20260601T234715Z/tmp/during_background_0167_row0167.jsonl --insert-threads 16 --search-threads 1 --merge-threads 16 --build-l 220 --build-r 116 --beamwidth 4 --k 10 --cpu-cap 8 --metric l2 --route prefilter --search-l 300 --data-bin experiments/v100_pq_drift_1m_baseline_20260601T043217Z/data/phaseC_cycle05_live_data_by_tag.bin --base-label-file experiments/v100_pq_drift_1m_baseline_20260601T043217Z/labels/base_labels_1000000.spmat --query-bin /mnt/nvme1n1/PipeANN-github/experiments/r116_suite_pq16_aris_20260520_072453/data/sift_query_1000.bin --truthset-bin experiments/v100_pq_drift_1m_baseline_20260601T043217Z/truth/phaseC_cycle05_intersect_u50.bin --query-label-file /mnt/nvme1n1/PipeANN-github/experiments/r116_suite_pq16_aris_20260520_072453/labels/query_1000_u50.spmat --selector-type intersect --query-limit 1000,98.5,167,prefilter,281684,280608,300,intersect,True,u50,supersector32k,True,page_aware_slots,3,4096,4096,/mnt/nvme1n1/PipeANN-supersector32k-work/indexes/phaseC_cycle05_retrain_each_cycle_a6935c93c7_super32k_v3,True,prefilter,167,True,300,intersect,/mnt/nvme1n1/PipeANN-github/experiments/v100_pq_drift_1m_baseline_20260601T043217Z/indexes/phaseC_cycle05_retrain_each_cycle,/mnt/nvme1n1/PipeANN-supersector32k-work/indexes/phaseC_cycle05_retrain_each_cycle_a6935c93c7_super32k_v3,retrain_each_cycle,ok,119280,1,0,/mnt/nvme1n1/PipeANN-github/experiments/v100_pq_drift_1m_baseline_20260601T043217Z/indexes/phaseC_cycle05_retrain_each_cycle,/mnt/nvme1n1/PipeANN-supersector32k-work/indexes/phaseC_cycle05_retrain_each_cycle_a6935c93c7_super32k_v3,retrain_each_cycle,7.406983
/mnt/nvme1n1/PipeANN-supersector32k-work/indexes/phaseC_cycle05_retrain_each_cycle_a6935c93c7_super32k_v3_disk.index,ok,32768,33,4096,3,graph,5704.546548,16,u75,750000.0,400,during_background,20-27,8,True,,5.704828,0,0,1,,10000,/mnt/nvme1n1/PipeANN-supersector32k-work/indexes/phaseC_cycle05_retrain_each_cycle_a6935c93c7_super32k_v3,20-27,7.252460241317749,1780358539.0005243,1780358531.7472224,1000,16,supersector32k,page_aware_slots,3,1000000,294232,119280,750000.0,21134.594,0.0,5320.633,0.0,465.975,21134.594,0.0,465.975,5382.605,1908633.6,20.379,119280,measure-dynamic-search,5647.886,26910.0,0.0,5998.062,484.0,26910.0,0.0,484.0,5683.0,1982464.0,6409.485,4096,measure-dynamic-search,4096,1000000,16,0,294232,175.290121,13504,294232,/mnt/nvme1n1/PipeANN-github/build_reviewed_20260602_querycache/tests/dynamic_update_suite_driver --mode measure-dynamic-search --source-prefix /mnt/nvme1n1/PipeANN-supersector32k-work/indexes/phaseC_cycle05_retrain_each_cycle_a6935c93c7_super32k_v3 --jsonl-output /mnt/nvme1n1/PipeANN-github/experiments/v100_background_interference_full_v5_v3raw_fixed_20260601T234715Z/tmp/during_background_0168_row0168.jsonl --insert-threads 16 --search-threads 1 --merge-threads 16 --build-l 220 --build-r 116 --beamwidth 8 --k 10 --cpu-cap 8 --metric l2 --route graph --search-l 400 --data-bin experiments/v100_pq_drift_1m_baseline_20260601T043217Z/data/phaseC_cycle05_live_data_by_tag.bin --base-label-file experiments/v100_pq_drift_1m_baseline_20260601T043217Z/labels/base_labels_1000000.spmat --query-bin /mnt/nvme1n1/PipeANN-github/experiments/r116_suite_pq16_aris_20260520_072453/data/sift_query_1000.bin --truthset-bin experiments/v100_pq_drift_1m_baseline_20260601T043217Z/truth/phaseC_cycle05_intersect_u75.bin --query-label-file /mnt/nvme1n1/PipeANN-github/experiments/r116_suite_pq16_aris_20260520_072453/labels/query_1000_u75.spmat --selector-type intersect --query-limit 1000,98.3,168,graph,294232,280728,400,intersect,True,u75,supersector32k,True,page_aware_slots,3,4096,4096,/mnt/nvme1n1/PipeANN-supersector32k-work/indexes/phaseC_cycle05_retrain_each_cycle_a6935c93c7_super32k_v3,True,graph,168,True,400,intersect,/mnt/nvme1n1/PipeANN-github/experiments/v100_pq_drift_1m_baseline_20260601T043217Z/indexes/phaseC_cycle05_retrain_each_cycle,/mnt/nvme1n1/PipeANN-supersector32k-work/indexes/phaseC_cycle05_retrain_each_cycle_a6935c93c7_super32k_v3,retrain_each_cycle,ok,119280,1,0,/mnt/nvme1n1/PipeANN-github/experiments/v100_pq_drift_1m_baseline_20260601T043217Z/indexes/phaseC_cycle05_retrain_each_cycle,/mnt/nvme1n1/PipeANN-supersector32k-work/indexes/phaseC_cycle05_retrain_each_cycle_a6935c93c7_super32k_v3,retrain_each_cycle,5.704828
/mnt/nvme1n1/PipeANN-supersector32k-work/indexes/phaseC_cycle05_retrain_each_cycle_a6935c93c7_super32k_v3_disk.index,ok,32768,33,4096,3,graph,7011.226641,16,u100,1000000.0,300,during_background,20-27,8,True,,7.011499,0,0,1,,10000,/mnt/nvme1n1/PipeANN-supersector32k-work/indexes/phaseC_cycle05_retrain_each_cycle_a6935c93c7_super32k_v3,20-27,8.641743659973145,1780358547.6500108,1780358539.0074859,1000,16,supersector32k,page_aware_slots,3,1000000,297352,119280,1000000.0,17211.867,0.0,6656.288,0.0,353.093,17211.867,0.0,353.093,6716.213,1446268.928,19.814,119280,measure-dynamic-search,6964.548,21669.0,0.0,7285.141,368.0,21669.0,0.0,368.0,6993.0,1507328.0,7685.917,4096,measure-dynamic-search,4096,1000000,16,0,297352,142.622861,14576,297352,/mnt/nvme1n1/PipeANN-github/build_reviewed_20260602_querycache/tests/dynamic_update_suite_driver --mode measure-dynamic-search --source-prefix /mnt/nvme1n1/PipeANN-supersector32k-work/indexes/phaseC_cycle05_retrain_each_cycle_a6935c93c7_super32k_v3 --jsonl-output /mnt/nvme1n1/PipeANN-github/experiments/v100_background_interference_full_v5_v3raw_fixed_20260601T234715Z/tmp/during_background_0169_row0169.jsonl --insert-threads 16 --search-threads 1 --merge-threads 16 --build-l 220 --build-r 116 --beamwidth 4 --k 10 --cpu-cap 8 --metric l2 --route graph --search-l 300 --data-bin experiments/v100_pq_drift_1m_baseline_20260601T043217Z/data/phaseC_cycle05_live_data_by_tag.bin --base-label-file experiments/v100_pq_drift_1m_baseline_20260601T043217Z/labels/base_labels_1000000.spmat --query-bin /mnt/nvme1n1/PipeANN-github/experiments/r116_suite_pq16_aris_20260520_072453/data/sift_query_1000.bin --truthset-bin experiments/v100_pq_drift_1m_baseline_20260601T043217Z/truth/phaseC_cycle05_intersect_u100.bin --query-label-file /mnt/nvme1n1/PipeANN-github/experiments/r116_suite_pq16_aris_20260520_072453/labels/query_1000_u100.spmat --selector-type intersect --query-limit 1000,98.02,169,graph,297352,282776,300,intersect,True,u100,supersector32k,True,page_aware_slots,3,4096,4096,/mnt/nvme1n1/PipeANN-supersector32k-work/indexes/phaseC_cycle05_retrain_each_cycle_a6935c93c7_super32k_v3,True,graph,169,True,300,intersect,/mnt/nvme1n1/PipeANN-github/experiments/v100_pq_drift_1m_baseline_20260601T043217Z/indexes/phaseC_cycle05_retrain_each_cycle,/mnt/nvme1n1/PipeANN-supersector32k-work/indexes/phaseC_cycle05_retrain_each_cycle_a6935c93c7_super32k_v3,retrain_each_cycle,ok,119280,1,0,/mnt/nvme1n1/PipeANN-github/experiments/v100_pq_drift_1m_baseline_20260601T043217Z/indexes/phaseC_cycle05_retrain_each_cycle,/mnt/nvme1n1/PipeANN-supersector32k-work/indexes/phaseC_cycle05_retrain_each_cycle_a6935c93c7_super32k_v3,retrain_each_cycle,7.011499
/mnt/nvme1n1/PipeANN-supersector32k-work/indexes/phaseC_cycle05_retrain_each_cycle_a6935c93c7_super32k_v3_disk.index,ok,32768,33,4096,3,prefilter,166.038409,16,u1e-03,1000.0,50,during_background,20-27,8,True,,0.166149,0,0,1,,10000,/mnt/nvme1n1/PipeANN-supersector32k-work/indexes/phaseC_cycle05_retrain_each_cycle_a6935c93c7_super32k_v3,20-27,1.8565073013305664,1780358549.5155833,1780358547.6574023,0,16,supersector32k,page_aware_slots,3,1000000,281632,119280,1000.0,0.0,0.0,0.0,0.0,109.686,1000.0,0.0,109.686,163.315,449273.856,38.04,119280,measure-dynamic-search,162.401,0.0,0.0,186.663,116.0,1000.0,0.0,116.0,184.0,475136.0,200.134,4096,measure-dynamic-search,4096,1000000,16,1000,281632,6018.706018,984,281632,/mnt/nvme1n1/PipeANN-github/build_reviewed_20260602_querycache/tests/dynamic_update_suite_driver --mode measure-dynamic-search --source-prefix /mnt/nvme1n1/PipeANN-supersector32k-work/indexes/phaseC_cycle05_retrain_each_cycle_a6935c93c7_super32k_v3 --jsonl-output /mnt/nvme1n1/PipeANN-github/experiments/v100_background_interference_full_v5_v3raw_fixed_20260601T234715Z/tmp/during_background_0170_row0170.jsonl --insert-threads 16 --search-threads 1 --merge-threads 16 --build-l 220 --build-r 116 --beamwidth 4 --k 10 --cpu-cap 8 --metric l2 --route prefilter --search-l 50 --data-bin experiments/v100_pq_drift_1m_baseline_20260601T043217Z/data/phaseC_cycle05_live_data_by_tag.bin --base-label-file experiments/v100_pq_drift_1m_baseline_20260601T043217Z/labels/base_labels_1000000.spmat --query-bin /mnt/nvme1n1/PipeANN-github/experiments/r116_suite_pq16_aris_20260520_072453/data/sift_query_1000.bin --truthset-bin experiments/v100_pq_drift_1m_baseline_20260601T043217Z/truth/phaseC_cycle05_range_u1e-03.bin --query-label-file /mnt/nvme1n1/PipeANN-github/experiments/r116_suite_pq16_aris_20260520_072453/labels/query_1000_range_u1e-03.spmat --selector-type range --query-limit 1000,99.97,170,prefilter,281632,280648,50,range,True,u1e-03,supersector32k,True,page_aware_slots,3,4096,4096,/mnt/nvme1n1/PipeANN-supersector32k-work/indexes/phaseC_cycle05_retrain_each_cycle_a6935c93c7_super32k_v3,True,prefilter,170,True,50,range,/mnt/nvme1n1/PipeANN-github/experiments/v100_pq_drift_1m_baseline_20260601T043217Z/indexes/phaseC_cycle05_retrain_each_cycle,/mnt/nvme1n1/PipeANN-supersector32k-work/indexes/phaseC_cycle05_retrain_each_cycle_a6935c93c7_super32k_v3,retrain_each_cycle,ok,119280,1,0,/mnt/nvme1n1/PipeANN-github/experiments/v100_pq_drift_1m_baseline_20260601T043217Z/indexes/phaseC_cycle05_retrain_each_cycle,/mnt/nvme1n1/PipeANN-supersector32k-work/indexes/phaseC_cycle05_retrain_each_cycle_a6935c93c7_super32k_v3,retrain_each_cycle,0.166149
/mnt/nvme1n1/PipeANN-supersector32k-work/indexes/phaseC_cycle05_retrain_each_cycle_a6935c93c7_super32k_v3_disk.index,ok,32768,33,4096,3,prefilter,218.825333,16,u3e-03,3000.0,75,during_background,20-27,8,True,,0.218961,0,0,1,,10000,/mnt/nvme1n1/PipeANN-supersector32k-work/indexes/phaseC_cycle05_retrain_each_cycle_a6935c93c7_super32k_v3,20-27,1.8058722019195557,1780358551.3303344,1780358549.5236087,0,16,supersector32k,page_aware_slots,3,1000000,281808,119280,3000.0,0.0,0.0,0.0,0.0,110.456,3000.0,0.0,110.456,216.003,452427.776,43.051,119280,measure-dynamic-search,216.761,0.0,0.0,240.545,115.0,3000.0,0.0,115.0,238.0,471040.0,256.472,4096,measure-dynamic-search,4096,1000000,16,1000,281808,4567.033113,1136,281808,/mnt/nvme1n1/PipeANN-github/build_reviewed_20260602_querycache/tests/dynamic_update_suite_driver --mode measure-dynamic-search --source-prefix /mnt/nvme1n1/PipeANN-supersector32k-work/indexes/phaseC_cycle05_retrain_each_cycle_a6935c93c7_super32k_v3 --jsonl-output /mnt/nvme1n1/PipeANN-github/experiments/v100_background_interference_full_v5_v3raw_fixed_20260601T234715Z/tmp/during_background_0171_row0171.jsonl --insert-threads 16 --search-threads 1 --merge-threads 16 --build-l 220 --build-r 116 --beamwidth 4 --k 10 --cpu-cap 8 --metric l2 --route prefilter --search-l 75 --data-bin experiments/v100_pq_drift_1m_baseline_20260601T043217Z/data/phaseC_cycle05_live_data_by_tag.bin --base-label-file experiments/v100_pq_drift_1m_baseline_20260601T043217Z/labels/base_labels_1000000.spmat --query-bin /mnt/nvme1n1/PipeANN-github/experiments/r116_suite_pq16_aris_20260520_072453/data/sift_query_1000.bin --truthset-bin experiments/v100_pq_drift_1m_baseline_20260601T043217Z/truth/phaseC_cycle05_range_u3e-03.bin --query-label-file /mnt/nvme1n1/PipeANN-github/experiments/r116_suite_pq16_aris_20260520_072453/labels/query_1000_range_u3e-03.spmat --selector-type range --query-limit 1000,99.8,171,prefilter,281808,280672,75,range,True,u3e-03,supersector32k,True,page_aware_slots,3,4096,4096,/mnt/nvme1n1/PipeANN-supersector32k-work/indexes/phaseC_cycle05_retrain_each_cycle_a6935c93c7_super32k_v3,True,prefilter,171,True,75,range,/mnt/nvme1n1/PipeANN-github/experiments/v100_pq_drift_1m_baseline_20260601T043217Z/indexes/phaseC_cycle05_retrain_each_cycle,/mnt/nvme1n1/PipeANN-supersector32k-work/indexes/phaseC_cycle05_retrain_each_cycle_a6935c93c7_super32k_v3,retrain_each_cycle,ok,119280,1,0,/mnt/nvme1n1/PipeANN-github/experiments/v100_pq_drift_1m_baseline_20260601T043217Z/indexes/phaseC_cycle05_retrain_each_cycle,/mnt/nvme1n1/PipeANN-supersector32k-work/indexes/phaseC_cycle05_retrain_each_cycle_a6935c93c7_super32k_v3,retrain_each_cycle,0.218961
/mnt/nvme1n1/PipeANN-supersector32k-work/indexes/phaseC_cycle05_retrain_each_cycle_a6935c93c7_super32k_v3_disk.index,ok,32768,33,4096,3,prefilter,437.988178,16,u1e-02,10000.0,100,during_background,20-27,8,True,,0.438159,0,0,1,,10000,/mnt/nvme1n1/PipeANN-supersector32k-work/indexes/phaseC_cycle05_retrain_each_cycle_a6935c93c7_super32k_v3,20-27,1.9703822135925293,1780358553.3084605,1780358551.3373263,0,16,supersector32k,page_aware_slots,3,1000000,281840,119280,10000.0,0.0,0.0,0.0,0.0,146.7,10000.0,0.0,146.7,434.826,600883.2,60.746,119280,measure-dynamic-search,428.973,0.0,0.0,489.904,153.0,10000.0,0.0,153.0,486.0,626688.0,512.073,4096,measure-dynamic-search,4096,1000000,16,1000,281840,2282.278656,988,281840,/mnt/nvme1n1/PipeANN-github/build_reviewed_20260602_querycache/tests/dynamic_update_suite_driver --mode measure-dynamic-search --source-prefix /mnt/nvme1n1/PipeANN-supersector32k-work/indexes/phaseC_cycle05_retrain_each_cycle_a6935c93c7_super32k_v3 --jsonl-output /mnt/nvme1n1/PipeANN-github/experiments/v100_background_interference_full_v5_v3raw_fixed_20260601T234715Z/tmp/during_background_0172_row0172.jsonl --insert-threads 16 --search-threads 1 --merge-threads 16 --build-l 220 --build-r 116 --beamwidth 4 --k 10 --cpu-cap 8 --metric l2 --route prefilter --search-l 100 --data-bin experiments/v100_pq_drift_1m_baseline_20260601T043217Z/data/phaseC_cycle05_live_data_by_tag.bin --base-label-file experiments/v100_pq_drift_1m_baseline_20260601T043217Z/labels/base_labels_1000000.spmat --query-bin /mnt/nvme1n1/PipeANN-github/experiments/r116_suite_pq16_aris_20260520_072453/data/sift_query_1000.bin --truthset-bin experiments/v100_pq_drift_1m_baseline_20260601T043217Z/truth/phaseC_cycle05_range_u1e-02.bin --query-label-file /mnt/nvme1n1/PipeANN-github/experiments/r116_suite_pq16_aris_20260520_072453/labels/query_1000_range_u1e-02.spmat --selector-type range --query-limit 1000,99.63,172,prefilter,281840,280852,100,range,True,u1e-02,supersector32k,True,page_aware_slots,3,4096,4096,/mnt/nvme1n1/PipeANN-supersector32k-work/indexes/phaseC_cycle05_retrain_each_cycle_a6935c93c7_super32k_v3,True,prefilter,172,True,100,range,/mnt/nvme1n1/PipeANN-github/experiments/v100_pq_drift_1m_baseline_20260601T043217Z/indexes/phaseC_cycle05_retrain_each_cycle,/mnt/nvme1n1/PipeANN-supersector32k-work/indexes/phaseC_cycle05_retrain_each_cycle_a6935c93c7_super32k_v3,retrain_each_cycle,ok,119280,1,0,/mnt/nvme1n1/PipeANN-github/experiments/v100_pq_drift_1m_baseline_20260601T043217Z/indexes/phaseC_cycle05_retrain_each_cycle,/mnt/nvme1n1/PipeANN-supersector32k-work/indexes/phaseC_cycle05_retrain_each_cycle_a6935c93c7_super32k_v3,retrain_each_cycle,0.438159
/mnt/nvme1n1/PipeANN-supersector32k-work/indexes/phaseC_cycle05_retrain_each_cycle_a6935c93c7_super32k_v3_disk.index,ok,32768,33,4096,3,prefilter,1233.270414,16,u5e-02,50000.0,75,during_background,20-27,8,True,,1.233454,0,0,1,,10000,/mnt/nvme1n1/PipeANN-supersector32k-work/indexes/phaseC_cycle05_retrain_each_cycle_a6935c93c7_super32k_v3,20-27,2.7873895168304443,1780358556.1036742,1780358553.3155346,0,16,supersector32k,page_aware_slots,3,1000000,281740,119280,50000.0,0.0,0.0,0.0,0.0,184.086,50000.0,0.0,184.086,1229.949,754016.256,108.152,119280,measure-dynamic-search,1224.612,0.0,0.0,1320.931,191.0,50000.0,0.0,191.0,1318.0,782336.0,1364.589,4096,measure-dynamic-search,4096,1000000,16,1000,281740,810.731765,924,281740,/mnt/nvme1n1/PipeANN-github/build_reviewed_20260602_querycache/tests/dynamic_update_suite_driver --mode measure-dynamic-search --source-prefix /mnt/nvme1n1/PipeANN-supersector32k-work/indexes/phaseC_cycle05_retrain_each_cycle_a6935c93c7_super32k_v3 --jsonl-output /mnt/nvme1n1/PipeANN-github/experiments/v100_background_interference_full_v5_v3raw_fixed_20260601T234715Z/tmp/during_background_0173_row0173.jsonl --insert-threads 16 --search-threads 1 --merge-threads 16 --build-l 220 --build-r 116 --beamwidth 4 --k 10 --cpu-cap 8 --metric l2 --route prefilter --search-l 75 --data-bin experiments/v100_pq_drift_1m_baseline_20260601T043217Z/data/phaseC_cycle05_live_data_by_tag.bin --base-label-file experiments/v100_pq_drift_1m_baseline_20260601T043217Z/labels/base_labels_1000000.spmat --query-bin /mnt/nvme1n1/PipeANN-github/experiments/r116_suite_pq16_aris_20260520_072453/data/sift_query_1000.bin --truthset-bin experiments/v100_pq_drift_1m_baseline_20260601T043217Z/truth/phaseC_cycle05_range_u5e-02.bin --query-label-file /mnt/nvme1n1/PipeANN-github/experiments/r116_suite_pq16_aris_20260520_072453/labels/query_1000_range_u5e-02.spmat --selector-type range --query-limit 1000,99.32,173,prefilter,281740,280816,75,range,True,u5e-02,supersector32k,True,page_aware_slots,3,4096,4096,/mnt/nvme1n1/PipeANN-supersector32k-work/indexes/phaseC_cycle05_retrain_each_cycle_a6935c93c7_super32k_v3,True,prefilter,173,True,75,range,/mnt/nvme1n1/PipeANN-github/experiments/v100_pq_drift_1m_baseline_20260601T043217Z/indexes/phaseC_cycle05_retrain_each_cycle,/mnt/nvme1n1/PipeANN-supersector32k-work/indexes/phaseC_cycle05_retrain_each_cycle_a6935c93c7_super32k_v3,retrain_each_cycle,ok,119280,1,0,/mnt/nvme1n1/PipeANN-github/experiments/v100_pq_drift_1m_baseline_20260601T043217Z/indexes/phaseC_cycle05_retrain_each_cycle,/mnt/nvme1n1/PipeANN-supersector32k-work/indexes/phaseC_cycle05_retrain_each_cycle_a6935c93c7_super32k_v3,retrain_each_cycle,1.233454
/mnt/nvme1n1/PipeANN-supersector32k-work/indexes/phaseC_cycle05_retrain_each_cycle_a6935c93c7_super32k_v3_disk.index,ok,32768,33,4096,3,prefilter,1932.236021,16,u1e-01,100000.0,75,during_background,20-27,8,True,,1.932443,0,0,1,,10000,/mnt/nvme1n1/PipeANN-supersector32k-work/indexes/phaseC_cycle05_retrain_each_cycle_a6935c93c7_super32k_v3,20-27,3.495910882949829,1780358559.6077769,1780358556.1110864,0,16,supersector32k,page_aware_slots,3,1000000,281868,119280,100000.0,0.0,0.0,0.0,0.0,183.641,100000.0,0.0,183.641,1928.405,752193.536,168.66,119280,measure-dynamic-search,1920.723,0.0,0.0,2048.13,191.0,100000.0,0.0,191.0,2045.0,782336.0,2110.76,4096,measure-dynamic-search,4096,1000000,16,1000,281868,517.479587,1132,281868,/mnt/nvme1n1/PipeANN-github/build_reviewed_20260602_querycache/tests/dynamic_update_suite_driver --mode measure-dynamic-search --source-prefix /mnt/nvme1n1/PipeANN-supersector32k-work/indexes/phaseC_cycle05_retrain_each_cycle_a6935c93c7_super32k_v3 --jsonl-output /mnt/nvme1n1/PipeANN-github/experiments/v100_background_interference_full_v5_v3raw_fixed_20260601T234715Z/tmp/during_background_0174_row0174.jsonl --insert-threads 16 --search-threads 1 --merge-threads 16 --build-l 220 --build-r 116 --beamwidth 4 --k 10 --cpu-cap 8 --metric l2 --route prefilter --search-l 75 --data-bin experiments/v100_pq_drift_1m_baseline_20260601T043217Z/data/phaseC_cycle05_live_data_by_tag.bin --base-label-file experiments/v100_pq_drift_1m_baseline_20260601T043217Z/labels/base_labels_1000000.spmat --query-bin /mnt/nvme1n1/PipeANN-github/experiments/r116_suite_pq16_aris_20260520_072453/data/sift_query_1000.bin --truthset-bin experiments/v100_pq_drift_1m_baseline_20260601T043217Z/truth/phaseC_cycle05_range_u1e-01.bin --query-label-file /mnt/nvme1n1/PipeANN-github/experiments/r116_suite_pq16_aris_20260520_072453/labels/query_1000_range_u1e-01.spmat --selector-type range --query-limit 1000,98.9,174,prefilter,281868,280736,75,range,True,u1e-01,supersector32k,True,page_aware_slots,3,4096,4096,/mnt/nvme1n1/PipeANN-supersector32k-work/indexes/phaseC_cycle05_retrain_each_cycle_a6935c93c7_super32k_v3,True,prefilter,174,True,75,range,/mnt/nvme1n1/PipeANN-github/experiments/v100_pq_drift_1m_baseline_20260601T043217Z/indexes/phaseC_cycle05_retrain_each_cycle,/mnt/nvme1n1/PipeANN-supersector32k-work/indexes/phaseC_cycle05_retrain_each_cycle_a6935c93c7_super32k_v3,retrain_each_cycle,ok,119280,1,0,/mnt/nvme1n1/PipeANN-github/experiments/v100_pq_drift_1m_baseline_20260601T043217Z/indexes/phaseC_cycle05_retrain_each_cycle,/mnt/nvme1n1/PipeANN-supersector32k-work/indexes/phaseC_cycle05_retrain_each_cycle_a6935c93c7_super32k_v3,retrain_each_cycle,1.932443
/mnt/nvme1n1/PipeANN-supersector32k-work/indexes/phaseC_cycle05_retrain_each_cycle_a6935c93c7_super32k_v3_disk.index,ok,32768,33,4096,3,prefilter,4151.470352,16,u25,250000.0,250,during_background,20-27,8,True,,4.151876,0,0,1,,10000,/mnt/nvme1n1/PipeANN-supersector32k-work/indexes/phaseC_cycle05_retrain_each_cycle_a6935c93c7_super32k_v3,20-27,5.685910224914551,1780358565.30178,1780358559.6150796,0,16,supersector32k,page_aware_slots,3,1000000,281792,119280,250000.0,0.0,0.0,0.0,0.0,287.456,250000.0,0.0,287.456,4146.844,1177419.776,335.71,119280,measure-dynamic-search,4133.698,0.0,0.0,4307.717,297.0,250000.0,0.0,297.0,4303.0,1216512.0,4503.99,4096,measure-dynamic-search,4096,1000000,16,1000,281792,240.854995,1128,281792,/mnt/nvme1n1/PipeANN-github/build_reviewed_20260602_querycache/tests/dynamic_update_suite_driver --mode measure-dynamic-search --source-prefix /mnt/nvme1n1/PipeANN-supersector32k-work/indexes/phaseC_cycle05_retrain_each_cycle_a6935c93c7_super32k_v3 --jsonl-output /mnt/nvme1n1/PipeANN-github/experiments/v100_background_interference_full_v5_v3raw_fixed_20260601T234715Z/tmp/during_background_0175_row0175.jsonl --insert-threads 16 --search-threads 1 --merge-threads 16 --build-l 220 --build-r 116 --beamwidth 4 --k 10 --cpu-cap 8 --metric l2 --route prefilter --search-l 250 --data-bin experiments/v100_pq_drift_1m_baseline_20260601T043217Z/data/phaseC_cycle05_live_data_by_tag.bin --base-label-file experiments/v100_pq_drift_1m_baseline_20260601T043217Z/labels/base_labels_1000000.spmat --query-bin /mnt/nvme1n1/PipeANN-github/experiments/r116_suite_pq16_aris_20260520_072453/data/sift_query_1000.bin --truthset-bin experiments/v100_pq_drift_1m_baseline_20260601T043217Z/truth/phaseC_cycle05_range_u25.bin --query-label-file /mnt/nvme1n1/PipeANN-github/experiments/r116_suite_pq16_aris_20260520_072453/labels/query_1000_range_u25.spmat --selector-type range --query-limit 1000,98.57,175,prefilter,281792,280664,250,range,True,u25,supersector32k,True,page_aware_slots,3,4096,4096,/mnt/nvme1n1/PipeANN-supersector32k-work/indexes/phaseC_cycle05_retrain_each_cycle_a6935c93c7_super32k_v3,True,prefilter,175,True,250,range,/mnt/nvme1n1/PipeANN-github/experiments/v100_pq_drift_1m_baseline_20260601T043217Z/indexes/phaseC_cycle05_retrain_each_cycle,/mnt/nvme1n1/PipeANN-supersector32k-work/indexes/phaseC_cycle05_retrain_each_cycle_a6935c93c7_super32k_v3,retrain_each_cycle,ok,119280,1,0,/mnt/nvme1n1/PipeANN-github/experiments/v100_pq_drift_1m_baseline_20260601T043217Z/indexes/phaseC_cycle05_retrain_each_cycle,/mnt/nvme1n1/PipeANN-supersector32k-work/indexes/phaseC_cycle05_retrain_each_cycle_a6935c93c7_super32k_v3,retrain_each_cycle,4.151876
/mnt/nvme1n1/PipeANN-supersector32k-work/indexes/phaseC_cycle05_retrain_each_cycle_a6935c93c7_super32k_v3_disk.index,ok,32768,33,4096,3,prefilter,4838.416693,16,u30,300000.0,250,during_background,20-27,8,True,,4.838789,0,0,1,,10000,/mnt/nvme1n1/PipeANN-supersector32k-work/indexes/phaseC_cycle05_retrain_each_cycle_a6935c93c7_super32k_v3,20-27,6.242386341094971,1780358571.5523334,1780358565.3091683,0,16,supersector32k,page_aware_slots,3,1000000,281804,119280,300000.0,0.0,0.0,0.0,0.0,287.372,300000.0,0.0,287.372,4833.235,1177075.712,400.037,119280,measure-dynamic-search,4815.42,0.0,0.0,5006.577,297.0,300000.0,0.0,297.0,5001.0,1216512.0,5291.686,4096,measure-dynamic-search,4096,1000000,16,1000,281804,206.663261,1132,281804,/mnt/nvme1n1/PipeANN-github/build_reviewed_20260602_querycache/tests/dynamic_update_suite_driver --mode measure-dynamic-search --source-prefix /mnt/nvme1n1/PipeANN-supersector32k-work/indexes/phaseC_cycle05_retrain_each_cycle_a6935c93c7_super32k_v3 --jsonl-output /mnt/nvme1n1/PipeANN-github/experiments/v100_background_interference_full_v5_v3raw_fixed_20260601T234715Z/tmp/during_background_0176_row0176.jsonl --insert-threads 16 --search-threads 1 --merge-threads 16 --build-l 220 --build-r 116 --beamwidth 4 --k 10 --cpu-cap 8 --metric l2 --route prefilter --search-l 250 --data-bin experiments/v100_pq_drift_1m_baseline_20260601T043217Z/data/phaseC_cycle05_live_data_by_tag.bin --base-label-file experiments/v100_pq_drift_1m_baseline_20260601T043217Z/labels/base_labels_1000000.spmat --query-bin /mnt/nvme1n1/PipeANN-github/experiments/r116_suite_pq16_aris_20260520_072453/data/sift_query_1000.bin --truthset-bin experiments/v100_pq_drift_1m_baseline_20260601T043217Z/truth/phaseC_cycle05_range_u30.bin --query-label-file /mnt/nvme1n1/PipeANN-github/experiments/r116_suite_pq16_aris_20260520_072453/labels/query_1000_range_u30.spmat --selector-type range --query-limit 1000,98.37,176,prefilter,281804,280672,250,range,True,u30,supersector32k,True,page_aware_slots,3,4096,4096,/mnt/nvme1n1/PipeANN-supersector32k-work/indexes/phaseC_cycle05_retrain_each_cycle_a6935c93c7_super32k_v3,True,prefilter,176,True,250,range,/mnt/nvme1n1/PipeANN-github/experiments/v100_pq_drift_1m_baseline_20260601T043217Z/indexes/phaseC_cycle05_retrain_each_cycle,/mnt/nvme1n1/PipeANN-supersector32k-work/indexes/phaseC_cycle05_retrain_each_cycle_a6935c93c7_super32k_v3,retrain_each_cycle,ok,119280,1,0,/mnt/nvme1n1/PipeANN-github/experiments/v100_pq_drift_1m_baseline_20260601T043217Z/indexes/phaseC_cycle05_retrain_each_cycle,/mnt/nvme1n1/PipeANN-supersector32k-work/indexes/phaseC_cycle05_retrain_each_cycle_a6935c93c7_super32k_v3,retrain_each_cycle,4.838789
/mnt/nvme1n1/PipeANN-supersector32k-work/indexes/phaseC_cycle05_retrain_each_cycle_a6935c93c7_super32k_v3_disk.index,ok,32768,33,4096,3,prefilter,7788.650038,16,u50,500000.0,300,during_background,20-27,8,True,,7.789129,0,0,1,,10000,/mnt/nvme1n1/PipeANN-supersector32k-work/indexes/phaseC_cycle05_retrain_each_cycle_a6935c93c7_super32k_v3,20-27,9.312920331954956,1780358580.8734002,1780358571.559676,0,16,supersector32k,page_aware_slots,3,1000000,281700,119280,500000.0,0.0,0.0,0.0,0.0,344.157,500000.0,0.0,344.157,7780.698,1409667.072,649.841,119280,measure-dynamic-search,7722.826,0.0,0.0,8175.121,354.0,500000.0,0.0,354.0,8164.0,1449984.0,8608.705,4096,measure-dynamic-search,4096,1000000,16,1000,281700,128.384061,992,281700,/mnt/nvme1n1/PipeANN-github/build_reviewed_20260602_querycache/tests/dynamic_update_suite_driver --mode measure-dynamic-search --source-prefix /mnt/nvme1n1/PipeANN-supersector32k-work/indexes/phaseC_cycle05_retrain_each_cycle_a6935c93c7_super32k_v3 --jsonl-output /mnt/nvme1n1/PipeANN-github/experiments/v100_background_interference_full_v5_v3raw_fixed_20260601T234715Z/tmp/during_background_0177_row0177.jsonl --insert-threads 16 --search-threads 1 --merge-threads 16 --build-l 220 --build-r 116 --beamwidth 4 --k 10 --cpu-cap 8 --metric l2 --route prefilter --search-l 300 --data-bin experiments/v100_pq_drift_1m_baseline_20260601T043217Z/data/phaseC_cycle05_live_data_by_tag.bin --base-label-file experiments/v100_pq_drift_1m_baseline_20260601T043217Z/labels/base_labels_1000000.spmat --query-bin /mnt/nvme1n1/PipeANN-github/experiments/r116_suite_pq16_aris_20260520_072453/data/sift_query_1000.bin --truthset-bin experiments/v100_pq_drift_1m_baseline_20260601T043217Z/truth/phaseC_cycle05_range_u50.bin --query-label-file /mnt/nvme1n1/PipeANN-github/experiments/r116_suite_pq16_aris_20260520_072453/labels/query_1000_range_u50.spmat --selector-type range --query-limit 1000,98.5,177,prefilter,257096,280708,300,range,True,u50,supersector32k,True,page_aware_slots,3,4096,4096,/mnt/nvme1n1/PipeANN-supersector32k-work/indexes/phaseC_cycle05_retrain_each_cycle_a6935c93c7_super32k_v3,True,prefilter,177,True,300,range,/mnt/nvme1n1/PipeANN-github/experiments/v100_pq_drift_1m_baseline_20260601T043217Z/indexes/phaseC_cycle05_retrain_each_cycle,/mnt/nvme1n1/PipeANN-supersector32k-work/indexes/phaseC_cycle05_retrain_each_cycle_a6935c93c7_super32k_v3,retrain_each_cycle,ok,119280,1,0,/mnt/nvme1n1/PipeANN-github/experiments/v100_pq_drift_1m_baseline_20260601T043217Z/indexes/phaseC_cycle05_retrain_each_cycle,/mnt/nvme1n1/PipeANN-supersector32k-work/indexes/phaseC_cycle05_retrain_each_cycle_a6935c93c7_super32k_v3,retrain_each_cycle,7.789129
/mnt/nvme1n1/PipeANN-supersector32k-work/indexes/phaseC_cycle05_retrain_each_cycle_a6935c93c7_super32k_v3_disk.index,ok,32768,33,4096,3,mixed,5766.073113,16,u75,750000.0,400,during_background,20-27,8,True,,5.766422,0,1000,1,,10000,/mnt/nvme1n1/PipeANN-supersector32k-work/indexes/phaseC_cycle05_retrain_each_cycle_a6935c93c7_super32k_v3,20-27,7.30368971824646,1780358588.1852999,1780358580.8808174,0,16,supersector32k,page_aware_slots,3,1000000,294176,119280,750000.0,21132.939,0.0,5295.29,0.0,465.921,21132.939,0.0,465.921,5432.471,1908412.416,90.903,119280,measure-dynamic-search,5739.242,26910.0,0.0,6087.55,484.0,26910.0,0.0,484.0,5755.0,1982464.0,6565.519,4096,measure-dynamic-search,4096,1000000,16,0,294176,173.417748,13496,294176,/mnt/nvme1n1/PipeANN-github/build_reviewed_20260602_querycache/tests/dynamic_update_suite_driver --mode measure-dynamic-search --source-prefix /mnt/nvme1n1/PipeANN-supersector32k-work/indexes/phaseC_cycle05_retrain_each_cycle_a6935c93c7_super32k_v3 --jsonl-output /mnt/nvme1n1/PipeANN-github/experiments/v100_background_interference_full_v5_v3raw_fixed_20260601T234715Z/tmp/during_background_0178_row0178.jsonl --insert-threads 16 --search-threads 1 --merge-threads 16 --build-l 220 --build-r 116 --beamwidth 8 --k 10 --cpu-cap 8 --metric l2 --route graph --search-l 400 --data-bin experiments/v100_pq_drift_1m_baseline_20260601T043217Z/data/phaseC_cycle05_live_data_by_tag.bin --base-label-file experiments/v100_pq_drift_1m_baseline_20260601T043217Z/labels/base_labels_1000000.spmat --query-bin /mnt/nvme1n1/PipeANN-github/experiments/r116_suite_pq16_aris_20260520_072453/data/sift_query_1000.bin --truthset-bin experiments/v100_pq_drift_1m_baseline_20260601T043217Z/truth/phaseC_cycle05_range_u75.bin --query-label-file /mnt/nvme1n1/PipeANN-github/experiments/r116_suite_pq16_aris_20260520_072453/labels/query_1000_range_u75.spmat --selector-type range --query-limit 1000,98.31,178,graph,294176,280680,400,range,True,u75,supersector32k,True,page_aware_slots,3,4096,4096,/mnt/nvme1n1/PipeANN-supersector32k-work/indexes/phaseC_cycle05_retrain_each_cycle_a6935c93c7_super32k_v3,True,graph,178,True,400,range,/mnt/nvme1n1/PipeANN-github/experiments/v100_pq_drift_1m_baseline_20260601T043217Z/indexes/phaseC_cycle05_retrain_each_cycle,/mnt/nvme1n1/PipeANN-supersector32k-work/indexes/phaseC_cycle05_retrain_each_cycle_a6935c93c7_super32k_v3,retrain_each_cycle,ok,119280,1,0,/mnt/nvme1n1/PipeANN-github/experiments/v100_pq_drift_1m_baseline_20260601T043217Z/indexes/phaseC_cycle05_retrain_each_cycle,/mnt/nvme1n1/PipeANN-supersector32k-work/indexes/phaseC_cycle05_retrain_each_cycle_a6935c93c7_super32k_v3,retrain_each_cycle,5.766422
/mnt/nvme1n1/PipeANN-supersector32k-work/indexes/phaseC_cycle05_retrain_each_cycle_a6935c93c7_super32k_v3_disk.index,ok,32768,33,4096,3,mixed,7067.232256,16,u100,1000000.0,300,during_background,20-27,8,True,,7.067628,0,1000,1,,10000,/mnt/nvme1n1/PipeANN-supersector32k-work/indexes/phaseC_cycle05_retrain_each_cycle_a6935c93c7_super32k_v3,20-27,8.878622055053711,1780358597.0720491,1780358588.192659,0,16,supersector32k,page_aware_slots,3,1000000,295156,119280,1000000.0,17212.797,0.0,6627.434,0.0,353.086,17212.797,0.0,353.086,6772.27,1446240.256,100.031,119280,measure-dynamic-search,7062.549,21669.0,0.0,7393.97,368.0,21669.0,0.0,368.0,7085.0,1507328.0,7785.268,4096,measure-dynamic-search,4096,1000000,16,0,295156,141.490196,14512,295156,/mnt/nvme1n1/PipeANN-github/build_reviewed_20260602_querycache/tests/dynamic_update_suite_driver --mode measure-dynamic-search --source-prefix /mnt/nvme1n1/PipeANN-supersector32k-work/indexes/phaseC_cycle05_retrain_each_cycle_a6935c93c7_super32k_v3 --jsonl-output /mnt/nvme1n1/PipeANN-github/experiments/v100_background_interference_full_v5_v3raw_fixed_20260601T234715Z/tmp/during_background_0179_row0179.jsonl --insert-threads 16 --search-threads 1 --merge-threads 16 --build-l 220 --build-r 116 --beamwidth 4 --k 10 --cpu-cap 8 --metric l2 --route graph --search-l 300 --data-bin experiments/v100_pq_drift_1m_baseline_20260601T043217Z/data/phaseC_cycle05_live_data_by_tag.bin --base-label-file experiments/v100_pq_drift_1m_baseline_20260601T043217Z/labels/base_labels_1000000.spmat --query-bin /mnt/nvme1n1/PipeANN-github/experiments/r116_suite_pq16_aris_20260520_072453/data/sift_query_1000.bin --truthset-bin experiments/v100_pq_drift_1m_baseline_20260601T043217Z/truth/phaseC_cycle05_range_u100.bin --query-label-file /mnt/nvme1n1/PipeANN-github/experiments/r116_suite_pq16_aris_20260520_072453/labels/query_1000_range_u100.spmat --selector-type range --query-limit 1000,98.02,179,graph,295156,280644,300,range,True,u100,supersector32k,True,page_aware_slots,3,4096,4096,/mnt/nvme1n1/PipeANN-supersector32k-work/indexes/phaseC_cycle05_retrain_each_cycle_a6935c93c7_super32k_v3,True,graph,179,True,300,range,/mnt/nvme1n1/PipeANN-github/experiments/v100_pq_drift_1m_baseline_20260601T043217Z/indexes/phaseC_cycle05_retrain_each_cycle,/mnt/nvme1n1/PipeANN-supersector32k-work/indexes/phaseC_cycle05_retrain_each_cycle_a6935c93c7_super32k_v3,retrain_each_cycle,ok,119280,1,0,/mnt/nvme1n1/PipeANN-github/experiments/v100_pq_drift_1m_baseline_20260601T043217Z/indexes/phaseC_cycle05_retrain_each_cycle,/mnt/nvme1n1/PipeANN-supersector32k-work/indexes/phaseC_cycle05_retrain_each_cycle_a6935c93c7_super32k_v3,retrain_each_cycle,7.067628
/mnt/nvme1n1/PipeANN-supersector32k-work/indexes/phaseC_cycle05_no_retrain_after_insert_df6e1795ab_super32k_v3_disk.index,ok,32768,33,4096,3,prefilter,224.234255,16,u1e-03,1000.0,50,during_background,20-27,8,True,,0.224434,0,0,1,,10000,/mnt/nvme1n1/PipeANN-supersector32k-work/indexes/phaseC_cycle05_no_retrain_after_insert_df6e1795ab_super32k_v3,20-27,4.049992799758911,1780358601.1302254,1780358597.0794528,0,16,supersector32k,page_aware_slots,3,1000000,287764,98030,1000.0,0.0,0.0,0.0,0.0,112.198,1000.0,0.0,112.198,220.993,459563.008,53.326,98030,measure-dynamic-search,213.287,0.0,0.0,245.458,119.0,1000.0,0.0,119.0,242.0,487424.0,299.364,4096,measure-dynamic-search,4096,1000000,16,1000,287764,4455.660113,1448,287764,/mnt/nvme1n1/PipeANN-github/build_reviewed_20260602_querycache/tests/dynamic_update_suite_driver --mode measure-dynamic-search --source-prefix /mnt/nvme1n1/PipeANN-supersector32k-work/indexes/phaseC_cycle05_no_retrain_after_insert_df6e1795ab_super32k_v3 --jsonl-output /mnt/nvme1n1/PipeANN-github/experiments/v100_background_interference_full_v5_v3raw_fixed_20260601T234715Z/tmp/during_background_0180_row0180.jsonl --insert-threads 16 --search-threads 1 --merge-threads 16 --build-l 220 --build-r 116 --beamwidth 4 --k 10 --cpu-cap 8 --metric l2 --route prefilter --search-l 50 --data-bin experiments/v100_pq_drift_1m_baseline_20260601T043217Z/data/phaseC_cycle05_live_data_by_tag.bin --base-label-file experiments/v100_pq_drift_1m_baseline_20260601T043217Z/labels/base_labels_1000000.spmat --query-bin /mnt/nvme1n1/PipeANN-github/experiments/r116_suite_pq16_aris_20260520_072453/data/sift_query_1000.bin --truthset-bin experiments/v100_pq_drift_1m_baseline_20260601T043217Z/truth/phaseC_cycle05_intersect_u1e-03.bin --query-label-file /mnt/nvme1n1/PipeANN-github/experiments/r116_suite_pq16_aris_20260520_072453/labels/query_1000_u1e-03.spmat --selector-type intersect --query-limit 1000,99.97,180,prefilter,287764,286316,50,intersect,True,u1e-03,supersector32k,True,page_aware_slots,3,4096,4096,/mnt/nvme1n1/PipeANN-supersector32k-work/indexes/phaseC_cycle05_no_retrain_after_insert_df6e1795ab_super32k_v3,True,prefilter,180,True,50,intersect,/mnt/nvme1n1/PipeANN-github/experiments/v100_pq_drift_1m_baseline_20260601T043217Z/indexes/phaseC_cycle05_no_retrain_after_insert,/mnt/nvme1n1/PipeANN-supersector32k-work/indexes/phaseC_cycle05_no_retrain_after_insert_df6e1795ab_super32k_v3,no_retrain_across_cycles,ok,98030,1,0,/mnt/nvme1n1/PipeANN-github/experiments/v100_pq_drift_1m_baseline_20260601T043217Z/indexes/phaseC_cycle05_no_retrain_after_insert,/mnt/nvme1n1/PipeANN-supersector32k-work/indexes/phaseC_cycle05_no_retrain_after_insert_df6e1795ab_super32k_v3,no_retrain_across_cycles,0.224434
/mnt/nvme1n1/PipeANN-supersector32k-work/indexes/phaseC_cycle05_no_retrain_after_insert_df6e1795ab_super32k_v3_disk.index,ok,32768,33,4096,3,prefilter,310.987983,16,u3e-03,3000.0,50,during_background,20-27,8,True,,0.311182,0,0,1,,10000,/mnt/nvme1n1/PipeANN-supersector32k-work/indexes/phaseC_cycle05_no_retrain_after_insert_df6e1795ab_super32k_v3,20-27,2.562437057495117,1780358603.7003014,1780358601.1371026,0,16,supersector32k,page_aware_slots,3,1000000,285780,98030,3000.0,0.0,0.0,0.0,0.0,113.317,3000.0,0.0,113.317,307.84,464146.432,83.567,98030,measure-dynamic-search,308.014,0.0,0.0,339.989,120.0,3000.0,0.0,120.0,337.0,491520.0,365.884,4096,measure-dynamic-search,4096,1000000,16,1000,285780,3213.550581,1188,285780,/mnt/nvme1n1/PipeANN-github/build_reviewed_20260602_querycache/tests/dynamic_update_suite_driver --mode measure-dynamic-search --source-prefix /mnt/nvme1n1/PipeANN-supersector32k-work/indexes/phaseC_cycle05_no_retrain_after_insert_df6e1795ab_super32k_v3 --jsonl-output /mnt/nvme1n1/PipeANN-github/experiments/v100_background_interference_full_v5_v3raw_fixed_20260601T234715Z/tmp/during_background_0181_row0181.jsonl --insert-threads 16 --search-threads 1 --merge-threads 16 --build-l 220 --build-r 116 --beamwidth 4 --k 10 --cpu-cap 8 --metric l2 --route prefilter --search-l 50 --data-bin experiments/v100_pq_drift_1m_baseline_20260601T043217Z/data/phaseC_cycle05_live_data_by_tag.bin --base-label-file experiments/v100_pq_drift_1m_baseline_20260601T043217Z/labels/base_labels_1000000.spmat --query-bin /mnt/nvme1n1/PipeANN-github/experiments/r116_suite_pq16_aris_20260520_072453/data/sift_query_1000.bin --truthset-bin experiments/v100_pq_drift_1m_baseline_20260601T043217Z/truth/phaseC_cycle05_intersect_u3e-03.bin --query-label-file /mnt/nvme1n1/PipeANN-github/experiments/r116_suite_pq16_aris_20260520_072453/labels/query_1000_u3e-03.spmat --selector-type intersect --query-limit 1000,99.74,181,prefilter,285780,284592,50,intersect,True,u3e-03,supersector32k,True,page_aware_slots,3,4096,4096,/mnt/nvme1n1/PipeANN-supersector32k-work/indexes/phaseC_cycle05_no_retrain_after_insert_df6e1795ab_super32k_v3,True,prefilter,181,True,50,intersect,/mnt/nvme1n1/PipeANN-github/experiments/v100_pq_drift_1m_baseline_20260601T043217Z/indexes/phaseC_cycle05_no_retrain_after_insert,/mnt/nvme1n1/PipeANN-supersector32k-work/indexes/phaseC_cycle05_no_retrain_after_insert_df6e1795ab_super32k_v3,no_retrain_across_cycles,ok,98030,1,0,/mnt/nvme1n1/PipeANN-github/experiments/v100_pq_drift_1m_baseline_20260601T043217Z/indexes/phaseC_cycle05_no_retrain_after_insert,/mnt/nvme1n1/PipeANN-supersector32k-work/indexes/phaseC_cycle05_no_retrain_after_insert_df6e1795ab_super32k_v3,no_retrain_across_cycles,0.311182
/mnt/nvme1n1/PipeANN-supersector32k-work/indexes/phaseC_cycle05_no_retrain_after_insert_df6e1795ab_super32k_v3_disk.index,ok,32768,33,4096,3,prefilter,608.782528,16,u1e-02,10000.0,75,during_background,20-27,8,True,,0.609017,0,0,1,,10000,/mnt/nvme1n1/PipeANN-supersector32k-work/indexes/phaseC_cycle05_no_retrain_after_insert_df6e1795ab_super32k_v3,20-27,2.8158438205718994,1780358606.5244691,1780358603.7078485,0,16,supersector32k,page_aware_slots,3,1000000,285652,98030,10000.0,0.0,0.0,0.0,0.0,147.78,10000.0,0.0,147.78,605.274,605306.88,161.879,98030,measure-dynamic-search,606.739,0.0,0.0,641.082,156.0,10000.0,0.0,156.0,638.0,638976.0,695.011,4096,measure-dynamic-search,4096,1000000,16,1000,285652,1641.99082,1268,285652,/mnt/nvme1n1/PipeANN-github/build_reviewed_20260602_querycache/tests/dynamic_update_suite_driver --mode measure-dynamic-search --source-prefix /mnt/nvme1n1/PipeANN-supersector32k-work/indexes/phaseC_cycle05_no_retrain_after_insert_df6e1795ab_super32k_v3 --jsonl-output /mnt/nvme1n1/PipeANN-github/experiments/v100_background_interference_full_v5_v3raw_fixed_20260601T234715Z/tmp/during_background_0182_row0182.jsonl --insert-threads 16 --search-threads 1 --merge-threads 16 --build-l 220 --build-r 116 --beamwidth 4 --k 10 --cpu-cap 8 --metric l2 --route prefilter --search-l 75 --data-bin experiments/v100_pq_drift_1m_baseline_20260601T043217Z/data/phaseC_cycle05_live_data_by_tag.bin --base-label-file experiments/v100_pq_drift_1m_baseline_20260601T043217Z/labels/base_labels_1000000.spmat --query-bin /mnt/nvme1n1/PipeANN-github/experiments/r116_suite_pq16_aris_20260520_072453/data/sift_query_1000.bin --truthset-bin experiments/v100_pq_drift_1m_baseline_20260601T043217Z/truth/phaseC_cycle05_intersect_u1e-02.bin --query-label-file /mnt/nvme1n1/PipeANN-github/experiments/r116_suite_pq16_aris_20260520_072453/labels/query_1000_u1e-02.spmat --selector-type intersect --query-limit 1000,99.6,182,prefilter,285652,284384,75,intersect,True,u1e-02,supersector32k,True,page_aware_slots,3,4096,4096,/mnt/nvme1n1/PipeANN-supersector32k-work/indexes/phaseC_cycle05_no_retrain_after_insert_df6e1795ab_super32k_v3,True,prefilter,182,True,75,intersect,/mnt/nvme1n1/PipeANN-github/experiments/v100_pq_drift_1m_baseline_20260601T043217Z/indexes/phaseC_cycle05_no_retrain_after_insert,/mnt/nvme1n1/PipeANN-supersector32k-work/indexes/phaseC_cycle05_no_retrain_after_insert_df6e1795ab_super32k_v3,no_retrain_across_cycles,ok,98030,1,0,/mnt/nvme1n1/PipeANN-github/experiments/v100_pq_drift_1m_baseline_20260601T043217Z/indexes/phaseC_cycle05_no_retrain_after_insert,/mnt/nvme1n1/PipeANN-supersector32k-work/indexes/phaseC_cycle05_no_retrain_after_insert_df6e1795ab_super32k_v3,no_retrain_across_cycles,0.609017
/mnt/nvme1n1/PipeANN-supersector32k-work/indexes/phaseC_cycle05_no_retrain_after_insert_df6e1795ab_super32k_v3_disk.index,ok,32768,33,4096,3,prefilter,1513.615369,16,u5e-02,50000.0,50,during_background,20-27,8,True,,1.513851,0,0,1,,10000,/mnt/nvme1n1/PipeANN-supersector32k-work/indexes/phaseC_cycle05_no_retrain_after_insert_df6e1795ab_super32k_v3,20-27,3.7080681324005127,1780358610.2407885,1780358606.5319352,0,16,supersector32k,page_aware_slots,3,1000000,285968,98030,50000.0,0.0,0.0,0.0,0.0,184.752,50000.0,0.0,184.752,1510.164,756744.192,264.72,98030,measure-dynamic-search,1509.263,0.0,0.0,1547.13,193.0,50000.0,0.0,193.0,1543.0,790528.0,1613.986,4096,measure-dynamic-search,4096,1000000,16,1000,285968,660.567148,1388,285968,/mnt/nvme1n1/PipeANN-github/build_reviewed_20260602_querycache/tests/dynamic_update_suite_driver --mode measure-dynamic-search --source-prefix /mnt/nvme1n1/PipeANN-supersector32k-work/indexes/phaseC_cycle05_no_retrain_after_insert_df6e1795ab_super32k_v3 --jsonl-output /mnt/nvme1n1/PipeANN-github/experiments/v100_background_interference_full_v5_v3raw_fixed_20260601T234715Z/tmp/during_background_0183_row0183.jsonl --insert-threads 16 --search-threads 1 --merge-threads 16 --build-l 220 --build-r 116 --beamwidth 4 --k 10 --cpu-cap 8 --metric l2 --route prefilter --search-l 50 --data-bin experiments/v100_pq_drift_1m_baseline_20260601T043217Z/data/phaseC_cycle05_live_data_by_tag.bin --base-label-file experiments/v100_pq_drift_1m_baseline_20260601T043217Z/labels/base_labels_1000000.spmat --query-bin /mnt/nvme1n1/PipeANN-github/experiments/r116_suite_pq16_aris_20260520_072453/data/sift_query_1000.bin --truthset-bin experiments/v100_pq_drift_1m_baseline_20260601T043217Z/truth/phaseC_cycle05_intersect_u5e-02.bin --query-label-file /mnt/nvme1n1/PipeANN-github/experiments/r116_suite_pq16_aris_20260520_072453/labels/query_1000_u5e-02.spmat --selector-type intersect --query-limit 1000,99.2,183,prefilter,285968,284580,50,intersect,True,u5e-02,supersector32k,True,page_aware_slots,3,4096,4096,/mnt/nvme1n1/PipeANN-supersector32k-work/indexes/phaseC_cycle05_no_retrain_after_insert_df6e1795ab_super32k_v3,True,prefilter,183,True,50,intersect,/mnt/nvme1n1/PipeANN-github/experiments/v100_pq_drift_1m_baseline_20260601T043217Z/indexes/phaseC_cycle05_no_retrain_after_insert,/mnt/nvme1n1/PipeANN-supersector32k-work/indexes/phaseC_cycle05_no_retrain_after_insert_df6e1795ab_super32k_v3,no_retrain_across_cycles,ok,98030,1,0,/mnt/nvme1n1/PipeANN-github/experiments/v100_pq_drift_1m_baseline_20260601T043217Z/indexes/phaseC_cycle05_no_retrain_after_insert,/mnt/nvme1n1/PipeANN-supersector32k-work/indexes/phaseC_cycle05_no_retrain_after_insert_df6e1795ab_super32k_v3,no_retrain_across_cycles,1.513851
/mnt/nvme1n1/PipeANN-supersector32k-work/indexes/phaseC_cycle05_no_retrain_after_insert_df6e1795ab_super32k_v3_disk.index,ok,32768,33,4096,3,prefilter,2287.803879,16,u1e-01,100000.0,50,during_background,20-27,8,True,,2.288095,0,0,1,,10000,/mnt/nvme1n1/PipeANN-supersector32k-work/indexes/phaseC_cycle05_no_retrain_after_insert_df6e1795ab_super32k_v3,20-27,4.504885673522949,1780358614.753909,1780358610.248245,0,16,supersector32k,page_aware_slots,3,1000000,285740,98030,100000.0,0.0,0.0,0.0,0.0,184.496,100000.0,0.0,184.496,2283.943,755695.616,299.156,98030,measure-dynamic-search,2279.094,0.0,0.0,2336.529,193.0,100000.0,0.0,193.0,2333.0,790528.0,2490.45,4096,measure-dynamic-search,4096,1000000,16,1000,285740,437.044754,1384,285740,/mnt/nvme1n1/PipeANN-github/build_reviewed_20260602_querycache/tests/dynamic_update_suite_driver --mode measure-dynamic-search --source-prefix /mnt/nvme1n1/PipeANN-supersector32k-work/indexes/phaseC_cycle05_no_retrain_after_insert_df6e1795ab_super32k_v3 --jsonl-output /mnt/nvme1n1/PipeANN-github/experiments/v100_background_interference_full_v5_v3raw_fixed_20260601T234715Z/tmp/during_background_0184_row0184.jsonl --insert-threads 16 --search-threads 1 --merge-threads 16 --build-l 220 --build-r 116 --beamwidth 4 --k 10 --cpu-cap 8 --metric l2 --route prefilter --search-l 50 --data-bin experiments/v100_pq_drift_1m_baseline_20260601T043217Z/data/phaseC_cycle05_live_data_by_tag.bin --base-label-file experiments/v100_pq_drift_1m_baseline_20260601T043217Z/labels/base_labels_1000000.spmat --query-bin /mnt/nvme1n1/PipeANN-github/experiments/r116_suite_pq16_aris_20260520_072453/data/sift_query_1000.bin --truthset-bin experiments/v100_pq_drift_1m_baseline_20260601T043217Z/truth/phaseC_cycle05_intersect_u1e-01.bin --query-label-file /mnt/nvme1n1/PipeANN-github/experiments/r116_suite_pq16_aris_20260520_072453/labels/query_1000_u1e-01.spmat --selector-type intersect --query-limit 1000,98.79,184,prefilter,285740,284356,50,intersect,True,u1e-01,supersector32k,True,page_aware_slots,3,4096,4096,/mnt/nvme1n1/PipeANN-supersector32k-work/indexes/phaseC_cycle05_no_retrain_after_insert_df6e1795ab_super32k_v3,True,prefilter,184,True,50,intersect,/mnt/nvme1n1/PipeANN-github/experiments/v100_pq_drift_1m_baseline_20260601T043217Z/indexes/phaseC_cycle05_no_retrain_after_insert,/mnt/nvme1n1/PipeANN-supersector32k-work/indexes/phaseC_cycle05_no_retrain_after_insert_df6e1795ab_super32k_v3,no_retrain_across_cycles,ok,98030,1,0,/mnt/nvme1n1/PipeANN-github/experiments/v100_pq_drift_1m_baseline_20260601T043217Z/indexes/phaseC_cycle05_no_retrain_after_insert,/mnt/nvme1n1/PipeANN-supersector32k-work/indexes/phaseC_cycle05_no_retrain_after_insert_df6e1795ab_super32k_v3,no_retrain_across_cycles,2.288095
/mnt/nvme1n1/PipeANN-supersector32k-work/indexes/phaseC_cycle05_no_retrain_after_insert_df6e1795ab_super32k_v3_disk.index,ok,32768,33,4096,3,prefilter,4635.551643,16,u25,250000.0,200,during_background,20-27,8,True,,4.635969,0,0,1,,10000,/mnt/nvme1n1/PipeANN-supersector32k-work/indexes/phaseC_cycle05_no_retrain_after_insert_df6e1795ab_super32k_v3,20-27,6.8838112354278564,1780358621.645902,1780358614.7613177,0,16,supersector32k,page_aware_slots,3,1000000,285828,98030,250000.0,0.0,0.0,0.0,0.0,230.422,250000.0,0.0,230.422,4629.623,943808.512,424.685,98030,measure-dynamic-search,4616.921,0.0,0.0,4776.358,239.0,250000.0,0.0,239.0,4770.0,978944.0,4960.302,4096,measure-dynamic-search,4096,1000000,16,1000,285828,215.704639,1448,285828,/mnt/nvme1n1/PipeANN-github/build_reviewed_20260602_querycache/tests/dynamic_update_suite_driver --mode measure-dynamic-search --source-prefix /mnt/nvme1n1/PipeANN-supersector32k-work/indexes/phaseC_cycle05_no_retrain_after_insert_df6e1795ab_super32k_v3 --jsonl-output /mnt/nvme1n1/PipeANN-github/experiments/v100_background_interference_full_v5_v3raw_fixed_20260601T234715Z/tmp/during_background_0185_row0185.jsonl --insert-threads 16 --search-threads 1 --merge-threads 16 --build-l 220 --build-r 116 --beamwidth 4 --k 10 --cpu-cap 8 --metric l2 --route prefilter --search-l 200 --data-bin experiments/v100_pq_drift_1m_baseline_20260601T043217Z/data/phaseC_cycle05_live_data_by_tag.bin --base-label-file experiments/v100_pq_drift_1m_baseline_20260601T043217Z/labels/base_labels_1000000.spmat --query-bin /mnt/nvme1n1/PipeANN-github/experiments/r116_suite_pq16_aris_20260520_072453/data/sift_query_1000.bin --truthset-bin experiments/v100_pq_drift_1m_baseline_20260601T043217Z/truth/phaseC_cycle05_intersect_u25.bin --query-label-file /mnt/nvme1n1/PipeANN-github/experiments/r116_suite_pq16_aris_20260520_072453/labels/query_1000_u25.spmat --selector-type intersect --query-limit 1000,98.07,185,prefilter,285828,284380,200,intersect,True,u25,supersector32k,True,page_aware_slots,3,4096,4096,/mnt/nvme1n1/PipeANN-supersector32k-work/indexes/phaseC_cycle05_no_retrain_after_insert_df6e1795ab_super32k_v3,True,prefilter,185,True,200,intersect,/mnt/nvme1n1/PipeANN-github/experiments/v100_pq_drift_1m_baseline_20260601T043217Z/indexes/phaseC_cycle05_no_retrain_after_insert,/mnt/nvme1n1/PipeANN-supersector32k-work/indexes/phaseC_cycle05_no_retrain_after_insert_df6e1795ab_super32k_v3,no_retrain_across_cycles,ok,98030,1,0,/mnt/nvme1n1/PipeANN-github/experiments/v100_pq_drift_1m_baseline_20260601T043217Z/indexes/phaseC_cycle05_no_retrain_after_insert,/mnt/nvme1n1/PipeANN-supersector32k-work/indexes/phaseC_cycle05_no_retrain_after_insert_df6e1795ab_super32k_v3,no_retrain_across_cycles,4.635969
/mnt/nvme1n1/PipeANN-supersector32k-work/indexes/phaseC_cycle05_no_retrain_after_insert_df6e1795ab_super32k_v3_disk.index,ok,32768,33,4096,3,prefilter,5430.87734,16,u30,300000.0,250,during_background,20-27,8,True,,5.431368,0,0,1,,10000,/mnt/nvme1n1/PipeANN-supersector32k-work/indexes/phaseC_cycle05_no_retrain_after_insert_df6e1795ab_super32k_v3,20-27,7.678184747695923,1780358629.331868,1780358621.6529129,0,16,supersector32k,page_aware_slots,3,1000000,285852,98030,300000.0,0.0,0.0,0.0,0.0,287.817,300000.0,0.0,287.817,5423.757,1178898.432,464.313,98030,measure-dynamic-search,5396.425,0.0,0.0,5610.813,298.0,300000.0,0.0,298.0,5598.0,1220608.0,5847.497,4096,measure-dynamic-search,4096,1000000,16,1000,285852,184.115661,1324,285852,/mnt/nvme1n1/PipeANN-github/build_reviewed_20260602_querycache/tests/dynamic_update_suite_driver --mode measure-dynamic-search --source-prefix /mnt/nvme1n1/PipeANN-supersector32k-work/indexes/phaseC_cycle05_no_retrain_after_insert_df6e1795ab_super32k_v3 --jsonl-output /mnt/nvme1n1/PipeANN-github/experiments/v100_background_interference_full_v5_v3raw_fixed_20260601T234715Z/tmp/during_background_0186_row0186.jsonl --insert-threads 16 --search-threads 1 --merge-threads 16 --build-l 220 --build-r 116 --beamwidth 4 --k 10 --cpu-cap 8 --metric l2 --route prefilter --search-l 250 --data-bin experiments/v100_pq_drift_1m_baseline_20260601T043217Z/data/phaseC_cycle05_live_data_by_tag.bin --base-label-file experiments/v100_pq_drift_1m_baseline_20260601T043217Z/labels/base_labels_1000000.spmat --query-bin /mnt/nvme1n1/PipeANN-github/experiments/r116_suite_pq16_aris_20260520_072453/data/sift_query_1000.bin --truthset-bin experiments/v100_pq_drift_1m_baseline_20260601T043217Z/truth/phaseC_cycle05_intersect_u30.bin --query-label-file /mnt/nvme1n1/PipeANN-github/experiments/r116_suite_pq16_aris_20260520_072453/labels/query_1000_u30.spmat --selector-type intersect --query-limit 1000,98.55,186,prefilter,285852,284528,250,intersect,True,u30,supersector32k,True,page_aware_slots,3,4096,4096,/mnt/nvme1n1/PipeANN-supersector32k-work/indexes/phaseC_cycle05_no_retrain_after_insert_df6e1795ab_super32k_v3,True,prefilter,186,True,250,intersect,/mnt/nvme1n1/PipeANN-github/experiments/v100_pq_drift_1m_baseline_20260601T043217Z/indexes/phaseC_cycle05_no_retrain_after_insert,/mnt/nvme1n1/PipeANN-supersector32k-work/indexes/phaseC_cycle05_no_retrain_after_insert_df6e1795ab_super32k_v3,no_retrain_across_cycles,ok,98030,1,0,/mnt/nvme1n1/PipeANN-github/experiments/v100_pq_drift_1m_baseline_20260601T043217Z/indexes/phaseC_cycle05_no_retrain_after_insert,/mnt/nvme1n1/PipeANN-supersector32k-work/indexes/phaseC_cycle05_no_retrain_after_insert_df6e1795ab_super32k_v3,no_retrain_across_cycles,5.431368
/mnt/nvme1n1/PipeANN-supersector32k-work/indexes/phaseC_cycle05_no_retrain_after_insert_df6e1795ab_super32k_v3_disk.index,ok,32768,33,4096,3,prefilter,8027.564146,16,u50,500000.0,300,during_background,20-27,8,True,,8.028053,0,0,1,,10000,/mnt/nvme1n1/PipeANN-supersector32k-work/indexes/phaseC_cycle05_no_retrain_after_insert_df6e1795ab_super32k_v3,20-27,10.281954288482666,1780358639.6218326,1780358629.3391576,0,16,supersector32k,page_aware_slots,3,1000000,287692,98030,500000.0,0.0,0.0,0.0,0.0,346.148,500000.0,0.0,346.148,8020.161,1417822.208,641.32,98030,measure-dynamic-search,7984.897,0.0,0.0,8344.257,357.0,500000.0,0.0,357.0,8335.0,1462272.0,8712.802,4096,measure-dynamic-search,4096,1000000,16,1000,287692,124.563202,1184,287624,/mnt/nvme1n1/PipeANN-github/build_reviewed_20260602_querycache/tests/dynamic_update_suite_driver --mode measure-dynamic-search --source-prefix /mnt/nvme1n1/PipeANN-supersector32k-work/indexes/phaseC_cycle05_no_retrain_after_insert_df6e1795ab_super32k_v3 --jsonl-output /mnt/nvme1n1/PipeANN-github/experiments/v100_background_interference_full_v5_v3raw_fixed_20260601T234715Z/tmp/during_background_0187_row0187.jsonl --insert-threads 16 --search-threads 1 --merge-threads 16 --build-l 220 --build-r 116 --beamwidth 4 --k 10 --cpu-cap 8 --metric l2 --route prefilter --search-l 300 --data-bin experiments/v100_pq_drift_1m_baseline_20260601T043217Z/data/phaseC_cycle05_live_data_by_tag.bin --base-label-file experiments/v100_pq_drift_1m_baseline_20260601T043217Z/labels/base_labels_1000000.spmat --query-bin /mnt/nvme1n1/PipeANN-github/experiments/r116_suite_pq16_aris_20260520_072453/data/sift_query_1000.bin --truthset-bin experiments/v100_pq_drift_1m_baseline_20260601T043217Z/truth/phaseC_cycle05_intersect_u50.bin --query-label-file /mnt/nvme1n1/PipeANN-github/experiments/r116_suite_pq16_aris_20260520_072453/labels/query_1000_u50.spmat --selector-type intersect --query-limit 1000,98.43,187,prefilter,287580,286440,300,intersect,True,u50,supersector32k,True,page_aware_slots,3,4096,4096,/mnt/nvme1n1/PipeANN-supersector32k-work/indexes/phaseC_cycle05_no_retrain_after_insert_df6e1795ab_super32k_v3,True,prefilter,187,True,300,intersect,/mnt/nvme1n1/PipeANN-github/experiments/v100_pq_drift_1m_baseline_20260601T043217Z/indexes/phaseC_cycle05_no_retrain_after_insert,/mnt/nvme1n1/PipeANN-supersector32k-work/indexes/phaseC_cycle05_no_retrain_after_insert_df6e1795ab_super32k_v3,no_retrain_across_cycles,ok,98030,1,0,/mnt/nvme1n1/PipeANN-github/experiments/v100_pq_drift_1m_baseline_20260601T043217Z/indexes/phaseC_cycle05_no_retrain_after_insert,/mnt/nvme1n1/PipeANN-supersector32k-work/indexes/phaseC_cycle05_no_retrain_after_insert_df6e1795ab_super32k_v3,no_retrain_across_cycles,8.028053
/mnt/nvme1n1/PipeANN-supersector32k-work/indexes/phaseC_cycle05_no_retrain_after_insert_df6e1795ab_super32k_v3_disk.index,ok,32768,33,4096,3,graph,6850.048674,16,u75,750000.0,450,during_background,20-27,8,True,,6.850438,0,0,1,,10000,/mnt/nvme1n1/PipeANN-supersector32k-work/indexes/phaseC_cycle05_no_retrain_after_insert_df6e1795ab_super32k_v3,20-27,9.059580326080322,1780358648.6895328,1780358639.6291864,1000,16,supersector32k,page_aware_slots,3,1000000,299424,98030,750000.0,20622.933,0.0,6419.936,0.0,531.834,20622.933,0.0,531.834,6516.679,2178392.064,29.763,98030,measure-dynamic-search,6423.84,26619.0,0.0,6828.341,551.0,26619.0,0.0,551.0,6487.0,2256896.0,7546.124,4096,measure-dynamic-search,4096,1000000,16,0,299424,145.976072,14788,299424,/mnt/nvme1n1/PipeANN-github/build_reviewed_20260602_querycache/tests/dynamic_update_suite_driver --mode measure-dynamic-search --source-prefix /mnt/nvme1n1/PipeANN-supersector32k-work/indexes/phaseC_cycle05_no_retrain_after_insert_df6e1795ab_super32k_v3 --jsonl-output /mnt/nvme1n1/PipeANN-github/experiments/v100_background_interference_full_v5_v3raw_fixed_20260601T234715Z/tmp/during_background_0188_row0188.jsonl --insert-threads 16 --search-threads 1 --merge-threads 16 --build-l 220 --build-r 116 --beamwidth 8 --k 10 --cpu-cap 8 --metric l2 --route graph --search-l 450 --data-bin experiments/v100_pq_drift_1m_baseline_20260601T043217Z/data/phaseC_cycle05_live_data_by_tag.bin --base-label-file experiments/v100_pq_drift_1m_baseline_20260601T043217Z/labels/base_labels_1000000.spmat --query-bin /mnt/nvme1n1/PipeANN-github/experiments/r116_suite_pq16_aris_20260520_072453/data/sift_query_1000.bin --truthset-bin experiments/v100_pq_drift_1m_baseline_20260601T043217Z/truth/phaseC_cycle05_intersect_u75.bin --query-label-file /mnt/nvme1n1/PipeANN-github/experiments/r116_suite_pq16_aris_20260520_072453/labels/query_1000_u75.spmat --selector-type intersect --query-limit 1000,98.12,188,graph,299424,284636,450,intersect,True,u75,supersector32k,True,page_aware_slots,3,4096,4096,/mnt/nvme1n1/PipeANN-supersector32k-work/indexes/phaseC_cycle05_no_retrain_after_insert_df6e1795ab_super32k_v3,True,graph,188,True,450,intersect,/mnt/nvme1n1/PipeANN-github/experiments/v100_pq_drift_1m_baseline_20260601T043217Z/indexes/phaseC_cycle05_no_retrain_after_insert,/mnt/nvme1n1/PipeANN-supersector32k-work/indexes/phaseC_cycle05_no_retrain_after_insert_df6e1795ab_super32k_v3,no_retrain_across_cycles,ok,98030,1,0,/mnt/nvme1n1/PipeANN-github/experiments/v100_pq_drift_1m_baseline_20260601T043217Z/indexes/phaseC_cycle05_no_retrain_after_insert,/mnt/nvme1n1/PipeANN-supersector32k-work/indexes/phaseC_cycle05_no_retrain_after_insert_df6e1795ab_super32k_v3,no_retrain_across_cycles,6.850438
/mnt/nvme1n1/PipeANN-supersector32k-work/indexes/phaseC_cycle05_no_retrain_after_insert_df6e1795ab_super32k_v3_disk.index,ok,32768,33,4096,3,graph,5824.390382,16,u100,1000000.0,400,during_background,20-27,8,True,,5.824733,0,0,1,,10000,/mnt/nvme1n1/PipeANN-supersector32k-work/indexes/phaseC_cycle05_no_retrain_after_insert_df6e1795ab_super32k_v3,20-27,8.05725884437561,1780358656.7549605,1780358648.696941,1000,16,supersector32k,page_aware_slots,3,1000000,299740,98030,1000000.0,19017.743,0.0,5406.098,0.0,475.538,19017.743,0.0,475.538,5507.043,1947803.648,27.679,98030,measure-dynamic-search,5792.705,24448.0,0.0,6242.557,496.0,24448.0,0.0,496.0,5913.0,2031616.0,6649.865,4096,measure-dynamic-search,4096,1000000,16,0,299740,171.681687,15176,299740,/mnt/nvme1n1/PipeANN-github/build_reviewed_20260602_querycache/tests/dynamic_update_suite_driver --mode measure-dynamic-search --source-prefix /mnt/nvme1n1/PipeANN-supersector32k-work/indexes/phaseC_cycle05_no_retrain_after_insert_df6e1795ab_super32k_v3 --jsonl-output /mnt/nvme1n1/PipeANN-github/experiments/v100_background_interference_full_v5_v3raw_fixed_20260601T234715Z/tmp/during_background_0189_row0189.jsonl --insert-threads 16 --search-threads 1 --merge-threads 16 --build-l 220 --build-r 116 --beamwidth 8 --k 10 --cpu-cap 8 --metric l2 --route graph --search-l 400 --data-bin experiments/v100_pq_drift_1m_baseline_20260601T043217Z/data/phaseC_cycle05_live_data_by_tag.bin --base-label-file experiments/v100_pq_drift_1m_baseline_20260601T043217Z/labels/base_labels_1000000.spmat --query-bin /mnt/nvme1n1/PipeANN-github/experiments/r116_suite_pq16_aris_20260520_072453/data/sift_query_1000.bin --truthset-bin experiments/v100_pq_drift_1m_baseline_20260601T043217Z/truth/phaseC_cycle05_intersect_u100.bin --query-label-file /mnt/nvme1n1/PipeANN-github/experiments/r116_suite_pq16_aris_20260520_072453/labels/query_1000_u100.spmat --selector-type intersect --query-limit 1000,98.25,189,graph,299740,284564,400,intersect,True,u100,supersector32k,True,page_aware_slots,3,4096,4096,/mnt/nvme1n1/PipeANN-supersector32k-work/indexes/phaseC_cycle05_no_retrain_after_insert_df6e1795ab_super32k_v3,True,graph,189,True,400,intersect,/mnt/nvme1n1/PipeANN-github/experiments/v100_pq_drift_1m_baseline_20260601T043217Z/indexes/phaseC_cycle05_no_retrain_after_insert,/mnt/nvme1n1/PipeANN-supersector32k-work/indexes/phaseC_cycle05_no_retrain_after_insert_df6e1795ab_super32k_v3,no_retrain_across_cycles,ok,98030,1,0,/mnt/nvme1n1/PipeANN-github/experiments/v100_pq_drift_1m_baseline_20260601T043217Z/indexes/phaseC_cycle05_no_retrain_after_insert,/mnt/nvme1n1/PipeANN-supersector32k-work/indexes/phaseC_cycle05_no_retrain_after_insert_df6e1795ab_super32k_v3,no_retrain_across_cycles,5.824733
/mnt/nvme1n1/PipeANN-supersector32k-work/indexes/phaseC_cycle05_no_retrain_after_insert_df6e1795ab_super32k_v3_disk.index,ok,32768,33,4096,3,prefilter,209.449583,16,u1e-03,1000.0,50,during_background,20-27,8,True,,0.209651,0,0,1,,10000,/mnt/nvme1n1/PipeANN-supersector32k-work/indexes/phaseC_cycle05_no_retrain_after_insert_df6e1795ab_super32k_v3,20-27,2.456810235977173,1780358659.219934,1780358656.7623363,0,16,supersector32k,page_aware_slots,3,1000000,285672,98030,1000.0,0.0,0.0,0.0,0.0,112.198,1000.0,0.0,112.198,206.521,459563.008,52.634,98030,measure-dynamic-search,207.457,0.0,0.0,227.954,119.0,1000.0,0.0,119.0,225.0,487424.0,260.505,4096,measure-dynamic-search,4096,1000000,16,1000,285672,4769.82988,1300,285672,/mnt/nvme1n1/PipeANN-github/build_reviewed_20260602_querycache/tests/dynamic_update_suite_driver --mode measure-dynamic-search --source-prefix /mnt/nvme1n1/PipeANN-supersector32k-work/indexes/phaseC_cycle05_no_retrain_after_insert_df6e1795ab_super32k_v3 --jsonl-output /mnt/nvme1n1/PipeANN-github/experiments/v100_background_interference_full_v5_v3raw_fixed_20260601T234715Z/tmp/during_background_0190_row0190.jsonl --insert-threads 16 --search-threads 1 --merge-threads 16 --build-l 220 --build-r 116 --beamwidth 4 --k 10 --cpu-cap 8 --metric l2 --route prefilter --search-l 50 --data-bin experiments/v100_pq_drift_1m_baseline_20260601T043217Z/data/phaseC_cycle05_live_data_by_tag.bin --base-label-file experiments/v100_pq_drift_1m_baseline_20260601T043217Z/labels/base_labels_1000000.spmat --query-bin /mnt/nvme1n1/PipeANN-github/experiments/r116_suite_pq16_aris_20260520_072453/data/sift_query_1000.bin --truthset-bin experiments/v100_pq_drift_1m_baseline_20260601T043217Z/truth/phaseC_cycle05_range_u1e-03.bin --query-label-file /mnt/nvme1n1/PipeANN-github/experiments/r116_suite_pq16_aris_20260520_072453/labels/query_1000_range_u1e-03.spmat --selector-type range --query-limit 1000,99.97,190,prefilter,285672,284372,50,range,True,u1e-03,supersector32k,True,page_aware_slots,3,4096,4096,/mnt/nvme1n1/PipeANN-supersector32k-work/indexes/phaseC_cycle05_no_retrain_after_insert_df6e1795ab_super32k_v3,True,prefilter,190,True,50,range,/mnt/nvme1n1/PipeANN-github/experiments/v100_pq_drift_1m_baseline_20260601T043217Z/indexes/phaseC_cycle05_no_retrain_after_insert,/mnt/nvme1n1/PipeANN-supersector32k-work/indexes/phaseC_cycle05_no_retrain_after_insert_df6e1795ab_super32k_v3,no_retrain_across_cycles,ok,98030,1,0,/mnt/nvme1n1/PipeANN-github/experiments/v100_pq_drift_1m_baseline_20260601T043217Z/indexes/phaseC_cycle05_no_retrain_after_insert,/mnt/nvme1n1/PipeANN-supersector32k-work/indexes/phaseC_cycle05_no_retrain_after_insert_df6e1795ab_super32k_v3,no_retrain_across_cycles,0.209651
/mnt/nvme1n1/PipeANN-supersector32k-work/indexes/phaseC_cycle05_no_retrain_after_insert_df6e1795ab_super32k_v3_disk.index,ok,32768,33,4096,3,prefilter,319.71427,16,u3e-03,3000.0,50,during_background,20-27,8,True,,0.319906,0,0,1,,10000,/mnt/nvme1n1/PipeANN-supersector32k-work/indexes/phaseC_cycle05_no_retrain_after_insert_df6e1795ab_super32k_v3,20-27,2.523648738861084,1780358661.7517476,1780358659.2272916,0,16,supersector32k,page_aware_slots,3,1000000,285832,98030,3000.0,0.0,0.0,0.0,0.0,113.317,3000.0,0.0,113.317,316.473,464146.432,90.456,98030,measure-dynamic-search,315.803,0.0,0.0,359.471,120.0,3000.0,0.0,120.0,355.0,491520.0,382.214,4096,measure-dynamic-search,4096,1000000,16,1000,285832,3125.920173,1316,285832,/mnt/nvme1n1/PipeANN-github/build_reviewed_20260602_querycache/tests/dynamic_update_suite_driver --mode measure-dynamic-search --source-prefix /mnt/nvme1n1/PipeANN-supersector32k-work/indexes/phaseC_cycle05_no_retrain_after_insert_df6e1795ab_super32k_v3 --jsonl-output /mnt/nvme1n1/PipeANN-github/experiments/v100_background_interference_full_v5_v3raw_fixed_20260601T234715Z/tmp/during_background_0191_row0191.jsonl --insert-threads 16 --search-threads 1 --merge-threads 16 --build-l 220 --build-r 116 --beamwidth 4 --k 10 --cpu-cap 8 --metric l2 --route prefilter --search-l 50 --data-bin experiments/v100_pq_drift_1m_baseline_20260601T043217Z/data/phaseC_cycle05_live_data_by_tag.bin --base-label-file experiments/v100_pq_drift_1m_baseline_20260601T043217Z/labels/base_labels_1000000.spmat --query-bin /mnt/nvme1n1/PipeANN-github/experiments/r116_suite_pq16_aris_20260520_072453/data/sift_query_1000.bin --truthset-bin experiments/v100_pq_drift_1m_baseline_20260601T043217Z/truth/phaseC_cycle05_range_u3e-03.bin --query-label-file /mnt/nvme1n1/PipeANN-github/experiments/r116_suite_pq16_aris_20260520_072453/labels/query_1000_range_u3e-03.spmat --selector-type range --query-limit 1000,99.74,191,prefilter,285832,284516,50,range,True,u3e-03,supersector32k,True,page_aware_slots,3,4096,4096,/mnt/nvme1n1/PipeANN-supersector32k-work/indexes/phaseC_cycle05_no_retrain_after_insert_df6e1795ab_super32k_v3,True,prefilter,191,True,50,range,/mnt/nvme1n1/PipeANN-github/experiments/v100_pq_drift_1m_baseline_20260601T043217Z/indexes/phaseC_cycle05_no_retrain_after_insert,/mnt/nvme1n1/PipeANN-supersector32k-work/indexes/phaseC_cycle05_no_retrain_after_insert_df6e1795ab_super32k_v3,no_retrain_across_cycles,ok,98030,1,0,/mnt/nvme1n1/PipeANN-github/experiments/v100_pq_drift_1m_baseline_20260601T043217Z/indexes/phaseC_cycle05_no_retrain_after_insert,/mnt/nvme1n1/PipeANN-supersector32k-work/indexes/phaseC_cycle05_no_retrain_after_insert_df6e1795ab_super32k_v3,no_retrain_across_cycles,0.319906
/mnt/nvme1n1/PipeANN-supersector32k-work/indexes/phaseC_cycle05_no_retrain_after_insert_df6e1795ab_super32k_v3_disk.index,ok,32768,33,4096,3,prefilter,628.287202,16,u1e-02,10000.0,50,during_background,20-27,8,True,,0.62854,0,0,1,,10000,/mnt/nvme1n1/PipeANN-supersector32k-work/indexes/phaseC_cycle05_no_retrain_after_insert_df6e1795ab_super32k_v3,20-27,2.8300390243530273,1780358664.590012,1780358661.7592025,0,16,supersector32k,page_aware_slots,3,1000000,285688,98030,10000.0,0.0,0.0,0.0,0.0,147.78,10000.0,0.0,147.78,624.714,605306.88,176.711,98030,measure-dynamic-search,620.87,0.0,0.0,669.472,156.0,10000.0,0.0,156.0,666.0,638976.0,705.301,4096,measure-dynamic-search,4096,1000000,16,1000,285688,1590.988985,1256,285688,/mnt/nvme1n1/PipeANN-github/build_reviewed_20260602_querycache/tests/dynamic_update_suite_driver --mode measure-dynamic-search --source-prefix /mnt/nvme1n1/PipeANN-supersector32k-work/indexes/phaseC_cycle05_no_retrain_after_insert_df6e1795ab_super32k_v3 --jsonl-output /mnt/nvme1n1/PipeANN-github/experiments/v100_background_interference_full_v5_v3raw_fixed_20260601T234715Z/tmp/during_background_0192_row0192.jsonl --insert-threads 16 --search-threads 1 --merge-threads 16 --build-l 220 --build-r 116 --beamwidth 4 --k 10 --cpu-cap 8 --metric l2 --route prefilter --search-l 50 --data-bin experiments/v100_pq_drift_1m_baseline_20260601T043217Z/data/phaseC_cycle05_live_data_by_tag.bin --base-label-file experiments/v100_pq_drift_1m_baseline_20260601T043217Z/labels/base_labels_1000000.spmat --query-bin /mnt/nvme1n1/PipeANN-github/experiments/r116_suite_pq16_aris_20260520_072453/data/sift_query_1000.bin --truthset-bin experiments/v100_pq_drift_1m_baseline_20260601T043217Z/truth/phaseC_cycle05_range_u1e-02.bin --query-label-file /mnt/nvme1n1/PipeANN-github/experiments/r116_suite_pq16_aris_20260520_072453/labels/query_1000_range_u1e-02.spmat --selector-type range --query-limit 1000,99.6,192,prefilter,285688,284432,50,range,True,u1e-02,supersector32k,True,page_aware_slots,3,4096,4096,/mnt/nvme1n1/PipeANN-supersector32k-work/indexes/phaseC_cycle05_no_retrain_after_insert_df6e1795ab_super32k_v3,True,prefilter,192,True,50,range,/mnt/nvme1n1/PipeANN-github/experiments/v100_pq_drift_1m_baseline_20260601T043217Z/indexes/phaseC_cycle05_no_retrain_after_insert,/mnt/nvme1n1/PipeANN-supersector32k-work/indexes/phaseC_cycle05_no_retrain_after_insert_df6e1795ab_super32k_v3,no_retrain_across_cycles,ok,98030,1,0,/mnt/nvme1n1/PipeANN-github/experiments/v100_pq_drift_1m_baseline_20260601T043217Z/indexes/phaseC_cycle05_no_retrain_after_insert,/mnt/nvme1n1/PipeANN-supersector32k-work/indexes/phaseC_cycle05_no_retrain_after_insert_df6e1795ab_super32k_v3,no_retrain_across_cycles,0.62854
/mnt/nvme1n1/PipeANN-supersector32k-work/indexes/phaseC_cycle05_no_retrain_after_insert_df6e1795ab_super32k_v3_disk.index,ok,32768,33,4096,3,prefilter,1552.456948,16,u5e-02,50000.0,100,during_background,20-27,8,True,,1.552691,0,0,1,,10000,/mnt/nvme1n1/PipeANN-supersector32k-work/indexes/phaseC_cycle05_no_retrain_after_insert_df6e1795ab_super32k_v3,20-27,3.8014681339263916,1780358668.3993871,1780358664.5971322,0,16,supersector32k,page_aware_slots,3,1000000,285856,98030,50000.0,0.0,0.0,0.0,0.0,184.752,50000.0,0.0,184.752,1548.753,756744.192,284.954,98030,measure-dynamic-search,1541.655,0.0,0.0,1635.121,193.0,50000.0,0.0,193.0,1631.0,790528.0,1710.05,4096,measure-dynamic-search,4096,1000000,16,1000,285856,644.04312,1384,285856,/mnt/nvme1n1/PipeANN-github/build_reviewed_20260602_querycache/tests/dynamic_update_suite_driver --mode measure-dynamic-search --source-prefix /mnt/nvme1n1/PipeANN-supersector32k-work/indexes/phaseC_cycle05_no_retrain_after_insert_df6e1795ab_super32k_v3 --jsonl-output /mnt/nvme1n1/PipeANN-github/experiments/v100_background_interference_full_v5_v3raw_fixed_20260601T234715Z/tmp/during_background_0193_row0193.jsonl --insert-threads 16 --search-threads 1 --merge-threads 16 --build-l 220 --build-r 116 --beamwidth 4 --k 10 --cpu-cap 8 --metric l2 --route prefilter --search-l 100 --data-bin experiments/v100_pq_drift_1m_baseline_20260601T043217Z/data/phaseC_cycle05_live_data_by_tag.bin --base-label-file experiments/v100_pq_drift_1m_baseline_20260601T043217Z/labels/base_labels_1000000.spmat --query-bin /mnt/nvme1n1/PipeANN-github/experiments/r116_suite_pq16_aris_20260520_072453/data/sift_query_1000.bin --truthset-bin experiments/v100_pq_drift_1m_baseline_20260601T043217Z/truth/phaseC_cycle05_range_u5e-02.bin --query-label-file /mnt/nvme1n1/PipeANN-github/experiments/r116_suite_pq16_aris_20260520_072453/labels/query_1000_range_u5e-02.spmat --selector-type range --query-limit 1000,99.2,193,prefilter,285856,284472,100,range,True,u5e-02,supersector32k,True,page_aware_slots,3,4096,4096,/mnt/nvme1n1/PipeANN-supersector32k-work/indexes/phaseC_cycle05_no_retrain_after_insert_df6e1795ab_super32k_v3,True,prefilter,193,True,100,range,/mnt/nvme1n1/PipeANN-github/experiments/v100_pq_drift_1m_baseline_20260601T043217Z/indexes/phaseC_cycle05_no_retrain_after_insert,/mnt/nvme1n1/PipeANN-supersector32k-work/indexes/phaseC_cycle05_no_retrain_after_insert_df6e1795ab_super32k_v3,no_retrain_across_cycles,ok,98030,1,0,/mnt/nvme1n1/PipeANN-github/experiments/v100_pq_drift_1m_baseline_20260601T043217Z/indexes/phaseC_cycle05_no_retrain_after_insert,/mnt/nvme1n1/PipeANN-supersector32k-work/indexes/phaseC_cycle05_no_retrain_after_insert_df6e1795ab_super32k_v3,no_retrain_across_cycles,1.552691
/mnt/nvme1n1/PipeANN-supersector32k-work/indexes/phaseC_cycle05_no_retrain_after_insert_df6e1795ab_super32k_v3_disk.index,ok,32768,33,4096,3,prefilter,2336.013396,16,u1e-01,100000.0,75,during_background,20-27,8,True,,2.336335,0,0,1,,10000,/mnt/nvme1n1/PipeANN-supersector32k-work/indexes/phaseC_cycle05_no_retrain_after_insert_df6e1795ab_super32k_v3,20-27,4.589245557785034,1780358672.996848,1780358668.4068315,0,16,supersector32k,page_aware_slots,3,1000000,285752,98030,100000.0,0.0,0.0,0.0,0.0,184.496,100000.0,0.0,184.496,2331.349,755695.616,325.158,98030,measure-dynamic-search,2325.64,0.0,0.0,2388.657,193.0,100000.0,0.0,193.0,2384.0,790528.0,2562.275,4096,measure-dynamic-search,4096,1000000,16,1000,285752,428.020876,1196,285752,/mnt/nvme1n1/PipeANN-github/build_reviewed_20260602_querycache/tests/dynamic_update_suite_driver --mode measure-dynamic-search --source-prefix /mnt/nvme1n1/PipeANN-supersector32k-work/indexes/phaseC_cycle05_no_retrain_after_insert_df6e1795ab_super32k_v3 --jsonl-output /mnt/nvme1n1/PipeANN-github/experiments/v100_background_interference_full_v5_v3raw_fixed_20260601T234715Z/tmp/during_background_0194_row0194.jsonl --insert-threads 16 --search-threads 1 --merge-threads 16 --build-l 220 --build-r 116 --beamwidth 4 --k 10 --cpu-cap 8 --metric l2 --route prefilter --search-l 75 --data-bin experiments/v100_pq_drift_1m_baseline_20260601T043217Z/data/phaseC_cycle05_live_data_by_tag.bin --base-label-file experiments/v100_pq_drift_1m_baseline_20260601T043217Z/labels/base_labels_1000000.spmat --query-bin /mnt/nvme1n1/PipeANN-github/experiments/r116_suite_pq16_aris_20260520_072453/data/sift_query_1000.bin --truthset-bin experiments/v100_pq_drift_1m_baseline_20260601T043217Z/truth/phaseC_cycle05_range_u1e-01.bin --query-label-file /mnt/nvme1n1/PipeANN-github/experiments/r116_suite_pq16_aris_20260520_072453/labels/query_1000_range_u1e-01.spmat --selector-type range --query-limit 1000,98.79,194,prefilter,285752,284556,75,range,True,u1e-01,supersector32k,True,page_aware_slots,3,4096,4096,/mnt/nvme1n1/PipeANN-supersector32k-work/indexes/phaseC_cycle05_no_retrain_after_insert_df6e1795ab_super32k_v3,True,prefilter,194,True,75,range,/mnt/nvme1n1/PipeANN-github/experiments/v100_pq_drift_1m_baseline_20260601T043217Z/indexes/phaseC_cycle05_no_retrain_after_insert,/mnt/nvme1n1/PipeANN-supersector32k-work/indexes/phaseC_cycle05_no_retrain_after_insert_df6e1795ab_super32k_v3,no_retrain_across_cycles,ok,98030,1,0,/mnt/nvme1n1/PipeANN-github/experiments/v100_pq_drift_1m_baseline_20260601T043217Z/indexes/phaseC_cycle05_no_retrain_after_insert,/mnt/nvme1n1/PipeANN-supersector32k-work/indexes/phaseC_cycle05_no_retrain_after_insert_df6e1795ab_super32k_v3,no_retrain_across_cycles,2.336335
/mnt/nvme1n1/PipeANN-supersector32k-work/indexes/phaseC_cycle05_no_retrain_after_insert_df6e1795ab_super32k_v3_disk.index,ok,32768,33,4096,3,prefilter,4710.099863,16,u25,250000.0,200,during_background,20-27,8,True,,4.710471,0,0,1,,10000,/mnt/nvme1n1/PipeANN-supersector32k-work/indexes/phaseC_cycle05_no_retrain_after_insert_df6e1795ab_super32k_v3,20-27,6.966114521026611,1780358679.9710958,1780358673.0042343,0,16,supersector32k,page_aware_slots,3,1000000,285716,98030,250000.0,0.0,0.0,0.0,0.0,230.422,250000.0,0.0,230.422,4703.812,943808.512,466.313,98030,measure-dynamic-search,4671.275,0.0,0.0,4920.336,239.0,250000.0,0.0,239.0,4914.0,978944.0,5168.914,4096,measure-dynamic-search,4096,1000000,16,1000,285716,212.293017,1448,285716,/mnt/nvme1n1/PipeANN-github/build_reviewed_20260602_querycache/tests/dynamic_update_suite_driver --mode measure-dynamic-search --source-prefix /mnt/nvme1n1/PipeANN-supersector32k-work/indexes/phaseC_cycle05_no_retrain_after_insert_df6e1795ab_super32k_v3 --jsonl-output /mnt/nvme1n1/PipeANN-github/experiments/v100_background_interference_full_v5_v3raw_fixed_20260601T234715Z/tmp/during_background_0195_row0195.jsonl --insert-threads 16 --search-threads 1 --merge-threads 16 --build-l 220 --build-r 116 --beamwidth 4 --k 10 --cpu-cap 8 --metric l2 --route prefilter --search-l 200 --data-bin experiments/v100_pq_drift_1m_baseline_20260601T043217Z/data/phaseC_cycle05_live_data_by_tag.bin --base-label-file experiments/v100_pq_drift_1m_baseline_20260601T043217Z/labels/base_labels_1000000.spmat --query-bin /mnt/nvme1n1/PipeANN-github/experiments/r116_suite_pq16_aris_20260520_072453/data/sift_query_1000.bin --truthset-bin experiments/v100_pq_drift_1m_baseline_20260601T043217Z/truth/phaseC_cycle05_range_u25.bin --query-label-file /mnt/nvme1n1/PipeANN-github/experiments/r116_suite_pq16_aris_20260520_072453/labels/query_1000_range_u25.spmat --selector-type range --query-limit 1000,98.07,195,prefilter,285716,284268,200,range,True,u25,supersector32k,True,page_aware_slots,3,4096,4096,/mnt/nvme1n1/PipeANN-supersector32k-work/indexes/phaseC_cycle05_no_retrain_after_insert_df6e1795ab_super32k_v3,True,prefilter,195,True,200,range,/mnt/nvme1n1/PipeANN-github/experiments/v100_pq_drift_1m_baseline_20260601T043217Z/indexes/phaseC_cycle05_no_retrain_after_insert,/mnt/nvme1n1/PipeANN-supersector32k-work/indexes/phaseC_cycle05_no_retrain_after_insert_df6e1795ab_super32k_v3,no_retrain_across_cycles,ok,98030,1,0,/mnt/nvme1n1/PipeANN-github/experiments/v100_pq_drift_1m_baseline_20260601T043217Z/indexes/phaseC_cycle05_no_retrain_after_insert,/mnt/nvme1n1/PipeANN-supersector32k-work/indexes/phaseC_cycle05_no_retrain_after_insert_df6e1795ab_super32k_v3,no_retrain_across_cycles,4.710471
/mnt/nvme1n1/PipeANN-supersector32k-work/indexes/phaseC_cycle05_no_retrain_after_insert_df6e1795ab_super32k_v3_disk.index,ok,32768,33,4096,3,prefilter,5463.542912,16,u30,300000.0,250,during_background,20-27,8,True,,5.46413,0,0,1,,10000,/mnt/nvme1n1/PipeANN-supersector32k-work/indexes/phaseC_cycle05_no_retrain_after_insert_df6e1795ab_super32k_v3,20-27,7.718820333480835,1780358687.6977725,1780358679.9782064,0,16,supersector32k,page_aware_slots,3,1000000,285716,98030,300000.0,0.0,0.0,0.0,0.0,287.817,300000.0,0.0,287.817,5456.77,1178898.432,508.284,98030,measure-dynamic-search,5445.187,0.0,0.0,5636.431,298.0,300000.0,0.0,298.0,5630.0,1220608.0,5829.757,4096,measure-dynamic-search,4096,1000000,16,1000,285716,183.011751,1384,285716,/mnt/nvme1n1/PipeANN-github/build_reviewed_20260602_querycache/tests/dynamic_update_suite_driver --mode measure-dynamic-search --source-prefix /mnt/nvme1n1/PipeANN-supersector32k-work/indexes/phaseC_cycle05_no_retrain_after_insert_df6e1795ab_super32k_v3 --jsonl-output /mnt/nvme1n1/PipeANN-github/experiments/v100_background_interference_full_v5_v3raw_fixed_20260601T234715Z/tmp/during_background_0196_row0196.jsonl --insert-threads 16 --search-threads 1 --merge-threads 16 --build-l 220 --build-r 116 --beamwidth 4 --k 10 --cpu-cap 8 --metric l2 --route prefilter --search-l 250 --data-bin experiments/v100_pq_drift_1m_baseline_20260601T043217Z/data/phaseC_cycle05_live_data_by_tag.bin --base-label-file experiments/v100_pq_drift_1m_baseline_20260601T043217Z/labels/base_labels_1000000.spmat --query-bin /mnt/nvme1n1/PipeANN-github/experiments/r116_suite_pq16_aris_20260520_072453/data/sift_query_1000.bin --truthset-bin experiments/v100_pq_drift_1m_baseline_20260601T043217Z/truth/phaseC_cycle05_range_u30.bin --query-label-file /mnt/nvme1n1/PipeANN-github/experiments/r116_suite_pq16_aris_20260520_072453/labels/query_1000_range_u30.spmat --selector-type range --query-limit 1000,98.55,196,prefilter,285716,284332,250,range,True,u30,supersector32k,True,page_aware_slots,3,4096,4096,/mnt/nvme1n1/PipeANN-supersector32k-work/indexes/phaseC_cycle05_no_retrain_after_insert_df6e1795ab_super32k_v3,True,prefilter,196,True,250,range,/mnt/nvme1n1/PipeANN-github/experiments/v100_pq_drift_1m_baseline_20260601T043217Z/indexes/phaseC_cycle05_no_retrain_after_insert,/mnt/nvme1n1/PipeANN-supersector32k-work/indexes/phaseC_cycle05_no_retrain_after_insert_df6e1795ab_super32k_v3,no_retrain_across_cycles,ok,98030,1,0,/mnt/nvme1n1/PipeANN-github/experiments/v100_pq_drift_1m_baseline_20260601T043217Z/indexes/phaseC_cycle05_no_retrain_after_insert,/mnt/nvme1n1/PipeANN-supersector32k-work/indexes/phaseC_cycle05_no_retrain_after_insert_df6e1795ab_super32k_v3,no_retrain_across_cycles,5.46413
/mnt/nvme1n1/PipeANN-supersector32k-work/indexes/phaseC_cycle05_no_retrain_after_insert_df6e1795ab_super32k_v3_disk.index,ok,32768,33,4096,3,prefilter,8080.124056,16,u50,500000.0,300,during_background,20-27,8,True,,8.080746,0,0,1,,10000,/mnt/nvme1n1/PipeANN-supersector32k-work/indexes/phaseC_cycle05_no_retrain_after_insert_df6e1795ab_super32k_v3,20-27,10.31069803237915,1780358698.0165486,1780358687.7050943,0,16,supersector32k,page_aware_slots,3,1000000,287648,98030,500000.0,0.0,0.0,0.0,0.0,346.148,500000.0,0.0,346.148,8072.58,1417822.208,688.392,98030,measure-dynamic-search,8038.267,0.0,0.0,8369.101,357.0,500000.0,0.0,357.0,8361.0,1462272.0,8744.911,4096,measure-dynamic-search,4096,1000000,16,1000,287648,123.750947,1184,287580,/mnt/nvme1n1/PipeANN-github/build_reviewed_20260602_querycache/tests/dynamic_update_suite_driver --mode measure-dynamic-search --source-prefix /mnt/nvme1n1/PipeANN-supersector32k-work/indexes/phaseC_cycle05_no_retrain_after_insert_df6e1795ab_super32k_v3 --jsonl-output /mnt/nvme1n1/PipeANN-github/experiments/v100_background_interference_full_v5_v3raw_fixed_20260601T234715Z/tmp/during_background_0197_row0197.jsonl --insert-threads 16 --search-threads 1 --merge-threads 16 --build-l 220 --build-r 116 --beamwidth 4 --k 10 --cpu-cap 8 --metric l2 --route prefilter --search-l 300 --data-bin experiments/v100_pq_drift_1m_baseline_20260601T043217Z/data/phaseC_cycle05_live_data_by_tag.bin --base-label-file experiments/v100_pq_drift_1m_baseline_20260601T043217Z/labels/base_labels_1000000.spmat --query-bin /mnt/nvme1n1/PipeANN-github/experiments/r116_suite_pq16_aris_20260520_072453/data/sift_query_1000.bin --truthset-bin experiments/v100_pq_drift_1m_baseline_20260601T043217Z/truth/phaseC_cycle05_range_u50.bin --query-label-file /mnt/nvme1n1/PipeANN-github/experiments/r116_suite_pq16_aris_20260520_072453/labels/query_1000_range_u50.spmat --selector-type range --query-limit 1000,98.43,197,prefilter,287536,286396,300,range,True,u50,supersector32k,True,page_aware_slots,3,4096,4096,/mnt/nvme1n1/PipeANN-supersector32k-work/indexes/phaseC_cycle05_no_retrain_after_insert_df6e1795ab_super32k_v3,True,prefilter,197,True,300,range,/mnt/nvme1n1/PipeANN-github/experiments/v100_pq_drift_1m_baseline_20260601T043217Z/indexes/phaseC_cycle05_no_retrain_after_insert,/mnt/nvme1n1/PipeANN-supersector32k-work/indexes/phaseC_cycle05_no_retrain_after_insert_df6e1795ab_super32k_v3,no_retrain_across_cycles,ok,98030,1,0,/mnt/nvme1n1/PipeANN-github/experiments/v100_pq_drift_1m_baseline_20260601T043217Z/indexes/phaseC_cycle05_no_retrain_after_insert,/mnt/nvme1n1/PipeANN-supersector32k-work/indexes/phaseC_cycle05_no_retrain_after_insert_df6e1795ab_super32k_v3,no_retrain_across_cycles,8.080746
/mnt/nvme1n1/PipeANN-supersector32k-work/indexes/phaseC_cycle05_no_retrain_after_insert_df6e1795ab_super32k_v3_disk.index,ok,32768,33,4096,3,mixed,6537.228404,16,u75,750000.0,450,during_background,20-27,8,True,,6.537626,0,1000,1,,10000,/mnt/nvme1n1/PipeANN-supersector32k-work/indexes/phaseC_cycle05_no_retrain_after_insert_df6e1795ab_super32k_v3,20-27,8.815645217895508,1780358706.8403344,1780358698.0239275,0,16,supersector32k,page_aware_slots,3,1000000,301216,98030,750000.0,20623.196,0.0,6039.784,0.0,531.87,20623.196,0.0,531.87,6201.467,2178539.52,93.251,98030,measure-dynamic-search,6506.179,26619.0,0.0,6941.242,551.0,26619.0,0.0,551.0,6600.0,2256896.0,7443.844,4096,measure-dynamic-search,4096,1000000,16,0,301216,152.960717,16776,301216,/mnt/nvme1n1/PipeANN-github/build_reviewed_20260602_querycache/tests/dynamic_update_suite_driver --mode measure-dynamic-search --source-prefix /mnt/nvme1n1/PipeANN-supersector32k-work/indexes/phaseC_cycle05_no_retrain_after_insert_df6e1795ab_super32k_v3 --jsonl-output /mnt/nvme1n1/PipeANN-github/experiments/v100_background_interference_full_v5_v3raw_fixed_20260601T234715Z/tmp/during_background_0198_row0198.jsonl --insert-threads 16 --search-threads 1 --merge-threads 16 --build-l 220 --build-r 116 --beamwidth 8 --k 10 --cpu-cap 8 --metric l2 --route graph --search-l 450 --data-bin experiments/v100_pq_drift_1m_baseline_20260601T043217Z/data/phaseC_cycle05_live_data_by_tag.bin --base-label-file experiments/v100_pq_drift_1m_baseline_20260601T043217Z/labels/base_labels_1000000.spmat --query-bin /mnt/nvme1n1/PipeANN-github/experiments/r116_suite_pq16_aris_20260520_072453/data/sift_query_1000.bin --truthset-bin experiments/v100_pq_drift_1m_baseline_20260601T043217Z/truth/phaseC_cycle05_range_u75.bin --query-label-file /mnt/nvme1n1/PipeANN-github/experiments/r116_suite_pq16_aris_20260520_072453/labels/query_1000_range_u75.spmat --selector-type range --query-limit 1000,98.12,198,graph,301216,284440,450,range,True,u75,supersector32k,True,page_aware_slots,3,4096,4096,/mnt/nvme1n1/PipeANN-supersector32k-work/indexes/phaseC_cycle05_no_retrain_after_insert_df6e1795ab_super32k_v3,True,graph,198,True,450,range,/mnt/nvme1n1/PipeANN-github/experiments/v100_pq_drift_1m_baseline_20260601T043217Z/indexes/phaseC_cycle05_no_retrain_after_insert,/mnt/nvme1n1/PipeANN-supersector32k-work/indexes/phaseC_cycle05_no_retrain_after_insert_df6e1795ab_super32k_v3,no_retrain_across_cycles,ok,98030,1,0,/mnt/nvme1n1/PipeANN-github/experiments/v100_pq_drift_1m_baseline_20260601T043217Z/indexes/phaseC_cycle05_no_retrain_after_insert,/mnt/nvme1n1/PipeANN-supersector32k-work/indexes/phaseC_cycle05_no_retrain_after_insert_df6e1795ab_super32k_v3,no_retrain_across_cycles,6.537626
/mnt/nvme1n1/PipeANN-supersector32k-work/indexes/phaseC_cycle05_no_retrain_after_insert_df6e1795ab_super32k_v3_disk.index,ok,32768,33,4096,3,mixed,5948.741739,16,u100,1000000.0,400,during_background,20-27,8,True,,5.949107,0,1000,1,,10000,/mnt/nvme1n1/PipeANN-supersector32k-work/indexes/phaseC_cycle05_no_retrain_after_insert_df6e1795ab_super32k_v3,20-27,8.357275247573853,1780358715.2053714,1780358706.8472962,0,16,supersector32k,page_aware_slots,3,1000000,299616,98030,1000000.0,19016.286,0.0,5460.828,0.0,475.468,19016.286,0.0,475.468,5631.499,1947516.928,99.652,98030,measure-dynamic-search,5860.271,24473.0,0.0,6328.509,496.0,24473.0,0.0,496.0,5998.0,2031616.0,6849.308,4096,measure-dynamic-search,4096,1000000,16,0,299616,168.092466,15240,299616,/mnt/nvme1n1/PipeANN-github/build_reviewed_20260602_querycache/tests/dynamic_update_suite_driver --mode measure-dynamic-search --source-prefix /mnt/nvme1n1/PipeANN-supersector32k-work/indexes/phaseC_cycle05_no_retrain_after_insert_df6e1795ab_super32k_v3 --jsonl-output /mnt/nvme1n1/PipeANN-github/experiments/v100_background_interference_full_v5_v3raw_fixed_20260601T234715Z/tmp/during_background_0199_row0199.jsonl --insert-threads 16 --search-threads 1 --merge-threads 16 --build-l 220 --build-r 116 --beamwidth 8 --k 10 --cpu-cap 8 --metric l2 --route graph --search-l 400 --data-bin experiments/v100_pq_drift_1m_baseline_20260601T043217Z/data/phaseC_cycle05_live_data_by_tag.bin --base-label-file experiments/v100_pq_drift_1m_baseline_20260601T043217Z/labels/base_labels_1000000.spmat --query-bin /mnt/nvme1n1/PipeANN-github/experiments/r116_suite_pq16_aris_20260520_072453/data/sift_query_1000.bin --truthset-bin experiments/v100_pq_drift_1m_baseline_20260601T043217Z/truth/phaseC_cycle05_range_u100.bin --query-label-file /mnt/nvme1n1/PipeANN-github/experiments/r116_suite_pq16_aris_20260520_072453/labels/query_1000_range_u100.spmat --selector-type range --query-limit 1000,98.26,199,graph,299616,284376,400,range,True,u100,supersector32k,True,page_aware_slots,3,4096,4096,/mnt/nvme1n1/PipeANN-supersector32k-work/indexes/phaseC_cycle05_no_retrain_after_insert_df6e1795ab_super32k_v3,True,graph,199,True,400,range,/mnt/nvme1n1/PipeANN-github/experiments/v100_pq_drift_1m_baseline_20260601T043217Z/indexes/phaseC_cycle05_no_retrain_after_insert,/mnt/nvme1n1/PipeANN-supersector32k-work/indexes/phaseC_cycle05_no_retrain_after_insert_df6e1795ab_super32k_v3,no_retrain_across_cycles,ok,98030,1,0,/mnt/nvme1n1/PipeANN-github/experiments/v100_pq_drift_1m_baseline_20260601T043217Z/indexes/phaseC_cycle05_no_retrain_after_insert,/mnt/nvme1n1/PipeANN-supersector32k-work/indexes/phaseC_cycle05_no_retrain_after_insert_df6e1795ab_super32k_v3,no_retrain_across_cycles,5.949107
