L,avg_await_ms,avg_cpu_pct,avg_disk_util_pct,avg_latency_us,avg_qd,avg_read_await_ms,avg_read_iops,avg_read_mb_s,avg_write_iops,avg_write_mb_s,await_ms,beamwidth,block_latency_count,block_latency_log,block_latency_mean_ms,block_latency_p50_ms,block_latency_p95_ms,block_latency_p99_ms,block_latency_status,block_latency_trace_dev,bucket_label,bucket_lower,bucket_midpoint,bucket_name,bucket_query_count,bucket_upper,configured_L,configured_route,dataset,device,disk_metrics_reason,disk_metrics_status,disk_sanity_read_bytes,effective_device,elapsed_s,empty_count,fallback_count,format,graph_count,hybrid_enabled,index_prefix,iostat_log,max_await_ms,max_cpu_pct,max_disk_util_pct,max_qd,max_read_await_ms,max_read_iops,max_read_mb_s,max_rss_kb,max_tau_m,max_threshold_version,max_write_iops,max_write_mb_s,mean_candidate_count,mean_hops,mean_ios,mean_route_overhead_us,mem_L,min_tau_m,min_threshold_version,p50_latency_us,p95_latency_us,p999_latency_us,p99_latency_us,peak_memory_kb,prefilter_count,prefilter_rerank_l,prefilter_rerank_source,process_max_rss_kb,qdepth,qps,query_count,query_label_file,read_await_ms,read_iops,read_mb_s,recall,recall_at,requested_device,resolved_route,returncode,route,sample_count,selectivity_lower,selectivity_midpoint,selectivity_upper,selector_type,target_threads,tau_m,threads,threshold_version
100,0.147541,741.683143,1.595018,94.406998,0.008972,0.147541,60.810043,0.249221,0.0,0.0,0.147541,4,61,/mnt/bak3/lzg/PipeANN-github/experiments/io_representative_20260515_bpftrace_rerun/fashion_mnist784/thread_sweep/u0p1/t1/block_latency.log,0.13759,0.15,0.18,0.32,ok_bpftrace,271581189,1.0e-03,0.001,0.001,u0p1,1000,0.001,100,auto,fashion_mnist784,nvme1c1n1,remapped static counter nvme1n1 to active counter nvme1c1n1,ok,67108864,nvme1c1n1,1.003124,0,0,pipeann.hybrid.search.v1,0,True,/mnt/bak3/lzg/PipeANN-github/data/fashion_mnist784/fashion_mnist784_qps4_pipeann,/mnt/bak3/lzg/PipeANN-github/experiments/io_representative_20260515_bpftrace_rerun/fashion_mnist784/thread_sweep/u0p1/t1/iostat.log,0.147541,1484.044835,3.191494,0.017952,0.147541,121.675719,0.498671,17304,60000,1,0.0,0.0,60.0,0.0,60.0,0.013,0,60000,1,86.0,89.0,9141.0,94.0,31768,1000,,default-heuristic,17304,0.008972,10401.411133,1000,/mnt/bak3/lzg/PipeANN-github/experiments/qps_4sets/fashion_mnist784/workloads/uniform_exact_selectivity/u0p1/queries.spmat,0.147541,60.810043,0.249221,,10,nvme1n1,prefilter,0,auto,3,0.001,0.001,0.001,intersect,1,60000,1,1
100,,793.50884,0.0,185.352997,0.0,,0.0,0.0,0.0,0.0,,4,,/mnt/bak3/lzg/PipeANN-github/experiments/io_representative_20260515_bpftrace_rerun/fashion_mnist784/thread_sweep/u0p1/t4/block_latency.log,,,,,unavailable_no_events,,1.0e-03,0.001,0.001,u0p1,1000,0.001,100,auto,fashion_mnist784,nvme1c1n1,remapped static counter nvme1n1 to active counter nvme1c1n1,ok,67108864,nvme1c1n1,1.003139,0,0,pipeann.hybrid.search.v1,0,True,/mnt/bak3/lzg/PipeANN-github/data/fashion_mnist784/fashion_mnist784_qps4_pipeann,/mnt/bak3/lzg/PipeANN-github/experiments/io_representative_20260515_bpftrace_rerun/fashion_mnist784/thread_sweep/u0p1/t4/iostat.log,0.0,1587.799984,0.0,0.0,0.0,0.0,0.0,18816,60000,1,0.0,0.0,60.0,0.0,60.0,0.179,0,60000,1,182.0,221.0,471.0,236.0,34100,1000,,default-heuristic,18816,0.0,21234.929688,1000,/mnt/bak3/lzg/PipeANN-github/experiments/qps_4sets/fashion_mnist784/workloads/uniform_exact_selectivity/u0p1/queries.spmat,,0.0,0.0,,10,nvme1n1,prefilter,0,auto,3,0.001,0.001,0.001,intersect,4,60000,4,1
100,,850.354296,0.0,569.521973,0.0,,0.0,0.0,0.0,0.0,,4,,/mnt/bak3/lzg/PipeANN-github/experiments/io_representative_20260515_bpftrace_rerun/fashion_mnist784/thread_sweep/u0p1/t8/block_latency.log,,,,,unavailable_no_events,,1.0e-03,0.001,0.001,u0p1,1000,0.001,100,auto,fashion_mnist784,nvme1c1n1,remapped static counter nvme1n1 to active counter nvme1c1n1,ok,67108864,nvme1c1n1,1.003111,0,0,pipeann.hybrid.search.v1,0,True,/mnt/bak3/lzg/PipeANN-github/data/fashion_mnist784/fashion_mnist784_qps4_pipeann,/mnt/bak3/lzg/PipeANN-github/experiments/io_representative_20260515_bpftrace_rerun/fashion_mnist784/thread_sweep/u0p1/t8/iostat.log,0.0,1701.497576,0.0,0.0,0.0,0.0,0.0,21408,60000,1,0.0,0.0,60.0,0.0,60.0,0.807,0,60000,1,572.0,625.0,1445.0,658.0,36588,1000,,default-heuristic,21408,0.0,13898.033203,1000,/mnt/bak3/lzg/PipeANN-github/experiments/qps_4sets/fashion_mnist784/workloads/uniform_exact_selectivity/u0p1/queries.spmat,,0.0,0.0,,10,nvme1n1,prefilter,0,auto,3,0.001,0.001,0.001,intersect,8,60000,8,1
100,0.105611,519.013464,3.455659,200.035995,0.021266,0.106667,199.364967,0.778769,1.99365,0.05711,0.105611,4,300,/mnt/bak3/lzg/PipeANN-github/experiments/io_representative_20260515_bpftrace_rerun/fashion_mnist784/thread_sweep/u0p5/t1/block_latency.log,0.10189,0.1,0.16,0.17,ok_bpftrace,271581189,5.0e-03,0.005,0.005,u0p5,1000,0.005,100,auto,fashion_mnist784,nvme1c1n1,remapped static counter nvme1n1 to active counter nvme1c1n1,ok,67108864,nvme1c1n1,1.504778,0,0,pipeann.hybrid.search.v1,0,True,/mnt/bak3/lzg/PipeANN-github/data/fashion_mnist784/fashion_mnist784_qps4_pipeann,/mnt/bak3/lzg/PipeANN-github/experiments/io_representative_20260515_bpftrace_rerun/fashion_mnist784/thread_sweep/u0p5/t1/iostat.log,0.105611,1458.091915,10.3722,0.063829,0.106667,598.396135,2.337485,16956,60000,1,5.983961,0.171416,300.0,0.0,96.0,1.003,0,60000,1,155.0,259.0,13595.0,389.0,31772,1000,,default-heuristic,16956,0.021266,4955.474121,1000,/mnt/bak3/lzg/PipeANN-github/experiments/qps_4sets/fashion_mnist784/workloads/uniform_exact_selectivity/u0p5/queries.spmat,0.106667,199.364967,0.778769,,10,nvme1n1,prefilter,0,auto,4,0.005,0.005,0.005,intersect,1,60000,1,1
100,1.0,789.492984,0.398734,303.337006,0.000997,,0.0,0.0,0.996835,0.007788,1.0,4,,/mnt/bak3/lzg/PipeANN-github/experiments/io_representative_20260515_bpftrace_rerun/fashion_mnist784/thread_sweep/u0p5/t4/block_latency.log,,,,,unavailable_no_events,,5.0e-03,0.005,0.005,u0p5,1000,0.005,100,auto,fashion_mnist784,nvme1c1n1,remapped static counter nvme1n1 to active counter nvme1c1n1,ok,67108864,nvme1c1n1,1.003175,0,0,pipeann.hybrid.search.v1,0,True,/mnt/bak3/lzg/PipeANN-github/data/fashion_mnist784/fashion_mnist784_qps4_pipeann,/mnt/bak3/lzg/PipeANN-github/experiments/io_representative_20260515_bpftrace_rerun/fashion_mnist784/thread_sweep/u0p5/t4/iostat.log,1.0,1579.80859,0.797053,0.001993,0.0,0.0,0.0,18860,60000,1,1.992632,0.015567,300.0,0.0,96.0,1.063,0,60000,1,302.0,335.0,766.0,349.0,33764,1000,,default-heuristic,18860,0.000997,13045.336914,1000,/mnt/bak3/lzg/PipeANN-github/experiments/qps_4sets/fashion_mnist784/workloads/uniform_exact_selectivity/u0p5/queries.spmat,,0.0,0.0,,10,nvme1n1,prefilter,0,auto,3,0.005,0.005,0.005,intersect,4,60000,4,1
100,0.5,810.442078,0.265937,893.080994,0.000665,,0.0,0.0,1.329683,0.057135,0.5,4,,/mnt/bak3/lzg/PipeANN-github/experiments/io_representative_20260515_bpftrace_rerun/fashion_mnist784/thread_sweep/u0p5/t8/block_latency.log,,,,,unavailable_no_events,,5.0e-03,0.005,0.005,u0p5,1000,0.005,100,auto,fashion_mnist784,nvme1c1n1,remapped static counter nvme1n1 to active counter nvme1c1n1,ok,67108864,nvme1c1n1,1.504117,0,0,pipeann.hybrid.search.v1,0,True,/mnt/bak3/lzg/PipeANN-github/data/fashion_mnist784/fashion_mnist784_qps4_pipeann,/mnt/bak3/lzg/PipeANN-github/experiments/io_representative_20260515_bpftrace_rerun/fashion_mnist784/thread_sweep/u0p5/t8/iostat.log,0.5,1627.949685,0.797761,0.001994,0.0,0.0,0.0,21460,60000,1,3.988806,0.171394,300.0,0.0,96.0,1.601,0,60000,1,892.0,957.0,1369.0,1015.0,36588,1000,,default-heuristic,21460,0.000665,8892.495117,1000,/mnt/bak3/lzg/PipeANN-github/experiments/qps_4sets/fashion_mnist784/workloads/uniform_exact_selectivity/u0p5/queries.spmat,,0.0,0.0,,10,nvme1n1,prefilter,0,auto,4,0.005,0.005,0.005,intersect,8,60000,8,1
100,0.106312,410.692309,5.183495,294.273987,0.032397,0.105351,298.050972,1.164262,1.993652,0.048673,0.106312,4,598,/mnt/bak3/lzg/PipeANN-github/experiments/io_representative_20260515_bpftrace_rerun/fashion_mnist784/thread_sweep/u1/t1/block_latency.log,0.100226,0.09,0.16,0.19,ok_bpftrace,271581189,1.0%,0.01,0.01,u1,1000,0.01,100,auto,fashion_mnist784,nvme1c1n1,remapped static counter nvme1n1 to active counter nvme1c1n1,ok,67108864,nvme1c1n1,2.006368,0,0,pipeann.hybrid.search.v1,0,True,/mnt/bak3/lzg/PipeANN-github/data/fashion_mnist784/fashion_mnist784_qps4_pipeann,/mnt/bak3/lzg/PipeANN-github/experiments/io_representative_20260515_bpftrace_rerun/fashion_mnist784/thread_sweep/u1/t1/iostat.log,0.106312,1494.076969,20.745528,0.12966,0.105351,1192.86786,4.65964,17132,60000,1,7.979049,0.194801,600.0,0.0,128.0,1.058,0,60000,1,222.0,294.0,17071.0,2141.0,31820,1000,,default-heuristic,17132,0.032397,3370.723389,1000,/mnt/bak3/lzg/PipeANN-github/experiments/qps_4sets/fashion_mnist784/workloads/uniform_exact_selectivity/u1/queries.spmat,0.105351,298.050972,1.164262,,10,nvme1n1,prefilter,0,auto,5,0.01,0.01,0.01,intersect,1,60000,1,1
100,0.0,778.567273,0.398754,425.811005,0.0,,0.0,0.0,2.990655,0.08567,0.0,4,,/mnt/bak3/lzg/PipeANN-github/experiments/io_representative_20260515_bpftrace_rerun/fashion_mnist784/thread_sweep/u1/t4/block_latency.log,,,,,unavailable_no_events,,1.0%,0.01,0.01,u1,1000,0.01,100,auto,fashion_mnist784,nvme1c1n1,remapped static counter nvme1n1 to active counter nvme1c1n1,ok,67108864,nvme1c1n1,1.003125,0,0,pipeann.hybrid.search.v1,0,True,/mnt/bak3/lzg/PipeANN-github/data/fashion_mnist784/fashion_mnist784_qps4_pipeann,/mnt/bak3/lzg/PipeANN-github/experiments/io_representative_20260515_bpftrace_rerun/fashion_mnist784/thread_sweep/u1/t4/iostat.log,0.0,1557.873321,0.797886,0.0,0.0,0.0,0.0,18756,60000,1,5.984148,0.171421,600.0,0.0,128.0,1.521,0,60000,1,427.0,461.0,859.0,481.0,34108,1000,,default-heuristic,18756,0.0,9304.584961,1000,/mnt/bak3/lzg/PipeANN-github/experiments/qps_4sets/fashion_mnist784/workloads/uniform_exact_selectivity/u1/queries.spmat,,0.0,0.0,,10,nvme1n1,prefilter,0,auto,3,0.01,0.01,0.01,intersect,4,60000,4,1
100,0.6,794.077795,0.2658,1190.365967,0.001994,,0.0,0.0,3.322501,0.064893,0.6,4,,/mnt/bak3/lzg/PipeANN-github/experiments/io_representative_20260515_bpftrace_rerun/fashion_mnist784/thread_sweep/u1/t8/block_latency.log,,,,,unavailable_no_events,,1.0%,0.01,0.01,u1,1000,0.01,100,auto,fashion_mnist784,nvme1c1n1,remapped static counter nvme1n1 to active counter nvme1c1n1,ok,67108864,nvme1c1n1,1.50489,0,0,pipeann.hybrid.search.v1,0,True,/mnt/bak3/lzg/PipeANN-github/data/fashion_mnist784/fashion_mnist784_qps4_pipeann,/mnt/bak3/lzg/PipeANN-github/experiments/io_representative_20260515_bpftrace_rerun/fashion_mnist784/thread_sweep/u1/t8/iostat.log,0.6,1585.806197,0.797096,0.005978,0.0,0.0,0.0,21420,60000,1,9.963705,0.194604,600.0,0.0,128.0,2.239,0,60000,1,1187.0,1311.0,1899.0,1407.0,36860,1000,,default-heuristic,21420,0.001994,6679.319824,1000,/mnt/bak3/lzg/PipeANN-github/experiments/qps_4sets/fashion_mnist784/workloads/uniform_exact_selectivity/u1/queries.spmat,,0.0,0.0,,10,nvme1n1,prefilter,0,auto,4,0.01,0.01,0.01,intersect,8,60000,8,1
100,0.099255,294.671866,16.079051,662.682983,0.09767,0.09905,979.360384,3.82952,1.328847,0.029847,0.099255,4,2948,/mnt/bak3/lzg/PipeANN-github/experiments/io_representative_20260515_bpftrace_rerun/fashion_mnist784/thread_sweep/u5/t1/block_latency.log,0.094628,0.09,0.16,0.18,ok_bpftrace,271581189,5.0%,0.05,0.05,u5,1000,0.05,100,auto,fashion_mnist784,nvme1c1n1,remapped static counter nvme1n1 to active counter nvme1c1n1,ok,67108864,nvme1c1n1,3.010128,0,0,pipeann.hybrid.search.v1,0,True,/mnt/bak3/lzg/PipeANN-github/data/fashion_mnist784/fashion_mnist784_qps4_pipeann,/mnt/bak3/lzg/PipeANN-github/experiments/io_representative_20260515_bpftrace_rerun/fashion_mnist784/thread_sweep/u5/t1/iostat.log,0.135983,1460.127163,53.458208,0.456788,0.134172,4920.947691,19.222452,17140,60000,1,5.984128,0.163628,3000.0,0.0,160.0,1.16,0,60000,1,354.0,1355.0,19578.0,12323.0,32024,1000,,default-heuristic,17140,0.09767,1487.945801,1000,/mnt/bak3/lzg/PipeANN-github/experiments/qps_4sets/fashion_mnist784/workloads/uniform_exact_selectivity/u5/queries.spmat,0.09905,979.360384,3.82952,,10,nvme1n1,prefilter,0,auto,7,0.05,0.05,0.05,intersect,1,60000,1,1
100,0.0,641.21574,0.265789,566.778015,0.0,,0.0,0.0,1.328945,0.049316,0.0,4,,/mnt/bak3/lzg/PipeANN-github/experiments/io_representative_20260515_bpftrace_rerun/fashion_mnist784/thread_sweep/u5/t4/block_latency.log,,,,,unavailable_no_events,,5.0%,0.05,0.05,u5,1000,0.05,100,auto,fashion_mnist784,nvme1c1n1,remapped static counter nvme1n1 to active counter nvme1c1n1,ok,67108864,nvme1c1n1,1.504954,0,0,pipeann.hybrid.search.v1,0,True,/mnt/bak3/lzg/PipeANN-github/data/fashion_mnist784/fashion_mnist784_qps4_pipeann,/mnt/bak3/lzg/PipeANN-github/experiments/io_representative_20260515_bpftrace_rerun/fashion_mnist784/thread_sweep/u5/t4/iostat.log,0.0,1521.947222,0.797202,0.0,0.0,0.0,0.0,19788,60000,1,3.986012,0.147918,3000.0,0.0,160.0,1.936,0,60000,1,555.0,672.0,1243.0,739.0,34320,1000,,default-heuristic,19788,0.0,6923.446289,1000,/mnt/bak3/lzg/PipeANN-github/experiments/qps_4sets/fashion_mnist784/workloads/uniform_exact_selectivity/u5/queries.spmat,,0.0,0.0,,10,nvme1n1,prefilter,0,auto,4,0.05,0.05,0.05,intersect,4,60000,4,1
100,,773.943966,0.0,1525.847046,0.0,,0.0,0.0,0.0,0.0,,4,,/mnt/bak3/lzg/PipeANN-github/experiments/io_representative_20260515_bpftrace_rerun/fashion_mnist784/thread_sweep/u5/t8/block_latency.log,,,,,unavailable_no_events,,5.0%,0.05,0.05,u5,1000,0.05,100,auto,fashion_mnist784,nvme1c1n1,remapped static counter nvme1n1 to active counter nvme1c1n1,ok,67108864,nvme1c1n1,2.006605,0,0,pipeann.hybrid.search.v1,0,True,/mnt/bak3/lzg/PipeANN-github/data/fashion_mnist784/fashion_mnist784_qps4_pipeann,/mnt/bak3/lzg/PipeANN-github/experiments/io_representative_20260515_bpftrace_rerun/fashion_mnist784/thread_sweep/u5/t8/iostat.log,0.0,1495.899492,0.0,0.0,0.0,0.0,0.0,21512,60000,1,0.0,0.0,3000.0,0.0,160.0,2.392,0,60000,1,1534.0,1651.0,2338.0,1729.0,37056,1000,,default-heuristic,21512,0.0,5186.659668,1000,/mnt/bak3/lzg/PipeANN-github/experiments/qps_4sets/fashion_mnist784/workloads/uniform_exact_selectivity/u5/queries.spmat,,0.0,0.0,,10,nvme1n1,prefilter,0,auto,5,0.05,0.05,0.05,intersect,8,60000,8,1
100,0.091655,238.437002,23.519805,955.130981,0.127814,0.091201,1395.990095,5.585447,1.245752,0.020438,0.091655,4,5603,/mnt/bak3/lzg/PipeANN-github/experiments/io_representative_20260515_bpftrace_rerun/fashion_mnist784/thread_sweep/u10/t1/block_latency.log,0.088777,0.09,0.14,0.17,ok_bpftrace,271581189,10%,0.1,0.1,u10,1000,0.1,100,auto,fashion_mnist784,nvme1c1n1,remapped static counter nvme1n1 to active counter nvme1c1n1,ok,67108864,nvme1c1n1,4.013639,0,0,pipeann.hybrid.search.v1,0,True,/mnt/bak3/lzg/PipeANN-github/data/fashion_mnist784/fashion_mnist784_qps4_pipeann,/mnt/bak3/lzg/PipeANN-github/experiments/io_representative_20260515_bpftrace_rerun/fashion_mnist784/thread_sweep/u10/t1/iostat.log,0.8,1460.111758,94.89679,0.520337,0.333333,5713.743722,23.004622,17040,60000,1,5.98089,0.147965,6000.0,0.0,160.0,1.487,0,60000,1,452.0,3567.0,16273.0,13358.0,32124,1000,,default-heuristic,17040,0.127814,1032.698364,1000,/mnt/bak3/lzg/PipeANN-github/experiments/qps_4sets/fashion_mnist784/workloads/uniform_exact_selectivity/u10/queries.spmat,0.091201,1395.990095,5.585447,,10,nvme1n1,prefilter,0,auto,9,0.1,0.1,0.1,intersect,1,60000,1,1
100,0.0,637.842711,0.265768,624.494995,0.000664,,0.0,0.0,1.328839,0.046717,0.0,4,,/mnt/bak3/lzg/PipeANN-github/experiments/io_representative_20260515_bpftrace_rerun/fashion_mnist784/thread_sweep/u10/t4/block_latency.log,,,,,unavailable_no_events,,10%,0.1,0.1,u10,1000,0.1,100,auto,fashion_mnist784,nvme1c1n1,remapped static counter nvme1n1 to active counter nvme1c1n1,ok,67108864,nvme1c1n1,1.505073,0,0,pipeann.hybrid.search.v1,0,True,/mnt/bak3/lzg/PipeANN-github/data/fashion_mnist784/fashion_mnist784_qps4_pipeann,/mnt/bak3/lzg/PipeANN-github/experiments/io_representative_20260515_bpftrace_rerun/fashion_mnist784/thread_sweep/u10/t4/iostat.log,0.0,1513.848388,0.796948,0.001992,0.0,0.0,0.0,18792,60000,1,3.98474,0.140089,6000.0,0.0,160.0,1.996,0,60000,1,617.0,716.0,1167.0,852.0,34448,1000,,default-heuristic,18792,0.000664,6247.629395,1000,/mnt/bak3/lzg/PipeANN-github/experiments/qps_4sets/fashion_mnist784/workloads/uniform_exact_selectivity/u10/queries.spmat,,0.0,0.0,,10,nvme1n1,prefilter,0,auto,4,0.1,0.1,0.1,intersect,4,60000,4,1
100,2.0,776.713996,0.199413,1483.305054,0.000499,,0.0,0.0,0.498533,0.003895,2.0,4,,/mnt/bak3/lzg/PipeANN-github/experiments/io_representative_20260515_bpftrace_rerun/fashion_mnist784/thread_sweep/u10/t8/block_latency.log,,,,,unavailable_no_events,,10%,0.1,0.1,u10,1000,0.1,100,auto,fashion_mnist784,nvme1c1n1,remapped static counter nvme1n1 to active counter nvme1c1n1,ok,67108864,nvme1c1n1,2.005886,0,0,pipeann.hybrid.search.v1,0,True,/mnt/bak3/lzg/PipeANN-github/data/fashion_mnist784/fashion_mnist784_qps4_pipeann,/mnt/bak3/lzg/PipeANN-github/experiments/io_representative_20260515_bpftrace_rerun/fashion_mnist784/thread_sweep/u10/t8/iostat.log,2.0,1506.022348,0.797695,0.001994,0.0,0.0,0.0,21532,60000,1,1.994237,0.01558,6000.0,0.0,160.0,2.428,0,60000,1,1517.0,1701.0,2202.0,1965.0,37116,1000,,default-heuristic,21532,0.000499,5314.588867,1000,/mnt/bak3/lzg/PipeANN-github/experiments/qps_4sets/fashion_mnist784/workloads/uniform_exact_selectivity/u10/queries.spmat,,0.0,0.0,,10,nvme1n1,prefilter,0,auto,5,0.1,0.1,0.1,intersect,8,60000,8,1
100,0.096667,188.274138,44.431972,1868.457031,0.226328,0.096612,2342.6449,10.398879,0.543621,0.00991,0.096667,4,12927,/mnt/bak3/lzg/PipeANN-github/experiments/io_representative_20260515_bpftrace_rerun/fashion_mnist784/thread_sweep/u25/t1/block_latency.log,0.093174,0.09,0.14,0.18,ok_bpftrace,271581189,25%,0.25,0.25,u25,1000,0.25,100,auto,fashion_mnist784,nvme1c1n1,remapped static counter nvme1n1 to active counter nvme1c1n1,ok,67108864,nvme1c1n1,5.518549,0,0,pipeann.hybrid.search.v1,0,True,/mnt/bak3/lzg/PipeANN-github/data/fashion_mnist784/fashion_mnist784_qps4_pipeann,/mnt/bak3/lzg/PipeANN-github/experiments/io_representative_20260515_bpftrace_rerun/fashion_mnist784/thread_sweep/u25/t1/iostat.log,0.222222,1458.088583,100.482271,0.861256,0.1875,9116.953822,39.08641,16964,60000,1,3.986503,0.093434,15000.0,0.0,192.0,1.705,0,60000,1,717.0,9232.0,21141.0,16866.0,31996,1000,,default-heuristic,16964,0.226328,527.665283,1000,/mnt/bak3/lzg/PipeANN-github/experiments/qps_4sets/fashion_mnist784/workloads/uniform_exact_selectivity/u25/queries.spmat,0.096612,2342.6449,10.398879,,10,nvme1n1,prefilter,0,auto,12,0.25,0.25,0.25,intersect,1,60000,1,1
100,,571.014531,0.0,735.979004,0.0,,0.0,0.0,0.0,0.0,,4,,/mnt/bak3/lzg/PipeANN-github/experiments/io_representative_20260515_bpftrace_rerun/fashion_mnist784/thread_sweep/u25/t4/block_latency.log,,,,,unavailable_no_events,,25%,0.25,0.25,u25,1000,0.25,100,auto,fashion_mnist784,nvme1c1n1,remapped static counter nvme1n1 to active counter nvme1c1n1,ok,67108864,nvme1c1n1,2.006954,0,0,pipeann.hybrid.search.v1,0,True,/mnt/bak3/lzg/PipeANN-github/data/fashion_mnist784/fashion_mnist784_qps4_pipeann,/mnt/bak3/lzg/PipeANN-github/experiments/io_representative_20260515_bpftrace_rerun/fashion_mnist784/thread_sweep/u25/t4/iostat.log,0.0,1483.921306,0.0,0.0,0.0,0.0,0.0,19568,60000,1,0.0,0.0,15000.0,0.0,192.0,1.414,0,60000,1,708.0,872.0,1166.0,907.0,34572,1000,,default-heuristic,19568,0.0,5204.669922,1000,/mnt/bak3/lzg/PipeANN-github/experiments/qps_4sets/fashion_mnist784/workloads/uniform_exact_selectivity/u25/queries.spmat,,0.0,0.0,,10,nvme1n1,prefilter,0,auto,5,0.25,0.25,0.25,intersect,4,60000,4,1
100,0.5,803.097969,0.39856,1152.271973,0.000996,,0.0,0.0,1.992799,0.03503,0.5,4,,/mnt/bak3/lzg/PipeANN-github/experiments/io_representative_20260515_bpftrace_rerun/fashion_mnist784/thread_sweep/u25/t8/block_latency.log,,,,,unavailable_no_events,,25%,0.25,0.25,u25,1000,0.25,100,auto,fashion_mnist784,nvme1c1n1,remapped static counter nvme1n1 to active counter nvme1c1n1,ok,67108864,nvme1c1n1,2.007227,0,0,pipeann.hybrid.search.v1,0,True,/mnt/bak3/lzg/PipeANN-github/data/fashion_mnist784/fashion_mnist784_qps4_pipeann,/mnt/bak3/lzg/PipeANN-github/experiments/io_representative_20260515_bpftrace_rerun/fashion_mnist784/thread_sweep/u25/t8/iostat.log,0.5,1613.251657,1.595304,0.003988,0.0,0.0,0.0,22392,60000,1,7.976522,0.140212,15000.0,0.0,192.0,1.456,0,60000,1,1147.0,1591.0,1989.0,1773.0,37972,1000,,default-heuristic,22392,0.000996,6731.108887,1000,/mnt/bak3/lzg/PipeANN-github/experiments/qps_4sets/fashion_mnist784/workloads/uniform_exact_selectivity/u25/queries.spmat,,0.0,0.0,,10,nvme1n1,prefilter,0,auto,5,0.25,0.25,0.25,intersect,8,60000,8,1
100,0.136309,156.541431,52.304505,2743.825928,0.376736,0.136278,2761.53437,14.248547,1.328875,0.031145,0.136309,4,20781,/mnt/bak3/lzg/PipeANN-github/experiments/io_representative_20260515_bpftrace_rerun/fashion_mnist784/thread_sweep/u50/t1/block_latency.log,0.130248,0.12,0.2,0.26,ok_bpftrace,271581189,50%,0.5,0.5,u50,1000,0.5,100,auto,fashion_mnist784,nvme1c1n1,remapped static counter nvme1n1 to active counter nvme1c1n1,ok,67108864,nvme1c1n1,7.525164,0,0,pipeann.hybrid.search.v1,0,True,/mnt/bak3/lzg/PipeANN-github/data/fashion_mnist784/fashion_mnist784_qps4_pipeann,/mnt/bak3/lzg/PipeANN-github/experiments/io_representative_20260515_bpftrace_rerun/fashion_mnist784/thread_sweep/u50/t1/iostat.log,0.230769,1462.169958,100.480256,1.186249,0.178357,10378.192304,53.030375,17476,60000,1,5.979635,0.163419,30000.0,0.0,192.0,2.142,0,60000,1,1351.0,10753.0,16709.0,13151.0,31984,1000,,default-heuristic,17476,0.376736,358.738495,1000,/mnt/bak3/lzg/PipeANN-github/experiments/qps_4sets/fashion_mnist784/workloads/uniform_exact_selectivity/u50/queries.spmat,0.136278,2761.53437,14.248547,,10,nvme1n1,prefilter,0,auto,16,0.5,0.5,0.5,intersect,1,60000,1,1
100,0.0,452.134844,0.159483,928.611023,0.0,,0.0,0.0,0.398708,0.003115,0.0,4,,/mnt/bak3/lzg/PipeANN-github/experiments/io_representative_20260515_bpftrace_rerun/fashion_mnist784/thread_sweep/u50/t4/block_latency.log,,,,,unavailable_no_events,,50%,0.5,0.5,u50,1000,0.5,100,auto,fashion_mnist784,nvme1c1n1,remapped static counter nvme1n1 to active counter nvme1c1n1,ok,67108864,nvme1c1n1,2.508101,0,0,pipeann.hybrid.search.v1,0,True,/mnt/bak3/lzg/PipeANN-github/data/fashion_mnist784/fashion_mnist784_qps4_pipeann,/mnt/bak3/lzg/PipeANN-github/experiments/io_representative_20260515_bpftrace_rerun/fashion_mnist784/thread_sweep/u50/t4/iostat.log,0.0,1454.317722,0.797039,0.0,0.0,0.0,0.0,20092,60000,1,1.992598,0.015567,30000.0,0.0,192.0,1.168,0,60000,1,919.0,1022.0,1310.0,1120.0,34948,1000,,default-heuristic,20092,0.0,4085.359619,1000,/mnt/bak3/lzg/PipeANN-github/experiments/qps_4sets/fashion_mnist784/workloads/uniform_exact_selectivity/u50/queries.spmat,,0.0,0.0,,10,nvme1n1,prefilter,0,auto,6,0.5,0.5,0.5,intersect,4,60000,4,1
100,0.4,780.701005,0.398571,1494.126953,0.000996,,0.0,0.0,2.491069,0.068115,0.4,4,,/mnt/bak3/lzg/PipeANN-github/experiments/io_representative_20260515_bpftrace_rerun/fashion_mnist784/thread_sweep/u50/t8/block_latency.log,,,,,unavailable_no_events,,50%,0.5,0.5,u50,1000,0.5,100,auto,fashion_mnist784,nvme1c1n1,remapped static counter nvme1n1 to active counter nvme1c1n1,ok,67108864,nvme1c1n1,2.00717,0,0,pipeann.hybrid.search.v1,0,True,/mnt/bak3/lzg/PipeANN-github/data/fashion_mnist784/fashion_mnist784_qps4_pipeann,/mnt/bak3/lzg/PipeANN-github/experiments/io_representative_20260515_bpftrace_rerun/fashion_mnist784/thread_sweep/u50/t8/iostat.log,0.5,1529.751594,0.797784,0.001994,0.0,0.0,0.0,23684,60000,1,5.983383,0.148026,30000.0,0.0,192.0,1.766,0,60000,1,1481.0,2046.0,2627.0,2336.0,38616,1000,,default-heuristic,23684,0.000996,5149.612305,1000,/mnt/bak3/lzg/PipeANN-github/experiments/qps_4sets/fashion_mnist784/workloads/uniform_exact_selectivity/u50/queries.spmat,,0.0,0.0,,10,nvme1n1,prefilter,0,auto,5,0.5,0.5,0.5,intersect,8,60000,8,1
100,0.126703,167.449047,14.82182,1787.473022,0.09803,0.126289,773.455122,3.758772,1.172612,0.027941,0.126703,4,6591,/mnt/bak3/lzg/PipeANN-github/experiments/io_representative_20260515_bpftrace_rerun/fashion_mnist784/thread_sweep/u100/t1/block_latency.log,0.122805,0.11,0.19,0.25,ok_bpftrace,271581189,100%,1.0,1.0,u100,1000,1.0,100,auto,fashion_mnist784,nvme1c1n1,remapped static counter nvme1n1 to active counter nvme1c1n1,ok,67108864,nvme1c1n1,8.527967,0,0,pipeann.hybrid.search.v1,0,True,/mnt/bak3/lzg/PipeANN-github/data/fashion_mnist784/fashion_mnist784_qps4_pipeann,/mnt/bak3/lzg/PipeANN-github/experiments/io_representative_20260515_bpftrace_rerun/fashion_mnist784/thread_sweep/u100/t1/iostat.log,1.0,1476.065721,100.519138,0.809737,1.0,6812.963784,32.526305,17972,60000,1,5.979852,0.179098,60000.0,0.0,192.0,1.954,0,60000,1,1507.0,3449.0,7547.0,5871.0,32592,1000,,default-heuristic,17972,0.09803,534.022156,1000,/mnt/bak3/lzg/PipeANN-github/experiments/qps_4sets/fashion_mnist784/workloads/uniform_exact_selectivity/u100/queries.spmat,0.126289,773.455122,3.758772,,10,nvme1n1,prefilter,0,auto,18,1.0,1.0,1.0,intersect,1,60000,1,1
100,0.666667,487.974396,0.265745,1478.990967,0.000664,,0.0,0.0,0.996544,0.027249,0.666667,4,,/mnt/bak3/lzg/PipeANN-github/experiments/io_representative_20260515_bpftrace_rerun/fashion_mnist784/thread_sweep/u100/t4/block_latency.log,,,,,unavailable_no_events,,100%,1.0,1.0,u100,1000,1.0,100,auto,fashion_mnist784,nvme1c1n1,remapped static counter nvme1n1 to active counter nvme1c1n1,ok,67108864,nvme1c1n1,3.010404,0,0,pipeann.hybrid.search.v1,0,True,/mnt/bak3/lzg/PipeANN-github/data/fashion_mnist784/fashion_mnist784_qps4_pipeann,/mnt/bak3/lzg/PipeANN-github/experiments/io_representative_20260515_bpftrace_rerun/fashion_mnist784/thread_sweep/u100/t4/iostat.log,0.666667,1663.732433,1.594024,0.003985,0.0,0.0,0.0,20880,60000,1,5.977589,0.16345,60000.0,0.0,192.0,1.117,0,60000,1,1447.0,1666.0,1816.0,1717.0,35972,1000,,default-heuristic,20880,0.000664,2556.74292,1000,/mnt/bak3/lzg/PipeANN-github/experiments/qps_4sets/fashion_mnist784/workloads/uniform_exact_selectivity/u100/queries.spmat,,0.0,0.0,,10,nvme1n1,prefilter,0,auto,7,1.0,1.0,1.0,intersect,4,60000,4,1
100,,739.191654,0.0,2160.623047,0.0,,0.0,0.0,0.0,0.0,,4,,/mnt/bak3/lzg/PipeANN-github/experiments/io_representative_20260515_bpftrace_rerun/fashion_mnist784/thread_sweep/u100/t8/block_latency.log,,,,,unavailable_no_events,,100%,1.0,1.0,u100,1000,1.0,100,auto,fashion_mnist784,nvme1c1n1,remapped static counter nvme1n1 to active counter nvme1c1n1,ok,67108864,nvme1c1n1,2.006246,0,0,pipeann.hybrid.search.v1,0,True,/mnt/bak3/lzg/PipeANN-github/data/fashion_mnist784/fashion_mnist784_qps4_pipeann,/mnt/bak3/lzg/PipeANN-github/experiments/io_representative_20260515_bpftrace_rerun/fashion_mnist784/thread_sweep/u100/t8/iostat.log,0.0,1871.044777,0.0,0.0,0.0,0.0,0.0,24772,60000,1,0.0,0.0,60000.0,0.0,192.0,2.242,0,60000,1,2048.0,3066.0,4698.0,3309.0,40404,1000,,default-heuristic,24772,0.0,3530.185547,1000,/mnt/bak3/lzg/PipeANN-github/experiments/qps_4sets/fashion_mnist784/workloads/uniform_exact_selectivity/u100/queries.spmat,,0.0,0.0,,10,nvme1n1,prefilter,0,auto,5,1.0,1.0,1.0,intersect,8,60000,8,1
100,0.122917,505.077827,16.481487,427.368988,0.07842,0.122257,635.999316,4.776641,1.993728,0.036344,0.122917,4,957,/mnt/bak3/lzg/PipeANN-github/experiments/io_representative_20260515_bpftrace_rerun/gist960/thread_sweep/u0p1/t1/block_latency.log,0.115677,0.11,0.18,0.19,ok_bpftrace,271581189,1.0e-03,0.001,0.001,u0p1,1000,0.001,100,auto,gist960,nvme1c1n1,remapped static counter nvme1n1 to active counter nvme1c1n1,ok,67108864,nvme1c1n1,1.504719,0,0,pipeann.hybrid.search.v1,0,True,/mnt/bak3/lzg/PipeANN-github/data/gist960/gist960_qps4_pipeann,/mnt/bak3/lzg/PipeANN-github/experiments/io_representative_20260515_bpftrace_rerun/gist960/thread_sweep/u0p1/t1/iostat.log,0.285714,1484.081608,45.47992,0.231389,0.25,1900.980877,14.27481,33592,5972,1,5.980675,0.109023,1000.0,0.0,96.0,10.563,0,5972,1,305.0,733.0,16424.0,3802.0,33900,1000,,default-heuristic,33592,0.07842,2307.600098,1000,/mnt/bak3/lzg/PipeANN-github/experiments/qps_4sets/gist960/workloads/uniform_exact_selectivity/u0p1/queries.spmat,0.122257,635.999316,4.776641,,10,nvme1n1,prefilter,0,auto,4,0.001,0.001,0.001,intersect,1,5972,1,1
100,,733.047578,0.0,441.265991,0.0,,0.0,0.0,0.0,0.0,,4,,/mnt/bak3/lzg/PipeANN-github/experiments/io_representative_20260515_bpftrace_rerun/gist960/thread_sweep/u0p1/t4/block_latency.log,,,,,unavailable_no_events,,1.0e-03,0.001,0.001,u0p1,1000,0.001,100,auto,gist960,nvme1c1n1,remapped static counter nvme1n1 to active counter nvme1c1n1,ok,67108864,nvme1c1n1,1.002663,0,0,pipeann.hybrid.search.v1,0,True,/mnt/bak3/lzg/PipeANN-github/data/gist960/gist960_qps4_pipeann,/mnt/bak3/lzg/PipeANN-github/experiments/io_representative_20260515_bpftrace_rerun/gist960/thread_sweep/u0p1/t4/iostat.log,0.0,1456.110274,0.0,0.0,0.0,0.0,0.0,33804,5972,1,0.0,0.0,1000.0,0.0,96.0,10.807,0,5972,1,432.0,500.0,2499.0,535.0,36820,1000,,default-heuristic,33804,0.0,8901.819336,1000,/mnt/bak3/lzg/PipeANN-github/experiments/qps_4sets/gist960/workloads/uniform_exact_selectivity/u0p1/queries.spmat,,0.0,0.0,,10,nvme1n1,prefilter,0,auto,3,0.001,0.001,0.001,intersect,4,5972,4,1
100,,816.377922,0.0,910.031006,0.0,,0.0,0.0,0.0,0.0,,4,,/mnt/bak3/lzg/PipeANN-github/experiments/io_representative_20260515_bpftrace_rerun/gist960/thread_sweep/u0p1/t8/block_latency.log,,,,,unavailable_no_events,,1.0e-03,0.001,0.001,u0p1,1000,0.001,100,auto,gist960,nvme1c1n1,remapped static counter nvme1n1 to active counter nvme1c1n1,ok,67108864,nvme1c1n1,1.003212,0,0,pipeann.hybrid.search.v1,0,True,/mnt/bak3/lzg/PipeANN-github/data/gist960/gist960_qps4_pipeann,/mnt/bak3/lzg/PipeANN-github/experiments/io_representative_20260515_bpftrace_rerun/gist960/thread_sweep/u0p1/t8/iostat.log,0.0,1633.577023,0.0,0.0,0.0,0.0,0.0,37612,5972,1,0.0,0.0,1000.0,0.0,96.0,13.165,0,5972,1,904.0,1017.0,4105.0,1076.0,39660,1000,,default-heuristic,37612,0.0,8678.133789,1000,/mnt/bak3/lzg/PipeANN-github/experiments/qps_4sets/gist960/workloads/uniform_exact_selectivity/u0p1/queries.spmat,,0.0,0.0,,10,nvme1n1,prefilter,0,auto,3,0.001,0.001,0.001,intersect,8,5972,8,1
100,0.122119,370.789487,48.840551,1055.178955,0.282577,0.122119,2313.945681,17.419693,0.0,0.0,0.122119,4,4643,/mnt/bak3/lzg/PipeANN-github/experiments/io_representative_20260515_bpftrace_rerun/gist960/thread_sweep/u0p5/t1/block_latency.log,0.115341,0.11,0.18,0.19,ok_bpftrace,271581189,5.0e-03,0.005,0.005,u0p5,1000,0.005,100,auto,gist960,nvme1c1n1,remapped static counter nvme1n1 to active counter nvme1c1n1,ok,67108864,nvme1c1n1,2.006529,0,0,pipeann.hybrid.search.v1,0,True,/mnt/bak3/lzg/PipeANN-github/data/gist960/gist960_qps4_pipeann,/mnt/bak3/lzg/PipeANN-github/experiments/io_representative_20260515_bpftrace_rerun/gist960/thread_sweep/u0p5/t1/iostat.log,0.178571,1444.065278,99.67103,0.609987,0.178571,4584.867393,34.324211,32560,5972,1,0.0,0.0,5000.0,0.0,96.0,16.29,0,5972,1,474.0,3943.0,16498.0,9044.0,34292,1000,,default-heuristic,32560,0.282577,938.88092,1000,/mnt/bak3/lzg/PipeANN-github/experiments/qps_4sets/gist960/workloads/uniform_exact_selectivity/u0p5/queries.spmat,0.122119,2313.945681,17.419693,,10,nvme1n1,prefilter,0,auto,5,0.005,0.005,0.005,intersect,1,5972,1,1
100,,765.510407,0.0,536.617004,0.0,,0.0,0.0,0.0,0.0,,4,,/mnt/bak3/lzg/PipeANN-github/experiments/io_representative_20260515_bpftrace_rerun/gist960/thread_sweep/u0p5/t4/block_latency.log,,,,,unavailable_no_events,,5.0e-03,0.005,0.005,u0p5,1000,0.005,100,auto,gist960,nvme1c1n1,remapped static counter nvme1n1 to active counter nvme1c1n1,ok,67108864,nvme1c1n1,1.003252,0,0,pipeann.hybrid.search.v1,0,True,/mnt/bak3/lzg/PipeANN-github/data/gist960/gist960_qps4_pipeann,/mnt/bak3/lzg/PipeANN-github/experiments/io_representative_20260515_bpftrace_rerun/gist960/thread_sweep/u0p5/t4/iostat.log,0.0,1531.725362,0.0,0.0,0.0,0.0,0.0,34548,5972,1,0.0,0.0,5000.0,0.0,96.0,16.415,0,5972,1,525.0,593.0,2877.0,653.0,36688,1000,,default-heuristic,34548,0.0,7273.321289,1000,/mnt/bak3/lzg/PipeANN-github/experiments/qps_4sets/gist960/workloads/uniform_exact_selectivity/u0p5/queries.spmat,,0.0,0.0,,10,nvme1n1,prefilter,0,auto,3,0.005,0.005,0.005,intersect,4,5972,4,1
100,2.0,821.227478,0.398654,932.484009,0.001993,,0.0,0.0,0.996635,0.003893,2.0,4,,/mnt/bak3/lzg/PipeANN-github/experiments/io_representative_20260515_bpftrace_rerun/gist960/thread_sweep/u0p5/t8/block_latency.log,,,,,unavailable_no_events,,5.0e-03,0.005,0.005,u0p5,1000,0.005,100,auto,gist960,nvme1c1n1,remapped static counter nvme1n1 to active counter nvme1c1n1,ok,67108864,nvme1c1n1,1.003376,0,0,pipeann.hybrid.search.v1,0,True,/mnt/bak3/lzg/PipeANN-github/data/gist960/gist960_qps4_pipeann,/mnt/bak3/lzg/PipeANN-github/experiments/io_representative_20260515_bpftrace_rerun/gist960/thread_sweep/u0p5/t8/iostat.log,2.0,1643.314488,0.796891,0.003984,0.0,0.0,0.0,39040,5972,1,1.992229,0.007782,5000.0,0.0,96.0,18.898,0,5972,1,921.0,1136.0,4521.0,1249.0,40332,1000,,default-heuristic,39040,0.001993,8428.063477,1000,/mnt/bak3/lzg/PipeANN-github/experiments/qps_4sets/gist960/workloads/uniform_exact_selectivity/u0p5/queries.spmat,,0.0,0.0,,10,nvme1n1,prefilter,0,auto,3,0.005,0.005,0.005,intersect,8,5972,8,1
100,0.103357,259.410916,90.457409,3583.64209,3.260578,0.103352,31545.837691,232.145593,0.996776,0.027742,0.103357,4,253183,/mnt/bak3/lzg/PipeANN-github/experiments/io_representative_20260515_bpftrace_rerun/gist960/thread_sweep/u1/t1/block_latency.log,0.099618,0.1,0.13,0.16,ok_bpftrace,271581189,1.0%,0.01,0.01,u1,1000,0.01,100,auto,gist960,nvme1c1n1,remapped static counter nvme1n1 to active counter nvme1c1n1,ok,67108864,nvme1c1n1,8.025877,0,0,pipeann.hybrid.search.v1,1000,True,/mnt/bak3/lzg/PipeANN-github/data/gist960/gist960_qps4_pipeann,/mnt/bak3/lzg/PipeANN-github/experiments/io_representative_20260515_bpftrace_rerun/gist960/thread_sweep/u1/t1/iostat.log,0.105492,1555.83882,100.501141,3.669777,0.105492,35882.152001,264.219686,34924,5972,1,5.979662,0.194695,10000.0,0.0,119.245003,21.092,0,5972,1,3568.0,3984.0,6135.0,4243.0,35072,0,,default-heuristic,34924,3.260578,273.55661,1000,/mnt/bak3/lzg/PipeANN-github/experiments/qps_4sets/gist960/workloads/uniform_exact_selectivity/u1/queries.spmat,0.103352,31545.837691,232.145593,,10,nvme1n1,graph,0,auto,17,0.01,0.01,0.01,intersect,1,5972,1,1
100,0.115619,580.872909,73.506343,4371.549805,9.713338,0.115616,84010.572178,618.164003,0.996921,0.024663,0.115619,4,252403,/mnt/bak3/lzg/PipeANN-github/experiments/io_representative_20260515_bpftrace_rerun/gist960/thread_sweep/u1/t4/block_latency.log,0.111667,0.11,0.17,0.22,ok_bpftrace,271581189,1.0%,0.01,0.01,u1,1000,0.01,100,auto,gist960,nvme1c1n1,remapped static counter nvme1n1 to active counter nvme1c1n1,ok,67108864,nvme1c1n1,3.009264,0,0,pipeann.hybrid.search.v1,1000,True,/mnt/bak3/lzg/PipeANN-github/data/gist960/gist960_qps4_pipeann,/mnt/bak3/lzg/PipeANN-github/experiments/io_representative_20260515_bpftrace_rerun/gist960/thread_sweep/u1/t4/iostat.log,0.117232,1878.931087,100.470106,13.440161,0.117232,117428.022611,863.333272,40116,5972,1,3.988007,0.132414,10000.0,0.0,119.050003,27.154,0,5972,1,4337.0,4874.0,6049.0,5207.0,40468,0,,default-heuristic,40116,9.713338,896.360413,1000,/mnt/bak3/lzg/PipeANN-github/experiments/qps_4sets/gist960/workloads/uniform_exact_selectivity/u1/queries.spmat,0.115616,84010.572178,618.164003,,10,nvme1n1,graph,0,auto,7,0.01,0.01,0.01,intersect,4,5972,4,1
100,0.132224,975.592603,66.402113,5273.934082,16.641406,0.132224,125857.427943,925.970951,0.0,0.0,0.132224,4,251182,/mnt/bak3/lzg/PipeANN-github/experiments/io_representative_20260515_bpftrace_rerun/gist960/thread_sweep/u1/t8/block_latency.log,0.128197,0.12,0.22,0.29,ok_bpftrace,271581189,1.0%,0.01,0.01,u1,1000,0.01,100,auto,gist960,nvme1c1n1,remapped static counter nvme1n1 to active counter nvme1c1n1,ok,67108864,nvme1c1n1,2.00596,0,0,pipeann.hybrid.search.v1,1000,True,/mnt/bak3/lzg/PipeANN-github/data/gist960/gist960_qps4_pipeann,/mnt/bak3/lzg/PipeANN-github/experiments/io_representative_20260515_bpftrace_rerun/gist960/thread_sweep/u1/t8/iostat.log,0.133971,2307.716747,99.664213,25.707387,0.133971,197109.900802,1449.390178,44204,5972,1,0.0,0.0,10000.0,0.0,118.936996,30.338,0,5972,1,5205.0,5914.0,10348.0,6618.0,47108,0,,default-heuristic,44204,16.641406,1486.178223,1000,/mnt/bak3/lzg/PipeANN-github/experiments/qps_4sets/gist960/workloads/uniform_exact_selectivity/u1/queries.spmat,0.132224,125857.427943,925.970951,,10,nvme1n1,graph,0,auto,5,0.01,0.01,0.01,intersect,8,5972,8,1
100,0.102833,247.76277,90.331215,3561.052002,3.244346,0.102822,31548.251713,232.171468,1.370921,0.042841,0.102833,4,253137,/mnt/bak3/lzg/PipeANN-github/experiments/io_representative_20260515_bpftrace_rerun/gist960/thread_sweep/u5/t1/block_latency.log,0.099135,0.1,0.13,0.16,ok_bpftrace,271581189,5.0%,0.05,0.05,u5,1000,0.05,100,auto,gist960,nvme1c1n1,remapped static counter nvme1n1 to active counter nvme1c1n1,ok,67108864,nvme1c1n1,8.023804,0,0,pipeann.hybrid.search.v1,1000,True,/mnt/bak3/lzg/PipeANN-github/data/gist960/gist960_qps4_pipeann,/mnt/bak3/lzg/PipeANN-github/experiments/io_representative_20260515_bpftrace_rerun/gist960/thread_sweep/u5/t1/iostat.log,0.104899,1559.767096,100.539195,3.661207,0.104798,35949.665238,264.519915,34940,5972,1,7.974404,0.319337,50000.0,0.0,119.231003,26.69,0,5972,1,3542.0,3965.0,6219.0,4213.0,34948,0,,default-heuristic,34940,3.244346,275.471832,1000,/mnt/bak3/lzg/PipeANN-github/experiments/qps_4sets/gist960/workloads/uniform_exact_selectivity/u5/queries.spmat,0.102822,31548.251713,232.171468,,10,nvme1n1,graph,0,auto,17,0.05,0.05,0.05,intersect,1,5972,1,1
100,0.119585,703.970803,76.144459,4278.456055,10.034325,0.119586,83906.077342,617.472031,0.996655,0.050611,0.119585,4,251235,/mnt/bak3/lzg/PipeANN-github/experiments/io_representative_20260515_bpftrace_rerun/gist960/thread_sweep/u5/t4/block_latency.log,0.115795,0.11,0.19,0.23,ok_bpftrace,271581189,5.0%,0.05,0.05,u5,1000,0.05,100,auto,gist960,nvme1c1n1,remapped static counter nvme1n1 to active counter nvme1c1n1,ok,67108864,nvme1c1n1,3.010068,0,0,pipeann.hybrid.search.v1,1000,True,/mnt/bak3/lzg/PipeANN-github/data/gist960/gist960_qps4_pipeann,/mnt/bak3/lzg/PipeANN-github/experiments/io_representative_20260515_bpftrace_rerun/gist960/thread_sweep/u5/t4/iostat.log,0.132972,1819.005136,100.435522,13.700818,0.132972,115843.970408,852.204318,40420,5972,1,3.989046,0.155822,50000.0,0.0,118.903999,34.773,0,5972,1,4238.0,4817.0,7555.0,5550.0,40320,0,,default-heuristic,40420,10.034325,914.34436,1000,/mnt/bak3/lzg/PipeANN-github/experiments/qps_4sets/gist960/workloads/uniform_exact_selectivity/u5/queries.spmat,0.119586,83906.077342,617.472031,,10,nvme1n1,graph,0,auto,7,0.05,0.05,0.05,intersect,4,5972,4,1
100,0.133267,970.392274,66.62097,5316.228027,16.765446,0.133268,125798.443004,925.64923,0.99732,0.042854,0.133267,4,250867,/mnt/bak3/lzg/PipeANN-github/experiments/io_representative_20260515_bpftrace_rerun/gist960/thread_sweep/u5/t8/block_latency.log,0.128872,0.12,0.22,0.29,ok_bpftrace,271581189,5.0%,0.05,0.05,u5,1000,0.05,100,auto,gist960,nvme1c1n1,remapped static counter nvme1n1 to active counter nvme1c1n1,ok,67108864,nvme1c1n1,2.005375,0,0,pipeann.hybrid.search.v1,1000,True,/mnt/bak3/lzg/PipeANN-github/data/gist960/gist960_qps4_pipeann,/mnt/bak3/lzg/PipeANN-github/experiments/io_representative_20260515_bpftrace_rerun/gist960/thread_sweep/u5/t8/iostat.log,0.134811,2285.762854,100.564914,25.775745,0.134811,196239.260302,1443.562948,42560,5972,1,3.990671,0.171474,50000.0,0.0,118.872002,36.915,0,5972,1,5256.0,5961.0,9828.0,6607.0,46840,0,,default-heuristic,42560,16.765446,1475.364136,1000,/mnt/bak3/lzg/PipeANN-github/experiments/qps_4sets/gist960/workloads/uniform_exact_selectivity/u5/queries.spmat,0.133268,125798.443004,925.64923,,10,nvme1n1,graph,0,auto,5,0.05,0.05,0.05,intersect,8,5972,8,1
100,0.103431,259.806281,90.664293,3583.35498,3.263092,0.103405,31545.466831,232.148322,3.115183,0.039427,0.103431,4,253159,/mnt/bak3/lzg/PipeANN-github/experiments/io_representative_20260515_bpftrace_rerun/gist960/thread_sweep/u10/t1/block_latency.log,0.099675,0.1,0.13,0.16,ok_bpftrace,271581189,10%,0.1,0.1,u10,1000,0.1,100,auto,gist960,nvme1c1n1,remapped static counter nvme1n1 to active counter nvme1c1n1,ok,67108864,nvme1c1n1,8.02521,0,0,pipeann.hybrid.search.v1,1000,True,/mnt/bak3/lzg/PipeANN-github/data/gist960/gist960_qps4_pipeann,/mnt/bak3/lzg/PipeANN-github/experiments/io_representative_20260515_bpftrace_rerun/gist960/thread_sweep/u10/t1/iostat.log,0.106365,1557.889821,100.512205,3.670015,0.105673,35892.785821,264.152987,34976,5972,1,39.894746,0.397389,100000.0,0.0,119.253998,27.016,0,5972,1,3569.0,4006.0,6306.0,4254.0,35096,0,,default-heuristic,34976,3.263092,273.641998,1000,/mnt/bak3/lzg/PipeANN-github/experiments/qps_4sets/gist960/workloads/uniform_exact_selectivity/u10/queries.spmat,0.103405,31545.466831,232.148322,,10,nvme1n1,graph,0,auto,17,0.1,0.1,0.1,intersect,1,5972,1,1
100,0.116379,582.265606,74.487433,4279.571777,9.777473,0.11638,84010.518672,618.171396,0.332533,0.022082,0.116379,4,252122,/mnt/bak3/lzg/PipeANN-github/experiments/io_representative_20260515_bpftrace_rerun/gist960/thread_sweep/u10/t4/block_latency.log,0.112514,0.11,0.18,0.22,ok_bpftrace,271581189,10%,0.1,0.1,u10,1000,0.1,100,auto,gist960,nvme1c1n1,remapped static counter nvme1n1 to active counter nvme1c1n1,ok,67108864,nvme1c1n1,3.007219,0,0,pipeann.hybrid.search.v1,1000,True,/mnt/bak3/lzg/PipeANN-github/data/gist960/gist960_qps4_pipeann,/mnt/bak3/lzg/PipeANN-github/experiments/io_representative_20260515_bpftrace_rerun/gist960/thread_sweep/u10/t4/iostat.log,0.118079,1881.421121,99.751111,13.306798,0.118079,115249.424338,848.018162,40456,5972,1,1.995022,0.132482,100000.0,0.0,118.943001,32.685,0,5972,1,4258.0,4757.0,5574.0,4993.0,40108,0,,default-heuristic,40456,9.777473,914.199097,1000,/mnt/bak3/lzg/PipeANN-github/experiments/qps_4sets/gist960/workloads/uniform_exact_selectivity/u10/queries.spmat,0.11638,84010.518672,618.171396,,10,nvme1n1,graph,0,auto,7,0.1,0.1,0.1,intersect,4,5972,4,1
100,0.132787,970.931298,67.387018,5275.422852,16.706199,0.132783,125815.351037,925.76156,0.498425,0.001947,0.132787,4,249100,/mnt/bak3/lzg/PipeANN-github/experiments/io_representative_20260515_bpftrace_rerun/gist960/thread_sweep/u10/t8/block_latency.log,0.128234,0.12,0.22,0.29,ok_bpftrace,271581189,10%,0.1,0.1,u10,1000,0.1,100,auto,gist960,nvme1c1n1,remapped static counter nvme1n1 to active counter nvme1c1n1,ok,67108864,nvme1c1n1,2.006321,0,0,pipeann.hybrid.search.v1,1000,True,/mnt/bak3/lzg/PipeANN-github/data/gist960/gist960_qps4_pipeann,/mnt/bak3/lzg/PipeANN-github/experiments/io_representative_20260515_bpftrace_rerun/gist960/thread_sweep/u10/t8/iostat.log,0.133389,2290.228052,100.416951,25.110215,0.133389,189345.723841,1392.77308,39544,5972,1,1.9924,0.007783,100000.0,0.0,118.839996,38.389,0,5972,1,5217.0,5948.0,10668.0,6477.0,46824,0,,default-heuristic,39544,16.706199,1487.247925,1000,/mnt/bak3/lzg/PipeANN-github/experiments/qps_4sets/gist960/workloads/uniform_exact_selectivity/u10/queries.spmat,0.132783,125815.351037,925.76156,,10,nvme1n1,graph,0,auto,5,0.1,0.1,0.1,intersect,8,5972,8,1
100,0.10311,247.725989,90.517182,3570.306885,3.25346,0.103105,31552.291041,232.185677,0.872275,0.018984,0.10311,4,253207,/mnt/bak3/lzg/PipeANN-github/experiments/io_representative_20260515_bpftrace_rerun/gist960/thread_sweep/u25/t1/block_latency.log,0.099468,0.1,0.13,0.16,ok_bpftrace,271581189,25%,0.25,0.25,u25,1000,0.25,100,auto,gist960,nvme1c1n1,remapped static counter nvme1n1 to active counter nvme1c1n1,ok,67108864,nvme1c1n1,8.024996,0,0,pipeann.hybrid.search.v1,1000,True,/mnt/bak3/lzg/PipeANN-github/data/gist960/gist960_qps4_pipeann,/mnt/bak3/lzg/PipeANN-github/experiments/io_representative_20260515_bpftrace_rerun/gist960/thread_sweep/u25/t1/iostat.log,0.105156,1557.798602,100.507251,3.665895,0.105156,35879.52106,263.878638,34968,5972,1,5.982157,0.163575,250000.0,0.0,119.282997,27.419,0,5972,1,3559.0,3973.0,6372.0,4164.0,34932,0,,default-heuristic,34968,3.25346,274.663818,1000,/mnt/bak3/lzg/PipeANN-github/experiments/qps_4sets/gist960/workloads/uniform_exact_selectivity/u25/queries.spmat,0.103105,31552.291041,232.185677,,10,nvme1n1,graph,0,auto,17,0.25,0.25,0.25,intersect,1,5972,1,1
100,0.114107,695.76058,86.172182,4270.856934,11.507178,0.114101,100843.793783,742.022649,1.595781,0.024934,0.114107,4,252364,/mnt/bak3/lzg/PipeANN-github/experiments/io_representative_20260515_bpftrace_rerun/gist960/thread_sweep/u25/t4/block_latency.log,0.110952,0.11,0.17,0.22,ok_bpftrace,271581189,25%,0.25,0.25,u25,1000,0.25,100,auto,gist960,nvme1c1n1,remapped static counter nvme1n1 to active counter nvme1c1n1,ok,67108864,nvme1c1n1,2.506609,0,0,pipeann.hybrid.search.v1,1000,True,/mnt/bak3/lzg/PipeANN-github/data/gist960/gist960_qps4_pipeann,/mnt/bak3/lzg/PipeANN-github/experiments/io_representative_20260515_bpftrace_rerun/gist960/thread_sweep/u25/t4/iostat.log,0.114797,1877.712931,100.57995,13.577537,0.114781,119755.471183,880.574176,40136,5972,1,5.986902,0.109136,250000.0,0.0,119.105003,29.937,0,5972,1,4251.0,4806.0,7252.0,5180.0,40072,0,,default-heuristic,40136,11.507178,916.913879,1000,/mnt/bak3/lzg/PipeANN-github/experiments/qps_4sets/gist960/workloads/uniform_exact_selectivity/u25/queries.spmat,0.114101,100843.793783,742.022649,,10,nvme1n1,graph,0,auto,6,0.25,0.25,0.25,intersect,4,5972,4,1
100,0.133191,973.133442,65.40733,5102.313965,16.752652,0.133191,125782.482692,925.578213,0.0,0.0,0.133191,4,251401,/mnt/bak3/lzg/PipeANN-github/experiments/io_representative_20260515_bpftrace_rerun/gist960/thread_sweep/u25/t8/block_latency.log,0.129392,0.12,0.23,0.29,ok_bpftrace,271581189,25%,0.25,0.25,u25,1000,0.25,100,auto,gist960,nvme1c1n1,remapped static counter nvme1n1 to active counter nvme1c1n1,ok,67108864,nvme1c1n1,2.005891,0,0,pipeann.hybrid.search.v1,1000,True,/mnt/bak3/lzg/PipeANN-github/data/gist960/gist960_qps4_pipeann,/mnt/bak3/lzg/PipeANN-github/experiments/io_representative_20260515_bpftrace_rerun/gist960/thread_sweep/u25/t8/iostat.log,0.134652,2298.87074,100.430885,25.890843,0.134652,195903.991747,1441.343239,43956,5972,1,0.0,0.0,250000.0,0.0,118.814003,31.059,0,5972,1,5052.0,5762.0,9781.0,6315.0,46728,0,,default-heuristic,43956,16.752652,1539.653442,1000,/mnt/bak3/lzg/PipeANN-github/experiments/qps_4sets/gist960/workloads/uniform_exact_selectivity/u25/queries.spmat,0.133191,125782.482692,925.578213,,10,nvme1n1,graph,0,auto,5,0.25,0.25,0.25,intersect,8,5972,8,1
100,0.099217,262.158841,93.430646,3359.447021,3.339999,0.099209,33661.088788,247.703629,3.722336,0.04414,0.099217,4,252780,/mnt/bak3/lzg/PipeANN-github/experiments/io_representative_20260515_bpftrace_rerun/gist960/thread_sweep/u50/t1/block_latency.log,0.096601,0.1,0.13,0.16,ok_bpftrace,271581189,50%,0.5,0.5,u50,1000,0.5,100,auto,gist960,nvme1c1n1,remapped static counter nvme1n1 to active counter nvme1c1n1,ok,67108864,nvme1c1n1,7.522157,0,0,pipeann.hybrid.search.v1,1000,True,/mnt/bak3/lzg/PipeANN-github/data/gist960/gist960_qps4_pipeann,/mnt/bak3/lzg/PipeANN-github/experiments/io_representative_20260515_bpftrace_rerun/gist960/thread_sweep/u50/t1/iostat.log,0.103002,1532.155246,100.512973,3.658552,0.103002,37353.921557,275.403644,34932,5972,1,41.863094,0.381565,500000.0,0.0,119.255997,26.01,0,5972,1,3342.0,3720.0,5008.0,3955.0,34936,0,,default-heuristic,34932,3.339999,291.091919,1000,/mnt/bak3/lzg/PipeANN-github/experiments/qps_4sets/gist960/workloads/uniform_exact_selectivity/u50/queries.spmat,0.099209,33661.088788,247.703629,,10,nvme1n1,graph,0,auto,16,0.5,0.5,0.5,intersect,1,5972,1,1
100,0.116313,698.44486,87.006274,4341.729004,11.732277,0.116314,100864.218169,742.169379,0.399111,0.014031,0.116313,4,252244,/mnt/bak3/lzg/PipeANN-github/experiments/io_representative_20260515_bpftrace_rerun/gist960/thread_sweep/u50/t4/block_latency.log,0.112933,0.11,0.18,0.23,ok_bpftrace,271581189,50%,0.5,0.5,u50,1000,0.5,100,auto,gist960,nvme1c1n1,remapped static counter nvme1n1 to active counter nvme1c1n1,ok,67108864,nvme1c1n1,2.505566,0,0,pipeann.hybrid.search.v1,1000,True,/mnt/bak3/lzg/PipeANN-github/data/gist960/gist960_qps4_pipeann,/mnt/bak3/lzg/PipeANN-github/experiments/io_representative_20260515_bpftrace_rerun/gist960/thread_sweep/u50/t4/iostat.log,0.121725,1891.510061,100.591866,13.602158,0.121725,119422.000983,878.237304,40128,5972,1,1.99587,0.070167,500000.0,0.0,119.033997,27.41,0,5972,1,4252.0,5428.0,6473.0,6204.0,40512,0,,default-heuristic,40128,11.732277,902.768616,1000,/mnt/bak3/lzg/PipeANN-github/experiments/qps_4sets/gist960/workloads/uniform_exact_selectivity/u50/queries.spmat,0.116314,100864.218169,742.169379,,10,nvme1n1,graph,0,auto,6,0.5,0.5,0.5,intersect,4,5972,4,1
100,0.131042,983.932005,65.396089,5062.731934,16.48111,0.131039,125768.840574,925.407459,0.498446,0.003894,0.131042,4,250595,/mnt/bak3/lzg/PipeANN-github/experiments/io_representative_20260515_bpftrace_rerun/gist960/thread_sweep/u50/t8/block_latency.log,0.127569,0.12,0.22,0.29,ok_bpftrace,271581189,50%,0.5,0.5,u50,1000,0.5,100,auto,gist960,nvme1c1n1,remapped static counter nvme1n1 to active counter nvme1c1n1,ok,67108864,nvme1c1n1,2.006236,0,0,pipeann.hybrid.search.v1,1000,True,/mnt/bak3/lzg/PipeANN-github/data/gist960/gist960_qps4_pipeann,/mnt/bak3/lzg/PipeANN-github/experiments/io_representative_20260515_bpftrace_rerun/gist960/thread_sweep/u50/t8/iostat.log,0.131985,2330.095105,100.446641,25.839101,0.131985,195773.293573,1440.097975,43968,5972,1,1.994944,0.015586,500000.0,0.0,118.820999,29.047,0,5972,1,5003.0,5719.0,9690.0,6327.0,46908,0,,default-heuristic,43968,16.48111,1550.431152,1000,/mnt/bak3/lzg/PipeANN-github/experiments/qps_4sets/gist960/workloads/uniform_exact_selectivity/u50/queries.spmat,0.131039,125768.840574,925.407459,,10,nvme1n1,graph,0,auto,5,0.5,0.5,0.5,intersect,8,5972,8,1
100,0.102427,258.316077,90.865452,3637.624023,3.232004,0.102426,31552.193488,232.16944,0.872268,0.022391,0.102427,4,253208,/mnt/bak3/lzg/PipeANN-github/experiments/io_representative_20260515_bpftrace_rerun/gist960/thread_sweep/u100/t1/block_latency.log,0.098785,0.1,0.13,0.16,ok_bpftrace,271581189,100%,1.0,1.0,u100,1000,1.0,100,auto,gist960,nvme1c1n1,remapped static counter nvme1n1 to active counter nvme1c1n1,ok,67108864,nvme1c1n1,8.025052,0,0,pipeann.hybrid.search.v1,1000,True,/mnt/bak3/lzg/PipeANN-github/data/gist960/gist960_qps4_pipeann,/mnt/bak3/lzg/PipeANN-github/experiments/io_representative_20260515_bpftrace_rerun/gist960/thread_sweep/u100/t1/iostat.log,0.103704,1536.201345,100.511477,3.641834,0.103717,35796.41702,263.121007,34904,5972,1,5.980023,0.218102,1000000.0,0.0,119.224998,28.258,0,5972,1,3627.0,4056.0,5289.0,4301.0,34920,0,,default-heuristic,34904,3.232004,269.008881,1000,/mnt/bak3/lzg/PipeANN-github/experiments/qps_4sets/gist960/workloads/uniform_exact_selectivity/u100/queries.spmat,0.102426,31552.193488,232.16944,,10,nvme1n1,graph,0,auto,17,1.0,1.0,1.0,intersect,1,5972,1,1
100,0.114054,691.789568,86.762772,4220.570801,11.493276,0.114051,100769.218465,741.555554,1.594904,0.049841,0.114054,4,251976,/mnt/bak3/lzg/PipeANN-github/experiments/io_representative_20260515_bpftrace_rerun/gist960/thread_sweep/u100/t4/block_latency.log,0.110721,0.11,0.17,0.22,ok_bpftrace,271581189,100%,1.0,1.0,u100,1000,1.0,100,auto,gist960,nvme1c1n1,remapped static counter nvme1n1 to active counter nvme1c1n1,ok,67108864,nvme1c1n1,2.507988,0,0,pipeann.hybrid.search.v1,1000,True,/mnt/bak3/lzg/PipeANN-github/data/gist960/gist960_qps4_pipeann,/mnt/bak3/lzg/PipeANN-github/experiments/io_representative_20260515_bpftrace_rerun/gist960/thread_sweep/u100/t4/iostat.log,0.116288,1864.662328,99.695123,13.432921,0.116288,118994.789521,875.032204,40076,5972,1,3.985557,0.16347,1000000.0,0.0,118.975998,26.896,0,5972,1,4196.0,4722.0,6846.0,5035.0,40100,0,,default-heuristic,40076,11.493276,928.038818,1000,/mnt/bak3/lzg/PipeANN-github/experiments/qps_4sets/gist960/workloads/uniform_exact_selectivity/u100/queries.spmat,0.114051,100769.218465,741.555554,,10,nvme1n1,graph,0,auto,6,1.0,1.0,1.0,intersect,4,5972,4,1
100,0.131364,976.964691,65.795581,5087.183105,16.527651,0.131364,125815.606419,925.803331,0.0,0.0,0.131364,4,251129,/mnt/bak3/lzg/PipeANN-github/experiments/io_representative_20260515_bpftrace_rerun/gist960/thread_sweep/u100/t8/block_latency.log,0.127507,0.12,0.22,0.29,ok_bpftrace,271581189,100%,1.0,1.0,u100,1000,1.0,100,auto,gist960,nvme1c1n1,remapped static counter nvme1n1 to active counter nvme1c1n1,ok,67108864,nvme1c1n1,2.006214,0,0,pipeann.hybrid.search.v1,1000,True,/mnt/bak3/lzg/PipeANN-github/data/gist960/gist960_qps4_pipeann,/mnt/bak3/lzg/PipeANN-github/experiments/io_representative_20260515_bpftrace_rerun/gist960/thread_sweep/u100/t8/iostat.log,0.131769,2300.237548,100.453987,25.113497,0.131769,191793.369474,1410.866844,43636,5972,1,0.0,0.0,1000000.0,0.0,118.899002,27.646,0,5972,1,5038.0,5721.0,8042.0,6435.0,46884,0,,default-heuristic,43636,16.527651,1542.230713,1000,/mnt/bak3/lzg/PipeANN-github/experiments/qps_4sets/gist960/workloads/uniform_exact_selectivity/u100/queries.spmat,0.131364,125815.606419,925.803331,,10,nvme1n1,graph,0,auto,5,1.0,1.0,1.0,intersect,8,5972,8,1
100,0.092217,515.738784,10.1021,272.755005,0.072443,0.092217,785.57119,3.076426,0.0,0.0,0.092217,4,1182,/mnt/bak3/lzg/PipeANN-github/experiments/io_representative_20260515_bpftrace_rerun/glove100/thread_sweep/u0p1/t1/block_latency.log,0.088825,0.09,0.11,0.16,ok_bpftrace,271581189,1.0e-03,0.0010004106415302228,0.0010004106415302228,u0p1,1000,0.0010004106415302228,100,auto,glove100,nvme1c1n1,remapped static counter nvme1n1 to active counter nvme1c1n1,ok,67108864,nvme1c1n1,1.504638,0,0,pipeann.hybrid.search.v1,0,True,/mnt/bak3/lzg/PipeANN-github/data/glove100/glove100_qps4_pipeann,/mnt/bak3/lzg/PipeANN-github/experiments/io_representative_20260515_bpftrace_rerun/glove100/thread_sweep/u0p1/t1/iostat.log,0.092217,1482.183748,30.321929,0.21744,0.092217,2357.928924,9.234037,28952,75027,1,0.0,0.0,1184.0,0.0,96.0,4.448,0,75027,1,154.0,462.0,13403.0,4533.0,34560,1000,,default-heuristic,28952,0.072443,3578.360352,1000,/mnt/bak3/lzg/PipeANN-github/experiments/qps_4sets/glove100/workloads/uniform_exact_selectivity/u0p1/queries.spmat,0.092217,785.57119,3.076426,,10,nvme1n1,prefilter,0,auto,4,0.0010004106415302228,0.0010004106415302228,0.0010004106415302228,intersect,1,75027,1,1
100,1.0,790.528416,0.398753,303.812988,0.0,,0.0,0.0,0.996883,0.007788,1.0,4,,/mnt/bak3/lzg/PipeANN-github/experiments/io_representative_20260515_bpftrace_rerun/glove100/thread_sweep/u0p1/t4/block_latency.log,,,,,unavailable_no_events,,1.0e-03,0.0010004106415302228,0.0010004106415302228,u0p1,1000,0.0010004106415302228,100,auto,glove100,nvme1c1n1,remapped static counter nvme1n1 to active counter nvme1c1n1,ok,67108864,nvme1c1n1,1.003126,0,0,pipeann.hybrid.search.v1,0,True,/mnt/bak3/lzg/PipeANN-github/data/glove100/glove100_qps4_pipeann,/mnt/bak3/lzg/PipeANN-github/experiments/io_representative_20260515_bpftrace_rerun/glove100/thread_sweep/u0p1/t4/iostat.log,1.0,1581.91852,0.797072,0.0,0.0,0.0,0.0,31680,75027,1,1.992681,0.015568,1184.0,0.0,96.0,5.355,0,75027,1,294.0,336.0,3066.0,365.0,36792,1000,,default-heuristic,31680,0.0,12829.926758,1000,/mnt/bak3/lzg/PipeANN-github/experiments/qps_4sets/glove100/workloads/uniform_exact_selectivity/u0p1/queries.spmat,,0.0,0.0,,10,nvme1n1,prefilter,0,auto,3,0.0010004106415302228,0.0010004106415302228,0.0010004106415302228,intersect,4,75027,4,1
100,1.0,559.027318,0.265887,869.512024,0.000665,,0.0,0.0,0.664717,0.005193,1.0,4,,/mnt/bak3/lzg/PipeANN-github/experiments/io_representative_20260515_bpftrace_rerun/glove100/thread_sweep/u0p1/t8/block_latency.log,,,,,unavailable_no_events,,1.0e-03,0.0010004106415302228,0.0010004106415302228,u0p1,1000,0.0010004106415302228,100,auto,glove100,nvme1c1n1,remapped static counter nvme1n1 to active counter nvme1c1n1,ok,67108864,nvme1c1n1,1.504399,0,0,pipeann.hybrid.search.v1,0,True,/mnt/bak3/lzg/PipeANN-github/data/glove100/glove100_qps4_pipeann,/mnt/bak3/lzg/PipeANN-github/experiments/io_representative_20260515_bpftrace_rerun/glove100/thread_sweep/u0p1/t8/iostat.log,1.0,1671.560749,0.797881,0.001995,0.0,0.0,0.0,34244,75027,1,1.994703,0.015584,1184.0,0.0,96.0,7.969,0,75027,1,832.0,956.0,4746.0,1018.0,40692,1000,,default-heuristic,34244,0.000665,9077.277344,1000,/mnt/bak3/lzg/PipeANN-github/experiments/qps_4sets/glove100/workloads/uniform_exact_selectivity/u0p1/queries.spmat,,0.0,0.0,,10,nvme1n1,prefilter,0,auto,4,0.0010004106415302228,0.0010004106415302228,0.0010004106415302228,intersect,8,75027,8,1
100,0.098422,258.551756,25.855176,949.882019,0.163161,0.097091,1654.10479,6.466908,6.549218,0.086759,0.098422,4,5809,/mnt/bak3/lzg/PipeANN-github/experiments/io_representative_20260515_bpftrace_rerun/glove100/thread_sweep/u0p5/t1/block_latency.log,0.092582,0.09,0.15,0.17,ok_bpftrace,271581189,5.0e-03,0.005000363324810691,0.005000363324810691,u0p5,1000,0.005000363324810691,100,auto,glove100,nvme1c1n1,remapped static counter nvme1n1 to active counter nvme1c1n1,ok,67108864,nvme1c1n1,3.511869,0,0,pipeann.hybrid.search.v1,0,True,/mnt/bak3/lzg/PipeANN-github/data/glove100/glove100_qps4_pipeann,/mnt/bak3/lzg/PipeANN-github/experiments/io_representative_20260515_bpftrace_rerun/glove100/thread_sweep/u0p5/t1/iostat.log,2.0,1458.15732,100.473034,0.641911,0.25,6454.99373,25.253755,28572,75027,1,37.87818,0.404948,5918.0,0.0,128.0,13.898,0,75027,1,348.0,4078.0,19608.0,10548.0,34972,1000,,default-heuristic,28572,0.163161,1040.694946,1000,/mnt/bak3/lzg/PipeANN-github/experiments/qps_4sets/glove100/workloads/uniform_exact_selectivity/u0p5/queries.spmat,0.097091,1654.10479,6.466908,,10,nvme1n1,prefilter,0,auto,8,0.005000363324810691,0.005000363324810691,0.005000363324810691,intersect,1,75027,1,1
100,,650.466144,0.0,491.765015,0.0,,0.0,0.0,0.0,0.0,,4,,/mnt/bak3/lzg/PipeANN-github/experiments/io_representative_20260515_bpftrace_rerun/glove100/thread_sweep/u0p5/t4/block_latency.log,,,,,unavailable_no_events,,5.0e-03,0.005000363324810691,0.005000363324810691,u0p5,1000,0.005000363324810691,100,auto,glove100,nvme1c1n1,remapped static counter nvme1n1 to active counter nvme1c1n1,ok,67108864,nvme1c1n1,1.505074,0,0,pipeann.hybrid.search.v1,0,True,/mnt/bak3/lzg/PipeANN-github/data/glove100/glove100_qps4_pipeann,/mnt/bak3/lzg/PipeANN-github/experiments/io_representative_20260515_bpftrace_rerun/glove100/thread_sweep/u0p5/t4/iostat.log,0.0,1553.800702,0.0,0.0,0.0,0.0,0.0,32992,75027,1,0.0,0.0,5918.0,0.0,128.0,14.612,0,75027,1,480.0,532.0,3627.0,596.0,37316,1000,,default-heuristic,32992,0.0,7907.552246,1000,/mnt/bak3/lzg/PipeANN-github/experiments/qps_4sets/glove100/workloads/uniform_exact_selectivity/u0p5/queries.spmat,,0.0,0.0,,10,nvme1n1,prefilter,0,auto,4,0.005000363324810691,0.005000363324810691,0.005000363324810691,intersect,4,75027,4,1
100,0.0,798.538918,0.265737,1114.730957,0.0,,0.0,0.0,1.328684,0.062282,0.0,4,,/mnt/bak3/lzg/PipeANN-github/experiments/io_representative_20260515_bpftrace_rerun/glove100/thread_sweep/u0p5/t8/block_latency.log,,,,,unavailable_no_events,,5.0e-03,0.005000363324810691,0.005000363324810691,u0p5,1000,0.005000363324810691,100,auto,glove100,nvme1c1n1,remapped static counter nvme1n1 to active counter nvme1c1n1,ok,67108864,nvme1c1n1,1.505249,0,0,pipeann.hybrid.search.v1,0,True,/mnt/bak3/lzg/PipeANN-github/data/glove100/glove100_qps4_pipeann,/mnt/bak3/lzg/PipeANN-github/experiments/io_representative_20260515_bpftrace_rerun/glove100/thread_sweep/u0p5/t8/iostat.log,0.0,1599.315726,0.797664,0.0,0.0,0.0,0.0,36660,75027,1,3.988319,0.186952,5918.0,0.0,128.0,17.695,0,75027,1,1087.0,1348.0,5811.0,1405.0,40780,1000,,default-heuristic,36660,0.0,7067.568359,1000,/mnt/bak3/lzg/PipeANN-github/experiments/qps_4sets/glove100/workloads/uniform_exact_selectivity/u0p5/queries.spmat,,0.0,0.0,,10,nvme1n1,prefilter,0,auto,4,0.005000363324810691,0.005000363324810691,0.005000363324810691,intersect,8,75027,8,1
100,0.088913,201.705899,36.035995,1469.463989,0.196723,0.088855,2213.981354,8.72155,0.797257,0.019464,0.088913,4,11108,/mnt/bak3/lzg/PipeANN-github/experiments/io_representative_20260515_bpftrace_rerun/glove100/thread_sweep/u1/t1/block_latency.log,0.086478,0.09,0.1,0.16,ok_bpftrace,271581189,1.0%,0.00999988170820117,0.00999988170820117,u1,1000,0.00999988170820117,100,auto,glove100,nvme1c1n1,remapped static counter nvme1n1 to active counter nvme1c1n1,ok,67108864,nvme1c1n1,5.017206,0,0,pipeann.hybrid.search.v1,0,True,/mnt/bak3/lzg/PipeANN-github/data/glove100/glove100_qps4_pipeann,/mnt/bak3/lzg/PipeANN-github/experiments/io_representative_20260515_bpftrace_rerun/glove100/thread_sweep/u1/t1/iostat.log,0.5,1456.056799,99.682732,0.853284,0.5,9950.330343,39.13326,31780,75027,1,5.978394,0.17904,11835.0,0.0,128.0,23.998,0,75027,1,651.0,5984.0,18637.0,11377.0,34948,1000,,default-heuristic,31780,0.196723,672.849365,1000,/mnt/bak3/lzg/PipeANN-github/experiments/qps_4sets/glove100/workloads/uniform_exact_selectivity/u1/queries.spmat,0.088855,2213.981354,8.72155,,10,nvme1n1,prefilter,0,auto,11,0.00999988170820117,0.00999988170820117,0.00999988170820117,intersect,1,75027,1,1
100,0.166667,649.162237,0.531556,484.234985,0.000664,,0.0,0.0,3.986667,0.075269,0.166667,4,,/mnt/bak3/lzg/PipeANN-github/experiments/io_representative_20260515_bpftrace_rerun/glove100/thread_sweep/u1/t4/block_latency.log,,,,,unavailable_no_events,,1.0%,0.00999988170820117,0.00999988170820117,u1,1000,0.00999988170820117,100,auto,glove100,nvme1c1n1,remapped static counter nvme1n1 to active counter nvme1c1n1,ok,67108864,nvme1c1n1,1.505017,0,0,pipeann.hybrid.search.v1,0,True,/mnt/bak3/lzg/PipeANN-github/data/glove100/glove100_qps4_pipeann,/mnt/bak3/lzg/PipeANN-github/experiments/io_representative_20260515_bpftrace_rerun/glove100/thread_sweep/u1/t4/iostat.log,0.333333,1545.869351,0.797167,0.001992,0.0,0.0,0.0,32960,75027,1,5.978749,0.147912,11835.0,0.0,128.0,19.382,0,75027,1,473.0,529.0,2714.0,655.0,37624,1000,,default-heuristic,32960,0.000664,7921.739258,1000,/mnt/bak3/lzg/PipeANN-github/experiments/qps_4sets/glove100/workloads/uniform_exact_selectivity/u1/queries.spmat,,0.0,0.0,,10,nvme1n1,prefilter,0,auto,4,0.00999988170820117,0.00999988170820117,0.00999988170820117,intersect,4,75027,4,1
100,,827.114708,0.0,838.125,0.0,,0.0,0.0,0.0,0.0,,4,,/mnt/bak3/lzg/PipeANN-github/experiments/io_representative_20260515_bpftrace_rerun/glove100/thread_sweep/u1/t8/block_latency.log,,,,,unavailable_no_events,,1.0%,0.00999988170820117,0.00999988170820117,u1,1000,0.00999988170820117,100,auto,glove100,nvme1c1n1,remapped static counter nvme1n1 to active counter nvme1c1n1,ok,67108864,nvme1c1n1,1.505233,0,0,pipeann.hybrid.search.v1,0,True,/mnt/bak3/lzg/PipeANN-github/data/glove100/glove100_qps4_pipeann,/mnt/bak3/lzg/PipeANN-github/experiments/io_representative_20260515_bpftrace_rerun/glove100/thread_sweep/u1/t8/iostat.log,0.0,1679.264901,0.0,0.0,0.0,0.0,0.0,36860,75027,1,0.0,0.0,11835.0,0.0,128.0,22.838,0,75027,1,823.0,1127.0,3741.0,1299.0,41340,1000,,default-heuristic,36860,0.0,9268.227539,1000,/mnt/bak3/lzg/PipeANN-github/experiments/qps_4sets/glove100/workloads/uniform_exact_selectivity/u1/queries.spmat,,0.0,0.0,,10,nvme1n1,prefilter,0,auto,4,0.00999988170820117,0.00999988170820117,0.00999988170820117,intersect,8,75027,8,1
100,0.108931,107.593426,76.956879,5978.068848,0.345376,0.108886,3168.855674,13.437237,1.129764,0.036603,0.108931,4,47683,/mnt/bak3/lzg/PipeANN-github/experiments/io_representative_20260515_bpftrace_rerun/glove100/thread_sweep/u5/t1/block_latency.log,0.103443,0.1,0.17,0.19,ok_bpftrace,271581189,5.0%,0.050000253482426066,0.050000253482426066,u5,1000,0.050000253482426066,100,auto,glove100,nvme1c1n1,remapped static counter nvme1n1 to active counter nvme1c1n1,ok,67108864,nvme1c1n1,15.047388,0,0,pipeann.hybrid.search.v1,0,True,/mnt/bak3/lzg/PipeANN-github/data/glove100/glove100_qps4_pipeann,/mnt/bak3/lzg/PipeANN-github/experiments/io_representative_20260515_bpftrace_rerun/glove100/thread_sweep/u5/t1/iostat.log,0.166887,1464.11981,100.495711,0.799438,0.166887,7523.88581,31.975678,30344,75027,1,9.968052,0.366014,59176.0,0.0,160.0,24.392,0,75027,1,3707.0,15890.0,27754.0,23363.0,35332,1000,,default-heuristic,30344,0.345376,159.739456,1000,/mnt/bak3/lzg/PipeANN-github/experiments/qps_4sets/glove100/workloads/uniform_exact_selectivity/u5/queries.spmat,0.108886,3168.855674,13.437237,,10,nvme1n1,prefilter,0,auto,31,0.050000253482426066,0.050000253482426066,0.050000253482426066,intersect,1,75027,1,1
100,0.375,466.708209,0.341702,1560.357056,0.001709,,0.0,0.0,4.556029,0.084536,0.375,4,,/mnt/bak3/lzg/PipeANN-github/experiments/io_representative_20260515_bpftrace_rerun/glove100/thread_sweep/u5/t4/block_latency.log,,,,,unavailable_no_events,,5.0%,0.050000253482426066,0.050000253482426066,u5,1000,0.050000253482426066,100,auto,glove100,nvme1c1n1,remapped static counter nvme1n1 to active counter nvme1c1n1,ok,67108864,nvme1c1n1,3.51183,0,0,pipeann.hybrid.search.v1,0,True,/mnt/bak3/lzg/PipeANN-github/data/glove100/glove100_qps4_pipeann,/mnt/bak3/lzg/PipeANN-github/experiments/io_representative_20260515_bpftrace_rerun/glove100/thread_sweep/u5/t4/iostat.log,1.0,1665.709605,1.595889,0.009974,0.0,0.0,0.0,36524,75027,1,29.922927,0.584432,59176.0,0.0,160.0,28.983,0,75027,1,1533.0,1717.0,4153.0,1775.0,39292,1000,,default-heuristic,36524,0.001709,2067.192139,1000,/mnt/bak3/lzg/PipeANN-github/experiments/qps_4sets/glove100/workloads/uniform_exact_selectivity/u5/queries.spmat,,0.0,0.0,,10,nvme1n1,prefilter,0,auto,8,0.050000253482426066,0.050000253482426066,0.050000253482426066,intersect,4,75027,4,1
100,0.333333,742.254417,0.398794,2011.546021,0.000498,,0.0,0.0,2.990951,0.066206,0.333333,4,,/mnt/bak3/lzg/PipeANN-github/experiments/io_representative_20260515_bpftrace_rerun/glove100/thread_sweep/u5/t8/block_latency.log,,,,,unavailable_no_events,,5.0%,0.050000253482426066,0.050000253482426066,u5,1000,0.050000253482426066,100,auto,glove100,nvme1c1n1,remapped static counter nvme1n1 to active counter nvme1c1n1,ok,67108864,nvme1c1n1,2.006051,0,0,pipeann.hybrid.search.v1,0,True,/mnt/bak3/lzg/PipeANN-github/data/glove100/glove100_qps4_pipeann,/mnt/bak3/lzg/PipeANN-github/experiments/io_representative_20260515_bpftrace_rerun/glove100/thread_sweep/u5/t8/iostat.log,0.333333,1889.041615,1.595523,0.001994,0.0,0.0,0.0,40860,75027,1,11.966422,0.264882,59176.0,0.0,160.0,38.101,0,75027,1,1966.0,2634.0,4649.0,3045.0,44528,1000,,default-heuristic,40860,0.000498,3332.133789,1000,/mnt/bak3/lzg/PipeANN-github/experiments/qps_4sets/glove100/workloads/uniform_exact_selectivity/u5/queries.spmat,,0.0,0.0,,10,nvme1n1,prefilter,0,auto,5,0.050000253482426066,0.050000253482426066,0.050000253482426066,intersect,8,75027,8,1
100,0.090922,224.515531,97.903494,3179.87793,3.413434,0.09092,37541.021058,146.644614,0.817907,0.017572,0.090922,4,734371,/mnt/bak3/lzg/PipeANN-github/experiments/io_representative_20260515_bpftrace_rerun/glove100/thread_sweep/u10/t1/block_latency.log,0.087844,0.09,0.11,0.14,ok_bpftrace,271581189,10%,0.09999966202343191,0.09999966202343191,u10,1000,0.09999966202343191,100,auto,glove100,nvme1c1n1,remapped static counter nvme1n1 to active counter nvme1c1n1,ok,67108864,nvme1c1n1,19.562121,0,0,pipeann.hybrid.search.v1,1000,True,/mnt/bak3/lzg/PipeANN-github/data/glove100/glove100_qps4_pipeann,/mnt/bak3/lzg/PipeANN-github/experiments/io_representative_20260515_bpftrace_rerun/glove100/thread_sweep/u10/t1/iostat.log,0.093336,1557.873162,100.499454,3.512454,0.093286,38836.337485,151.704443,32908,75027,1,7.97297,0.241482,118351.0,0.0,122.208,27.355,0,75027,1,3101.0,3822.0,6382.0,4405.0,35752,0,,default-heuristic,32908,3.413434,306.617249,1000,/mnt/bak3/lzg/PipeANN-github/experiments/qps_4sets/glove100/workloads/uniform_exact_selectivity/u10/queries.spmat,0.09092,37541.021058,146.644614,,10,nvme1n1,graph,0,auto,40,0.09999966202343191,0.09999966202343191,0.09999966202343191,intersect,1,75027,1,1
100,0.099416,756.447835,92.840556,3841.978027,12.111971,0.099409,121829.803193,475.897669,3.65514,0.037642,0.099416,4,732445,/mnt/bak3/lzg/PipeANN-github/experiments/io_representative_20260515_bpftrace_rerun/glove100/thread_sweep/u10/t4/block_latency.log,0.096618,0.1,0.15,0.19,ok_bpftrace,271581189,10%,0.09999966202343191,0.09999966202343191,u10,1000,0.09999966202343191,100,auto,glove100,nvme1c1n1,remapped static counter nvme1n1 to active counter nvme1c1n1,ok,67108864,nvme1c1n1,6.018921,0,0,pipeann.hybrid.search.v1,1000,True,/mnt/bak3/lzg/PipeANN-github/data/glove100/glove100_qps4_pipeann,/mnt/bak3/lzg/PipeANN-github/experiments/io_representative_20260515_bpftrace_rerun/glove100/thread_sweep/u10/t4/iostat.log,0.103023,1880.945375,100.484058,13.228719,0.103023,134497.953916,525.382632,37784,75027,1,35.897379,0.32719,118351.0,0.0,122.181999,32.732,0,75027,1,3745.0,4726.0,6954.0,5696.0,40080,0,,default-heuristic,37784,12.111971,1013.614807,1000,/mnt/bak3/lzg/PipeANN-github/experiments/qps_4sets/glove100/workloads/uniform_exact_selectivity/u10/queries.spmat,0.099409,121829.803193,475.897669,,10,nvme1n1,graph,0,auto,13,0.09999966202343191,0.09999966202343191,0.09999966202343191,intersect,4,75027,4,1
100,0.112242,1282.568692,82.611192,4346.082031,20.518355,0.11224,182803.203651,714.075014,0.74829,0.010718,0.112242,4,731076,/mnt/bak3/lzg/PipeANN-github/experiments/io_representative_20260515_bpftrace_rerun/glove100/thread_sweep/u10/t8/block_latency.log,0.109086,0.1,0.19,0.24,ok_bpftrace,271581189,10%,0.09999966202343191,0.09999966202343191,u10,1000,0.09999966202343191,100,auto,glove100,nvme1c1n1,remapped static counter nvme1n1 to active counter nvme1c1n1,ok,67108864,nvme1c1n1,4.009142,0,0,pipeann.hybrid.search.v1,1000,True,/mnt/bak3/lzg/PipeANN-github/data/glove100/glove100_qps4_pipeann,/mnt/bak3/lzg/PipeANN-github/experiments/io_representative_20260515_bpftrace_rerun/glove100/thread_sweep/u10/t8/iostat.log,0.113067,2254.392716,100.604499,25.085253,0.11306,224835.086872,878.269855,41472,75027,1,3.989479,0.070128,118351.0,0.0,122.254997,29.007,0,75027,1,4228.0,5323.0,8929.0,6740.0,45780,0,,default-heuristic,41472,20.518355,1797.209595,1000,/mnt/bak3/lzg/PipeANN-github/experiments/qps_4sets/glove100/workloads/uniform_exact_selectivity/u10/queries.spmat,0.11224,182803.203651,714.075014,,10,nvme1n1,graph,0,auto,9,0.09999966202343191,0.09999966202343191,0.09999966202343191,intersect,8,75027,8,1
100,0.091105,224.779483,98.009376,3132.812988,3.420411,0.091103,37542.161151,146.649067,0.715695,0.008986,0.091105,4,734366,/mnt/bak3/lzg/PipeANN-github/experiments/io_representative_20260515_bpftrace_rerun/glove100/thread_sweep/u25/t1/block_latency.log,0.088091,0.09,0.11,0.14,ok_bpftrace,271581189,25%,0.2499995775292899,0.2499995775292899,u25,1000,0.2499995775292899,100,auto,glove100,nvme1c1n1,remapped static counter nvme1n1 to active counter nvme1c1n1,ok,67108864,nvme1c1n1,19.561394,0,0,pipeann.hybrid.search.v1,1000,True,/mnt/bak3/lzg/PipeANN-github/data/glove100/glove100_qps4_pipeann,/mnt/bak3/lzg/PipeANN-github/experiments/io_representative_20260515_bpftrace_rerun/glove100/thread_sweep/u25/t1/iostat.log,0.091906,1568.09644,100.51214,3.51648,0.091756,38723.146083,151.262289,32804,75027,1,5.98151,0.132393,295878.0,0.0,122.174004,20.084,0,75027,1,3045.0,3729.0,12844.0,4389.0,35756,0,,default-heuristic,32804,3.420411,312.352875,1000,/mnt/bak3/lzg/PipeANN-github/experiments/qps_4sets/glove100/workloads/uniform_exact_selectivity/u25/queries.spmat,0.091103,37542.161151,146.649067,,10,nvme1n1,graph,0,auto,40,0.2499995775292899,0.2499995775292899,0.2499995775292899,intersect,1,75027,1,1
100,0.097716,757.107161,92.10889,3818.745117,11.906702,0.09771,121843.912055,475.95343,4.485823,0.048674,0.097716,4,729270,/mnt/bak3/lzg/PipeANN-github/experiments/io_representative_20260515_bpftrace_rerun/glove100/thread_sweep/u25/t4/block_latency.log,0.095192,0.1,0.15,0.19,ok_bpftrace,271581189,25%,0.2499995775292899,0.2499995775292899,u25,1000,0.2499995775292899,100,auto,glove100,nvme1c1n1,remapped static counter nvme1n1 to active counter nvme1c1n1,ok,67108864,nvme1c1n1,6.018963,0,0,pipeann.hybrid.search.v1,1000,True,/mnt/bak3/lzg/PipeANN-github/data/glove100/glove100_qps4_pipeann,/mnt/bak3/lzg/PipeANN-github/experiments/io_representative_20260515_bpftrace_rerun/glove100/thread_sweep/u25/t4/iostat.log,0.102658,1877.317851,100.535193,13.092359,0.102658,135855.846207,530.686899,39904,75027,1,45.847532,0.327037,295878.0,0.0,122.154999,34.45,0,75027,1,3732.0,4592.0,7596.0,5568.0,40076,0,,default-heuristic,39904,11.906702,1020.557678,1000,/mnt/bak3/lzg/PipeANN-github/experiments/qps_4sets/glove100/workloads/uniform_exact_selectivity/u25/queries.spmat,0.09771,121843.912055,475.95343,,10,nvme1n1,graph,0,auto,13,0.2499995775292899,0.2499995775292899,0.2499995775292899,intersect,4,75027,4,1
100,0.11191,1292.097053,82.450946,4327.366211,20.43951,0.111909,182641.557477,713.443584,1.246236,0.033103,0.11191,4,731056,/mnt/bak3/lzg/PipeANN-github/experiments/io_representative_20260515_bpftrace_rerun/glove100/thread_sweep/u25/t8/block_latency.log,0.10878,0.1,0.19,0.24,ok_bpftrace,271581189,25%,0.2499995775292899,0.2499995775292899,u25,1000,0.2499995775292899,100,auto,glove100,nvme1c1n1,remapped static counter nvme1n1 to active counter nvme1c1n1,ok,67108864,nvme1c1n1,4.012083,0,0,pipeann.hybrid.search.v1,1000,True,/mnt/bak3/lzg/PipeANN-github/data/glove100/glove100_qps4_pipeann,/mnt/bak3/lzg/PipeANN-github/experiments/io_representative_20260515_bpftrace_rerun/glove100/thread_sweep/u25/t8/iostat.log,0.112899,2339.034047,100.478041,25.023817,0.112884,224438.836265,876.714204,41504,75027,1,5.980008,0.163516,295878.0,0.0,122.013,28.656,0,75027,1,4221.0,5301.0,6720.0,6279.0,45396,0,,default-heuristic,41504,20.43951,1806.400757,1000,/mnt/bak3/lzg/PipeANN-github/experiments/qps_4sets/glove100/workloads/uniform_exact_selectivity/u25/queries.spmat,0.111909,182641.557477,713.443584,,10,nvme1n1,graph,0,auto,9,0.2499995775292899,0.2499995775292899,0.2499995775292899,intersect,8,75027,8,1
100,0.09065,224.672264,98.395716,3140.477051,3.403976,0.090646,37550.531073,146.681762,0.920159,0.015975,0.09065,4,734547,/mnt/bak3/lzg/PipeANN-github/experiments/io_representative_20260515_bpftrace_rerun/glove100/thread_sweep/u50/t1/block_latency.log,0.087539,0.09,0.11,0.14,ok_bpftrace,271581189,50%,0.5,0.5,u50,1000,0.5,100,auto,glove100,nvme1c1n1,remapped static counter nvme1n1 to active counter nvme1c1n1,ok,67108864,nvme1c1n1,19.561827,0,0,pipeann.hybrid.search.v1,1000,True,/mnt/bak3/lzg/PipeANN-github/data/glove100/glove100_qps4_pipeann,/mnt/bak3/lzg/PipeANN-github/experiments/io_representative_20260515_bpftrace_rerun/glove100/thread_sweep/u50/t1/iostat.log,0.091958,1562.17272,100.538544,3.490922,0.091958,38629.337257,150.895849,32780,75027,1,5.980521,0.210249,591757.0,0.0,122.266998,20.261,0,75027,1,3053.0,3758.0,7944.0,4408.0,35668,0,,default-heuristic,32780,3.403976,311.575989,1000,/mnt/bak3/lzg/PipeANN-github/experiments/qps_4sets/glove100/workloads/uniform_exact_selectivity/u50/queries.spmat,0.090646,37550.531073,146.681762,,10,nvme1n1,graph,0,auto,40,0.5,0.5,0.5,intersect,1,75027,1,1
100,0.100607,756.693096,94.092419,3822.843018,12.251783,0.100608,121776.256243,475.688501,0.830618,0.018819,0.100607,4,732210,/mnt/bak3/lzg/PipeANN-github/experiments/io_representative_20260515_bpftrace_rerun/glove100/thread_sweep/u50/t4/block_latency.log,0.097284,0.1,0.15,0.19,ok_bpftrace,271581189,50%,0.5,0.5,u50,1000,0.5,100,auto,glove100,nvme1c1n1,remapped static counter nvme1n1 to active counter nvme1c1n1,ok,67108864,nvme1c1n1,6.019614,0,0,pipeann.hybrid.search.v1,1000,True,/mnt/bak3/lzg/PipeANN-github/data/glove100/glove100_qps4_pipeann,/mnt/bak3/lzg/PipeANN-github/experiments/io_representative_20260515_bpftrace_rerun/glove100/thread_sweep/u50/t4/iostat.log,0.103643,1884.998917,100.465591,13.185899,0.103643,133019.111824,519.605906,36628,75027,1,5.980736,0.171323,591757.0,0.0,122.172997,32.651,0,75027,1,3722.0,4719.0,7561.0,5416.0,41188,0,,default-heuristic,36628,12.251783,1019.293762,1000,/mnt/bak3/lzg/PipeANN-github/experiments/qps_4sets/glove100/workloads/uniform_exact_selectivity/u50/queries.spmat,0.100608,121776.256243,475.688501,,10,nvme1n1,graph,0,auto,13,0.5,0.5,0.5,intersect,4,75027,4,1
100,0.111421,1292.00617,82.261632,4357.948242,20.332583,0.11142,182478.733741,712.807554,5.234831,0.035055,0.111421,4,730339,/mnt/bak3/lzg/PipeANN-github/experiments/io_representative_20260515_bpftrace_rerun/glove100/thread_sweep/u50/t8/block_latency.log,0.108429,0.1,0.19,0.24,ok_bpftrace,271581189,50%,0.5,0.5,u50,1000,0.5,100,auto,glove100,nvme1c1n1,remapped static counter nvme1n1 to active counter nvme1c1n1,ok,67108864,nvme1c1n1,4.011591,0,0,pipeann.hybrid.search.v1,1000,True,/mnt/bak3/lzg/PipeANN-github/data/glove100/glove100_qps4_pipeann,/mnt/bak3/lzg/PipeANN-github/experiments/io_representative_20260515_bpftrace_rerun/glove100/thread_sweep/u50/t8/iostat.log,0.113188,2334.787141,100.551853,25.008711,0.113188,225070.429585,879.181366,42116,75027,1,39.876974,0.264808,591757.0,0.0,122.115997,28.832,0,75027,1,4234.0,5349.0,8693.0,7151.0,45620,0,,default-heuristic,42116,20.332583,1793.740356,1000,/mnt/bak3/lzg/PipeANN-github/experiments/qps_4sets/glove100/workloads/uniform_exact_selectivity/u50/queries.spmat,0.11142,182478.733741,712.807554,,10,nvme1n1,graph,0,auto,9,0.5,0.5,0.5,intersect,8,75027,8,1
100,0.091241,224.56552,98.536876,3156.143066,3.425378,0.091241,37540.934352,146.644275,0.664546,0.011582,0.091241,4,734376,/mnt/bak3/lzg/PipeANN-github/experiments/io_representative_20260515_bpftrace_rerun/glove100/thread_sweep/u100/t1/block_latency.log,0.088116,0.09,0.11,0.14,ok_bpftrace,271581189,100%,1.0,1.0,u100,1000,1.0,100,auto,glove100,nvme1c1n1,remapped static counter nvme1n1 to active counter nvme1c1n1,ok,67108864,nvme1c1n1,19.56222,0,0,pipeann.hybrid.search.v1,1000,True,/mnt/bak3/lzg/PipeANN-github/data/glove100/glove100_qps4_pipeann,/mnt/bak3/lzg/PipeANN-github/experiments/io_representative_20260515_bpftrace_rerun/glove100/thread_sweep/u100/t1/iostat.log,0.093063,1560.012509,100.51097,3.506613,0.093078,38616.602674,150.846104,32636,75027,1,5.979245,0.163495,1183514.0,0.0,122.321999,23.455,0,75027,1,3070.0,3823.0,6222.0,4448.0,35668,0,,default-heuristic,32636,3.425378,309.100281,1000,/mnt/bak3/lzg/PipeANN-github/experiments/qps_4sets/glove100/workloads/uniform_exact_selectivity/u100/queries.spmat,0.091241,37540.934352,146.644275,,10,nvme1n1,graph,0,auto,40,1.0,1.0,1.0,intersect,1,75027,1,1
100,0.097827,756.778405,92.30869,3814.808105,11.919883,0.097826,121846.307422,475.962138,0.830712,0.018821,0.097827,4,729031,/mnt/bak3/lzg/PipeANN-github/experiments/io_representative_20260515_bpftrace_rerun/glove100/thread_sweep/u100/t4/block_latency.log,0.095259,0.1,0.15,0.19,ok_bpftrace,271581189,100%,1.0,1.0,u100,1000,1.0,100,auto,glove100,nvme1c1n1,remapped static counter nvme1n1 to active counter nvme1c1n1,ok,67108864,nvme1c1n1,6.018935,0,0,pipeann.hybrid.search.v1,1000,True,/mnt/bak3/lzg/PipeANN-github/data/glove100/glove100_qps4_pipeann,/mnt/bak3/lzg/PipeANN-github/experiments/io_representative_20260515_bpftrace_rerun/glove100/thread_sweep/u100/t4/iostat.log,0.102068,1879.371242,100.546049,13.100712,0.102068,135243.126605,528.30125,37204,75027,1,5.980251,0.163522,1183514.0,0.0,122.206001,34.855,0,75027,1,3714.0,4658.0,7282.0,5497.0,40572,0,,default-heuristic,37204,11.919883,1019.175293,1000,/mnt/bak3/lzg/PipeANN-github/experiments/qps_4sets/glove100/workloads/uniform_exact_selectivity/u100/queries.spmat,0.097826,121846.307422,475.962138,,10,nvme1n1,graph,0,auto,13,1.0,1.0,1.0,intersect,4,75027,4,1
100,0.111906,1292.765008,82.210177,4280.716797,20.435564,0.111905,182611.101328,713.325589,0.748272,0.022409,0.111906,4,729498,/mnt/bak3/lzg/PipeANN-github/experiments/io_representative_20260515_bpftrace_rerun/glove100/thread_sweep/u100/t8/block_latency.log,0.108928,0.1,0.19,0.24,ok_bpftrace,271581189,100%,1.0,1.0,u100,1000,1.0,100,auto,glove100,nvme1c1n1,remapped static counter nvme1n1 to active counter nvme1c1n1,ok,67108864,nvme1c1n1,4.009236,0,0,pipeann.hybrid.search.v1,1000,True,/mnt/bak3/lzg/PipeANN-github/data/glove100/glove100_qps4_pipeann,/mnt/bak3/lzg/PipeANN-github/experiments/io_representative_20260515_bpftrace_rerun/glove100/thread_sweep/u100/t8/iostat.log,0.112568,2334.919963,100.598208,25.11562,0.11257,225212.242719,879.735323,41084,75027,1,3.98996,0.163651,1183514.0,0.0,121.940002,27.38,0,75027,1,4178.0,5189.0,8502.0,6216.0,45768,0,,default-heuristic,41084,20.435564,1825.236694,1000,/mnt/bak3/lzg/PipeANN-github/experiments/qps_4sets/glove100/workloads/uniform_exact_selectivity/u100/queries.spmat,0.111905,182611.101328,713.325589,,10,nvme1n1,graph,0,auto,9,1.0,1.0,1.0,intersect,8,75027,8,1
100,0.10379,201.570471,99.838506,3585.749023,3.612633,0.103788,34806.172718,255.882713,0.850716,0.009905,0.10379,4,12724245,/mnt/bak3/lzg/PipeANN-github/experiments/io_representative_20260515_bpftrace_rerun/yfcc10m/thread_sweep/real_t4e-03_l600/t1/block_latency.log,0.100398,0.1,0.14,0.17,ok_bpftrace,271581189,t4e-03,0.0040071,0.0040071,real_t4e-03_l600,100000,0.0040071,100,auto,yfcc10m,nvme1c1n1,remapped static counter nvme1n1 to active counter nvme1c1n1,ok,67108864,nvme1c1n1,365.57438,0,0,pipeann.hybrid.search.v1,100000,True,/mnt/bak3/lzg/PipeANN-github/data/yfcc100M/yfcc10m_pipeann,/mnt/bak3/lzg/PipeANN-github/experiments/io_representative_20260515_bpftrace_rerun/yfcc10m/thread_sweep/real_t4e-03_l600/t1/iostat.log,0.104968,1548.132729,100.543469,3.647285,0.104968,35289.037394,258.993635,383208,3694,1,51.848903,0.55308,40071.0,0.0,119.735397,90.03176,0,3694,1,3571.0,3870.0,4714.0,4061.0,189456,0,,default-heuristic,383208,3.612633,274.007141,100000,/mnt/bak3/lzg/PipeANN-github/experiments/qps_4sets/yfcc10m/workloads/random_single_label/real_selected_labels/real_t4e-03_l600/queries.spmat,0.103788,34806.172718,255.882713,,10,nvme1n1,graph,0,auto,730,0.0040071,0.0040071,0.0040071,intersect,1,3694,1,1
100,0.114142,800.950966,99.287566,4234.963867,13.369277,0.114141,117127.645448,861.438777,1.098559,0.009412,0.114142,4,2529956,/mnt/bak3/lzg/PipeANN-github/experiments/io_representative_20260515_bpftrace_rerun/yfcc10m/thread_sweep/real_t4e-03_l600/t4/block_latency.log,2545.57773,0.11,0.18,0.23,ok_bpftrace,271581189,t4e-03,0.0040071,0.0040071,real_t4e-03_l600,100000,0.0040071,100,auto,yfcc10m,nvme1c1n1,remapped static counter nvme1n1 to active counter nvme1c1n1,ok,67108864,nvme1c1n1,108.323735,0,0,pipeann.hybrid.search.v1,100000,True,/mnt/bak3/lzg/PipeANN-github/data/yfcc100M/yfcc10m_pipeann,/mnt/bak3/lzg/PipeANN-github/experiments/io_representative_20260515_bpftrace_rerun/yfcc10m/thread_sweep/real_t4e-03_l600/t4/iostat.log,0.124312,1823.127182,100.505867,13.58417,0.124312,119293.073046,877.235589,390768,3694,1,23.928531,0.155784,40071.0,0.0,119.441147,91.15167,0,3694,1,4215.0,4664.0,6292.0,4937.0,190496,0,,default-heuristic,390768,13.369277,929.97229,100000,/mnt/bak3/lzg/PipeANN-github/experiments/qps_4sets/yfcc10m/workloads/random_single_label/real_selected_labels/real_t4e-03_l600/queries.spmat,0.114141,117127.645448,861.438777,,10,nvme1n1,graph,0,auto,217,0.0040071,0.0040071,0.0040071,intersect,4,3694,4,1
100,0.133677,1591.757158,98.846749,5171.522461,25.590147,0.133677,191431.900335,1407.438031,1.208543,0.013395,0.133677,4,12642769,/mnt/bak3/lzg/PipeANN-github/experiments/io_representative_20260515_bpftrace_rerun/yfcc10m/thread_sweep/real_t4e-03_l600/t8/block_latency.log,509.518536,0.12,0.23,0.3,ok_bpftrace,271581189,t4e-03,0.0040071,0.0040071,real_t4e-03_l600,100000,0.0040071,100,auto,yfcc10m,nvme1c1n1,remapped static counter nvme1n1 to active counter nvme1c1n1,ok,67108864,nvme1c1n1,66.195399,0,0,pipeann.hybrid.search.v1,100000,True,/mnt/bak3/lzg/PipeANN-github/data/yfcc100M/yfcc10m_pipeann,/mnt/bak3/lzg/PipeANN-github/experiments/io_representative_20260515_bpftrace_rerun/yfcc10m/thread_sweep/real_t4e-03_l600/t8/iostat.log,0.135089,2117.208673,100.599577,26.008819,0.135089,195046.323566,1433.461632,401784,3694,1,23.951843,0.560795,40071.0,0.0,119.251266,93.7059,0,3694,1,5151.0,5728.0,6839.0,6049.0,194188,0,,default-heuristic,401784,25.590147,1528.785156,100000,/mnt/bak3/lzg/PipeANN-github/experiments/qps_4sets/yfcc10m/workloads/random_single_label/real_selected_labels/real_t4e-03_l600/queries.spmat,0.133677,191431.900335,1407.438031,,10,nvme1n1,graph,0,auto,133,0.0040071,0.0040071,0.0040071,intersect,8,3694,8,1
100,0.104145,201.566691,99.79661,3604.414062,3.605174,0.104143,34616.15119,254.492897,0.856967,0.008172,0.104145,4,12724053,/mnt/bak3/lzg/PipeANN-github/experiments/io_representative_20260515_bpftrace_rerun/yfcc10m/thread_sweep/real_t5e-03_l902/t1/block_latency.log,0.100653,0.1,0.14,0.17,ok_bpftrace,271581189,t5e-03,0.0050002,0.0050002,real_t5e-03_l902,100000,0.0050002,100,auto,yfcc10m,nvme1c1n1,remapped static counter nvme1n1 to active counter nvme1c1n1,ok,67108864,nvme1c1n1,367.575613,0,0,pipeann.hybrid.search.v1,100000,True,/mnt/bak3/lzg/PipeANN-github/data/yfcc100M/yfcc10m_pipeann,/mnt/bak3/lzg/PipeANN-github/experiments/io_representative_20260515_bpftrace_rerun/yfcc10m/thread_sweep/real_t5e-03_l902/t1/iostat.log,0.111111,1556.285133,100.532246,3.635406,0.112069,35005.985766,257.14878,383368,3694,1,21.93555,0.202529,50002.0,0.0,119.736977,99.54627,0,3694,1,3589.0,3887.0,4735.0,4075.0,189024,0,,default-heuristic,383368,3.605174,272.633148,100000,/mnt/bak3/lzg/PipeANN-github/experiments/qps_4sets/yfcc10m/workloads/random_single_label/real_selected_labels/real_t5e-03_l902/queries.spmat,0.104143,34616.15119,254.492897,,10,nvme1n1,graph,0,auto,734,0.0050002,0.0050002,0.0050002,intersect,1,3694,1,1
100,0.116674,797.447474,99.274575,4296.618164,13.48354,0.116674,115564.62038,849.7394,1.229322,0.010031,0.116674,4,12677285,/mnt/bak3/lzg/PipeANN-github/experiments/io_representative_20260515_bpftrace_rerun/yfcc10m/thread_sweep/real_t5e-03_l902/t4/block_latency.log,0.113086,0.11,0.18,0.23,ok_bpftrace,271581189,t5e-03,0.0050002,0.0050002,real_t5e-03_l902,100000,0.0050002,100,auto,yfcc10m,nvme1c1n1,remapped static counter nvme1n1 to active counter nvme1c1n1,ok,67108864,nvme1c1n1,109.816637,0,0,pipeann.hybrid.search.v1,100000,True,/mnt/bak3/lzg/PipeANN-github/data/yfcc100M/yfcc10m_pipeann,/mnt/bak3/lzg/PipeANN-github/experiments/io_representative_20260515_bpftrace_rerun/yfcc10m/thread_sweep/real_t5e-03_l902/t4/iostat.log,0.12218,1837.306576,100.583206,13.667522,0.12218,118945.143948,874.429569,390764,3694,1,25.922951,0.155787,50002.0,0.0,119.442757,96.5093,0,3694,1,4277.0,4716.0,6227.0,4983.0,190624,0,,default-heuristic,390764,13.48354,917.527588,100000,/mnt/bak3/lzg/PipeANN-github/experiments/qps_4sets/yfcc10m/workloads/random_single_label/real_selected_labels/real_t5e-03_l902/queries.spmat,0.116674,115564.62038,849.7394,,10,nvme1n1,graph,0,auto,220,0.0050002,0.0050002,0.0050002,intersect,4,3694,4,1
100,0.13549,1580.926676,98.721018,5241.534668,25.558481,0.13549,188637.054016,1387.261916,0.96762,0.009304,0.13549,4,12643324,/mnt/bak3/lzg/PipeANN-github/experiments/io_representative_20260515_bpftrace_rerun/yfcc10m/thread_sweep/real_t5e-03_l902/t8/block_latency.log,0.13142,0.12,0.23,0.3,ok_bpftrace,271581189,t5e-03,0.0050002,0.0050002,real_t5e-03_l902,100000,0.0050002,100,auto,yfcc10m,nvme1c1n1,remapped static counter nvme1n1 to active counter nvme1c1n1,ok,67108864,nvme1c1n1,67.175158,0,0,pipeann.hybrid.search.v1,100000,True,/mnt/bak3/lzg/PipeANN-github/data/yfcc100M/yfcc10m_pipeann,/mnt/bak3/lzg/PipeANN-github/experiments/io_representative_20260515_bpftrace_rerun/yfcc10m/thread_sweep/real_t5e-03_l902/t8/iostat.log,0.136557,2244.848711,100.59814,26.059534,0.136557,192591.713258,1415.89379,402536,3694,1,25.946785,0.15593,50002.0,0.0,119.281502,104.01454,0,3694,1,5221.0,5798.0,6997.0,6110.0,195640,0,,default-heuristic,402536,25.558481,1508.47522,100000,/mnt/bak3/lzg/PipeANN-github/experiments/qps_4sets/yfcc10m/workloads/random_single_label/real_selected_labels/real_t5e-03_l902/queries.spmat,0.13549,188637.054016,1387.261916,,10,nvme1n1,graph,0,auto,135,0.0050002,0.0050002,0.0050002,intersect,8,3694,8,1
100,0.103379,201.562535,99.858821,3630.52832,3.555333,0.103378,34390.29234,252.82284,0.829742,0.007686,0.103379,4,12724214,/mnt/bak3/lzg/PipeANN-github/experiments/io_representative_20260515_bpftrace_rerun/yfcc10m/thread_sweep/real_t1e-02_l0/t1/block_latency.log,0.100006,0.1,0.14,0.17,ok_bpftrace,271581189,t1e-02,0.0097939,0.0097939,real_t1e-02_l0,100000,0.0097939,100,auto,yfcc10m,nvme1c1n1,remapped static counter nvme1n1 to active counter nvme1c1n1,ok,67108864,nvme1c1n1,369.994354,0,0,pipeann.hybrid.search.v1,100000,True,/mnt/bak3/lzg/PipeANN-github/data/yfcc100M/yfcc10m_pipeann,/mnt/bak3/lzg/PipeANN-github/experiments/io_representative_20260515_bpftrace_rerun/yfcc10m/thread_sweep/real_t1e-02_l0/t1/iostat.log,0.104549,1554.208008,100.617734,3.584427,0.104561,34892.805619,255.427161,383452,3694,1,23.936369,0.155828,97939.0,0.0,119.733963,142.14148,0,3694,1,3616.0,3913.0,4744.0,4103.0,194724,0,,default-heuristic,383452,3.555333,270.66922,100000,/mnt/bak3/lzg/PipeANN-github/experiments/qps_4sets/yfcc10m/workloads/random_single_label/real_selected_labels/real_t1e-02_l0/queries.spmat,0.103378,34390.29234,252.82284,,10,nvme1n1,graph,0,auto,739,0.0097939,0.0097939,0.0097939,intersect,1,3694,1,1
100,0.1172,801.013863,99.629353,4350.921875,13.421297,0.117199,114515.324531,842.086045,0.866185,0.008635,0.1172,4,12678584,/mnt/bak3/lzg/PipeANN-github/experiments/io_representative_20260515_bpftrace_rerun/yfcc10m/thread_sweep/real_t1e-02_l0/t4/block_latency.log,0.11337,0.11,0.18,0.23,ok_bpftrace,271581189,t1e-02,0.0097939,0.0097939,real_t1e-02_l0,100000,0.0097939,100,auto,yfcc10m,nvme1c1n1,remapped static counter nvme1n1 to active counter nvme1c1n1,ok,67108864,nvme1c1n1,110.830791,0,0,pipeann.hybrid.search.v1,100000,True,/mnt/bak3/lzg/PipeANN-github/data/yfcc100M/yfcc10m_pipeann,/mnt/bak3/lzg/PipeANN-github/experiments/io_representative_20260515_bpftrace_rerun/yfcc10m/thread_sweep/real_t1e-02_l0/t4/iostat.log,0.125709,1825.320826,100.505838,13.541892,0.125709,115940.455368,852.346704,394232,3694,1,35.893757,0.303788,97939.0,0.0,119.460091,139.12477,0,3694,1,4331.0,4766.0,6389.0,5039.0,195568,0,,default-heuristic,394232,13.421297,905.79071,100000,/mnt/bak3/lzg/PipeANN-github/experiments/qps_4sets/yfcc10m/workloads/random_single_label/real_selected_labels/real_t1e-02_l0/queries.spmat,0.117199,114515.324531,842.086045,,10,nvme1n1,graph,0,auto,222,0.0097939,0.0097939,0.0097939,intersect,4,3694,4,1
100,0.131805,1588.074129,98.94684,5176.320312,25.229541,0.131805,191414.807851,1407.447167,0.906383,0.009323,0.131805,4,6718941,/mnt/bak3/lzg/PipeANN-github/experiments/io_representative_20260515_bpftrace_rerun/yfcc10m/thread_sweep/real_t1e-02_l0/t8/block_latency.log,0.130201,0.12,0.23,0.3,ok_bpftrace,271581189,t1e-02,0.0097939,0.0097939,real_t1e-02_l0,100000,0.0097939,100,auto,yfcc10m,nvme1c1n1,remapped static counter nvme1n1 to active counter nvme1c1n1,ok,67108864,nvme1c1n1,66.197162,0,0,pipeann.hybrid.search.v1,100000,True,/mnt/bak3/lzg/PipeANN-github/data/yfcc100M/yfcc10m_pipeann,/mnt/bak3/lzg/PipeANN-github/experiments/io_representative_20260515_bpftrace_rerun/yfcc10m/thread_sweep/real_t1e-02_l0/t8/iostat.log,0.165484,1624.383338,100.585521,27.385629,0.165484,195787.502867,1438.691214,405404,3694,1,25.92738,0.225876,97939.0,0.0,119.255219,151.02385,0,3694,1,5151.0,5759.0,7170.0,6153.0,195164,0,,default-heuristic,405404,25.229541,1527.180542,100000,/mnt/bak3/lzg/PipeANN-github/experiments/qps_4sets/yfcc10m/workloads/random_single_label/real_selected_labels/real_t1e-02_l0/queries.spmat,0.131805,191414.807851,1407.447167,,10,nvme1n1,graph,0,auto,133,0.0097939,0.0097939,0.0097939,intersect,8,3694,8,1
100,0.103283,200.874956,99.870635,3656.924072,3.527081,0.103281,34148.831079,251.040226,0.909847,0.008398,0.103283,4,12723513,/mnt/bak3/lzg/PipeANN-github/experiments/io_representative_20260515_bpftrace_rerun/yfcc10m/thread_sweep/real_t5e-02_l24/t1/block_latency.log,0.099929,0.1,0.14,0.17,ok_bpftrace,271581189,t5e-02,0.0499079,0.0499079,real_t5e-02_l24,100000,0.0499079,100,auto,yfcc10m,nvme1c1n1,remapped static counter nvme1n1 to active counter nvme1c1n1,ok,67108864,nvme1c1n1,372.590001,0,0,pipeann.hybrid.search.v1,100000,True,/mnt/bak3/lzg/PipeANN-github/data/yfcc100M/yfcc10m_pipeann,/mnt/bak3/lzg/PipeANN-github/experiments/io_representative_20260515_bpftrace_rerun/yfcc10m/thread_sweep/real_t5e-02_l24/t1/iostat.log,0.104532,1053.444107,100.585283,3.563515,0.104532,34592.21432,253.466971,384240,3694,1,21.937086,0.53749,499079.0,0.0,119.723793,178.38042,0,3694,1,3642.0,3939.0,4780.0,4130.0,192028,0,,default-heuristic,384240,3.527081,268.760864,100000,/mnt/bak3/lzg/PipeANN-github/experiments/qps_4sets/yfcc10m/workloads/random_single_label/real_selected_labels/real_t5e-02_l24/queries.spmat,0.103281,34148.831079,251.040226,,10,nvme1n1,graph,0,auto,744,0.0499079,0.0499079,0.0499079,intersect,1,3694,1,1
100,0.115135,798.826632,99.559792,4345.53418,13.185942,0.115135,114524.86088,842.151183,0.938596,0.008954,0.115135,4,12675573,/mnt/bak3/lzg/PipeANN-github/experiments/io_representative_20260515_bpftrace_rerun/yfcc10m/thread_sweep/real_t5e-02_l24/t4/block_latency.log,508.301764,0.11,0.18,0.23,ok_bpftrace,271581189,t5e-02,0.0499079,0.0499079,real_t5e-02_l24,100000,0.0499079,100,auto,yfcc10m,nvme1c1n1,remapped static counter nvme1n1 to active counter nvme1c1n1,ok,67108864,nvme1c1n1,110.803767,0,0,pipeann.hybrid.search.v1,100000,True,/mnt/bak3/lzg/PipeANN-github/data/yfcc100M/yfcc10m_pipeann,/mnt/bak3/lzg/PipeANN-github/experiments/io_representative_20260515_bpftrace_rerun/yfcc10m/thread_sweep/real_t5e-02_l24/t4/iostat.log,0.117021,1344.998189,100.617259,13.365782,0.117009,116277.645404,854.771448,391300,3694,1,21.935824,0.148072,499079.0,0.0,119.440201,191.5642,0,3694,1,4326.0,4778.0,5780.0,5041.0,193000,0,,default-heuristic,391300,13.185942,906.688171,100000,/mnt/bak3/lzg/PipeANN-github/experiments/qps_4sets/yfcc10m/workloads/random_single_label/real_selected_labels/real_t5e-02_l24/queries.spmat,0.115135,114524.86088,842.151183,,10,nvme1n1,graph,0,auto,222,0.0499079,0.0499079,0.0499079,intersect,4,3694,4,1
100,0.132967,1587.24658,98.916381,5247.932617,25.092979,0.132967,188714.573011,1387.784422,0.997922,0.010182,0.132967,4,12639904,/mnt/bak3/lzg/PipeANN-github/experiments/io_representative_20260515_bpftrace_rerun/yfcc10m/thread_sweep/real_t5e-02_l24/t8/block_latency.log,0.129731,0.12,0.23,0.3,ok_bpftrace,271581189,t5e-02,0.0499079,0.0499079,real_t5e-02_l24,100000,0.0499079,100,auto,yfcc10m,nvme1c1n1,remapped static counter nvme1n1 to active counter nvme1c1n1,ok,67108864,nvme1c1n1,67.139537,0,0,pipeann.hybrid.search.v1,100000,True,/mnt/bak3/lzg/PipeANN-github/data/yfcc100M/yfcc10m_pipeann,/mnt/bak3/lzg/PipeANN-github/experiments/io_representative_20260515_bpftrace_rerun/yfcc10m/thread_sweep/real_t5e-02_l24/t8/iostat.log,0.133816,1612.649748,100.617366,25.516515,0.133816,192488.334985,1414.616581,402984,3694,1,23.950404,0.233897,499079.0,0.0,119.263153,191.42881,0,3694,1,5228.0,5802.0,7002.0,6116.0,194472,0,,default-heuristic,402984,25.092979,1506.241455,100000,/mnt/bak3/lzg/PipeANN-github/experiments/qps_4sets/yfcc10m/workloads/random_single_label/real_selected_labels/real_t5e-02_l24/queries.spmat,0.132967,188714.573011,1387.784422,,10,nvme1n1,graph,0,auto,135,0.0499079,0.0499079,0.0499079,intersect,8,3694,8,1
100,0.098427,200.871863,99.887336,3517.364014,3.491946,0.098423,35476.830372,260.80874,0.8618,0.00804,0.098427,4,3830681,/mnt/bak3/lzg/PipeANN-github/experiments/io_representative_20260515_bpftrace_rerun/yfcc10m/thread_sweep/real_t1e-01_l17/t1/block_latency.log,0.096973,0.1,0.13,0.17,ok_bpftrace,271581189,t1e-01,0.0991156,0.0991156,real_t1e-01_l17,100000,0.0991156,100,auto,yfcc10m,nvme1c1n1,remapped static counter nvme1n1 to active counter nvme1c1n1,ok,67108864,nvme1c1n1,358.551958,0,0,pipeann.hybrid.search.v1,100000,True,/mnt/bak3/lzg/PipeANN-github/data/yfcc100M/yfcc10m_pipeann,/mnt/bak3/lzg/PipeANN-github/experiments/io_representative_20260515_bpftrace_rerun/yfcc10m/thread_sweep/real_t1e-01_l17/t1/iostat.log,0.101374,1029.427764,100.592587,3.523452,0.101374,36120.848147,264.54838,386456,3694,1,19.941838,0.233697,991156.0,0.0,119.696152,181.37014,0,3694,1,3503.0,3799.0,4624.0,3985.0,192212,0,,default-heuristic,386456,3.491946,279.229065,100000,/mnt/bak3/lzg/PipeANN-github/experiments/qps_4sets/yfcc10m/workloads/random_single_label/real_selected_labels/real_t1e-01_l17/queries.spmat,0.098423,35476.830372,260.80874,,10,nvme1n1,graph,0,auto,716,0.0991156,0.0991156,0.0991156,intersect,1,3694,1,1
100,0.116584,800.953616,99.602051,4371.484863,13.291073,0.116583,114003.335203,838.210535,1.275475,0.011754,0.116584,4,12679036,/mnt/bak3/lzg/PipeANN-github/experiments/io_representative_20260515_bpftrace_rerun/yfcc10m/thread_sweep/real_t1e-01_l17/t4/block_latency.log,0.112902,0.11,0.18,0.23,ok_bpftrace,271581189,t1e-01,0.0991156,0.0991156,real_t1e-01_l17,100000,0.0991156,100,auto,yfcc10m,nvme1c1n1,remapped static counter nvme1n1 to active counter nvme1c1n1,ok,67108864,nvme1c1n1,111.331041,0,0,pipeann.hybrid.search.v1,100000,True,/mnt/bak3/lzg/PipeANN-github/data/yfcc100M/yfcc10m_pipeann,/mnt/bak3/lzg/PipeANN-github/experiments/io_representative_20260515_bpftrace_rerun/yfcc10m/thread_sweep/real_t1e-01_l17/t4/iostat.log,0.129488,1817.205462,100.539826,13.422182,0.129488,115714.494146,850.851032,391344,3694,1,31.905449,0.677679,991156.0,0.0,119.447021,179.41494,0,3694,1,4350.0,4788.0,6541.0,5063.0,197172,0,,default-heuristic,391344,13.291073,901.986572,100000,/mnt/bak3/lzg/PipeANN-github/experiments/qps_4sets/yfcc10m/workloads/random_single_label/real_selected_labels/real_t1e-01_l17/queries.spmat,0.116583,114003.335203,838.210535,,10,nvme1n1,graph,0,auto,223,0.0991156,0.0991156,0.0991156,intersect,4,3694,4,1
100,0.132732,1588.030412,98.895592,5246.808594,25.036869,0.132732,188626.001334,1387.002681,1.012176,0.010292,0.132732,4,12642169,/mnt/bak3/lzg/PipeANN-github/experiments/io_representative_20260515_bpftrace_rerun/yfcc10m/thread_sweep/real_t1e-01_l17/t8/block_latency.log,0.129532,0.12,0.23,0.3,ok_bpftrace,271581189,t1e-01,0.0991156,0.0991156,real_t1e-01_l17,100000,0.0991156,100,auto,yfcc10m,nvme1c1n1,remapped static counter nvme1n1 to active counter nvme1c1n1,ok,67108864,nvme1c1n1,67.181963,0,0,pipeann.hybrid.search.v1,100000,True,/mnt/bak3/lzg/PipeANN-github/data/yfcc100M/yfcc10m_pipeann,/mnt/bak3/lzg/PipeANN-github/experiments/io_representative_20260515_bpftrace_rerun/yfcc10m/thread_sweep/real_t1e-01_l17/t8/iostat.log,0.134089,1628.315976,100.610407,25.497581,0.134089,192249.253386,1414.189865,403600,3694,1,21.930272,0.148068,991156.0,0.0,119.271294,191.52161,0,3694,1,5226.0,5814.0,6930.0,6132.0,194592,0,,default-heuristic,403600,25.036869,1505.876343,100000,/mnt/bak3/lzg/PipeANN-github/experiments/qps_4sets/yfcc10m/workloads/random_single_label/real_selected_labels/real_t1e-01_l17/queries.spmat,0.132732,188626.001334,1387.002681,,10,nvme1n1,graph,0,auto,135,0.0991156,0.0991156,0.0991156,intersect,8,3694,8,1
100,0.103753,200.610707,99.849937,3665.777588,3.534659,0.103751,34067.175318,250.449611,0.923684,0.008241,0.103753,4,12724243,/mnt/bak3/lzg/PipeANN-github/experiments/io_representative_20260515_bpftrace_rerun/yfcc10m/thread_sweep/real_t2e-01_l29/t1/block_latency.log,0.100418,0.1,0.14,0.17,ok_bpftrace,271581189,t2e-01,0.1915985,0.1915985,real_t2e-01_l29,100000,0.1915985,100,auto,yfcc10m,nvme1c1n1,remapped static counter nvme1n1 to active counter nvme1c1n1,ok,67108864,nvme1c1n1,373.504492,0,0,pipeann.hybrid.search.v1,100000,True,/mnt/bak3/lzg/PipeANN-github/data/yfcc100M/yfcc10m_pipeann,/mnt/bak3/lzg/PipeANN-github/experiments/io_representative_20260515_bpftrace_rerun/yfcc10m/thread_sweep/real_t2e-01_l29/t1/iostat.log,0.10496,861.727347,100.603044,3.5625,0.10496,34500.903059,253.024057,384256,3694,1,27.934999,0.186966,1915985.0,0.0,119.735283,173.51713,0,3694,1,3651.0,3948.0,4785.0,4139.0,192080,0,,default-heuristic,384256,3.534659,268.158752,100000,/mnt/bak3/lzg/PipeANN-github/experiments/qps_4sets/yfcc10m/workloads/random_single_label/real_selected_labels/real_t2e-01_l29/queries.spmat,0.103751,34067.175318,250.449611,,10,nvme1n1,graph,0,auto,746,0.1915985,0.1915985,0.1915985,intersect,1,3694,1,1
100,0.115583,794.630185,99.258489,4355.579102,13.174798,0.115583,113984.13974,838.135854,1.185626,0.010035,0.115583,4,12676850,/mnt/bak3/lzg/PipeANN-github/experiments/io_representative_20260515_bpftrace_rerun/yfcc10m/thread_sweep/real_t2e-01_l29/t4/block_latency.log,508.334793,0.11,0.18,0.23,ok_bpftrace,271581189,t2e-01,0.1915985,0.1915985,real_t2e-01_l29,100000,0.1915985,100,auto,yfcc10m,nvme1c1n1,remapped static counter nvme1n1 to active counter nvme1c1n1,ok,67108864,nvme1c1n1,111.333551,0,0,pipeann.hybrid.search.v1,100000,True,/mnt/bak3/lzg/PipeANN-github/data/yfcc100M/yfcc10m_pipeann,/mnt/bak3/lzg/PipeANN-github/experiments/io_representative_20260515_bpftrace_rerun/yfcc10m/thread_sweep/real_t2e-01_l29/t4/iostat.log,0.128065,1201.880894,100.572965,13.375095,0.128065,116141.182859,852.78098,391548,3694,1,23.929059,0.218103,1915985.0,0.0,119.439072,184.0486,0,3694,1,4333.0,4785.0,6643.0,5095.0,197244,0,,default-heuristic,391548,13.174798,905.107544,100000,/mnt/bak3/lzg/PipeANN-github/experiments/qps_4sets/yfcc10m/workloads/random_single_label/real_selected_labels/real_t2e-01_l29/queries.spmat,0.115583,113984.13974,838.135854,,10,nvme1n1,graph,0,auto,223,0.1915985,0.1915985,0.1915985,intersect,4,3694,4,1
100,0.132759,1586.730604,98.929774,5251.468262,25.030915,0.132759,188543.245105,1386.689226,0.952393,0.00994,0.132759,4,10046728,/mnt/bak3/lzg/PipeANN-github/experiments/io_representative_20260515_bpftrace_rerun/yfcc10m/thread_sweep/real_t2e-01_l29/t8/block_latency.log,0.129668,0.12,0.23,0.3,ok_bpftrace,271581189,t2e-01,0.1915985,0.1915985,real_t2e-01_l29,100000,0.1915985,100,auto,yfcc10m,nvme1c1n1,remapped static counter nvme1n1 to active counter nvme1c1n1,ok,67108864,nvme1c1n1,67.199183,0,0,pipeann.hybrid.search.v1,100000,True,/mnt/bak3/lzg/PipeANN-github/data/yfcc100M/yfcc10m_pipeann,/mnt/bak3/lzg/PipeANN-github/experiments/io_representative_20260515_bpftrace_rerun/yfcc10m/thread_sweep/real_t2e-01_l29/t8/iostat.log,0.134536,1609.966786,100.561224,25.458223,0.134536,192348.423802,1414.125514,403144,3694,1,23.926225,0.194733,1915985.0,0.0,119.274902,190.60358,0,3694,1,5232.0,5806.0,6977.0,6119.0,194636,0,,default-heuristic,403144,25.030915,1504.735718,100000,/mnt/bak3/lzg/PipeANN-github/experiments/qps_4sets/yfcc10m/workloads/random_single_label/real_selected_labels/real_t2e-01_l29/queries.spmat,0.132759,188543.245105,1386.689226,,10,nvme1n1,graph,0,auto,135,0.1915985,0.1915985,0.1915985,intersect,8,3694,8,1
100,0.103662,200.877713,99.902099,3672.922119,3.525863,0.10366,34012.431596,250.04603,0.775197,0.007716,0.103662,4,12723991,/mnt/bak3/lzg/PipeANN-github/experiments/io_representative_20260515_bpftrace_rerun/yfcc10m/thread_sweep/real_extra_l23/t1/block_latency.log,0.100282,0.1,0.14,0.17,ok_bpftrace,271581189,label 23,0.3386745,0.3386745,real_extra_l23,100000,0.3386745,100,auto,yfcc10m,nvme1c1n1,remapped static counter nvme1n1 to active counter nvme1c1n1,ok,67108864,nvme1c1n1,374.098246,0,0,pipeann.hybrid.search.v1,100000,True,/mnt/bak3/lzg/PipeANN-github/data/yfcc100M/yfcc10m_pipeann,/mnt/bak3/lzg/PipeANN-github/experiments/io_representative_20260515_bpftrace_rerun/yfcc10m/thread_sweep/real_extra_l23/t1/iostat.log,0.104897,1059.356298,100.612255,3.553551,0.104897,34456.35904,252.462291,384472,3694,1,27.917963,0.436218,3386745.0,0.0,119.732368,181.62384,0,3694,1,3658.0,3956.0,4809.0,4149.0,191980,0,,default-heuristic,384472,3.525863,267.588043,100000,/mnt/bak3/lzg/PipeANN-github/experiments/qps_4sets/yfcc10m/workloads/random_single_label/real_selected_labels/real_extra_l23/queries.spmat,0.10366,34012.431596,250.04603,,10,nvme1n1,graph,0,auto,747,0.3386745,0.3386745,0.3386745,intersect,1,3694,1,1
100,0.115924,797.993185,99.45562,4363.891113,13.217944,0.115923,114022.114744,838.344085,0.844428,0.008106,0.115924,4,12679334,/mnt/bak3/lzg/PipeANN-github/experiments/io_representative_20260515_bpftrace_rerun/yfcc10m/thread_sweep/real_extra_l23/t4/block_latency.log,0.112523,0.11,0.18,0.23,ok_bpftrace,271581189,label 23,0.3386745,0.3386745,real_extra_l23,100000,0.3386745,100,auto,yfcc10m,nvme1c1n1,remapped static counter nvme1n1 to active counter nvme1c1n1,ok,67108864,nvme1c1n1,111.317993,0,0,pipeann.hybrid.search.v1,100000,True,/mnt/bak3/lzg/PipeANN-github/data/yfcc100M/yfcc10m_pipeann,/mnt/bak3/lzg/PipeANN-github/experiments/io_representative_20260515_bpftrace_rerun/yfcc10m/thread_sweep/real_extra_l23/t4/iostat.log,0.117371,1154.892712,100.617499,13.372516,0.117371,115788.46329,852.177951,391348,3694,1,23.930258,0.148006,3386745.0,0.0,119.452049,190.66262,0,3694,1,4345.0,4790.0,5752.0,5050.0,192904,0,,default-heuristic,391348,13.217944,903.425842,100000,/mnt/bak3/lzg/PipeANN-github/experiments/qps_4sets/yfcc10m/workloads/random_single_label/real_selected_labels/real_extra_l23/queries.spmat,0.115923,114022.114744,838.344085,,10,nvme1n1,graph,0,auto,223,0.3386745,0.3386745,0.3386745,intersect,4,3694,4,1
100,0.132885,1586.155486,98.780363,5246.290039,25.058932,0.132885,188575.239823,1386.653132,0.952387,0.009359,0.132885,4,12640016,/mnt/bak3/lzg/PipeANN-github/experiments/io_representative_20260515_bpftrace_rerun/yfcc10m/thread_sweep/real_extra_l23/t8/block_latency.log,0.129682,0.12,0.23,0.3,ok_bpftrace,271581189,label 23,0.3386745,0.3386745,real_extra_l23,100000,0.3386745,100,auto,yfcc10m,nvme1c1n1,remapped static counter nvme1n1 to active counter nvme1c1n1,ok,67108864,nvme1c1n1,67.199591,0,0,pipeann.hybrid.search.v1,100000,True,/mnt/bak3/lzg/PipeANN-github/data/yfcc100M/yfcc10m_pipeann,/mnt/bak3/lzg/PipeANN-github/experiments/io_representative_20260515_bpftrace_rerun/yfcc10m/thread_sweep/real_extra_l23/t8/iostat.log,0.134375,1612.972873,100.611179,25.519191,0.134365,192863.402816,1418.779421,402704,3694,1,15.951637,0.14027,3386745.0,0.0,119.272522,190.60372,0,3694,1,5227.0,5801.0,6992.0,6124.0,196720,0,,default-heuristic,402704,25.058932,1506.925659,100000,/mnt/bak3/lzg/PipeANN-github/experiments/qps_4sets/yfcc10m/workloads/random_single_label/real_selected_labels/real_extra_l23/queries.spmat,0.132885,188575.239823,1386.653132,,10,nvme1n1,graph,0,auto,135,0.3386745,0.3386745,0.3386745,intersect,8,3694,8,1
