format,index_prefix,selector_type,query_label_file,query_count,threads,beamwidth,mem_L,route,resolved_route,L,hybrid_enabled,tau_m,threshold_version,min_tau_m,max_tau_m,min_threshold_version,max_threshold_version,qps,avg_latency_us,p50_latency_us,p90_latency_us,p95_latency_us,p99_latency_us,p999_latency_us,mean_hops,mean_ios,mean_candidate_count,mean_route_overhead_us,fallback_count,prefilter_count,graph_count,empty_count,recall_at,process_max_rss_kb,max_rss_kb,recall,recall@10,chosen_L,status,bucket,filter_type,points,selected_route,exp6_latency_budget_ms,within_latency_budget,threshold_exceeded,target_recall@10,source_experiment
pipeann.hybrid.search.v1,/mnt/bak3/lzg/PipeANN-github/experiments/r116_suite_pq16_aris_20260520_072453/exp6_query_thread_budget/tmp/direct_1m,intersect,/mnt/bak3/lzg/PipeANN-github/experiments/r116_suite_pq16_aris_20260520_072453/labels/query_1000_u1e-03.spmat,1000,1,4,0,prefilter,prefilter,10,True,0,1,0,0,1,1,8523.72168,110.473,109.0,113.0,114.0,160.0,327.0,0.0,96.0,1000.0,4.231,0,1000,0,0,10,28860,28860,100.0,100.0,10,ok,u1e-03,intersect,1000000,prefilter,10.0,True,False,98.0,exp4_intersect_range_selectivity
pipeann.hybrid.search.v1,/mnt/bak3/lzg/PipeANN-github/experiments/r116_suite_pq16_aris_20260520_072453/exp6_query_thread_budget/tmp/direct_1m,intersect,/mnt/bak3/lzg/PipeANN-github/experiments/r116_suite_pq16_aris_20260520_072453/labels/query_1000_u1e-03.spmat,1000,2,4,0,prefilter,prefilter,10,True,0,1,0,0,1,1,12471.019531,152.255005,134.0,193.0,277.0,377.0,645.0,0.0,96.0,1000.0,5.219,0,1000,0,0,10,29304,29304,100.0,100.0,10,ok,u1e-03,intersect,1000000,prefilter,10.0,True,False,98.0,exp4_intersect_range_selectivity
pipeann.hybrid.search.v1,/mnt/bak3/lzg/PipeANN-github/experiments/r116_suite_pq16_aris_20260520_072453/exp6_query_thread_budget/tmp/direct_1m,intersect,/mnt/bak3/lzg/PipeANN-github/experiments/r116_suite_pq16_aris_20260520_072453/labels/query_1000_u1e-03.spmat,1000,3,4,0,prefilter,prefilter,10,True,0,1,0,0,1,1,14593.882812,196.522003,173.0,306.0,391.0,458.0,879.0,0.0,96.0,1000.0,6.156,0,1000,0,0,10,30168,30168,100.0,100.0,10,ok,u1e-03,intersect,1000000,prefilter,10.0,True,False,98.0,exp4_intersect_range_selectivity
pipeann.hybrid.search.v1,/mnt/bak3/lzg/PipeANN-github/experiments/r116_suite_pq16_aris_20260520_072453/exp6_query_thread_budget/tmp/direct_1m,intersect,/mnt/bak3/lzg/PipeANN-github/experiments/r116_suite_pq16_aris_20260520_072453/labels/query_1000_u1e-03.spmat,1000,4,4,0,prefilter,prefilter,10,True,0,1,0,0,1,1,17951.613281,213.649002,193.0,304.0,340.0,471.0,793.0,0.0,96.0,1000.0,6.222,0,1000,0,0,10,30616,30616,100.0,100.0,10,ok,u1e-03,intersect,1000000,prefilter,10.0,True,False,98.0,exp4_intersect_range_selectivity
pipeann.hybrid.search.v1,/mnt/bak3/lzg/PipeANN-github/experiments/r116_suite_pq16_aris_20260520_072453/exp6_query_thread_budget/tmp/direct_1m,intersect,/mnt/bak3/lzg/PipeANN-github/experiments/r116_suite_pq16_aris_20260520_072453/labels/query_1000_u1e-03.spmat,1000,5,4,0,prefilter,prefilter,10,True,0,1,0,0,1,1,18221.779297,264.138,225.0,386.0,522.0,587.0,865.0,0.0,96.0,1000.0,6.676,0,1000,0,0,10,31564,31564,100.0,100.0,10,ok,u1e-03,intersect,1000000,prefilter,10.0,True,False,98.0,exp4_intersect_range_selectivity
pipeann.hybrid.search.v1,/mnt/bak3/lzg/PipeANN-github/experiments/r116_suite_pq16_aris_20260520_072453/exp6_query_thread_budget/tmp/direct_1m,intersect,/mnt/bak3/lzg/PipeANN-github/experiments/r116_suite_pq16_aris_20260520_072453/labels/query_1000_u1e-03.spmat,1000,6,4,0,prefilter,prefilter,10,True,0,1,0,0,1,1,20052.488281,288.696991,259.0,392.0,410.0,599.0,892.0,0.0,96.0,1000.0,6.995,0,1000,0,0,10,32020,32020,100.0,100.0,10,ok,u1e-03,intersect,1000000,prefilter,10.0,True,False,98.0,exp4_intersect_range_selectivity
pipeann.hybrid.search.v1,/mnt/bak3/lzg/PipeANN-github/experiments/r116_suite_pq16_aris_20260520_072453/exp6_query_thread_budget/tmp/direct_1m,intersect,/mnt/bak3/lzg/PipeANN-github/experiments/r116_suite_pq16_aris_20260520_072453/labels/query_1000_u1e-03.spmat,1000,7,4,0,prefilter,prefilter,10,True,0,1,0,0,1,1,19585.548828,346.270996,305.0,463.0,662.0,715.0,1259.0,0.0,96.0,1000.0,8.09,0,1000,0,0,10,32524,32524,100.0,100.0,10,ok,u1e-03,intersect,1000000,prefilter,10.0,True,False,98.0,exp4_intersect_range_selectivity
pipeann.hybrid.search.v1,/mnt/bak3/lzg/PipeANN-github/experiments/r116_suite_pq16_aris_20260520_072453/exp6_query_thread_budget/tmp/direct_1m,intersect,/mnt/bak3/lzg/PipeANN-github/experiments/r116_suite_pq16_aris_20260520_072453/labels/query_1000_u1e-03.spmat,1000,8,4,0,prefilter,prefilter,10,True,0,1,0,0,1,1,14420.552734,542.370972,521.0,675.0,778.0,868.0,1403.0,0.0,96.0,1000.0,8.159,0,1000,0,0,10,33504,33504,100.0,100.0,10,ok,u1e-03,intersect,1000000,prefilter,10.0,True,False,98.0,exp4_intersect_range_selectivity
pipeann.hybrid.search.v1,/mnt/bak3/lzg/PipeANN-github/experiments/r116_suite_pq16_aris_20260520_072453/exp6_query_thread_budget/tmp/direct_1m,intersect,/mnt/bak3/lzg/PipeANN-github/experiments/r116_suite_pq16_aris_20260520_072453/labels/query_1000_u1e-03.spmat,1000,9,4,0,prefilter,prefilter,10,True,0,1,0,0,1,1,13874.65625,637.911987,634.0,723.0,784.0,957.0,1394.0,0.0,96.0,1000.0,7.601,0,1000,0,0,10,33924,33924,100.0,100.0,10,ok,u1e-03,intersect,1000000,prefilter,10.0,True,False,98.0,exp4_intersect_range_selectivity
pipeann.hybrid.search.v1,/mnt/bak3/lzg/PipeANN-github/experiments/r116_suite_pq16_aris_20260520_072453/exp6_query_thread_budget/tmp/direct_1m,intersect,/mnt/bak3/lzg/PipeANN-github/experiments/r116_suite_pq16_aris_20260520_072453/labels/query_1000_u1e-03.spmat,1000,10,4,0,prefilter,prefilter,10,True,0,1,0,0,1,1,13877.826172,708.950012,693.0,791.0,976.0,1340.0,1727.0,0.0,96.0,1000.0,9.548,0,1000,0,0,10,34636,34636,100.0,100.0,10,ok,u1e-03,intersect,1000000,prefilter,10.0,True,False,98.0,exp4_intersect_range_selectivity
pipeann.hybrid.search.v1,/mnt/bak3/lzg/PipeANN-github/experiments/r116_suite_pq16_aris_20260520_072453/exp6_query_thread_budget/tmp/direct_1m,intersect,/mnt/bak3/lzg/PipeANN-github/experiments/r116_suite_pq16_aris_20260520_072453/labels/query_1000_u1e-03.spmat,1000,11,4,0,prefilter,prefilter,10,True,0,1,0,0,1,1,13454.6875,805.03302,830.0,966.0,1021.0,1227.0,1612.0,0.0,96.0,1000.0,9.762,0,1000,0,0,10,35196,35196,100.0,100.0,10,ok,u1e-03,intersect,1000000,prefilter,10.0,True,False,98.0,exp4_intersect_range_selectivity
pipeann.hybrid.search.v1,/mnt/bak3/lzg/PipeANN-github/experiments/r116_suite_pq16_aris_20260520_072453/exp6_query_thread_budget/tmp/direct_1m,intersect,/mnt/bak3/lzg/PipeANN-github/experiments/r116_suite_pq16_aris_20260520_072453/labels/query_1000_u1e-03.spmat,1000,12,4,0,prefilter,prefilter,10,True,0,1,0,0,1,1,13880.875977,850.911987,856.0,944.0,972.0,1387.0,2028.0,0.0,96.0,1000.0,11.392,0,1000,0,0,10,35644,35644,100.0,100.0,10,ok,u1e-03,intersect,1000000,prefilter,10.0,True,False,98.0,exp4_intersect_range_selectivity
pipeann.hybrid.search.v1,/mnt/bak3/lzg/PipeANN-github/experiments/r116_suite_pq16_aris_20260520_072453/exp6_query_thread_budget/tmp/direct_1m,intersect,/mnt/bak3/lzg/PipeANN-github/experiments/r116_suite_pq16_aris_20260520_072453/labels/query_1000_u1e-03.spmat,1000,13,4,0,prefilter,prefilter,10,True,0,1,0,0,1,1,14145.40918,904.765991,876.0,1027.0,1129.0,1560.0,2115.0,0.0,96.0,1000.0,10.806,0,1000,0,0,10,36504,36504,100.0,100.0,10,ok,u1e-03,intersect,1000000,prefilter,10.0,True,False,98.0,exp4_intersect_range_selectivity
pipeann.hybrid.search.v1,/mnt/bak3/lzg/PipeANN-github/experiments/r116_suite_pq16_aris_20260520_072453/exp6_query_thread_budget/tmp/direct_1m,intersect,/mnt/bak3/lzg/PipeANN-github/experiments/r116_suite_pq16_aris_20260520_072453/labels/query_1000_u1e-03.spmat,1000,14,4,0,prefilter,prefilter,10,True,0,1,0,0,1,1,14152.501953,974.004028,950.0,1119.0,1163.0,1489.0,2164.0,0.0,96.0,1000.0,9.0,0,1000,0,0,10,36964,36964,100.0,100.0,10,ok,u1e-03,intersect,1000000,prefilter,10.0,True,False,98.0,exp4_intersect_range_selectivity
pipeann.hybrid.search.v1,/mnt/bak3/lzg/PipeANN-github/experiments/r116_suite_pq16_aris_20260520_072453/exp6_query_thread_budget/tmp/direct_1m,intersect,/mnt/bak3/lzg/PipeANN-github/experiments/r116_suite_pq16_aris_20260520_072453/labels/query_1000_u1e-03.spmat,1000,15,4,0,prefilter,prefilter,10,True,0,1,0,0,1,1,14483.241211,1018.866028,973.0,1125.0,1199.0,1811.0,2551.0,0.0,96.0,1000.0,9.791,0,1000,0,0,10,37808,37808,100.0,100.0,10,ok,u1e-03,intersect,1000000,prefilter,10.0,True,False,98.0,exp4_intersect_range_selectivity
pipeann.hybrid.search.v1,/mnt/bak3/lzg/PipeANN-github/experiments/r116_suite_pq16_aris_20260520_072453/exp6_query_thread_budget/tmp/direct_1m,intersect,/mnt/bak3/lzg/PipeANN-github/experiments/r116_suite_pq16_aris_20260520_072453/labels/query_1000_u1e-03.spmat,1000,16,4,0,prefilter,prefilter,10,True,0,1,0,0,1,1,13571.362305,1159.494995,1051.0,1497.0,1619.0,2467.0,3430.0,0.0,96.0,1000.0,15.937,0,1000,0,0,10,38476,38476,100.0,100.0,10,ok,u1e-03,intersect,1000000,prefilter,10.0,True,False,98.0,exp4_intersect_range_selectivity
pipeann.hybrid.search.v1,/mnt/bak3/lzg/PipeANN-github/experiments/r116_suite_pq16_aris_20260520_072453/exp6_query_thread_budget/tmp/direct_1m,intersect,/mnt/bak3/lzg/PipeANN-github/experiments/r116_suite_pq16_aris_20260520_072453/labels/query_1000_u3e-03.spmat,1000,1,4,0,prefilter,prefilter,10,True,0,1,0,0,1,1,5735.660156,163.005997,162.0,168.0,170.0,197.0,430.0,0.0,96.0,3000.0,9.186,0,1000,0,0,10,28932,28932,99.940002,99.940002,10,ok,u3e-03,intersect,1000000,prefilter,10.0,True,False,98.0,exp4_intersect_range_selectivity
pipeann.hybrid.search.v1,/mnt/bak3/lzg/PipeANN-github/experiments/r116_suite_pq16_aris_20260520_072453/exp6_query_thread_budget/tmp/direct_1m,intersect,/mnt/bak3/lzg/PipeANN-github/experiments/r116_suite_pq16_aris_20260520_072453/labels/query_1000_u3e-03.spmat,1000,2,4,0,prefilter,prefilter,10,True,0,1,0,0,1,1,9441.96875,198.785004,179.0,241.0,333.0,546.0,930.0,0.0,96.0,3000.0,10.537,0,1000,0,0,10,29448,29448,99.940002,99.940002,10,ok,u3e-03,intersect,1000000,prefilter,10.0,True,False,98.0,exp4_intersect_range_selectivity
pipeann.hybrid.search.v1,/mnt/bak3/lzg/PipeANN-github/experiments/r116_suite_pq16_aris_20260520_072453/exp6_query_thread_budget/tmp/direct_1m,intersect,/mnt/bak3/lzg/PipeANN-github/experiments/r116_suite_pq16_aris_20260520_072453/labels/query_1000_u3e-03.spmat,1000,3,4,0,prefilter,prefilter,10,True,0,1,0,0,1,1,12159.407227,232.449997,205.0,345.0,521.0,572.0,907.0,0.0,96.0,3000.0,11.641,0,1000,0,0,10,30308,30308,99.940002,99.940002,10,ok,u3e-03,intersect,1000000,prefilter,10.0,True,False,98.0,exp4_intersect_range_selectivity
pipeann.hybrid.search.v1,/mnt/bak3/lzg/PipeANN-github/experiments/r116_suite_pq16_aris_20260520_072453/exp6_query_thread_budget/tmp/direct_1m,intersect,/mnt/bak3/lzg/PipeANN-github/experiments/r116_suite_pq16_aris_20260520_072453/labels/query_1000_u3e-03.spmat,1000,4,4,0,prefilter,prefilter,10,True,0,1,0,0,1,1,16080.263672,235.100006,221.0,286.0,333.0,576.0,885.0,0.0,96.0,3000.0,10.73,0,1000,0,0,10,30696,30696,99.940002,99.940002,10,ok,u3e-03,intersect,1000000,prefilter,10.0,True,False,98.0,exp4_intersect_range_selectivity
pipeann.hybrid.search.v1,/mnt/bak3/lzg/PipeANN-github/experiments/r116_suite_pq16_aris_20260520_072453/exp6_query_thread_budget/tmp/direct_1m,intersect,/mnt/bak3/lzg/PipeANN-github/experiments/r116_suite_pq16_aris_20260520_072453/labels/query_1000_u3e-03.spmat,1000,5,4,0,prefilter,prefilter,10,True,0,1,0,0,1,1,16232.660156,292.165009,251.0,476.0,600.0,693.0,996.0,0.0,96.0,3000.0,12.526,0,1000,0,0,10,31476,31476,99.940002,99.940002,10,ok,u3e-03,intersect,1000000,prefilter,10.0,True,False,98.0,exp4_intersect_range_selectivity
pipeann.hybrid.search.v1,/mnt/bak3/lzg/PipeANN-github/experiments/r116_suite_pq16_aris_20260520_072453/exp6_query_thread_budget/tmp/direct_1m,intersect,/mnt/bak3/lzg/PipeANN-github/experiments/r116_suite_pq16_aris_20260520_072453/labels/query_1000_u3e-03.spmat,1000,6,4,0,prefilter,prefilter,10,True,0,1,0,0,1,1,18190.070312,313.782013,286.0,447.0,544.0,660.0,1084.0,0.0,96.0,3000.0,12.59,0,1000,0,0,10,32012,32012,99.940002,99.940002,10,ok,u3e-03,intersect,1000000,prefilter,10.0,True,False,98.0,exp4_intersect_range_selectivity
pipeann.hybrid.search.v1,/mnt/bak3/lzg/PipeANN-github/experiments/r116_suite_pq16_aris_20260520_072453/exp6_query_thread_budget/tmp/direct_1m,intersect,/mnt/bak3/lzg/PipeANN-github/experiments/r116_suite_pq16_aris_20260520_072453/labels/query_1000_u3e-03.spmat,1000,7,4,0,prefilter,prefilter,10,True,0,1,0,0,1,1,20938.365234,319.178986,304.0,381.0,417.0,762.0,1286.0,0.0,96.0,3000.0,12.251,0,1000,0,0,10,32976,32976,99.940002,99.940002,10,ok,u3e-03,intersect,1000000,prefilter,10.0,True,False,98.0,exp4_intersect_range_selectivity
pipeann.hybrid.search.v1,/mnt/bak3/lzg/PipeANN-github/experiments/r116_suite_pq16_aris_20260520_072453/exp6_query_thread_budget/tmp/direct_1m,intersect,/mnt/bak3/lzg/PipeANN-github/experiments/r116_suite_pq16_aris_20260520_072453/labels/query_1000_u3e-03.spmat,1000,8,4,0,prefilter,prefilter,10,True,0,1,0,0,1,1,15669.088867,494.446991,512.0,584.0,620.0,914.0,1332.0,0.0,96.0,3000.0,11.765,0,1000,0,0,10,33440,33440,99.940002,99.940002,10,ok,u3e-03,intersect,1000000,prefilter,10.0,True,False,98.0,exp4_intersect_range_selectivity
pipeann.hybrid.search.v1,/mnt/bak3/lzg/PipeANN-github/experiments/r116_suite_pq16_aris_20260520_072453/exp6_query_thread_budget/tmp/direct_1m,intersect,/mnt/bak3/lzg/PipeANN-github/experiments/r116_suite_pq16_aris_20260520_072453/labels/query_1000_u3e-03.spmat,1000,9,4,0,prefilter,prefilter,10,True,0,1,0,0,1,1,14100.456055,621.922974,615.0,720.0,803.0,1034.0,1368.0,0.0,96.0,3000.0,13.773,0,1000,0,0,10,33804,33804,99.940002,99.940002,10,ok,u3e-03,intersect,1000000,prefilter,10.0,True,False,98.0,exp4_intersect_range_selectivity
pipeann.hybrid.search.v1,/mnt/bak3/lzg/PipeANN-github/experiments/r116_suite_pq16_aris_20260520_072453/exp6_query_thread_budget/tmp/direct_1m,intersect,/mnt/bak3/lzg/PipeANN-github/experiments/r116_suite_pq16_aris_20260520_072453/labels/query_1000_u3e-03.spmat,1000,10,4,0,prefilter,prefilter,10,True,0,1,0,0,1,1,12823.761719,760.559998,747.0,955.0,1125.0,1237.0,1775.0,0.0,96.0,3000.0,15.304,0,1000,0,0,10,34712,34712,99.940002,99.940002,10,ok,u3e-03,intersect,1000000,prefilter,10.0,True,False,98.0,exp4_intersect_range_selectivity
pipeann.hybrid.search.v1,/mnt/bak3/lzg/PipeANN-github/experiments/r116_suite_pq16_aris_20260520_072453/exp6_query_thread_budget/tmp/direct_1m,intersect,/mnt/bak3/lzg/PipeANN-github/experiments/r116_suite_pq16_aris_20260520_072453/labels/query_1000_u3e-03.spmat,1000,11,4,0,prefilter,prefilter,10,True,0,1,0,0,1,1,12900.913086,832.169006,817.0,1064.0,1165.0,1485.0,1829.0,0.0,96.0,3000.0,15.971,0,1000,0,0,10,35136,35136,99.940002,99.940002,10,ok,u3e-03,intersect,1000000,prefilter,10.0,True,False,98.0,exp4_intersect_range_selectivity
pipeann.hybrid.search.v1,/mnt/bak3/lzg/PipeANN-github/experiments/r116_suite_pq16_aris_20260520_072453/exp6_query_thread_budget/tmp/direct_1m,intersect,/mnt/bak3/lzg/PipeANN-github/experiments/r116_suite_pq16_aris_20260520_072453/labels/query_1000_u3e-03.spmat,1000,12,4,0,prefilter,prefilter,10,True,0,1,0,0,1,1,13477.760742,872.377014,846.0,981.0,1167.0,1588.0,2303.0,0.0,96.0,3000.0,14.296,0,1000,0,0,10,36064,36064,99.940002,99.940002,10,ok,u3e-03,intersect,1000000,prefilter,10.0,True,False,98.0,exp4_intersect_range_selectivity
pipeann.hybrid.search.v1,/mnt/bak3/lzg/PipeANN-github/experiments/r116_suite_pq16_aris_20260520_072453/exp6_query_thread_budget/tmp/direct_1m,intersect,/mnt/bak3/lzg/PipeANN-github/experiments/r116_suite_pq16_aris_20260520_072453/labels/query_1000_u3e-03.spmat,1000,13,4,0,prefilter,prefilter,10,True,0,1,0,0,1,1,12623.647461,1007.755005,938.0,1298.0,1404.0,1906.0,2431.0,0.0,96.0,3000.0,17.901,0,1000,0,0,10,36508,36508,99.940002,99.940002,10,ok,u3e-03,intersect,1000000,prefilter,10.0,True,False,98.0,exp4_intersect_range_selectivity
pipeann.hybrid.search.v1,/mnt/bak3/lzg/PipeANN-github/experiments/r116_suite_pq16_aris_20260520_072453/exp6_query_thread_budget/tmp/direct_1m,intersect,/mnt/bak3/lzg/PipeANN-github/experiments/r116_suite_pq16_aris_20260520_072453/labels/query_1000_u3e-03.spmat,1000,14,4,0,prefilter,prefilter,10,True,0,1,0,0,1,1,14268.640625,959.671997,913.0,1098.0,1188.0,1714.0,2675.0,0.0,96.0,3000.0,16.053,0,1000,0,0,10,37332,37332,99.940002,99.940002,10,ok,u3e-03,intersect,1000000,prefilter,10.0,True,False,98.0,exp4_intersect_range_selectivity
pipeann.hybrid.search.v1,/mnt/bak3/lzg/PipeANN-github/experiments/r116_suite_pq16_aris_20260520_072453/exp6_query_thread_budget/tmp/direct_1m,intersect,/mnt/bak3/lzg/PipeANN-github/experiments/r116_suite_pq16_aris_20260520_072453/labels/query_1000_u3e-03.spmat,1000,15,4,0,prefilter,prefilter,10,True,0,1,0,0,1,1,14033.575195,1047.176025,1001.0,1204.0,1259.0,1761.0,2465.0,0.0,96.0,3000.0,18.196,0,1000,0,0,10,37808,37808,99.940002,99.940002,10,ok,u3e-03,intersect,1000000,prefilter,10.0,True,False,98.0,exp4_intersect_range_selectivity
pipeann.hybrid.search.v1,/mnt/bak3/lzg/PipeANN-github/experiments/r116_suite_pq16_aris_20260520_072453/exp6_query_thread_budget/tmp/direct_1m,intersect,/mnt/bak3/lzg/PipeANN-github/experiments/r116_suite_pq16_aris_20260520_072453/labels/query_1000_u3e-03.spmat,1000,16,4,0,prefilter,prefilter,10,True,0,1,0,0,1,1,13800.552734,1134.435059,1055.0,1373.0,1561.0,2054.0,2821.0,0.0,96.0,3000.0,19.699,0,1000,0,0,10,38408,38408,99.940002,99.940002,10,ok,u3e-03,intersect,1000000,prefilter,10.0,True,False,98.0,exp4_intersect_range_selectivity
pipeann.hybrid.search.v1,/mnt/bak3/lzg/PipeANN-github/experiments/r116_suite_pq16_aris_20260520_072453/exp6_query_thread_budget/tmp/direct_1m,intersect,/mnt/bak3/lzg/PipeANN-github/experiments/r116_suite_pq16_aris_20260520_072453/labels/query_1000_u1e-02.spmat,1000,1,4,0,prefilter,prefilter,10,True,0,1,0,0,1,1,2650.52002,348.303009,345.0,357.0,361.0,442.0,610.0,0.0,128.0,10000.0,26.667,0,1000,0,0,10,28896,28896,99.940002,99.940002,10,ok,u1e-02,intersect,1000000,prefilter,10.0,True,False,98.0,exp4_intersect_range_selectivity
pipeann.hybrid.search.v1,/mnt/bak3/lzg/PipeANN-github/experiments/r116_suite_pq16_aris_20260520_072453/exp6_query_thread_budget/tmp/direct_1m,intersect,/mnt/bak3/lzg/PipeANN-github/experiments/r116_suite_pq16_aris_20260520_072453/labels/query_1000_u1e-02.spmat,1000,2,4,0,prefilter,prefilter,10,True,0,1,0,0,1,1,4821.699219,384.002991,361.0,401.0,478.0,1078.0,1528.0,0.0,128.0,10000.0,28.273,0,1000,0,0,10,29736,29736,99.940002,99.940002,10,ok,u1e-02,intersect,1000000,prefilter,10.0,True,False,98.0,exp4_intersect_range_selectivity
pipeann.hybrid.search.v1,/mnt/bak3/lzg/PipeANN-github/experiments/r116_suite_pq16_aris_20260520_072453/exp6_query_thread_budget/tmp/direct_1m,intersect,/mnt/bak3/lzg/PipeANN-github/experiments/r116_suite_pq16_aris_20260520_072453/labels/query_1000_u1e-02.spmat,1000,3,4,0,prefilter,prefilter,10,True,0,1,0,0,1,1,7148.905273,388.002991,364.0,418.0,489.0,1090.0,1387.0,0.0,128.0,10000.0,28.692,0,1000,0,0,10,30172,30172,99.940002,99.940002,10,ok,u1e-02,intersect,1000000,prefilter,10.0,True,False,98.0,exp4_intersect_range_selectivity
pipeann.hybrid.search.v1,/mnt/bak3/lzg/PipeANN-github/experiments/r116_suite_pq16_aris_20260520_072453/exp6_query_thread_budget/tmp/direct_1m,intersect,/mnt/bak3/lzg/PipeANN-github/experiments/r116_suite_pq16_aris_20260520_072453/labels/query_1000_u1e-02.spmat,1000,4,4,0,prefilter,prefilter,10,True,0,1,0,0,1,1,8459.947266,439.502991,408.0,529.0,696.0,1148.0,1439.0,0.0,128.0,10000.0,30.248,0,1000,0,0,10,30752,30752,99.940002,99.940002,10,ok,u1e-02,intersect,1000000,prefilter,10.0,True,False,98.0,exp4_intersect_range_selectivity
pipeann.hybrid.search.v1,/mnt/bak3/lzg/PipeANN-github/experiments/r116_suite_pq16_aris_20260520_072453/exp6_query_thread_budget/tmp/direct_1m,intersect,/mnt/bak3/lzg/PipeANN-github/experiments/r116_suite_pq16_aris_20260520_072453/labels/query_1000_u1e-02.spmat,1000,5,4,0,prefilter,prefilter,10,True,0,1,0,0,1,1,10345.120117,449.833008,420.0,530.0,677.0,1093.0,1523.0,0.0,128.0,10000.0,29.896,0,1000,0,0,10,31624,31624,99.940002,99.940002,10,ok,u1e-02,intersect,1000000,prefilter,10.0,True,False,98.0,exp4_intersect_range_selectivity
pipeann.hybrid.search.v1,/mnt/bak3/lzg/PipeANN-github/experiments/r116_suite_pq16_aris_20260520_072453/exp6_query_thread_budget/tmp/direct_1m,intersect,/mnt/bak3/lzg/PipeANN-github/experiments/r116_suite_pq16_aris_20260520_072453/labels/query_1000_u1e-02.spmat,1000,6,4,0,prefilter,prefilter,10,True,0,1,0,0,1,1,11334.473633,494.959991,481.0,592.0,696.0,1189.0,1675.0,0.0,128.0,10000.0,30.481,0,1000,0,0,10,31980,31980,99.940002,99.940002,10,ok,u1e-02,intersect,1000000,prefilter,10.0,True,False,98.0,exp4_intersect_range_selectivity
pipeann.hybrid.search.v1,/mnt/bak3/lzg/PipeANN-github/experiments/r116_suite_pq16_aris_20260520_072453/exp6_query_thread_budget/tmp/direct_1m,intersect,/mnt/bak3/lzg/PipeANN-github/experiments/r116_suite_pq16_aris_20260520_072453/labels/query_1000_u1e-02.spmat,1000,7,4,0,prefilter,prefilter,10,True,0,1,0,0,1,1,12818.962891,511.006989,485.0,655.0,801.0,1031.0,1768.0,0.0,128.0,10000.0,31.807,0,1000,0,0,10,32764,32764,99.940002,99.940002,10,ok,u1e-02,intersect,1000000,prefilter,10.0,True,False,98.0,exp4_intersect_range_selectivity
pipeann.hybrid.search.v1,/mnt/bak3/lzg/PipeANN-github/experiments/r116_suite_pq16_aris_20260520_072453/exp6_query_thread_budget/tmp/direct_1m,intersect,/mnt/bak3/lzg/PipeANN-github/experiments/r116_suite_pq16_aris_20260520_072453/labels/query_1000_u1e-02.spmat,1000,8,4,0,prefilter,prefilter,10,True,0,1,0,0,1,1,10924.262695,696.315002,685.0,896.0,988.0,1562.0,2114.0,0.0,128.0,10000.0,31.566,0,1000,0,0,10,33404,33404,99.940002,99.940002,10,ok,u1e-02,intersect,1000000,prefilter,10.0,True,False,98.0,exp4_intersect_range_selectivity
pipeann.hybrid.search.v1,/mnt/bak3/lzg/PipeANN-github/experiments/r116_suite_pq16_aris_20260520_072453/exp6_query_thread_budget/tmp/direct_1m,intersect,/mnt/bak3/lzg/PipeANN-github/experiments/r116_suite_pq16_aris_20260520_072453/labels/query_1000_u1e-02.spmat,1000,9,4,0,prefilter,prefilter,10,True,0,1,0,0,1,1,10663.571289,808.669006,815.0,985.0,1111.0,1604.0,2261.0,0.0,128.0,10000.0,32.316,0,1000,0,0,10,33988,33988,99.940002,99.940002,10,ok,u1e-02,intersect,1000000,prefilter,10.0,True,False,98.0,exp4_intersect_range_selectivity
pipeann.hybrid.search.v1,/mnt/bak3/lzg/PipeANN-github/experiments/r116_suite_pq16_aris_20260520_072453/exp6_query_thread_budget/tmp/direct_1m,intersect,/mnt/bak3/lzg/PipeANN-github/experiments/r116_suite_pq16_aris_20260520_072453/labels/query_1000_u1e-02.spmat,1000,10,4,0,prefilter,prefilter,10,True,0,1,0,0,1,1,10236.351562,938.801025,921.0,1189.0,1446.0,1989.0,2697.0,0.0,128.0,10000.0,34.327,0,1000,0,0,10,34624,34624,99.940002,99.940002,10,ok,u1e-02,intersect,1000000,prefilter,10.0,True,False,98.0,exp4_intersect_range_selectivity
pipeann.hybrid.search.v1,/mnt/bak3/lzg/PipeANN-github/experiments/r116_suite_pq16_aris_20260520_072453/exp6_query_thread_budget/tmp/direct_1m,intersect,/mnt/bak3/lzg/PipeANN-github/experiments/r116_suite_pq16_aris_20260520_072453/labels/query_1000_u1e-02.spmat,1000,11,4,0,prefilter,prefilter,10,True,0,1,0,0,1,1,10130.197266,1048.130005,1012.0,1243.0,1621.0,2151.0,3031.0,0.0,128.0,10000.0,33.103,0,1000,0,0,10,35812,35812,99.940002,99.940002,10,ok,u1e-02,intersect,1000000,prefilter,10.0,True,False,98.0,exp4_intersect_range_selectivity
pipeann.hybrid.search.v1,/mnt/bak3/lzg/PipeANN-github/experiments/r116_suite_pq16_aris_20260520_072453/exp6_query_thread_budget/tmp/direct_1m,intersect,/mnt/bak3/lzg/PipeANN-github/experiments/r116_suite_pq16_aris_20260520_072453/labels/query_1000_u1e-02.spmat,1000,12,4,0,prefilter,prefilter,10,True,0,1,0,0,1,1,10845.427734,1071.093994,1053.0,1192.0,1348.0,2092.0,2911.0,0.0,128.0,10000.0,32.991,0,1000,0,0,10,35988,35988,99.940002,99.940002,10,ok,u1e-02,intersect,1000000,prefilter,10.0,True,False,98.0,exp4_intersect_range_selectivity
pipeann.hybrid.search.v1,/mnt/bak3/lzg/PipeANN-github/experiments/r116_suite_pq16_aris_20260520_072453/exp6_query_thread_budget/tmp/direct_1m,intersect,/mnt/bak3/lzg/PipeANN-github/experiments/r116_suite_pq16_aris_20260520_072453/labels/query_1000_u1e-02.spmat,1000,13,4,0,prefilter,prefilter,10,True,0,1,0,0,1,1,10521.386719,1197.639038,1174.0,1423.0,1585.0,2287.0,3029.0,0.0,128.0,10000.0,32.918,0,1000,0,0,10,36552,36552,99.940002,99.940002,10,ok,u1e-02,intersect,1000000,prefilter,10.0,True,False,98.0,exp4_intersect_range_selectivity
pipeann.hybrid.search.v1,/mnt/bak3/lzg/PipeANN-github/experiments/r116_suite_pq16_aris_20260520_072453/exp6_query_thread_budget/tmp/direct_1m,intersect,/mnt/bak3/lzg/PipeANN-github/experiments/r116_suite_pq16_aris_20260520_072453/labels/query_1000_u1e-02.spmat,1000,14,4,0,prefilter,prefilter,10,True,0,1,0,0,1,1,10680.164062,1270.202026,1232.0,1476.0,1642.0,2509.0,3387.0,0.0,128.0,10000.0,35.516,0,1000,0,0,10,37288,37288,99.940002,99.940002,10,ok,u1e-02,intersect,1000000,prefilter,10.0,True,False,98.0,exp4_intersect_range_selectivity
pipeann.hybrid.search.v1,/mnt/bak3/lzg/PipeANN-github/experiments/r116_suite_pq16_aris_20260520_072453/exp6_query_thread_budget/tmp/direct_1m,intersect,/mnt/bak3/lzg/PipeANN-github/experiments/r116_suite_pq16_aris_20260520_072453/labels/query_1000_u1e-02.spmat,1000,15,4,0,prefilter,prefilter,10,True,0,1,0,0,1,1,10758.638672,1353.88501,1317.0,1508.0,1733.0,2580.0,3619.0,0.0,128.0,10000.0,32.977,0,1000,0,0,10,37808,37808,99.940002,99.940002,10,ok,u1e-02,intersect,1000000,prefilter,10.0,True,False,98.0,exp4_intersect_range_selectivity
pipeann.hybrid.search.v1,/mnt/bak3/lzg/PipeANN-github/experiments/r116_suite_pq16_aris_20260520_072453/exp6_query_thread_budget/tmp/direct_1m,intersect,/mnt/bak3/lzg/PipeANN-github/experiments/r116_suite_pq16_aris_20260520_072453/labels/query_1000_u1e-02.spmat,1000,16,4,0,prefilter,prefilter,10,True,0,1,0,0,1,1,10788.835938,1443.297974,1410.0,1691.0,1873.0,2295.0,2965.0,0.0,128.0,10000.0,34.766,0,1000,0,0,10,38644,38644,99.940002,99.940002,10,ok,u1e-02,intersect,1000000,prefilter,10.0,True,False,98.0,exp4_intersect_range_selectivity
pipeann.hybrid.search.v1,/mnt/bak3/lzg/PipeANN-github/experiments/r116_suite_pq16_aris_20260520_072453/exp6_query_thread_budget/tmp/direct_1m,intersect,/mnt/bak3/lzg/PipeANN-github/experiments/r116_suite_pq16_aris_20260520_072453/labels/query_1000_u5e-02.spmat,1000,1,4,0,prefilter,prefilter,10,True,0,1,0,0,1,1,797.121277,1120.171997,1090.0,1315.0,1327.0,1354.0,1512.0,0.0,160.0,50000.0,22.151,0,1000,0,0,10,29644,29644,99.839996,99.839996,10,ok,u5e-02,intersect,1000000,prefilter,10.0,True,False,98.0,exp4_intersect_range_selectivity
pipeann.hybrid.search.v1,/mnt/bak3/lzg/PipeANN-github/experiments/r116_suite_pq16_aris_20260520_072453/exp6_query_thread_budget/tmp/direct_1m,intersect,/mnt/bak3/lzg/PipeANN-github/experiments/r116_suite_pq16_aris_20260520_072453/labels/query_1000_u5e-02.spmat,1000,2,4,0,prefilter,prefilter,10,True,0,1,0,0,1,1,1517.462524,1180.365967,1121.0,1350.0,1373.0,1641.0,3350.0,0.0,160.0,50000.0,21.51,0,1000,0,0,10,30608,30608,99.839996,99.839996,10,ok,u5e-02,intersect,1000000,prefilter,10.0,True,False,98.0,exp4_intersect_range_selectivity
pipeann.hybrid.search.v1,/mnt/bak3/lzg/PipeANN-github/experiments/r116_suite_pq16_aris_20260520_072453/exp6_query_thread_budget/tmp/direct_1m,intersect,/mnt/bak3/lzg/PipeANN-github/experiments/r116_suite_pq16_aris_20260520_072453/labels/query_1000_u5e-02.spmat,1000,3,4,0,prefilter,prefilter,10,True,0,1,0,0,1,1,2179.606445,1231.390015,1168.0,1403.0,1460.0,2552.0,3856.0,0.0,160.0,50000.0,23.511,0,1000,0,0,10,31848,31848,99.839996,99.839996,10,ok,u5e-02,intersect,1000000,prefilter,10.0,True,False,98.0,exp4_intersect_range_selectivity
pipeann.hybrid.search.v1,/mnt/bak3/lzg/PipeANN-github/experiments/r116_suite_pq16_aris_20260520_072453/exp6_query_thread_budget/tmp/direct_1m,intersect,/mnt/bak3/lzg/PipeANN-github/experiments/r116_suite_pq16_aris_20260520_072453/labels/query_1000_u5e-02.spmat,1000,4,4,0,prefilter,prefilter,10,True,0,1,0,0,1,1,2889.850586,1239.168945,1163.0,1397.0,1461.0,2676.0,3632.0,0.0,160.0,50000.0,23.262,0,1000,0,0,10,33076,33076,99.839996,99.839996,10,ok,u5e-02,intersect,1000000,prefilter,10.0,True,False,98.0,exp4_intersect_range_selectivity
pipeann.hybrid.search.v1,/mnt/bak3/lzg/PipeANN-github/experiments/r116_suite_pq16_aris_20260520_072453/exp6_query_thread_budget/tmp/direct_1m,intersect,/mnt/bak3/lzg/PipeANN-github/experiments/r116_suite_pq16_aris_20260520_072453/labels/query_1000_u5e-02.spmat,1000,5,4,0,prefilter,prefilter,10,True,0,1,0,0,1,1,3675.024658,1214.965942,1154.0,1391.0,1455.0,2094.0,3732.0,0.0,160.0,50000.0,22.979,0,1000,0,0,10,34060,34060,99.839996,99.839996,10,ok,u5e-02,intersect,1000000,prefilter,10.0,True,False,98.0,exp4_intersect_range_selectivity
pipeann.hybrid.search.v1,/mnt/bak3/lzg/PipeANN-github/experiments/r116_suite_pq16_aris_20260520_072453/exp6_query_thread_budget/tmp/direct_1m,intersect,/mnt/bak3/lzg/PipeANN-github/experiments/r116_suite_pq16_aris_20260520_072453/labels/query_1000_u5e-02.spmat,1000,6,4,0,prefilter,prefilter,10,True,0,1,0,0,1,1,4359.308594,1229.41394,1156.0,1400.0,1555.0,2291.0,3531.0,0.0,160.0,50000.0,22.9,0,1000,0,0,10,35520,35520,99.839996,99.839996,10,ok,u5e-02,intersect,1000000,prefilter,10.0,True,False,98.0,exp4_intersect_range_selectivity
pipeann.hybrid.search.v1,/mnt/bak3/lzg/PipeANN-github/experiments/r116_suite_pq16_aris_20260520_072453/exp6_query_thread_budget/tmp/direct_1m,intersect,/mnt/bak3/lzg/PipeANN-github/experiments/r116_suite_pq16_aris_20260520_072453/labels/query_1000_u5e-02.spmat,1000,7,4,0,prefilter,prefilter,10,True,0,1,0,0,1,1,4976.994141,1262.519043,1192.0,1473.0,1685.0,2632.0,3833.0,0.0,160.0,50000.0,23.8,0,1000,0,0,10,36416,36416,99.839996,99.839996,10,ok,u5e-02,intersect,1000000,prefilter,10.0,True,False,98.0,exp4_intersect_range_selectivity
pipeann.hybrid.search.v1,/mnt/bak3/lzg/PipeANN-github/experiments/r116_suite_pq16_aris_20260520_072453/exp6_query_thread_budget/tmp/direct_1m,intersect,/mnt/bak3/lzg/PipeANN-github/experiments/r116_suite_pq16_aris_20260520_072453/labels/query_1000_u5e-02.spmat,1000,8,4,0,prefilter,prefilter,10,True,0,1,0,0,1,1,5768.429199,1244.32605,1185.0,1495.0,1567.0,2540.0,4149.0,0.0,160.0,50000.0,22.276,0,1000,0,0,10,37896,37896,99.839996,99.839996,10,ok,u5e-02,intersect,1000000,prefilter,10.0,True,False,98.0,exp4_intersect_range_selectivity
pipeann.hybrid.search.v1,/mnt/bak3/lzg/PipeANN-github/experiments/r116_suite_pq16_aris_20260520_072453/exp6_query_thread_budget/tmp/direct_1m,intersect,/mnt/bak3/lzg/PipeANN-github/experiments/r116_suite_pq16_aris_20260520_072453/labels/query_1000_u5e-02.spmat,1000,9,4,0,prefilter,prefilter,10,True,0,1,0,0,1,1,6370.485352,1272.020996,1212.0,1567.0,1684.0,2833.0,4193.0,0.0,160.0,50000.0,23.04,0,1000,0,0,10,38836,38836,99.839996,99.839996,10,ok,u5e-02,intersect,1000000,prefilter,10.0,True,False,98.0,exp4_intersect_range_selectivity
pipeann.hybrid.search.v1,/mnt/bak3/lzg/PipeANN-github/experiments/r116_suite_pq16_aris_20260520_072453/exp6_query_thread_budget/tmp/direct_1m,intersect,/mnt/bak3/lzg/PipeANN-github/experiments/r116_suite_pq16_aris_20260520_072453/labels/query_1000_u5e-02.spmat,1000,10,4,0,prefilter,prefilter,10,True,0,1,0,0,1,1,6671.429199,1353.207031,1254.0,1680.0,2114.0,3659.0,4727.0,0.0,160.0,50000.0,23.919,0,1000,0,0,10,39848,39848,99.839996,99.839996,10,ok,u5e-02,intersect,1000000,prefilter,10.0,True,False,98.0,exp4_intersect_range_selectivity
pipeann.hybrid.search.v1,/mnt/bak3/lzg/PipeANN-github/experiments/r116_suite_pq16_aris_20260520_072453/exp6_query_thread_budget/tmp/direct_1m,intersect,/mnt/bak3/lzg/PipeANN-github/experiments/r116_suite_pq16_aris_20260520_072453/labels/query_1000_u5e-02.spmat,1000,11,4,0,prefilter,prefilter,10,True,0,1,0,0,1,1,7051.506348,1413.714966,1332.0,1811.0,2107.0,3136.0,4898.0,0.0,160.0,50000.0,23.892,0,1000,0,0,10,41100,41100,99.839996,99.839996,10,ok,u5e-02,intersect,1000000,prefilter,10.0,True,False,98.0,exp4_intersect_range_selectivity
pipeann.hybrid.search.v1,/mnt/bak3/lzg/PipeANN-github/experiments/r116_suite_pq16_aris_20260520_072453/exp6_query_thread_budget/tmp/direct_1m,intersect,/mnt/bak3/lzg/PipeANN-github/experiments/r116_suite_pq16_aris_20260520_072453/labels/query_1000_u5e-02.spmat,1000,12,4,0,prefilter,prefilter,10,True,0,1,0,0,1,1,7400.952637,1481.295044,1435.0,1906.0,2091.0,2983.0,5229.0,0.0,160.0,50000.0,25.422,0,1000,0,0,10,42228,42228,99.839996,99.839996,10,ok,u5e-02,intersect,1000000,prefilter,10.0,True,False,98.0,exp4_intersect_range_selectivity
pipeann.hybrid.search.v1,/mnt/bak3/lzg/PipeANN-github/experiments/r116_suite_pq16_aris_20260520_072453/exp6_query_thread_budget/tmp/direct_1m,intersect,/mnt/bak3/lzg/PipeANN-github/experiments/r116_suite_pq16_aris_20260520_072453/labels/query_1000_u5e-02.spmat,1000,13,4,0,prefilter,prefilter,10,True,0,1,0,0,1,1,7411.478516,1610.125,1603.0,2088.0,2254.0,2823.0,5151.0,0.0,160.0,50000.0,24.998,0,1000,0,0,10,43632,43632,99.839996,99.839996,10,ok,u5e-02,intersect,1000000,prefilter,10.0,True,False,98.0,exp4_intersect_range_selectivity
pipeann.hybrid.search.v1,/mnt/bak3/lzg/PipeANN-github/experiments/r116_suite_pq16_aris_20260520_072453/exp6_query_thread_budget/tmp/direct_1m,intersect,/mnt/bak3/lzg/PipeANN-github/experiments/r116_suite_pq16_aris_20260520_072453/labels/query_1000_u5e-02.spmat,1000,14,4,0,prefilter,prefilter,10,True,0,1,0,0,1,1,7848.476562,1640.504028,1634.0,2077.0,2266.0,3002.0,4004.0,0.0,160.0,50000.0,23.29,0,1000,0,0,10,44548,44548,99.839996,99.839996,10,ok,u5e-02,intersect,1000000,prefilter,10.0,True,False,98.0,exp4_intersect_range_selectivity
pipeann.hybrid.search.v1,/mnt/bak3/lzg/PipeANN-github/experiments/r116_suite_pq16_aris_20260520_072453/exp6_query_thread_budget/tmp/direct_1m,intersect,/mnt/bak3/lzg/PipeANN-github/experiments/r116_suite_pq16_aris_20260520_072453/labels/query_1000_u5e-02.spmat,1000,15,4,0,prefilter,prefilter,10,True,0,1,0,0,1,1,8045.70166,1712.891968,1664.0,2145.0,2364.0,3164.0,4459.0,0.0,160.0,50000.0,24.531,0,1000,0,0,10,45764,45764,99.839996,99.839996,10,ok,u5e-02,intersect,1000000,prefilter,10.0,True,False,98.0,exp4_intersect_range_selectivity
pipeann.hybrid.search.v1,/mnt/bak3/lzg/PipeANN-github/experiments/r116_suite_pq16_aris_20260520_072453/exp6_query_thread_budget/tmp/direct_1m,intersect,/mnt/bak3/lzg/PipeANN-github/experiments/r116_suite_pq16_aris_20260520_072453/labels/query_1000_u5e-02.spmat,1000,16,4,0,prefilter,prefilter,10,True,0,1,0,0,1,1,7973.553223,1853.925049,1870.0,2408.0,2629.0,3671.0,4351.0,0.0,160.0,50000.0,27.97,0,1000,0,0,10,46980,46980,99.839996,99.839996,10,ok,u5e-02,intersect,1000000,prefilter,10.0,True,False,98.0,exp4_intersect_range_selectivity
pipeann.hybrid.search.v1,/mnt/bak3/lzg/PipeANN-github/experiments/r116_suite_pq16_aris_20260520_072453/exp6_query_thread_budget/tmp/direct_1m,intersect,/mnt/bak3/lzg/PipeANN-github/experiments/r116_suite_pq16_aris_20260520_072453/labels/query_1000_u1e-01.spmat,1000,1,4,0,prefilter,prefilter,10,True,0,1,0,0,1,1,469.410675,1930.213013,1904.0,2126.0,2145.0,2166.0,2832.0,0.0,160.0,100000.0,23.099,0,1000,0,0,10,30512,30512,99.75,99.75,10,ok,u1e-01,intersect,1000000,prefilter,10.0,True,False,98.0,exp4_intersect_range_selectivity
pipeann.hybrid.search.v1,/mnt/bak3/lzg/PipeANN-github/experiments/r116_suite_pq16_aris_20260520_072453/exp6_query_thread_budget/tmp/direct_1m,intersect,/mnt/bak3/lzg/PipeANN-github/experiments/r116_suite_pq16_aris_20260520_072453/labels/query_1000_u1e-01.spmat,1000,2,4,0,prefilter,prefilter,10,True,0,1,0,0,1,1,1036.429688,1751.157959,1880.0,2129.0,2170.0,2241.0,6032.0,0.0,160.0,100000.0,19.662,0,1000,0,0,10,31732,31732,99.75,99.75,10,ok,u1e-01,intersect,1000000,prefilter,10.0,True,False,98.0,exp4_intersect_range_selectivity
pipeann.hybrid.search.v1,/mnt/bak3/lzg/PipeANN-github/experiments/r116_suite_pq16_aris_20260520_072453/exp6_query_thread_budget/tmp/direct_1m,intersect,/mnt/bak3/lzg/PipeANN-github/experiments/r116_suite_pq16_aris_20260520_072453/labels/query_1000_u1e-01.spmat,1000,3,4,0,prefilter,prefilter,10,True,0,1,0,0,1,1,1509.970581,1802.020996,1898.0,2148.0,2176.0,2664.0,6060.0,0.0,160.0,100000.0,19.78,0,1000,0,0,10,33328,33328,99.75,99.75,10,ok,u1e-01,intersect,1000000,prefilter,10.0,True,False,98.0,exp4_intersect_range_selectivity
pipeann.hybrid.search.v1,/mnt/bak3/lzg/PipeANN-github/experiments/r116_suite_pq16_aris_20260520_072453/exp6_query_thread_budget/tmp/direct_1m,intersect,/mnt/bak3/lzg/PipeANN-github/experiments/r116_suite_pq16_aris_20260520_072453/labels/query_1000_u1e-01.spmat,1000,4,4,0,prefilter,prefilter,10,True,0,1,0,0,1,1,1937.479858,1873.373047,1927.0,2150.0,2188.0,2668.0,5895.0,0.0,160.0,100000.0,20.695,0,1000,0,0,10,34620,34620,99.75,99.75,10,ok,u1e-01,intersect,1000000,prefilter,10.0,True,False,98.0,exp4_intersect_range_selectivity
pipeann.hybrid.search.v1,/mnt/bak3/lzg/PipeANN-github/experiments/r116_suite_pq16_aris_20260520_072453/exp6_query_thread_budget/tmp/direct_1m,intersect,/mnt/bak3/lzg/PipeANN-github/experiments/r116_suite_pq16_aris_20260520_072453/labels/query_1000_u1e-01.spmat,1000,5,4,0,prefilter,prefilter,10,True,0,1,0,0,1,1,2392.20874,1895.317993,1935.0,2156.0,2203.0,2675.0,6038.0,0.0,160.0,100000.0,21.14,0,1000,0,0,10,36344,36344,99.75,99.75,10,ok,u1e-01,intersect,1000000,prefilter,10.0,True,False,98.0,exp4_intersect_range_selectivity
pipeann.hybrid.search.v1,/mnt/bak3/lzg/PipeANN-github/experiments/r116_suite_pq16_aris_20260520_072453/exp6_query_thread_budget/tmp/direct_1m,intersect,/mnt/bak3/lzg/PipeANN-github/experiments/r116_suite_pq16_aris_20260520_072453/labels/query_1000_u1e-01.spmat,1000,6,4,0,prefilter,prefilter,10,True,0,1,0,0,1,1,2761.516113,1967.036987,1954.0,2202.0,2282.0,3761.0,5972.0,0.0,160.0,100000.0,21.771,0,1000,0,0,10,37516,37516,99.75,99.75,10,ok,u1e-01,intersect,1000000,prefilter,10.0,True,False,98.0,exp4_intersect_range_selectivity
pipeann.hybrid.search.v1,/mnt/bak3/lzg/PipeANN-github/experiments/r116_suite_pq16_aris_20260520_072453/exp6_query_thread_budget/tmp/direct_1m,intersect,/mnt/bak3/lzg/PipeANN-github/experiments/r116_suite_pq16_aris_20260520_072453/labels/query_1000_u1e-01.spmat,1000,7,4,0,prefilter,prefilter,10,True,0,1,0,0,1,1,3195.69165,1980.715942,1944.0,2189.0,2273.0,4222.0,6204.0,0.0,160.0,100000.0,22.849,0,1000,0,0,10,40988,40988,99.75,99.75,10,ok,u1e-01,intersect,1000000,prefilter,10.0,True,False,98.0,exp4_intersect_range_selectivity
pipeann.hybrid.search.v1,/mnt/bak3/lzg/PipeANN-github/experiments/r116_suite_pq16_aris_20260520_072453/exp6_query_thread_budget/tmp/direct_1m,intersect,/mnt/bak3/lzg/PipeANN-github/experiments/r116_suite_pq16_aris_20260520_072453/labels/query_1000_u1e-01.spmat,1000,8,4,0,prefilter,prefilter,10,True,0,1,0,0,1,1,3599.348877,2012.446045,1955.0,2252.0,2625.0,3823.0,6467.0,0.0,160.0,100000.0,22.964,0,1000,0,0,10,40524,40524,99.75,99.75,10,ok,u1e-01,intersect,1000000,prefilter,10.0,True,False,98.0,exp4_intersect_range_selectivity
pipeann.hybrid.search.v1,/mnt/bak3/lzg/PipeANN-github/experiments/r116_suite_pq16_aris_20260520_072453/exp6_query_thread_budget/tmp/direct_1m,intersect,/mnt/bak3/lzg/PipeANN-github/experiments/r116_suite_pq16_aris_20260520_072453/labels/query_1000_u1e-01.spmat,1000,9,4,0,prefilter,prefilter,10,True,0,1,0,0,1,1,4031.565674,2017.344971,1969.0,2296.0,2490.0,3522.0,6411.0,0.0,160.0,100000.0,22.895,0,1000,0,0,10,41776,41776,99.75,99.75,10,ok,u1e-01,intersect,1000000,prefilter,10.0,True,False,98.0,exp4_intersect_range_selectivity
pipeann.hybrid.search.v1,/mnt/bak3/lzg/PipeANN-github/experiments/r116_suite_pq16_aris_20260520_072453/exp6_query_thread_budget/tmp/direct_1m,intersect,/mnt/bak3/lzg/PipeANN-github/experiments/r116_suite_pq16_aris_20260520_072453/labels/query_1000_u1e-01.spmat,1000,10,4,0,prefilter,prefilter,10,True,0,1,0,0,1,1,4204.534668,2138.837891,2052.0,2444.0,2902.0,5233.0,6810.0,0.0,160.0,100000.0,26.444,0,1000,0,0,10,43308,43308,99.75,99.75,10,ok,u1e-01,intersect,1000000,prefilter,10.0,True,False,98.0,exp4_intersect_range_selectivity
pipeann.hybrid.search.v1,/mnt/bak3/lzg/PipeANN-github/experiments/r116_suite_pq16_aris_20260520_072453/exp6_query_thread_budget/tmp/direct_1m,intersect,/mnt/bak3/lzg/PipeANN-github/experiments/r116_suite_pq16_aris_20260520_072453/labels/query_1000_u1e-01.spmat,1000,11,4,0,prefilter,prefilter,10,True,0,1,0,0,1,1,4700.660645,2114.743896,2064.0,2530.0,2928.0,3790.0,6699.0,0.0,160.0,100000.0,24.357,0,1000,0,0,10,44760,44760,99.75,99.75,10,ok,u1e-01,intersect,1000000,prefilter,10.0,True,False,98.0,exp4_intersect_range_selectivity
pipeann.hybrid.search.v1,/mnt/bak3/lzg/PipeANN-github/experiments/r116_suite_pq16_aris_20260520_072453/exp6_query_thread_budget/tmp/direct_1m,intersect,/mnt/bak3/lzg/PipeANN-github/experiments/r116_suite_pq16_aris_20260520_072453/labels/query_1000_u1e-01.spmat,1000,12,4,0,prefilter,prefilter,10,True,0,1,0,0,1,1,5098.98291,2129.582031,2051.0,2629.0,2890.0,3764.0,6460.0,0.0,160.0,100000.0,24.364,0,1000,0,0,10,46228,46228,99.75,99.75,10,ok,u1e-01,intersect,1000000,prefilter,10.0,True,False,98.0,exp4_intersect_range_selectivity
pipeann.hybrid.search.v1,/mnt/bak3/lzg/PipeANN-github/experiments/r116_suite_pq16_aris_20260520_072453/exp6_query_thread_budget/tmp/direct_1m,intersect,/mnt/bak3/lzg/PipeANN-github/experiments/r116_suite_pq16_aris_20260520_072453/labels/query_1000_u1e-01.spmat,1000,13,4,0,prefilter,prefilter,10,True,0,1,0,0,1,1,5458.939941,2143.300049,2064.0,2658.0,3299.0,4289.0,7177.0,0.0,160.0,100000.0,27.141,0,1000,0,0,10,47696,47696,99.75,99.75,10,ok,u1e-01,intersect,1000000,prefilter,10.0,True,False,98.0,exp4_intersect_range_selectivity
pipeann.hybrid.search.v1,/mnt/bak3/lzg/PipeANN-github/experiments/r116_suite_pq16_aris_20260520_072453/exp6_query_thread_budget/tmp/direct_1m,intersect,/mnt/bak3/lzg/PipeANN-github/experiments/r116_suite_pq16_aris_20260520_072453/labels/query_1000_u1e-01.spmat,1000,14,4,0,prefilter,prefilter,10,True,0,1,0,0,1,1,5802.5,2177.270996,2106.0,2692.0,3063.0,4942.0,6612.0,0.0,160.0,100000.0,26.754,0,1000,0,0,10,48816,48816,99.75,99.75,10,ok,u1e-01,intersect,1000000,prefilter,10.0,True,False,98.0,exp4_intersect_range_selectivity
pipeann.hybrid.search.v1,/mnt/bak3/lzg/PipeANN-github/experiments/r116_suite_pq16_aris_20260520_072453/exp6_query_thread_budget/tmp/direct_1m,intersect,/mnt/bak3/lzg/PipeANN-github/experiments/r116_suite_pq16_aris_20260520_072453/labels/query_1000_u1e-01.spmat,1000,15,4,0,prefilter,prefilter,10,True,0,1,0,0,1,1,5752.448242,2355.191895,2233.0,2879.0,3424.0,6522.0,8224.0,0.0,160.0,100000.0,28.679,0,1000,0,0,10,50460,50460,99.75,99.75,10,ok,u1e-01,intersect,1000000,prefilter,10.0,True,False,98.0,exp4_intersect_range_selectivity
pipeann.hybrid.search.v1,/mnt/bak3/lzg/PipeANN-github/experiments/r116_suite_pq16_aris_20260520_072453/exp6_query_thread_budget/tmp/direct_1m,intersect,/mnt/bak3/lzg/PipeANN-github/experiments/r116_suite_pq16_aris_20260520_072453/labels/query_1000_u1e-01.spmat,1000,16,4,0,prefilter,prefilter,10,True,0,1,0,0,1,1,6222.105469,2324.522949,2248.0,2867.0,3243.0,4594.0,7176.0,0.0,160.0,100000.0,29.395,0,1000,0,0,10,51744,51744,99.75,99.75,10,ok,u1e-01,intersect,1000000,prefilter,10.0,True,False,98.0,exp4_intersect_range_selectivity
pipeann.hybrid.search.v1,/mnt/bak3/lzg/PipeANN-github/experiments/r116_suite_pq16_aris_20260520_072453/exp6_query_thread_budget/tmp/direct_1m,intersect,/mnt/bak3/lzg/PipeANN-github/experiments/r116_suite_pq16_aris_20260520_072453/labels/query_1000_u25.spmat,1000,1,4,0,prefilter,prefilter,10,True,0,1,0,0,1,1,247.879303,3678.646973,3232.0,4549.0,4668.0,4783.0,4862.0,0.0,192.0,250000.0,19.818,0,1000,0,0,10,30920,30920,99.57,99.57,10,ok,u25,intersect,1000000,prefilter,10.0,True,False,98.0,exp4_intersect_range_selectivity
pipeann.hybrid.search.v1,/mnt/bak3/lzg/PipeANN-github/experiments/r116_suite_pq16_aris_20260520_072453/exp6_query_thread_budget/tmp/direct_1m,intersect,/mnt/bak3/lzg/PipeANN-github/experiments/r116_suite_pq16_aris_20260520_072453/labels/query_1000_u25.spmat,1000,2,4,0,prefilter,prefilter,10,True,0,1,0,0,1,1,439.78183,4158.318848,4372.0,4794.0,4876.0,5289.0,12194.0,0.0,192.0,250000.0,21.085,0,1000,0,0,10,34000,34000,99.57,99.57,10,ok,u25,intersect,1000000,prefilter,10.0,True,False,98.0,exp4_intersect_range_selectivity
pipeann.hybrid.search.v1,/mnt/bak3/lzg/PipeANN-github/experiments/r116_suite_pq16_aris_20260520_072453/exp6_query_thread_budget/tmp/direct_1m,intersect,/mnt/bak3/lzg/PipeANN-github/experiments/r116_suite_pq16_aris_20260520_072453/labels/query_1000_u25.spmat,1000,3,4,0,prefilter,prefilter,10,True,0,1,0,0,1,1,678.248657,4043.981934,4357.0,4664.0,4713.0,5266.0,12282.0,0.0,192.0,250000.0,20.188,0,1000,0,0,10,37008,37008,99.57,99.57,10,ok,u25,intersect,1000000,prefilter,10.0,True,False,98.0,exp4_intersect_range_selectivity
pipeann.hybrid.search.v1,/mnt/bak3/lzg/PipeANN-github/experiments/r116_suite_pq16_aris_20260520_072453/exp6_query_thread_budget/tmp/direct_1m,intersect,/mnt/bak3/lzg/PipeANN-github/experiments/r116_suite_pq16_aris_20260520_072453/labels/query_1000_u25.spmat,1000,4,4,0,prefilter,prefilter,10,True,0,1,0,0,1,1,1010.261963,3616.668945,3348.0,4482.0,4591.0,5194.0,13196.0,0.0,192.0,250000.0,18.471,0,1000,0,0,10,39532,39532,99.57,99.57,10,ok,u25,intersect,1000000,prefilter,10.0,True,False,98.0,exp4_intersect_range_selectivity
pipeann.hybrid.search.v1,/mnt/bak3/lzg/PipeANN-github/experiments/r116_suite_pq16_aris_20260520_072453/exp6_query_thread_budget/tmp/direct_1m,intersect,/mnt/bak3/lzg/PipeANN-github/experiments/r116_suite_pq16_aris_20260520_072453/labels/query_1000_u25.spmat,1000,5,4,0,prefilter,prefilter,10,True,0,1,0,0,1,1,1215.814819,3748.575928,3398.0,4545.0,4710.0,5568.0,12580.0,0.0,192.0,250000.0,19.842,0,1000,0,0,10,42020,42020,99.57,99.57,10,ok,u25,intersect,1000000,prefilter,10.0,True,False,98.0,exp4_intersect_range_selectivity
pipeann.hybrid.search.v1,/mnt/bak3/lzg/PipeANN-github/experiments/r116_suite_pq16_aris_20260520_072453/exp6_query_thread_budget/tmp/direct_1m,intersect,/mnt/bak3/lzg/PipeANN-github/experiments/r116_suite_pq16_aris_20260520_072453/labels/query_1000_u25.spmat,1000,6,4,0,prefilter,prefilter,10,True,0,1,0,0,1,1,1305.225708,4195.22998,4366.0,5069.0,5314.0,7139.0,13090.0,0.0,192.0,250000.0,22.256,0,1000,0,0,10,44940,44940,99.57,99.57,10,ok,u25,intersect,1000000,prefilter,10.0,True,False,98.0,exp4_intersect_range_selectivity
pipeann.hybrid.search.v1,/mnt/bak3/lzg/PipeANN-github/experiments/r116_suite_pq16_aris_20260520_072453/exp6_query_thread_budget/tmp/direct_1m,intersect,/mnt/bak3/lzg/PipeANN-github/experiments/r116_suite_pq16_aris_20260520_072453/labels/query_1000_u25.spmat,1000,7,4,0,prefilter,prefilter,10,True,0,1,0,0,1,1,1528.285156,4166.441895,4373.0,4753.0,5216.0,7058.0,12945.0,0.0,192.0,250000.0,23.449,0,1000,0,0,10,47592,47592,99.57,99.57,10,ok,u25,intersect,1000000,prefilter,10.0,True,False,98.0,exp4_intersect_range_selectivity
pipeann.hybrid.search.v1,/mnt/bak3/lzg/PipeANN-github/experiments/r116_suite_pq16_aris_20260520_072453/exp6_query_thread_budget/tmp/direct_1m,intersect,/mnt/bak3/lzg/PipeANN-github/experiments/r116_suite_pq16_aris_20260520_072453/labels/query_1000_u25.spmat,1000,8,4,0,prefilter,prefilter,10,True,0,1,0,0,1,1,1695.724976,4296.178223,4431.0,5224.0,5381.0,7364.0,14112.0,0.0,192.0,250000.0,24.255,0,1000,0,0,10,50640,50640,99.57,99.57,10,ok,u25,intersect,1000000,prefilter,10.0,True,False,98.0,exp4_intersect_range_selectivity
pipeann.hybrid.search.v1,/mnt/bak3/lzg/PipeANN-github/experiments/r116_suite_pq16_aris_20260520_072453/exp6_query_thread_budget/tmp/direct_1m,intersect,/mnt/bak3/lzg/PipeANN-github/experiments/r116_suite_pq16_aris_20260520_072453/labels/query_1000_u25.spmat,1000,9,4,0,prefilter,prefilter,10,True,0,1,0,0,1,1,1908.028687,4281.228027,4410.0,5221.0,5336.0,7248.0,12811.0,0.0,192.0,250000.0,24.902,0,1000,0,0,10,53176,53176,99.57,99.57,10,ok,u25,intersect,1000000,prefilter,10.0,True,False,98.0,exp4_intersect_range_selectivity
pipeann.hybrid.search.v1,/mnt/bak3/lzg/PipeANN-github/experiments/r116_suite_pq16_aris_20260520_072453/exp6_query_thread_budget/tmp/direct_1m,intersect,/mnt/bak3/lzg/PipeANN-github/experiments/r116_suite_pq16_aris_20260520_072453/labels/query_1000_u25.spmat,1000,10,4,0,prefilter,prefilter,10,True,0,1,0,0,1,1,2053.309814,4411.133789,4467.0,5291.0,5449.0,6751.0,13201.0,0.0,192.0,250000.0,26.863,0,1000,0,0,10,55760,55760,99.57,99.57,10,ok,u25,intersect,1000000,prefilter,10.0,True,False,98.0,exp4_intersect_range_selectivity
pipeann.hybrid.search.v1,/mnt/bak3/lzg/PipeANN-github/experiments/r116_suite_pq16_aris_20260520_072453/exp6_query_thread_budget/tmp/direct_1m,intersect,/mnt/bak3/lzg/PipeANN-github/experiments/r116_suite_pq16_aris_20260520_072453/labels/query_1000_u25.spmat,1000,11,4,0,prefilter,prefilter,10,True,0,1,0,0,1,1,2159.978027,4614.993164,4581.0,5336.0,5460.0,7918.0,14278.0,0.0,192.0,250000.0,30.931,0,1000,0,0,10,58680,58680,99.57,99.57,10,ok,u25,intersect,1000000,prefilter,10.0,True,False,98.0,exp4_intersect_range_selectivity
pipeann.hybrid.search.v1,/mnt/bak3/lzg/PipeANN-github/experiments/r116_suite_pq16_aris_20260520_072453/exp6_query_thread_budget/tmp/direct_1m,intersect,/mnt/bak3/lzg/PipeANN-github/experiments/r116_suite_pq16_aris_20260520_072453/labels/query_1000_u25.spmat,1000,12,4,0,prefilter,prefilter,10,True,0,1,0,0,1,1,2357.882812,4601.212891,4544.0,5346.0,5495.0,8978.0,13079.0,0.0,192.0,250000.0,28.607,0,1000,0,0,10,61204,61204,99.57,99.57,10,ok,u25,intersect,1000000,prefilter,10.0,True,False,98.0,exp4_intersect_range_selectivity
pipeann.hybrid.search.v1,/mnt/bak3/lzg/PipeANN-github/experiments/r116_suite_pq16_aris_20260520_072453/exp6_query_thread_budget/tmp/direct_1m,intersect,/mnt/bak3/lzg/PipeANN-github/experiments/r116_suite_pq16_aris_20260520_072453/labels/query_1000_u25.spmat,1000,13,4,0,prefilter,prefilter,10,True,0,1,0,0,1,1,2495.479492,4705.214844,4643.0,5355.0,5556.0,8138.0,13342.0,0.0,192.0,250000.0,30.703,0,1000,0,0,10,63916,63916,99.57,99.57,10,ok,u25,intersect,1000000,prefilter,10.0,True,False,98.0,exp4_intersect_range_selectivity
pipeann.hybrid.search.v1,/mnt/bak3/lzg/PipeANN-github/experiments/r116_suite_pq16_aris_20260520_072453/exp6_query_thread_budget/tmp/direct_1m,intersect,/mnt/bak3/lzg/PipeANN-github/experiments/r116_suite_pq16_aris_20260520_072453/labels/query_1000_u25.spmat,1000,14,4,0,prefilter,prefilter,10,True,0,1,0,0,1,1,2666.187744,4736.319824,4700.0,5384.0,5606.0,8462.0,14295.0,0.0,192.0,250000.0,34.697,0,1000,0,0,10,66892,66892,99.57,99.57,10,ok,u25,intersect,1000000,prefilter,10.0,True,False,98.0,exp4_intersect_range_selectivity
pipeann.hybrid.search.v1,/mnt/bak3/lzg/PipeANN-github/experiments/r116_suite_pq16_aris_20260520_072453/exp6_query_thread_budget/tmp/direct_1m,intersect,/mnt/bak3/lzg/PipeANN-github/experiments/r116_suite_pq16_aris_20260520_072453/labels/query_1000_u25.spmat,1000,15,4,0,prefilter,prefilter,10,True,0,1,0,0,1,1,2819.161621,4782.88916,4694.0,5347.0,5500.0,8761.0,13412.0,0.0,192.0,250000.0,33.964,0,1000,0,0,10,69388,69388,99.57,99.57,10,ok,u25,intersect,1000000,prefilter,10.0,True,False,98.0,exp4_intersect_range_selectivity
pipeann.hybrid.search.v1,/mnt/bak3/lzg/PipeANN-github/experiments/r116_suite_pq16_aris_20260520_072453/exp6_query_thread_budget/tmp/direct_1m,intersect,/mnt/bak3/lzg/PipeANN-github/experiments/r116_suite_pq16_aris_20260520_072453/labels/query_1000_u25.spmat,1000,16,4,0,prefilter,prefilter,10,True,0,1,0,0,1,1,2943.462646,4862.890137,4752.0,5419.0,5776.0,10082.0,13490.0,0.0,192.0,250000.0,36.88,0,1000,0,0,10,72428,72428,99.57,99.57,10,ok,u25,intersect,1000000,prefilter,10.0,True,False,98.0,exp4_intersect_range_selectivity
pipeann.hybrid.search.v1,/mnt/bak3/lzg/PipeANN-github/experiments/r116_suite_pq16_aris_20260520_072453/exp6_query_thread_budget/tmp/direct_1m,intersect,/mnt/bak3/lzg/PipeANN-github/experiments/r116_suite_pq16_aris_20260520_072453/labels/query_1000_u30.spmat,1000,1,4,0,prefilter,prefilter,10,True,0,1,0,0,1,1,216.377533,4202.884766,3748.0,5310.0,5323.0,5557.0,6032.0,0.0,192.0,300000.0,21.084,0,1000,0,0,10,31648,31648,99.290001,99.290001,10,ok,u30,intersect,1000000,prefilter,10.0,True,False,98.0,exp4_intersect_range_selectivity
pipeann.hybrid.search.v1,/mnt/bak3/lzg/PipeANN-github/experiments/r116_suite_pq16_aris_20260520_072453/exp6_query_thread_budget/tmp/direct_1m,intersect,/mnt/bak3/lzg/PipeANN-github/experiments/r116_suite_pq16_aris_20260520_072453/labels/query_1000_u30.spmat,1000,2,4,0,prefilter,prefilter,10,True,0,1,0,0,1,1,421.683929,4328.956055,3989.0,5468.0,5493.0,5697.0,15609.0,0.0,192.0,300000.0,18.729,0,1000,0,0,10,34968,34968,99.290001,99.290001,10,ok,u30,intersect,1000000,prefilter,10.0,True,False,98.0,exp4_intersect_range_selectivity
pipeann.hybrid.search.v1,/mnt/bak3/lzg/PipeANN-github/experiments/r116_suite_pq16_aris_20260520_072453/exp6_query_thread_budget/tmp/direct_1m,intersect,/mnt/bak3/lzg/PipeANN-github/experiments/r116_suite_pq16_aris_20260520_072453/labels/query_1000_u30.spmat,1000,3,4,0,prefilter,prefilter,10,True,0,1,0,0,1,1,634.608643,4312.24707,3959.0,5324.0,5479.0,5566.0,15410.0,0.0,192.0,300000.0,18.973,0,1000,0,0,10,38100,38100,99.290001,99.290001,10,ok,u30,intersect,1000000,prefilter,10.0,True,False,98.0,exp4_intersect_range_selectivity
pipeann.hybrid.search.v1,/mnt/bak3/lzg/PipeANN-github/experiments/r116_suite_pq16_aris_20260520_072453/exp6_query_thread_budget/tmp/direct_1m,intersect,/mnt/bak3/lzg/PipeANN-github/experiments/r116_suite_pq16_aris_20260520_072453/labels/query_1000_u30.spmat,1000,4,4,0,prefilter,prefilter,10,True,0,1,0,0,1,1,790.064026,4605.881836,4177.0,5527.0,5661.0,6237.0,14476.0,0.0,192.0,300000.0,22.195,0,1000,0,0,10,41120,41120,99.290001,99.290001,10,ok,u30,intersect,1000000,prefilter,10.0,True,False,98.0,exp4_intersect_range_selectivity
pipeann.hybrid.search.v1,/mnt/bak3/lzg/PipeANN-github/experiments/r116_suite_pq16_aris_20260520_072453/exp6_query_thread_budget/tmp/direct_1m,intersect,/mnt/bak3/lzg/PipeANN-github/experiments/r116_suite_pq16_aris_20260520_072453/labels/query_1000_u30.spmat,1000,5,4,0,prefilter,prefilter,10,True,0,1,0,0,1,1,963.100647,4722.539062,5127.0,5432.0,5544.0,7651.0,13782.0,0.0,192.0,300000.0,21.083,0,1000,0,0,10,44288,44288,99.290001,99.290001,10,ok,u30,intersect,1000000,prefilter,10.0,True,False,98.0,exp4_intersect_range_selectivity
pipeann.hybrid.search.v1,/mnt/bak3/lzg/PipeANN-github/experiments/r116_suite_pq16_aris_20260520_072453/exp6_query_thread_budget/tmp/direct_1m,intersect,/mnt/bak3/lzg/PipeANN-github/experiments/r116_suite_pq16_aris_20260520_072453/labels/query_1000_u30.spmat,1000,6,4,0,prefilter,prefilter,10,True,0,1,0,0,1,1,1102.605591,4963.12207,5162.0,6092.0,6245.0,8385.0,15087.0,0.0,192.0,300000.0,21.676,0,1000,0,0,10,46508,46508,99.290001,99.290001,10,ok,u30,intersect,1000000,prefilter,10.0,True,False,98.0,exp4_intersect_range_selectivity
pipeann.hybrid.search.v1,/mnt/bak3/lzg/PipeANN-github/experiments/r116_suite_pq16_aris_20260520_072453/exp6_query_thread_budget/tmp/direct_1m,intersect,/mnt/bak3/lzg/PipeANN-github/experiments/r116_suite_pq16_aris_20260520_072453/labels/query_1000_u30.spmat,1000,7,4,0,prefilter,prefilter,10,True,0,1,0,0,1,1,1271.902832,5000.65918,5285.0,5599.0,6170.0,6981.0,15501.0,0.0,192.0,300000.0,23.49,0,1000,0,0,10,49800,49800,99.290001,99.290001,10,ok,u30,intersect,1000000,prefilter,10.0,True,False,98.0,exp4_intersect_range_selectivity
pipeann.hybrid.search.v1,/mnt/bak3/lzg/PipeANN-github/experiments/r116_suite_pq16_aris_20260520_072453/exp6_query_thread_budget/tmp/direct_1m,intersect,/mnt/bak3/lzg/PipeANN-github/experiments/r116_suite_pq16_aris_20260520_072453/labels/query_1000_u30.spmat,1000,8,4,0,prefilter,prefilter,10,True,0,1,0,0,1,1,1336.260864,5441.939941,5383.0,6224.0,6295.0,9192.0,15461.0,0.0,192.0,300000.0,25.679,0,1000,0,0,10,52676,52676,99.290001,99.290001,10,ok,u30,intersect,1000000,prefilter,10.0,True,False,98.0,exp4_intersect_range_selectivity
pipeann.hybrid.search.v1,/mnt/bak3/lzg/PipeANN-github/experiments/r116_suite_pq16_aris_20260520_072453/exp6_query_thread_budget/tmp/direct_1m,intersect,/mnt/bak3/lzg/PipeANN-github/experiments/r116_suite_pq16_aris_20260520_072453/labels/query_1000_u30.spmat,1000,9,4,0,prefilter,prefilter,10,True,0,1,0,0,1,1,1510.79187,5425.040039,5351.0,6169.0,6290.0,9291.0,15182.0,0.0,192.0,300000.0,26.391,0,1000,0,0,10,55676,55676,99.290001,99.290001,10,ok,u30,intersect,1000000,prefilter,10.0,True,False,98.0,exp4_intersect_range_selectivity
pipeann.hybrid.search.v1,/mnt/bak3/lzg/PipeANN-github/experiments/r116_suite_pq16_aris_20260520_072453/exp6_query_thread_budget/tmp/direct_1m,intersect,/mnt/bak3/lzg/PipeANN-github/experiments/r116_suite_pq16_aris_20260520_072453/labels/query_1000_u30.spmat,1000,10,4,0,prefilter,prefilter,10,True,0,1,0,0,1,1,1686.938843,5363.72998,5367.0,6240.0,6392.0,9302.0,15650.0,0.0,192.0,300000.0,28.483,0,1000,0,0,10,58636,58636,99.290001,99.290001,10,ok,u30,intersect,1000000,prefilter,10.0,True,False,98.0,exp4_intersect_range_selectivity
pipeann.hybrid.search.v1,/mnt/bak3/lzg/PipeANN-github/experiments/r116_suite_pq16_aris_20260520_072453/exp6_query_thread_budget/tmp/direct_1m,intersect,/mnt/bak3/lzg/PipeANN-github/experiments/r116_suite_pq16_aris_20260520_072453/labels/query_1000_u30.spmat,1000,11,4,0,prefilter,prefilter,10,True,0,1,0,0,1,1,1541.19458,6436.847168,6193.0,7403.0,7702.0,11339.0,17067.0,0.0,192.0,300000.0,40.706,0,1000,0,0,10,61548,61548,99.290001,99.290001,10,ok,u30,intersect,1000000,prefilter,10.0,True,False,98.0,exp4_intersect_range_selectivity
pipeann.hybrid.search.v1,/mnt/bak3/lzg/PipeANN-github/experiments/r116_suite_pq16_aris_20260520_072453/exp6_query_thread_budget/tmp/direct_1m,intersect,/mnt/bak3/lzg/PipeANN-github/experiments/r116_suite_pq16_aris_20260520_072453/labels/query_1000_u30.spmat,1000,12,4,0,prefilter,prefilter,10,True,0,1,0,0,1,1,1900.905518,5689.884766,5504.0,6294.0,6448.0,14619.0,17113.0,0.0,192.0,300000.0,34.366,0,1000,0,0,10,64544,64544,99.290001,99.290001,10,ok,u30,intersect,1000000,prefilter,10.0,True,False,98.0,exp4_intersect_range_selectivity
pipeann.hybrid.search.v1,/mnt/bak3/lzg/PipeANN-github/experiments/r116_suite_pq16_aris_20260520_072453/exp6_query_thread_budget/tmp/direct_1m,intersect,/mnt/bak3/lzg/PipeANN-github/experiments/r116_suite_pq16_aris_20260520_072453/labels/query_1000_u30.spmat,1000,13,4,0,prefilter,prefilter,10,True,0,1,0,0,1,1,2050.913086,5723.454102,5506.0,6279.0,6432.0,13876.0,17149.0,0.0,192.0,300000.0,34.714,0,1000,0,0,10,67528,67528,99.290001,99.290001,10,ok,u30,intersect,1000000,prefilter,10.0,True,False,98.0,exp4_intersect_range_selectivity
pipeann.hybrid.search.v1,/mnt/bak3/lzg/PipeANN-github/experiments/r116_suite_pq16_aris_20260520_072453/exp6_query_thread_budget/tmp/direct_1m,intersect,/mnt/bak3/lzg/PipeANN-github/experiments/r116_suite_pq16_aris_20260520_072453/labels/query_1000_u30.spmat,1000,14,4,0,prefilter,prefilter,10,True,0,1,0,0,1,1,2210.65918,5721.310059,5570.0,6313.0,6463.0,10138.0,16027.0,0.0,192.0,300000.0,31.825,0,1000,0,0,10,70508,70508,99.290001,99.290001,10,ok,u30,intersect,1000000,prefilter,10.0,True,False,98.0,exp4_intersect_range_selectivity
pipeann.hybrid.search.v1,/mnt/bak3/lzg/PipeANN-github/experiments/r116_suite_pq16_aris_20260520_072453/exp6_query_thread_budget/tmp/direct_1m,intersect,/mnt/bak3/lzg/PipeANN-github/experiments/r116_suite_pq16_aris_20260520_072453/labels/query_1000_u30.spmat,1000,15,4,0,prefilter,prefilter,10,True,0,1,0,0,1,1,2353.100098,5742.109863,5536.0,6344.0,6530.0,11257.0,15445.0,0.0,192.0,300000.0,36.104,0,1000,0,0,10,73736,73736,99.290001,99.290001,10,ok,u30,intersect,1000000,prefilter,10.0,True,False,98.0,exp4_intersect_range_selectivity
pipeann.hybrid.search.v1,/mnt/bak3/lzg/PipeANN-github/experiments/r116_suite_pq16_aris_20260520_072453/exp6_query_thread_budget/tmp/direct_1m,intersect,/mnt/bak3/lzg/PipeANN-github/experiments/r116_suite_pq16_aris_20260520_072453/labels/query_1000_u30.spmat,1000,16,4,0,prefilter,prefilter,10,True,0,1,0,0,1,1,2513.777832,5714.836914,5525.0,6302.0,6539.0,12081.0,14808.0,0.0,192.0,300000.0,39.97,0,1000,0,0,10,76592,76592,99.290001,99.290001,10,ok,u30,intersect,1000000,prefilter,10.0,True,False,98.0,exp4_intersect_range_selectivity
pipeann.hybrid.search.v1,/mnt/bak3/lzg/PipeANN-github/experiments/r116_suite_pq16_aris_20260520_072453/exp6_query_thread_budget/tmp/direct_1m,intersect,/mnt/bak3/lzg/PipeANN-github/experiments/r116_suite_pq16_aris_20260520_072453/labels/query_1000_u50.spmat,1000,1,4,0,graph,graph,300,True,0,1,0,0,1,1,167.207581,5807.40918,5743.0,6083.0,6152.0,6288.0,8611.0,0.0,311.509003,500000.0,19.938,0,0,1000,0,10,31172,31172,98.709999,98.709999,300,ok,u50,intersect,1000000,graph,10.0,True,False,98.0,exp4_intersect_range_selectivity
pipeann.hybrid.search.v1,/mnt/bak3/lzg/PipeANN-github/experiments/r116_suite_pq16_aris_20260520_072453/exp6_query_thread_budget/tmp/direct_1m,intersect,/mnt/bak3/lzg/PipeANN-github/experiments/r116_suite_pq16_aris_20260520_072453/labels/query_1000_u50.spmat,1000,2,4,0,graph,graph,300,True,0,1,0,0,1,1,316.488373,6150.297852,6131.0,6319.0,6396.0,6872.0,7703.0,0.0,311.433014,500000.0,17.406,0,0,1000,0,10,33916,33916,98.709999,98.709999,300,ok,u50,intersect,1000000,graph,10.0,True,False,98.0,exp4_intersect_range_selectivity
pipeann.hybrid.search.v1,/mnt/bak3/lzg/PipeANN-github/experiments/r116_suite_pq16_aris_20260520_072453/exp6_query_thread_budget/tmp/direct_1m,intersect,/mnt/bak3/lzg/PipeANN-github/experiments/r116_suite_pq16_aris_20260520_072453/labels/query_1000_u50.spmat,1000,3,4,0,graph,graph,300,True,0,1,0,0,1,1,438.411255,6633.483887,6609.0,6804.0,6870.0,7481.0,10539.0,0.0,311.399994,500000.0,21.148,0,0,1000,0,10,35452,35452,98.709999,98.709999,300,ok,u50,intersect,1000000,graph,10.0,True,False,98.0,exp4_intersect_range_selectivity
pipeann.hybrid.search.v1,/mnt/bak3/lzg/PipeANN-github/experiments/r116_suite_pq16_aris_20260520_072453/exp6_query_thread_budget/tmp/direct_1m,intersect,/mnt/bak3/lzg/PipeANN-github/experiments/r116_suite_pq16_aris_20260520_072453/labels/query_1000_u50.spmat,1000,4,4,0,graph,graph,300,True,0,1,0,0,1,1,565.65155,6876.27002,6848.0,7070.0,7152.0,7665.0,10282.0,0.0,311.347992,500000.0,19.787,0,0,1000,0,10,37112,37112,98.709999,98.709999,300,ok,u50,intersect,1000000,graph,10.0,True,False,98.0,exp4_intersect_range_selectivity
pipeann.hybrid.search.v1,/mnt/bak3/lzg/PipeANN-github/experiments/r116_suite_pq16_aris_20260520_072453/exp6_query_thread_budget/tmp/direct_1m,intersect,/mnt/bak3/lzg/PipeANN-github/experiments/r116_suite_pq16_aris_20260520_072453/labels/query_1000_u50.spmat,1000,5,4,0,graph,graph,300,True,0,1,0,0,1,1,678.397034,7168.841797,7126.0,7428.0,7584.0,8438.0,11365.0,0.0,311.299988,500000.0,20.319,0,0,1000,0,10,39812,39812,98.699997,98.699997,300,ok,u50,intersect,1000000,graph,10.0,True,False,98.0,exp4_intersect_range_selectivity
pipeann.hybrid.search.v1,/mnt/bak3/lzg/PipeANN-github/experiments/r116_suite_pq16_aris_20260520_072453/exp6_query_thread_budget/tmp/direct_1m,intersect,/mnt/bak3/lzg/PipeANN-github/experiments/r116_suite_pq16_aris_20260520_072453/labels/query_1000_u50.spmat,1000,6,4,0,graph,graph,300,True,0,1,0,0,1,1,782.07428,7463.39209,7432.0,7774.0,7913.0,9048.0,10517.0,0.0,311.27301,500000.0,20.842,0,0,1000,0,10,41224,41224,98.709999,98.709999,300,ok,u50,intersect,1000000,graph,10.0,True,False,98.0,exp4_intersect_range_selectivity
pipeann.hybrid.search.v1,/mnt/bak3/lzg/PipeANN-github/experiments/r116_suite_pq16_aris_20260520_072453/exp6_query_thread_budget/tmp/direct_1m,intersect,/mnt/bak3/lzg/PipeANN-github/experiments/r116_suite_pq16_aris_20260520_072453/labels/query_1000_u50.spmat,1000,7,4,0,graph,graph,300,True,0,1,0,0,1,1,871.989258,7822.481934,7776.0,8131.0,8239.0,9225.0,13881.0,0.0,311.277008,500000.0,22.553,0,0,1000,0,10,45408,45408,98.699997,98.699997,300,ok,u50,intersect,1000000,graph,10.0,True,False,98.0,exp4_intersect_range_selectivity
pipeann.hybrid.search.v1,/mnt/bak3/lzg/PipeANN-github/experiments/r116_suite_pq16_aris_20260520_072453/exp6_query_thread_budget/tmp/direct_1m,intersect,/mnt/bak3/lzg/PipeANN-github/experiments/r116_suite_pq16_aris_20260520_072453/labels/query_1000_u50.spmat,1000,8,4,0,graph,graph,300,True,0,1,0,0,1,1,956.569763,8151.414062,8113.0,8454.0,8602.0,10864.0,14809.0,0.0,311.23999,500000.0,23.495,0,0,1000,0,10,45696,45696,98.709999,98.709999,300,ok,u50,intersect,1000000,graph,10.0,True,False,98.0,exp4_intersect_range_selectivity
pipeann.hybrid.search.v1,/mnt/bak3/lzg/PipeANN-github/experiments/r116_suite_pq16_aris_20260520_072453/exp6_query_thread_budget/tmp/direct_1m,intersect,/mnt/bak3/lzg/PipeANN-github/experiments/r116_suite_pq16_aris_20260520_072453/labels/query_1000_u50.spmat,1000,9,4,0,graph,graph,300,True,0,1,0,0,1,1,1047.012085,8373.794922,8345.0,8692.0,8832.0,9361.0,13772.0,0.0,311.252991,500000.0,25.544,0,0,1000,0,10,47472,47472,98.709999,98.709999,300,ok,u50,intersect,1000000,graph,10.0,True,False,98.0,exp4_intersect_range_selectivity
pipeann.hybrid.search.v1,/mnt/bak3/lzg/PipeANN-github/experiments/r116_suite_pq16_aris_20260520_072453/exp6_query_thread_budget/tmp/direct_1m,intersect,/mnt/bak3/lzg/PipeANN-github/experiments/r116_suite_pq16_aris_20260520_072453/labels/query_1000_u50.spmat,1000,10,4,0,graph,graph,300,True,0,1,0,0,1,1,1111.097412,8764.455078,8610.0,8996.0,9100.0,20088.0,26174.0,0.0,311.201996,500000.0,26.538,0,0,1000,0,10,47892,47892,98.709999,98.709999,300,ok,u50,intersect,1000000,graph,10.0,True,False,98.0,exp4_intersect_range_selectivity
pipeann.hybrid.search.v1,/mnt/bak3/lzg/PipeANN-github/experiments/r116_suite_pq16_aris_20260520_072453/exp6_query_thread_budget/tmp/direct_1m,intersect,/mnt/bak3/lzg/PipeANN-github/experiments/r116_suite_pq16_aris_20260520_072453/labels/query_1000_u50.spmat,1000,11,4,0,graph,graph,300,True,0,1,0,0,1,1,1188.038818,9024.912109,8880.0,9257.0,9383.0,20599.0,24112.0,0.0,311.17099,500000.0,26.687,0,0,1000,0,10,51460,51460,98.709999,98.709999,300,ok,u50,intersect,1000000,graph,10.0,True,False,98.0,exp4_intersect_range_selectivity
pipeann.hybrid.search.v1,/mnt/bak3/lzg/PipeANN-github/experiments/r116_suite_pq16_aris_20260520_072453/exp6_query_thread_budget/tmp/direct_1m,intersect,/mnt/bak3/lzg/PipeANN-github/experiments/r116_suite_pq16_aris_20260520_072453/labels/query_1000_u50.spmat,1000,12,4,0,graph,graph,300,True,0,1,0,0,1,1,1245.835693,9379.635742,9196.0,9583.0,9730.0,23456.0,25336.0,0.0,311.149994,500000.0,36.259,0,0,1000,0,10,53648,53648,98.709999,98.709999,300,ok,u50,intersect,1000000,graph,10.0,True,False,98.0,exp4_intersect_range_selectivity
pipeann.hybrid.search.v1,/mnt/bak3/lzg/PipeANN-github/experiments/r116_suite_pq16_aris_20260520_072453/exp6_query_thread_budget/tmp/direct_1m,intersect,/mnt/bak3/lzg/PipeANN-github/experiments/r116_suite_pq16_aris_20260520_072453/labels/query_1000_u50.spmat,1000,13,4,0,graph,graph,300,True,0,1,0,0,1,1,1266.897827,9996.652344,9513.0,9880.0,10058.0,46726.0,49255.0,0.0,311.174988,500000.0,38.681,0,0,1000,0,10,54756,54756,98.709999,98.709999,300,ok,u50,intersect,1000000,graph,10.0,True,False,98.0,exp4_intersect_range_selectivity
pipeann.hybrid.search.v1,/mnt/bak3/lzg/PipeANN-github/experiments/r116_suite_pq16_aris_20260520_072453/exp6_query_thread_budget/tmp/direct_1m,intersect,/mnt/bak3/lzg/PipeANN-github/experiments/r116_suite_pq16_aris_20260520_072453/labels/query_1000_u50.spmat,1000,14,4,0,graph,graph,300,True,0,1,0,0,1,1,1371.060913,9933.654297,9752.0,10185.0,10306.0,22316.0,24426.0,0.0,311.135986,500000.0,29.68,0,0,1000,0,10,57328,57328,98.699997,98.699997,300,ok,u50,intersect,1000000,graph,10.0,True,False,98.0,exp4_intersect_range_selectivity
pipeann.hybrid.search.v1,/mnt/bak3/lzg/PipeANN-github/experiments/r116_suite_pq16_aris_20260520_072453/exp6_query_thread_budget/tmp/direct_1m,intersect,/mnt/bak3/lzg/PipeANN-github/experiments/r116_suite_pq16_aris_20260520_072453/labels/query_1000_u50.spmat,1000,15,4,0,graph,graph,300,True,0,1,0,0,1,1,1443.933228,10109.860352,10011.0,10473.0,10608.0,15510.0,18254.0,0.0,311.148987,500000.0,39.934,0,0,1000,0,10,60020,60020,98.709999,98.709999,300,ok,u50,intersect,1000000,graph,10.0,False,True,98.0,exp4_intersect_range_selectivity
pipeann.hybrid.search.v1,/mnt/bak3/lzg/PipeANN-github/experiments/r116_suite_pq16_aris_20260520_072453/exp6_query_thread_budget/tmp/direct_1m,intersect,/mnt/bak3/lzg/PipeANN-github/experiments/r116_suite_pq16_aris_20260520_072453/labels/query_1000_u50.spmat,1000,16,4,0,graph,graph,300,True,0,1,0,0,1,1,1480.653076,10532.363281,10309.0,10735.0,10863.0,23974.0,26273.0,0.0,311.143005,500000.0,35.776,0,0,1000,0,10,61880,61880,98.709999,98.709999,300,ok,u50,intersect,1000000,graph,10.0,False,True,98.0,exp4_intersect_range_selectivity
pipeann.hybrid.search.v1,/mnt/bak3/lzg/PipeANN-github/experiments/r116_suite_pq16_aris_20260520_072453/exp6_query_thread_budget/tmp/direct_1m,intersect,/mnt/bak3/lzg/PipeANN-github/experiments/r116_suite_pq16_aris_20260520_072453/labels/query_1000_u75.spmat,1000,1,4,0,graph,graph,200,True,0,1,0,0,1,1,248.61618,3900.680908,3890.0,4005.0,4054.0,4122.0,6026.0,0.0,212.074997,750000.0,20.073,0,0,1000,0,10,30256,30256,98.599998,98.599998,200,ok,u75,intersect,1000000,graph,10.0,True,False,98.0,exp4_intersect_range_selectivity
pipeann.hybrid.search.v1,/mnt/bak3/lzg/PipeANN-github/experiments/r116_suite_pq16_aris_20260520_072453/exp6_query_thread_budget/tmp/direct_1m,intersect,/mnt/bak3/lzg/PipeANN-github/experiments/r116_suite_pq16_aris_20260520_072453/labels/query_1000_u75.spmat,1000,2,4,0,graph,graph,200,True,0,1,0,0,1,1,456.136017,4253.736816,4250.0,4423.0,4463.0,4553.0,7141.0,0.0,212.020004,750000.0,20.504,0,0,1000,0,10,32100,32100,98.599998,98.599998,200,ok,u75,intersect,1000000,graph,10.0,True,False,98.0,exp4_intersect_range_selectivity
pipeann.hybrid.search.v1,/mnt/bak3/lzg/PipeANN-github/experiments/r116_suite_pq16_aris_20260520_072453/exp6_query_thread_budget/tmp/direct_1m,intersect,/mnt/bak3/lzg/PipeANN-github/experiments/r116_suite_pq16_aris_20260520_072453/labels/query_1000_u75.spmat,1000,3,4,0,graph,graph,200,True,0,1,0,0,1,1,642.040955,4545.425781,4527.0,4698.0,4762.0,4952.0,7128.0,0.0,211.966003,750000.0,18.727,0,0,1000,0,10,33836,33836,98.599998,98.599998,200,ok,u75,intersect,1000000,graph,10.0,True,False,98.0,exp4_intersect_range_selectivity
pipeann.hybrid.search.v1,/mnt/bak3/lzg/PipeANN-github/experiments/r116_suite_pq16_aris_20260520_072453/exp6_query_thread_budget/tmp/direct_1m,intersect,/mnt/bak3/lzg/PipeANN-github/experiments/r116_suite_pq16_aris_20260520_072453/labels/query_1000_u75.spmat,1000,4,4,0,graph,graph,200,True,0,1,0,0,1,1,817.336548,4759.479004,4746.0,4941.0,5002.0,5373.0,8024.0,0.0,211.921005,750000.0,20.595,0,0,1000,0,10,37096,37096,98.599998,98.599998,200,ok,u75,intersect,1000000,graph,10.0,True,False,98.0,exp4_intersect_range_selectivity
pipeann.hybrid.search.v1,/mnt/bak3/lzg/PipeANN-github/experiments/r116_suite_pq16_aris_20260520_072453/exp6_query_thread_budget/tmp/direct_1m,intersect,/mnt/bak3/lzg/PipeANN-github/experiments/r116_suite_pq16_aris_20260520_072453/labels/query_1000_u75.spmat,1000,5,4,0,graph,graph,200,True,0,1,0,0,1,1,990.50885,4907.169922,4884.0,5116.0,5216.0,5620.0,6711.0,0.0,211.867996,750000.0,21.139,0,0,1000,0,10,36332,36332,98.599998,98.599998,200,ok,u75,intersect,1000000,graph,10.0,True,False,98.0,exp4_intersect_range_selectivity
pipeann.hybrid.search.v1,/mnt/bak3/lzg/PipeANN-github/experiments/r116_suite_pq16_aris_20260520_072453/exp6_query_thread_budget/tmp/direct_1m,intersect,/mnt/bak3/lzg/PipeANN-github/experiments/r116_suite_pq16_aris_20260520_072453/labels/query_1000_u75.spmat,1000,6,4,0,graph,graph,200,True,0,1,0,0,1,1,1140.633545,5102.881836,5072.0,5344.0,5415.0,5942.0,8473.0,0.0,211.867996,750000.0,22.594,0,0,1000,0,10,37596,37596,98.599998,98.599998,200,ok,u75,intersect,1000000,graph,10.0,True,False,98.0,exp4_intersect_range_selectivity
pipeann.hybrid.search.v1,/mnt/bak3/lzg/PipeANN-github/experiments/r116_suite_pq16_aris_20260520_072453/exp6_query_thread_budget/tmp/direct_1m,intersect,/mnt/bak3/lzg/PipeANN-github/experiments/r116_suite_pq16_aris_20260520_072453/labels/query_1000_u75.spmat,1000,7,4,0,graph,graph,200,True,0,1,0,0,1,1,1251.956787,5433.423828,5363.0,5620.0,5740.0,8015.0,11744.0,0.0,211.802002,750000.0,23.116,0,0,1000,0,10,39512,39512,98.599998,98.599998,200,ok,u75,intersect,1000000,graph,10.0,True,False,98.0,exp4_intersect_range_selectivity
pipeann.hybrid.search.v1,/mnt/bak3/lzg/PipeANN-github/experiments/r116_suite_pq16_aris_20260520_072453/exp6_query_thread_budget/tmp/direct_1m,intersect,/mnt/bak3/lzg/PipeANN-github/experiments/r116_suite_pq16_aris_20260520_072453/labels/query_1000_u75.spmat,1000,8,4,0,graph,graph,200,True,0,1,0,0,1,1,1252.339233,6234.893066,6155.0,7169.0,7430.0,7924.0,11195.0,0.0,211.826004,750000.0,24.589,0,0,1000,0,10,40208,40208,98.599998,98.599998,200,ok,u75,intersect,1000000,graph,10.0,True,False,98.0,exp4_intersect_range_selectivity
pipeann.hybrid.search.v1,/mnt/bak3/lzg/PipeANN-github/experiments/r116_suite_pq16_aris_20260520_072453/exp6_query_thread_budget/tmp/direct_1m,intersect,/mnt/bak3/lzg/PipeANN-github/experiments/r116_suite_pq16_aris_20260520_072453/labels/query_1000_u75.spmat,1000,9,4,0,graph,graph,200,True,0,1,0,0,1,1,1513.049683,5781.11084,5716.0,6017.0,6115.0,8187.0,11648.0,0.0,211.806,750000.0,31.266,0,0,1000,0,10,42016,42016,98.599998,98.599998,200,ok,u75,intersect,1000000,graph,10.0,True,False,98.0,exp4_intersect_range_selectivity
pipeann.hybrid.search.v1,/mnt/bak3/lzg/PipeANN-github/experiments/r116_suite_pq16_aris_20260520_072453/exp6_query_thread_budget/tmp/direct_1m,intersect,/mnt/bak3/lzg/PipeANN-github/experiments/r116_suite_pq16_aris_20260520_072453/labels/query_1000_u75.spmat,1000,10,4,0,graph,graph,200,True,0,1,0,0,1,1,1575.671997,6169.467773,5948.0,6831.0,7264.0,13402.0,16479.0,0.0,211.753998,750000.0,31.943,0,0,1000,0,10,42724,42724,98.599998,98.599998,200,ok,u75,intersect,1000000,graph,10.0,True,False,98.0,exp4_intersect_range_selectivity
pipeann.hybrid.search.v1,/mnt/bak3/lzg/PipeANN-github/experiments/r116_suite_pq16_aris_20260520_072453/exp6_query_thread_budget/tmp/direct_1m,intersect,/mnt/bak3/lzg/PipeANN-github/experiments/r116_suite_pq16_aris_20260520_072453/labels/query_1000_u75.spmat,1000,11,4,0,graph,graph,200,True,0,1,0,0,1,1,1680.762207,6360.905762,6194.0,6672.0,7095.0,15667.0,17078.0,0.0,211.770004,750000.0,32.407,0,0,1000,0,10,45560,45560,98.599998,98.599998,200,ok,u75,intersect,1000000,graph,10.0,True,False,98.0,exp4_intersect_range_selectivity
pipeann.hybrid.search.v1,/mnt/bak3/lzg/PipeANN-github/experiments/r116_suite_pq16_aris_20260520_072453/exp6_query_thread_budget/tmp/direct_1m,intersect,/mnt/bak3/lzg/PipeANN-github/experiments/r116_suite_pq16_aris_20260520_072453/labels/query_1000_u75.spmat,1000,12,4,0,graph,graph,200,True,0,1,0,0,1,1,1806.553467,6456.728027,6330.0,6670.0,6772.0,15809.0,17978.0,0.0,211.778,750000.0,37.889,0,0,1000,0,10,46740,46740,98.599998,98.599998,200,ok,u75,intersect,1000000,graph,10.0,True,False,98.0,exp4_intersect_range_selectivity
pipeann.hybrid.search.v1,/mnt/bak3/lzg/PipeANN-github/experiments/r116_suite_pq16_aris_20260520_072453/exp6_query_thread_budget/tmp/direct_1m,intersect,/mnt/bak3/lzg/PipeANN-github/experiments/r116_suite_pq16_aris_20260520_072453/labels/query_1000_u75.spmat,1000,13,4,0,graph,graph,200,True,0,1,0,0,1,1,1800.834717,7030.291992,6614.0,7786.0,8008.0,23861.0,24870.0,0.0,211.688995,750000.0,38.801,0,0,1000,0,10,47092,47092,98.599998,98.599998,200,ok,u75,intersect,1000000,graph,10.0,True,False,98.0,exp4_intersect_range_selectivity
pipeann.hybrid.search.v1,/mnt/bak3/lzg/PipeANN-github/experiments/r116_suite_pq16_aris_20260520_072453/exp6_query_thread_budget/tmp/direct_1m,intersect,/mnt/bak3/lzg/PipeANN-github/experiments/r116_suite_pq16_aris_20260520_072453/labels/query_1000_u75.spmat,1000,14,4,0,graph,graph,200,True,0,1,0,0,1,1,1987.199097,6841.137207,6701.0,7055.0,7170.0,16515.0,18640.0,0.0,211.710007,750000.0,45.56,0,0,1000,0,10,51040,51040,98.599998,98.599998,200,ok,u75,intersect,1000000,graph,10.0,True,False,98.0,exp4_intersect_range_selectivity
pipeann.hybrid.search.v1,/mnt/bak3/lzg/PipeANN-github/experiments/r116_suite_pq16_aris_20260520_072453/exp6_query_thread_budget/tmp/direct_1m,intersect,/mnt/bak3/lzg/PipeANN-github/experiments/r116_suite_pq16_aris_20260520_072453/labels/query_1000_u75.spmat,1000,15,4,0,graph,graph,200,True,0,1,0,0,1,1,2057.303467,7086.446777,6853.0,7216.0,7320.0,22332.0,23395.0,0.0,211.742996,750000.0,47.899,0,0,1000,0,10,52168,52168,98.599998,98.599998,200,ok,u75,intersect,1000000,graph,10.0,True,False,98.0,exp4_intersect_range_selectivity
pipeann.hybrid.search.v1,/mnt/bak3/lzg/PipeANN-github/experiments/r116_suite_pq16_aris_20260520_072453/exp6_query_thread_budget/tmp/direct_1m,intersect,/mnt/bak3/lzg/PipeANN-github/experiments/r116_suite_pq16_aris_20260520_072453/labels/query_1000_u75.spmat,1000,16,4,0,graph,graph,200,True,0,1,0,0,1,1,2151.387207,7237.595215,7044.0,7467.0,7594.0,19294.0,20481.0,0.0,211.690994,750000.0,40.379,0,0,1000,0,10,54328,54328,98.599998,98.599998,200,ok,u75,intersect,1000000,graph,10.0,True,False,98.0,exp4_intersect_range_selectivity
pipeann.hybrid.search.v1,/mnt/bak3/lzg/PipeANN-github/experiments/r116_suite_pq16_aris_20260520_072453/exp6_query_thread_budget/tmp/direct_1m,intersect,/mnt/bak3/lzg/PipeANN-github/experiments/r116_suite_pq16_aris_20260520_072453/labels/query_1000_u100.spmat,1000,1,4,0,graph,graph,150,True,0,1,0,0,1,1,305.035309,3167.486084,3161.0,3259.0,3297.0,3470.0,5294.0,0.0,162.565994,1000000.0,19.17,0,0,1000,0,10,30104,30104,98.559998,98.559998,150,ok,u100,intersect,1000000,graph,10.0,True,False,98.0,exp4_intersect_range_selectivity
pipeann.hybrid.search.v1,/mnt/bak3/lzg/PipeANN-github/experiments/r116_suite_pq16_aris_20260520_072453/exp6_query_thread_budget/tmp/direct_1m,intersect,/mnt/bak3/lzg/PipeANN-github/experiments/r116_suite_pq16_aris_20260520_072453/labels/query_1000_u100.spmat,1000,2,4,0,graph,graph,150,True,0,1,0,0,1,1,581.000854,3325.533936,3315.0,3437.0,3486.0,3624.0,5637.0,0.0,162.5,1000000.0,20.404,0,0,1000,0,10,31832,31832,98.559998,98.559998,150,ok,u100,intersect,1000000,graph,10.0,True,False,98.0,exp4_intersect_range_selectivity
pipeann.hybrid.search.v1,/mnt/bak3/lzg/PipeANN-github/experiments/r116_suite_pq16_aris_20260520_072453/exp6_query_thread_budget/tmp/direct_1m,intersect,/mnt/bak3/lzg/PipeANN-github/experiments/r116_suite_pq16_aris_20260520_072453/labels/query_1000_u100.spmat,1000,3,4,0,graph,graph,150,True,0,1,0,0,1,1,829.924072,3512.116943,3503.0,3643.0,3697.0,3861.0,4778.0,0.0,162.434006,1000000.0,17.483,0,0,1000,0,10,33768,33768,98.559998,98.559998,150,ok,u100,intersect,1000000,graph,10.0,True,False,98.0,exp4_intersect_range_selectivity
pipeann.hybrid.search.v1,/mnt/bak3/lzg/PipeANN-github/experiments/r116_suite_pq16_aris_20260520_072453/exp6_query_thread_budget/tmp/direct_1m,intersect,/mnt/bak3/lzg/PipeANN-github/experiments/r116_suite_pq16_aris_20260520_072453/labels/query_1000_u100.spmat,1000,4,4,0,graph,graph,150,True,0,1,0,0,1,1,605.19043,6500.829102,3663.0,3922.0,37996.0,66777.0,83909.0,0.0,162.412994,1000000.0,18.354,0,0,1000,0,10,35132,35132,98.559998,98.559998,150,ok,u100,intersect,1000000,graph,10.0,True,False,98.0,exp4_intersect_range_selectivity
pipeann.hybrid.search.v1,/mnt/bak3/lzg/PipeANN-github/experiments/r116_suite_pq16_aris_20260520_072453/exp6_query_thread_budget/tmp/direct_1m,intersect,/mnt/bak3/lzg/PipeANN-github/experiments/r116_suite_pq16_aris_20260520_072453/labels/query_1000_u100.spmat,1000,5,4,0,graph,graph,150,True,0,1,0,0,1,1,1254.135254,3862.200928,3844.0,4035.0,4092.0,4460.0,8704.0,0.0,162.365997,1000000.0,20.322,0,0,1000,0,10,36432,36432,98.559998,98.559998,150,ok,u100,intersect,1000000,graph,10.0,True,False,98.0,exp4_intersect_range_selectivity
pipeann.hybrid.search.v1,/mnt/bak3/lzg/PipeANN-github/experiments/r116_suite_pq16_aris_20260520_072453/exp6_query_thread_budget/tmp/direct_1m,intersect,/mnt/bak3/lzg/PipeANN-github/experiments/r116_suite_pq16_aris_20260520_072453/labels/query_1000_u100.spmat,1000,6,4,0,graph,graph,150,True,0,1,0,0,1,1,1453.376831,3997.726074,3965.0,4189.0,4272.0,4684.0,7670.0,0.0,162.339996,1000000.0,21.363,0,0,1000,0,10,38216,38216,98.559998,98.559998,150,ok,u100,intersect,1000000,graph,10.0,True,False,98.0,exp4_intersect_range_selectivity
pipeann.hybrid.search.v1,/mnt/bak3/lzg/PipeANN-github/experiments/r116_suite_pq16_aris_20260520_072453/exp6_query_thread_budget/tmp/direct_1m,intersect,/mnt/bak3/lzg/PipeANN-github/experiments/r116_suite_pq16_aris_20260520_072453/labels/query_1000_u100.spmat,1000,7,4,0,graph,graph,150,True,0,1,0,0,1,1,1636.016602,4147.399902,4117.0,4340.0,4447.0,4863.0,8040.0,0.0,162.313004,1000000.0,25.229,0,0,1000,0,10,40312,40312,98.559998,98.559998,150,ok,u100,intersect,1000000,graph,10.0,True,False,98.0,exp4_intersect_range_selectivity
pipeann.hybrid.search.v1,/mnt/bak3/lzg/PipeANN-github/experiments/r116_suite_pq16_aris_20260520_072453/exp6_query_thread_budget/tmp/direct_1m,intersect,/mnt/bak3/lzg/PipeANN-github/experiments/r116_suite_pq16_aris_20260520_072453/labels/query_1000_u100.spmat,1000,8,4,0,graph,graph,150,True,0,1,0,0,1,1,1806.754395,4288.384766,4234.0,4495.0,4571.0,4992.0,10696.0,0.0,162.264008,1000000.0,24.573,0,0,1000,0,10,40436,40436,98.559998,98.559998,150,ok,u100,intersect,1000000,graph,10.0,True,False,98.0,exp4_intersect_range_selectivity
pipeann.hybrid.search.v1,/mnt/bak3/lzg/PipeANN-github/experiments/r116_suite_pq16_aris_20260520_072453/exp6_query_thread_budget/tmp/direct_1m,intersect,/mnt/bak3/lzg/PipeANN-github/experiments/r116_suite_pq16_aris_20260520_072453/labels/query_1000_u100.spmat,1000,9,4,0,graph,graph,150,True,0,1,0,0,1,1,1973.309814,4419.131836,4404.0,4641.0,4731.0,5109.0,7397.0,0.0,162.251999,1000000.0,23.316,0,0,1000,0,10,42724,42724,98.559998,98.559998,150,ok,u100,intersect,1000000,graph,10.0,True,False,98.0,exp4_intersect_range_selectivity
pipeann.hybrid.search.v1,/mnt/bak3/lzg/PipeANN-github/experiments/r116_suite_pq16_aris_20260520_072453/exp6_query_thread_budget/tmp/direct_1m,intersect,/mnt/bak3/lzg/PipeANN-github/experiments/r116_suite_pq16_aris_20260520_072453/labels/query_1000_u100.spmat,1000,10,4,0,graph,graph,150,True,0,1,0,0,1,1,2084.999268,4650.922852,4546.0,4839.0,4958.0,8272.0,12231.0,0.0,162.244995,1000000.0,27.715,0,0,1000,0,10,43988,43988,98.559998,98.559998,150,ok,u100,intersect,1000000,graph,10.0,True,False,98.0,exp4_intersect_range_selectivity
pipeann.hybrid.search.v1,/mnt/bak3/lzg/PipeANN-github/experiments/r116_suite_pq16_aris_20260520_072453/exp6_query_thread_budget/tmp/direct_1m,intersect,/mnt/bak3/lzg/PipeANN-github/experiments/r116_suite_pq16_aris_20260520_072453/labels/query_1000_u100.spmat,1000,11,4,0,graph,graph,150,True,0,1,0,0,1,1,2215.17627,4816.733887,4710.0,4980.0,5084.0,13522.0,14728.0,0.0,162.184006,1000000.0,27.696,0,0,1000,0,10,45136,45136,98.559998,98.559998,150,ok,u100,intersect,1000000,graph,10.0,True,False,98.0,exp4_intersect_range_selectivity
pipeann.hybrid.search.v1,/mnt/bak3/lzg/PipeANN-github/experiments/r116_suite_pq16_aris_20260520_072453/exp6_query_thread_budget/tmp/direct_1m,intersect,/mnt/bak3/lzg/PipeANN-github/experiments/r116_suite_pq16_aris_20260520_072453/labels/query_1000_u100.spmat,1000,12,4,0,graph,graph,150,True,0,1,0,0,1,1,2288.036865,5092.801758,4849.0,5165.0,5325.0,15860.0,18490.0,0.0,162.182007,1000000.0,32.088,0,0,1000,0,10,45500,45500,98.559998,98.559998,150,ok,u100,intersect,1000000,graph,10.0,True,False,98.0,exp4_intersect_range_selectivity
pipeann.hybrid.search.v1,/mnt/bak3/lzg/PipeANN-github/experiments/r116_suite_pq16_aris_20260520_072453/exp6_query_thread_budget/tmp/direct_1m,intersect,/mnt/bak3/lzg/PipeANN-github/experiments/r116_suite_pq16_aris_20260520_072453/labels/query_1000_u100.spmat,1000,13,4,0,graph,graph,150,True,0,1,0,0,1,1,2436.023193,5170.672852,4996.0,5287.0,5398.0,18007.0,20152.0,0.0,162.186996,1000000.0,40.995,0,0,1000,0,10,47668,47668,98.559998,98.559998,150,ok,u100,intersect,1000000,graph,10.0,True,False,98.0,exp4_intersect_range_selectivity
pipeann.hybrid.search.v1,/mnt/bak3/lzg/PipeANN-github/experiments/r116_suite_pq16_aris_20260520_072453/exp6_query_thread_budget/tmp/direct_1m,intersect,/mnt/bak3/lzg/PipeANN-github/experiments/r116_suite_pq16_aris_20260520_072453/labels/query_1000_u100.spmat,1000,14,4,0,graph,graph,150,True,0,1,0,0,1,1,2479.181885,5467.101074,5168.0,5492.0,5614.0,18750.0,25493.0,0.0,162.128006,1000000.0,30.838,0,0,1000,0,10,48504,48504,98.559998,98.559998,150,ok,u100,intersect,1000000,graph,10.0,True,False,98.0,exp4_intersect_range_selectivity
pipeann.hybrid.search.v1,/mnt/bak3/lzg/PipeANN-github/experiments/r116_suite_pq16_aris_20260520_072453/exp6_query_thread_budget/tmp/direct_1m,intersect,/mnt/bak3/lzg/PipeANN-github/experiments/r116_suite_pq16_aris_20260520_072453/labels/query_1000_u100.spmat,1000,15,4,0,graph,graph,150,True,0,1,0,0,1,1,2602.439941,5583.970215,5290.0,5603.0,5713.0,24507.0,26224.0,0.0,162.192001,1000000.0,41.084,0,0,1000,0,10,49584,49584,98.559998,98.559998,150,ok,u100,intersect,1000000,graph,10.0,True,False,98.0,exp4_intersect_range_selectivity
pipeann.hybrid.search.v1,/mnt/bak3/lzg/PipeANN-github/experiments/r116_suite_pq16_aris_20260520_072453/exp6_query_thread_budget/tmp/direct_1m,intersect,/mnt/bak3/lzg/PipeANN-github/experiments/r116_suite_pq16_aris_20260520_072453/labels/query_1000_u100.spmat,1000,16,4,0,graph,graph,150,True,0,1,0,0,1,1,2831.201416,5480.25293,5437.0,5789.0,5970.0,7498.0,9162.0,0.0,162.173996,1000000.0,37.305,0,0,1000,0,10,52388,52388,98.559998,98.559998,150,ok,u100,intersect,1000000,graph,10.0,True,False,98.0,exp4_intersect_range_selectivity
pipeann.hybrid.search.v1,/mnt/bak3/lzg/PipeANN-github/experiments/r116_suite_pq16_aris_20260520_072453/exp6_query_thread_budget/tmp/direct_1m,range,/mnt/bak3/lzg/PipeANN-github/experiments/r116_suite_pq16_aris_20260520_072453/labels/query_1000_range_u1e-03.spmat,1000,1,4,0,prefilter,prefilter,10,True,0,1,0,0,1,1,5513.887695,116.586998,114.0,119.0,122.0,187.0,355.0,0.0,96.0,1000.0,9.317,0,1000,0,0,10,28840,28840,100.0,100.0,10,ok,u1e-03,range,1000000,prefilter,10.0,True,False,98.0,exp4_intersect_range_selectivity
pipeann.hybrid.search.v1,/mnt/bak3/lzg/PipeANN-github/experiments/r116_suite_pq16_aris_20260520_072453/exp6_query_thread_budget/tmp/direct_1m,range,/mnt/bak3/lzg/PipeANN-github/experiments/r116_suite_pq16_aris_20260520_072453/labels/query_1000_range_u1e-03.spmat,1000,2,4,0,prefilter,prefilter,10,True,0,1,0,0,1,1,10303.367188,129.729996,120.0,154.0,211.0,378.0,626.0,0.0,96.0,1000.0,9.481,0,1000,0,0,10,29440,29440,100.0,100.0,10,ok,u1e-03,range,1000000,prefilter,10.0,True,False,98.0,exp4_intersect_range_selectivity
pipeann.hybrid.search.v1,/mnt/bak3/lzg/PipeANN-github/experiments/r116_suite_pq16_aris_20260520_072453/exp6_query_thread_budget/tmp/direct_1m,range,/mnt/bak3/lzg/PipeANN-github/experiments/r116_suite_pq16_aris_20260520_072453/labels/query_1000_range_u1e-03.spmat,1000,3,4,0,prefilter,prefilter,10,True,0,1,0,0,1,1,13160.548828,157.546005,133.0,269.0,389.0,437.0,862.0,0.0,96.0,1000.0,10.701,0,1000,0,0,10,30148,30148,100.0,100.0,10,ok,u1e-03,range,1000000,prefilter,10.0,True,False,98.0,exp4_intersect_range_selectivity
pipeann.hybrid.search.v1,/mnt/bak3/lzg/PipeANN-github/experiments/r116_suite_pq16_aris_20260520_072453/exp6_query_thread_budget/tmp/direct_1m,range,/mnt/bak3/lzg/PipeANN-github/experiments/r116_suite_pq16_aris_20260520_072453/labels/query_1000_range_u1e-03.spmat,1000,4,4,0,prefilter,prefilter,10,True,0,1,0,0,1,1,15709.518555,180.259003,150.0,315.0,467.0,530.0,792.0,0.0,96.0,1000.0,11.538,0,1000,0,0,10,30676,30676,100.0,100.0,10,ok,u1e-03,range,1000000,prefilter,10.0,True,False,98.0,exp4_intersect_range_selectivity
pipeann.hybrid.search.v1,/mnt/bak3/lzg/PipeANN-github/experiments/r116_suite_pq16_aris_20260520_072453/exp6_query_thread_budget/tmp/direct_1m,range,/mnt/bak3/lzg/PipeANN-github/experiments/r116_suite_pq16_aris_20260520_072453/labels/query_1000_range_u1e-03.spmat,1000,5,4,0,prefilter,prefilter,10,True,0,1,0,0,1,1,19270.748047,190.339005,178.0,271.0,327.0,479.0,773.0,0.0,96.0,1000.0,10.577,0,1000,0,0,10,31592,31592,100.0,100.0,10,ok,u1e-03,range,1000000,prefilter,10.0,True,False,98.0,exp4_intersect_range_selectivity
pipeann.hybrid.search.v1,/mnt/bak3/lzg/PipeANN-github/experiments/r116_suite_pq16_aris_20260520_072453/exp6_query_thread_budget/tmp/direct_1m,range,/mnt/bak3/lzg/PipeANN-github/experiments/r116_suite_pq16_aris_20260520_072453/labels/query_1000_range_u1e-03.spmat,1000,6,4,0,prefilter,prefilter,10,True,0,1,0,0,1,1,20346.423828,224.322006,214.0,319.0,365.0,520.0,815.0,0.0,96.0,1000.0,10.796,0,1000,0,0,10,32024,32024,100.0,100.0,10,ok,u1e-03,range,1000000,prefilter,10.0,True,False,98.0,exp4_intersect_range_selectivity
pipeann.hybrid.search.v1,/mnt/bak3/lzg/PipeANN-github/experiments/r116_suite_pq16_aris_20260520_072453/exp6_query_thread_budget/tmp/direct_1m,range,/mnt/bak3/lzg/PipeANN-github/experiments/r116_suite_pq16_aris_20260520_072453/labels/query_1000_range_u1e-03.spmat,1000,7,4,0,prefilter,prefilter,10,True,0,1,0,0,1,1,20501.023438,265.0,246.0,370.0,450.0,661.0,1038.0,0.0,96.0,1000.0,11.892,0,1000,0,0,10,32936,32936,100.0,100.0,10,ok,u1e-03,range,1000000,prefilter,10.0,True,False,98.0,exp4_intersect_range_selectivity
pipeann.hybrid.search.v1,/mnt/bak3/lzg/PipeANN-github/experiments/r116_suite_pq16_aris_20260520_072453/exp6_query_thread_budget/tmp/direct_1m,range,/mnt/bak3/lzg/PipeANN-github/experiments/r116_suite_pq16_aris_20260520_072453/labels/query_1000_range_u1e-03.spmat,1000,8,4,0,prefilter,prefilter,10,True,0,1,0,0,1,1,17254.056641,385.88501,380.0,513.0,577.0,760.0,1294.0,0.0,96.0,1000.0,12.39,0,1000,0,0,10,33612,33612,100.0,100.0,10,ok,u1e-03,range,1000000,prefilter,10.0,True,False,98.0,exp4_intersect_range_selectivity
pipeann.hybrid.search.v1,/mnt/bak3/lzg/PipeANN-github/experiments/r116_suite_pq16_aris_20260520_072453/exp6_query_thread_budget/tmp/direct_1m,range,/mnt/bak3/lzg/PipeANN-github/experiments/r116_suite_pq16_aris_20260520_072453/labels/query_1000_range_u1e-03.spmat,1000,9,4,0,prefilter,prefilter,10,True,0,1,0,0,1,1,14772.385742,530.567993,511.0,673.0,749.0,929.0,1379.0,0.0,96.0,1000.0,12.848,0,1000,0,0,10,33856,33856,100.0,100.0,10,ok,u1e-03,range,1000000,prefilter,10.0,True,False,98.0,exp4_intersect_range_selectivity
pipeann.hybrid.search.v1,/mnt/bak3/lzg/PipeANN-github/experiments/r116_suite_pq16_aris_20260520_072453/exp6_query_thread_budget/tmp/direct_1m,range,/mnt/bak3/lzg/PipeANN-github/experiments/r116_suite_pq16_aris_20260520_072453/labels/query_1000_range_u1e-03.spmat,1000,10,4,0,prefilter,prefilter,10,True,0,1,0,0,1,1,12628.297852,699.041992,651.0,945.0,1031.0,1341.0,1874.0,0.0,96.0,1000.0,16.886,0,1000,0,0,10,34788,34788,100.0,100.0,10,ok,u1e-03,range,1000000,prefilter,10.0,True,False,98.0,exp4_intersect_range_selectivity
pipeann.hybrid.search.v1,/mnt/bak3/lzg/PipeANN-github/experiments/r116_suite_pq16_aris_20260520_072453/exp6_query_thread_budget/tmp/direct_1m,range,/mnt/bak3/lzg/PipeANN-github/experiments/r116_suite_pq16_aris_20260520_072453/labels/query_1000_range_u1e-03.spmat,1000,11,4,0,prefilter,prefilter,10,True,0,1,0,0,1,1,12717.197266,780.065002,741.0,983.0,1119.0,1355.0,2224.0,0.0,96.0,1000.0,17.498,0,1000,0,0,10,35156,35156,100.0,100.0,10,ok,u1e-03,range,1000000,prefilter,10.0,True,False,98.0,exp4_intersect_range_selectivity
pipeann.hybrid.search.v1,/mnt/bak3/lzg/PipeANN-github/experiments/r116_suite_pq16_aris_20260520_072453/exp6_query_thread_budget/tmp/direct_1m,range,/mnt/bak3/lzg/PipeANN-github/experiments/r116_suite_pq16_aris_20260520_072453/labels/query_1000_range_u1e-03.spmat,1000,12,4,0,prefilter,prefilter,10,True,0,1,0,0,1,1,12935.898438,842.950012,810.0,1002.0,1139.0,1427.0,2356.0,0.0,96.0,1000.0,18.031,0,1000,0,0,10,35928,35928,100.0,100.0,10,ok,u1e-03,range,1000000,prefilter,10.0,True,False,98.0,exp4_intersect_range_selectivity
pipeann.hybrid.search.v1,/mnt/bak3/lzg/PipeANN-github/experiments/r116_suite_pq16_aris_20260520_072453/exp6_query_thread_budget/tmp/direct_1m,range,/mnt/bak3/lzg/PipeANN-github/experiments/r116_suite_pq16_aris_20260520_072453/labels/query_1000_range_u1e-03.spmat,1000,13,4,0,prefilter,prefilter,10,True,0,1,0,0,1,1,13496.791016,880.757019,845.0,1046.0,1164.0,1444.0,2012.0,0.0,96.0,1000.0,16.441,0,1000,0,0,10,36524,36524,100.0,100.0,10,ok,u1e-03,range,1000000,prefilter,10.0,True,False,98.0,exp4_intersect_range_selectivity
pipeann.hybrid.search.v1,/mnt/bak3/lzg/PipeANN-github/experiments/r116_suite_pq16_aris_20260520_072453/exp6_query_thread_budget/tmp/direct_1m,range,/mnt/bak3/lzg/PipeANN-github/experiments/r116_suite_pq16_aris_20260520_072453/labels/query_1000_range_u1e-03.spmat,1000,14,4,0,prefilter,prefilter,10,True,0,1,0,0,1,1,13096.976562,975.137024,912.0,1290.0,1404.0,1750.0,2595.0,0.0,96.0,1000.0,18.5,0,1000,0,0,10,37344,37344,100.0,100.0,10,ok,u1e-03,range,1000000,prefilter,10.0,True,False,98.0,exp4_intersect_range_selectivity
pipeann.hybrid.search.v1,/mnt/bak3/lzg/PipeANN-github/experiments/r116_suite_pq16_aris_20260520_072453/exp6_query_thread_budget/tmp/direct_1m,range,/mnt/bak3/lzg/PipeANN-github/experiments/r116_suite_pq16_aris_20260520_072453/labels/query_1000_range_u1e-03.spmat,1000,15,4,0,prefilter,prefilter,10,True,0,1,0,0,1,1,13691.433594,1007.703003,957.0,1219.0,1342.0,1879.0,2611.0,0.0,96.0,1000.0,17.593,0,1000,0,0,10,37796,37796,100.0,100.0,10,ok,u1e-03,range,1000000,prefilter,10.0,True,False,98.0,exp4_intersect_range_selectivity
pipeann.hybrid.search.v1,/mnt/bak3/lzg/PipeANN-github/experiments/r116_suite_pq16_aris_20260520_072453/exp6_query_thread_budget/tmp/direct_1m,range,/mnt/bak3/lzg/PipeANN-github/experiments/r116_suite_pq16_aris_20260520_072453/labels/query_1000_range_u1e-03.spmat,1000,16,4,0,prefilter,prefilter,10,True,0,1,0,0,1,1,13574.375,1087.277954,1018.0,1378.0,1539.0,1904.0,2283.0,0.0,96.0,1000.0,19.736,0,1000,0,0,10,38336,38336,100.0,100.0,10,ok,u1e-03,range,1000000,prefilter,10.0,True,False,98.0,exp4_intersect_range_selectivity
pipeann.hybrid.search.v1,/mnt/bak3/lzg/PipeANN-github/experiments/r116_suite_pq16_aris_20260520_072453/exp6_query_thread_budget/tmp/direct_1m,range,/mnt/bak3/lzg/PipeANN-github/experiments/r116_suite_pq16_aris_20260520_072453/labels/query_1000_range_u3e-03.spmat,1000,1,4,0,prefilter,prefilter,10,True,0,1,0,0,1,1,5361.163086,130.397995,127.0,133.0,149.0,235.0,396.0,0.0,96.0,3000.0,12.383,0,1000,0,0,10,28904,28904,99.940002,99.940002,10,ok,u3e-03,range,1000000,prefilter,10.0,True,False,98.0,exp4_intersect_range_selectivity
pipeann.hybrid.search.v1,/mnt/bak3/lzg/PipeANN-github/experiments/r116_suite_pq16_aris_20260520_072453/exp6_query_thread_budget/tmp/direct_1m,range,/mnt/bak3/lzg/PipeANN-github/experiments/r116_suite_pq16_aris_20260520_072453/labels/query_1000_range_u3e-03.spmat,1000,2,4,0,prefilter,prefilter,10,True,0,1,0,0,1,1,7378.975586,192.108002,178.0,200.0,281.0,517.0,748.0,0.0,96.0,3000.0,17.518,0,1000,0,0,10,29404,29404,99.940002,99.940002,10,ok,u3e-03,range,1000000,prefilter,10.0,True,False,98.0,exp4_intersect_range_selectivity
pipeann.hybrid.search.v1,/mnt/bak3/lzg/PipeANN-github/experiments/r116_suite_pq16_aris_20260520_072453/exp6_query_thread_budget/tmp/direct_1m,range,/mnt/bak3/lzg/PipeANN-github/experiments/r116_suite_pq16_aris_20260520_072453/labels/query_1000_range_u3e-03.spmat,1000,3,4,0,prefilter,prefilter,10,True,0,1,0,0,1,1,10574.427734,203.936005,186.0,280.0,397.0,549.0,903.0,0.0,96.0,3000.0,17.976,0,1000,0,0,10,30140,30140,99.940002,99.940002,10,ok,u3e-03,range,1000000,prefilter,10.0,True,False,98.0,exp4_intersect_range_selectivity
pipeann.hybrid.search.v1,/mnt/bak3/lzg/PipeANN-github/experiments/r116_suite_pq16_aris_20260520_072453/exp6_query_thread_budget/tmp/direct_1m,range,/mnt/bak3/lzg/PipeANN-github/experiments/r116_suite_pq16_aris_20260520_072453/labels/query_1000_range_u3e-03.spmat,1000,4,4,0,prefilter,prefilter,10,True,0,1,0,0,1,1,13628.444336,211.789993,192.0,294.0,359.0,556.0,795.0,0.0,96.0,3000.0,18.3,0,1000,0,0,10,32832,32832,99.940002,99.940002,10,ok,u3e-03,range,1000000,prefilter,10.0,True,False,98.0,exp4_intersect_range_selectivity
pipeann.hybrid.search.v1,/mnt/bak3/lzg/PipeANN-github/experiments/r116_suite_pq16_aris_20260520_072453/exp6_query_thread_budget/tmp/direct_1m,range,/mnt/bak3/lzg/PipeANN-github/experiments/r116_suite_pq16_aris_20260520_072453/labels/query_1000_range_u3e-03.spmat,1000,5,4,0,prefilter,prefilter,10,True,0,1,0,0,1,1,15231.930664,241.237,215.0,366.0,428.0,573.0,867.0,0.0,96.0,3000.0,19.35,0,1000,0,0,10,31456,31456,99.940002,99.940002,10,ok,u3e-03,range,1000000,prefilter,10.0,True,False,98.0,exp4_intersect_range_selectivity
pipeann.hybrid.search.v1,/mnt/bak3/lzg/PipeANN-github/experiments/r116_suite_pq16_aris_20260520_072453/exp6_query_thread_budget/tmp/direct_1m,range,/mnt/bak3/lzg/PipeANN-github/experiments/r116_suite_pq16_aris_20260520_072453/labels/query_1000_range_u3e-03.spmat,1000,6,4,0,prefilter,prefilter,10,True,0,1,0,0,1,1,16573.457031,270.11499,231.0,432.0,518.0,641.0,825.0,0.0,96.0,3000.0,20.534,0,1000,0,0,10,31996,31996,99.940002,99.940002,10,ok,u3e-03,range,1000000,prefilter,10.0,True,False,98.0,exp4_intersect_range_selectivity
pipeann.hybrid.search.v1,/mnt/bak3/lzg/PipeANN-github/experiments/r116_suite_pq16_aris_20260520_072453/exp6_query_thread_budget/tmp/direct_1m,range,/mnt/bak3/lzg/PipeANN-github/experiments/r116_suite_pq16_aris_20260520_072453/labels/query_1000_range_u3e-03.spmat,1000,7,4,0,prefilter,prefilter,10,True,0,1,0,0,1,1,16343.954102,331.81601,306.0,474.0,590.0,849.0,1242.0,0.0,96.0,3000.0,22.118,0,1000,0,0,10,32848,32848,99.940002,99.940002,10,ok,u3e-03,range,1000000,prefilter,10.0,True,False,98.0,exp4_intersect_range_selectivity
pipeann.hybrid.search.v1,/mnt/bak3/lzg/PipeANN-github/experiments/r116_suite_pq16_aris_20260520_072453/exp6_query_thread_budget/tmp/direct_1m,range,/mnt/bak3/lzg/PipeANN-github/experiments/r116_suite_pq16_aris_20260520_072453/labels/query_1000_range_u3e-03.spmat,1000,8,4,0,prefilter,prefilter,10,True,0,1,0,0,1,1,12978.675781,519.359009,485.0,778.0,900.0,1070.0,1838.0,0.0,96.0,3000.0,23.233,0,1000,0,0,10,33452,33452,99.940002,99.940002,10,ok,u3e-03,range,1000000,prefilter,10.0,True,False,98.0,exp4_intersect_range_selectivity
pipeann.hybrid.search.v1,/mnt/bak3/lzg/PipeANN-github/experiments/r116_suite_pq16_aris_20260520_072453/exp6_query_thread_budget/tmp/direct_1m,range,/mnt/bak3/lzg/PipeANN-github/experiments/r116_suite_pq16_aris_20260520_072453/labels/query_1000_range_u3e-03.spmat,1000,9,4,0,prefilter,prefilter,10,True,0,1,0,0,1,1,12863.904297,603.570007,569.0,857.0,1009.0,1158.0,1511.0,0.0,96.0,3000.0,23.176,0,1000,0,0,10,34276,34276,99.940002,99.940002,10,ok,u3e-03,range,1000000,prefilter,10.0,True,False,98.0,exp4_intersect_range_selectivity
pipeann.hybrid.search.v1,/mnt/bak3/lzg/PipeANN-github/experiments/r116_suite_pq16_aris_20260520_072453/exp6_query_thread_budget/tmp/direct_1m,range,/mnt/bak3/lzg/PipeANN-github/experiments/r116_suite_pq16_aris_20260520_072453/labels/query_1000_range_u3e-03.spmat,1000,10,4,0,prefilter,prefilter,10,True,0,1,0,0,1,1,12987.768555,676.997986,659.0,823.0,933.0,1182.0,1830.0,0.0,96.0,3000.0,21.93,0,1000,0,0,10,34636,34636,99.940002,99.940002,10,ok,u3e-03,range,1000000,prefilter,10.0,True,False,98.0,exp4_intersect_range_selectivity
pipeann.hybrid.search.v1,/mnt/bak3/lzg/PipeANN-github/experiments/r116_suite_pq16_aris_20260520_072453/exp6_query_thread_budget/tmp/direct_1m,range,/mnt/bak3/lzg/PipeANN-github/experiments/r116_suite_pq16_aris_20260520_072453/labels/query_1000_range_u3e-03.spmat,1000,11,4,0,prefilter,prefilter,10,True,0,1,0,0,1,1,13063.251953,747.632019,724.0,920.0,1018.0,1266.0,1803.0,0.0,96.0,3000.0,23.665,0,1000,0,0,10,35180,35180,99.940002,99.940002,10,ok,u3e-03,range,1000000,prefilter,10.0,True,False,98.0,exp4_intersect_range_selectivity
pipeann.hybrid.search.v1,/mnt/bak3/lzg/PipeANN-github/experiments/r116_suite_pq16_aris_20260520_072453/exp6_query_thread_budget/tmp/direct_1m,range,/mnt/bak3/lzg/PipeANN-github/experiments/r116_suite_pq16_aris_20260520_072453/labels/query_1000_range_u3e-03.spmat,1000,12,4,0,prefilter,prefilter,10,True,0,1,0,0,1,1,12444.55957,857.95697,805.0,1125.0,1283.0,1694.0,2276.0,0.0,96.0,3000.0,26.916,0,1000,0,0,10,36224,36224,99.940002,99.940002,10,ok,u3e-03,range,1000000,prefilter,10.0,True,False,98.0,exp4_intersect_range_selectivity
pipeann.hybrid.search.v1,/mnt/bak3/lzg/PipeANN-github/experiments/r116_suite_pq16_aris_20260520_072453/exp6_query_thread_budget/tmp/direct_1m,range,/mnt/bak3/lzg/PipeANN-github/experiments/r116_suite_pq16_aris_20260520_072453/labels/query_1000_range_u3e-03.spmat,1000,13,4,0,prefilter,prefilter,10,True,0,1,0,0,1,1,12578.977539,927.184021,860.0,1172.0,1330.0,1681.0,2421.0,0.0,96.0,3000.0,28.195,0,1000,0,0,10,36556,36556,99.940002,99.940002,10,ok,u3e-03,range,1000000,prefilter,10.0,True,False,98.0,exp4_intersect_range_selectivity
pipeann.hybrid.search.v1,/mnt/bak3/lzg/PipeANN-github/experiments/r116_suite_pq16_aris_20260520_072453/exp6_query_thread_budget/tmp/direct_1m,range,/mnt/bak3/lzg/PipeANN-github/experiments/r116_suite_pq16_aris_20260520_072453/labels/query_1000_range_u3e-03.spmat,1000,14,4,0,prefilter,prefilter,10,True,0,1,0,0,1,1,12635.805664,1003.495972,940.0,1203.0,1391.0,1762.0,2528.0,0.0,96.0,3000.0,27.04,0,1000,0,0,10,37048,37048,99.940002,99.940002,10,ok,u3e-03,range,1000000,prefilter,10.0,True,False,98.0,exp4_intersect_range_selectivity
pipeann.hybrid.search.v1,/mnt/bak3/lzg/PipeANN-github/experiments/r116_suite_pq16_aris_20260520_072453/exp6_query_thread_budget/tmp/direct_1m,range,/mnt/bak3/lzg/PipeANN-github/experiments/r116_suite_pq16_aris_20260520_072453/labels/query_1000_range_u3e-03.spmat,1000,15,4,0,prefilter,prefilter,10,True,0,1,0,0,1,1,12070.060547,1138.208008,1102.0,1349.0,1446.0,2060.0,2374.0,0.0,96.0,3000.0,27.928,0,1000,0,0,10,37848,37848,99.940002,99.940002,10,ok,u3e-03,range,1000000,prefilter,10.0,True,False,98.0,exp4_intersect_range_selectivity
pipeann.hybrid.search.v1,/mnt/bak3/lzg/PipeANN-github/experiments/r116_suite_pq16_aris_20260520_072453/exp6_query_thread_budget/tmp/direct_1m,range,/mnt/bak3/lzg/PipeANN-github/experiments/r116_suite_pq16_aris_20260520_072453/labels/query_1000_range_u3e-03.spmat,1000,16,4,0,prefilter,prefilter,10,True,0,1,0,0,1,1,10179.045898,1463.438965,1465.0,1738.0,1883.0,2466.0,2854.0,0.0,96.0,3000.0,30.957,0,1000,0,0,10,38364,38364,99.940002,99.940002,10,ok,u3e-03,range,1000000,prefilter,10.0,True,False,98.0,exp4_intersect_range_selectivity
pipeann.hybrid.search.v1,/mnt/bak3/lzg/PipeANN-github/experiments/r116_suite_pq16_aris_20260520_072453/exp6_query_thread_budget/tmp/direct_1m,range,/mnt/bak3/lzg/PipeANN-github/experiments/r116_suite_pq16_aris_20260520_072453/labels/query_1000_range_u1e-02.spmat,1000,1,4,0,prefilter,prefilter,10,True,0,1,0,0,1,1,2829.780762,273.80899,270.0,279.0,282.0,374.0,703.0,0.0,128.0,10000.0,29.423,0,1000,0,0,10,28952,28952,99.940002,99.940002,10,ok,u1e-02,range,1000000,prefilter,10.0,True,False,98.0,exp4_intersect_range_selectivity
pipeann.hybrid.search.v1,/mnt/bak3/lzg/PipeANN-github/experiments/r116_suite_pq16_aris_20260520_072453/exp6_query_thread_budget/tmp/direct_1m,range,/mnt/bak3/lzg/PipeANN-github/experiments/r116_suite_pq16_aris_20260520_072453/labels/query_1000_range_u1e-02.spmat,1000,2,4,0,prefilter,prefilter,10,True,0,1,0,0,1,1,4073.706299,381.049011,361.0,395.0,416.0,1069.0,1361.0,0.0,128.0,10000.0,40.808,0,1000,0,0,10,29728,29728,99.940002,99.940002,10,ok,u1e-02,range,1000000,prefilter,10.0,True,False,98.0,exp4_intersect_range_selectivity
pipeann.hybrid.search.v1,/mnt/bak3/lzg/PipeANN-github/experiments/r116_suite_pq16_aris_20260520_072453/exp6_query_thread_budget/tmp/direct_1m,range,/mnt/bak3/lzg/PipeANN-github/experiments/r116_suite_pq16_aris_20260520_072453/labels/query_1000_range_u1e-02.spmat,1000,3,4,0,prefilter,prefilter,10,True,0,1,0,0,1,1,5860.64502,398.98999,369.0,425.0,574.0,987.0,1531.0,0.0,128.0,10000.0,42.141,0,1000,0,0,10,30156,30156,99.940002,99.940002,10,ok,u1e-02,range,1000000,prefilter,10.0,True,False,98.0,exp4_intersect_range_selectivity
pipeann.hybrid.search.v1,/mnt/bak3/lzg/PipeANN-github/experiments/r116_suite_pq16_aris_20260520_072453/exp6_query_thread_budget/tmp/direct_1m,range,/mnt/bak3/lzg/PipeANN-github/experiments/r116_suite_pq16_aris_20260520_072453/labels/query_1000_range_u1e-02.spmat,1000,4,4,0,prefilter,prefilter,10,True,0,1,0,0,1,1,7275.594238,431.276001,390.0,473.0,780.0,1155.0,1560.0,0.0,128.0,10000.0,44.105,0,1000,0,0,10,31040,31040,99.940002,99.940002,10,ok,u1e-02,range,1000000,prefilter,10.0,True,False,98.0,exp4_intersect_range_selectivity
pipeann.hybrid.search.v1,/mnt/bak3/lzg/PipeANN-github/experiments/r116_suite_pq16_aris_20260520_072453/exp6_query_thread_budget/tmp/direct_1m,range,/mnt/bak3/lzg/PipeANN-github/experiments/r116_suite_pq16_aris_20260520_072453/labels/query_1000_range_u1e-02.spmat,1000,5,4,0,prefilter,prefilter,10,True,0,1,0,0,1,1,8550.527344,461.165985,404.0,610.0,888.0,1175.0,1604.0,0.0,128.0,10000.0,45.968,0,1000,0,0,10,31520,31520,99.940002,99.940002,10,ok,u1e-02,range,1000000,prefilter,10.0,True,False,98.0,exp4_intersect_range_selectivity
pipeann.hybrid.search.v1,/mnt/bak3/lzg/PipeANN-github/experiments/r116_suite_pq16_aris_20260520_072453/exp6_query_thread_budget/tmp/direct_1m,range,/mnt/bak3/lzg/PipeANN-github/experiments/r116_suite_pq16_aris_20260520_072453/labels/query_1000_range_u1e-02.spmat,1000,6,4,0,prefilter,prefilter,10,True,0,1,0,0,1,1,9891.507812,485.598999,452.0,619.0,797.0,1071.0,1422.0,0.0,128.0,10000.0,44.652,0,1000,0,0,10,32004,32004,99.940002,99.940002,10,ok,u1e-02,range,1000000,prefilter,10.0,True,False,98.0,exp4_intersect_range_selectivity
pipeann.hybrid.search.v1,/mnt/bak3/lzg/PipeANN-github/experiments/r116_suite_pq16_aris_20260520_072453/exp6_query_thread_budget/tmp/direct_1m,range,/mnt/bak3/lzg/PipeANN-github/experiments/r116_suite_pq16_aris_20260520_072453/labels/query_1000_range_u1e-02.spmat,1000,7,4,0,prefilter,prefilter,10,True,0,1,0,0,1,1,10854.348633,517.705994,470.0,703.0,914.0,1189.0,1913.0,0.0,128.0,10000.0,46.96,0,1000,0,0,10,32920,32920,99.940002,99.940002,10,ok,u1e-02,range,1000000,prefilter,10.0,True,False,98.0,exp4_intersect_range_selectivity
pipeann.hybrid.search.v1,/mnt/bak3/lzg/PipeANN-github/experiments/r116_suite_pq16_aris_20260520_072453/exp6_query_thread_budget/tmp/direct_1m,range,/mnt/bak3/lzg/PipeANN-github/experiments/r116_suite_pq16_aris_20260520_072453/labels/query_1000_range_u1e-02.spmat,1000,8,4,0,prefilter,prefilter,10,True,0,1,0,0,1,1,9398.81543,718.596008,687.0,989.0,1209.0,1541.0,2086.0,0.0,128.0,10000.0,50.101,0,1000,0,0,10,33832,33832,99.940002,99.940002,10,ok,u1e-02,range,1000000,prefilter,10.0,True,False,98.0,exp4_intersect_range_selectivity
pipeann.hybrid.search.v1,/mnt/bak3/lzg/PipeANN-github/experiments/r116_suite_pq16_aris_20260520_072453/exp6_query_thread_budget/tmp/direct_1m,range,/mnt/bak3/lzg/PipeANN-github/experiments/r116_suite_pq16_aris_20260520_072453/labels/query_1000_range_u1e-02.spmat,1000,9,4,0,prefilter,prefilter,10,True,0,1,0,0,1,1,9830.485352,791.047974,812.0,1001.0,1213.0,1548.0,1947.0,0.0,128.0,10000.0,47.143,0,1000,0,0,10,34180,34180,99.940002,99.940002,10,ok,u1e-02,range,1000000,prefilter,10.0,True,False,98.0,exp4_intersect_range_selectivity
pipeann.hybrid.search.v1,/mnt/bak3/lzg/PipeANN-github/experiments/r116_suite_pq16_aris_20260520_072453/exp6_query_thread_budget/tmp/direct_1m,range,/mnt/bak3/lzg/PipeANN-github/experiments/r116_suite_pq16_aris_20260520_072453/labels/query_1000_range_u1e-02.spmat,1000,10,4,0,prefilter,prefilter,10,True,0,1,0,0,1,1,9107.050781,961.794983,988.0,1232.0,1461.0,1975.0,2369.0,0.0,128.0,10000.0,50.845,0,1000,0,0,10,34660,34660,99.940002,99.940002,10,ok,u1e-02,range,1000000,prefilter,10.0,True,False,98.0,exp4_intersect_range_selectivity
pipeann.hybrid.search.v1,/mnt/bak3/lzg/PipeANN-github/experiments/r116_suite_pq16_aris_20260520_072453/exp6_query_thread_budget/tmp/direct_1m,range,/mnt/bak3/lzg/PipeANN-github/experiments/r116_suite_pq16_aris_20260520_072453/labels/query_1000_range_u1e-02.spmat,1000,11,4,0,prefilter,prefilter,10,True,0,1,0,0,1,1,9484.125,1033.112061,1055.0,1310.0,1487.0,1867.0,2528.0,0.0,128.0,10000.0,49.298,0,1000,0,0,10,35888,35888,99.940002,99.940002,10,ok,u1e-02,range,1000000,prefilter,10.0,True,False,98.0,exp4_intersect_range_selectivity
pipeann.hybrid.search.v1,/mnt/bak3/lzg/PipeANN-github/experiments/r116_suite_pq16_aris_20260520_072453/exp6_query_thread_budget/tmp/direct_1m,range,/mnt/bak3/lzg/PipeANN-github/experiments/r116_suite_pq16_aris_20260520_072453/labels/query_1000_range_u1e-02.spmat,1000,12,4,0,prefilter,prefilter,10,True,0,1,0,0,1,1,9354.708008,1150.743042,1120.0,1422.0,1688.0,2018.0,2709.0,0.0,128.0,10000.0,51.744,0,1000,0,0,10,36372,36372,99.940002,99.940002,10,ok,u1e-02,range,1000000,prefilter,10.0,True,False,98.0,exp4_intersect_range_selectivity
pipeann.hybrid.search.v1,/mnt/bak3/lzg/PipeANN-github/experiments/r116_suite_pq16_aris_20260520_072453/exp6_query_thread_budget/tmp/direct_1m,range,/mnt/bak3/lzg/PipeANN-github/experiments/r116_suite_pq16_aris_20260520_072453/labels/query_1000_range_u1e-02.spmat,1000,13,4,0,prefilter,prefilter,10,True,0,1,0,0,1,1,9312.385742,1263.255981,1229.0,1545.0,1779.0,2286.0,2782.0,0.0,128.0,10000.0,51.977,0,1000,0,0,10,36908,36908,99.940002,99.940002,10,ok,u1e-02,range,1000000,prefilter,10.0,True,False,98.0,exp4_intersect_range_selectivity
pipeann.hybrid.search.v1,/mnt/bak3/lzg/PipeANN-github/experiments/r116_suite_pq16_aris_20260520_072453/exp6_query_thread_budget/tmp/direct_1m,range,/mnt/bak3/lzg/PipeANN-github/experiments/r116_suite_pq16_aris_20260520_072453/labels/query_1000_range_u1e-02.spmat,1000,14,4,0,prefilter,prefilter,10,True,0,1,0,0,1,1,9750.400391,1303.55603,1291.0,1522.0,1774.0,2534.0,2877.0,0.0,128.0,10000.0,52.046,0,1000,0,0,10,37324,37324,99.940002,99.940002,10,ok,u1e-02,range,1000000,prefilter,10.0,True,False,98.0,exp4_intersect_range_selectivity
pipeann.hybrid.search.v1,/mnt/bak3/lzg/PipeANN-github/experiments/r116_suite_pq16_aris_20260520_072453/exp6_query_thread_budget/tmp/direct_1m,range,/mnt/bak3/lzg/PipeANN-github/experiments/r116_suite_pq16_aris_20260520_072453/labels/query_1000_range_u1e-02.spmat,1000,15,4,0,prefilter,prefilter,10,True,0,1,0,0,1,1,8689.02832,1581.474976,1543.0,1812.0,1991.0,2948.0,3447.0,0.0,128.0,10000.0,56.341,0,1000,0,0,10,38232,38232,99.940002,99.940002,10,ok,u1e-02,range,1000000,prefilter,10.0,True,False,98.0,exp4_intersect_range_selectivity
pipeann.hybrid.search.v1,/mnt/bak3/lzg/PipeANN-github/experiments/r116_suite_pq16_aris_20260520_072453/exp6_query_thread_budget/tmp/direct_1m,range,/mnt/bak3/lzg/PipeANN-github/experiments/r116_suite_pq16_aris_20260520_072453/labels/query_1000_range_u1e-02.spmat,1000,16,4,0,prefilter,prefilter,10,True,0,1,0,0,1,1,5703.379883,2662.566895,2664.0,2794.0,2937.0,3380.0,4751.0,0.0,128.0,10000.0,57.369,0,1000,0,0,10,38928,38928,99.940002,99.940002,10,ok,u1e-02,range,1000000,prefilter,10.0,True,False,98.0,exp4_intersect_range_selectivity
pipeann.hybrid.search.v1,/mnt/bak3/lzg/PipeANN-github/experiments/r116_suite_pq16_aris_20260520_072453/exp6_query_thread_budget/tmp/direct_1m,range,/mnt/bak3/lzg/PipeANN-github/experiments/r116_suite_pq16_aris_20260520_072453/labels/query_1000_range_u5e-02.spmat,1000,1,4,0,prefilter,prefilter,10,True,0,1,0,0,1,1,756.652039,1152.743042,1124.0,1336.0,1365.0,1418.0,1828.0,0.0,160.0,50000.0,55.038,0,1000,0,0,10,29760,29760,99.839996,99.839996,10,ok,u5e-02,range,1000000,prefilter,10.0,True,False,98.0,exp4_intersect_range_selectivity
pipeann.hybrid.search.v1,/mnt/bak3/lzg/PipeANN-github/experiments/r116_suite_pq16_aris_20260520_072453/exp6_query_thread_budget/tmp/direct_1m,range,/mnt/bak3/lzg/PipeANN-github/experiments/r116_suite_pq16_aris_20260520_072453/labels/query_1000_range_u5e-02.spmat,1000,2,4,0,prefilter,prefilter,10,True,0,1,0,0,1,1,1478.993652,1180.399048,1133.0,1328.0,1352.0,1895.0,3601.0,0.0,160.0,50000.0,54.792,0,1000,0,0,10,30684,30684,99.839996,99.839996,10,ok,u5e-02,range,1000000,prefilter,10.0,True,False,98.0,exp4_intersect_range_selectivity
pipeann.hybrid.search.v1,/mnt/bak3/lzg/PipeANN-github/experiments/r116_suite_pq16_aris_20260520_072453/exp6_query_thread_budget/tmp/direct_1m,range,/mnt/bak3/lzg/PipeANN-github/experiments/r116_suite_pq16_aris_20260520_072453/labels/query_1000_range_u5e-02.spmat,1000,3,4,0,prefilter,prefilter,10,True,0,1,0,0,1,1,2167.198242,1208.750977,1145.0,1360.0,1406.0,2682.0,3818.0,0.0,160.0,50000.0,55.823,0,1000,0,0,10,31644,31644,99.839996,99.839996,10,ok,u5e-02,range,1000000,prefilter,10.0,True,False,98.0,exp4_intersect_range_selectivity
pipeann.hybrid.search.v1,/mnt/bak3/lzg/PipeANN-github/experiments/r116_suite_pq16_aris_20260520_072453/exp6_query_thread_budget/tmp/direct_1m,range,/mnt/bak3/lzg/PipeANN-github/experiments/r116_suite_pq16_aris_20260520_072453/labels/query_1000_range_u5e-02.spmat,1000,4,4,0,prefilter,prefilter,10,True,0,1,0,0,1,1,2855.947266,1222.468994,1153.0,1368.0,1429.0,2604.0,3558.0,0.0,160.0,50000.0,56.333,0,1000,0,0,10,33028,33028,99.839996,99.839996,10,ok,u5e-02,range,1000000,prefilter,10.0,True,False,98.0,exp4_intersect_range_selectivity
pipeann.hybrid.search.v1,/mnt/bak3/lzg/PipeANN-github/experiments/r116_suite_pq16_aris_20260520_072453/exp6_query_thread_budget/tmp/direct_1m,range,/mnt/bak3/lzg/PipeANN-github/experiments/r116_suite_pq16_aris_20260520_072453/labels/query_1000_range_u5e-02.spmat,1000,5,4,0,prefilter,prefilter,10,True,0,1,0,0,1,1,3455.833496,1263.39502,1174.0,1409.0,1515.0,3365.0,3814.0,0.0,160.0,50000.0,57.788,0,1000,0,0,10,36232,36232,99.839996,99.839996,10,ok,u5e-02,range,1000000,prefilter,10.0,True,False,98.0,exp4_intersect_range_selectivity
pipeann.hybrid.search.v1,/mnt/bak3/lzg/PipeANN-github/experiments/r116_suite_pq16_aris_20260520_072453/exp6_query_thread_budget/tmp/direct_1m,range,/mnt/bak3/lzg/PipeANN-github/experiments/r116_suite_pq16_aris_20260520_072453/labels/query_1000_range_u5e-02.spmat,1000,6,4,0,prefilter,prefilter,10,True,0,1,0,0,1,1,4110.003906,1274.906982,1197.0,1438.0,1613.0,2919.0,3544.0,0.0,160.0,50000.0,58.001,0,1000,0,0,10,35428,35428,99.839996,99.839996,10,ok,u5e-02,range,1000000,prefilter,10.0,True,False,98.0,exp4_intersect_range_selectivity
pipeann.hybrid.search.v1,/mnt/bak3/lzg/PipeANN-github/experiments/r116_suite_pq16_aris_20260520_072453/exp6_query_thread_budget/tmp/direct_1m,range,/mnt/bak3/lzg/PipeANN-github/experiments/r116_suite_pq16_aris_20260520_072453/labels/query_1000_range_u5e-02.spmat,1000,7,4,0,prefilter,prefilter,10,True,0,1,0,0,1,1,4715.632812,1293.457031,1201.0,1446.0,1857.0,2906.0,3956.0,0.0,160.0,50000.0,59.611,0,1000,0,0,10,36400,36400,99.839996,99.839996,10,ok,u5e-02,range,1000000,prefilter,10.0,True,False,98.0,exp4_intersect_range_selectivity
pipeann.hybrid.search.v1,/mnt/bak3/lzg/PipeANN-github/experiments/r116_suite_pq16_aris_20260520_072453/exp6_query_thread_budget/tmp/direct_1m,range,/mnt/bak3/lzg/PipeANN-github/experiments/r116_suite_pq16_aris_20260520_072453/labels/query_1000_range_u5e-02.spmat,1000,8,4,0,prefilter,prefilter,10,True,0,1,0,0,1,1,4514.860352,1574.97998,1486.0,2049.0,2255.0,2836.0,4059.0,0.0,160.0,50000.0,63.272,0,1000,0,0,10,37908,37908,99.839996,99.839996,10,ok,u5e-02,range,1000000,prefilter,10.0,True,False,98.0,exp4_intersect_range_selectivity
pipeann.hybrid.search.v1,/mnt/bak3/lzg/PipeANN-github/experiments/r116_suite_pq16_aris_20260520_072453/exp6_query_thread_budget/tmp/direct_1m,range,/mnt/bak3/lzg/PipeANN-github/experiments/r116_suite_pq16_aris_20260520_072453/labels/query_1000_range_u5e-02.spmat,1000,9,4,0,prefilter,prefilter,10,True,0,1,0,0,1,1,4060.855225,2009.831055,1923.0,2708.0,2868.0,3921.0,5320.0,0.0,160.0,50000.0,70.05,0,1000,0,0,10,38760,38760,99.839996,99.839996,10,ok,u5e-02,range,1000000,prefilter,10.0,True,False,98.0,exp4_intersect_range_selectivity
pipeann.hybrid.search.v1,/mnt/bak3/lzg/PipeANN-github/experiments/r116_suite_pq16_aris_20260520_072453/exp6_query_thread_budget/tmp/direct_1m,range,/mnt/bak3/lzg/PipeANN-github/experiments/r116_suite_pq16_aris_20260520_072453/labels/query_1000_range_u5e-02.spmat,1000,10,4,0,prefilter,prefilter,10,True,0,1,0,0,1,1,4168.20166,2189.096924,2163.0,2598.0,2836.0,4699.0,5638.0,0.0,160.0,50000.0,70.037,0,1000,0,0,10,39980,39980,99.839996,99.839996,10,ok,u5e-02,range,1000000,prefilter,10.0,True,False,98.0,exp4_intersect_range_selectivity
pipeann.hybrid.search.v1,/mnt/bak3/lzg/PipeANN-github/experiments/r116_suite_pq16_aris_20260520_072453/exp6_query_thread_budget/tmp/direct_1m,range,/mnt/bak3/lzg/PipeANN-github/experiments/r116_suite_pq16_aris_20260520_072453/labels/query_1000_range_u5e-02.spmat,1000,11,4,0,prefilter,prefilter,10,True,0,1,0,0,1,1,6105.925293,1598.42395,1518.0,1979.0,2460.0,3626.0,4810.0,0.0,160.0,50000.0,64.945,0,1000,0,0,10,41152,41152,99.839996,99.839996,10,ok,u5e-02,range,1000000,prefilter,10.0,True,False,98.0,exp4_intersect_range_selectivity
pipeann.hybrid.search.v1,/mnt/bak3/lzg/PipeANN-github/experiments/r116_suite_pq16_aris_20260520_072453/exp6_query_thread_budget/tmp/direct_1m,range,/mnt/bak3/lzg/PipeANN-github/experiments/r116_suite_pq16_aris_20260520_072453/labels/query_1000_range_u5e-02.spmat,1000,12,4,0,prefilter,prefilter,10,True,0,1,0,0,1,1,5161.916504,2110.033936,2056.0,2779.0,2936.0,3664.0,4804.0,0.0,160.0,50000.0,70.253,0,1000,0,0,10,42248,42248,99.839996,99.839996,10,ok,u5e-02,range,1000000,prefilter,10.0,True,False,98.0,exp4_intersect_range_selectivity
pipeann.hybrid.search.v1,/mnt/bak3/lzg/PipeANN-github/experiments/r116_suite_pq16_aris_20260520_072453/exp6_query_thread_budget/tmp/direct_1m,range,/mnt/bak3/lzg/PipeANN-github/experiments/r116_suite_pq16_aris_20260520_072453/labels/query_1000_range_u5e-02.spmat,1000,13,4,0,prefilter,prefilter,10,True,0,1,0,0,1,1,4117.278809,2929.970947,2854.0,3239.0,3990.0,7146.0,7964.0,0.0,160.0,50000.0,79.955,0,1000,0,0,10,43596,43596,99.839996,99.839996,10,ok,u5e-02,range,1000000,prefilter,10.0,True,False,98.0,exp4_intersect_range_selectivity
pipeann.hybrid.search.v1,/mnt/bak3/lzg/PipeANN-github/experiments/r116_suite_pq16_aris_20260520_072453/exp6_query_thread_budget/tmp/direct_1m,range,/mnt/bak3/lzg/PipeANN-github/experiments/r116_suite_pq16_aris_20260520_072453/labels/query_1000_range_u5e-02.spmat,1000,14,4,0,prefilter,prefilter,10,True,0,1,0,0,1,1,4155.004883,3136.35791,3068.0,3444.0,3811.0,6257.0,7395.0,0.0,160.0,50000.0,77.356,0,1000,0,0,10,44436,44436,99.839996,99.839996,10,ok,u5e-02,range,1000000,prefilter,10.0,True,False,98.0,exp4_intersect_range_selectivity
pipeann.hybrid.search.v1,/mnt/bak3/lzg/PipeANN-github/experiments/r116_suite_pq16_aris_20260520_072453/exp6_query_thread_budget/tmp/direct_1m,range,/mnt/bak3/lzg/PipeANN-github/experiments/r116_suite_pq16_aris_20260520_072453/labels/query_1000_range_u5e-02.spmat,1000,15,4,0,prefilter,prefilter,10,True,0,1,0,0,1,1,7005.678711,1914.785034,1829.0,2555.0,3003.0,4475.0,5671.0,0.0,160.0,50000.0,71.99,0,1000,0,0,10,45944,45944,99.839996,99.839996,10,ok,u5e-02,range,1000000,prefilter,10.0,True,False,98.0,exp4_intersect_range_selectivity
pipeann.hybrid.search.v1,/mnt/bak3/lzg/PipeANN-github/experiments/r116_suite_pq16_aris_20260520_072453/exp6_query_thread_budget/tmp/direct_1m,range,/mnt/bak3/lzg/PipeANN-github/experiments/r116_suite_pq16_aris_20260520_072453/labels/query_1000_range_u5e-02.spmat,1000,16,4,0,prefilter,prefilter,10,True,0,1,0,0,1,1,5316.939941,2771.225098,2577.0,3451.0,3634.0,5920.0,7408.0,0.0,160.0,50000.0,81.875,0,1000,0,0,10,47084,47084,99.839996,99.839996,10,ok,u5e-02,range,1000000,prefilter,10.0,True,False,98.0,exp4_intersect_range_selectivity
pipeann.hybrid.search.v1,/mnt/bak3/lzg/PipeANN-github/experiments/r116_suite_pq16_aris_20260520_072453/exp6_query_thread_budget/tmp/direct_1m,range,/mnt/bak3/lzg/PipeANN-github/experiments/r116_suite_pq16_aris_20260520_072453/labels/query_1000_range_u1e-01.spmat,1000,1,4,0,prefilter,prefilter,10,True,0,1,0,0,1,1,488.877228,1817.712036,1945.0,2035.0,2212.0,2265.0,2767.0,0.0,160.0,100000.0,62.986,0,1000,0,0,10,30556,30556,99.75,99.75,10,ok,u1e-01,range,1000000,prefilter,10.0,True,False,98.0,exp4_intersect_range_selectivity
pipeann.hybrid.search.v1,/mnt/bak3/lzg/PipeANN-github/experiments/r116_suite_pq16_aris_20260520_072453/exp6_query_thread_budget/tmp/direct_1m,range,/mnt/bak3/lzg/PipeANN-github/experiments/r116_suite_pq16_aris_20260520_072453/labels/query_1000_range_u1e-01.spmat,1000,2,4,0,prefilter,prefilter,10,True,0,1,0,0,1,1,1009.211731,1767.084961,1728.0,2009.0,2187.0,2969.0,5960.0,0.0,160.0,100000.0,58.366,0,1000,0,0,10,31788,31788,99.75,99.75,10,ok,u1e-01,range,1000000,prefilter,10.0,True,False,98.0,exp4_intersect_range_selectivity
pipeann.hybrid.search.v1,/mnt/bak3/lzg/PipeANN-github/experiments/r116_suite_pq16_aris_20260520_072453/exp6_query_thread_budget/tmp/direct_1m,range,/mnt/bak3/lzg/PipeANN-github/experiments/r116_suite_pq16_aris_20260520_072453/labels/query_1000_range_u1e-01.spmat,1000,3,4,0,prefilter,prefilter,10,True,0,1,0,0,1,1,1435.082275,1861.991943,1941.0,2192.0,2218.0,3305.0,6128.0,0.0,160.0,100000.0,61.919,0,1000,0,0,10,33292,33292,99.75,99.75,10,ok,u1e-01,range,1000000,prefilter,10.0,True,False,98.0,exp4_intersect_range_selectivity
pipeann.hybrid.search.v1,/mnt/bak3/lzg/PipeANN-github/experiments/r116_suite_pq16_aris_20260520_072453/exp6_query_thread_budget/tmp/direct_1m,range,/mnt/bak3/lzg/PipeANN-github/experiments/r116_suite_pq16_aris_20260520_072453/labels/query_1000_range_u1e-01.spmat,1000,4,4,0,prefilter,prefilter,10,True,0,1,0,0,1,1,1846.646362,1930.687988,1972.0,2207.0,2248.0,3568.0,6104.0,0.0,160.0,100000.0,63.673,0,1000,0,0,10,34648,34648,99.75,99.75,10,ok,u1e-01,range,1000000,prefilter,10.0,True,False,98.0,exp4_intersect_range_selectivity
pipeann.hybrid.search.v1,/mnt/bak3/lzg/PipeANN-github/experiments/r116_suite_pq16_aris_20260520_072453/exp6_query_thread_budget/tmp/direct_1m,range,/mnt/bak3/lzg/PipeANN-github/experiments/r116_suite_pq16_aris_20260520_072453/labels/query_1000_range_u1e-01.spmat,1000,5,4,0,prefilter,prefilter,10,True,0,1,0,0,1,1,2274.611084,1953.801025,1970.0,2208.0,2260.0,3827.0,6156.0,0.0,160.0,100000.0,64.795,0,1000,0,0,10,36288,36288,99.75,99.75,10,ok,u1e-01,range,1000000,prefilter,10.0,True,False,98.0,exp4_intersect_range_selectivity
pipeann.hybrid.search.v1,/mnt/bak3/lzg/PipeANN-github/experiments/r116_suite_pq16_aris_20260520_072453/exp6_query_thread_budget/tmp/direct_1m,range,/mnt/bak3/lzg/PipeANN-github/experiments/r116_suite_pq16_aris_20260520_072453/labels/query_1000_range_u1e-01.spmat,1000,6,4,0,prefilter,prefilter,10,True,0,1,0,0,1,1,2647.680664,2015.912964,1987.0,2243.0,2287.0,4722.0,6362.0,0.0,160.0,100000.0,66.67,0,1000,0,0,10,37632,37632,99.75,99.75,10,ok,u1e-01,range,1000000,prefilter,10.0,True,False,98.0,exp4_intersect_range_selectivity
pipeann.hybrid.search.v1,/mnt/bak3/lzg/PipeANN-github/experiments/r116_suite_pq16_aris_20260520_072453/exp6_query_thread_budget/tmp/direct_1m,range,/mnt/bak3/lzg/PipeANN-github/experiments/r116_suite_pq16_aris_20260520_072453/labels/query_1000_range_u1e-01.spmat,1000,7,4,0,prefilter,prefilter,10,True,0,1,0,0,1,1,3048.161621,2032.608032,1993.0,2238.0,2331.0,4081.0,6474.0,0.0,160.0,100000.0,68.216,0,1000,0,0,10,41476,41476,99.75,99.75,10,ok,u1e-01,range,1000000,prefilter,10.0,True,False,98.0,exp4_intersect_range_selectivity
pipeann.hybrid.search.v1,/mnt/bak3/lzg/PipeANN-github/experiments/r116_suite_pq16_aris_20260520_072453/exp6_query_thread_budget/tmp/direct_1m,range,/mnt/bak3/lzg/PipeANN-github/experiments/r116_suite_pq16_aris_20260520_072453/labels/query_1000_range_u1e-01.spmat,1000,8,4,0,prefilter,prefilter,10,True,0,1,0,0,1,1,3285.498779,2164.940918,2091.0,2433.0,2622.0,4849.0,6704.0,0.0,160.0,100000.0,69.357,0,1000,0,0,10,40692,40692,99.75,99.75,10,ok,u1e-01,range,1000000,prefilter,10.0,True,False,98.0,exp4_intersect_range_selectivity
pipeann.hybrid.search.v1,/mnt/bak3/lzg/PipeANN-github/experiments/r116_suite_pq16_aris_20260520_072453/exp6_query_thread_budget/tmp/direct_1m,range,/mnt/bak3/lzg/PipeANN-github/experiments/r116_suite_pq16_aris_20260520_072453/labels/query_1000_range_u1e-01.spmat,1000,9,4,0,prefilter,prefilter,10,True,0,1,0,0,1,1,3674.795654,2169.120117,2089.0,2506.0,2685.0,4866.0,6333.0,0.0,160.0,100000.0,71.619,0,1000,0,0,10,41872,41872,99.75,99.75,10,ok,u1e-01,range,1000000,prefilter,10.0,True,False,98.0,exp4_intersect_range_selectivity
pipeann.hybrid.search.v1,/mnt/bak3/lzg/PipeANN-github/experiments/r116_suite_pq16_aris_20260520_072453/exp6_query_thread_budget/tmp/direct_1m,range,/mnt/bak3/lzg/PipeANN-github/experiments/r116_suite_pq16_aris_20260520_072453/labels/query_1000_range_u1e-01.spmat,1000,10,4,0,prefilter,prefilter,10,True,0,1,0,0,1,1,3955.830811,2244.72998,2144.0,2620.0,2839.0,4933.0,6507.0,0.0,160.0,100000.0,72.203,0,1000,0,0,10,43444,43444,99.75,99.75,10,ok,u1e-01,range,1000000,prefilter,10.0,True,False,98.0,exp4_intersect_range_selectivity
pipeann.hybrid.search.v1,/mnt/bak3/lzg/PipeANN-github/experiments/r116_suite_pq16_aris_20260520_072453/exp6_query_thread_budget/tmp/direct_1m,range,/mnt/bak3/lzg/PipeANN-github/experiments/r116_suite_pq16_aris_20260520_072453/labels/query_1000_range_u1e-01.spmat,1000,11,4,0,prefilter,prefilter,10,True,0,1,0,0,1,1,4178.401367,2327.99707,2204.0,2665.0,3274.0,5590.0,6819.0,0.0,160.0,100000.0,75.376,0,1000,0,0,10,44696,44696,99.75,99.75,10,ok,u1e-01,range,1000000,prefilter,10.0,True,False,98.0,exp4_intersect_range_selectivity
pipeann.hybrid.search.v1,/mnt/bak3/lzg/PipeANN-github/experiments/r116_suite_pq16_aris_20260520_072453/exp6_query_thread_budget/tmp/direct_1m,range,/mnt/bak3/lzg/PipeANN-github/experiments/r116_suite_pq16_aris_20260520_072453/labels/query_1000_range_u1e-01.spmat,1000,12,4,0,prefilter,prefilter,10,True,0,1,0,0,1,1,4594.532227,2312.061035,2209.0,2583.0,3264.0,5604.0,7388.0,0.0,160.0,100000.0,77.651,0,1000,0,0,10,46392,46392,99.75,99.75,10,ok,u1e-01,range,1000000,prefilter,10.0,True,False,98.0,exp4_intersect_range_selectivity
pipeann.hybrid.search.v1,/mnt/bak3/lzg/PipeANN-github/experiments/r116_suite_pq16_aris_20260520_072453/exp6_query_thread_budget/tmp/direct_1m,range,/mnt/bak3/lzg/PipeANN-github/experiments/r116_suite_pq16_aris_20260520_072453/labels/query_1000_range_u1e-01.spmat,1000,13,4,0,prefilter,prefilter,10,True,0,1,0,0,1,1,4858.21875,2363.908936,2250.0,2764.0,3397.0,5920.0,6600.0,0.0,160.0,100000.0,76.541,0,1000,0,0,10,47136,47136,99.75,99.75,10,ok,u1e-01,range,1000000,prefilter,10.0,True,False,98.0,exp4_intersect_range_selectivity
pipeann.hybrid.search.v1,/mnt/bak3/lzg/PipeANN-github/experiments/r116_suite_pq16_aris_20260520_072453/exp6_query_thread_budget/tmp/direct_1m,range,/mnt/bak3/lzg/PipeANN-github/experiments/r116_suite_pq16_aris_20260520_072453/labels/query_1000_range_u1e-01.spmat,1000,14,4,0,prefilter,prefilter,10,True,0,1,0,0,1,1,5108.264648,2421.27002,2257.0,2788.0,3839.0,6256.0,7117.0,0.0,160.0,100000.0,79.418,0,1000,0,0,10,48944,48944,99.75,99.75,10,ok,u1e-01,range,1000000,prefilter,10.0,True,False,98.0,exp4_intersect_range_selectivity
pipeann.hybrid.search.v1,/mnt/bak3/lzg/PipeANN-github/experiments/r116_suite_pq16_aris_20260520_072453/exp6_query_thread_budget/tmp/direct_1m,range,/mnt/bak3/lzg/PipeANN-github/experiments/r116_suite_pq16_aris_20260520_072453/labels/query_1000_range_u1e-01.spmat,1000,15,4,0,prefilter,prefilter,10,True,0,1,0,0,1,1,5444.185059,2430.556885,2283.0,2777.0,3792.0,6190.0,7267.0,0.0,160.0,100000.0,82.648,0,1000,0,0,10,50372,50372,99.75,99.75,10,ok,u1e-01,range,1000000,prefilter,10.0,True,False,98.0,exp4_intersect_range_selectivity
pipeann.hybrid.search.v1,/mnt/bak3/lzg/PipeANN-github/experiments/r116_suite_pq16_aris_20260520_072453/exp6_query_thread_budget/tmp/direct_1m,range,/mnt/bak3/lzg/PipeANN-github/experiments/r116_suite_pq16_aris_20260520_072453/labels/query_1000_range_u1e-01.spmat,1000,16,4,0,prefilter,prefilter,10,True,0,1,0,0,1,1,5492.448242,2575.565918,2379.0,3220.0,4051.0,6223.0,7109.0,0.0,160.0,100000.0,83.506,0,1000,0,0,10,52136,52136,99.75,99.75,10,ok,u1e-01,range,1000000,prefilter,10.0,True,False,98.0,exp4_intersect_range_selectivity
pipeann.hybrid.search.v1,/mnt/bak3/lzg/PipeANN-github/experiments/r116_suite_pq16_aris_20260520_072453/exp6_query_thread_budget/tmp/direct_1m,range,/mnt/bak3/lzg/PipeANN-github/experiments/r116_suite_pq16_aris_20260520_072453/labels/query_1000_range_u25.spmat,1000,1,4,0,prefilter,prefilter,10,True,0,1,0,0,1,1,247.42926,3637.576904,3205.0,4504.0,4588.0,4708.0,5073.0,0.0,192.0,250000.0,68.143,0,1000,0,0,10,31424,31424,99.57,99.57,10,ok,u25,range,1000000,prefilter,10.0,True,False,98.0,exp4_intersect_range_selectivity
pipeann.hybrid.search.v1,/mnt/bak3/lzg/PipeANN-github/experiments/r116_suite_pq16_aris_20260520_072453/exp6_query_thread_budget/tmp/direct_1m,range,/mnt/bak3/lzg/PipeANN-github/experiments/r116_suite_pq16_aris_20260520_072453/labels/query_1000_range_u25.spmat,1000,2,4,0,prefilter,prefilter,10,True,0,1,0,0,1,1,433.851776,4155.021973,4526.0,5050.0,5175.0,5278.0,12806.0,0.0,192.0,250000.0,74.621,0,1000,0,0,10,34276,34276,99.57,99.57,10,ok,u25,range,1000000,prefilter,10.0,True,False,98.0,exp4_intersect_range_selectivity
pipeann.hybrid.search.v1,/mnt/bak3/lzg/PipeANN-github/experiments/r116_suite_pq16_aris_20260520_072453/exp6_query_thread_budget/tmp/direct_1m,range,/mnt/bak3/lzg/PipeANN-github/experiments/r116_suite_pq16_aris_20260520_072453/labels/query_1000_range_u25.spmat,1000,3,4,0,prefilter,prefilter,10,True,0,1,0,0,1,1,725.707397,3732.781982,3406.0,4594.0,4747.0,4885.0,12753.0,0.0,192.0,250000.0,67.107,0,1000,0,0,10,37064,37064,99.57,99.57,10,ok,u25,range,1000000,prefilter,10.0,True,False,98.0,exp4_intersect_range_selectivity
pipeann.hybrid.search.v1,/mnt/bak3/lzg/PipeANN-github/experiments/r116_suite_pq16_aris_20260520_072453/exp6_query_thread_budget/tmp/direct_1m,range,/mnt/bak3/lzg/PipeANN-github/experiments/r116_suite_pq16_aris_20260520_072453/labels/query_1000_range_u25.spmat,1000,4,4,0,prefilter,prefilter,10,True,0,1,0,0,1,1,899.984314,4023.819092,3784.0,4689.0,4771.0,5808.0,11924.0,0.0,192.0,250000.0,71.351,0,1000,0,0,10,39812,39812,99.57,99.57,10,ok,u25,range,1000000,prefilter,10.0,True,False,98.0,exp4_intersect_range_selectivity
pipeann.hybrid.search.v1,/mnt/bak3/lzg/PipeANN-github/experiments/r116_suite_pq16_aris_20260520_072453/exp6_query_thread_budget/tmp/direct_1m,range,/mnt/bak3/lzg/PipeANN-github/experiments/r116_suite_pq16_aris_20260520_072453/labels/query_1000_range_u25.spmat,1000,5,4,0,prefilter,prefilter,10,True,0,1,0,0,1,1,1111.905273,4057.895996,4399.0,4676.0,4741.0,5830.0,12694.0,0.0,192.0,250000.0,73.283,0,1000,0,0,10,42212,42212,99.57,99.57,10,ok,u25,range,1000000,prefilter,10.0,True,False,98.0,exp4_intersect_range_selectivity
pipeann.hybrid.search.v1,/mnt/bak3/lzg/PipeANN-github/experiments/r116_suite_pq16_aris_20260520_072453/exp6_query_thread_budget/tmp/direct_1m,range,/mnt/bak3/lzg/PipeANN-github/experiments/r116_suite_pq16_aris_20260520_072453/labels/query_1000_range_u25.spmat,1000,6,4,0,prefilter,prefilter,10,True,0,1,0,0,1,1,1275.482788,4242.295898,4428.0,5085.0,5314.0,7885.0,12933.0,0.0,192.0,250000.0,75.881,0,1000,0,0,10,45176,45176,99.57,99.57,10,ok,u25,range,1000000,prefilter,10.0,True,False,98.0,exp4_intersect_range_selectivity
pipeann.hybrid.search.v1,/mnt/bak3/lzg/PipeANN-github/experiments/r116_suite_pq16_aris_20260520_072453/exp6_query_thread_budget/tmp/direct_1m,range,/mnt/bak3/lzg/PipeANN-github/experiments/r116_suite_pq16_aris_20260520_072453/labels/query_1000_range_u25.spmat,1000,7,4,0,prefilter,prefilter,10,True,0,1,0,0,1,1,1454.171753,4331.526855,4526.0,4846.0,5311.0,9048.0,13876.0,0.0,192.0,250000.0,79.435,0,1000,0,0,10,47764,47764,99.57,99.57,10,ok,u25,range,1000000,prefilter,10.0,True,False,98.0,exp4_intersect_range_selectivity
pipeann.hybrid.search.v1,/mnt/bak3/lzg/PipeANN-github/experiments/r116_suite_pq16_aris_20260520_072453/exp6_query_thread_budget/tmp/direct_1m,range,/mnt/bak3/lzg/PipeANN-github/experiments/r116_suite_pq16_aris_20260520_072453/labels/query_1000_range_u25.spmat,1000,8,4,0,prefilter,prefilter,10,True,0,1,0,0,1,1,1543.833862,4655.030762,4562.0,5223.0,5395.0,9233.0,14076.0,0.0,192.0,250000.0,84.364,0,1000,0,0,10,50844,50844,99.57,99.57,10,ok,u25,range,1000000,prefilter,10.0,True,False,98.0,exp4_intersect_range_selectivity
pipeann.hybrid.search.v1,/mnt/bak3/lzg/PipeANN-github/experiments/r116_suite_pq16_aris_20260520_072453/exp6_query_thread_budget/tmp/direct_1m,range,/mnt/bak3/lzg/PipeANN-github/experiments/r116_suite_pq16_aris_20260520_072453/labels/query_1000_range_u25.spmat,1000,9,4,0,prefilter,prefilter,10,True,0,1,0,0,1,1,1733.125977,4649.187012,4588.0,5272.0,5358.0,8690.0,13839.0,0.0,192.0,250000.0,85.596,0,1000,0,0,10,54088,54088,99.57,99.57,10,ok,u25,range,1000000,prefilter,10.0,True,False,98.0,exp4_intersect_range_selectivity
pipeann.hybrid.search.v1,/mnt/bak3/lzg/PipeANN-github/experiments/r116_suite_pq16_aris_20260520_072453/exp6_query_thread_budget/tmp/direct_1m,range,/mnt/bak3/lzg/PipeANN-github/experiments/r116_suite_pq16_aris_20260520_072453/labels/query_1000_range_u25.spmat,1000,10,4,0,prefilter,prefilter,10,True,0,1,0,0,1,1,1876.902344,4779.473145,4667.0,5323.0,5471.0,9436.0,14235.0,0.0,192.0,250000.0,85.878,0,1000,0,0,10,55996,55996,99.57,99.57,10,ok,u25,range,1000000,prefilter,10.0,True,False,98.0,exp4_intersect_range_selectivity
pipeann.hybrid.search.v1,/mnt/bak3/lzg/PipeANN-github/experiments/r116_suite_pq16_aris_20260520_072453/exp6_query_thread_budget/tmp/direct_1m,range,/mnt/bak3/lzg/PipeANN-github/experiments/r116_suite_pq16_aris_20260520_072453/labels/query_1000_range_u25.spmat,1000,11,4,0,prefilter,prefilter,10,True,0,1,0,0,1,1,2031.387817,4841.478027,4713.0,5341.0,5486.0,10184.0,13798.0,0.0,192.0,250000.0,87.355,0,1000,0,0,10,58836,58836,99.57,99.57,10,ok,u25,range,1000000,prefilter,10.0,True,False,98.0,exp4_intersect_range_selectivity
pipeann.hybrid.search.v1,/mnt/bak3/lzg/PipeANN-github/experiments/r116_suite_pq16_aris_20260520_072453/exp6_query_thread_budget/tmp/direct_1m,range,/mnt/bak3/lzg/PipeANN-github/experiments/r116_suite_pq16_aris_20260520_072453/labels/query_1000_range_u25.spmat,1000,12,4,0,prefilter,prefilter,10,True,0,1,0,0,1,1,2156.761963,4972.438965,4815.0,5446.0,5736.0,10545.0,13932.0,0.0,192.0,250000.0,92.931,0,1000,0,0,10,61588,61588,99.57,99.57,10,ok,u25,range,1000000,prefilter,10.0,True,False,98.0,exp4_intersect_range_selectivity
pipeann.hybrid.search.v1,/mnt/bak3/lzg/PipeANN-github/experiments/r116_suite_pq16_aris_20260520_072453/exp6_query_thread_budget/tmp/direct_1m,range,/mnt/bak3/lzg/PipeANN-github/experiments/r116_suite_pq16_aris_20260520_072453/labels/query_1000_range_u25.spmat,1000,13,4,0,prefilter,prefilter,10,True,0,1,0,0,1,1,2343.019775,4944.229004,4739.0,5418.0,5572.0,13111.0,14848.0,0.0,192.0,250000.0,95.373,0,1000,0,0,10,64488,64488,99.57,99.57,10,ok,u25,range,1000000,prefilter,10.0,True,False,98.0,exp4_intersect_range_selectivity
pipeann.hybrid.search.v1,/mnt/bak3/lzg/PipeANN-github/experiments/r116_suite_pq16_aris_20260520_072453/exp6_query_thread_budget/tmp/direct_1m,range,/mnt/bak3/lzg/PipeANN-github/experiments/r116_suite_pq16_aris_20260520_072453/labels/query_1000_range_u25.spmat,1000,14,4,0,prefilter,prefilter,10,True,0,1,0,0,1,1,2492.929932,4984.585938,4766.0,5439.0,5698.0,13018.0,15001.0,0.0,192.0,250000.0,95.025,0,1000,0,0,10,66988,66988,99.57,99.57,10,ok,u25,range,1000000,prefilter,10.0,True,False,98.0,exp4_intersect_range_selectivity
pipeann.hybrid.search.v1,/mnt/bak3/lzg/PipeANN-github/experiments/r116_suite_pq16_aris_20260520_072453/exp6_query_thread_budget/tmp/direct_1m,range,/mnt/bak3/lzg/PipeANN-github/experiments/r116_suite_pq16_aris_20260520_072453/labels/query_1000_range_u25.spmat,1000,15,4,0,prefilter,prefilter,10,True,0,1,0,0,1,1,2650.127197,5015.62793,4796.0,5411.0,5729.0,12110.0,16045.0,0.0,192.0,250000.0,98.169,0,1000,0,0,10,69624,69624,99.57,99.57,10,ok,u25,range,1000000,prefilter,10.0,True,False,98.0,exp4_intersect_range_selectivity
pipeann.hybrid.search.v1,/mnt/bak3/lzg/PipeANN-github/experiments/r116_suite_pq16_aris_20260520_072453/exp6_query_thread_budget/tmp/direct_1m,range,/mnt/bak3/lzg/PipeANN-github/experiments/r116_suite_pq16_aris_20260520_072453/labels/query_1000_range_u25.spmat,1000,16,4,0,prefilter,prefilter,10,True,0,1,0,0,1,1,2460.705078,5735.01123,5568.0,6511.0,6847.0,12323.0,16149.0,0.0,192.0,250000.0,109.348,0,1000,0,0,10,72280,72280,99.57,99.57,10,ok,u25,range,1000000,prefilter,10.0,True,False,98.0,exp4_intersect_range_selectivity
pipeann.hybrid.search.v1,/mnt/bak3/lzg/PipeANN-github/experiments/r116_suite_pq16_aris_20260520_072453/exp6_query_thread_budget/tmp/direct_1m,range,/mnt/bak3/lzg/PipeANN-github/experiments/r116_suite_pq16_aris_20260520_072453/labels/query_1000_range_u30.spmat,1000,1,4,0,prefilter,prefilter,10,True,0,1,0,0,1,1,213.255966,4219.469238,3777.0,5326.0,5344.0,5377.0,5784.0,0.0,192.0,300000.0,77.891,0,1000,0,0,10,31928,31928,99.290001,99.290001,10,ok,u30,range,1000000,prefilter,10.0,True,False,98.0,exp4_intersect_range_selectivity
pipeann.hybrid.search.v1,/mnt/bak3/lzg/PipeANN-github/experiments/r116_suite_pq16_aris_20260520_072453/exp6_query_thread_budget/tmp/direct_1m,range,/mnt/bak3/lzg/PipeANN-github/experiments/r116_suite_pq16_aris_20260520_072453/labels/query_1000_range_u30.spmat,1000,2,4,0,prefilter,prefilter,10,True,0,1,0,0,1,1,413.811829,4361.091797,4027.0,5346.0,5453.0,5643.0,13665.0,0.0,192.0,300000.0,77.374,0,1000,0,0,10,35196,35196,99.290001,99.290001,10,ok,u30,range,1000000,prefilter,10.0,True,False,98.0,exp4_intersect_range_selectivity
pipeann.hybrid.search.v1,/mnt/bak3/lzg/PipeANN-github/experiments/r116_suite_pq16_aris_20260520_072453/exp6_query_thread_budget/tmp/direct_1m,range,/mnt/bak3/lzg/PipeANN-github/experiments/r116_suite_pq16_aris_20260520_072453/labels/query_1000_range_u30.spmat,1000,3,4,0,prefilter,prefilter,10,True,0,1,0,0,1,1,620.704712,4351.230957,3982.0,5419.0,5461.0,5671.0,14678.0,0.0,192.0,300000.0,77.244,0,1000,0,0,10,38276,38276,99.290001,99.290001,10,ok,u30,range,1000000,prefilter,10.0,True,False,98.0,exp4_intersect_range_selectivity
pipeann.hybrid.search.v1,/mnt/bak3/lzg/PipeANN-github/experiments/r116_suite_pq16_aris_20260520_072453/exp6_query_thread_budget/tmp/direct_1m,range,/mnt/bak3/lzg/PipeANN-github/experiments/r116_suite_pq16_aris_20260520_072453/labels/query_1000_range_u30.spmat,1000,4,4,0,prefilter,prefilter,10,True,0,1,0,0,1,1,831.893616,4317.37207,4026.0,5338.0,5377.0,6019.0,14901.0,0.0,192.0,300000.0,76.615,0,1000,0,0,10,41472,41472,99.290001,99.290001,10,ok,u30,range,1000000,prefilter,10.0,True,False,98.0,exp4_intersect_range_selectivity
pipeann.hybrid.search.v1,/mnt/bak3/lzg/PipeANN-github/experiments/r116_suite_pq16_aris_20260520_072453/exp6_query_thread_budget/tmp/direct_1m,range,/mnt/bak3/lzg/PipeANN-github/experiments/r116_suite_pq16_aris_20260520_072453/labels/query_1000_range_u30.spmat,1000,5,4,0,prefilter,prefilter,10,True,0,1,0,0,1,1,1003.466553,4467.60791,4031.0,5390.0,5431.0,7037.0,15375.0,0.0,192.0,300000.0,80.272,0,1000,0,0,10,43856,43856,99.290001,99.290001,10,ok,u30,range,1000000,prefilter,10.0,True,False,98.0,exp4_intersect_range_selectivity
pipeann.hybrid.search.v1,/mnt/bak3/lzg/PipeANN-github/experiments/r116_suite_pq16_aris_20260520_072453/exp6_query_thread_budget/tmp/direct_1m,range,/mnt/bak3/lzg/PipeANN-github/experiments/r116_suite_pq16_aris_20260520_072453/labels/query_1000_range_u30.spmat,1000,6,4,0,prefilter,prefilter,10,True,0,1,0,0,1,1,1097.831421,4904.062988,5200.0,5985.0,6321.0,7925.0,14913.0,0.0,192.0,300000.0,86.016,0,1000,0,0,10,46900,46900,99.290001,99.290001,10,ok,u30,range,1000000,prefilter,10.0,True,False,98.0,exp4_intersect_range_selectivity
pipeann.hybrid.search.v1,/mnt/bak3/lzg/PipeANN-github/experiments/r116_suite_pq16_aris_20260520_072453/exp6_query_thread_budget/tmp/direct_1m,range,/mnt/bak3/lzg/PipeANN-github/experiments/r116_suite_pq16_aris_20260520_072453/labels/query_1000_range_u30.spmat,1000,7,4,0,prefilter,prefilter,10,True,0,1,0,0,1,1,1284.117188,4884.728027,5196.0,5732.0,6179.0,8898.0,15526.0,0.0,192.0,300000.0,87.725,0,1000,0,0,10,50084,50084,99.290001,99.290001,10,ok,u30,range,1000000,prefilter,10.0,True,False,98.0,exp4_intersect_range_selectivity
pipeann.hybrid.search.v1,/mnt/bak3/lzg/PipeANN-github/experiments/r116_suite_pq16_aris_20260520_072453/exp6_query_thread_budget/tmp/direct_1m,range,/mnt/bak3/lzg/PipeANN-github/experiments/r116_suite_pq16_aris_20260520_072453/labels/query_1000_range_u30.spmat,1000,8,4,0,prefilter,prefilter,10,True,0,1,0,0,1,1,1408.45459,5082.71582,5283.0,6182.0,6324.0,10120.0,16331.0,0.0,192.0,300000.0,88.947,0,1000,0,0,10,53024,53024,99.290001,99.290001,10,ok,u30,range,1000000,prefilter,10.0,True,False,98.0,exp4_intersect_range_selectivity
pipeann.hybrid.search.v1,/mnt/bak3/lzg/PipeANN-github/experiments/r116_suite_pq16_aris_20260520_072453/exp6_query_thread_budget/tmp/direct_1m,range,/mnt/bak3/lzg/PipeANN-github/experiments/r116_suite_pq16_aris_20260520_072453/labels/query_1000_range_u30.spmat,1000,9,4,0,prefilter,prefilter,10,True,0,1,0,0,1,1,1573.631836,5111.967773,5291.0,6119.0,6234.0,9575.0,15615.0,0.0,192.0,300000.0,91.201,0,1000,0,0,10,55760,55760,99.290001,99.290001,10,ok,u30,range,1000000,prefilter,10.0,True,False,98.0,exp4_intersect_range_selectivity
pipeann.hybrid.search.v1,/mnt/bak3/lzg/PipeANN-github/experiments/r116_suite_pq16_aris_20260520_072453/exp6_query_thread_budget/tmp/direct_1m,range,/mnt/bak3/lzg/PipeANN-github/experiments/r116_suite_pq16_aris_20260520_072453/labels/query_1000_range_u30.spmat,1000,10,4,0,prefilter,prefilter,10,True,0,1,0,0,1,1,1693.459961,5273.664062,5357.0,6215.0,6377.0,9721.0,14439.0,0.0,192.0,300000.0,93.312,0,1000,0,0,10,58888,58888,99.290001,99.290001,10,ok,u30,range,1000000,prefilter,10.0,True,False,98.0,exp4_intersect_range_selectivity
pipeann.hybrid.search.v1,/mnt/bak3/lzg/PipeANN-github/experiments/r116_suite_pq16_aris_20260520_072453/exp6_query_thread_budget/tmp/direct_1m,range,/mnt/bak3/lzg/PipeANN-github/experiments/r116_suite_pq16_aris_20260520_072453/labels/query_1000_range_u30.spmat,1000,11,4,0,prefilter,prefilter,10,True,0,1,0,0,1,1,1831.515137,5350.884766,5412.0,6325.0,6464.0,11493.0,15449.0,0.0,192.0,300000.0,94.465,0,1000,0,0,10,61960,61960,99.290001,99.290001,10,ok,u30,range,1000000,prefilter,10.0,True,False,98.0,exp4_intersect_range_selectivity
pipeann.hybrid.search.v1,/mnt/bak3/lzg/PipeANN-github/experiments/r116_suite_pq16_aris_20260520_072453/exp6_query_thread_budget/tmp/direct_1m,range,/mnt/bak3/lzg/PipeANN-github/experiments/r116_suite_pq16_aris_20260520_072453/labels/query_1000_range_u30.spmat,1000,12,4,0,prefilter,prefilter,10,True,0,1,0,0,1,1,1974.975464,5408.186035,5386.0,6234.0,6401.0,12774.0,15176.0,0.0,192.0,300000.0,97.706,0,1000,0,0,10,65148,65148,99.290001,99.290001,10,ok,u30,range,1000000,prefilter,10.0,True,False,98.0,exp4_intersect_range_selectivity
pipeann.hybrid.search.v1,/mnt/bak3/lzg/PipeANN-github/experiments/r116_suite_pq16_aris_20260520_072453/exp6_query_thread_budget/tmp/direct_1m,range,/mnt/bak3/lzg/PipeANN-github/experiments/r116_suite_pq16_aris_20260520_072453/labels/query_1000_range_u30.spmat,1000,13,4,0,prefilter,prefilter,10,True,0,1,0,0,1,1,2104.086182,5498.62207,5411.0,6293.0,6502.0,14392.0,15201.0,0.0,192.0,300000.0,99.177,0,1000,0,0,10,67896,67896,99.290001,99.290001,10,ok,u30,range,1000000,prefilter,10.0,True,False,98.0,exp4_intersect_range_selectivity
pipeann.hybrid.search.v1,/mnt/bak3/lzg/PipeANN-github/experiments/r116_suite_pq16_aris_20260520_072453/exp6_query_thread_budget/tmp/direct_1m,range,/mnt/bak3/lzg/PipeANN-github/experiments/r116_suite_pq16_aris_20260520_072453/labels/query_1000_range_u30.spmat,1000,14,4,0,prefilter,prefilter,10,True,0,1,0,0,1,1,2249.208496,5515.73584,5456.0,6212.0,6423.0,15557.0,16465.0,0.0,192.0,300000.0,100.913,0,1000,0,0,10,71320,71320,99.290001,99.290001,10,ok,u30,range,1000000,prefilter,10.0,True,False,98.0,exp4_intersect_range_selectivity
pipeann.hybrid.search.v1,/mnt/bak3/lzg/PipeANN-github/experiments/r116_suite_pq16_aris_20260520_072453/exp6_query_thread_budget/tmp/direct_1m,range,/mnt/bak3/lzg/PipeANN-github/experiments/r116_suite_pq16_aris_20260520_072453/labels/query_1000_range_u30.spmat,1000,15,4,0,prefilter,prefilter,10,True,0,1,0,0,1,1,2357.933594,5637.131836,5512.0,6272.0,6458.0,13629.0,17595.0,0.0,192.0,300000.0,105.063,0,1000,0,0,10,73996,73996,99.290001,99.290001,10,ok,u30,range,1000000,prefilter,10.0,True,False,98.0,exp4_intersect_range_selectivity
pipeann.hybrid.search.v1,/mnt/bak3/lzg/PipeANN-github/experiments/r116_suite_pq16_aris_20260520_072453/exp6_query_thread_budget/tmp/direct_1m,range,/mnt/bak3/lzg/PipeANN-github/experiments/r116_suite_pq16_aris_20260520_072453/labels/query_1000_range_u30.spmat,1000,16,4,0,prefilter,prefilter,10,True,0,1,0,0,1,1,2510.143311,5635.255859,5472.0,6324.0,6529.0,13576.0,16180.0,0.0,192.0,300000.0,105.24,0,1000,0,0,10,76876,76876,99.290001,99.290001,10,ok,u30,range,1000000,prefilter,10.0,True,False,98.0,exp4_intersect_range_selectivity
pipeann.hybrid.search.v1,/mnt/bak3/lzg/PipeANN-github/experiments/r116_suite_pq16_aris_20260520_072453/exp6_query_thread_budget/tmp/direct_1m,range,/mnt/bak3/lzg/PipeANN-github/experiments/r116_suite_pq16_aris_20260520_072453/labels/query_1000_range_u50.spmat,1000,1,4,0,prefilter,prefilter,10,True,0,1,0,0,1,1,141.428757,6387.777832,6050.0,8455.0,8537.0,8808.0,9089.0,0.0,192.0,500000.0,85.079,0,1000,0,0,10,33468,33468,99.230003,99.230003,10,ok,u50,range,1000000,prefilter,10.0,True,False,98.0,exp4_intersect_range_selectivity
pipeann.hybrid.search.v1,/mnt/bak3/lzg/PipeANN-github/experiments/r116_suite_pq16_aris_20260520_072453/exp6_query_thread_budget/tmp/direct_1m,range,/mnt/bak3/lzg/PipeANN-github/experiments/r116_suite_pq16_aris_20260520_072453/labels/query_1000_range_u50.spmat,1000,2,4,0,prefilter,prefilter,10,True,0,1,0,0,1,1,273.61203,6613.316895,6271.0,8601.0,8805.0,9027.0,20708.0,0.0,192.0,500000.0,85.647,0,1000,0,0,10,38552,38552,99.230003,99.230003,10,ok,u50,range,1000000,prefilter,10.0,True,False,98.0,exp4_intersect_range_selectivity
pipeann.hybrid.search.v1,/mnt/bak3/lzg/PipeANN-github/experiments/r116_suite_pq16_aris_20260520_072453/exp6_query_thread_budget/tmp/direct_1m,range,/mnt/bak3/lzg/PipeANN-github/experiments/r116_suite_pq16_aris_20260520_072453/labels/query_1000_range_u50.spmat,1000,3,4,0,prefilter,prefilter,10,True,0,1,0,0,1,1,410.486938,6599.453125,6244.0,8678.0,8701.0,8907.0,20725.0,0.0,192.0,500000.0,87.406,0,1000,0,0,10,43072,43072,99.230003,99.230003,10,ok,u50,range,1000000,prefilter,10.0,True,False,98.0,exp4_intersect_range_selectivity
pipeann.hybrid.search.v1,/mnt/bak3/lzg/PipeANN-github/experiments/r116_suite_pq16_aris_20260520_072453/exp6_query_thread_budget/tmp/direct_1m,range,/mnt/bak3/lzg/PipeANN-github/experiments/r116_suite_pq16_aris_20260520_072453/labels/query_1000_range_u50.spmat,1000,4,4,0,prefilter,prefilter,10,True,0,1,0,0,1,1,532.737793,6772.559082,6299.0,8711.0,8781.0,9515.0,20771.0,0.0,192.0,500000.0,88.837,0,1000,0,0,10,47832,47832,99.230003,99.230003,10,ok,u50,range,1000000,prefilter,10.0,True,False,98.0,exp4_intersect_range_selectivity
pipeann.hybrid.search.v1,/mnt/bak3/lzg/PipeANN-github/experiments/r116_suite_pq16_aris_20260520_072453/exp6_query_thread_budget/tmp/direct_1m,range,/mnt/bak3/lzg/PipeANN-github/experiments/r116_suite_pq16_aris_20260520_072453/labels/query_1000_range_u50.spmat,1000,5,4,0,prefilter,prefilter,10,True,0,1,0,0,1,1,635.48938,7082.347168,6370.0,8703.0,8758.0,9831.0,19932.0,0.0,192.0,500000.0,93.944,0,1000,0,0,10,52628,52628,99.230003,99.230003,10,ok,u50,range,1000000,prefilter,10.0,True,False,98.0,exp4_intersect_range_selectivity
pipeann.hybrid.search.v1,/mnt/bak3/lzg/PipeANN-github/experiments/r116_suite_pq16_aris_20260520_072453/exp6_query_thread_budget/tmp/direct_1m,range,/mnt/bak3/lzg/PipeANN-github/experiments/r116_suite_pq16_aris_20260520_072453/labels/query_1000_range_u50.spmat,1000,6,4,0,prefilter,prefilter,10,True,0,1,0,0,1,1,717.469238,7521.758789,6535.0,9079.0,10037.0,11088.0,22250.0,0.0,192.0,500000.0,97.774,0,1000,0,0,10,57284,57284,99.230003,99.230003,10,ok,u50,range,1000000,prefilter,10.0,True,False,98.0,exp4_intersect_range_selectivity
pipeann.hybrid.search.v1,/mnt/bak3/lzg/PipeANN-github/experiments/r116_suite_pq16_aris_20260520_072453/exp6_query_thread_budget/tmp/direct_1m,range,/mnt/bak3/lzg/PipeANN-github/experiments/r116_suite_pq16_aris_20260520_072453/labels/query_1000_range_u50.spmat,1000,7,4,0,prefilter,prefilter,10,True,0,1,0,0,1,1,813.525513,7746.993164,7311.0,9721.0,10063.0,11009.0,21859.0,0.0,192.0,500000.0,101.227,0,1000,0,0,10,61956,61956,99.230003,99.230003,10,ok,u50,range,1000000,prefilter,10.0,True,False,98.0,exp4_intersect_range_selectivity
pipeann.hybrid.search.v1,/mnt/bak3/lzg/PipeANN-github/experiments/r116_suite_pq16_aris_20260520_072453/exp6_query_thread_budget/tmp/direct_1m,range,/mnt/bak3/lzg/PipeANN-github/experiments/r116_suite_pq16_aris_20260520_072453/labels/query_1000_range_u50.spmat,1000,8,4,0,prefilter,prefilter,10,True,0,1,0,0,1,1,896.033569,8012.75293,8512.0,9944.0,10096.0,12890.0,21174.0,0.0,192.0,500000.0,102.747,0,1000,0,0,10,66852,66852,99.230003,99.230003,10,ok,u50,range,1000000,prefilter,10.0,True,False,98.0,exp4_intersect_range_selectivity
pipeann.hybrid.search.v1,/mnt/bak3/lzg/PipeANN-github/experiments/r116_suite_pq16_aris_20260520_072453/exp6_query_thread_budget/tmp/direct_1m,range,/mnt/bak3/lzg/PipeANN-github/experiments/r116_suite_pq16_aris_20260520_072453/labels/query_1000_range_u50.spmat,1000,9,4,0,prefilter,prefilter,10,True,0,1,0,0,1,1,982.593567,8227.598633,8627.0,9969.0,10148.0,11703.0,21416.0,0.0,192.0,500000.0,106.142,0,1000,0,0,10,71056,71056,99.230003,99.230003,10,ok,u50,range,1000000,prefilter,10.0,True,False,98.0,exp4_intersect_range_selectivity
pipeann.hybrid.search.v1,/mnt/bak3/lzg/PipeANN-github/experiments/r116_suite_pq16_aris_20260520_072453/exp6_query_thread_budget/tmp/direct_1m,range,/mnt/bak3/lzg/PipeANN-github/experiments/r116_suite_pq16_aris_20260520_072453/labels/query_1000_range_u50.spmat,1000,10,4,0,prefilter,prefilter,10,True,0,1,0,0,1,1,1042.517822,8611.975586,8698.0,10035.0,10140.0,11830.0,21337.0,0.0,192.0,500000.0,112.418,0,1000,0,0,10,74876,74876,99.230003,99.230003,10,ok,u50,range,1000000,prefilter,10.0,True,False,98.0,exp4_intersect_range_selectivity
pipeann.hybrid.search.v1,/mnt/bak3/lzg/PipeANN-github/experiments/r116_suite_pq16_aris_20260520_072453/exp6_query_thread_budget/tmp/direct_1m,range,/mnt/bak3/lzg/PipeANN-github/experiments/r116_suite_pq16_aris_20260520_072453/labels/query_1000_range_u50.spmat,1000,11,4,0,prefilter,prefilter,10,True,0,1,0,0,1,1,1127.686279,8745.268555,8756.0,10085.0,10216.0,19006.0,20391.0,0.0,192.0,500000.0,113.534,0,1000,0,0,10,81440,81440,99.230003,99.230003,10,ok,u50,range,1000000,prefilter,10.0,True,False,98.0,exp4_intersect_range_selectivity
pipeann.hybrid.search.v1,/mnt/bak3/lzg/PipeANN-github/experiments/r116_suite_pq16_aris_20260520_072453/exp6_query_thread_budget/tmp/direct_1m,range,/mnt/bak3/lzg/PipeANN-github/experiments/r116_suite_pq16_aris_20260520_072453/labels/query_1000_range_u50.spmat,1000,12,4,0,prefilter,prefilter,10,True,0,1,0,0,1,1,1218.70874,8821.522461,8826.0,10144.0,10323.0,19786.0,21826.0,0.0,192.0,500000.0,116.826,0,1000,0,0,10,84404,84404,99.230003,99.230003,10,ok,u50,range,1000000,prefilter,10.0,True,False,98.0,exp4_intersect_range_selectivity
pipeann.hybrid.search.v1,/mnt/bak3/lzg/PipeANN-github/experiments/r116_suite_pq16_aris_20260520_072453/exp6_query_thread_budget/tmp/direct_1m,range,/mnt/bak3/lzg/PipeANN-github/experiments/r116_suite_pq16_aris_20260520_072453/labels/query_1000_range_u50.spmat,1000,13,4,0,prefilter,prefilter,10,True,0,1,0,0,1,1,1306.696411,8894.483398,8769.0,10107.0,10279.0,19418.0,20920.0,0.0,192.0,500000.0,118.848,0,1000,0,0,10,88660,88660,99.230003,99.230003,10,ok,u50,range,1000000,prefilter,10.0,True,False,98.0,exp4_intersect_range_selectivity
pipeann.hybrid.search.v1,/mnt/bak3/lzg/PipeANN-github/experiments/r116_suite_pq16_aris_20260520_072453/exp6_query_thread_budget/tmp/direct_1m,range,/mnt/bak3/lzg/PipeANN-github/experiments/r116_suite_pq16_aris_20260520_072453/labels/query_1000_range_u50.spmat,1000,14,4,0,prefilter,prefilter,10,True,0,1,0,0,1,1,1398.613281,8909.570312,8758.0,10131.0,10288.0,19576.0,21027.0,0.0,192.0,500000.0,118.29,0,1000,0,0,10,92976,92976,99.230003,99.230003,10,ok,u50,range,1000000,prefilter,10.0,True,False,98.0,exp4_intersect_range_selectivity
pipeann.hybrid.search.v1,/mnt/bak3/lzg/PipeANN-github/experiments/r116_suite_pq16_aris_20260520_072453/exp6_query_thread_budget/tmp/direct_1m,range,/mnt/bak3/lzg/PipeANN-github/experiments/r116_suite_pq16_aris_20260520_072453/labels/query_1000_range_u50.spmat,1000,15,4,0,prefilter,prefilter,10,True,0,1,0,0,1,1,1468.657959,9092.595703,8895.0,10194.0,10328.0,20290.0,21477.0,0.0,192.0,500000.0,121.364,0,1000,0,0,10,97940,97940,99.230003,99.230003,10,ok,u50,range,1000000,prefilter,10.0,True,False,98.0,exp4_intersect_range_selectivity
pipeann.hybrid.search.v1,/mnt/bak3/lzg/PipeANN-github/experiments/r116_suite_pq16_aris_20260520_072453/exp6_query_thread_budget/tmp/direct_1m,range,/mnt/bak3/lzg/PipeANN-github/experiments/r116_suite_pq16_aris_20260520_072453/labels/query_1000_range_u50.spmat,1000,16,4,0,prefilter,prefilter,10,True,0,1,0,0,1,1,1559.99939,9123.814453,8911.0,10196.0,10344.0,19489.0,21067.0,0.0,192.0,500000.0,120.293,0,1000,0,0,10,102292,102292,99.230003,99.230003,10,ok,u50,range,1000000,prefilter,10.0,True,False,98.0,exp4_intersect_range_selectivity
pipeann.hybrid.search.v1,/mnt/bak3/lzg/PipeANN-github/experiments/r116_suite_pq16_aris_20260520_072453/exp6_query_thread_budget/tmp/direct_1m,range,/mnt/bak3/lzg/PipeANN-github/experiments/r116_suite_pq16_aris_20260520_072453/labels/query_1000_range_u75.spmat,1000,1,4,0,graph,graph,200,True,0,1,0,0,1,1,239.730652,4048.701904,4040.0,4167.0,4209.0,4300.0,5835.0,0.0,212.074997,750000.0,101.904,0,0,1000,0,10,32992,32992,98.599998,98.599998,200,ok,u75,range,1000000,graph,10.0,True,False,98.0,exp4_intersect_range_selectivity
pipeann.hybrid.search.v1,/mnt/bak3/lzg/PipeANN-github/experiments/r116_suite_pq16_aris_20260520_072453/exp6_query_thread_budget/tmp/direct_1m,range,/mnt/bak3/lzg/PipeANN-github/experiments/r116_suite_pq16_aris_20260520_072453/labels/query_1000_range_u75.spmat,1000,2,4,0,graph,graph,200,True,0,1,0,0,1,1,448.332916,4327.871094,4322.0,4508.0,4558.0,4756.0,8237.0,0.0,212.011002,750000.0,106.76,0,0,1000,0,10,32652,32652,98.599998,98.599998,200,ok,u75,range,1000000,graph,10.0,True,False,98.0,exp4_intersect_range_selectivity
pipeann.hybrid.search.v1,/mnt/bak3/lzg/PipeANN-github/experiments/r116_suite_pq16_aris_20260520_072453/exp6_query_thread_budget/tmp/direct_1m,range,/mnt/bak3/lzg/PipeANN-github/experiments/r116_suite_pq16_aris_20260520_072453/labels/query_1000_range_u75.spmat,1000,3,4,0,graph,graph,200,True,0,1,0,0,1,1,632.221497,4629.071777,4617.0,4770.0,4821.0,4992.0,6524.0,0.0,211.973007,750000.0,93.682,0,0,1000,0,10,34364,34364,98.599998,98.599998,200,ok,u75,range,1000000,graph,10.0,True,False,98.0,exp4_intersect_range_selectivity
pipeann.hybrid.search.v1,/mnt/bak3/lzg/PipeANN-github/experiments/r116_suite_pq16_aris_20260520_072453/exp6_query_thread_budget/tmp/direct_1m,range,/mnt/bak3/lzg/PipeANN-github/experiments/r116_suite_pq16_aris_20260520_072453/labels/query_1000_range_u75.spmat,1000,4,4,0,graph,graph,200,True,0,1,0,0,1,1,805.445374,4832.380859,4812.0,5023.0,5097.0,5438.0,7538.0,0.0,211.929993,750000.0,103.8,0,0,1000,0,10,35680,35680,98.599998,98.599998,200,ok,u75,range,1000000,graph,10.0,True,False,98.0,exp4_intersect_range_selectivity
pipeann.hybrid.search.v1,/mnt/bak3/lzg/PipeANN-github/experiments/r116_suite_pq16_aris_20260520_072453/exp6_query_thread_budget/tmp/direct_1m,range,/mnt/bak3/lzg/PipeANN-github/experiments/r116_suite_pq16_aris_20260520_072453/labels/query_1000_range_u75.spmat,1000,5,4,0,graph,graph,200,True,0,1,0,0,1,1,961.416748,5063.26416,5034.0,5246.0,5325.0,5827.0,10270.0,0.0,211.876007,750000.0,105.872,0,0,1000,0,10,37324,37324,98.599998,98.599998,200,ok,u75,range,1000000,graph,10.0,True,False,98.0,exp4_intersect_range_selectivity
pipeann.hybrid.search.v1,/mnt/bak3/lzg/PipeANN-github/experiments/r116_suite_pq16_aris_20260520_072453/exp6_query_thread_budget/tmp/direct_1m,range,/mnt/bak3/lzg/PipeANN-github/experiments/r116_suite_pq16_aris_20260520_072453/labels/query_1000_range_u75.spmat,1000,6,4,0,graph,graph,200,True,0,1,0,0,1,1,1118.871094,5209.549805,5177.0,5437.0,5526.0,5893.0,10891.0,0.0,211.867996,750000.0,112.465,0,0,1000,0,10,39176,39176,98.599998,98.599998,200,ok,u75,range,1000000,graph,10.0,True,False,98.0,exp4_intersect_range_selectivity
pipeann.hybrid.search.v1,/mnt/bak3/lzg/PipeANN-github/experiments/r116_suite_pq16_aris_20260520_072453/exp6_query_thread_budget/tmp/direct_1m,range,/mnt/bak3/lzg/PipeANN-github/experiments/r116_suite_pq16_aris_20260520_072453/labels/query_1000_range_u75.spmat,1000,7,4,0,graph,graph,200,True,0,1,0,0,1,1,1139.616333,5987.835938,5808.0,6970.0,7301.0,7890.0,11305.0,0.0,211.820007,750000.0,115.44,0,0,1000,0,10,39472,39472,98.599998,98.599998,200,ok,u75,range,1000000,graph,10.0,True,False,98.0,exp4_intersect_range_selectivity
pipeann.hybrid.search.v1,/mnt/bak3/lzg/PipeANN-github/experiments/r116_suite_pq16_aris_20260520_072453/exp6_query_thread_budget/tmp/direct_1m,range,/mnt/bak3/lzg/PipeANN-github/experiments/r116_suite_pq16_aris_20260520_072453/labels/query_1000_range_u75.spmat,1000,8,4,0,graph,graph,200,True,0,1,0,0,1,1,1371.361816,5671.333984,5612.0,5883.0,6019.0,7299.0,11593.0,0.0,211.809998,750000.0,119.605,0,0,1000,0,10,41700,41700,98.599998,98.599998,200,ok,u75,range,1000000,graph,10.0,True,False,98.0,exp4_intersect_range_selectivity
pipeann.hybrid.search.v1,/mnt/bak3/lzg/PipeANN-github/experiments/r116_suite_pq16_aris_20260520_072453/exp6_query_thread_budget/tmp/direct_1m,range,/mnt/bak3/lzg/PipeANN-github/experiments/r116_suite_pq16_aris_20260520_072453/labels/query_1000_range_u75.spmat,1000,9,4,0,graph,graph,200,True,0,1,0,0,1,1,1355.251465,6465.120117,6219.0,7845.0,8136.0,8792.0,12613.0,0.0,211.822998,750000.0,122.939,0,0,1000,0,10,42596,42596,98.599998,98.599998,200,ok,u75,range,1000000,graph,10.0,True,False,98.0,exp4_intersect_range_selectivity
pipeann.hybrid.search.v1,/mnt/bak3/lzg/PipeANN-github/experiments/r116_suite_pq16_aris_20260520_072453/exp6_query_thread_budget/tmp/direct_1m,range,/mnt/bak3/lzg/PipeANN-github/experiments/r116_suite_pq16_aris_20260520_072453/labels/query_1000_range_u75.spmat,1000,10,4,0,graph,graph,200,True,0,1,0,0,1,1,1479.692627,6578.417969,6469.0,7352.0,7605.0,13066.0,16183.0,0.0,211.779999,750000.0,122.489,0,0,1000,0,10,45324,45324,98.599998,98.599998,200,ok,u75,range,1000000,graph,10.0,True,False,98.0,exp4_intersect_range_selectivity
pipeann.hybrid.search.v1,/mnt/bak3/lzg/PipeANN-github/experiments/r116_suite_pq16_aris_20260520_072453/exp6_query_thread_budget/tmp/direct_1m,range,/mnt/bak3/lzg/PipeANN-github/experiments/r116_suite_pq16_aris_20260520_072453/labels/query_1000_range_u75.spmat,1000,11,4,0,graph,graph,200,True,0,1,0,0,1,1,1576.342407,6791.054199,6538.0,7578.0,7815.0,19728.0,22917.0,0.0,211.746994,750000.0,133.892,0,0,1000,0,10,44972,44972,98.599998,98.599998,200,ok,u75,range,1000000,graph,10.0,True,False,98.0,exp4_intersect_range_selectivity
pipeann.hybrid.search.v1,/mnt/bak3/lzg/PipeANN-github/experiments/r116_suite_pq16_aris_20260520_072453/exp6_query_thread_budget/tmp/direct_1m,range,/mnt/bak3/lzg/PipeANN-github/experiments/r116_suite_pq16_aris_20260520_072453/labels/query_1000_range_u75.spmat,1000,12,4,0,graph,graph,200,True,0,1,0,0,1,1,1773.911499,6583.709961,6369.0,6691.0,6792.0,24155.0,25701.0,0.0,211.735992,750000.0,129.15,0,0,1000,0,10,49504,49504,98.599998,98.599998,200,ok,u75,range,1000000,graph,10.0,True,False,98.0,exp4_intersect_range_selectivity
pipeann.hybrid.search.v1,/mnt/bak3/lzg/PipeANN-github/experiments/r116_suite_pq16_aris_20260520_072453/exp6_query_thread_budget/tmp/direct_1m,range,/mnt/bak3/lzg/PipeANN-github/experiments/r116_suite_pq16_aris_20260520_072453/labels/query_1000_range_u75.spmat,1000,13,4,0,graph,graph,200,True,0,1,0,0,1,1,1852.015747,6813.755859,6539.0,6900.0,7000.0,26632.0,28423.0,0.0,211.727005,750000.0,144.833,0,0,1000,0,10,48000,48000,98.599998,98.599998,200,ok,u75,range,1000000,graph,10.0,True,False,98.0,exp4_intersect_range_selectivity
pipeann.hybrid.search.v1,/mnt/bak3/lzg/PipeANN-github/experiments/r116_suite_pq16_aris_20260520_072453/exp6_query_thread_budget/tmp/direct_1m,range,/mnt/bak3/lzg/PipeANN-github/experiments/r116_suite_pq16_aris_20260520_072453/labels/query_1000_range_u75.spmat,1000,14,4,0,graph,graph,200,True,0,1,0,0,1,1,1938.711548,7029.098145,6778.0,7111.0,7241.0,24591.0,25282.0,0.0,211.710007,750000.0,125.941,0,0,1000,0,10,50216,50216,98.599998,98.599998,200,ok,u75,range,1000000,graph,10.0,True,False,98.0,exp4_intersect_range_selectivity
pipeann.hybrid.search.v1,/mnt/bak3/lzg/PipeANN-github/experiments/r116_suite_pq16_aris_20260520_072453/exp6_query_thread_budget/tmp/direct_1m,range,/mnt/bak3/lzg/PipeANN-github/experiments/r116_suite_pq16_aris_20260520_072453/labels/query_1000_range_u75.spmat,1000,15,4,0,graph,graph,200,True,0,1,0,0,1,1,1993.60022,7321.792969,6960.0,7312.0,7446.0,31110.0,32126.0,0.0,211.699997,750000.0,138.305,0,0,1000,0,10,53376,53376,98.599998,98.599998,200,ok,u75,range,1000000,graph,10.0,True,False,98.0,exp4_intersect_range_selectivity
pipeann.hybrid.search.v1,/mnt/bak3/lzg/PipeANN-github/experiments/r116_suite_pq16_aris_20260520_072453/exp6_query_thread_budget/tmp/direct_1m,range,/mnt/bak3/lzg/PipeANN-github/experiments/r116_suite_pq16_aris_20260520_072453/labels/query_1000_range_u75.spmat,1000,16,4,0,graph,graph,200,True,0,1,0,0,1,1,2074.366699,7495.948242,7097.0,7485.0,7681.0,31296.0,33491.0,0.0,211.701996,750000.0,137.479,0,0,1000,0,10,52500,52500,98.599998,98.599998,200,ok,u75,range,1000000,graph,10.0,True,False,98.0,exp4_intersect_range_selectivity
pipeann.hybrid.search.v1,/mnt/bak3/lzg/PipeANN-github/experiments/r116_suite_pq16_aris_20260520_072453/exp6_query_thread_budget/tmp/direct_1m,range,/mnt/bak3/lzg/PipeANN-github/experiments/r116_suite_pq16_aris_20260520_072453/labels/query_1000_range_u100.spmat,1000,1,4,0,graph,graph,150,True,0,1,0,0,1,1,290.102509,3335.697998,3312.0,3477.0,3509.0,3630.0,7171.0,0.0,162.569,1000000.0,116.125,0,0,1000,0,10,30836,30836,98.559998,98.559998,150,ok,u100,range,1000000,graph,10.0,True,False,98.0,exp4_intersect_range_selectivity
pipeann.hybrid.search.v1,/mnt/bak3/lzg/PipeANN-github/experiments/r116_suite_pq16_aris_20260520_072453/exp6_query_thread_budget/tmp/direct_1m,range,/mnt/bak3/lzg/PipeANN-github/experiments/r116_suite_pq16_aris_20260520_072453/labels/query_1000_range_u100.spmat,1000,2,4,0,graph,graph,150,True,0,1,0,0,1,1,566.114563,3431.256104,3419.0,3536.0,3582.0,3715.0,5536.0,0.0,162.492996,1000000.0,102.703,0,0,1000,0,10,32504,32504,98.559998,98.559998,150,ok,u100,range,1000000,graph,10.0,True,False,98.0,exp4_intersect_range_selectivity
pipeann.hybrid.search.v1,/mnt/bak3/lzg/PipeANN-github/experiments/r116_suite_pq16_aris_20260520_072453/exp6_query_thread_budget/tmp/direct_1m,range,/mnt/bak3/lzg/PipeANN-github/experiments/r116_suite_pq16_aris_20260520_072453/labels/query_1000_range_u100.spmat,1000,3,4,0,graph,graph,150,True,0,1,0,0,1,1,804.03717,3609.147949,3587.0,3755.0,3822.0,4181.0,6695.0,0.0,162.462997,1000000.0,116.968,0,0,1000,0,10,34364,34364,98.559998,98.559998,150,ok,u100,range,1000000,graph,10.0,True,False,98.0,exp4_intersect_range_selectivity
pipeann.hybrid.search.v1,/mnt/bak3/lzg/PipeANN-github/experiments/r116_suite_pq16_aris_20260520_072453/exp6_query_thread_budget/tmp/direct_1m,range,/mnt/bak3/lzg/PipeANN-github/experiments/r116_suite_pq16_aris_20260520_072453/labels/query_1000_range_u100.spmat,1000,4,4,0,graph,graph,150,True,0,1,0,0,1,1,1022.810181,3784.176025,3754.0,3947.0,4028.0,4442.0,9889.0,0.0,162.389008,1000000.0,125.487,0,0,1000,0,10,35428,35428,98.559998,98.559998,150,ok,u100,range,1000000,graph,10.0,True,False,98.0,exp4_intersect_range_selectivity
pipeann.hybrid.search.v1,/mnt/bak3/lzg/PipeANN-github/experiments/r116_suite_pq16_aris_20260520_072453/exp6_query_thread_budget/tmp/direct_1m,range,/mnt/bak3/lzg/PipeANN-github/experiments/r116_suite_pq16_aris_20260520_072453/labels/query_1000_range_u100.spmat,1000,5,4,0,graph,graph,150,True,0,1,0,0,1,1,1225.126953,3956.76709,3930.0,4117.0,4188.0,4705.0,7156.0,0.0,162.403,1000000.0,121.581,0,0,1000,0,10,36128,36128,98.559998,98.559998,150,ok,u100,range,1000000,graph,10.0,True,False,98.0,exp4_intersect_range_selectivity
pipeann.hybrid.search.v1,/mnt/bak3/lzg/PipeANN-github/experiments/r116_suite_pq16_aris_20260520_072453/exp6_query_thread_budget/tmp/direct_1m,range,/mnt/bak3/lzg/PipeANN-github/experiments/r116_suite_pq16_aris_20260520_072453/labels/query_1000_range_u100.spmat,1000,6,4,0,graph,graph,150,True,0,1,0,0,1,1,1409.096802,4120.26709,4068.0,4294.0,4393.0,4883.0,12741.0,0.0,162.324997,1000000.0,129.613,0,0,1000,0,10,38220,38220,98.559998,98.559998,150,ok,u100,range,1000000,graph,10.0,True,False,98.0,exp4_intersect_range_selectivity
pipeann.hybrid.search.v1,/mnt/bak3/lzg/PipeANN-github/experiments/r116_suite_pq16_aris_20260520_072453/exp6_query_thread_budget/tmp/direct_1m,range,/mnt/bak3/lzg/PipeANN-github/experiments/r116_suite_pq16_aris_20260520_072453/labels/query_1000_range_u100.spmat,1000,7,4,0,graph,graph,150,True,0,1,0,0,1,1,1592.434326,4259.711914,4187.0,4431.0,4591.0,6334.0,9843.0,0.0,162.320999,1000000.0,130.013,0,0,1000,0,10,39780,39780,98.559998,98.559998,150,ok,u100,range,1000000,graph,10.0,True,False,98.0,exp4_intersect_range_selectivity
pipeann.hybrid.search.v1,/mnt/bak3/lzg/PipeANN-github/experiments/r116_suite_pq16_aris_20260520_072453/exp6_query_thread_budget/tmp/direct_1m,range,/mnt/bak3/lzg/PipeANN-github/experiments/r116_suite_pq16_aris_20260520_072453/labels/query_1000_range_u100.spmat,1000,8,4,0,graph,graph,150,True,0,1,0,0,1,1,1757.680786,4402.993164,4354.0,4621.0,4723.0,5237.0,10808.0,0.0,162.238998,1000000.0,135.548,0,0,1000,0,10,41528,41528,98.559998,98.559998,150,ok,u100,range,1000000,graph,10.0,True,False,98.0,exp4_intersect_range_selectivity
pipeann.hybrid.search.v1,/mnt/bak3/lzg/PipeANN-github/experiments/r116_suite_pq16_aris_20260520_072453/exp6_query_thread_budget/tmp/direct_1m,range,/mnt/bak3/lzg/PipeANN-github/experiments/r116_suite_pq16_aris_20260520_072453/labels/query_1000_range_u100.spmat,1000,9,4,0,graph,graph,150,True,0,1,0,0,1,1,1825.86377,4776.200195,4611.0,5560.0,5790.0,6363.0,10534.0,0.0,162.270004,1000000.0,140.982,0,0,1000,0,10,43028,43028,98.559998,98.559998,150,ok,u100,range,1000000,graph,10.0,True,False,98.0,exp4_intersect_range_selectivity
pipeann.hybrid.search.v1,/mnt/bak3/lzg/PipeANN-github/experiments/r116_suite_pq16_aris_20260520_072453/exp6_query_thread_budget/tmp/direct_1m,range,/mnt/bak3/lzg/PipeANN-github/experiments/r116_suite_pq16_aris_20260520_072453/labels/query_1000_range_u100.spmat,1000,10,4,0,graph,graph,150,True,0,1,0,0,1,1,2023.56665,4786.586914,4662.0,5009.0,5242.0,12247.0,16072.0,0.0,162.264008,1000000.0,139.166,0,0,1000,0,10,43720,43720,98.559998,98.559998,150,ok,u100,range,1000000,graph,10.0,True,False,98.0,exp4_intersect_range_selectivity
pipeann.hybrid.search.v1,/mnt/bak3/lzg/PipeANN-github/experiments/r116_suite_pq16_aris_20260520_072453/exp6_query_thread_budget/tmp/direct_1m,range,/mnt/bak3/lzg/PipeANN-github/experiments/r116_suite_pq16_aris_20260520_072453/labels/query_1000_range_u100.spmat,1000,11,4,0,graph,graph,150,True,0,1,0,0,1,1,2188.193848,4864.536133,4783.0,5079.0,5191.0,10449.0,13160.0,0.0,162.203003,1000000.0,149.341,0,0,1000,0,10,45604,45604,98.559998,98.559998,150,ok,u100,range,1000000,graph,10.0,True,False,98.0,exp4_intersect_range_selectivity
pipeann.hybrid.search.v1,/mnt/bak3/lzg/PipeANN-github/experiments/r116_suite_pq16_aris_20260520_072453/exp6_query_thread_budget/tmp/direct_1m,range,/mnt/bak3/lzg/PipeANN-github/experiments/r116_suite_pq16_aris_20260520_072453/labels/query_1000_range_u100.spmat,1000,12,4,0,graph,graph,150,True,0,1,0,0,1,1,2292.546631,5065.291016,4949.0,5253.0,5373.0,13332.0,16856.0,0.0,162.192993,1000000.0,153.728,0,0,1000,0,10,47788,47788,98.559998,98.559998,150,ok,u100,range,1000000,graph,10.0,True,False,98.0,exp4_intersect_range_selectivity
pipeann.hybrid.search.v1,/mnt/bak3/lzg/PipeANN-github/experiments/r116_suite_pq16_aris_20260520_072453/exp6_query_thread_budget/tmp/direct_1m,range,/mnt/bak3/lzg/PipeANN-github/experiments/r116_suite_pq16_aris_20260520_072453/labels/query_1000_range_u100.spmat,1000,13,4,0,graph,graph,150,True,0,1,0,0,1,1,2367.526855,5320.066895,5072.0,5367.0,5485.0,23574.0,24896.0,0.0,162.214005,1000000.0,150.83,0,0,1000,0,10,49336,49336,98.559998,98.559998,150,ok,u100,range,1000000,graph,10.0,True,False,98.0,exp4_intersect_range_selectivity
pipeann.hybrid.search.v1,/mnt/bak3/lzg/PipeANN-github/experiments/r116_suite_pq16_aris_20260520_072453/exp6_query_thread_budget/tmp/direct_1m,range,/mnt/bak3/lzg/PipeANN-github/experiments/r116_suite_pq16_aris_20260520_072453/labels/query_1000_range_u100.spmat,1000,14,4,0,graph,graph,150,True,0,1,0,0,1,1,2490.419434,5445.553223,5195.0,5499.0,5620.0,22434.0,23614.0,0.0,162.126007,1000000.0,146.459,0,0,1000,0,10,51540,51540,98.559998,98.559998,150,ok,u100,range,1000000,graph,10.0,True,False,98.0,exp4_intersect_range_selectivity
pipeann.hybrid.search.v1,/mnt/bak3/lzg/PipeANN-github/experiments/r116_suite_pq16_aris_20260520_072453/exp6_query_thread_budget/tmp/direct_1m,range,/mnt/bak3/lzg/PipeANN-github/experiments/r116_suite_pq16_aris_20260520_072453/labels/query_1000_range_u100.spmat,1000,15,4,0,graph,graph,150,True,0,1,0,0,1,1,2491.237549,5842.525879,5503.0,6205.0,6457.0,24282.0,25371.0,0.0,162.218994,1000000.0,155.675,0,0,1000,0,10,51244,51244,98.550003,98.550003,150,ok,u100,range,1000000,graph,10.0,True,False,98.0,exp4_intersect_range_selectivity
pipeann.hybrid.search.v1,/mnt/bak3/lzg/PipeANN-github/experiments/r116_suite_pq16_aris_20260520_072453/exp6_query_thread_budget/tmp/direct_1m,range,/mnt/bak3/lzg/PipeANN-github/experiments/r116_suite_pq16_aris_20260520_072453/labels/query_1000_range_u100.spmat,1000,16,4,0,graph,graph,150,True,0,1,0,0,1,1,2680.374268,5789.533203,5494.0,5845.0,5978.0,23573.0,24760.0,0.0,162.167007,1000000.0,150.147,0,0,1000,0,10,53596,53596,98.559998,98.559998,150,ok,u100,range,1000000,graph,10.0,True,False,98.0,exp4_intersect_range_selectivity
