L,aris_job_id,avg_latency_us,beamwidth,bucket,chosen_L,completed_at,empty_count,fallback_count,filter_type,format,graph_count,hybrid_enabled,index_prefix,latency_budget_ms,max_rss_kb,max_tau_m,max_threshold_version,mean_candidate_count,mean_hops,mean_ios,mean_route_overhead_us,mem_L,min_tau_m,min_threshold_version,p50_latency_us,p90_latency_us,p95_latency_us,p999_latency_us,p99_latency_us,points,prefilter_count,process_max_rss_kb,qps,query_count,query_label_file,recall,recall@10,recall_at,resolved_route,route,selected_route,selector_type,source_experiment,started_at,status,tau_m,threads,threshold_version,wall_s,within_avg_latency_budget,within_p90_latency_budget,within_p95_latency_budget,within_p99_latency_budget
10,intersect_u1e-03_t01,125.080002,4,u1e-03,10,2026-05-19T09:48:25.656666Z,0,0,intersect,pipeann.hybrid.search.v1,0,True,/mnt/bak3/lzg/PipeANN-github/experiments/r116_suite/exp6_aris_cpu_clean/tmp/direct_1m,10.0,44416,0,1,1000.0,0.0,96.0,4.355,0,0,1,125.0,130.0,132.0,349.0,139.0,1000000,1000,44416,7587.077148,1000,/mnt/bak3/lzg/PipeANN-github/experiments/r116_suite/labels/query_1000_u1e-03.spmat,100.0,100.0,10,prefilter,prefilter,prefilter,intersect,exp4_intersect_range_selectivity,2026-05-19T09:48:25.467692Z,ok,0,1,1,0.18844938278198242,True,True,True,True
10,intersect_u1e-03_t02,182.524994,4,u1e-03,10,2026-05-19T09:48:25.814761Z,0,0,intersect,pipeann.hybrid.search.v1,0,True,/mnt/bak3/lzg/PipeANN-github/experiments/r116_suite/exp6_aris_cpu_clean/tmp/direct_1m,10.0,45280,0,1,1000.0,0.0,96.0,5.211,0,0,1,168.0,220.0,322.0,823.0,440.0,1000000,1000,45280,10499.114258,1000,/mnt/bak3/lzg/PipeANN-github/experiments/r116_suite/labels/query_1000_u1e-03.spmat,100.0,100.0,10,prefilter,prefilter,prefilter,intersect,exp4_intersect_range_selectivity,2026-05-19T09:48:25.675065Z,ok,0,2,1,0.1391739845275879,True,True,True,True
10,intersect_u1e-03_t03,239.973007,4,u1e-03,10,2026-05-19T09:48:25.973651Z,0,0,intersect,pipeann.hybrid.search.v1,0,True,/mnt/bak3/lzg/PipeANN-github/experiments/r116_suite/exp6_aris_cpu_clean/tmp/direct_1m,10.0,45740,0,1,1000.0,0.0,96.0,6.435,0,0,1,221.0,346.0,446.0,1099.0,508.0,1000000,1000,45740,12066.633789,1000,/mnt/bak3/lzg/PipeANN-github/experiments/r116_suite/labels/query_1000_u1e-03.spmat,100.0,100.0,10,prefilter,prefilter,prefilter,intersect,exp4_intersect_range_selectivity,2026-05-19T09:48:25.832405Z,ok,0,3,1,0.14070510864257812,True,True,True,True
10,intersect_u1e-03_t04,333.683014,4,u1e-03,10,2026-05-19T09:48:26.123362Z,0,0,intersect,pipeann.hybrid.search.v1,0,True,/mnt/bak3/lzg/PipeANN-github/experiments/r116_suite/exp6_aris_cpu_clean/tmp/direct_1m,10.0,46624,0,1,1000.0,0.0,96.0,6.841,0,0,1,310.0,477.0,562.0,1089.0,650.0,1000000,1000,46624,11644.113281,1000,/mnt/bak3/lzg/PipeANN-github/experiments/r116_suite/labels/query_1000_u1e-03.spmat,100.0,100.0,10,prefilter,prefilter,prefilter,intersect,exp4_intersect_range_selectivity,2026-05-19T09:48:25.991602Z,ok,0,4,1,0.13122844696044922,True,True,True,True
10,intersect_u1e-03_t05,391.377014,4,u1e-03,10,2026-05-19T09:48:26.275801Z,0,0,intersect,pipeann.hybrid.search.v1,0,True,/mnt/bak3/lzg/PipeANN-github/experiments/r116_suite/exp6_aris_cpu_clean/tmp/direct_1m,10.0,47052,0,1,1000.0,0.0,96.0,7.24,0,0,1,365.0,533.0,672.0,1135.0,718.0,1000000,1000,47052,12439.103516,1000,/mnt/bak3/lzg/PipeANN-github/experiments/r116_suite/labels/query_1000_u1e-03.spmat,100.0,100.0,10,prefilter,prefilter,prefilter,intersect,exp4_intersect_range_selectivity,2026-05-19T09:48:26.141977Z,ok,0,5,1,0.13330650329589844,True,True,True,True
10,intersect_u1e-03_t06,477.147003,4,u1e-03,10,2026-05-19T09:48:26.422198Z,0,0,intersect,pipeann.hybrid.search.v1,0,True,/mnt/bak3/lzg/PipeANN-github/experiments/r116_suite/exp6_aris_cpu_clean/tmp/direct_1m,10.0,47496,0,1,1000.0,0.0,96.0,8.065,0,0,1,455.0,614.0,701.0,1218.0,757.0,1000000,1000,47496,12259.297852,1000,/mnt/bak3/lzg/PipeANN-github/experiments/r116_suite/labels/query_1000_u1e-03.spmat,100.0,100.0,10,prefilter,prefilter,prefilter,intersect,exp4_intersect_range_selectivity,2026-05-19T09:48:26.293894Z,ok,0,6,1,0.12778568267822266,True,True,True,True
10,intersect_u1e-03_t07,575.987,4,u1e-03,10,2026-05-19T09:48:26.570804Z,0,0,intersect,pipeann.hybrid.search.v1,0,True,/mnt/bak3/lzg/PipeANN-github/experiments/r116_suite/exp6_aris_cpu_clean/tmp/direct_1m,10.0,48328,0,1,1000.0,0.0,96.0,9.487,0,0,1,541.0,744.0,874.0,1556.0,931.0,1000000,1000,48328,11896.655273,1000,/mnt/bak3/lzg/PipeANN-github/experiments/r116_suite/labels/query_1000_u1e-03.spmat,100.0,100.0,10,prefilter,prefilter,prefilter,intersect,exp4_intersect_range_selectivity,2026-05-19T09:48:26.439811Z,ok,0,7,1,0.13047027587890625,True,True,True,True
10,intersect_u1e-03_t08,905.244995,4,u1e-03,10,2026-05-19T09:48:26.754175Z,0,0,intersect,pipeann.hybrid.search.v1,0,True,/mnt/bak3/lzg/PipeANN-github/experiments/r116_suite/exp6_aris_cpu_clean/tmp/direct_1m,10.0,49332,0,1,1000.0,0.0,96.0,10.256,0,0,1,884.0,1064.0,1155.0,1992.0,1241.0,1000000,1000,49332,8710.1875,1000,/mnt/bak3/lzg/PipeANN-github/experiments/r116_suite/labels/query_1000_u1e-03.spmat,100.0,100.0,10,prefilter,prefilter,prefilter,intersect,exp4_intersect_range_selectivity,2026-05-19T09:48:26.590221Z,ok,0,8,1,0.16342926025390625,True,True,True,True
10,intersect_u1e-03_t09,1143.692017,4,u1e-03,10,2026-05-19T09:48:26.950004Z,0,0,intersect,pipeann.hybrid.search.v1,0,True,/mnt/bak3/lzg/PipeANN-github/experiments/r116_suite/exp6_aris_cpu_clean/tmp/direct_1m,10.0,49712,0,1,1000.0,0.0,96.0,11.966,0,0,1,1117.0,1285.0,1423.0,2705.0,1584.0,1000000,1000,49712,7768.680176,1000,/mnt/bak3/lzg/PipeANN-github/experiments/r116_suite/labels/query_1000_u1e-03.spmat,100.0,100.0,10,prefilter,prefilter,prefilter,intersect,exp4_intersect_range_selectivity,2026-05-19T09:48:26.772304Z,ok,0,9,1,0.17717814445495605,True,True,True,True
10,intersect_u1e-03_t10,1338.766968,4,u1e-03,10,2026-05-19T09:48:27.150488Z,0,0,intersect,pipeann.hybrid.search.v1,0,True,/mnt/bak3/lzg/PipeANN-github/experiments/r116_suite/exp6_aris_cpu_clean/tmp/direct_1m,10.0,50548,0,1,1000.0,0.0,96.0,14.312,0,0,1,1297.0,1496.0,1688.0,3188.0,1810.0,1000000,1000,50548,7378.230957,1000,/mnt/bak3/lzg/PipeANN-github/experiments/r116_suite/labels/query_1000_u1e-03.spmat,100.0,100.0,10,prefilter,prefilter,prefilter,intersect,exp4_intersect_range_selectivity,2026-05-19T09:48:26.967360Z,ok,0,10,1,0.1826035976409912,True,True,True,True
10,intersect_u1e-03_t11,1520.588989,4,u1e-03,10,2026-05-19T09:48:27.358045Z,0,0,intersect,pipeann.hybrid.search.v1,0,True,/mnt/bak3/lzg/PipeANN-github/experiments/r116_suite/exp6_aris_cpu_clean/tmp/direct_1m,10.0,51072,0,1,1000.0,0.0,96.0,15.784,0,0,1,1477.0,1711.0,1883.0,3241.0,2052.0,1000000,1000,51072,7153.301758,1000,/mnt/bak3/lzg/PipeANN-github/experiments/r116_suite/labels/query_1000_u1e-03.spmat,100.0,100.0,10,prefilter,prefilter,prefilter,intersect,exp4_intersect_range_selectivity,2026-05-19T09:48:27.168679Z,ok,0,11,1,0.18883228302001953,True,True,True,True
10,intersect_u1e-03_t12,1657.738037,4,u1e-03,10,2026-05-19T09:48:27.564139Z,0,0,intersect,pipeann.hybrid.search.v1,0,True,/mnt/bak3/lzg/PipeANN-github/experiments/r116_suite/exp6_aris_cpu_clean/tmp/direct_1m,10.0,51844,0,1,1000.0,0.0,96.0,17.777,0,0,1,1612.0,1870.0,2049.0,3715.0,2299.0,1000000,1000,51844,7163.258301,1000,/mnt/bak3/lzg/PipeANN-github/experiments/r116_suite/labels/query_1000_u1e-03.spmat,100.0,100.0,10,prefilter,prefilter,prefilter,intersect,exp4_intersect_range_selectivity,2026-05-19T09:48:27.375523Z,ok,0,12,1,0.18807673454284668,True,True,True,True
10,intersect_u1e-03_t13,1731.746948,4,u1e-03,10,2026-05-19T09:48:27.767313Z,0,0,intersect,pipeann.hybrid.search.v1,0,True,/mnt/bak3/lzg/PipeANN-github/experiments/r116_suite/exp6_aris_cpu_clean/tmp/direct_1m,10.0,52888,0,1,1000.0,0.0,96.0,19.738,0,0,1,1681.0,1959.0,2166.0,3871.0,2369.0,1000000,1000,52888,7417.705078,1000,/mnt/bak3/lzg/PipeANN-github/experiments/r116_suite/labels/query_1000_u1e-03.spmat,100.0,100.0,10,prefilter,prefilter,prefilter,intersect,exp4_intersect_range_selectivity,2026-05-19T09:48:27.583009Z,ok,0,13,1,0.18378043174743652,True,True,True,True
10,intersect_u1e-03_t14,1855.667969,4,u1e-03,10,2026-05-19T09:48:27.971013Z,0,0,intersect,pipeann.hybrid.search.v1,0,True,/mnt/bak3/lzg/PipeANN-github/experiments/r116_suite/exp6_aris_cpu_clean/tmp/direct_1m,10.0,52984,0,1,1000.0,0.0,96.0,16.586,0,0,1,1798.0,2076.0,2322.0,3424.0,3037.0,1000000,1000,52984,7456.68457,1000,/mnt/bak3/lzg/PipeANN-github/experiments/r116_suite/labels/query_1000_u1e-03.spmat,100.0,100.0,10,prefilter,prefilter,prefilter,intersect,exp4_intersect_range_selectivity,2026-05-19T09:48:27.786354Z,ok,0,14,1,0.18413305282592773,True,True,True,True
10,intersect_u1e-03_t15,2001.963013,4,u1e-03,10,2026-05-19T09:48:28.174860Z,0,0,intersect,pipeann.hybrid.search.v1,0,True,/mnt/bak3/lzg/PipeANN-github/experiments/r116_suite/exp6_aris_cpu_clean/tmp/direct_1m,10.0,53412,0,1,1000.0,0.0,96.0,18.812,0,0,1,1963.0,2318.0,2467.0,4016.0,3363.0,1000000,1000,53412,7399.585449,1000,/mnt/bak3/lzg/PipeANN-github/experiments/r116_suite/labels/query_1000_u1e-03.spmat,100.0,100.0,10,prefilter,prefilter,prefilter,intersect,exp4_intersect_range_selectivity,2026-05-19T09:48:27.989261Z,ok,0,15,1,0.18506693840026855,True,True,True,True
10,intersect_u1e-03_t16,2118.648926,4,u1e-03,10,2026-05-19T09:48:28.378134Z,0,0,intersect,pipeann.hybrid.search.v1,0,True,/mnt/bak3/lzg/PipeANN-github/experiments/r116_suite/exp6_aris_cpu_clean/tmp/direct_1m,10.0,54368,0,1,1000.0,0.0,96.0,23.04,0,0,1,2133.0,2454.0,2679.0,4575.0,3133.0,1000000,1000,54368,7459.627441,1000,/mnt/bak3/lzg/PipeANN-github/experiments/r116_suite/labels/query_1000_u1e-03.spmat,100.0,100.0,10,prefilter,prefilter,prefilter,intersect,exp4_intersect_range_selectivity,2026-05-19T09:48:28.193198Z,ok,0,16,1,0.18440794944763184,True,True,True,True
10,intersect_u3e-03_t01,208.317001,4,u3e-03,10,2026-05-19T09:48:28.665518Z,0,0,intersect,pipeann.hybrid.search.v1,0,True,/mnt/bak3/lzg/PipeANN-github/experiments/r116_suite/exp6_aris_cpu_clean/tmp/direct_1m,10.0,44424,0,1,3000.0,0.0,96.0,10.19,0,0,1,208.0,216.0,219.0,449.0,238.0,1000000,1000,44424,4553.870117,1000,/mnt/bak3/lzg/PipeANN-github/experiments/r116_suite/labels/query_1000_u3e-03.spmat,100.0,100.0,10,prefilter,prefilter,prefilter,intersect,exp4_intersect_range_selectivity,2026-05-19T09:48:28.396195Z,ok,0,1,1,0.268798828125,True,True,True,True
10,intersect_u3e-03_t02,248.649002,4,u3e-03,10,2026-05-19T09:48:28.872914Z,0,0,intersect,pipeann.hybrid.search.v1,0,True,/mnt/bak3/lzg/PipeANN-github/experiments/r116_suite/exp6_aris_cpu_clean/tmp/direct_1m,10.0,45260,0,1,3000.0,0.0,96.0,11.02,0,0,1,221.0,288.0,351.0,1145.0,639.0,1000000,1000,45260,7640.652344,1000,/mnt/bak3/lzg/PipeANN-github/experiments/r116_suite/labels/query_1000_u3e-03.spmat,100.0,100.0,10,prefilter,prefilter,prefilter,intersect,exp4_intersect_range_selectivity,2026-05-19T09:48:28.683777Z,ok,0,2,1,0.18857765197753906,True,True,True,True
10,intersect_u3e-03_t03,291.377991,4,u3e-03,10,2026-05-19T09:48:29.039359Z,0,0,intersect,pipeann.hybrid.search.v1,0,True,/mnt/bak3/lzg/PipeANN-github/experiments/r116_suite/exp6_aris_cpu_clean/tmp/direct_1m,10.0,45764,0,1,3000.0,0.0,96.0,11.516,0,0,1,259.0,380.0,542.0,1179.0,709.0,1000000,1000,45764,9808.62793,1000,/mnt/bak3/lzg/PipeANN-github/experiments/r116_suite/labels/query_1000_u3e-03.spmat,100.0,100.0,10,prefilter,prefilter,prefilter,intersect,exp4_intersect_range_selectivity,2026-05-19T09:48:28.891225Z,ok,0,3,1,0.14760875701904297,True,True,True,True
10,intersect_u3e-03_t04,349.527008,4,u3e-03,10,2026-05-19T09:48:29.194209Z,0,0,intersect,pipeann.hybrid.search.v1,0,True,/mnt/bak3/lzg/PipeANN-github/experiments/r116_suite/exp6_aris_cpu_clean/tmp/direct_1m,10.0,46504,0,1,3000.0,0.0,96.0,13.302,0,0,1,331.0,447.0,597.0,1444.0,762.0,1000000,1000,46504,10962.90625,1000,/mnt/bak3/lzg/PipeANN-github/experiments/r116_suite/labels/query_1000_u3e-03.spmat,100.0,100.0,10,prefilter,prefilter,prefilter,intersect,exp4_intersect_range_selectivity,2026-05-19T09:48:29.056970Z,ok,0,4,1,0.13670897483825684,True,True,True,True
10,intersect_u3e-03_t05,430.493011,4,u3e-03,10,2026-05-19T09:48:29.347815Z,0,0,intersect,pipeann.hybrid.search.v1,0,True,/mnt/bak3/lzg/PipeANN-github/experiments/r116_suite/exp6_aris_cpu_clean/tmp/direct_1m,10.0,47080,0,1,3000.0,0.0,96.0,13.854,0,0,1,407.0,594.0,723.0,1381.0,895.0,1000000,1000,47080,11186.088867,1000,/mnt/bak3/lzg/PipeANN-github/experiments/r116_suite/labels/query_1000_u3e-03.spmat,100.0,100.0,10,prefilter,prefilter,prefilter,intersect,exp4_intersect_range_selectivity,2026-05-19T09:48:29.211973Z,ok,0,5,1,0.13530874252319336,True,True,True,True
10,intersect_u3e-03_t06,473.272003,4,u3e-03,10,2026-05-19T09:48:29.495047Z,0,0,intersect,pipeann.hybrid.search.v1,0,True,/mnt/bak3/lzg/PipeANN-github/experiments/r116_suite/exp6_aris_cpu_clean/tmp/direct_1m,10.0,47932,0,1,3000.0,0.0,96.0,14.902,0,0,1,434.0,712.0,868.0,1649.0,977.0,1000000,1000,47932,12222.731445,1000,/mnt/bak3/lzg/PipeANN-github/experiments/r116_suite/labels/query_1000_u3e-03.spmat,100.0,100.0,10,prefilter,prefilter,prefilter,intersect,exp4_intersect_range_selectivity,2026-05-19T09:48:29.366224Z,ok,0,6,1,0.12827730178833008,True,True,True,True
10,intersect_u3e-03_t07,827.382996,4,u3e-03,10,2026-05-19T09:48:29.683354Z,0,0,intersect,pipeann.hybrid.search.v1,0,True,/mnt/bak3/lzg/PipeANN-github/experiments/r116_suite/exp6_aris_cpu_clean/tmp/direct_1m,10.0,48348,0,1,3000.0,0.0,96.0,15.368,0,0,1,827.0,1096.0,1310.0,2089.0,1385.0,1000000,1000,48348,8278.134766,1000,/mnt/bak3/lzg/PipeANN-github/experiments/r116_suite/labels/query_1000_u3e-03.spmat,100.0,100.0,10,prefilter,prefilter,prefilter,intersect,exp4_intersect_range_selectivity,2026-05-19T09:48:29.513828Z,ok,0,7,1,0.16899514198303223,True,True,True,True
10,intersect_u3e-03_t08,905.310974,4,u3e-03,10,2026-05-19T09:48:29.865666Z,0,0,intersect,pipeann.hybrid.search.v1,0,True,/mnt/bak3/lzg/PipeANN-github/experiments/r116_suite/exp6_aris_cpu_clean/tmp/direct_1m,10.0,49060,0,1,3000.0,0.0,96.0,16.69,0,0,1,899.0,1053.0,1187.0,2178.0,1335.0,1000000,1000,49060,8640.779297,1000,/mnt/bak3/lzg/PipeANN-github/experiments/r116_suite/labels/query_1000_u3e-03.spmat,100.0,100.0,10,prefilter,prefilter,prefilter,intersect,exp4_intersect_range_selectivity,2026-05-19T09:48:29.702042Z,ok,0,8,1,0.1631011962890625,True,True,True,True
10,intersect_u3e-03_t09,1184.729004,4,u3e-03,10,2026-05-19T09:48:30.069330Z,0,0,intersect,pipeann.hybrid.search.v1,0,True,/mnt/bak3/lzg/PipeANN-github/experiments/r116_suite/exp6_aris_cpu_clean/tmp/direct_1m,10.0,49808,0,1,3000.0,0.0,96.0,17.724,0,0,1,1157.0,1323.0,1527.0,2581.0,1662.0,1000000,1000,49808,7466.744629,1000,/mnt/bak3/lzg/PipeANN-github/experiments/r116_suite/labels/query_1000_u3e-03.spmat,100.0,100.0,10,prefilter,prefilter,prefilter,intersect,exp4_intersect_range_selectivity,2026-05-19T09:48:29.884295Z,ok,0,9,1,0.18451189994812012,True,True,True,True
10,intersect_u3e-03_t10,1339.822998,4,u3e-03,10,2026-05-19T09:48:30.272436Z,0,0,intersect,pipeann.hybrid.search.v1,0,True,/mnt/bak3/lzg/PipeANN-github/experiments/r116_suite/exp6_aris_cpu_clean/tmp/direct_1m,10.0,50240,0,1,3000.0,0.0,96.0,20.79,0,0,1,1304.0,1511.0,1621.0,3148.0,1822.0,1000000,1000,50240,7349.241211,1000,/mnt/bak3/lzg/PipeANN-github/experiments/r116_suite/labels/query_1000_u3e-03.spmat,100.0,100.0,10,prefilter,prefilter,prefilter,intersect,exp4_intersect_range_selectivity,2026-05-19T09:48:30.088136Z,ok,0,10,1,0.1837782859802246,True,True,True,True
10,intersect_u3e-03_t11,1511.027954,4,u3e-03,10,2026-05-19T09:48:30.479583Z,0,0,intersect,pipeann.hybrid.search.v1,0,True,/mnt/bak3/lzg/PipeANN-github/experiments/r116_suite/exp6_aris_cpu_clean/tmp/direct_1m,10.0,51012,0,1,3000.0,0.0,96.0,20.381,0,0,1,1475.0,1669.0,1835.0,3217.0,2702.0,1000000,1000,51012,7162.043457,1000,/mnt/bak3/lzg/PipeANN-github/experiments/r116_suite/labels/query_1000_u3e-03.spmat,100.0,100.0,10,prefilter,prefilter,prefilter,intersect,exp4_intersect_range_selectivity,2026-05-19T09:48:30.290827Z,ok,0,11,1,0.18822550773620605,True,True,True,True
10,intersect_u3e-03_t12,1663.713013,4,u3e-03,10,2026-05-19T09:48:30.687482Z,0,0,intersect,pipeann.hybrid.search.v1,0,True,/mnt/bak3/lzg/PipeANN-github/experiments/r116_suite/exp6_aris_cpu_clean/tmp/direct_1m,10.0,51620,0,1,3000.0,0.0,96.0,22.094,0,0,1,1609.0,1872.0,2088.0,3407.0,2841.0,1000000,1000,51620,7105.023438,1000,/mnt/bak3/lzg/PipeANN-github/experiments/r116_suite/labels/query_1000_u3e-03.spmat,100.0,100.0,10,prefilter,prefilter,prefilter,intersect,exp4_intersect_range_selectivity,2026-05-19T09:48:30.497208Z,ok,0,12,1,0.1897411346435547,True,True,True,True
10,intersect_u3e-03_t13,1766.13501,4,u3e-03,10,2026-05-19T09:48:30.893611Z,0,0,intersect,pipeann.hybrid.search.v1,0,True,/mnt/bak3/lzg/PipeANN-github/experiments/r116_suite/exp6_aris_cpu_clean/tmp/direct_1m,10.0,52412,0,1,3000.0,0.0,96.0,21.083,0,0,1,1719.0,2003.0,2198.0,3487.0,2881.0,1000000,1000,52412,7244.437012,1000,/mnt/bak3/lzg/PipeANN-github/experiments/r116_suite/labels/query_1000_u3e-03.spmat,100.0,100.0,10,prefilter,prefilter,prefilter,intersect,exp4_intersect_range_selectivity,2026-05-19T09:48:30.706131Z,ok,0,13,1,0.18695545196533203,True,True,True,True
10,intersect_u3e-03_t14,1922.637939,4,u3e-03,10,2026-05-19T09:48:31.101177Z,0,0,intersect,pipeann.hybrid.search.v1,0,True,/mnt/bak3/lzg/PipeANN-github/experiments/r116_suite/exp6_aris_cpu_clean/tmp/direct_1m,10.0,52808,0,1,3000.0,0.0,96.0,24.966,0,0,1,1881.0,2201.0,2428.0,3959.0,3315.0,1000000,1000,52808,7165.19043,1000,/mnt/bak3/lzg/PipeANN-github/experiments/r116_suite/labels/query_1000_u3e-03.spmat,100.0,100.0,10,prefilter,prefilter,prefilter,intersect,exp4_intersect_range_selectivity,2026-05-19T09:48:30.911529Z,ok,0,14,1,0.18909096717834473,True,True,True,True
10,intersect_u3e-03_t15,1970.732056,4,u3e-03,10,2026-05-19T09:48:31.304025Z,0,0,intersect,pipeann.hybrid.search.v1,0,True,/mnt/bak3/lzg/PipeANN-github/experiments/r116_suite/exp6_aris_cpu_clean/tmp/direct_1m,10.0,53400,0,1,3000.0,0.0,96.0,25.255,0,0,1,1930.0,2259.0,2497.0,4073.0,3544.0,1000000,1000,53400,7497.851074,1000,/mnt/bak3/lzg/PipeANN-github/experiments/r116_suite/labels/query_1000_u3e-03.spmat,100.0,100.0,10,prefilter,prefilter,prefilter,intersect,exp4_intersect_range_selectivity,2026-05-19T09:48:31.118788Z,ok,0,15,1,0.18470144271850586,True,True,True,True
10,intersect_u3e-03_t16,2088.281982,4,u3e-03,10,2026-05-19T09:48:31.507809Z,0,0,intersect,pipeann.hybrid.search.v1,0,True,/mnt/bak3/lzg/PipeANN-github/experiments/r116_suite/exp6_aris_cpu_clean/tmp/direct_1m,10.0,54276,0,1,3000.0,0.0,96.0,27.383,0,0,1,2039.0,2418.0,2669.0,4436.0,3075.0,1000000,1000,54276,7542.944824,1000,/mnt/bak3/lzg/PipeANN-github/experiments/r116_suite/labels/query_1000_u3e-03.spmat,100.0,100.0,10,prefilter,prefilter,prefilter,intersect,exp4_intersect_range_selectivity,2026-05-19T09:48:31.321531Z,ok,0,16,1,0.18574142456054688,True,True,True,True
10,intersect_u1e-02_t01,482.062012,4,u1e-02,10,2026-05-19T09:48:32.083128Z,0,0,intersect,pipeann.hybrid.search.v1,0,True,/mnt/bak3/lzg/PipeANN-github/experiments/r116_suite/exp6_aris_cpu_clean/tmp/direct_1m,10.0,44760,0,1,10000.0,0.0,128.0,29.432,0,0,1,480.0,493.0,501.0,766.0,542.0,1000000,1000,44760,1956.615967,1000,/mnt/bak3/lzg/PipeANN-github/experiments/r116_suite/labels/query_1000_u1e-02.spmat,100.0,100.0,10,prefilter,prefilter,prefilter,intersect,exp4_intersect_range_selectivity,2026-05-19T09:48:31.526255Z,ok,0,1,1,0.5563242435455322,True,True,True,True
10,intersect_u1e-02_t02,528.143982,4,u1e-02,10,2026-05-19T09:48:32.427103Z,0,0,intersect,pipeann.hybrid.search.v1,0,True,/mnt/bak3/lzg/PipeANN-github/experiments/r116_suite/exp6_aris_cpu_clean/tmp/direct_1m,10.0,45548,0,1,10000.0,0.0,128.0,30.691,0,0,1,500.0,580.0,605.0,2161.0,1155.0,1000000,1000,45548,3575.234131,1000,/mnt/bak3/lzg/PipeANN-github/experiments/r116_suite/labels/query_1000_u1e-02.spmat,100.0,100.0,10,prefilter,prefilter,prefilter,intersect,exp4_intersect_range_selectivity,2026-05-19T09:48:32.101185Z,ok,0,2,1,0.32538723945617676,True,True,True,True
10,intersect_u1e-02_t03,554.776978,4,u1e-02,10,2026-05-19T09:48:32.686285Z,0,0,intersect,pipeann.hybrid.search.v1,0,True,/mnt/bak3/lzg/PipeANN-github/experiments/r116_suite/exp6_aris_cpu_clean/tmp/direct_1m,10.0,46200,0,1,10000.0,0.0,128.0,31.905,0,0,1,506.0,633.0,788.0,2137.0,1449.0,1000000,1000,46200,5106.826172,1000,/mnt/bak3/lzg/PipeANN-github/experiments/r116_suite/labels/query_1000_u1e-02.spmat,100.0,100.0,10,prefilter,prefilter,prefilter,intersect,exp4_intersect_range_selectivity,2026-05-19T09:48:32.445117Z,ok,0,3,1,0.2406315803527832,True,True,True,True
10,intersect_u1e-02_t04,620.653992,4,u1e-02,10,2026-05-19T09:48:32.928290Z,0,0,intersect,pipeann.hybrid.search.v1,0,True,/mnt/bak3/lzg/PipeANN-github/experiments/r116_suite/exp6_aris_cpu_clean/tmp/direct_1m,10.0,47324,0,1,10000.0,0.0,128.0,33.92,0,0,1,572.0,739.0,897.0,2442.0,1611.0,1000000,1000,47324,6108.142578,1000,/mnt/bak3/lzg/PipeANN-github/experiments/r116_suite/labels/query_1000_u1e-02.spmat,100.0,100.0,10,prefilter,prefilter,prefilter,intersect,exp4_intersect_range_selectivity,2026-05-19T09:48:32.704906Z,ok,0,4,1,0.22282910346984863,True,True,True,True
10,intersect_u1e-02_t05,673.741028,4,u1e-02,10,2026-05-19T09:48:33.135271Z,0,0,intersect,pipeann.hybrid.search.v1,0,True,/mnt/bak3/lzg/PipeANN-github/experiments/r116_suite/exp6_aris_cpu_clean/tmp/direct_1m,10.0,48124,0,1,10000.0,0.0,128.0,34.656,0,0,1,608.0,886.0,1087.0,2372.0,1723.0,1000000,1000,48124,7033.739258,1000,/mnt/bak3/lzg/PipeANN-github/experiments/r116_suite/labels/query_1000_u1e-02.spmat,100.0,100.0,10,prefilter,prefilter,prefilter,intersect,exp4_intersect_range_selectivity,2026-05-19T09:48:32.946285Z,ok,0,5,1,0.18844199180603027,True,True,True,True
10,intersect_u1e-02_t06,714.062988,4,u1e-02,10,2026-05-19T09:48:33.326549Z,0,0,intersect,pipeann.hybrid.search.v1,0,True,/mnt/bak3/lzg/PipeANN-github/experiments/r116_suite/exp6_aris_cpu_clean/tmp/direct_1m,10.0,49260,0,1,10000.0,0.0,128.0,35.977,0,0,1,641.0,944.0,1338.0,2725.0,1820.0,1000000,1000,49260,7980.864258,1000,/mnt/bak3/lzg/PipeANN-github/experiments/r116_suite/labels/query_1000_u1e-02.spmat,100.0,100.0,10,prefilter,prefilter,prefilter,intersect,exp4_intersect_range_selectivity,2026-05-19T09:48:33.154129Z,ok,0,6,1,0.1718895435333252,True,True,True,True
10,intersect_u1e-02_t07,795.624023,4,u1e-02,10,2026-05-19T09:48:33.511643Z,0,0,intersect,pipeann.hybrid.search.v1,0,True,/mnt/bak3/lzg/PipeANN-github/experiments/r116_suite/exp6_aris_cpu_clean/tmp/direct_1m,10.0,49988,0,1,10000.0,0.0,128.0,38.434,0,0,1,713.0,1077.0,1372.0,2731.0,1886.0,1000000,1000,49988,8386.237305,1000,/mnt/bak3/lzg/PipeANN-github/experiments/r116_suite/labels/query_1000_u1e-02.spmat,100.0,100.0,10,prefilter,prefilter,prefilter,intersect,exp4_intersect_range_selectivity,2026-05-19T09:48:33.344880Z,ok,0,7,1,0.16620779037475586,True,True,True,True
10,intersect_u1e-02_t08,1223.584961,4,u1e-02,10,2026-05-19T09:48:33.736790Z,0,0,intersect,pipeann.hybrid.search.v1,0,True,/mnt/bak3/lzg/PipeANN-github/experiments/r116_suite/exp6_aris_cpu_clean/tmp/direct_1m,10.0,50932,0,1,10000.0,0.0,128.0,39.603,0,0,1,1229.0,1555.0,1798.0,3531.0,2660.0,1000000,1000,50932,6331.688477,1000,/mnt/bak3/lzg/PipeANN-github/experiments/r116_suite/labels/query_1000_u1e-02.spmat,100.0,100.0,10,prefilter,prefilter,prefilter,intersect,exp4_intersect_range_selectivity,2026-05-19T09:48:33.530996Z,ok,0,8,1,0.2052617073059082,True,True,True,True
10,intersect_u1e-02_t09,1485.405029,4,u1e-02,10,2026-05-19T09:48:33.973023Z,0,0,intersect,pipeann.hybrid.search.v1,0,True,/mnt/bak3/lzg/PipeANN-github/experiments/r116_suite/exp6_aris_cpu_clean/tmp/direct_1m,10.0,51172,0,1,10000.0,0.0,128.0,41.335,0,0,1,1454.0,1673.0,2048.0,3945.0,2779.0,1000000,1000,51172,5889.697754,1000,/mnt/bak3/lzg/PipeANN-github/experiments/r116_suite/labels/query_1000_u1e-02.spmat,100.0,100.0,10,prefilter,prefilter,prefilter,intersect,exp4_intersect_range_selectivity,2026-05-19T09:48:33.755043Z,ok,0,9,1,0.2174210548400879,True,True,True,True
10,intersect_u1e-02_t10,1760.171997,4,u1e-02,10,2026-05-19T09:48:34.223260Z,0,0,intersect,pipeann.hybrid.search.v1,0,True,/mnt/bak3/lzg/PipeANN-github/experiments/r116_suite/exp6_aris_cpu_clean/tmp/direct_1m,10.0,52652,0,1,10000.0,0.0,128.0,41.962,0,0,1,1729.0,1910.0,2210.0,4423.0,3056.0,1000000,1000,52652,5543.96875,1000,/mnt/bak3/lzg/PipeANN-github/experiments/r116_suite/labels/query_1000_u1e-02.spmat,100.0,100.0,10,prefilter,prefilter,prefilter,intersect,exp4_intersect_range_selectivity,2026-05-19T09:48:33.990768Z,ok,0,10,1,0.23195815086364746,True,True,True,True
10,intersect_u1e-02_t11,2000.769043,4,u1e-02,10,2026-05-19T09:48:34.478512Z,0,0,intersect,pipeann.hybrid.search.v1,0,True,/mnt/bak3/lzg/PipeANN-github/experiments/r116_suite/exp6_aris_cpu_clean/tmp/direct_1m,10.0,53156,0,1,10000.0,0.0,128.0,44.724,0,0,1,1952.0,2163.0,2537.0,4594.0,3432.0,1000000,1000,53156,5372.668945,1000,/mnt/bak3/lzg/PipeANN-github/experiments/r116_suite/labels/query_1000_u1e-02.spmat,100.0,100.0,10,prefilter,prefilter,prefilter,intersect,exp4_intersect_range_selectivity,2026-05-19T09:48:34.241706Z,ok,0,11,1,0.23627400398254395,True,True,True,True
10,intersect_u1e-02_t12,2217.812988,4,u1e-02,10,2026-05-19T09:48:34.735721Z,0,0,intersect,pipeann.hybrid.search.v1,0,True,/mnt/bak3/lzg/PipeANN-github/experiments/r116_suite/exp6_aris_cpu_clean/tmp/direct_1m,10.0,54572,0,1,10000.0,0.0,128.0,45.316,0,0,1,2158.0,2370.0,2827.0,4840.0,4291.0,1000000,1000,54572,5294.837402,1000,/mnt/bak3/lzg/PipeANN-github/experiments/r116_suite/labels/query_1000_u1e-02.spmat,100.0,100.0,10,prefilter,prefilter,prefilter,intersect,exp4_intersect_range_selectivity,2026-05-19T09:48:34.496317Z,ok,0,12,1,0.23886871337890625,True,True,True,True
10,intersect_u1e-02_t13,2382.343994,4,u1e-02,10,2026-05-19T09:48:34.992716Z,0,0,intersect,pipeann.hybrid.search.v1,0,True,/mnt/bak3/lzg/PipeANN-github/experiments/r116_suite/exp6_aris_cpu_clean/tmp/direct_1m,10.0,55668,0,1,10000.0,0.0,128.0,50.176,0,0,1,2317.0,2546.0,2962.0,5409.0,4166.0,1000000,1000,55668,5339.184082,1000,/mnt/bak3/lzg/PipeANN-github/experiments/r116_suite/labels/query_1000_u1e-02.spmat,100.0,100.0,10,prefilter,prefilter,prefilter,intersect,exp4_intersect_range_selectivity,2026-05-19T09:48:34.753927Z,ok,0,13,1,0.23826003074645996,True,True,True,True
10,intersect_u1e-02_t14,2577.813965,4,u1e-02,10,2026-05-19T09:48:35.251090Z,0,0,intersect,pipeann.hybrid.search.v1,0,True,/mnt/bak3/lzg/PipeANN-github/experiments/r116_suite/exp6_aris_cpu_clean/tmp/direct_1m,10.0,56396,0,1,10000.0,0.0,128.0,50.086,0,0,1,2512.0,2792.0,3242.0,5554.0,4916.0,1000000,1000,56396,5317.402832,1000,/mnt/bak3/lzg/PipeANN-github/experiments/r116_suite/labels/query_1000_u1e-02.spmat,100.0,100.0,10,prefilter,prefilter,prefilter,intersect,exp4_intersect_range_selectivity,2026-05-19T09:48:35.010378Z,ok,0,14,1,0.24017763137817383,True,True,True,True
10,intersect_u1e-02_t15,2719.206055,4,u1e-02,10,2026-05-19T09:48:35.508141Z,0,0,intersect,pipeann.hybrid.search.v1,0,True,/mnt/bak3/lzg/PipeANN-github/experiments/r116_suite/exp6_aris_cpu_clean/tmp/direct_1m,10.0,56964,0,1,10000.0,0.0,128.0,51.965,0,0,1,2650.0,2959.0,3434.0,5622.0,5302.0,1000000,1000,56964,5402.294922,1000,/mnt/bak3/lzg/PipeANN-github/experiments/r116_suite/labels/query_1000_u1e-02.spmat,100.0,100.0,10,prefilter,prefilter,prefilter,intersect,exp4_intersect_range_selectivity,2026-05-19T09:48:35.269963Z,ok,0,15,1,0.23764896392822266,True,True,True,True
10,intersect_u1e-02_t16,2775.620117,4,u1e-02,10,2026-05-19T09:48:35.756180Z,0,0,intersect,pipeann.hybrid.search.v1,0,True,/mnt/bak3/lzg/PipeANN-github/experiments/r116_suite/exp6_aris_cpu_clean/tmp/direct_1m,10.0,57596,0,1,10000.0,0.0,128.0,56.34,0,0,1,2692.0,2987.0,3506.0,6179.0,5437.0,1000000,1000,57596,5644.864746,1000,/mnt/bak3/lzg/PipeANN-github/experiments/r116_suite/labels/query_1000_u1e-02.spmat,100.0,100.0,10,prefilter,prefilter,prefilter,intersect,exp4_intersect_range_selectivity,2026-05-19T09:48:35.526033Z,ok,0,16,1,0.2296123504638672,True,True,True,True
10,intersect_u5e-02_t01,1738.862061,4,u5e-02,10,2026-05-19T09:48:37.704796Z,0,0,intersect,pipeann.hybrid.search.v1,0,True,/mnt/bak3/lzg/PipeANN-github/experiments/r116_suite/exp6_aris_cpu_clean/tmp/direct_1m,10.0,45200,0,1,50000.0,0.0,160.0,33.762,0,0,1,1725.0,1771.0,1957.0,2064.0,2003.0,1000000,1000,45200,530.570129,1000,/mnt/bak3/lzg/PipeANN-github/experiments/r116_suite/labels/query_1000_u5e-02.spmat,100.0,100.0,10,prefilter,prefilter,prefilter,intersect,exp4_intersect_range_selectivity,2026-05-19T09:48:35.773966Z,ok,0,1,1,1.9302873611450195,True,True,True,True
10,intersect_u5e-02_t02,1828.235962,4,u5e-02,10,2026-05-19T09:48:38.756724Z,0,0,intersect,pipeann.hybrid.search.v1,0,True,/mnt/bak3/lzg/PipeANN-github/experiments/r116_suite/exp6_aris_cpu_clean/tmp/direct_1m,10.0,46272,0,1,50000.0,0.0,160.0,29.805,0,0,1,1775.0,2077.0,2136.0,5268.0,2240.0,1000000,1000,46272,1013.176331,1000,/mnt/bak3/lzg/PipeANN-github/experiments/r116_suite/labels/query_1000_u5e-02.spmat,100.0,100.0,10,prefilter,prefilter,prefilter,intersect,exp4_intersect_range_selectivity,2026-05-19T09:48:37.723759Z,ok,0,2,1,1.0324387550354004,True,True,True,True
10,intersect_u5e-02_t03,2003.186035,4,u5e-02,10,2026-05-19T09:48:39.541438Z,0,0,intersect,pipeann.hybrid.search.v1,0,True,/mnt/bak3/lzg/PipeANN-github/experiments/r116_suite/exp6_aris_cpu_clean/tmp/direct_1m,10.0,47672,0,1,50000.0,0.0,160.0,30.153,0,0,1,1914.0,2294.0,2413.0,5852.0,3774.0,1000000,1000,47672,1390.293823,1000,/mnt/bak3/lzg/PipeANN-github/experiments/r116_suite/labels/query_1000_u5e-02.spmat,100.0,100.0,10,prefilter,prefilter,prefilter,intersect,exp4_intersect_range_selectivity,2026-05-19T09:48:38.774181Z,ok,0,3,1,0.7667090892791748,True,True,True,True
10,intersect_u5e-02_t04,1933.444946,4,u5e-02,10,2026-05-19T09:48:40.130721Z,0,0,intersect,pipeann.hybrid.search.v1,0,True,/mnt/bak3/lzg/PipeANN-github/experiments/r116_suite/exp6_aris_cpu_clean/tmp/direct_1m,10.0,48612,0,1,50000.0,0.0,160.0,29.519,0,0,1,1883.0,2129.0,2197.0,5675.0,4196.0,1000000,1000,48612,1917.369141,1000,/mnt/bak3/lzg/PipeANN-github/experiments/r116_suite/labels/query_1000_u5e-02.spmat,100.0,100.0,10,prefilter,prefilter,prefilter,intersect,exp4_intersect_range_selectivity,2026-05-19T09:48:39.559789Z,ok,0,4,1,0.5703859329223633,True,True,True,True
10,intersect_u5e-02_t05,1949.391968,4,u5e-02,10,2026-05-19T09:48:40.631614Z,0,0,intersect,pipeann.hybrid.search.v1,0,True,/mnt/bak3/lzg/PipeANN-github/experiments/r116_suite/exp6_aris_cpu_clean/tmp/direct_1m,10.0,50016,0,1,50000.0,0.0,160.0,31.071,0,0,1,1868.0,2120.0,2296.0,5816.0,4850.0,1000000,1000,50016,2367.295898,1000,/mnt/bak3/lzg/PipeANN-github/experiments/r116_suite/labels/query_1000_u5e-02.spmat,100.0,100.0,10,prefilter,prefilter,prefilter,intersect,exp4_intersect_range_selectivity,2026-05-19T09:48:40.148567Z,ok,0,5,1,0.48250699043273926,True,True,True,True
10,intersect_u5e-02_t06,1979.239014,4,u5e-02,10,2026-05-19T09:48:41.054784Z,0,0,intersect,pipeann.hybrid.search.v1,0,True,/mnt/bak3/lzg/PipeANN-github/experiments/r116_suite/exp6_aris_cpu_clean/tmp/direct_1m,10.0,51040,0,1,50000.0,0.0,160.0,31.646,0,0,1,1883.0,2176.0,2321.0,6036.0,5245.0,1000000,1000,51040,2803.429199,1000,/mnt/bak3/lzg/PipeANN-github/experiments/r116_suite/labels/query_1000_u5e-02.spmat,100.0,100.0,10,prefilter,prefilter,prefilter,intersect,exp4_intersect_range_selectivity,2026-05-19T09:48:40.650116Z,ok,0,6,1,0.4041454792022705,True,True,True,True
10,intersect_u5e-02_t07,2196.169922,4,u5e-02,10,2026-05-19T09:48:41.458186Z,0,0,intersect,pipeann.hybrid.search.v1,0,True,/mnt/bak3/lzg/PipeANN-github/experiments/r116_suite/exp6_aris_cpu_clean/tmp/direct_1m,10.0,52308,0,1,50000.0,0.0,160.0,32.056,0,0,1,2040.0,2849.0,3046.0,6222.0,5100.0,1000000,1000,52308,2967.334229,1000,/mnt/bak3/lzg/PipeANN-github/experiments/r116_suite/labels/query_1000_u5e-02.spmat,100.0,100.0,10,prefilter,prefilter,prefilter,intersect,exp4_intersect_range_selectivity,2026-05-19T09:48:41.072548Z,ok,0,7,1,0.3850996494293213,True,True,True,True
10,intersect_u5e-02_t08,2208.427979,4,u5e-02,10,2026-05-19T09:48:41.823455Z,0,0,intersect,pipeann.hybrid.search.v1,0,True,/mnt/bak3/lzg/PipeANN-github/experiments/r116_suite/exp6_aris_cpu_clean/tmp/direct_1m,10.0,53472,0,1,50000.0,0.0,160.0,34.27,0,0,1,2043.0,2817.0,3099.0,6967.0,5640.0,1000000,1000,53472,3362.185547,1000,/mnt/bak3/lzg/PipeANN-github/experiments/r116_suite/labels/query_1000_u5e-02.spmat,100.0,100.0,10,prefilter,prefilter,prefilter,intersect,exp4_intersect_range_selectivity,2026-05-19T09:48:41.476148Z,ok,0,8,1,0.34677624702453613,True,True,True,True
10,intersect_u5e-02_t09,2425.637939,4,u5e-02,10,2026-05-19T09:48:42.180967Z,0,0,intersect,pipeann.hybrid.search.v1,0,True,/mnt/bak3/lzg/PipeANN-github/experiments/r116_suite/exp6_aris_cpu_clean/tmp/direct_1m,10.0,54392,0,1,50000.0,0.0,160.0,35.046,0,0,1,2280.0,3171.0,3408.0,7360.0,5713.0,1000000,1000,54392,3459.731934,1000,/mnt/bak3/lzg/PipeANN-github/experiments/r116_suite/labels/query_1000_u5e-02.spmat,100.0,100.0,10,prefilter,prefilter,prefilter,intersect,exp4_intersect_range_selectivity,2026-05-19T09:48:41.841801Z,ok,0,9,1,0.338611364364624,True,True,True,True
10,intersect_u5e-02_t10,2665.058105,4,u5e-02,10,2026-05-19T09:48:42.537614Z,0,0,intersect,pipeann.hybrid.search.v1,0,True,/mnt/bak3/lzg/PipeANN-github/experiments/r116_suite/exp6_aris_cpu_clean/tmp/direct_1m,10.0,55872,0,1,50000.0,0.0,160.0,37.467,0,0,1,2556.0,3415.0,3668.0,7877.0,5814.0,1000000,1000,55872,3517.494873,1000,/mnt/bak3/lzg/PipeANN-github/experiments/r116_suite/labels/query_1000_u5e-02.spmat,100.0,100.0,10,prefilter,prefilter,prefilter,intersect,exp4_intersect_range_selectivity,2026-05-19T09:48:42.200041Z,ok,0,10,1,0.3370349407196045,True,True,True,True
10,intersect_u5e-02_t11,2588.621094,4,u5e-02,10,2026-05-19T09:48:42.858593Z,0,0,intersect,pipeann.hybrid.search.v1,0,True,/mnt/bak3/lzg/PipeANN-github/experiments/r116_suite/exp6_aris_cpu_clean/tmp/direct_1m,10.0,56924,0,1,50000.0,0.0,160.0,38.111,0,0,1,2436.0,3181.0,3611.0,8340.0,6566.0,1000000,1000,56924,3967.835938,1000,/mnt/bak3/lzg/PipeANN-github/experiments/r116_suite/labels/query_1000_u5e-02.spmat,100.0,100.0,10,prefilter,prefilter,prefilter,intersect,exp4_intersect_range_selectivity,2026-05-19T09:48:42.555662Z,ok,0,11,1,0.30239152908325195,True,True,True,True
10,intersect_u5e-02_t12,2914.741943,4,u5e-02,10,2026-05-19T09:48:43.188687Z,0,0,intersect,pipeann.hybrid.search.v1,0,True,/mnt/bak3/lzg/PipeANN-github/experiments/r116_suite/exp6_aris_cpu_clean/tmp/direct_1m,10.0,57916,0,1,50000.0,0.0,160.0,44.819,0,0,1,2843.0,3493.0,3815.0,9223.0,6539.0,1000000,1000,57916,3863.794189,1000,/mnt/bak3/lzg/PipeANN-github/experiments/r116_suite/labels/query_1000_u5e-02.spmat,100.0,100.0,10,prefilter,prefilter,prefilter,intersect,exp4_intersect_range_selectivity,2026-05-19T09:48:42.877577Z,ok,0,12,1,0.31058168411254883,True,True,True,True
10,intersect_u5e-02_t13,3059.355957,4,u5e-02,10,2026-05-19T09:48:43.507792Z,0,0,intersect,pipeann.hybrid.search.v1,0,True,/mnt/bak3/lzg/PipeANN-github/experiments/r116_suite/exp6_aris_cpu_clean/tmp/direct_1m,10.0,59428,0,1,50000.0,0.0,160.0,40.003,0,0,1,2959.0,3639.0,4041.0,9055.0,7721.0,1000000,1000,59428,4000.7146,1000,/mnt/bak3/lzg/PipeANN-github/experiments/r116_suite/labels/query_1000_u5e-02.spmat,100.0,100.0,10,prefilter,prefilter,prefilter,intersect,exp4_intersect_range_selectivity,2026-05-19T09:48:43.206272Z,ok,0,13,1,0.30098462104797363,True,True,True,True
10,intersect_u5e-02_t14,3214.733887,4,u5e-02,10,2026-05-19T09:48:43.823216Z,0,0,intersect,pipeann.hybrid.search.v1,0,True,/mnt/bak3/lzg/PipeANN-github/experiments/r116_suite/exp6_aris_cpu_clean/tmp/direct_1m,10.0,60448,0,1,50000.0,0.0,160.0,40.994,0,0,1,3086.0,3873.0,4674.0,9153.0,7841.0,1000000,1000,60448,4097.176758,1000,/mnt/bak3/lzg/PipeANN-github/experiments/r116_suite/labels/query_1000_u5e-02.spmat,100.0,100.0,10,prefilter,prefilter,prefilter,intersect,exp4_intersect_range_selectivity,2026-05-19T09:48:43.526307Z,ok,0,14,1,0.29636192321777344,True,True,True,True
10,intersect_u5e-02_t15,3533.433105,4,u5e-02,10,2026-05-19T09:48:44.143058Z,0,0,intersect,pipeann.hybrid.search.v1,0,True,/mnt/bak3/lzg/PipeANN-github/experiments/r116_suite/exp6_aris_cpu_clean/tmp/direct_1m,10.0,61544,0,1,50000.0,0.0,160.0,42.614,0,0,1,3404.0,3911.0,4646.0,10218.0,7931.0,1000000,1000,61544,4012.088135,1000,/mnt/bak3/lzg/PipeANN-github/experiments/r116_suite/labels/query_1000_u5e-02.spmat,100.0,100.0,10,prefilter,prefilter,prefilter,intersect,exp4_intersect_range_selectivity,2026-05-19T09:48:43.840857Z,ok,0,15,1,0.30165958404541016,True,True,True,True
10,intersect_u5e-02_t16,3660.051025,4,u5e-02,10,2026-05-19T09:48:44.457778Z,0,0,intersect,pipeann.hybrid.search.v1,0,True,/mnt/bak3/lzg/PipeANN-github/experiments/r116_suite/exp6_aris_cpu_clean/tmp/direct_1m,10.0,62808,0,1,50000.0,0.0,160.0,46.874,0,0,1,3506.0,4138.0,4812.0,9538.0,8252.0,1000000,1000,62808,4133.564941,1000,/mnt/bak3/lzg/PipeANN-github/experiments/r116_suite/labels/query_1000_u5e-02.spmat,100.0,100.0,10,prefilter,prefilter,prefilter,intersect,exp4_intersect_range_selectivity,2026-05-19T09:48:44.161446Z,ok,0,16,1,0.295795202255249,True,True,True,True
10,intersect_u1e-01_t01,2766.208984,4,u1e-01,10,2026-05-19T09:48:47.483281Z,0,0,intersect,pipeann.hybrid.search.v1,0,True,/mnt/bak3/lzg/PipeANN-github/experiments/r116_suite/exp6_aris_cpu_clean/tmp/direct_1m,10.0,46024,0,1,100000.0,0.0,160.0,28.297,0,0,1,3094.0,3150.0,3233.0,3522.0,3389.0,1000000,1000,46024,337.50528,1000,/mnt/bak3/lzg/PipeANN-github/experiments/r116_suite/labels/query_1000_u1e-01.spmat,100.0,100.0,10,prefilter,prefilter,prefilter,intersect,exp4_intersect_range_selectivity,2026-05-19T09:48:44.476111Z,ok,0,1,1,3.0066864490509033,True,True,True,True
10,intersect_u1e-01_t02,3603.628906,4,u1e-01,10,2026-05-19T09:48:49.470429Z,0,0,intersect,pipeann.hybrid.search.v1,0,True,/mnt/bak3/lzg/PipeANN-github/experiments/r116_suite/exp6_aris_cpu_clean/tmp/direct_1m,10.0,47892,0,1,100000.0,0.0,160.0,28.393,0,0,1,3184.0,4567.0,4658.0,9218.0,4952.0,1000000,1000,47892,521.446472,1000,/mnt/bak3/lzg/PipeANN-github/experiments/r116_suite/labels/query_1000_u1e-01.spmat,100.0,100.0,10,prefilter,prefilter,prefilter,intersect,exp4_intersect_range_selectivity,2026-05-19T09:48:47.501555Z,ok,0,2,1,1.9683887958526611,True,True,True,True
10,intersect_u1e-01_t03,3072.909912,4,u1e-01,10,2026-05-19T09:48:50.629549Z,0,0,intersect,pipeann.hybrid.search.v1,0,True,/mnt/bak3/lzg/PipeANN-github/experiments/r116_suite/exp6_aris_cpu_clean/tmp/direct_1m,10.0,49312,0,1,100000.0,0.0,160.0,20.906,0,0,1,2981.0,3655.0,3720.0,9188.0,4955.0,1000000,1000,49312,917.269348,1000,/mnt/bak3/lzg/PipeANN-github/experiments/r116_suite/labels/query_1000_u1e-01.spmat,100.0,100.0,10,prefilter,prefilter,prefilter,intersect,exp4_intersect_range_selectivity,2026-05-19T09:48:49.488210Z,ok,0,3,1,1.140852451324463,True,True,True,True
10,intersect_u1e-01_t04,3164.450928,4,u1e-01,10,2026-05-19T09:48:51.541932Z,0,0,intersect,pipeann.hybrid.search.v1,0,True,/mnt/bak3/lzg/PipeANN-github/experiments/r116_suite/exp6_aris_cpu_clean/tmp/direct_1m,10.0,50576,0,1,100000.0,0.0,160.0,21.417,0,0,1,3109.0,3756.0,3814.0,9173.0,6900.0,1000000,1000,50576,1187.39917,1000,/mnt/bak3/lzg/PipeANN-github/experiments/r116_suite/labels/query_1000_u1e-01.spmat,100.0,100.0,10,prefilter,prefilter,prefilter,intersect,exp4_intersect_range_selectivity,2026-05-19T09:48:50.647847Z,ok,0,4,1,0.8935983180999756,True,True,True,True
10,intersect_u1e-01_t05,2921.470947,4,u1e-01,10,2026-05-19T09:48:52.235214Z,0,0,intersect,pipeann.hybrid.search.v1,0,True,/mnt/bak3/lzg/PipeANN-github/experiments/r116_suite/exp6_aris_cpu_clean/tmp/direct_1m,10.0,51768,0,1,100000.0,0.0,160.0,21.981,0,0,1,2964.0,3204.0,3284.0,9361.0,6138.0,1000000,1000,51768,1601.270264,1000,/mnt/bak3/lzg/PipeANN-github/experiments/r116_suite/labels/query_1000_u1e-01.spmat,100.0,100.0,10,prefilter,prefilter,prefilter,intersect,exp4_intersect_range_selectivity,2026-05-19T09:48:51.560677Z,ok,0,5,1,0.6740748882293701,True,True,True,True
10,intersect_u1e-01_t06,3015.943115,4,u1e-01,10,2026-05-19T09:48:52.831683Z,0,0,intersect,pipeann.hybrid.search.v1,0,True,/mnt/bak3/lzg/PipeANN-github/experiments/r116_suite/exp6_aris_cpu_clean/tmp/direct_1m,10.0,53212,0,1,100000.0,0.0,160.0,22.798,0,0,1,2993.0,3271.0,3705.0,9467.0,7461.0,1000000,1000,53212,1859.314209,1000,/mnt/bak3/lzg/PipeANN-github/experiments/r116_suite/labels/query_1000_u1e-01.spmat,100.0,100.0,10,prefilter,prefilter,prefilter,intersect,exp4_intersect_range_selectivity,2026-05-19T09:48:52.254199Z,ok,0,6,1,0.5770149230957031,True,True,True,True
10,intersect_u1e-01_t07,3524.906982,4,u1e-01,10,2026-05-19T09:48:53.429937Z,0,0,intersect,pipeann.hybrid.search.v1,0,True,/mnt/bak3/lzg/PipeANN-github/experiments/r116_suite/exp6_aris_cpu_clean/tmp/direct_1m,10.0,54484,0,1,100000.0,0.0,160.0,30.021,0,0,1,3449.0,3853.0,4307.0,10438.0,7263.0,1000000,1000,54484,1858.315552,1000,/mnt/bak3/lzg/PipeANN-github/experiments/r116_suite/labels/query_1000_u1e-01.spmat,100.0,100.0,10,prefilter,prefilter,prefilter,intersect,exp4_intersect_range_selectivity,2026-05-19T09:48:52.849358Z,ok,0,7,1,0.5800509452819824,True,True,True,True
10,intersect_u1e-01_t08,3680.438965,4,u1e-01,10,2026-05-19T09:48:54.000200Z,0,0,intersect,pipeann.hybrid.search.v1,0,True,/mnt/bak3/lzg/PipeANN-github/experiments/r116_suite/exp6_aris_cpu_clean/tmp/direct_1m,10.0,56100,0,1,100000.0,0.0,160.0,34.1,0,0,1,3529.0,4446.0,4784.0,11152.0,7092.0,1000000,1000,56100,2032.916626,1000,/mnt/bak3/lzg/PipeANN-github/experiments/r116_suite/labels/query_1000_u1e-01.spmat,100.0,100.0,10,prefilter,prefilter,prefilter,intersect,exp4_intersect_range_selectivity,2026-05-19T09:48:53.447684Z,ok,0,8,1,0.551978588104248,True,True,True,True
10,intersect_u1e-01_t09,3225.62793,4,u1e-01,10,2026-05-19T09:48:54.460841Z,0,0,intersect,pipeann.hybrid.search.v1,0,True,/mnt/bak3/lzg/PipeANN-github/experiments/r116_suite/exp6_aris_cpu_clean/tmp/direct_1m,10.0,57660,0,1,100000.0,0.0,160.0,28.198,0,0,1,3061.0,3739.0,4014.0,10814.0,7405.0,1000000,1000,57660,2599.988525,1000,/mnt/bak3/lzg/PipeANN-github/experiments/r116_suite/labels/query_1000_u1e-01.spmat,100.0,100.0,10,prefilter,prefilter,prefilter,intersect,exp4_intersect_range_selectivity,2026-05-19T09:48:54.017734Z,ok,0,9,1,0.4426083564758301,True,True,True,True
10,intersect_u1e-01_t10,3267.303955,4,u1e-01,10,2026-05-19T09:48:54.869275Z,0,0,intersect,pipeann.hybrid.search.v1,0,True,/mnt/bak3/lzg/PipeANN-github/experiments/r116_suite/exp6_aris_cpu_clean/tmp/direct_1m,10.0,58900,0,1,100000.0,0.0,160.0,28.168,0,0,1,3068.0,3804.0,4076.0,10544.0,7754.0,1000000,1000,58900,2847.462891,1000,/mnt/bak3/lzg/PipeANN-github/experiments/r116_suite/labels/query_1000_u1e-01.spmat,100.0,100.0,10,prefilter,prefilter,prefilter,intersect,exp4_intersect_range_selectivity,2026-05-19T09:48:54.480045Z,ok,0,10,1,0.3887674808502197,True,True,True,True
10,intersect_u1e-01_t11,3275.5,4,u1e-01,10,2026-05-19T09:48:55.243697Z,0,0,intersect,pipeann.hybrid.search.v1,0,True,/mnt/bak3/lzg/PipeANN-github/experiments/r116_suite/exp6_aris_cpu_clean/tmp/direct_1m,10.0,60540,0,1,100000.0,0.0,160.0,29.185,0,0,1,3103.0,3809.0,4099.0,10923.0,8609.0,1000000,1000,60540,3127.347412,1000,/mnt/bak3/lzg/PipeANN-github/experiments/r116_suite/labels/query_1000_u1e-01.spmat,100.0,100.0,10,prefilter,prefilter,prefilter,intersect,exp4_intersect_range_selectivity,2026-05-19T09:48:54.887373Z,ok,0,11,1,0.3558528423309326,True,True,True,True
10,intersect_u1e-01_t12,3434.25293,4,u1e-01,10,2026-05-19T09:48:55.604585Z,0,0,intersect,pipeann.hybrid.search.v1,0,True,/mnt/bak3/lzg/PipeANN-github/experiments/r116_suite/exp6_aris_cpu_clean/tmp/direct_1m,10.0,61792,0,1,100000.0,0.0,160.0,29.247,0,0,1,3252.0,3913.0,4219.0,10576.0,8783.0,1000000,1000,61792,3257.91333,1000,/mnt/bak3/lzg/PipeANN-github/experiments/r116_suite/labels/query_1000_u1e-01.spmat,100.0,100.0,10,prefilter,prefilter,prefilter,intersect,exp4_intersect_range_selectivity,2026-05-19T09:48:55.260762Z,ok,0,12,1,0.34334397315979004,True,True,True,True
10,intersect_u1e-01_t13,3430.968994,4,u1e-01,10,2026-05-19T09:48:55.942692Z,0,0,intersect,pipeann.hybrid.search.v1,0,True,/mnt/bak3/lzg/PipeANN-github/experiments/r116_suite/exp6_aris_cpu_clean/tmp/direct_1m,10.0,63064,0,1,100000.0,0.0,160.0,29.718,0,0,1,3190.0,3883.0,4392.0,11029.0,9631.0,1000000,1000,63064,3519.861328,1000,/mnt/bak3/lzg/PipeANN-github/experiments/r116_suite/labels/query_1000_u1e-01.spmat,100.0,100.0,10,prefilter,prefilter,prefilter,intersect,exp4_intersect_range_selectivity,2026-05-19T09:48:55.621820Z,ok,0,13,1,0.3204033374786377,True,True,True,True
10,intersect_u1e-01_t14,3496.37793,4,u1e-01,10,2026-05-19T09:48:56.267131Z,0,0,intersect,pipeann.hybrid.search.v1,0,True,/mnt/bak3/lzg/PipeANN-github/experiments/r116_suite/exp6_aris_cpu_clean/tmp/direct_1m,10.0,64872,0,1,100000.0,0.0,160.0,31.618,0,0,1,3274.0,3913.0,4439.0,11281.0,10423.0,1000000,1000,64872,3713.618408,1000,/mnt/bak3/lzg/PipeANN-github/experiments/r116_suite/labels/query_1000_u1e-01.spmat,100.0,100.0,10,prefilter,prefilter,prefilter,intersect,exp4_intersect_range_selectivity,2026-05-19T09:48:55.960379Z,ok,0,14,1,0.3062875270843506,True,True,True,False
10,intersect_u1e-01_t15,3459.822021,4,u1e-01,10,2026-05-19T09:48:56.572056Z,0,0,intersect,pipeann.hybrid.search.v1,0,True,/mnt/bak3/lzg/PipeANN-github/experiments/r116_suite/exp6_aris_cpu_clean/tmp/direct_1m,10.0,66052,0,1,100000.0,0.0,160.0,33.049,0,0,1,3181.0,3877.0,4812.0,11862.0,9684.0,1000000,1000,66052,4010.27002,1000,/mnt/bak3/lzg/PipeANN-github/experiments/r116_suite/labels/query_1000_u1e-01.spmat,100.0,100.0,10,prefilter,prefilter,prefilter,intersect,exp4_intersect_range_selectivity,2026-05-19T09:48:56.284540Z,ok,0,15,1,0.28703904151916504,True,True,True,True
10,intersect_u1e-01_t16,3599.023926,4,u1e-01,10,2026-05-19T09:48:56.889641Z,0,0,intersect,pipeann.hybrid.search.v1,0,True,/mnt/bak3/lzg/PipeANN-github/experiments/r116_suite/exp6_aris_cpu_clean/tmp/direct_1m,10.0,67056,0,1,100000.0,0.0,160.0,37.074,0,0,1,3331.0,4038.0,5257.0,12671.0,11468.0,1000000,1000,67056,4119.597656,1000,/mnt/bak3/lzg/PipeANN-github/experiments/r116_suite/labels/query_1000_u1e-01.spmat,100.0,100.0,10,prefilter,prefilter,prefilter,intersect,exp4_intersect_range_selectivity,2026-05-19T09:48:56.590238Z,ok,0,16,1,0.298922061920166,True,True,True,False
10,intersect_u25_t01,4980.602051,4,u25,10,2026-05-19T09:49:02.255551Z,0,0,intersect,pipeann.hybrid.search.v1,0,True,/mnt/bak3/lzg/PipeANN-github/experiments/r116_suite/exp6_aris_cpu_clean/tmp/direct_1m,10.0,47000,0,1,250000.0,0.0,192.0,17.5,0,0,1,4966.0,4988.0,5198.0,5971.0,5231.0,1000000,1000,47000,188.74411,1000,/mnt/bak3/lzg/PipeANN-github/experiments/r116_suite/labels/query_1000_u25.spmat,100.0,100.0,10,prefilter,prefilter,prefilter,intersect,exp4_intersect_range_selectivity,2026-05-19T09:48:56.908069Z,ok,0,1,1,5.347019672393799,True,True,True,True
10,intersect_u25_t02,6258.208984,4,u25,10,2026-05-19T09:49:05.639575Z,0,0,intersect,pipeann.hybrid.search.v1,0,True,/mnt/bak3/lzg/PipeANN-github/experiments/r116_suite/exp6_aris_cpu_clean/tmp/direct_1m,10.0,49696,0,1,250000.0,0.0,192.0,21.44,0,0,1,5682.0,8228.0,8269.0,17437.0,8493.0,1000000,1000,49696,301.385956,1000,/mnt/bak3/lzg/PipeANN-github/experiments/r116_suite/labels/query_1000_u25.spmat,100.0,100.0,10,prefilter,prefilter,prefilter,intersect,exp4_intersect_range_selectivity,2026-05-19T09:49:02.272888Z,ok,0,2,1,3.366208791732788,True,True,True,True
10,intersect_u25_t03,5404.490234,4,u25,10,2026-05-19T09:49:07.617788Z,0,0,intersect,pipeann.hybrid.search.v1,0,True,/mnt/bak3/lzg/PipeANN-github/experiments/r116_suite/exp6_aris_cpu_clean/tmp/direct_1m,10.0,52684,0,1,250000.0,0.0,192.0,19.32,0,0,1,5408.0,5682.0,5746.0,18055.0,7035.0,1000000,1000,52684,523.198975,1000,/mnt/bak3/lzg/PipeANN-github/experiments/r116_suite/labels/query_1000_u25.spmat,100.0,100.0,10,prefilter,prefilter,prefilter,intersect,exp4_intersect_range_selectivity,2026-05-19T09:49:05.657050Z,ok,0,3,1,1.9602632522583008,True,True,True,True
10,intersect_u25_t04,5793.27002,4,u25,10,2026-05-19T09:49:09.209584Z,0,0,intersect,pipeann.hybrid.search.v1,0,True,/mnt/bak3/lzg/PipeANN-github/experiments/r116_suite/exp6_aris_cpu_clean/tmp/direct_1m,10.0,55388,0,1,250000.0,0.0,192.0,21.136,0,0,1,5451.0,7260.0,7341.0,19251.0,7637.0,1000000,1000,55388,649.61731,1000,/mnt/bak3/lzg/PipeANN-github/experiments/r116_suite/labels/query_1000_u25.spmat,100.0,100.0,10,prefilter,prefilter,prefilter,intersect,exp4_intersect_range_selectivity,2026-05-19T09:49:07.635932Z,ok,0,4,1,1.5731875896453857,True,True,True,True
10,intersect_u25_t05,6041.890137,4,u25,10,2026-05-19T09:49:10.549690Z,0,0,intersect,pipeann.hybrid.search.v1,0,True,/mnt/bak3/lzg/PipeANN-github/experiments/r116_suite/exp6_aris_cpu_clean/tmp/direct_1m,10.0,58176,0,1,250000.0,0.0,192.0,22.945,0,0,1,5573.0,7338.0,7456.0,19187.0,8293.0,1000000,1000,58176,776.109924,1000,/mnt/bak3/lzg/PipeANN-github/experiments/r116_suite/labels/query_1000_u25.spmat,100.0,100.0,10,prefilter,prefilter,prefilter,intersect,exp4_intersect_range_selectivity,2026-05-19T09:49:09.227457Z,ok,0,5,1,1.3217666149139404,True,True,True,True
10,intersect_u25_t06,6709.473145,4,u25,10,2026-05-19T09:49:11.792725Z,0,0,intersect,pipeann.hybrid.search.v1,0,True,/mnt/bak3/lzg/PipeANN-github/experiments/r116_suite/exp6_aris_cpu_clean/tmp/direct_1m,10.0,60976,0,1,250000.0,0.0,192.0,24.832,0,0,1,6901.0,8469.0,8867.0,19190.0,11285.0,1000000,1000,60976,841.103271,1000,/mnt/bak3/lzg/PipeANN-github/experiments/r116_suite/labels/query_1000_u25.spmat,100.0,100.0,10,prefilter,prefilter,prefilter,intersect,exp4_intersect_range_selectivity,2026-05-19T09:49:10.566976Z,ok,0,6,1,1.2252731323242188,True,True,True,False
10,intersect_u25_t07,6798.919922,4,u25,10,2026-05-19T09:49:12.898964Z,0,0,intersect,pipeann.hybrid.search.v1,0,True,/mnt/bak3/lzg/PipeANN-github/experiments/r116_suite/exp6_aris_cpu_clean/tmp/direct_1m,10.0,63776,0,1,250000.0,0.0,192.0,26.797,0,0,1,6931.0,8058.0,8732.0,19348.0,11343.0,1000000,1000,63776,966.682312,1000,/mnt/bak3/lzg/PipeANN-github/experiments/r116_suite/labels/query_1000_u25.spmat,100.0,100.0,10,prefilter,prefilter,prefilter,intersect,exp4_intersect_range_selectivity,2026-05-19T09:49:11.811501Z,ok,0,7,1,1.0869896411895752,True,True,True,False
10,intersect_u25_t08,6955.911133,4,u25,10,2026-05-19T09:49:13.900099Z,0,0,intersect,pipeann.hybrid.search.v1,0,True,/mnt/bak3/lzg/PipeANN-github/experiments/r116_suite/exp6_aris_cpu_clean/tmp/direct_1m,10.0,66184,0,1,250000.0,0.0,192.0,27.187,0,0,1,7125.0,8733.0,8888.0,19604.0,11182.0,1000000,1000,66184,1078.610962,1000,/mnt/bak3/lzg/PipeANN-github/experiments/r116_suite/labels/query_1000_u25.spmat,100.0,100.0,10,prefilter,prefilter,prefilter,intersect,exp4_intersect_range_selectivity,2026-05-19T09:49:12.917795Z,ok,0,8,1,0.9818298816680908,True,True,True,False
10,intersect_u25_t09,6917.751953,4,u25,10,2026-05-19T09:49:14.794980Z,0,0,intersect,pipeann.hybrid.search.v1,0,True,/mnt/bak3/lzg/PipeANN-github/experiments/r116_suite/exp6_aris_cpu_clean/tmp/direct_1m,10.0,68644,0,1,250000.0,0.0,192.0,28.637,0,0,1,6924.0,8731.0,8899.0,20120.0,10817.0,1000000,1000,68644,1217.378418,1000,/mnt/bak3/lzg/PipeANN-github/experiments/r116_suite/labels/query_1000_u25.spmat,100.0,100.0,10,prefilter,prefilter,prefilter,intersect,exp4_intersect_range_selectivity,2026-05-19T09:49:13.918588Z,ok,0,9,1,0.875929594039917,True,True,True,False
10,intersect_u25_t10,7109.168945,4,u25,10,2026-05-19T09:49:15.611611Z,0,0,intersect,pipeann.hybrid.search.v1,0,True,/mnt/bak3/lzg/PipeANN-github/experiments/r116_suite/exp6_aris_cpu_clean/tmp/direct_1m,10.0,71588,0,1,250000.0,0.0,192.0,30.818,0,0,1,7024.0,8802.0,8899.0,20252.0,11983.0,1000000,1000,71588,1314.872681,1000,/mnt/bak3/lzg/PipeANN-github/experiments/r116_suite/labels/query_1000_u25.spmat,100.0,100.0,10,prefilter,prefilter,prefilter,intersect,exp4_intersect_range_selectivity,2026-05-19T09:49:14.813077Z,ok,0,10,1,0.7980656623840332,True,True,True,False
10,intersect_u25_t11,7211.577148,4,u25,10,2026-05-19T09:49:16.369824Z,0,0,intersect,pipeann.hybrid.search.v1,0,True,/mnt/bak3/lzg/PipeANN-github/experiments/r116_suite/exp6_aris_cpu_clean/tmp/direct_1m,10.0,74248,0,1,250000.0,0.0,192.0,32.771,0,0,1,7172.0,8819.0,8998.0,19606.0,17464.0,1000000,1000,74248,1421.11731,1000,/mnt/bak3/lzg/PipeANN-github/experiments/r116_suite/labels/query_1000_u25.spmat,100.0,100.0,10,prefilter,prefilter,prefilter,intersect,exp4_intersect_range_selectivity,2026-05-19T09:49:15.628609Z,ok,0,11,1,0.7407436370849609,True,True,True,False
10,intersect_u25_t12,7305.856934,4,u25,10,2026-05-19T09:49:17.081611Z,0,0,intersect,pipeann.hybrid.search.v1,0,True,/mnt/bak3/lzg/PipeANN-github/experiments/r116_suite/exp6_aris_cpu_clean/tmp/direct_1m,10.0,76908,0,1,250000.0,0.0,192.0,34.759,0,0,1,7209.0,8807.0,8973.0,21269.0,18226.0,1000000,1000,76908,1531.742798,1000,/mnt/bak3/lzg/PipeANN-github/experiments/r116_suite/labels/query_1000_u25.spmat,100.0,100.0,10,prefilter,prefilter,prefilter,intersect,exp4_intersect_range_selectivity,2026-05-19T09:49:16.388446Z,ok,0,12,1,0.6926989555358887,True,True,True,False
10,intersect_u25_t13,7361.685059,4,u25,10,2026-05-19T09:49:17.748084Z,0,0,intersect,pipeann.hybrid.search.v1,0,True,/mnt/bak3/lzg/PipeANN-github/experiments/r116_suite/exp6_aris_cpu_clean/tmp/direct_1m,10.0,79872,0,1,250000.0,0.0,192.0,39.163,0,0,1,7162.0,8795.0,8901.0,20745.0,18603.0,1000000,1000,79872,1645.105469,1000,/mnt/bak3/lzg/PipeANN-github/experiments/r116_suite/labels/query_1000_u25.spmat,100.0,100.0,10,prefilter,prefilter,prefilter,intersect,exp4_intersect_range_selectivity,2026-05-19T09:49:17.099701Z,ok,0,13,1,0.647921085357666,True,True,True,False
10,intersect_u25_t14,7367.230957,4,u25,10,2026-05-19T09:49:18.373572Z,0,0,intersect,pipeann.hybrid.search.v1,0,True,/mnt/bak3/lzg/PipeANN-github/experiments/r116_suite/exp6_aris_cpu_clean/tmp/direct_1m,10.0,84496,0,1,250000.0,0.0,192.0,39.097,0,0,1,7183.0,8813.0,8980.0,20397.0,18166.0,1000000,1000,84496,1763.220337,1000,/mnt/bak3/lzg/PipeANN-github/experiments/r116_suite/labels/query_1000_u25.spmat,100.0,100.0,10,prefilter,prefilter,prefilter,intersect,exp4_intersect_range_selectivity,2026-05-19T09:49:17.765963Z,ok,0,14,1,0.6071202754974365,True,True,True,False
10,intersect_u25_t15,7645.588867,4,u25,10,2026-05-19T09:49:18.979154Z,0,0,intersect,pipeann.hybrid.search.v1,0,True,/mnt/bak3/lzg/PipeANN-github/experiments/r116_suite/exp6_aris_cpu_clean/tmp/direct_1m,10.0,85268,0,1,250000.0,0.0,192.0,41.616,0,0,1,7307.0,8892.0,9040.0,20970.0,18953.0,1000000,1000,85268,1823.411255,1000,/mnt/bak3/lzg/PipeANN-github/experiments/r116_suite/labels/query_1000_u25.spmat,100.0,100.0,10,prefilter,prefilter,prefilter,intersect,exp4_intersect_range_selectivity,2026-05-19T09:49:18.390972Z,ok,0,15,1,0.587653398513794,True,True,True,False
10,intersect_u25_t16,7819.688965,4,u25,10,2026-05-19T09:49:19.573338Z,0,0,intersect,pipeann.hybrid.search.v1,0,True,/mnt/bak3/lzg/PipeANN-github/experiments/r116_suite/exp6_aris_cpu_clean/tmp/direct_1m,10.0,87916,0,1,250000.0,0.0,192.0,43.912,0,0,1,7267.0,8873.0,9040.0,32620.0,19147.0,1000000,1000,87916,1897.5448,1000,/mnt/bak3/lzg/PipeANN-github/experiments/r116_suite/labels/query_1000_u25.spmat,100.0,100.0,10,prefilter,prefilter,prefilter,intersect,exp4_intersect_range_selectivity,2026-05-19T09:49:18.997382Z,ok,0,16,1,0.5754694938659668,True,True,True,False
10,intersect_u30_t01,5893.38916,4,u30,10,2026-05-19T09:49:25.889646Z,0,0,intersect,pipeann.hybrid.search.v1,0,True,/mnt/bak3/lzg/PipeANN-github/experiments/r116_suite/exp6_aris_cpu_clean/tmp/direct_1m,10.0,47352,0,1,300000.0,0.0,192.0,18.163,0,0,1,5876.0,5949.0,6021.0,6509.0,6144.0,1000000,1000,47352,159.583588,1000,/mnt/bak3/lzg/PipeANN-github/experiments/r116_suite/labels/query_1000_u30.spmat,99.769997,99.769997,10,prefilter,prefilter,prefilter,intersect,exp4_intersect_range_selectivity,2026-05-19T09:49:19.590552Z,ok,0,1,1,6.298597574234009,True,True,True,True
10,intersect_u30_t02,6597.958008,4,u30,10,2026-05-19T09:49:29.446662Z,0,0,intersect,pipeann.hybrid.search.v1,0,True,/mnt/bak3/lzg/PipeANN-github/experiments/r116_suite/exp6_aris_cpu_clean/tmp/direct_1m,10.0,50480,0,1,300000.0,0.0,192.0,19.082,0,0,1,6364.0,8179.0,8556.0,20514.0,8825.0,1000000,1000,50480,285.733704,1000,/mnt/bak3/lzg/PipeANN-github/experiments/r116_suite/labels/query_1000_u30.spmat,99.769997,99.769997,10,prefilter,prefilter,prefilter,intersect,exp4_intersect_range_selectivity,2026-05-19T09:49:25.908152Z,ok,0,2,1,3.5380375385284424,True,True,True,True
10,intersect_u30_t03,6665.569824,4,u30,10,2026-05-19T09:49:31.859375Z,0,0,intersect,pipeann.hybrid.search.v1,0,True,/mnt/bak3/lzg/PipeANN-github/experiments/r116_suite/exp6_aris_cpu_clean/tmp/direct_1m,10.0,53684,0,1,300000.0,0.0,192.0,19.618,0,0,1,6349.0,8583.0,8705.0,21485.0,8914.0,1000000,1000,53684,423.776825,1000,/mnt/bak3/lzg/PipeANN-github/experiments/r116_suite/labels/query_1000_u30.spmat,99.769997,99.769997,10,prefilter,prefilter,prefilter,intersect,exp4_intersect_range_selectivity,2026-05-19T09:49:29.464558Z,ok,0,3,1,2.394346237182617,True,True,True,True
10,intersect_u30_t04,6786.176758,4,u30,10,2026-05-19T09:49:33.713260Z,0,0,intersect,pipeann.hybrid.search.v1,0,True,/mnt/bak3/lzg/PipeANN-github/experiments/r116_suite/exp6_aris_cpu_clean/tmp/direct_1m,10.0,56916,0,1,300000.0,0.0,192.0,20.571,0,0,1,6463.0,8587.0,8692.0,21176.0,8941.0,1000000,1000,56916,554.739563,1000,/mnt/bak3/lzg/PipeANN-github/experiments/r116_suite/labels/query_1000_u30.spmat,99.769997,99.769997,10,prefilter,prefilter,prefilter,intersect,exp4_intersect_range_selectivity,2026-05-19T09:49:31.876820Z,ok,0,4,1,1.835958480834961,True,True,True,True
10,intersect_u30_t05,6737.663086,4,u30,10,2026-05-19T09:49:35.199705Z,0,0,intersect,pipeann.hybrid.search.v1,0,True,/mnt/bak3/lzg/PipeANN-github/experiments/r116_suite/exp6_aris_cpu_clean/tmp/direct_1m,10.0,59992,0,1,300000.0,0.0,192.0,21.657,0,0,1,6425.0,8216.0,8506.0,20786.0,8758.0,1000000,1000,59992,696.874023,1000,/mnt/bak3/lzg/PipeANN-github/experiments/r116_suite/labels/query_1000_u30.spmat,99.769997,99.769997,10,prefilter,prefilter,prefilter,intersect,exp4_intersect_range_selectivity,2026-05-19T09:49:33.730603Z,ok,0,5,1,1.468632459640503,True,True,True,True
10,intersect_u30_t06,7501.080078,4,u30,10,2026-05-19T09:49:36.588229Z,0,0,intersect,pipeann.hybrid.search.v1,0,True,/mnt/bak3/lzg/PipeANN-github/experiments/r116_suite/exp6_aris_cpu_clean/tmp/direct_1m,10.0,63296,0,1,300000.0,0.0,192.0,23.338,0,0,1,6718.0,8901.0,10600.0,21581.0,11419.0,1000000,1000,63296,751.38269,1000,/mnt/bak3/lzg/PipeANN-github/experiments/r116_suite/labels/query_1000_u30.spmat,99.769997,99.769997,10,prefilter,prefilter,prefilter,intersect,exp4_intersect_range_selectivity,2026-05-19T09:49:35.217988Z,ok,0,6,1,1.3697435855865479,True,True,False,False
10,intersect_u30_t07,8004.341797,4,u30,10,2026-05-19T09:49:37.875995Z,0,0,intersect,pipeann.hybrid.search.v1,0,True,/mnt/bak3/lzg/PipeANN-github/experiments/r116_suite/exp6_aris_cpu_clean/tmp/direct_1m,10.0,66520,0,1,300000.0,0.0,192.0,26.562,0,0,1,8280.0,9173.0,10355.0,19880.0,11857.0,1000000,1000,66520,820.777832,1000,/mnt/bak3/lzg/PipeANN-github/experiments/r116_suite/labels/query_1000_u30.spmat,99.769997,99.769997,10,prefilter,prefilter,prefilter,intersect,exp4_intersect_range_selectivity,2026-05-19T09:49:36.605628Z,ok,0,7,1,1.2698957920074463,True,True,False,False
10,intersect_u30_t08,8046.503906,4,u30,10,2026-05-19T09:49:39.006182Z,0,0,intersect,pipeann.hybrid.search.v1,0,True,/mnt/bak3/lzg/PipeANN-github/experiments/r116_suite/exp6_aris_cpu_clean/tmp/direct_1m,10.0,69636,0,1,300000.0,0.0,192.0,26.877,0,0,1,8204.0,10330.0,10573.0,22880.0,12141.0,1000000,1000,69636,932.897583,1000,/mnt/bak3/lzg/PipeANN-github/experiments/r116_suite/labels/query_1000_u30.spmat,99.769997,99.769997,10,prefilter,prefilter,prefilter,intersect,exp4_intersect_range_selectivity,2026-05-19T09:49:37.894072Z,ok,0,8,1,1.1116418838500977,True,False,False,False
10,intersect_u30_t09,8008.282227,4,u30,10,2026-05-19T09:49:40.011927Z,0,0,intersect,pipeann.hybrid.search.v1,0,True,/mnt/bak3/lzg/PipeANN-github/experiments/r116_suite/exp6_aris_cpu_clean/tmp/direct_1m,10.0,71488,0,1,300000.0,0.0,192.0,28.194,0,0,1,8148.0,10389.0,10537.0,21876.0,12021.0,1000000,1000,71488,1054.703369,1000,/mnt/bak3/lzg/PipeANN-github/experiments/r116_suite/labels/query_1000_u30.spmat,99.769997,99.769997,10,prefilter,prefilter,prefilter,intersect,exp4_intersect_range_selectivity,2026-05-19T09:49:39.025293Z,ok,0,9,1,0.9861698150634766,True,False,False,False
10,intersect_u30_t10,8216.591797,4,u30,10,2026-05-19T09:49:40.945121Z,0,0,intersect,pipeann.hybrid.search.v1,0,True,/mnt/bak3/lzg/PipeANN-github/experiments/r116_suite/exp6_aris_cpu_clean/tmp/direct_1m,10.0,74340,0,1,300000.0,0.0,192.0,30.226,0,0,1,8205.0,10409.0,10551.0,21495.0,12987.0,1000000,1000,74340,1138.757935,1000,/mnt/bak3/lzg/PipeANN-github/experiments/r116_suite/labels/query_1000_u30.spmat,99.769997,99.769997,10,prefilter,prefilter,prefilter,intersect,exp4_intersect_range_selectivity,2026-05-19T09:49:40.029759Z,ok,0,10,1,0.9148743152618408,True,False,False,False
10,intersect_u30_t11,8257.06543,4,u30,10,2026-05-19T09:49:41.805542Z,0,0,intersect,pipeann.hybrid.search.v1,0,True,/mnt/bak3/lzg/PipeANN-github/experiments/r116_suite/exp6_aris_cpu_clean/tmp/direct_1m,10.0,77296,0,1,300000.0,0.0,192.0,30.905,0,0,1,8323.0,10380.0,10591.0,22388.0,19637.0,1000000,1000,77296,1244.838501,1000,/mnt/bak3/lzg/PipeANN-github/experiments/r116_suite/labels/query_1000_u30.spmat,99.769997,99.769997,10,prefilter,prefilter,prefilter,intersect,exp4_intersect_range_selectivity,2026-05-19T09:49:40.963607Z,ok,0,11,1,0.8414690494537354,True,False,False,False
10,intersect_u30_t12,8451.228516,4,u30,10,2026-05-19T09:49:42.618074Z,0,0,intersect,pipeann.hybrid.search.v1,0,True,/mnt/bak3/lzg/PipeANN-github/experiments/r116_suite/exp6_aris_cpu_clean/tmp/direct_1m,10.0,80696,0,1,300000.0,0.0,192.0,33.52,0,0,1,8426.0,10496.0,10660.0,22923.0,20571.0,1000000,1000,80696,1325.311646,1000,/mnt/bak3/lzg/PipeANN-github/experiments/r116_suite/labels/query_1000_u30.spmat,99.769997,99.769997,10,prefilter,prefilter,prefilter,intersect,exp4_intersect_range_selectivity,2026-05-19T09:49:41.823178Z,ok,0,12,1,0.7944204807281494,True,False,False,False
10,intersect_u30_t13,8593.541016,4,u30,10,2026-05-19T09:49:43.383519Z,0,0,intersect,pipeann.hybrid.search.v1,0,True,/mnt/bak3/lzg/PipeANN-github/experiments/r116_suite/exp6_aris_cpu_clean/tmp/direct_1m,10.0,83296,0,1,300000.0,0.0,192.0,36.301,0,0,1,8310.0,10458.0,10596.0,23804.0,20141.0,1000000,1000,83296,1410.39502,1000,/mnt/bak3/lzg/PipeANN-github/experiments/r116_suite/labels/query_1000_u30.spmat,99.769997,99.769997,10,prefilter,prefilter,prefilter,intersect,exp4_intersect_range_selectivity,2026-05-19T09:49:42.635358Z,ok,0,13,1,0.7476916313171387,True,False,False,False
10,intersect_u30_t14,8701.861328,4,u30,10,2026-05-19T09:49:44.110256Z,0,0,intersect,pipeann.hybrid.search.v1,0,True,/mnt/bak3/lzg/PipeANN-github/experiments/r116_suite/exp6_aris_cpu_clean/tmp/direct_1m,10.0,86740,0,1,300000.0,0.0,192.0,36.781,0,0,1,8469.0,10500.0,10628.0,22692.0,20724.0,1000000,1000,86740,1498.159058,1000,/mnt/bak3/lzg/PipeANN-github/experiments/r116_suite/labels/query_1000_u30.spmat,99.769997,99.769997,10,prefilter,prefilter,prefilter,intersect,exp4_intersect_range_selectivity,2026-05-19T09:49:43.402414Z,ok,0,14,1,0.707378625869751,True,False,False,False
10,intersect_u30_t15,8711.036133,4,u30,10,2026-05-19T09:49:44.793149Z,0,0,intersect,pipeann.hybrid.search.v1,0,True,/mnt/bak3/lzg/PipeANN-github/experiments/r116_suite/exp6_aris_cpu_clean/tmp/direct_1m,10.0,89300,0,1,300000.0,0.0,192.0,39.002,0,0,1,8543.0,10527.0,10680.0,23184.0,21065.0,1000000,1000,89300,1600.108032,1000,/mnt/bak3/lzg/PipeANN-github/experiments/r116_suite/labels/query_1000_u30.spmat,99.769997,99.769997,10,prefilter,prefilter,prefilter,intersect,exp4_intersect_range_selectivity,2026-05-19T09:49:44.127839Z,ok,0,15,1,0.6648159027099609,True,False,False,False
10,intersect_u30_t16,8850.367188,4,u30,10,2026-05-19T09:49:45.447591Z,0,0,intersect,pipeann.hybrid.search.v1,0,True,/mnt/bak3/lzg/PipeANN-github/experiments/r116_suite/exp6_aris_cpu_clean/tmp/direct_1m,10.0,92440,0,1,300000.0,0.0,192.0,44.947,0,0,1,8624.0,10552.0,10753.0,23347.0,20831.0,1000000,1000,92440,1680.334595,1000,/mnt/bak3/lzg/PipeANN-github/experiments/r116_suite/labels/query_1000_u30.spmat,99.769997,99.769997,10,prefilter,prefilter,prefilter,intersect,exp4_intersect_range_selectivity,2026-05-19T09:49:44.812001Z,ok,0,16,1,0.6351220607757568,True,False,False,False
100,intersect_u50_t01,2238.409912,4,u50,100,2026-05-19T09:49:47.815456Z,0,0,intersect,pipeann.hybrid.search.v1,1000,True,/mnt/bak3/lzg/PipeANN-github/experiments/r116_suite/exp6_aris_cpu_clean/tmp/direct_1m,10.0,45672,59776,1,500000.0,0.0,113.023003,17.435,0,59776,1,2231.0,2319.0,2352.0,4069.0,2419.0,1000000,0,45672,431.55069,1000,/mnt/bak3/lzg/PipeANN-github/experiments/r116_suite/labels/query_1000_u50.spmat,98.959999,98.959999,10,graph,graph,graph,intersect,exp4_intersect_range_selectivity,2026-05-19T09:49:45.465803Z,ok,59776,1,1,2.349393844604492,True,True,True,True
100,intersect_u50_t02,2369.840088,4,u50,100,2026-05-19T09:49:49.094842Z,0,0,intersect,pipeann.hybrid.search.v1,1000,True,/mnt/bak3/lzg/PipeANN-github/experiments/r116_suite/exp6_aris_cpu_clean/tmp/direct_1m,10.0,47540,59776,1,500000.0,0.0,112.938004,17.745,0,59776,1,2358.0,2469.0,2506.0,4111.0,2661.0,1000000,0,47540,815.864624,1000,/mnt/bak3/lzg/PipeANN-github/experiments/r116_suite/labels/query_1000_u50.spmat,98.959999,98.959999,10,graph,graph,graph,intersect,exp4_intersect_range_selectivity,2026-05-19T09:49:47.820597Z,ok,59776,2,1,1.2738254070281982,True,True,True,True
100,intersect_u50_t03,2491.212891,4,u50,100,2026-05-19T09:49:50.013187Z,0,0,intersect,pipeann.hybrid.search.v1,1000,True,/mnt/bak3/lzg/PipeANN-github/experiments/r116_suite/exp6_aris_cpu_clean/tmp/direct_1m,10.0,49356,59776,1,500000.0,0.0,112.870003,21.537,0,59776,1,2476.0,2618.0,2682.0,4606.0,2858.0,1000000,0,49356,1157.142578,1000,/mnt/bak3/lzg/PipeANN-github/experiments/r116_suite/labels/query_1000_u50.spmat,98.959999,98.959999,10,graph,graph,graph,intersect,exp4_intersect_range_selectivity,2026-05-19T09:49:49.113006Z,ok,59776,3,1,0.8996574878692627,True,True,True,True
100,intersect_u50_t04,2619.770996,4,u50,100,2026-05-19T09:49:50.764429Z,0,0,intersect,pipeann.hybrid.search.v1,1000,True,/mnt/bak3/lzg/PipeANN-github/experiments/r116_suite/exp6_aris_cpu_clean/tmp/direct_1m,10.0,50192,59776,1,500000.0,0.0,112.859001,22.879,0,59776,1,2603.0,2751.0,2816.0,6436.0,3005.0,1000000,0,50192,1467.784424,1000,/mnt/bak3/lzg/PipeANN-github/experiments/r116_suite/labels/query_1000_u50.spmat,98.970001,98.970001,10,graph,graph,graph,intersect,exp4_intersect_range_selectivity,2026-05-19T09:49:50.030397Z,ok,59776,4,1,0.7335453033447266,True,True,True,True
100,intersect_u50_t05,2652.954102,4,u50,100,2026-05-19T09:49:51.384974Z,0,0,intersect,pipeann.hybrid.search.v1,1000,True,/mnt/bak3/lzg/PipeANN-github/experiments/r116_suite/exp6_aris_cpu_clean/tmp/direct_1m,10.0,51524,59776,1,500000.0,0.0,112.772003,22.895,0,59776,1,2625.0,2809.0,2904.0,5497.0,3270.0,1000000,0,51524,1811.655518,1000,/mnt/bak3/lzg/PipeANN-github/experiments/r116_suite/labels/query_1000_u50.spmat,98.959999,98.959999,10,graph,graph,graph,intersect,exp4_intersect_range_selectivity,2026-05-19T09:49:50.782184Z,ok,59776,5,1,0.6022861003875732,True,True,True,True
100,intersect_u50_t06,2986.701904,4,u50,100,2026-05-19T09:49:51.975377Z,0,0,intersect,pipeann.hybrid.search.v1,1000,True,/mnt/bak3/lzg/PipeANN-github/experiments/r116_suite/exp6_aris_cpu_clean/tmp/direct_1m,10.0,52632,59776,1,500000.0,0.0,112.733002,23.129,0,59776,1,2809.0,3743.0,4324.0,6680.0,5057.0,1000000,0,52632,1936.76123,1000,/mnt/bak3/lzg/PipeANN-github/experiments/r116_suite/labels/query_1000_u50.spmat,98.959999,98.959999,10,graph,graph,graph,intersect,exp4_intersect_range_selectivity,2026-05-19T09:49:51.402476Z,ok,59776,6,1,0.5724303722381592,True,True,True,True
100,intersect_u50_t07,2946.500977,4,u50,100,2026-05-19T09:49:52.464428Z,0,0,intersect,pipeann.hybrid.search.v1,1000,True,/mnt/bak3/lzg/PipeANN-github/experiments/r116_suite/exp6_aris_cpu_clean/tmp/direct_1m,10.0,54888,59776,1,500000.0,0.0,112.708,25.321,0,59776,1,2904.0,3119.0,3201.0,8753.0,4268.0,1000000,0,54888,2285.4646,1000,/mnt/bak3/lzg/PipeANN-github/experiments/r116_suite/labels/query_1000_u50.spmat,98.959999,98.959999,10,graph,graph,graph,intersect,exp4_intersect_range_selectivity,2026-05-19T09:49:51.992961Z,ok,59776,7,1,0.47098660469055176,True,True,True,True
100,intersect_u50_t08,3067.875,4,u50,100,2026-05-19T09:49:52.915859Z,0,0,intersect,pipeann.hybrid.search.v1,1000,True,/mnt/bak3/lzg/PipeANN-github/experiments/r116_suite/exp6_aris_cpu_clean/tmp/direct_1m,10.0,55668,59776,1,500000.0,0.0,112.698997,26.115,0,59776,1,3018.0,3320.0,3471.0,6275.0,4441.0,1000000,0,55668,2513.752197,1000,/mnt/bak3/lzg/PipeANN-github/experiments/r116_suite/labels/query_1000_u50.spmat,98.959999,98.959999,10,graph,graph,graph,intersect,exp4_intersect_range_selectivity,2026-05-19T09:49:52.482611Z,ok,59776,8,1,0.43277788162231445,True,True,True,True
100,intersect_u50_t09,3137.960938,4,u50,100,2026-05-19T09:49:53.332066Z,0,0,intersect,pipeann.hybrid.search.v1,1000,True,/mnt/bak3/lzg/PipeANN-github/experiments/r116_suite/exp6_aris_cpu_clean/tmp/direct_1m,10.0,57380,59776,1,500000.0,0.0,112.596001,29.686,0,59776,1,3087.0,3329.0,3418.0,9227.0,4011.0,1000000,0,57380,2757.004395,1000,/mnt/bak3/lzg/PipeANN-github/experiments/r116_suite/labels/query_1000_u50.spmat,98.949997,98.949997,10,graph,graph,graph,intersect,exp4_intersect_range_selectivity,2026-05-19T09:49:52.933931Z,ok,59776,9,1,0.39786720275878906,True,True,True,True
100,intersect_u50_t10,3243.657959,4,u50,100,2026-05-19T09:49:53.708354Z,0,0,intersect,pipeann.hybrid.search.v1,1000,True,/mnt/bak3/lzg/PipeANN-github/experiments/r116_suite/exp6_aris_cpu_clean/tmp/direct_1m,10.0,58104,59776,1,500000.0,0.0,112.596001,27.473,0,59776,1,3185.0,3446.0,3534.0,8593.0,6823.0,1000000,0,58104,2973.36084,1000,/mnt/bak3/lzg/PipeANN-github/experiments/r116_suite/labels/query_1000_u50.spmat,98.949997,98.949997,10,graph,graph,graph,intersect,exp4_intersect_range_selectivity,2026-05-19T09:49:53.338945Z,ok,59776,10,1,0.3689751625061035,True,True,True,True
100,intersect_u50_t11,3446.096924,4,u50,100,2026-05-19T09:49:54.087896Z,0,0,intersect,pipeann.hybrid.search.v1,1000,True,/mnt/bak3/lzg/PipeANN-github/experiments/r116_suite/exp6_aris_cpu_clean/tmp/direct_1m,10.0,60364,59776,1,500000.0,0.0,112.557999,34.573,0,59776,1,3318.0,3608.0,4575.0,10105.0,6684.0,1000000,0,60364,3082.840088,1000,/mnt/bak3/lzg/PipeANN-github/experiments/r116_suite/labels/query_1000_u50.spmat,98.949997,98.949997,10,graph,graph,graph,intersect,exp4_intersect_range_selectivity,2026-05-19T09:49:53.726603Z,ok,59776,11,1,0.3610241413116455,True,True,True,True
100,intersect_u50_t12,3487.625,4,u50,100,2026-05-19T09:49:54.429967Z,0,0,intersect,pipeann.hybrid.search.v1,1000,True,/mnt/bak3/lzg/PipeANN-github/experiments/r116_suite/exp6_aris_cpu_clean/tmp/direct_1m,10.0,61772,59776,1,500000.0,0.0,112.595001,37.684,0,59776,1,3420.0,3681.0,3784.0,9768.0,7028.0,1000000,0,61772,3316.829102,1000,/mnt/bak3/lzg/PipeANN-github/experiments/r116_suite/labels/query_1000_u50.spmat,98.970001,98.970001,10,graph,graph,graph,intersect,exp4_intersect_range_selectivity,2026-05-19T09:49:54.094696Z,ok,59776,12,1,0.3348393440246582,True,True,True,True
100,intersect_u50_t13,3789.613037,4,u50,100,2026-05-19T09:49:54.787661Z,0,0,intersect,pipeann.hybrid.search.v1,1000,True,/mnt/bak3/lzg/PipeANN-github/experiments/r116_suite/exp6_aris_cpu_clean/tmp/direct_1m,10.0,63036,59776,1,500000.0,0.0,112.559998,39.743,0,59776,1,3524.0,3781.0,3951.0,17482.0,14392.0,1000000,0,63036,3317.581299,1000,/mnt/bak3/lzg/PipeANN-github/experiments/r116_suite/labels/query_1000_u50.spmat,98.970001,98.970001,10,graph,graph,graph,intersect,exp4_intersect_range_selectivity,2026-05-19T09:49:54.448503Z,ok,59776,13,1,0.3386976718902588,True,True,True,False
100,intersect_u50_t14,3893.113037,4,u50,100,2026-05-19T09:49:55.131989Z,0,0,intersect,pipeann.hybrid.search.v1,1000,True,/mnt/bak3/lzg/PipeANN-github/experiments/r116_suite/exp6_aris_cpu_clean/tmp/direct_1m,10.0,63892,59776,1,500000.0,0.0,112.530998,38.673,0,59776,1,3610.0,3891.0,3990.0,24631.0,23365.0,1000000,0,63892,3472.680176,1000,/mnt/bak3/lzg/PipeANN-github/experiments/r116_suite/labels/query_1000_u50.spmat,98.970001,98.970001,10,graph,graph,graph,intersect,exp4_intersect_range_selectivity,2026-05-19T09:49:54.804886Z,ok,59776,14,1,0.32662320137023926,True,True,True,False
100,intersect_u50_t15,3966.457031,4,u50,100,2026-05-19T09:49:55.462279Z,0,0,intersect,pipeann.hybrid.search.v1,1000,True,/mnt/bak3/lzg/PipeANN-github/experiments/r116_suite/exp6_aris_cpu_clean/tmp/direct_1m,10.0,65712,59776,1,500000.0,0.0,112.536003,43.417,0,59776,1,3715.0,3985.0,4100.0,21431.0,20278.0,1000000,0,65712,3656.563721,1000,/mnt/bak3/lzg/PipeANN-github/experiments/r116_suite/labels/query_1000_u50.spmat,98.959999,98.959999,10,graph,graph,graph,intersect,exp4_intersect_range_selectivity,2026-05-19T09:49:55.150766Z,ok,59776,15,1,0.3112492561340332,True,True,True,False
100,intersect_u50_t16,4059.471924,4,u50,100,2026-05-19T09:49:55.767046Z,0,0,intersect,pipeann.hybrid.search.v1,1000,True,/mnt/bak3/lzg/PipeANN-github/experiments/r116_suite/exp6_aris_cpu_clean/tmp/direct_1m,10.0,67488,59776,1,500000.0,0.0,112.530998,42.081,0,59776,1,3794.0,4109.0,4259.0,24414.0,19313.0,1000000,0,67488,3803.336182,1000,/mnt/bak3/lzg/PipeANN-github/experiments/r116_suite/labels/query_1000_u50.spmat,98.959999,98.959999,10,graph,graph,graph,intersect,exp4_intersect_range_selectivity,2026-05-19T09:49:55.469027Z,ok,59776,16,1,0.2977895736694336,True,True,True,False
75,intersect_u75_t01,1785.584961,4,u75,75,2026-05-19T09:49:57.651563Z,0,0,intersect,pipeann.hybrid.search.v1,1000,True,/mnt/bak3/lzg/PipeANN-github/experiments/r116_suite/exp6_aris_cpu_clean/tmp/direct_1m,10.0,45200,0,1,750000.0,0.0,88.656998,16.366,0,0,1,1782.0,1863.0,1899.0,3210.0,1968.0,1000000,0,45200,542.705444,1000,/mnt/bak3/lzg/PipeANN-github/experiments/r116_suite/labels/query_1000_u75.spmat,99.239998,99.239998,10,graph,graph,graph,intersect,exp4_intersect_range_selectivity,2026-05-19T09:49:55.773867Z,ok,0,1,1,1.8772666454315186,True,True,True,True
75,intersect_u75_t02,1806.053955,4,u75,75,2026-05-19T09:49:58.636828Z,0,0,intersect,pipeann.hybrid.search.v1,1000,True,/mnt/bak3/lzg/PipeANN-github/experiments/r116_suite/exp6_aris_cpu_clean/tmp/direct_1m,10.0,46408,0,1,750000.0,0.0,88.554001,16.978,0,0,1,1797.0,1911.0,1942.0,3539.0,2077.0,1000000,0,46408,1070.863647,1000,/mnt/bak3/lzg/PipeANN-github/experiments/r116_suite/labels/query_1000_u75.spmat,99.230003,99.230003,10,graph,graph,graph,intersect,exp4_intersect_range_selectivity,2026-05-19T09:49:57.669616Z,ok,0,2,1,0.9667251110076904,True,True,True,True
75,intersect_u75_t03,1981.725952,4,u75,75,2026-05-19T09:49:59.375805Z,0,0,intersect,pipeann.hybrid.search.v1,1000,True,/mnt/bak3/lzg/PipeANN-github/experiments/r116_suite/exp6_aris_cpu_clean/tmp/direct_1m,10.0,47744,0,1,750000.0,0.0,88.504997,21.241,0,0,1,1968.0,2097.0,2164.0,3577.0,2377.0,1000000,0,47744,1458.779541,1000,/mnt/bak3/lzg/PipeANN-github/experiments/r116_suite/labels/query_1000_u75.spmat,99.239998,99.239998,10,graph,graph,graph,intersect,exp4_intersect_range_selectivity,2026-05-19T09:49:58.655716Z,ok,0,3,1,0.7196106910705566,True,True,True,True
75,intersect_u75_t04,2050.811035,4,u75,75,2026-05-19T09:49:59.977359Z,0,0,intersect,pipeann.hybrid.search.v1,1000,True,/mnt/bak3/lzg/PipeANN-github/experiments/r116_suite/exp6_aris_cpu_clean/tmp/direct_1m,10.0,48704,0,1,750000.0,0.0,88.440002,21.595,0,0,1,2034.0,2182.0,2228.0,4600.0,2489.0,1000000,0,48704,1879.637451,1000,/mnt/bak3/lzg/PipeANN-github/experiments/r116_suite/labels/query_1000_u75.spmat,99.239998,99.239998,10,graph,graph,graph,intersect,exp4_intersect_range_selectivity,2026-05-19T09:49:59.393369Z,ok,0,4,1,0.5835037231445312,True,True,True,True
75,intersect_u75_t05,2185.603027,4,u75,75,2026-05-19T09:50:00.500584Z,0,0,intersect,pipeann.hybrid.search.v1,1000,True,/mnt/bak3/lzg/PipeANN-github/experiments/r116_suite/exp6_aris_cpu_clean/tmp/direct_1m,10.0,49648,0,1,750000.0,0.0,88.403999,22.657,0,0,1,2165.0,2331.0,2393.0,4968.0,2841.0,1000000,0,49648,2204.35083,1000,/mnt/bak3/lzg/PipeANN-github/experiments/r116_suite/labels/query_1000_u75.spmat,99.220001,99.220001,10,graph,graph,graph,intersect,exp4_intersect_range_selectivity,2026-05-19T09:49:59.995661Z,ok,0,5,1,0.5044410228729248,True,True,True,True
75,intersect_u75_t06,2263.208984,4,u75,75,2026-05-19T09:50:00.961293Z,0,0,intersect,pipeann.hybrid.search.v1,1000,True,/mnt/bak3/lzg/PipeANN-github/experiments/r116_suite/exp6_aris_cpu_clean/tmp/direct_1m,10.0,50948,0,1,750000.0,0.0,88.309998,22.494,0,0,1,2223.0,2399.0,2469.0,6844.0,3637.0,1000000,0,50948,2557.354736,1000,/mnt/bak3/lzg/PipeANN-github/experiments/r116_suite/labels/query_1000_u75.spmat,99.239998,99.239998,10,graph,graph,graph,intersect,exp4_intersect_range_selectivity,2026-05-19T09:50:00.519098Z,ok,0,6,1,0.44173145294189453,True,True,True,True
75,intersect_u75_t07,2361.456055,4,u75,75,2026-05-19T09:50:01.363484Z,0,0,intersect,pipeann.hybrid.search.v1,1000,True,/mnt/bak3/lzg/PipeANN-github/experiments/r116_suite/exp6_aris_cpu_clean/tmp/direct_1m,10.0,52072,0,1,750000.0,0.0,88.287003,23.95,0,0,1,2312.0,2512.0,2594.0,6469.0,3768.0,1000000,0,52072,2858.379639,1000,/mnt/bak3/lzg/PipeANN-github/experiments/r116_suite/labels/query_1000_u75.spmat,99.239998,99.239998,10,graph,graph,graph,intersect,exp4_intersect_range_selectivity,2026-05-19T09:50:00.978679Z,ok,0,7,1,0.3843364715576172,True,True,True,True
75,intersect_u75_t08,2435.812988,4,u75,75,2026-05-19T09:50:01.741813Z,0,0,intersect,pipeann.hybrid.search.v1,1000,True,/mnt/bak3/lzg/PipeANN-github/experiments/r116_suite/exp6_aris_cpu_clean/tmp/direct_1m,10.0,52984,0,1,750000.0,0.0,88.242996,26.326,0,0,1,2384.0,2603.0,2699.0,7157.0,3837.0,1000000,0,52984,3165.094482,1000,/mnt/bak3/lzg/PipeANN-github/experiments/r116_suite/labels/query_1000_u75.spmat,99.239998,99.239998,10,graph,graph,graph,intersect,exp4_intersect_range_selectivity,2026-05-19T09:50:01.380649Z,ok,0,8,1,0.3606839179992676,True,True,True,True
75,intersect_u75_t09,2558.9729,4,u75,75,2026-05-19T09:50:02.099895Z,0,0,intersect,pipeann.hybrid.search.v1,1000,True,/mnt/bak3/lzg/PipeANN-github/experiments/r116_suite/exp6_aris_cpu_clean/tmp/direct_1m,10.0,53992,0,1,750000.0,0.0,88.222,28.186,0,0,1,2472.0,2697.0,2787.0,11250.0,3946.0,1000000,0,53992,3395.795166,1000,/mnt/bak3/lzg/PipeANN-github/experiments/r116_suite/labels/query_1000_u75.spmat,99.239998,99.239998,10,graph,graph,graph,intersect,exp4_intersect_range_selectivity,2026-05-19T09:50:01.760090Z,ok,0,9,1,0.33933544158935547,True,True,True,True
75,intersect_u75_t10,2647.615967,4,u75,75,2026-05-19T09:50:02.432366Z,0,0,intersect,pipeann.hybrid.search.v1,1000,True,/mnt/bak3/lzg/PipeANN-github/experiments/r116_suite/exp6_aris_cpu_clean/tmp/direct_1m,10.0,55652,0,1,750000.0,0.0,88.227997,30.757,0,0,1,2574.0,2815.0,2920.0,9001.0,7392.0,1000000,0,55652,3642.835449,1000,/mnt/bak3/lzg/PipeANN-github/experiments/r116_suite/labels/query_1000_u75.spmat,99.239998,99.239998,10,graph,graph,graph,intersect,exp4_intersect_range_selectivity,2026-05-19T09:50:02.119333Z,ok,0,10,1,0.3125612735748291,True,True,True,True
75,intersect_u75_t11,2850.855957,4,u75,75,2026-05-19T09:50:02.757531Z,0,0,intersect,pipeann.hybrid.search.v1,1000,True,/mnt/bak3/lzg/PipeANN-github/experiments/r116_suite/exp6_aris_cpu_clean/tmp/direct_1m,10.0,56136,0,1,750000.0,0.0,88.189003,32.823,0,0,1,2661.0,3529.0,3760.0,7285.0,6108.0,1000000,0,56136,3726.878906,1000,/mnt/bak3/lzg/PipeANN-github/experiments/r116_suite/labels/query_1000_u75.spmat,99.230003,99.230003,10,graph,graph,graph,intersect,exp4_intersect_range_selectivity,2026-05-19T09:50:02.451298Z,ok,0,11,1,0.30577635765075684,True,True,True,True
75,intersect_u75_t12,2990.816895,4,u75,75,2026-05-19T09:50:03.069396Z,0,0,intersect,pipeann.hybrid.search.v1,1000,True,/mnt/bak3/lzg/PipeANN-github/experiments/r116_suite/exp6_aris_cpu_clean/tmp/direct_1m,10.0,57148,0,1,750000.0,0.0,88.116997,32.701,0,0,1,2728.0,3043.0,5238.0,12843.0,11211.0,1000000,0,57148,3882.484619,1000,/mnt/bak3/lzg/PipeANN-github/experiments/r116_suite/labels/query_1000_u75.spmat,99.220001,99.220001,10,graph,graph,graph,intersect,exp4_intersect_range_selectivity,2026-05-19T09:50:02.774935Z,ok,0,12,1,0.2939720153808594,True,True,True,False
75,intersect_u75_t13,3154.647949,4,u75,75,2026-05-19T09:50:03.374377Z,0,0,intersect,pipeann.hybrid.search.v1,1000,True,/mnt/bak3/lzg/PipeANN-github/experiments/r116_suite/exp6_aris_cpu_clean/tmp/direct_1m,10.0,58712,0,1,750000.0,0.0,88.142998,40.514,0,0,1,2870.0,3304.0,3527.0,21529.0,19630.0,1000000,0,58712,3997.333984,1000,/mnt/bak3/lzg/PipeANN-github/experiments/r116_suite/labels/query_1000_u75.spmat,99.230003,99.230003,10,graph,graph,graph,intersect,exp4_intersect_range_selectivity,2026-05-19T09:50:03.086817Z,ok,0,13,1,0.2872798442840576,True,True,True,False
75,intersect_u75_t14,3172.010986,4,u75,75,2026-05-19T09:50:03.654110Z,0,0,intersect,pipeann.hybrid.search.v1,1000,True,/mnt/bak3/lzg/PipeANN-github/experiments/r116_suite/exp6_aris_cpu_clean/tmp/direct_1m,10.0,59716,0,1,750000.0,0.0,88.116997,36.221,0,0,1,2889.0,3139.0,3227.0,23906.0,22871.0,1000000,0,59716,4264.562988,1000,/mnt/bak3/lzg/PipeANN-github/experiments/r116_suite/labels/query_1000_u75.spmat,99.230003,99.230003,10,graph,graph,graph,intersect,exp4_intersect_range_selectivity,2026-05-19T09:50:03.381253Z,ok,0,14,1,0.27246999740600586,True,True,True,False
75,intersect_u75_t15,3164.48291,4,u75,75,2026-05-19T09:50:03.940818Z,0,0,intersect,pipeann.hybrid.search.v1,1000,True,/mnt/bak3/lzg/PipeANN-github/experiments/r116_suite/exp6_aris_cpu_clean/tmp/direct_1m,10.0,61124,0,1,750000.0,0.0,88.155998,47.16,0,0,1,2967.0,3245.0,3342.0,17018.0,15839.0,1000000,0,61124,4567.079102,1000,/mnt/bak3/lzg/PipeANN-github/experiments/r116_suite/labels/query_1000_u75.spmat,99.25,99.25,10,graph,graph,graph,intersect,exp4_intersect_range_selectivity,2026-05-19T09:50:03.672233Z,ok,0,15,1,0.26830124855041504,True,True,True,False
75,intersect_u75_t16,3155.521973,4,u75,75,2026-05-19T09:50:04.193568Z,0,0,intersect,pipeann.hybrid.search.v1,1000,True,/mnt/bak3/lzg/PipeANN-github/experiments/r116_suite/exp6_aris_cpu_clean/tmp/direct_1m,10.0,62284,0,1,750000.0,0.0,88.096001,48.184,0,0,1,3049.0,3329.0,3433.0,10661.0,9433.0,1000000,0,62284,4885.313477,1000,/mnt/bak3/lzg/PipeANN-github/experiments/r116_suite/labels/query_1000_u75.spmat,99.239998,99.239998,10,graph,graph,graph,intersect,exp4_intersect_range_selectivity,2026-05-19T09:50:03.947581Z,ok,0,16,1,0.2457597255706787,True,True,True,True
50,intersect_u100_t01,1359.22998,4,u100,50,2026-05-19T09:50:05.657309Z,0,0,intersect,pipeann.hybrid.search.v1,1000,True,/mnt/bak3/lzg/PipeANN-github/experiments/r116_suite/exp6_aris_cpu_clean/tmp/direct_1m,10.0,45264,0,1,1000000.0,0.0,64.745003,22.212,0,0,1,1351.0,1445.0,1473.0,3633.0,1542.0,1000000,0,45264,703.215759,1000,/mnt/bak3/lzg/PipeANN-github/experiments/r116_suite/labels/query_1000_u100.spmat,98.970001,98.970001,10,graph,graph,graph,intersect,exp4_intersect_range_selectivity,2026-05-19T09:50:04.200370Z,ok,0,1,1,1.4564533233642578,True,True,True,True
50,intersect_u100_t02,1349.402954,4,u100,50,2026-05-19T09:50:06.430610Z,0,0,intersect,pipeann.hybrid.search.v1,1000,True,/mnt/bak3/lzg/PipeANN-github/experiments/r116_suite/exp6_aris_cpu_clean/tmp/direct_1m,10.0,46452,0,1,1000000.0,0.0,64.581001,16.387,0,0,1,1336.0,1455.0,1493.0,3009.0,1630.0,1000000,0,46452,1427.935669,1000,/mnt/bak3/lzg/PipeANN-github/experiments/r116_suite/labels/query_1000_u100.spmat,98.980003,98.980003,10,graph,graph,graph,intersect,exp4_intersect_range_selectivity,2026-05-19T09:50:05.675455Z,ok,0,2,1,0.7546796798706055,True,True,True,True
50,intersect_u100_t03,1502.733032,4,u100,50,2026-05-19T09:50:07.009196Z,0,0,intersect,pipeann.hybrid.search.v1,1000,True,/mnt/bak3/lzg/PipeANN-github/experiments/r116_suite/exp6_aris_cpu_clean/tmp/direct_1m,10.0,47436,0,1,1000000.0,0.0,64.573997,21.485,0,0,1,1492.0,1633.0,1670.0,3492.0,1733.0,1000000,0,47436,1911.241089,1000,/mnt/bak3/lzg/PipeANN-github/experiments/r116_suite/labels/query_1000_u100.spmat,98.970001,98.970001,10,graph,graph,graph,intersect,exp4_intersect_range_selectivity,2026-05-19T09:50:06.448197Z,ok,0,3,1,0.5604190826416016,True,True,True,True
50,intersect_u100_t04,1517.514038,4,u100,50,2026-05-19T09:50:07.483719Z,0,0,intersect,pipeann.hybrid.search.v1,1000,True,/mnt/bak3/lzg/PipeANN-github/experiments/r116_suite/exp6_aris_cpu_clean/tmp/direct_1m,10.0,48708,0,1,1000000.0,0.0,64.471001,22.495,0,0,1,1499.0,1651.0,1702.0,3800.0,1901.0,1000000,0,48708,2519.103027,1000,/mnt/bak3/lzg/PipeANN-github/experiments/r116_suite/labels/query_1000_u100.spmat,98.989998,98.989998,10,graph,graph,graph,intersect,exp4_intersect_range_selectivity,2026-05-19T09:50:07.026814Z,ok,0,4,1,0.45639729499816895,True,True,True,True
50,intersect_u100_t05,1606.712036,4,u100,50,2026-05-19T09:50:07.891287Z,0,0,intersect,pipeann.hybrid.search.v1,1000,True,/mnt/bak3/lzg/PipeANN-github/experiments/r116_suite/exp6_aris_cpu_clean/tmp/direct_1m,10.0,49308,0,1,1000000.0,0.0,64.416,21.65,0,0,1,1581.0,1749.0,1808.0,5650.0,2276.0,1000000,0,49308,2983.718506,1000,/mnt/bak3/lzg/PipeANN-github/experiments/r116_suite/labels/query_1000_u100.spmat,98.980003,98.980003,10,graph,graph,graph,intersect,exp4_intersect_range_selectivity,2026-05-19T09:50:07.501063Z,ok,0,5,1,0.38974475860595703,True,True,True,True
50,intersect_u100_t06,1742.860962,4,u100,50,2026-05-19T09:50:08.246474Z,0,0,intersect,pipeann.hybrid.search.v1,1000,True,/mnt/bak3/lzg/PipeANN-github/experiments/r116_suite/exp6_aris_cpu_clean/tmp/direct_1m,10.0,50860,0,1,1000000.0,0.0,64.362,21.7,0,0,1,1661.0,1953.0,2373.0,6615.0,2904.0,1000000,0,50860,3307.291504,1000,/mnt/bak3/lzg/PipeANN-github/experiments/r116_suite/labels/query_1000_u100.spmat,98.970001,98.970001,10,graph,graph,graph,intersect,exp4_intersect_range_selectivity,2026-05-19T09:50:07.909704Z,ok,0,6,1,0.3363037109375,True,True,True,True
50,intersect_u100_t07,1742.98999,4,u100,50,2026-05-19T09:50:08.558421Z,0,0,intersect,pipeann.hybrid.search.v1,1000,True,/mnt/bak3/lzg/PipeANN-github/experiments/r116_suite/exp6_aris_cpu_clean/tmp/direct_1m,10.0,51840,0,1,1000000.0,0.0,64.294998,23.787,0,0,1,1706.0,1892.0,1951.0,6127.0,2222.0,1000000,0,51840,3850.479492,1000,/mnt/bak3/lzg/PipeANN-github/experiments/r116_suite/labels/query_1000_u100.spmat,98.980003,98.980003,10,graph,graph,graph,intersect,exp4_intersect_range_selectivity,2026-05-19T09:50:08.264220Z,ok,0,7,1,0.29371047019958496,True,True,True,True
50,intersect_u100_t08,1930.676025,4,u100,50,2026-05-19T09:50:08.863439Z,0,0,intersect,pipeann.hybrid.search.v1,1000,True,/mnt/bak3/lzg/PipeANN-github/experiments/r116_suite/exp6_aris_cpu_clean/tmp/direct_1m,10.0,52960,0,1,1000000.0,0.0,64.357002,24.591,0,0,1,1803.0,2404.0,2656.0,7348.0,3182.0,1000000,0,52960,3982.328613,1000,/mnt/bak3/lzg/PipeANN-github/experiments/r116_suite/labels/query_1000_u100.spmat,99.0,99.0,10,graph,graph,graph,intersect,exp4_intersect_range_selectivity,2026-05-19T09:50:08.576832Z,ok,0,8,1,0.2862892150878906,True,True,True,True
50,intersect_u100_t09,1965.015991,4,u100,50,2026-05-19T09:50:09.138537Z,0,0,intersect,pipeann.hybrid.search.v1,1000,True,/mnt/bak3/lzg/PipeANN-github/experiments/r116_suite/exp6_aris_cpu_clean/tmp/direct_1m,10.0,54184,0,1,1000000.0,0.0,64.318001,27.222,0,0,1,1893.0,2363.0,2479.0,4763.0,2997.0,1000000,0,54184,4399.171875,1000,/mnt/bak3/lzg/PipeANN-github/experiments/r116_suite/labels/query_1000_u100.spmat,98.980003,98.980003,10,graph,graph,graph,intersect,exp4_intersect_range_selectivity,2026-05-19T09:50:08.876422Z,ok,0,9,1,0.26160764694213867,True,True,True,True
50,intersect_u100_t10,2088.86499,4,u100,50,2026-05-19T09:50:09.421985Z,0,0,intersect,pipeann.hybrid.search.v1,1000,True,/mnt/bak3/lzg/PipeANN-github/experiments/r116_suite/exp6_aris_cpu_clean/tmp/direct_1m,10.0,54760,0,1,1000000.0,0.0,64.255997,31.615,0,0,1,1930.0,2265.0,2447.0,15158.0,12763.0,1000000,0,54760,4602.881836,1000,/mnt/bak3/lzg/PipeANN-github/experiments/r116_suite/labels/query_1000_u100.spmat,98.980003,98.980003,10,graph,graph,graph,intersect,exp4_intersect_range_selectivity,2026-05-19T09:50:09.156999Z,ok,0,10,1,0.2644832134246826,True,True,True,False
50,intersect_u100_t11,2148.660889,4,u100,50,2026-05-19T09:50:09.683330Z,0,0,intersect,pipeann.hybrid.search.v1,1000,True,/mnt/bak3/lzg/PipeANN-github/experiments/r116_suite/exp6_aris_cpu_clean/tmp/direct_1m,10.0,58372,0,1,1000000.0,0.0,64.239998,35.938,0,0,1,2020.0,2431.0,2574.0,10607.0,8716.0,1000000,0,58372,4924.643555,1000,/mnt/bak3/lzg/PipeANN-github/experiments/r116_suite/labels/query_1000_u100.spmat,98.970001,98.970001,10,graph,graph,graph,intersect,exp4_intersect_range_selectivity,2026-05-19T09:50:09.439388Z,ok,0,11,1,0.24345159530639648,True,True,True,True
50,intersect_u100_t12,2152.465088,4,u100,50,2026-05-19T09:50:09.928946Z,0,0,intersect,pipeann.hybrid.search.v1,1000,True,/mnt/bak3/lzg/PipeANN-github/experiments/r116_suite/exp6_aris_cpu_clean/tmp/direct_1m,10.0,57020,0,1,1000000.0,0.0,64.146004,40.099,0,0,1,2013.0,2272.0,2420.0,11250.0,9817.0,1000000,0,57020,5353.347656,1000,/mnt/bak3/lzg/PipeANN-github/experiments/r116_suite/labels/query_1000_u100.spmat,99.0,99.0,10,graph,graph,graph,intersect,exp4_intersect_range_selectivity,2026-05-19T09:50:09.701619Z,ok,0,12,1,0.22679758071899414,True,True,True,True
50,intersect_u100_t13,2322.688965,4,u100,50,2026-05-19T09:50:10.180606Z,0,0,intersect,pipeann.hybrid.search.v1,1000,True,/mnt/bak3/lzg/PipeANN-github/experiments/r116_suite/exp6_aris_cpu_clean/tmp/direct_1m,10.0,58216,0,1,1000000.0,0.0,64.182999,35.328,0,0,1,2182.0,2595.0,2694.0,11713.0,10841.0,1000000,0,58216,5375.947754,1000,/mnt/bak3/lzg/PipeANN-github/experiments/r116_suite/labels/query_1000_u100.spmat,98.970001,98.970001,10,graph,graph,graph,intersect,exp4_intersect_range_selectivity,2026-05-19T09:50:09.946746Z,ok,0,13,1,0.23340296745300293,True,True,True,False
50,intersect_u100_t14,2447.269043,4,u100,50,2026-05-19T09:50:10.429160Z,0,0,intersect,pipeann.hybrid.search.v1,1000,True,/mnt/bak3/lzg/PipeANN-github/experiments/r116_suite/exp6_aris_cpu_clean/tmp/direct_1m,10.0,59280,0,1,1000000.0,0.0,64.064003,40.416,0,0,1,2128.0,2383.0,2487.0,21923.0,19835.0,1000000,0,59280,5520.052734,1000,/mnt/bak3/lzg/PipeANN-github/experiments/r116_suite/labels/query_1000_u100.spmat,98.980003,98.980003,10,graph,graph,graph,intersect,exp4_intersect_range_selectivity,2026-05-19T09:50:10.198519Z,ok,0,14,1,0.23013567924499512,True,True,True,False
50,intersect_u100_t15,2437.115967,4,u100,50,2026-05-19T09:50:10.653607Z,0,0,intersect,pipeann.hybrid.search.v1,1000,True,/mnt/bak3/lzg/PipeANN-github/experiments/r116_suite/exp6_aris_cpu_clean/tmp/direct_1m,10.0,60484,0,1,1000000.0,0.0,64.059998,38.107,0,0,1,2182.0,2437.0,2545.0,14755.0,13537.0,1000000,0,60484,5931.159668,1000,/mnt/bak3/lzg/PipeANN-github/experiments/r116_suite/labels/query_1000_u100.spmat,98.970001,98.970001,10,graph,graph,graph,intersect,exp4_intersect_range_selectivity,2026-05-19T09:50:10.446931Z,ok,0,15,1,0.20618939399719238,True,True,True,False
50,intersect_u100_t16,2510.572021,4,u100,50,2026-05-19T09:50:10.873399Z,0,0,intersect,pipeann.hybrid.search.v1,1000,True,/mnt/bak3/lzg/PipeANN-github/experiments/r116_suite/exp6_aris_cpu_clean/tmp/direct_1m,10.0,60976,0,1,1000000.0,0.0,64.087997,55.85,0,0,1,2250.0,2485.0,2567.0,20658.0,18592.0,1000000,0,60976,6124.47998,1000,/mnt/bak3/lzg/PipeANN-github/experiments/r116_suite/labels/query_1000_u100.spmat,98.980003,98.980003,10,graph,graph,graph,intersect,exp4_intersect_range_selectivity,2026-05-19T09:50:10.671609Z,ok,0,16,1,0.20132660865783691,True,True,True,False
10,range_u1e-03_t01,96.049004,4,u1e-03,10,2026-05-19T09:50:11.074617Z,0,0,range,pipeann.hybrid.search.v1,0,True,/mnt/bak3/lzg/PipeANN-github/experiments/r116_suite/exp6_aris_cpu_clean/tmp/direct_1m,10.0,44396,0,1,1000.0,0.0,96.0,7.152,0,0,1,95.0,98.0,101.0,290.0,131.0,1000000,1000,44396,6934.4375,1000,/mnt/bak3/lzg/PipeANN-github/experiments/r116_suite/labels/query_1000_range_u1e-03.spmat,100.0,100.0,10,prefilter,prefilter,prefilter,range,exp4_intersect_range_selectivity,2026-05-19T09:50:10.891114Z,ok,0,1,1,0.18303203582763672,True,True,True,True
10,range_u1e-03_t02,127.650002,4,u1e-03,10,2026-05-19T09:50:11.233763Z,0,0,range,pipeann.hybrid.search.v1,0,True,/mnt/bak3/lzg/PipeANN-github/experiments/r116_suite/exp6_aris_cpu_clean/tmp/direct_1m,10.0,45328,0,1,1000.0,0.0,96.0,8.336,0,0,1,115.0,148.0,220.0,674.0,412.0,1000000,1000,45328,10843.117188,1000,/mnt/bak3/lzg/PipeANN-github/experiments/r116_suite/labels/query_1000_range_u1e-03.spmat,100.0,100.0,10,prefilter,prefilter,prefilter,range,exp4_intersect_range_selectivity,2026-05-19T09:50:11.092962Z,ok,0,2,1,0.14032769203186035,True,True,True,True
10,range_u1e-03_t03,175.218002,4,u1e-03,10,2026-05-19T09:50:11.366343Z,0,0,range,pipeann.hybrid.search.v1,0,True,/mnt/bak3/lzg/PipeANN-github/experiments/r116_suite/exp6_aris_cpu_clean/tmp/direct_1m,10.0,47840,0,1,1000.0,0.0,96.0,10.282,0,0,1,148.0,294.0,401.0,822.0,640.0,1000000,1000,47840,12321.34082,1000,/mnt/bak3/lzg/PipeANN-github/experiments/r116_suite/labels/query_1000_range_u1e-03.spmat,100.0,100.0,10,prefilter,prefilter,prefilter,range,exp4_intersect_range_selectivity,2026-05-19T09:50:11.251366Z,ok,0,3,1,0.11451435089111328,True,True,True,True
10,range_u1e-03_t04,303.766998,4,u1e-03,10,2026-05-19T09:50:11.516885Z,0,0,range,pipeann.hybrid.search.v1,0,True,/mnt/bak3/lzg/PipeANN-github/experiments/r116_suite/exp6_aris_cpu_clean/tmp/direct_1m,10.0,48512,0,1,1000.0,0.0,96.0,12.197,0,0,1,301.0,409.0,524.0,1062.0,693.0,1000000,1000,48512,10396.966797,1000,/mnt/bak3/lzg/PipeANN-github/experiments/r116_suite/labels/query_1000_range_u1e-03.spmat,100.0,100.0,10,prefilter,prefilter,prefilter,range,exp4_intersect_range_selectivity,2026-05-19T09:50:11.383652Z,ok,0,4,1,0.13268780708312988,True,True,True,True
10,range_u1e-03_t05,306.579987,4,u1e-03,10,2026-05-19T09:50:11.655547Z,0,0,range,pipeann.hybrid.search.v1,0,True,/mnt/bak3/lzg/PipeANN-github/experiments/r116_suite/exp6_aris_cpu_clean/tmp/direct_1m,10.0,47064,0,1,1000.0,0.0,96.0,13.144,0,0,1,301.0,385.0,532.0,1028.0,617.0,1000000,1000,47064,12706.132812,1000,/mnt/bak3/lzg/PipeANN-github/experiments/r116_suite/labels/query_1000_range_u1e-03.spmat,100.0,100.0,10,prefilter,prefilter,prefilter,range,exp4_intersect_range_selectivity,2026-05-19T09:50:11.536287Z,ok,0,5,1,0.11872673034667969,True,True,True,True
10,range_u1e-03_t06,408.404999,4,u1e-03,10,2026-05-19T09:50:11.803234Z,0,0,range,pipeann.hybrid.search.v1,0,True,/mnt/bak3/lzg/PipeANN-github/experiments/r116_suite/exp6_aris_cpu_clean/tmp/direct_1m,10.0,47952,0,1,1000.0,0.0,96.0,14.029,0,0,1,394.0,583.0,686.0,1089.0,786.0,1000000,1000,47952,12027.529297,1000,/mnt/bak3/lzg/PipeANN-github/experiments/r116_suite/labels/query_1000_range_u1e-03.spmat,100.0,100.0,10,prefilter,prefilter,prefilter,range,exp4_intersect_range_selectivity,2026-05-19T09:50:11.672962Z,ok,0,6,1,0.12974047660827637,True,True,True,True
10,range_u1e-03_t07,324.321991,4,u1e-03,10,2026-05-19T09:50:11.936886Z,0,0,range,pipeann.hybrid.search.v1,0,True,/mnt/bak3/lzg/PipeANN-github/experiments/r116_suite/exp6_aris_cpu_clean/tmp/direct_1m,10.0,48304,0,1,1000.0,0.0,96.0,14.571,0,0,1,273.0,531.0,687.0,1284.0,791.0,1000000,1000,48304,16944.818359,1000,/mnt/bak3/lzg/PipeANN-github/experiments/r116_suite/labels/query_1000_range_u1e-03.spmat,100.0,100.0,10,prefilter,prefilter,prefilter,range,exp4_intersect_range_selectivity,2026-05-19T09:50:11.821996Z,ok,0,7,1,0.11437845230102539,True,True,True,True
10,range_u1e-03_t08,448.084015,4,u1e-03,10,2026-05-19T09:50:12.058320Z,0,0,range,pipeann.hybrid.search.v1,0,True,/mnt/bak3/lzg/PipeANN-github/experiments/r116_suite/exp6_aris_cpu_clean/tmp/direct_1m,10.0,49392,0,1,1000.0,0.0,96.0,15.374,0,0,1,419.0,649.0,797.0,1470.0,972.0,1000000,1000,49392,14844.598633,1000,/mnt/bak3/lzg/PipeANN-github/experiments/r116_suite/labels/query_1000_range_u1e-03.spmat,100.0,100.0,10,prefilter,prefilter,prefilter,range,exp4_intersect_range_selectivity,2026-05-19T09:50:11.955477Z,ok,0,8,1,0.10235595703125,True,True,True,True
10,range_u1e-03_t09,595.062988,4,u1e-03,10,2026-05-19T09:50:12.185985Z,0,0,range,pipeann.hybrid.search.v1,0,True,/mnt/bak3/lzg/PipeANN-github/experiments/r116_suite/exp6_aris_cpu_clean/tmp/direct_1m,10.0,49840,0,1,1000.0,0.0,96.0,15.818,0,0,1,548.0,785.0,897.0,1755.0,1115.0,1000000,1000,49840,13106.797852,1000,/mnt/bak3/lzg/PipeANN-github/experiments/r116_suite/labels/query_1000_range_u1e-03.spmat,100.0,100.0,10,prefilter,prefilter,prefilter,range,exp4_intersect_range_selectivity,2026-05-19T09:50:12.075415Z,ok,0,9,1,0.11011481285095215,True,True,True,True
10,range_u1e-03_t10,683.468994,4,u1e-03,10,2026-05-19T09:50:12.318154Z,0,0,range,pipeann.hybrid.search.v1,0,True,/mnt/bak3/lzg/PipeANN-github/experiments/r116_suite/exp6_aris_cpu_clean/tmp/direct_1m,10.0,50232,0,1,1000.0,0.0,96.0,16.952,0,0,1,637.0,885.0,1081.0,1859.0,1345.0,1000000,1000,50232,12901.290039,1000,/mnt/bak3/lzg/PipeANN-github/experiments/r116_suite/labels/query_1000_range_u1e-03.spmat,100.0,100.0,10,prefilter,prefilter,prefilter,range,exp4_intersect_range_selectivity,2026-05-19T09:50:12.204489Z,ok,0,10,1,0.11321830749511719,True,True,True,True
10,range_u1e-03_t11,785.776978,4,u1e-03,10,2026-05-19T09:50:12.453760Z,0,0,range,pipeann.hybrid.search.v1,0,True,/mnt/bak3/lzg/PipeANN-github/experiments/r116_suite/exp6_aris_cpu_clean/tmp/direct_1m,10.0,51276,0,1,1000.0,0.0,96.0,18.991,0,0,1,719.0,1023.0,1236.0,2292.0,1592.0,1000000,1000,51276,12513.875977,1000,/mnt/bak3/lzg/PipeANN-github/experiments/r116_suite/labels/query_1000_range_u1e-03.spmat,100.0,100.0,10,prefilter,prefilter,prefilter,range,exp4_intersect_range_selectivity,2026-05-19T09:50:12.336858Z,ok,0,11,1,0.11644697189331055,True,True,True,True
10,range_u1e-03_t12,894.61499,4,u1e-03,10,2026-05-19T09:50:12.591914Z,0,0,range,pipeann.hybrid.search.v1,0,True,/mnt/bak3/lzg/PipeANN-github/experiments/r116_suite/exp6_aris_cpu_clean/tmp/direct_1m,10.0,51548,0,1,1000.0,0.0,96.0,19.498,0,0,1,826.0,1153.0,1419.0,2481.0,1956.0,1000000,1000,51548,12131.141602,1000,/mnt/bak3/lzg/PipeANN-github/experiments/r116_suite/labels/query_1000_range_u1e-03.spmat,100.0,100.0,10,prefilter,prefilter,prefilter,range,exp4_intersect_range_selectivity,2026-05-19T09:50:12.472323Z,ok,0,12,1,0.1191396713256836,True,True,True,True
10,range_u1e-03_t13,949.02301,4,u1e-03,10,2026-05-19T09:50:12.731826Z,0,0,range,pipeann.hybrid.search.v1,0,True,/mnt/bak3/lzg/PipeANN-github/experiments/r116_suite/exp6_aris_cpu_clean/tmp/direct_1m,10.0,52488,0,1,1000.0,0.0,96.0,18.746,0,0,1,854.0,1280.0,1485.0,2440.0,2101.0,1000000,1000,52488,12441.230469,1000,/mnt/bak3/lzg/PipeANN-github/experiments/r116_suite/labels/query_1000_range_u1e-03.spmat,100.0,100.0,10,prefilter,prefilter,prefilter,range,exp4_intersect_range_selectivity,2026-05-19T09:50:12.609387Z,ok,0,13,1,0.12196636199951172,True,True,True,True
10,range_u1e-03_t14,1135.353027,4,u1e-03,10,2026-05-19T09:50:12.880976Z,0,0,range,pipeann.hybrid.search.v1,0,True,/mnt/bak3/lzg/PipeANN-github/experiments/r116_suite/exp6_aris_cpu_clean/tmp/direct_1m,10.0,53140,0,1,1000.0,0.0,96.0,21.174,0,0,1,1060.0,1396.0,1606.0,3243.0,2235.0,1000000,1000,53140,11332.178711,1000,/mnt/bak3/lzg/PipeANN-github/experiments/r116_suite/labels/query_1000_range_u1e-03.spmat,100.0,100.0,10,prefilter,prefilter,prefilter,range,exp4_intersect_range_selectivity,2026-05-19T09:50:12.750054Z,ok,0,14,1,0.13041257858276367,True,True,True,True
10,range_u1e-03_t15,1189.246948,4,u1e-03,10,2026-05-19T09:50:13.038795Z,0,0,range,pipeann.hybrid.search.v1,0,True,/mnt/bak3/lzg/PipeANN-github/experiments/r116_suite/exp6_aris_cpu_clean/tmp/direct_1m,10.0,53460,0,1,1000.0,0.0,96.0,22.205,0,0,1,1059.0,1648.0,1896.0,3118.0,2588.0,1000000,1000,53460,11656.878906,1000,/mnt/bak3/lzg/PipeANN-github/experiments/r116_suite/labels/query_1000_range_u1e-03.spmat,100.0,100.0,10,prefilter,prefilter,prefilter,range,exp4_intersect_range_selectivity,2026-05-19T09:50:12.898394Z,ok,0,15,1,0.1399366855621338,True,True,True,True
10,range_u1e-03_t16,1156.218018,4,u1e-03,10,2026-05-19T09:50:13.173110Z,0,0,range,pipeann.hybrid.search.v1,0,True,/mnt/bak3/lzg/PipeANN-github/experiments/r116_suite/exp6_aris_cpu_clean/tmp/direct_1m,10.0,54284,0,1,1000.0,0.0,96.0,22.146,0,0,1,1028.0,1602.0,1860.0,3232.0,2506.0,1000000,1000,54284,12728.810547,1000,/mnt/bak3/lzg/PipeANN-github/experiments/r116_suite/labels/query_1000_range_u1e-03.spmat,100.0,100.0,10,prefilter,prefilter,prefilter,range,exp4_intersect_range_selectivity,2026-05-19T09:50:13.057101Z,ok,0,16,1,0.11551642417907715,True,True,True,True
10,range_u3e-03_t01,153.095001,4,u3e-03,10,2026-05-19T09:50:13.431763Z,0,0,range,pipeann.hybrid.search.v1,0,True,/mnt/bak3/lzg/PipeANN-github/experiments/r116_suite/exp6_aris_cpu_clean/tmp/direct_1m,10.0,44388,0,1,3000.0,0.0,96.0,12.088,0,0,1,153.0,158.0,160.0,293.0,170.0,1000000,1000,44388,4813.508789,1000,/mnt/bak3/lzg/PipeANN-github/experiments/r116_suite/labels/query_1000_range_u3e-03.spmat,100.0,100.0,10,prefilter,prefilter,prefilter,range,exp4_intersect_range_selectivity,2026-05-19T09:50:13.191498Z,ok,0,1,1,0.2397775650024414,True,True,True,True
10,range_u3e-03_t02,196.787003,4,u3e-03,10,2026-05-19T09:50:13.618084Z,0,0,range,pipeann.hybrid.search.v1,0,True,/mnt/bak3/lzg/PipeANN-github/experiments/r116_suite/exp6_aris_cpu_clean/tmp/direct_1m,10.0,45292,0,1,3000.0,0.0,96.0,15.023,0,0,1,179.0,226.0,279.0,873.0,619.0,1000000,1000,45292,7539.48584,1000,/mnt/bak3/lzg/PipeANN-github/experiments/r116_suite/labels/query_1000_range_u3e-03.spmat,100.0,100.0,10,prefilter,prefilter,prefilter,range,exp4_intersect_range_selectivity,2026-05-19T09:50:13.450520Z,ok,0,2,1,0.16709661483764648,True,True,True,True
10,range_u3e-03_t03,228.919006,4,u3e-03,10,2026-05-19T09:50:13.777579Z,0,0,range,pipeann.hybrid.search.v1,0,True,/mnt/bak3/lzg/PipeANN-github/experiments/r116_suite/exp6_aris_cpu_clean/tmp/direct_1m,10.0,45688,0,1,3000.0,0.0,96.0,17.4,0,0,1,205.0,305.0,459.0,1125.0,679.0,1000000,1000,45688,9802.459961,1000,/mnt/bak3/lzg/PipeANN-github/experiments/r116_suite/labels/query_1000_range_u3e-03.spmat,100.0,100.0,10,prefilter,prefilter,prefilter,range,exp4_intersect_range_selectivity,2026-05-19T09:50:13.636422Z,ok,0,3,1,0.14069247245788574,True,True,True,True
10,range_u3e-03_t04,254.703995,4,u3e-03,10,2026-05-19T09:50:13.911936Z,0,0,range,pipeann.hybrid.search.v1,0,True,/mnt/bak3/lzg/PipeANN-github/experiments/r116_suite/exp6_aris_cpu_clean/tmp/direct_1m,10.0,46616,0,1,3000.0,0.0,96.0,18.36,0,0,1,222.0,380.0,536.0,1015.0,655.0,1000000,1000,46616,11879.067383,1000,/mnt/bak3/lzg/PipeANN-github/experiments/r116_suite/labels/query_1000_range_u3e-03.spmat,100.0,100.0,10,prefilter,prefilter,prefilter,range,exp4_intersect_range_selectivity,2026-05-19T09:50:13.794982Z,ok,0,4,1,0.11670088768005371,True,True,True,True
10,range_u3e-03_t05,268.730988,4,u3e-03,10,2026-05-19T09:50:14.021870Z,0,0,range,pipeann.hybrid.search.v1,0,True,/mnt/bak3/lzg/PipeANN-github/experiments/r116_suite/exp6_aris_cpu_clean/tmp/direct_1m,10.0,47064,0,1,3000.0,0.0,96.0,18.708,0,0,1,236.0,421.0,517.0,862.0,663.0,1000000,1000,47064,14132.197266,1000,/mnt/bak3/lzg/PipeANN-github/experiments/r116_suite/labels/query_1000_range_u3e-03.spmat,100.0,100.0,10,prefilter,prefilter,prefilter,range,exp4_intersect_range_selectivity,2026-05-19T09:50:13.921418Z,ok,0,5,1,0.09996891021728516,True,True,True,True
10,range_u3e-03_t06,316.075012,4,u3e-03,10,2026-05-19T09:50:14.141981Z,0,0,range,pipeann.hybrid.search.v1,0,True,/mnt/bak3/lzg/PipeANN-github/experiments/r116_suite/exp6_aris_cpu_clean/tmp/direct_1m,10.0,48036,0,1,3000.0,0.0,96.0,21.233,0,0,1,263.0,516.0,708.0,1233.0,884.0,1000000,1000,48036,14612.196289,1000,/mnt/bak3/lzg/PipeANN-github/experiments/r116_suite/labels/query_1000_range_u3e-03.spmat,100.0,100.0,10,prefilter,prefilter,prefilter,range,exp4_intersect_range_selectivity,2026-05-19T09:50:14.039829Z,ok,0,6,1,0.10168862342834473,True,True,True,True
10,range_u3e-03_t07,345.38501,4,u3e-03,10,2026-05-19T09:50:14.260291Z,0,0,range,pipeann.hybrid.search.v1,0,True,/mnt/bak3/lzg/PipeANN-github/experiments/r116_suite/exp6_aris_cpu_clean/tmp/direct_1m,10.0,48440,0,1,3000.0,0.0,96.0,23.268,0,0,1,278.0,604.0,699.0,1517.0,903.0,1000000,1000,48440,15684.608398,1000,/mnt/bak3/lzg/PipeANN-github/experiments/r116_suite/labels/query_1000_range_u3e-03.spmat,100.0,100.0,10,prefilter,prefilter,prefilter,range,exp4_intersect_range_selectivity,2026-05-19T09:50:14.161188Z,ok,0,7,1,0.09865593910217285,True,True,True,True
10,range_u3e-03_t08,463.52301,4,u3e-03,10,2026-05-19T09:50:14.383971Z,0,0,range,pipeann.hybrid.search.v1,0,True,/mnt/bak3/lzg/PipeANN-github/experiments/r116_suite/exp6_aris_cpu_clean/tmp/direct_1m,10.0,49460,0,1,3000.0,0.0,96.0,23.559,0,0,1,438.0,687.0,854.0,1493.0,991.0,1000000,1000,49460,14160.166016,1000,/mnt/bak3/lzg/PipeANN-github/experiments/r116_suite/labels/query_1000_range_u3e-03.spmat,100.0,100.0,10,prefilter,prefilter,prefilter,range,exp4_intersect_range_selectivity,2026-05-19T09:50:14.278852Z,ok,0,8,1,0.10465741157531738,True,True,True,True
10,range_u3e-03_t09,617.661011,4,u3e-03,10,2026-05-19T09:50:14.533574Z,0,0,range,pipeann.hybrid.search.v1,0,True,/mnt/bak3/lzg/PipeANN-github/experiments/r116_suite/exp6_aris_cpu_clean/tmp/direct_1m,10.0,49728,0,1,3000.0,0.0,96.0,25.932,0,0,1,565.0,889.0,1047.0,2013.0,1309.0,1000000,1000,49728,12497.804688,1000,/mnt/bak3/lzg/PipeANN-github/experiments/r116_suite/labels/query_1000_range_u3e-03.spmat,100.0,100.0,10,prefilter,prefilter,prefilter,range,exp4_intersect_range_selectivity,2026-05-19T09:50:14.402283Z,ok,0,9,1,0.13082480430603027,True,True,True,True
10,range_u3e-03_t10,686.177002,4,u3e-03,10,2026-05-19T09:50:14.666564Z,0,0,range,pipeann.hybrid.search.v1,0,True,/mnt/bak3/lzg/PipeANN-github/experiments/r116_suite/exp6_aris_cpu_clean/tmp/direct_1m,10.0,50176,0,1,3000.0,0.0,96.0,25.958,0,0,1,638.0,918.0,1149.0,2149.0,1418.0,1000000,1000,50176,12656.959961,1000,/mnt/bak3/lzg/PipeANN-github/experiments/r116_suite/labels/query_1000_range_u3e-03.spmat,100.0,100.0,10,prefilter,prefilter,prefilter,range,exp4_intersect_range_selectivity,2026-05-19T09:50:14.552172Z,ok,0,10,1,0.11391019821166992,True,True,True,True
10,range_u3e-03_t11,774.377991,4,u3e-03,10,2026-05-19T09:50:14.800161Z,0,0,range,pipeann.hybrid.search.v1,0,True,/mnt/bak3/lzg/PipeANN-github/experiments/r116_suite/exp6_aris_cpu_clean/tmp/direct_1m,10.0,51056,0,1,3000.0,0.0,96.0,28.636,0,0,1,712.0,1033.0,1252.0,2452.0,1536.0,1000000,1000,51056,12499.676758,1000,/mnt/bak3/lzg/PipeANN-github/experiments/r116_suite/labels/query_1000_range_u3e-03.spmat,100.0,100.0,10,prefilter,prefilter,prefilter,range,exp4_intersect_range_selectivity,2026-05-19T09:50:14.684847Z,ok,0,11,1,0.11482930183410645,True,True,True,True
10,range_u3e-03_t12,867.317993,4,u3e-03,10,2026-05-19T09:50:14.935119Z,0,0,range,pipeann.hybrid.search.v1,0,True,/mnt/bak3/lzg/PipeANN-github/experiments/r116_suite/exp6_aris_cpu_clean/tmp/direct_1m,10.0,51608,0,1,3000.0,0.0,96.0,27.898,0,0,1,791.0,1132.0,1347.0,2446.0,1805.0,1000000,1000,51608,12327.058594,1000,/mnt/bak3/lzg/PipeANN-github/experiments/r116_suite/labels/query_1000_range_u3e-03.spmat,100.0,100.0,10,prefilter,prefilter,prefilter,range,exp4_intersect_range_selectivity,2026-05-19T09:50:14.818505Z,ok,0,12,1,0.11613750457763672,True,True,True,True
10,range_u3e-03_t13,950.677002,4,u3e-03,10,2026-05-19T09:50:15.071187Z,0,0,range,pipeann.hybrid.search.v1,0,True,/mnt/bak3/lzg/PipeANN-github/experiments/r116_suite/exp6_aris_cpu_clean/tmp/direct_1m,10.0,52492,0,1,3000.0,0.0,96.0,28.209,0,0,1,864.0,1260.0,1697.0,2595.0,2375.0,1000000,1000,52492,12274.707031,1000,/mnt/bak3/lzg/PipeANN-github/experiments/r116_suite/labels/query_1000_range_u3e-03.spmat,100.0,100.0,10,prefilter,prefilter,prefilter,range,exp4_intersect_range_selectivity,2026-05-19T09:50:14.953538Z,ok,0,13,1,0.11716151237487793,True,True,True,True
10,range_u3e-03_t14,1037.126953,4,u3e-03,10,2026-05-19T09:50:15.209737Z,0,0,range,pipeann.hybrid.search.v1,0,True,/mnt/bak3/lzg/PipeANN-github/experiments/r116_suite/exp6_aris_cpu_clean/tmp/direct_1m,10.0,52956,0,1,3000.0,0.0,96.0,29.676,0,0,1,941.0,1415.0,1618.0,2903.0,2112.0,1000000,1000,52956,12201.830078,1000,/mnt/bak3/lzg/PipeANN-github/experiments/r116_suite/labels/query_1000_range_u3e-03.spmat,100.0,100.0,10,prefilter,prefilter,prefilter,range,exp4_intersect_range_selectivity,2026-05-19T09:50:15.090341Z,ok,0,14,1,0.11894369125366211,True,True,True,True
10,range_u3e-03_t15,1099.449951,4,u3e-03,10,2026-05-19T09:50:15.344492Z,0,0,range,pipeann.hybrid.search.v1,0,True,/mnt/bak3/lzg/PipeANN-github/experiments/r116_suite/exp6_aris_cpu_clean/tmp/direct_1m,10.0,53408,0,1,3000.0,0.0,96.0,31.246,0,0,1,992.0,1473.0,1827.0,3034.0,2307.0,1000000,1000,53408,12385.993164,1000,/mnt/bak3/lzg/PipeANN-github/experiments/r116_suite/labels/query_1000_range_u3e-03.spmat,100.0,100.0,10,prefilter,prefilter,prefilter,range,exp4_intersect_range_selectivity,2026-05-19T09:50:15.227915Z,ok,0,15,1,0.11611771583557129,True,True,True,True
10,range_u3e-03_t16,1166.214966,4,u3e-03,10,2026-05-19T09:50:15.479687Z,0,0,range,pipeann.hybrid.search.v1,0,True,/mnt/bak3/lzg/PipeANN-github/experiments/r116_suite/exp6_aris_cpu_clean/tmp/direct_1m,10.0,54280,0,1,3000.0,0.0,96.0,31.049,0,0,1,1051.0,1577.0,1791.0,3280.0,2488.0,1000000,1000,54280,12446.606445,1000,/mnt/bak3/lzg/PipeANN-github/experiments/r116_suite/labels/query_1000_range_u3e-03.spmat,100.0,100.0,10,prefilter,prefilter,prefilter,range,exp4_intersect_range_selectivity,2026-05-19T09:50:15.362577Z,ok,0,16,1,0.11664342880249023,True,True,True,True
10,range_u1e-02_t01,350.819,4,u1e-02,10,2026-05-19T09:50:15.958206Z,0,0,range,pipeann.hybrid.search.v1,0,True,/mnt/bak3/lzg/PipeANN-github/experiments/r116_suite/exp6_aris_cpu_clean/tmp/direct_1m,10.0,44880,0,1,10000.0,0.0,128.0,29.602,0,0,1,349.0,359.0,363.0,509.0,391.0,1000000,1000,44880,2329.397217,1000,/mnt/bak3/lzg/PipeANN-github/experiments/r116_suite/labels/query_1000_range_u1e-02.spmat,100.0,100.0,10,prefilter,prefilter,prefilter,range,exp4_intersect_range_selectivity,2026-05-19T09:50:15.497007Z,ok,0,1,1,0.4607264995574951,True,True,True,True
10,range_u1e-02_t02,502.167999,4,u1e-02,10,2026-05-19T09:50:16.333931Z,0,0,range,pipeann.hybrid.search.v1,0,True,/mnt/bak3/lzg/PipeANN-github/experiments/r116_suite/exp6_aris_cpu_clean/tmp/direct_1m,10.0,45548,0,1,10000.0,0.0,128.0,41.265,0,0,1,489.0,512.0,539.0,1639.0,1132.0,1000000,1000,45548,3273.609863,1000,/mnt/bak3/lzg/PipeANN-github/experiments/r116_suite/labels/query_1000_range_u1e-02.spmat,100.0,100.0,10,prefilter,prefilter,prefilter,range,exp4_intersect_range_selectivity,2026-05-19T09:50:15.977084Z,ok,0,2,1,0.3563206195831299,True,True,True,True
10,range_u1e-02_t03,478.350006,4,u1e-02,10,2026-05-19T09:50:16.601064Z,0,0,range,pipeann.hybrid.search.v1,0,True,/mnt/bak3/lzg/PipeANN-github/experiments/r116_suite/exp6_aris_cpu_clean/tmp/direct_1m,10.0,46300,0,1,10000.0,0.0,128.0,39.061,0,0,1,463.0,518.0,729.0,2068.0,1507.0,1000000,1000,46300,5150.853516,1000,/mnt/bak3/lzg/PipeANN-github/experiments/r116_suite/labels/query_1000_range_u1e-02.spmat,100.0,100.0,10,prefilter,prefilter,prefilter,range,exp4_intersect_range_selectivity,2026-05-19T09:50:16.351510Z,ok,0,3,1,0.24902939796447754,True,True,True,True
10,range_u1e-02_t04,502.459991,4,u1e-02,10,2026-05-19T09:50:16.804685Z,0,0,range,pipeann.hybrid.search.v1,0,True,/mnt/bak3/lzg/PipeANN-github/experiments/r116_suite/exp6_aris_cpu_clean/tmp/direct_1m,10.0,47064,0,1,10000.0,0.0,128.0,40.688,0,0,1,475.0,551.0,738.0,1836.0,1446.0,1000000,1000,47064,6544.932129,1000,/mnt/bak3/lzg/PipeANN-github/experiments/r116_suite/labels/query_1000_range_u1e-02.spmat,100.0,100.0,10,prefilter,prefilter,prefilter,range,exp4_intersect_range_selectivity,2026-05-19T09:50:16.619119Z,ok,0,4,1,0.18510746955871582,True,True,True,True
10,range_u1e-02_t05,524.752991,4,u1e-02,10,2026-05-19T09:50:16.985441Z,0,0,range,pipeann.hybrid.search.v1,0,True,/mnt/bak3/lzg/PipeANN-github/experiments/r116_suite/exp6_aris_cpu_clean/tmp/direct_1m,10.0,48240,0,1,10000.0,0.0,128.0,42.431,0,0,1,477.0,665.0,1037.0,1923.0,1515.0,1000000,1000,48240,7831.481934,1000,/mnt/bak3/lzg/PipeANN-github/experiments/r116_suite/labels/query_1000_range_u1e-02.spmat,100.0,100.0,10,prefilter,prefilter,prefilter,range,exp4_intersect_range_selectivity,2026-05-19T09:50:16.823140Z,ok,0,5,1,0.16184163093566895,True,True,True,True
10,range_u1e-02_t06,567.281982,4,u1e-02,10,2026-05-19T09:50:17.151488Z,0,0,range,pipeann.hybrid.search.v1,0,True,/mnt/bak3/lzg/PipeANN-github/experiments/r116_suite/exp6_aris_cpu_clean/tmp/direct_1m,10.0,48744,0,1,10000.0,0.0,128.0,44.918,0,0,1,502.0,735.0,1169.0,2005.0,1555.0,1000000,1000,48744,8735.62793,1000,/mnt/bak3/lzg/PipeANN-github/experiments/r116_suite/labels/query_1000_range_u1e-02.spmat,100.0,100.0,10,prefilter,prefilter,prefilter,range,exp4_intersect_range_selectivity,2026-05-19T09:50:17.003073Z,ok,0,6,1,0.14794397354125977,True,True,True,True
10,range_u1e-02_t07,588.596008,4,u1e-02,10,2026-05-19T09:50:17.306306Z,0,0,range,pipeann.hybrid.search.v1,0,True,/mnt/bak3/lzg/PipeANN-github/experiments/r116_suite/exp6_aris_cpu_clean/tmp/direct_1m,10.0,49700,0,1,10000.0,0.0,128.0,46.941,0,0,1,512.0,802.0,1339.0,2321.0,1599.0,1000000,1000,49700,9822.438477,1000,/mnt/bak3/lzg/PipeANN-github/experiments/r116_suite/labels/query_1000_range_u1e-02.spmat,100.0,100.0,10,prefilter,prefilter,prefilter,range,exp4_intersect_range_selectivity,2026-05-19T09:50:17.170299Z,ok,0,7,1,0.135528564453125,True,True,True,True
10,range_u1e-02_t08,754.958008,4,u1e-02,10,2026-05-19T09:50:17.468744Z,0,0,range,pipeann.hybrid.search.v1,0,True,/mnt/bak3/lzg/PipeANN-github/experiments/r116_suite/exp6_aris_cpu_clean/tmp/direct_1m,10.0,51056,0,1,10000.0,0.0,128.0,47.744,0,0,1,705.0,1065.0,1405.0,2369.0,1660.0,1000000,1000,51056,9080.674805,1000,/mnt/bak3/lzg/PipeANN-github/experiments/r116_suite/labels/query_1000_range_u1e-02.spmat,100.0,100.0,10,prefilter,prefilter,prefilter,range,exp4_intersect_range_selectivity,2026-05-19T09:50:17.323990Z,ok,0,8,1,0.1442863941192627,True,True,True,True
10,range_u1e-02_t09,778.45697,4,u1e-02,10,2026-05-19T09:50:17.622151Z,0,0,range,pipeann.hybrid.search.v1,0,True,/mnt/bak3/lzg/PipeANN-github/experiments/r116_suite/exp6_aris_cpu_clean/tmp/direct_1m,10.0,51304,0,1,10000.0,0.0,128.0,50.135,0,0,1,683.0,1130.0,1514.0,2714.0,2069.0,1000000,1000,51304,9892.191406,1000,/mnt/bak3/lzg/PipeANN-github/experiments/r116_suite/labels/query_1000_range_u1e-02.spmat,100.0,100.0,10,prefilter,prefilter,prefilter,range,exp4_intersect_range_selectivity,2026-05-19T09:50:17.486422Z,ok,0,9,1,0.13525390625,True,True,True,True
10,range_u1e-02_t10,947.366028,4,u1e-02,10,2026-05-19T09:50:17.782697Z,0,0,range,pipeann.hybrid.search.v1,0,True,/mnt/bak3/lzg/PipeANN-github/experiments/r116_suite/exp6_aris_cpu_clean/tmp/direct_1m,10.0,52428,0,1,10000.0,0.0,128.0,51.568,0,0,1,922.0,1308.0,1668.0,3325.0,2374.0,1000000,1000,52428,9259.09375,1000,/mnt/bak3/lzg/PipeANN-github/experiments/r116_suite/labels/query_1000_range_u1e-02.spmat,100.0,100.0,10,prefilter,prefilter,prefilter,range,exp4_intersect_range_selectivity,2026-05-19T09:50:17.639651Z,ok,0,10,1,0.14257597923278809,True,True,True,True
10,range_u1e-02_t11,1038.009033,4,u1e-02,10,2026-05-19T09:50:17.945737Z,0,0,range,pipeann.hybrid.search.v1,0,True,/mnt/bak3/lzg/PipeANN-github/experiments/r116_suite/exp6_aris_cpu_clean/tmp/direct_1m,10.0,53428,0,1,10000.0,0.0,128.0,52.156,0,0,1,993.0,1467.0,1896.0,3319.0,2603.0,1000000,1000,53428,9398.194336,1000,/mnt/bak3/lzg/PipeANN-github/experiments/r116_suite/labels/query_1000_range_u1e-02.spmat,100.0,100.0,10,prefilter,prefilter,prefilter,range,exp4_intersect_range_selectivity,2026-05-19T09:50:17.801666Z,ok,0,11,1,0.1436014175415039,True,True,True,True
10,range_u1e-02_t12,1136.220947,4,u1e-02,10,2026-05-19T09:50:18.108316Z,0,0,range,pipeann.hybrid.search.v1,0,True,/mnt/bak3/lzg/PipeANN-github/experiments/r116_suite/exp6_aris_cpu_clean/tmp/direct_1m,10.0,53972,0,1,10000.0,0.0,128.0,56.332,0,0,1,1062.0,1451.0,1787.0,3638.0,2400.0,1000000,1000,53972,9412.080078,1000,/mnt/bak3/lzg/PipeANN-github/experiments/r116_suite/labels/query_1000_range_u1e-02.spmat,100.0,100.0,10,prefilter,prefilter,prefilter,range,exp4_intersect_range_selectivity,2026-05-19T09:50:17.964708Z,ok,0,12,1,0.1431441307067871,True,True,True,True
10,range_u1e-02_t13,1224.238037,4,u1e-02,10,2026-05-19T09:50:18.267898Z,0,0,range,pipeann.hybrid.search.v1,0,True,/mnt/bak3/lzg/PipeANN-github/experiments/r116_suite/exp6_aris_cpu_clean/tmp/direct_1m,10.0,55056,0,1,10000.0,0.0,128.0,55.109,0,0,1,1129.0,1607.0,2023.0,3598.0,3176.0,1000000,1000,55056,9532.629883,1000,/mnt/bak3/lzg/PipeANN-github/experiments/r116_suite/labels/query_1000_range_u1e-02.spmat,100.0,100.0,10,prefilter,prefilter,prefilter,range,exp4_intersect_range_selectivity,2026-05-19T09:50:18.127145Z,ok,0,13,1,0.1402575969696045,True,True,True,True
10,range_u1e-02_t14,1349.149048,4,u1e-02,10,2026-05-19T09:50:18.429910Z,0,0,range,pipeann.hybrid.search.v1,0,True,/mnt/bak3/lzg/PipeANN-github/experiments/r116_suite/exp6_aris_cpu_clean/tmp/direct_1m,10.0,55732,0,1,10000.0,0.0,128.0,57.274,0,0,1,1279.0,1715.0,2124.0,4001.0,3250.0,1000000,1000,55732,9382.72168,1000,/mnt/bak3/lzg/PipeANN-github/experiments/r116_suite/labels/query_1000_range_u1e-02.spmat,100.0,100.0,10,prefilter,prefilter,prefilter,range,exp4_intersect_range_selectivity,2026-05-19T09:50:18.286455Z,ok,0,14,1,0.14299392700195312,True,True,True,True
10,range_u1e-02_t15,1440.758057,4,u1e-02,10,2026-05-19T09:50:18.593425Z,0,0,range,pipeann.hybrid.search.v1,0,True,/mnt/bak3/lzg/PipeANN-github/experiments/r116_suite/exp6_aris_cpu_clean/tmp/direct_1m,10.0,56888,0,1,10000.0,0.0,128.0,56.596,0,0,1,1326.0,1811.0,2337.0,4211.0,3936.0,1000000,1000,56888,9459.263672,1000,/mnt/bak3/lzg/PipeANN-github/experiments/r116_suite/labels/query_1000_range_u1e-02.spmat,100.0,100.0,10,prefilter,prefilter,prefilter,range,exp4_intersect_range_selectivity,2026-05-19T09:50:18.448702Z,ok,0,15,1,0.1442573070526123,True,True,True,True
10,range_u1e-02_t16,1522.281006,4,u1e-02,10,2026-05-19T09:50:18.755481Z,0,0,range,pipeann.hybrid.search.v1,0,True,/mnt/bak3/lzg/PipeANN-github/experiments/r116_suite/exp6_aris_cpu_clean/tmp/direct_1m,10.0,57376,0,1,10000.0,0.0,128.0,59.43,0,0,1,1420.0,1911.0,2342.0,4304.0,4050.0,1000000,1000,57376,9583.144531,1000,/mnt/bak3/lzg/PipeANN-github/experiments/r116_suite/labels/query_1000_range_u1e-02.spmat,100.0,100.0,10,prefilter,prefilter,prefilter,range,exp4_intersect_range_selectivity,2026-05-19T09:50:18.612457Z,ok,0,16,1,0.14255642890930176,True,True,True,True
10,range_u5e-02_t01,1231.797974,4,u5e-02,10,2026-05-19T09:50:20.163216Z,0,0,range,pipeann.hybrid.search.v1,0,True,/mnt/bak3/lzg/PipeANN-github/experiments/r116_suite/exp6_aris_cpu_clean/tmp/direct_1m,10.0,45128,0,1,50000.0,0.0,160.0,41.129,0,0,1,1226.0,1248.0,1263.0,1523.0,1473.0,1000000,1000,45128,736.137573,1000,/mnt/bak3/lzg/PipeANN-github/experiments/r116_suite/labels/query_1000_range_u5e-02.spmat,100.0,100.0,10,prefilter,prefilter,prefilter,range,exp4_intersect_range_selectivity,2026-05-19T09:50:18.772731Z,ok,0,1,1,1.3899950981140137,True,True,True,True
10,range_u5e-02_t02,1471.770996,4,u5e-02,10,2026-05-19T09:50:21.026109Z,0,0,range,pipeann.hybrid.search.v1,0,True,/mnt/bak3/lzg/PipeANN-github/experiments/r116_suite/exp6_aris_cpu_clean/tmp/direct_1m,10.0,46136,0,1,50000.0,0.0,160.0,46.73,0,0,1,1494.0,1679.0,1799.0,5004.0,2260.0,1000000,1000,46136,1235.487183,1000,/mnt/bak3/lzg/PipeANN-github/experiments/r116_suite/labels/query_1000_range_u5e-02.spmat,100.0,100.0,10,prefilter,prefilter,prefilter,range,exp4_intersect_range_selectivity,2026-05-19T09:50:20.181996Z,ok,0,2,1,0.8436501026153564,True,True,True,True
10,range_u5e-02_t03,1848.359009,4,u5e-02,10,2026-05-19T09:50:21.752740Z,0,0,range,pipeann.hybrid.search.v1,0,True,/mnt/bak3/lzg/PipeANN-github/experiments/r116_suite/exp6_aris_cpu_clean/tmp/direct_1m,10.0,47672,0,1,50000.0,0.0,160.0,54.151,0,0,1,1725.0,2355.0,2468.0,5184.0,3832.0,1000000,1000,47672,1487.408325,1000,/mnt/bak3/lzg/PipeANN-github/experiments/r116_suite/labels/query_1000_range_u5e-02.spmat,100.0,100.0,10,prefilter,prefilter,prefilter,range,exp4_intersect_range_selectivity,2026-05-19T09:50:21.044557Z,ok,0,3,1,0.707639217376709,True,True,True,True
10,range_u5e-02_t04,1927.046021,4,u5e-02,10,2026-05-19T09:50:22.345304Z,0,0,range,pipeann.hybrid.search.v1,0,True,/mnt/bak3/lzg/PipeANN-github/experiments/r116_suite/exp6_aris_cpu_clean/tmp/direct_1m,10.0,48580,0,1,50000.0,0.0,160.0,62.356,0,0,1,1866.0,2098.0,2169.0,5874.0,3639.0,1000000,1000,48580,1893.080322,1000,/mnt/bak3/lzg/PipeANN-github/experiments/r116_suite/labels/query_1000_range_u5e-02.spmat,100.0,100.0,10,prefilter,prefilter,prefilter,range,exp4_intersect_range_selectivity,2026-05-19T09:50:21.771220Z,ok,0,4,1,0.5735452175140381,True,True,True,True
10,range_u5e-02_t05,1935.198975,4,u5e-02,10,2026-05-19T09:50:22.835261Z,0,0,range,pipeann.hybrid.search.v1,0,True,/mnt/bak3/lzg/PipeANN-github/experiments/r116_suite/exp6_aris_cpu_clean/tmp/direct_1m,10.0,50408,0,1,50000.0,0.0,160.0,62.348,0,0,1,1852.0,2111.0,2206.0,5907.0,3945.0,1000000,1000,50408,2350.687256,1000,/mnt/bak3/lzg/PipeANN-github/experiments/r116_suite/labels/query_1000_range_u5e-02.spmat,100.0,100.0,10,prefilter,prefilter,prefilter,range,exp4_intersect_range_selectivity,2026-05-19T09:50:22.363322Z,ok,0,5,1,0.4713723659515381,True,True,True,True
10,range_u5e-02_t06,1979.706055,4,u5e-02,10,2026-05-19T09:50:23.270533Z,0,0,range,pipeann.hybrid.search.v1,0,True,/mnt/bak3/lzg/PipeANN-github/experiments/r116_suite/exp6_aris_cpu_clean/tmp/direct_1m,10.0,50960,0,1,50000.0,0.0,160.0,63.424,0,0,1,1878.0,2156.0,2287.0,5945.0,5330.0,1000000,1000,50960,2748.383057,1000,/mnt/bak3/lzg/PipeANN-github/experiments/r116_suite/labels/query_1000_range_u5e-02.spmat,100.0,100.0,10,prefilter,prefilter,prefilter,range,exp4_intersect_range_selectivity,2026-05-19T09:50:22.853930Z,ok,0,6,1,0.41604113578796387,True,True,True,True
10,range_u5e-02_t07,2012.401001,4,u5e-02,10,2026-05-19T09:50:23.665152Z,0,0,range,pipeann.hybrid.search.v1,0,True,/mnt/bak3/lzg/PipeANN-github/experiments/r116_suite/exp6_aris_cpu_clean/tmp/direct_1m,10.0,52400,0,1,50000.0,0.0,160.0,64.972,0,0,1,1913.0,2192.0,2403.0,6322.0,5462.0,1000000,1000,52400,3168.76709,1000,/mnt/bak3/lzg/PipeANN-github/experiments/r116_suite/labels/query_1000_range_u5e-02.spmat,100.0,100.0,10,prefilter,prefilter,prefilter,range,exp4_intersect_range_selectivity,2026-05-19T09:50:23.289800Z,ok,0,7,1,0.37476086616516113,True,True,True,True
10,range_u5e-02_t08,2299.11499,4,u5e-02,10,2026-05-19T09:50:24.048938Z,0,0,range,pipeann.hybrid.search.v1,0,True,/mnt/bak3/lzg/PipeANN-github/experiments/r116_suite/exp6_aris_cpu_clean/tmp/direct_1m,10.0,53464,0,1,50000.0,0.0,160.0,66.802,0,0,1,2117.0,2988.0,3191.0,6963.0,5581.0,1000000,1000,53464,3190.170898,1000,/mnt/bak3/lzg/PipeANN-github/experiments/r116_suite/labels/query_1000_range_u5e-02.spmat,100.0,100.0,10,prefilter,prefilter,prefilter,range,exp4_intersect_range_selectivity,2026-05-19T09:50:23.682806Z,ok,0,8,1,0.3655514717102051,True,True,True,True
10,range_u5e-02_t09,2242.280029,4,u5e-02,10,2026-05-19T09:50:24.403245Z,0,0,range,pipeann.hybrid.search.v1,0,True,/mnt/bak3/lzg/PipeANN-github/experiments/r116_suite/exp6_aris_cpu_clean/tmp/direct_1m,10.0,54616,0,1,50000.0,0.0,160.0,67.614,0,0,1,2132.0,2588.0,2920.0,7257.0,5828.0,1000000,1000,54616,3670.960449,1000,/mnt/bak3/lzg/PipeANN-github/experiments/r116_suite/labels/query_1000_range_u5e-02.spmat,100.0,100.0,10,prefilter,prefilter,prefilter,range,exp4_intersect_range_selectivity,2026-05-19T09:50:24.067133Z,ok,0,9,1,0.33557915687561035,True,True,True,True
10,range_u5e-02_t10,2547.673096,4,u5e-02,10,2026-05-19T09:50:24.750690Z,0,0,range,pipeann.hybrid.search.v1,0,True,/mnt/bak3/lzg/PipeANN-github/experiments/r116_suite/exp6_aris_cpu_clean/tmp/direct_1m,10.0,55848,0,1,50000.0,0.0,160.0,68.839,0,0,1,2427.0,3272.0,3593.0,7547.0,5678.0,1000000,1000,55848,3627.155273,1000,/mnt/bak3/lzg/PipeANN-github/experiments/r116_suite/labels/query_1000_range_u5e-02.spmat,100.0,100.0,10,prefilter,prefilter,prefilter,range,exp4_intersect_range_selectivity,2026-05-19T09:50:24.422358Z,ok,0,10,1,0.3277928829193115,True,True,True,True
10,range_u5e-02_t11,2643.106934,4,u5e-02,10,2026-05-19T09:50:25.079165Z,0,0,range,pipeann.hybrid.search.v1,0,True,/mnt/bak3/lzg/PipeANN-github/experiments/r116_suite/exp6_aris_cpu_clean/tmp/direct_1m,10.0,56720,0,1,50000.0,0.0,160.0,72.48,0,0,1,2521.0,3306.0,3628.0,8450.0,6895.0,1000000,1000,56720,3849.195312,1000,/mnt/bak3/lzg/PipeANN-github/experiments/r116_suite/labels/query_1000_range_u5e-02.spmat,100.0,100.0,10,prefilter,prefilter,prefilter,range,exp4_intersect_range_selectivity,2026-05-19T09:50:24.769894Z,ok,0,11,1,0.30872273445129395,True,True,True,True
10,range_u5e-02_t12,2843.822998,4,u5e-02,10,2026-05-19T09:50:25.404173Z,0,0,range,pipeann.hybrid.search.v1,0,True,/mnt/bak3/lzg/PipeANN-github/experiments/r116_suite/exp6_aris_cpu_clean/tmp/direct_1m,10.0,57824,0,1,50000.0,0.0,160.0,77.671,0,0,1,2724.0,3488.0,3851.0,9280.0,6542.0,1000000,1000,57824,3910.91333,1000,/mnt/bak3/lzg/PipeANN-github/experiments/r116_suite/labels/query_1000_range_u5e-02.spmat,100.0,100.0,10,prefilter,prefilter,prefilter,range,exp4_intersect_range_selectivity,2026-05-19T09:50:25.097153Z,ok,0,12,1,0.30661630630493164,True,True,True,True
10,range_u5e-02_t13,3089.128906,4,u5e-02,10,2026-05-19T09:50:25.740899Z,0,0,range,pipeann.hybrid.search.v1,0,True,/mnt/bak3/lzg/PipeANN-github/experiments/r116_suite/exp6_aris_cpu_clean/tmp/direct_1m,10.0,59156,0,1,50000.0,0.0,160.0,73.279,0,0,1,2988.0,3753.0,4122.0,9022.0,7848.0,1000000,1000,59156,3922.537109,1000,/mnt/bak3/lzg/PipeANN-github/experiments/r116_suite/labels/query_1000_range_u5e-02.spmat,100.0,100.0,10,prefilter,prefilter,prefilter,range,exp4_intersect_range_selectivity,2026-05-19T09:50:25.422023Z,ok,0,13,1,0.3182792663574219,True,True,True,True
10,range_u5e-02_t14,3370.032959,4,u5e-02,10,2026-05-19T09:50:26.066980Z,0,0,range,pipeann.hybrid.search.v1,0,True,/mnt/bak3/lzg/PipeANN-github/experiments/r116_suite/exp6_aris_cpu_clean/tmp/direct_1m,10.0,60404,0,1,50000.0,0.0,160.0,77.144,0,0,1,3231.0,3587.0,4397.0,9476.0,8114.0,1000000,1000,60404,3887.216309,1000,/mnt/bak3/lzg/PipeANN-github/experiments/r116_suite/labels/query_1000_range_u5e-02.spmat,100.0,100.0,10,prefilter,prefilter,prefilter,range,exp4_intersect_range_selectivity,2026-05-19T09:50:25.758572Z,ok,0,14,1,0.3078639507293701,True,True,True,True
10,range_u5e-02_t15,3363.166016,4,u5e-02,10,2026-05-19T09:50:26.375878Z,0,0,range,pipeann.hybrid.search.v1,0,True,/mnt/bak3/lzg/PipeANN-github/experiments/r116_suite/exp6_aris_cpu_clean/tmp/direct_1m,10.0,61808,0,1,50000.0,0.0,160.0,80.185,0,0,1,3285.0,3969.0,4507.0,10277.0,8868.0,1000000,1000,61808,4166.414062,1000,/mnt/bak3/lzg/PipeANN-github/experiments/r116_suite/labels/query_1000_range_u5e-02.spmat,100.0,100.0,10,prefilter,prefilter,prefilter,range,exp4_intersect_range_selectivity,2026-05-19T09:50:26.084612Z,ok,0,15,1,0.29072093963623047,True,True,True,True
10,range_u5e-02_t16,3744.822021,4,u5e-02,10,2026-05-19T09:50:26.698834Z,0,0,range,pipeann.hybrid.search.v1,0,True,/mnt/bak3/lzg/PipeANN-github/experiments/r116_suite/exp6_aris_cpu_clean/tmp/direct_1m,10.0,62464,0,1,50000.0,0.0,160.0,82.307,0,0,1,3590.0,3951.0,4917.0,10307.0,9190.0,1000000,1000,62464,4011.103027,1000,/mnt/bak3/lzg/PipeANN-github/experiments/r116_suite/labels/query_1000_range_u5e-02.spmat,100.0,100.0,10,prefilter,prefilter,prefilter,range,exp4_intersect_range_selectivity,2026-05-19T09:50:26.394808Z,ok,0,16,1,0.3034842014312744,True,True,True,True
10,range_u1e-01_t01,2672.281982,4,u1e-01,10,2026-05-19T09:50:29.671660Z,0,0,range,pipeann.hybrid.search.v1,0,True,/mnt/bak3/lzg/PipeANN-github/experiments/r116_suite/exp6_aris_cpu_clean/tmp/direct_1m,10.0,46220,0,1,100000.0,0.0,160.0,63.222,0,0,1,3023.0,3083.0,3093.0,3472.0,3307.0,1000000,1000,46220,344.916199,1000,/mnt/bak3/lzg/PipeANN-github/experiments/r116_suite/labels/query_1000_range_u1e-01.spmat,100.0,100.0,10,prefilter,prefilter,prefilter,range,exp4_intersect_range_selectivity,2026-05-19T09:50:26.717710Z,ok,0,1,1,2.953449249267578,True,True,True,True
10,range_u1e-01_t02,2666.741943,4,u1e-01,10,2026-05-19T09:50:31.166115Z,0,0,range,pipeann.hybrid.search.v1,0,True,/mnt/bak3/lzg/PipeANN-github/experiments/r116_suite/exp6_aris_cpu_clean/tmp/direct_1m,10.0,47844,0,1,100000.0,0.0,160.0,58.325,0,0,1,2562.0,3093.0,3275.0,9179.0,3990.0,1000000,1000,47844,694.13208,1000,/mnt/bak3/lzg/PipeANN-github/experiments/r116_suite/labels/query_1000_range_u1e-01.spmat,100.0,100.0,10,prefilter,prefilter,prefilter,range,exp4_intersect_range_selectivity,2026-05-19T09:50:29.690581Z,ok,0,2,1,1.4750697612762451,True,True,True,True
10,range_u1e-01_t03,2811.011963,4,u1e-01,10,2026-05-19T09:50:32.232311Z,0,0,range,pipeann.hybrid.search.v1,0,True,/mnt/bak3/lzg/PipeANN-github/experiments/r116_suite/exp6_aris_cpu_clean/tmp/direct_1m,10.0,49360,0,1,100000.0,0.0,160.0,61.62,0,0,1,2971.0,3258.0,3305.0,9060.0,3706.0,1000000,1000,49360,986.840515,1000,/mnt/bak3/lzg/PipeANN-github/experiments/r116_suite/labels/query_1000_range_u1e-01.spmat,100.0,100.0,10,prefilter,prefilter,prefilter,range,exp4_intersect_range_selectivity,2026-05-19T09:50:31.184929Z,ok,0,3,1,1.046924114227295,True,True,True,True
10,range_u1e-01_t04,2919.63208,4,u1e-01,10,2026-05-19T09:50:33.076031Z,0,0,range,pipeann.hybrid.search.v1,0,True,/mnt/bak3/lzg/PipeANN-github/experiments/r116_suite/exp6_aris_cpu_clean/tmp/direct_1m,10.0,50388,0,1,100000.0,0.0,160.0,63.528,0,0,1,3042.0,3266.0,3323.0,9371.0,4578.0,1000000,1000,50388,1265.985229,1000,/mnt/bak3/lzg/PipeANN-github/experiments/r116_suite/labels/query_1000_range_u1e-01.spmat,100.0,100.0,10,prefilter,prefilter,prefilter,range,exp4_intersect_range_selectivity,2026-05-19T09:50:32.250787Z,ok,0,4,1,0.8247766494750977,True,True,True,True
10,range_u1e-01_t05,2952.679932,4,u1e-01,10,2026-05-19T09:50:33.766336Z,0,0,range,pipeann.hybrid.search.v1,0,True,/mnt/bak3/lzg/PipeANN-github/experiments/r116_suite/exp6_aris_cpu_clean/tmp/direct_1m,10.0,52052,0,1,100000.0,0.0,160.0,64.981,0,0,1,2993.0,3258.0,3303.0,8972.0,5970.0,1000000,1000,52052,1563.821655,1000,/mnt/bak3/lzg/PipeANN-github/experiments/r116_suite/labels/query_1000_range_u1e-01.spmat,100.0,100.0,10,prefilter,prefilter,prefilter,range,exp4_intersect_range_selectivity,2026-05-19T09:50:33.093376Z,ok,0,5,1,0.672487735748291,True,True,True,True
10,range_u1e-01_t06,3212.38208,4,u1e-01,10,2026-05-19T09:50:34.401035Z,0,0,range,pipeann.hybrid.search.v1,0,True,/mnt/bak3/lzg/PipeANN-github/experiments/r116_suite/exp6_aris_cpu_clean/tmp/direct_1m,10.0,53536,0,1,100000.0,0.0,160.0,69.028,0,0,1,3080.0,3752.0,4338.0,9046.0,7914.0,1000000,1000,53536,1729.0802,1000,/mnt/bak3/lzg/PipeANN-github/experiments/r116_suite/labels/query_1000_range_u1e-01.spmat,100.0,100.0,10,prefilter,prefilter,prefilter,range,exp4_intersect_range_selectivity,2026-05-19T09:50:33.784095Z,ok,0,6,1,0.6163702011108398,True,True,True,True
10,range_u1e-01_t07,3487.996094,4,u1e-01,10,2026-05-19T09:50:35.021052Z,0,0,range,pipeann.hybrid.search.v1,0,True,/mnt/bak3/lzg/PipeANN-github/experiments/r116_suite/exp6_aris_cpu_clean/tmp/direct_1m,10.0,54712,0,1,100000.0,0.0,160.0,74.215,0,0,1,3325.0,4148.0,4637.0,9969.0,7126.0,1000000,1000,54712,1854.218628,1000,/mnt/bak3/lzg/PipeANN-github/experiments/r116_suite/labels/query_1000_range_u1e-01.spmat,100.0,100.0,10,prefilter,prefilter,prefilter,range,exp4_intersect_range_selectivity,2026-05-19T09:50:34.418717Z,ok,0,7,1,0.601754903793335,True,True,True,True
10,range_u1e-01_t08,3847.352051,4,u1e-01,10,2026-05-19T09:50:35.612678Z,0,0,range,pipeann.hybrid.search.v1,0,True,/mnt/bak3/lzg/PipeANN-github/experiments/r116_suite/exp6_aris_cpu_clean/tmp/direct_1m,10.0,56272,0,1,100000.0,0.0,160.0,80.315,0,0,1,3607.0,4561.0,4849.0,11110.0,8191.0,1000000,1000,56272,1923.076904,1000,/mnt/bak3/lzg/PipeANN-github/experiments/r116_suite/labels/query_1000_range_u1e-01.spmat,100.0,100.0,10,prefilter,prefilter,prefilter,range,exp4_intersect_range_selectivity,2026-05-19T09:50:35.038951Z,ok,0,8,1,0.57318115234375,True,True,True,True
10,range_u1e-01_t09,3686.418945,4,u1e-01,10,2026-05-19T09:50:36.140738Z,0,0,range,pipeann.hybrid.search.v1,0,True,/mnt/bak3/lzg/PipeANN-github/experiments/r116_suite/exp6_aris_cpu_clean/tmp/direct_1m,10.0,57884,0,1,100000.0,0.0,160.0,76.982,0,0,1,3478.0,4497.0,4856.0,11115.0,8734.0,1000000,1000,57884,2253.016357,1000,/mnt/bak3/lzg/PipeANN-github/experiments/r116_suite/labels/query_1000_range_u1e-01.spmat,100.0,100.0,10,prefilter,prefilter,prefilter,range,exp4_intersect_range_selectivity,2026-05-19T09:50:35.632197Z,ok,0,9,1,0.5079824924468994,True,True,True,True
10,range_u1e-01_t10,3444.60498,4,u1e-01,10,2026-05-19T09:50:36.608202Z,0,0,range,pipeann.hybrid.search.v1,0,True,/mnt/bak3/lzg/PipeANN-github/experiments/r116_suite/exp6_aris_cpu_clean/tmp/direct_1m,10.0,58932,0,1,100000.0,0.0,160.0,74.466,0,0,1,3223.0,3884.0,4075.0,11740.0,8579.0,1000000,1000,58932,2643.589844,1000,/mnt/bak3/lzg/PipeANN-github/experiments/r116_suite/labels/query_1000_range_u1e-01.spmat,100.0,100.0,10,prefilter,prefilter,prefilter,range,exp4_intersect_range_selectivity,2026-05-19T09:50:36.160244Z,ok,0,10,1,0.4473724365234375,True,True,True,True
10,range_u1e-01_t11,4038.687988,4,u1e-01,10,2026-05-19T09:50:37.069327Z,0,0,range,pipeann.hybrid.search.v1,0,True,/mnt/bak3/lzg/PipeANN-github/experiments/r116_suite/exp6_aris_cpu_clean/tmp/direct_1m,10.0,60112,0,1,100000.0,0.0,160.0,82.396,0,0,1,3840.0,4889.0,5167.0,11117.0,9485.0,1000000,1000,60112,2516.142334,1000,/mnt/bak3/lzg/PipeANN-github/experiments/r116_suite/labels/query_1000_range_u1e-01.spmat,100.0,100.0,10,prefilter,prefilter,prefilter,range,exp4_intersect_range_selectivity,2026-05-19T09:50:36.626914Z,ok,0,11,1,0.4418909549713135,True,True,True,True
10,range_u1e-01_t12,4159.691895,4,u1e-01,10,2026-05-19T09:50:37.528004Z,0,0,range,pipeann.hybrid.search.v1,0,True,/mnt/bak3/lzg/PipeANN-github/experiments/r116_suite/exp6_aris_cpu_clean/tmp/direct_1m,10.0,61852,0,1,100000.0,0.0,160.0,88.523,0,0,1,3955.0,4987.0,5382.0,13197.0,11339.0,1000000,1000,61852,2657.089844,1000,/mnt/bak3/lzg/PipeANN-github/experiments/r116_suite/labels/query_1000_range_u1e-01.spmat,100.0,100.0,10,prefilter,prefilter,prefilter,range,exp4_intersect_range_selectivity,2026-05-19T09:50:37.088201Z,ok,0,12,1,0.43924498558044434,True,True,True,False
10,range_u1e-01_t13,4040.356934,4,u1e-01,10,2026-05-19T09:50:37.939255Z,0,0,range,pipeann.hybrid.search.v1,0,True,/mnt/bak3/lzg/PipeANN-github/experiments/r116_suite/exp6_aris_cpu_clean/tmp/direct_1m,10.0,63036,0,1,100000.0,0.0,160.0,85.688,0,0,1,3760.0,4831.0,5191.0,12768.0,11545.0,1000000,1000,63036,2952.569092,1000,/mnt/bak3/lzg/PipeANN-github/experiments/r116_suite/labels/query_1000_range_u1e-01.spmat,100.0,100.0,10,prefilter,prefilter,prefilter,range,exp4_intersect_range_selectivity,2026-05-19T09:50:37.547388Z,ok,0,13,1,0.3913912773132324,True,True,True,False
10,range_u1e-01_t14,4279.87207,4,u1e-01,10,2026-05-19T09:50:38.341670Z,0,0,range,pipeann.hybrid.search.v1,0,True,/mnt/bak3/lzg/PipeANN-github/experiments/r116_suite/exp6_aris_cpu_clean/tmp/direct_1m,10.0,64252,0,1,100000.0,0.0,160.0,86.613,0,0,1,4062.0,5271.0,5754.0,13403.0,11664.0,1000000,1000,64252,3001.02002,1000,/mnt/bak3/lzg/PipeANN-github/experiments/r116_suite/labels/query_1000_range_u1e-01.spmat,100.0,100.0,10,prefilter,prefilter,prefilter,range,exp4_intersect_range_selectivity,2026-05-19T09:50:37.956116Z,ok,0,14,1,0.38499999046325684,True,True,True,False
10,range_u1e-01_t15,4290.955078,4,u1e-01,10,2026-05-19T09:50:38.723975Z,0,0,range,pipeann.hybrid.search.v1,0,True,/mnt/bak3/lzg/PipeANN-github/experiments/r116_suite/exp6_aris_cpu_clean/tmp/direct_1m,10.0,65544,0,1,100000.0,0.0,160.0,91.789,0,0,1,4077.0,5229.0,5742.0,13818.0,11397.0,1000000,1000,65544,3206.147217,1000,/mnt/bak3/lzg/PipeANN-github/experiments/r116_suite/labels/query_1000_range_u1e-01.spmat,100.0,100.0,10,prefilter,prefilter,prefilter,range,exp4_intersect_range_selectivity,2026-05-19T09:50:38.359250Z,ok,0,15,1,0.3641808032989502,True,True,True,False
10,range_u1e-01_t16,4371.893066,4,u1e-01,10,2026-05-19T09:50:39.094112Z,0,0,range,pipeann.hybrid.search.v1,0,True,/mnt/bak3/lzg/PipeANN-github/experiments/r116_suite/exp6_aris_cpu_clean/tmp/direct_1m,10.0,67248,0,1,100000.0,0.0,160.0,95.474,0,0,1,4152.0,5240.0,5662.0,14373.0,12422.0,1000000,1000,67248,3351.677002,1000,/mnt/bak3/lzg/PipeANN-github/experiments/r116_suite/labels/query_1000_range_u1e-01.spmat,100.0,100.0,10,prefilter,prefilter,prefilter,range,exp4_intersect_range_selectivity,2026-05-19T09:50:38.742206Z,ok,0,16,1,0.35135912895202637,True,True,True,False
10,range_u25_t01,5591.492188,4,u25,10,2026-05-19T09:50:45.155667Z,0,0,range,pipeann.hybrid.search.v1,0,True,/mnt/bak3/lzg/PipeANN-github/experiments/r116_suite/exp6_aris_cpu_clean/tmp/direct_1m,10.0,46928,0,1,250000.0,0.0,192.0,68.031,0,0,1,5004.0,7074.0,7085.0,8582.0,7340.0,1000000,1000,46928,166.688461,1000,/mnt/bak3/lzg/PipeANN-github/experiments/r116_suite/labels/query_1000_range_u25.spmat,100.0,100.0,10,prefilter,prefilter,prefilter,range,exp4_intersect_range_selectivity,2026-05-19T09:50:39.112847Z,ok,0,1,1,6.042344093322754,True,True,True,True
10,range_u25_t02,5627.733887,4,u25,10,2026-05-19T09:50:48.227816Z,0,0,range,pipeann.hybrid.search.v1,0,True,/mnt/bak3/lzg/PipeANN-github/experiments/r116_suite/exp6_aris_cpu_clean/tmp/direct_1m,10.0,50152,0,1,250000.0,0.0,192.0,64.996,0,0,1,5360.0,7262.0,7436.0,17793.0,7568.0,1000000,1000,50152,332.722321,1000,/mnt/bak3/lzg/PipeANN-github/experiments/r116_suite/labels/query_1000_range_u25.spmat,100.0,100.0,10,prefilter,prefilter,prefilter,range,exp4_intersect_range_selectivity,2026-05-19T09:50:45.173924Z,ok,0,2,1,3.053410768508911,True,True,True,True
10,range_u25_t03,5766.375977,4,u25,10,2026-05-19T09:50:50.339613Z,0,0,range,pipeann.hybrid.search.v1,0,True,/mnt/bak3/lzg/PipeANN-github/experiments/r116_suite/exp6_aris_cpu_clean/tmp/direct_1m,10.0,52732,0,1,250000.0,0.0,192.0,67.39,0,0,1,5355.0,7278.0,7407.0,18572.0,7531.0,1000000,1000,52732,486.833221,1000,/mnt/bak3/lzg/PipeANN-github/experiments/r116_suite/labels/query_1000_range_u25.spmat,100.0,100.0,10,prefilter,prefilter,prefilter,range,exp4_intersect_range_selectivity,2026-05-19T09:50:48.245013Z,ok,0,3,1,2.0943310260772705,True,True,True,True
10,range_u25_t04,5835.537109,4,u25,10,2026-05-19T09:50:51.938825Z,0,0,range,pipeann.hybrid.search.v1,0,True,/mnt/bak3/lzg/PipeANN-github/experiments/r116_suite/exp6_aris_cpu_clean/tmp/direct_1m,10.0,55624,0,1,250000.0,0.0,192.0,68.155,0,0,1,5489.0,7293.0,7337.0,18702.0,7591.0,1000000,1000,55624,640.811157,1000,/mnt/bak3/lzg/PipeANN-github/experiments/r116_suite/labels/query_1000_range_u25.spmat,100.0,100.0,10,prefilter,prefilter,prefilter,range,exp4_intersect_range_selectivity,2026-05-19T09:50:50.348516Z,ok,0,4,1,1.5898120403289795,True,True,True,True
10,range_u25_t05,6063.995117,4,u25,10,2026-05-19T09:50:53.290734Z,0,0,range,pipeann.hybrid.search.v1,0,True,/mnt/bak3/lzg/PipeANN-github/experiments/r116_suite/exp6_aris_cpu_clean/tmp/direct_1m,10.0,58448,0,1,250000.0,0.0,192.0,72.547,0,0,1,5594.0,7219.0,7384.0,20658.0,7824.0,1000000,1000,58448,768.963928,1000,/mnt/bak3/lzg/PipeANN-github/experiments/r116_suite/labels/query_1000_range_u25.spmat,100.0,100.0,10,prefilter,prefilter,prefilter,range,exp4_intersect_range_selectivity,2026-05-19T09:50:51.956257Z,ok,0,5,1,1.3340106010437012,True,True,True,True
10,range_u25_t06,6794.062988,4,u25,10,2026-05-19T09:50:54.560689Z,0,0,range,pipeann.hybrid.search.v1,0,True,/mnt/bak3/lzg/PipeANN-github/experiments/r116_suite/exp6_aris_cpu_clean/tmp/direct_1m,10.0,61160,0,1,250000.0,0.0,192.0,77.8,0,0,1,7003.0,8637.0,8758.0,18930.0,11220.0,1000000,1000,61160,822.993042,1000,/mnt/bak3/lzg/PipeANN-github/experiments/r116_suite/labels/query_1000_range_u25.spmat,100.0,100.0,10,prefilter,prefilter,prefilter,range,exp4_intersect_range_selectivity,2026-05-19T09:50:53.308573Z,ok,0,6,1,1.2516303062438965,True,True,True,False
10,range_u25_t07,6764.443848,4,u25,10,2026-05-19T09:50:55.671588Z,0,0,range,pipeann.hybrid.search.v1,0,True,/mnt/bak3/lzg/PipeANN-github/experiments/r116_suite/exp6_aris_cpu_clean/tmp/direct_1m,10.0,64116,0,1,250000.0,0.0,192.0,80.838,0,0,1,6988.0,7657.0,8793.0,18302.0,11046.0,1000000,1000,64116,962.617676,1000,/mnt/bak3/lzg/PipeANN-github/experiments/r116_suite/labels/query_1000_range_u25.spmat,100.0,100.0,10,prefilter,prefilter,prefilter,range,exp4_intersect_range_selectivity,2026-05-19T09:50:54.578460Z,ok,0,7,1,1.0926423072814941,True,True,True,False
10,range_u25_t08,7095.128906,4,u25,10,2026-05-19T09:50:56.698023Z,0,0,range,pipeann.hybrid.search.v1,0,True,/mnt/bak3/lzg/PipeANN-github/experiments/r116_suite/exp6_aris_cpu_clean/tmp/direct_1m,10.0,66444,0,1,250000.0,0.0,192.0,82.007,0,0,1,7227.0,8845.0,9007.0,20591.0,11173.0,1000000,1000,66444,1049.327393,1000,/mnt/bak3/lzg/PipeANN-github/experiments/r116_suite/labels/query_1000_range_u25.spmat,100.0,100.0,10,prefilter,prefilter,prefilter,range,exp4_intersect_range_selectivity,2026-05-19T09:50:55.689799Z,ok,0,8,1,1.007730484008789,True,True,True,False
10,range_u25_t09,6946.300781,4,u25,10,2026-05-19T09:50:57.604231Z,0,0,range,pipeann.hybrid.search.v1,0,True,/mnt/bak3/lzg/PipeANN-github/experiments/r116_suite/exp6_aris_cpu_clean/tmp/direct_1m,10.0,69632,0,1,250000.0,0.0,192.0,82.478,0,0,1,7047.0,8785.0,8928.0,19041.0,11347.0,1000000,1000,69632,1199.99231,1000,/mnt/bak3/lzg/PipeANN-github/experiments/r116_suite/labels/query_1000_range_u25.spmat,100.0,100.0,10,prefilter,prefilter,prefilter,range,exp4_intersect_range_selectivity,2026-05-19T09:50:56.717017Z,ok,0,9,1,0.8867504596710205,True,True,True,False
10,range_u25_t10,7213.150879,4,u25,10,2026-05-19T09:50:58.435099Z,0,0,range,pipeann.hybrid.search.v1,0,True,/mnt/bak3/lzg/PipeANN-github/experiments/r116_suite/exp6_aris_cpu_clean/tmp/direct_1m,10.0,71836,0,1,250000.0,0.0,192.0,83.237,0,0,1,7107.0,8836.0,8986.0,20566.0,12169.0,1000000,1000,71836,1288.368286,1000,/mnt/bak3/lzg/PipeANN-github/experiments/r116_suite/labels/query_1000_range_u25.spmat,100.0,100.0,10,prefilter,prefilter,prefilter,range,exp4_intersect_range_selectivity,2026-05-19T09:50:57.622151Z,ok,0,10,1,0.8124744892120361,True,True,True,False
10,range_u25_t11,7310.792969,4,u25,10,2026-05-19T09:50:59.209975Z,0,0,range,pipeann.hybrid.search.v1,0,True,/mnt/bak3/lzg/PipeANN-github/experiments/r116_suite/exp6_aris_cpu_clean/tmp/direct_1m,10.0,76592,0,1,250000.0,0.0,192.0,86.318,0,0,1,7212.0,8827.0,8925.0,20093.0,18721.0,1000000,1000,76592,1394.870972,1000,/mnt/bak3/lzg/PipeANN-github/experiments/r116_suite/labels/query_1000_range_u25.spmat,100.0,100.0,10,prefilter,prefilter,prefilter,range,exp4_intersect_range_selectivity,2026-05-19T09:50:58.454211Z,ok,0,11,1,0.7552978992462158,True,True,True,False
10,range_u25_t12,7388.660156,4,u25,10,2026-05-19T09:50:59.932910Z,0,0,range,pipeann.hybrid.search.v1,0,True,/mnt/bak3/lzg/PipeANN-github/experiments/r116_suite/exp6_aris_cpu_clean/tmp/direct_1m,10.0,77016,0,1,250000.0,0.0,192.0,90.435,0,0,1,7248.0,8821.0,8985.0,20034.0,18718.0,1000000,1000,77016,1504.139526,1000,/mnt/bak3/lzg/PipeANN-github/experiments/r116_suite/labels/query_1000_range_u25.spmat,100.0,100.0,10,prefilter,prefilter,prefilter,range,exp4_intersect_range_selectivity,2026-05-19T09:50:59.228993Z,ok,0,12,1,0.7034251689910889,True,True,True,False
10,range_u25_t13,7406.746094,4,u25,10,2026-05-19T09:51:00.608432Z,0,0,range,pipeann.hybrid.search.v1,0,True,/mnt/bak3/lzg/PipeANN-github/experiments/r116_suite/exp6_aris_cpu_clean/tmp/direct_1m,10.0,79888,0,1,250000.0,0.0,192.0,89.159,0,0,1,7191.0,8839.0,8997.0,19990.0,18587.0,1000000,1000,79888,1622.116333,1000,/mnt/bak3/lzg/PipeANN-github/experiments/r116_suite/labels/query_1000_range_u25.spmat,100.0,100.0,10,prefilter,prefilter,prefilter,range,exp4_intersect_range_selectivity,2026-05-19T09:50:59.951880Z,ok,0,13,1,0.6560862064361572,True,True,True,False
10,range_u25_t14,7480.51709,4,u25,10,2026-05-19T09:51:01.245528Z,0,0,range,pipeann.hybrid.search.v1,0,True,/mnt/bak3/lzg/PipeANN-github/experiments/r116_suite/exp6_aris_cpu_clean/tmp/direct_1m,10.0,82532,0,1,250000.0,0.0,192.0,95.464,0,0,1,7254.0,8863.0,9017.0,21436.0,18501.0,1000000,1000,82532,1723.267944,1000,/mnt/bak3/lzg/PipeANN-github/experiments/r116_suite/labels/query_1000_range_u25.spmat,100.0,100.0,10,prefilter,prefilter,prefilter,range,exp4_intersect_range_selectivity,2026-05-19T09:51:00.626606Z,ok,0,14,1,0.6186089515686035,True,True,True,False
10,range_u25_t15,7595.716797,4,u25,10,2026-05-19T09:51:01.850053Z,0,0,range,pipeann.hybrid.search.v1,0,True,/mnt/bak3/lzg/PipeANN-github/experiments/r116_suite/exp6_aris_cpu_clean/tmp/direct_1m,10.0,85528,0,1,250000.0,0.0,192.0,99.589,0,0,1,7335.0,8836.0,8965.0,20654.0,18239.0,1000000,1000,85528,1817.012939,1000,/mnt/bak3/lzg/PipeANN-github/experiments/r116_suite/labels/query_1000_range_u25.spmat,100.0,100.0,10,prefilter,prefilter,prefilter,range,exp4_intersect_range_selectivity,2026-05-19T09:51:01.260895Z,ok,0,15,1,0.5886721611022949,True,True,True,False
10,range_u25_t16,7721.620117,4,u25,10,2026-05-19T09:51:02.433291Z,0,0,range,pipeann.hybrid.search.v1,0,True,/mnt/bak3/lzg/PipeANN-github/experiments/r116_suite/exp6_aris_cpu_clean/tmp/direct_1m,10.0,87868,0,1,250000.0,0.0,192.0,99.676,0,0,1,7338.0,8933.0,9110.0,21155.0,19225.0,1000000,1000,87868,1904.161499,1000,/mnt/bak3/lzg/PipeANN-github/experiments/r116_suite/labels/query_1000_range_u25.spmat,100.0,100.0,10,prefilter,prefilter,prefilter,range,exp4_intersect_range_selectivity,2026-05-19T09:51:01.868647Z,ok,0,16,1,0.564171314239502,True,True,True,False
10,range_u30_t01,5944.845215,4,u30,10,2026-05-19T09:51:08.850473Z,0,0,range,pipeann.hybrid.search.v1,0,True,/mnt/bak3/lzg/PipeANN-github/experiments/r116_suite/exp6_aris_cpu_clean/tmp/direct_1m,10.0,47564,0,1,300000.0,0.0,192.0,70.751,0,0,1,5931.0,5950.0,6144.0,6853.0,6204.0,1000000,1000,47564,157.076172,1000,/mnt/bak3/lzg/PipeANN-github/experiments/r116_suite/labels/query_1000_range_u30.spmat,99.769997,99.769997,10,prefilter,prefilter,prefilter,range,exp4_intersect_range_selectivity,2026-05-19T09:51:02.451070Z,ok,0,1,1,6.398921251296997,True,True,True,True
10,range_u30_t02,7130.952148,4,u30,10,2026-05-19T09:51:12.712304Z,0,0,range,pipeann.hybrid.search.v1,0,True,/mnt/bak3/lzg/PipeANN-github/experiments/r116_suite/exp6_aris_cpu_clean/tmp/direct_1m,10.0,50948,0,1,300000.0,0.0,192.0,79.889,0,0,1,6158.0,8931.0,8979.0,21639.0,9024.0,1000000,1000,50948,262.427917,1000,/mnt/bak3/lzg/PipeANN-github/experiments/r116_suite/labels/query_1000_range_u30.spmat,99.769997,99.769997,10,prefilter,prefilter,prefilter,range,exp4_intersect_range_selectivity,2026-05-19T09:51:08.869258Z,ok,0,2,1,3.8425791263580322,True,True,True,True
10,range_u30_t03,6360.618164,4,u30,10,2026-05-19T09:51:15.036009Z,0,0,range,pipeann.hybrid.search.v1,0,True,/mnt/bak3/lzg/PipeANN-github/experiments/r116_suite/exp6_aris_cpu_clean/tmp/direct_1m,10.0,54048,0,1,300000.0,0.0,192.0,72.438,0,0,1,6376.0,6624.0,6678.0,21639.0,6935.0,1000000,1000,54048,440.431549,1000,/mnt/bak3/lzg/PipeANN-github/experiments/r116_suite/labels/query_1000_range_u30.spmat,99.769997,99.769997,10,prefilter,prefilter,prefilter,range,exp4_intersect_range_selectivity,2026-05-19T09:51:12.730766Z,ok,0,3,1,2.3047726154327393,True,True,True,True
10,range_u30_t04,6801.323242,4,u30,10,2026-05-19T09:51:16.913711Z,0,0,range,pipeann.hybrid.search.v1,0,True,/mnt/bak3/lzg/PipeANN-github/experiments/r116_suite/exp6_aris_cpu_clean/tmp/direct_1m,10.0,57264,0,1,300000.0,0.0,192.0,78.127,0,0,1,6466.0,8425.0,8526.0,21600.0,8729.0,1000000,1000,57264,548.528076,1000,/mnt/bak3/lzg/PipeANN-github/experiments/r116_suite/labels/query_1000_range_u30.spmat,99.769997,99.769997,10,prefilter,prefilter,prefilter,range,exp4_intersect_range_selectivity,2026-05-19T09:51:15.054922Z,ok,0,4,1,1.858314037322998,True,True,True,True
10,range_u30_t05,6724.207031,4,u30,10,2026-05-19T09:51:18.413873Z,0,0,range,pipeann.hybrid.search.v1,0,True,/mnt/bak3/lzg/PipeANN-github/experiments/r116_suite/exp6_aris_cpu_clean/tmp/direct_1m,10.0,60404,0,1,300000.0,0.0,192.0,79.092,0,0,1,6364.0,8587.0,8650.0,20822.0,8937.0,1000000,1000,60404,691.980835,1000,/mnt/bak3/lzg/PipeANN-github/experiments/r116_suite/labels/query_1000_range_u30.spmat,99.769997,99.769997,10,prefilter,prefilter,prefilter,range,exp4_intersect_range_selectivity,2026-05-19T09:51:16.932813Z,ok,0,5,1,1.4805943965911865,True,True,True,True
10,range_u30_t06,7918.592773,4,u30,10,2026-05-19T09:51:19.885499Z,0,0,range,pipeann.hybrid.search.v1,0,True,/mnt/bak3/lzg/PipeANN-github/experiments/r116_suite/exp6_aris_cpu_clean/tmp/direct_1m,10.0,63792,0,1,300000.0,0.0,192.0,88.363,0,0,1,8241.0,10082.0,10388.0,21518.0,11425.0,1000000,1000,63792,706.352112,1000,/mnt/bak3/lzg/PipeANN-github/experiments/r116_suite/labels/query_1000_range_u30.spmat,99.769997,99.769997,10,prefilter,prefilter,prefilter,range,exp4_intersect_range_selectivity,2026-05-19T09:51:18.432117Z,ok,0,6,1,1.4528956413269043,True,False,False,False
10,range_u30_t07,7745.02002,4,u30,10,2026-05-19T09:51:21.149511Z,0,0,range,pipeann.hybrid.search.v1,0,True,/mnt/bak3/lzg/PipeANN-github/experiments/r116_suite/exp6_aris_cpu_clean/tmp/direct_1m,10.0,66768,0,1,300000.0,0.0,192.0,88.511,0,0,1,7484.0,8923.0,10424.0,20113.0,12191.0,1000000,1000,66768,841.208923,1000,/mnt/bak3/lzg/PipeANN-github/experiments/r116_suite/labels/query_1000_range_u30.spmat,99.769997,99.769997,10,prefilter,prefilter,prefilter,range,exp4_intersect_range_selectivity,2026-05-19T09:51:19.905135Z,ok,0,7,1,1.2438900470733643,True,True,False,False
10,range_u30_t08,8081.597168,4,u30,10,2026-05-19T09:51:22.307838Z,0,0,range,pipeann.hybrid.search.v1,0,True,/mnt/bak3/lzg/PipeANN-github/experiments/r116_suite/exp6_aris_cpu_clean/tmp/direct_1m,10.0,70088,0,1,300000.0,0.0,192.0,90.811,0,0,1,8291.0,10315.0,10512.0,21657.0,12315.0,1000000,1000,70088,921.146179,1000,/mnt/bak3/lzg/PipeANN-github/experiments/r116_suite/labels/query_1000_range_u30.spmat,99.769997,99.769997,10,prefilter,prefilter,prefilter,range,exp4_intersect_range_selectivity,2026-05-19T09:51:21.166944Z,ok,0,8,1,1.140406608581543,True,False,False,False
10,range_u30_t09,8016.336914,4,u30,10,2026-05-19T09:51:23.337966Z,0,0,range,pipeann.hybrid.search.v1,0,True,/mnt/bak3/lzg/PipeANN-github/experiments/r116_suite/exp6_aris_cpu_clean/tmp/direct_1m,10.0,71836,0,1,300000.0,0.0,192.0,92.449,0,0,1,8223.0,10351.0,10475.0,21782.0,12666.0,1000000,1000,71836,1041.44458,1000,/mnt/bak3/lzg/PipeANN-github/experiments/r116_suite/labels/query_1000_range_u30.spmat,99.769997,99.769997,10,prefilter,prefilter,prefilter,range,exp4_intersect_range_selectivity,2026-05-19T09:51:22.325748Z,ok,0,9,1,1.0117383003234863,True,False,False,False
10,range_u30_t10,8223.079102,4,u30,10,2026-05-19T09:51:24.277590Z,0,0,range,pipeann.hybrid.search.v1,0,True,/mnt/bak3/lzg/PipeANN-github/experiments/r116_suite/exp6_aris_cpu_clean/tmp/direct_1m,10.0,74968,0,1,300000.0,0.0,192.0,93.188,0,0,1,8261.0,10373.0,10494.0,21843.0,13317.0,1000000,1000,74968,1130.58606,1000,/mnt/bak3/lzg/PipeANN-github/experiments/r116_suite/labels/query_1000_range_u30.spmat,99.769997,99.769997,10,prefilter,prefilter,prefilter,range,exp4_intersect_range_selectivity,2026-05-19T09:51:23.355744Z,ok,0,10,1,0.9213676452636719,True,False,False,False
10,range_u30_t11,8356.076172,4,u30,10,2026-05-19T09:51:25.150553Z,0,0,range,pipeann.hybrid.search.v1,0,True,/mnt/bak3/lzg/PipeANN-github/experiments/r116_suite/exp6_aris_cpu_clean/tmp/direct_1m,10.0,77768,0,1,300000.0,0.0,192.0,96.499,0,0,1,8296.0,10379.0,10516.0,21884.0,20314.0,1000000,1000,77768,1221.630127,1000,/mnt/bak3/lzg/PipeANN-github/experiments/r116_suite/labels/query_1000_range_u30.spmat,99.769997,99.769997,10,prefilter,prefilter,prefilter,range,exp4_intersect_range_selectivity,2026-05-19T09:51:24.295095Z,ok,0,11,1,0.855078935623169,True,False,False,False
10,range_u30_t12,8508.422852,4,u30,10,2026-05-19T09:51:25.974349Z,0,0,range,pipeann.hybrid.search.v1,0,True,/mnt/bak3/lzg/PipeANN-github/experiments/r116_suite/exp6_aris_cpu_clean/tmp/direct_1m,10.0,80564,0,1,300000.0,0.0,192.0,98.369,0,0,1,8517.0,10352.0,10523.0,22994.0,20711.0,1000000,1000,80564,1306.307373,1000,/mnt/bak3/lzg/PipeANN-github/experiments/r116_suite/labels/query_1000_range_u30.spmat,99.769997,99.769997,10,prefilter,prefilter,prefilter,range,exp4_intersect_range_selectivity,2026-05-19T09:51:25.168920Z,ok,0,12,1,0.8049564361572266,True,False,False,False
10,range_u30_t13,8541.606445,4,u30,10,2026-05-19T09:51:26.747211Z,0,0,range,pipeann.hybrid.search.v1,0,True,/mnt/bak3/lzg/PipeANN-github/experiments/r116_suite/exp6_aris_cpu_clean/tmp/direct_1m,10.0,83852,0,1,300000.0,0.0,192.0,99.101,0,0,1,8480.0,10372.0,10525.0,21317.0,19865.0,1000000,1000,83852,1403.533691,1000,/mnt/bak3/lzg/PipeANN-github/experiments/r116_suite/labels/query_1000_range_u30.spmat,99.769997,99.769997,10,prefilter,prefilter,prefilter,range,exp4_intersect_range_selectivity,2026-05-19T09:51:25.992765Z,ok,0,13,1,0.7535872459411621,True,False,False,False
10,range_u30_t14,8719.910156,4,u30,10,2026-05-19T09:51:27.479561Z,0,0,range,pipeann.hybrid.search.v1,0,True,/mnt/bak3/lzg/PipeANN-github/experiments/r116_suite/exp6_aris_cpu_clean/tmp/direct_1m,10.0,86732,0,1,300000.0,0.0,192.0,102.767,0,0,1,8567.0,10435.0,10669.0,22922.0,20627.0,1000000,1000,86732,1483.159058,1000,/mnt/bak3/lzg/PipeANN-github/experiments/r116_suite/labels/query_1000_range_u30.spmat,99.769997,99.769997,10,prefilter,prefilter,prefilter,range,exp4_intersect_range_selectivity,2026-05-19T09:51:26.766056Z,ok,0,14,1,0.7130212783813477,True,False,False,False
10,range_u30_t15,8819.567383,4,u30,10,2026-05-19T09:51:28.173694Z,0,0,range,pipeann.hybrid.search.v1,0,True,/mnt/bak3/lzg/PipeANN-github/experiments/r116_suite/exp6_aris_cpu_clean/tmp/direct_1m,10.0,90032,0,1,300000.0,0.0,192.0,109.295,0,0,1,8598.0,10462.0,10588.0,22154.0,19623.0,1000000,1000,90032,1569.332031,1000,/mnt/bak3/lzg/PipeANN-github/experiments/r116_suite/labels/query_1000_range_u30.spmat,99.769997,99.769997,10,prefilter,prefilter,prefilter,range,exp4_intersect_range_selectivity,2026-05-19T09:51:27.497039Z,ok,0,15,1,0.676171064376831,True,False,False,False
10,range_u30_t16,8898.328125,4,u30,10,2026-05-19T09:51:28.835374Z,0,0,range,pipeann.hybrid.search.v1,0,True,/mnt/bak3/lzg/PipeANN-github/experiments/r116_suite/exp6_aris_cpu_clean/tmp/direct_1m,10.0,93056,0,1,300000.0,0.0,192.0,104.106,0,0,1,8628.0,10465.0,10686.0,21690.0,20344.0,1000000,1000,93056,1655.13562,1000,/mnt/bak3/lzg/PipeANN-github/experiments/r116_suite/labels/query_1000_range_u30.spmat,99.769997,99.769997,10,prefilter,prefilter,prefilter,range,exp4_intersect_range_selectivity,2026-05-19T09:51:28.191174Z,ok,0,16,1,0.6437289714813232,True,False,False,False
100,range_u50_t01,2266.894043,4,u50,100,2026-05-19T09:51:31.235439Z,0,0,range,pipeann.hybrid.search.v1,1000,True,/mnt/bak3/lzg/PipeANN-github/experiments/r116_suite/exp6_aris_cpu_clean/tmp/direct_1m,10.0,46252,0,1,500000.0,0.0,113.032997,80.816,0,0,1,2259.0,2342.0,2370.0,3616.0,2448.0,1000000,0,46252,426.436493,1000,/mnt/bak3/lzg/PipeANN-github/experiments/r116_suite/labels/query_1000_range_u50.spmat,98.959999,98.959999,10,graph,graph,graph,range,exp4_intersect_range_selectivity,2026-05-19T09:51:28.853164Z,ok,0,1,1,2.3818013668060303,True,True,True,True
100,range_u50_t02,2400.468994,4,u50,100,2026-05-19T09:51:32.544057Z,0,0,range,pipeann.hybrid.search.v1,1000,True,/mnt/bak3/lzg/PipeANN-github/experiments/r116_suite/exp6_aris_cpu_clean/tmp/direct_1m,10.0,48072,0,1,500000.0,0.0,112.934998,87.795,0,0,1,2387.0,2514.0,2547.0,4710.0,2900.0,1000000,0,48072,805.145447,1000,/mnt/bak3/lzg/PipeANN-github/experiments/r116_suite/labels/query_1000_range_u50.spmat,98.959999,98.959999,10,graph,graph,graph,range,exp4_intersect_range_selectivity,2026-05-19T09:51:31.253661Z,ok,0,2,1,1.2899374961853027,True,True,True,True
100,range_u50_t03,2554.264893,4,u50,100,2026-05-19T09:51:33.478202Z,0,0,range,pipeann.hybrid.search.v1,1000,True,/mnt/bak3/lzg/PipeANN-github/experiments/r116_suite/exp6_aris_cpu_clean/tmp/direct_1m,10.0,49696,0,1,500000.0,0.0,112.903,93.095,0,0,1,2536.0,2675.0,2743.0,4441.0,3150.0,1000000,0,49696,1132.978271,1000,/mnt/bak3/lzg/PipeANN-github/experiments/r116_suite/labels/query_1000_range_u50.spmat,98.959999,98.959999,10,graph,graph,graph,range,exp4_intersect_range_selectivity,2026-05-19T09:51:32.562534Z,ok,0,3,1,0.9151830673217773,True,True,True,True
100,range_u50_t04,2662.51709,4,u50,100,2026-05-19T09:51:34.223142Z,0,0,range,pipeann.hybrid.search.v1,1000,True,/mnt/bak3/lzg/PipeANN-github/experiments/r116_suite/exp6_aris_cpu_clean/tmp/direct_1m,10.0,50308,0,1,500000.0,0.0,112.806999,100.237,0,0,1,2640.0,2805.0,2902.0,5150.0,3295.0,1000000,0,50308,1447.641113,1000,/mnt/bak3/lzg/PipeANN-github/experiments/r116_suite/labels/query_1000_range_u50.spmat,98.970001,98.970001,10,graph,graph,graph,range,exp4_intersect_range_selectivity,2026-05-19T09:51:33.495876Z,ok,0,4,1,0.7267816066741943,True,True,True,True
100,range_u50_t05,2751.572021,4,u50,100,2026-05-19T09:51:34.848963Z,0,0,range,pipeann.hybrid.search.v1,1000,True,/mnt/bak3/lzg/PipeANN-github/experiments/r116_suite/exp6_aris_cpu_clean/tmp/direct_1m,10.0,52104,0,1,500000.0,0.0,112.795998,97.846,0,0,1,2725.0,2926.0,3010.0,5277.0,3434.0,1000000,0,52104,1755.139282,1000,/mnt/bak3/lzg/PipeANN-github/experiments/r116_suite/labels/query_1000_range_u50.spmat,98.959999,98.959999,10,graph,graph,graph,range,exp4_intersect_range_selectivity,2026-05-19T09:51:34.241169Z,ok,0,5,1,0.607280969619751,True,True,True,True
100,range_u50_t06,2914.76001,4,u50,100,2026-05-19T09:51:35.422522Z,0,0,range,pipeann.hybrid.search.v1,1000,True,/mnt/bak3/lzg/PipeANN-github/experiments/r116_suite/exp6_aris_cpu_clean/tmp/direct_1m,10.0,53200,0,1,500000.0,0.0,112.760002,101.382,0,0,1,2848.0,3054.0,3171.0,7854.0,4816.0,1000000,0,53200,1987.092041,1000,/mnt/bak3/lzg/PipeANN-github/experiments/r116_suite/labels/query_1000_range_u50.spmat,98.959999,98.959999,10,graph,graph,graph,range,exp4_intersect_range_selectivity,2026-05-19T09:51:34.867463Z,ok,0,6,1,0.5545909404754639,True,True,True,True
100,range_u50_t07,3016.197998,4,u50,100,2026-05-19T09:51:35.925485Z,0,0,range,pipeann.hybrid.search.v1,1000,True,/mnt/bak3/lzg/PipeANN-github/experiments/r116_suite/exp6_aris_cpu_clean/tmp/direct_1m,10.0,56956,0,1,500000.0,0.0,112.686996,107.506,0,0,1,2939.0,3176.0,3352.0,8003.0,4839.0,1000000,0,56956,2239.76123,1000,/mnt/bak3/lzg/PipeANN-github/experiments/r116_suite/labels/query_1000_range_u50.spmat,98.959999,98.959999,10,graph,graph,graph,range,exp4_intersect_range_selectivity,2026-05-19T09:51:35.441473Z,ok,0,7,1,0.4835629463195801,True,True,True,True
100,range_u50_t08,3352.47998,4,u50,100,2026-05-19T09:51:36.414305Z,0,0,range,pipeann.hybrid.search.v1,1000,True,/mnt/bak3/lzg/PipeANN-github/experiments/r116_suite/exp6_aris_cpu_clean/tmp/direct_1m,10.0,56908,0,1,500000.0,0.0,112.690002,109.792,0,0,1,3199.0,4004.0,4268.0,7772.0,4818.0,1000000,0,56908,2307.212891,1000,/mnt/bak3/lzg/PipeANN-github/experiments/r116_suite/labels/query_1000_range_u50.spmat,98.959999,98.959999,10,graph,graph,graph,range,exp4_intersect_range_selectivity,2026-05-19T09:51:35.944905Z,ok,0,8,1,0.46909451484680176,True,True,True,True
100,range_u50_t09,3314.031006,4,u50,100,2026-05-19T09:51:36.841944Z,0,0,range,pipeann.hybrid.search.v1,1000,True,/mnt/bak3/lzg/PipeANN-github/experiments/r116_suite/exp6_aris_cpu_clean/tmp/direct_1m,10.0,58088,0,1,500000.0,0.0,112.653999,110.703,0,0,1,3203.0,3664.0,3912.0,9913.0,5253.0,1000000,0,58088,2623.905029,1000,/mnt/bak3/lzg/PipeANN-github/experiments/r116_suite/labels/query_1000_range_u50.spmat,98.949997,98.949997,10,graph,graph,graph,range,exp4_intersect_range_selectivity,2026-05-19T09:51:36.427524Z,ok,0,9,1,0.413926362991333,True,True,True,True
100,range_u50_t10,3352.658936,4,u50,100,2026-05-19T09:51:37.244618Z,0,0,range,pipeann.hybrid.search.v1,1000,True,/mnt/bak3/lzg/PipeANN-github/experiments/r116_suite/exp6_aris_cpu_clean/tmp/direct_1m,10.0,59672,0,1,500000.0,0.0,112.667999,124.037,0,0,1,3283.0,3533.0,3642.0,9576.0,6356.0,1000000,0,59672,2876.841064,1000,/mnt/bak3/lzg/PipeANN-github/experiments/r116_suite/labels/query_1000_range_u50.spmat,98.959999,98.959999,10,graph,graph,graph,range,exp4_intersect_range_selectivity,2026-05-19T09:51:36.860347Z,ok,0,10,1,0.3837924003601074,True,True,True,True
100,range_u50_t11,3503.924072,4,u50,100,2026-05-19T09:51:37.629322Z,0,0,range,pipeann.hybrid.search.v1,1000,True,/mnt/bak3/lzg/PipeANN-github/experiments/r116_suite/exp6_aris_cpu_clean/tmp/direct_1m,10.0,60980,0,1,500000.0,0.0,112.622002,121.102,0,0,1,3369.0,3653.0,3822.0,13335.0,11802.0,1000000,0,60980,3031.97876,1000,/mnt/bak3/lzg/PipeANN-github/experiments/r116_suite/labels/query_1000_range_u50.spmat,98.949997,98.949997,10,graph,graph,graph,range,exp4_intersect_range_selectivity,2026-05-19T09:51:37.262357Z,ok,0,11,1,0.36649155616760254,True,True,True,False
100,range_u50_t12,3681.420898,4,u50,100,2026-05-19T09:51:38.015456Z,0,0,range,pipeann.hybrid.search.v1,1000,True,/mnt/bak3/lzg/PipeANN-github/experiments/r116_suite/exp6_aris_cpu_clean/tmp/direct_1m,10.0,62332,0,1,500000.0,0.0,112.561996,132.89,0,0,1,3483.0,3756.0,3933.0,16749.0,13792.0,1000000,0,62332,3145.475098,1000,/mnt/bak3/lzg/PipeANN-github/experiments/r116_suite/labels/query_1000_range_u50.spmat,98.949997,98.949997,10,graph,graph,graph,range,exp4_intersect_range_selectivity,2026-05-19T09:51:37.648577Z,ok,0,12,1,0.36641788482666016,True,True,True,False
100,range_u50_t13,4062.727051,4,u50,100,2026-05-19T09:51:38.399581Z,0,0,range,pipeann.hybrid.search.v1,1000,True,/mnt/bak3/lzg/PipeANN-github/experiments/r116_suite/exp6_aris_cpu_clean/tmp/direct_1m,10.0,62748,0,1,500000.0,0.0,112.569,122.527,0,0,1,3724.0,4310.0,4496.0,26683.0,25490.0,1000000,0,62748,3091.7146,1000,/mnt/bak3/lzg/PipeANN-github/experiments/r116_suite/labels/query_1000_range_u50.spmat,98.970001,98.970001,10,graph,graph,graph,range,exp4_intersect_range_selectivity,2026-05-19T09:51:38.033686Z,ok,0,13,1,0.36541247367858887,True,True,True,False
100,range_u50_t14,4056.535889,4,u50,100,2026-05-19T09:51:38.761070Z,0,0,range,pipeann.hybrid.search.v1,1000,True,/mnt/bak3/lzg/PipeANN-github/experiments/r116_suite/exp6_aris_cpu_clean/tmp/direct_1m,10.0,64388,0,1,500000.0,0.0,112.544998,125.278,0,0,1,3687.0,3952.0,4059.0,31384.0,29922.0,1000000,0,64388,3346.281006,1000,/mnt/bak3/lzg/PipeANN-github/experiments/r116_suite/labels/query_1000_range_u50.spmat,98.959999,98.959999,10,graph,graph,graph,range,exp4_intersect_range_selectivity,2026-05-19T09:51:38.417695Z,ok,0,14,1,0.3430957794189453,True,True,True,False
100,range_u50_t15,3986.700928,4,u50,100,2026-05-19T09:51:39.077495Z,0,0,range,pipeann.hybrid.search.v1,1000,True,/mnt/bak3/lzg/PipeANN-github/experiments/r116_suite/exp6_aris_cpu_clean/tmp/direct_1m,10.0,66584,0,1,500000.0,0.0,112.528999,131.366,0,0,1,3759.0,4051.0,4164.0,19807.0,18635.0,1000000,0,66584,3638.574951,1000,/mnt/bak3/lzg/PipeANN-github/experiments/r116_suite/labels/query_1000_range_u50.spmat,98.970001,98.970001,10,graph,graph,graph,range,exp4_intersect_range_selectivity,2026-05-19T09:51:38.767922Z,ok,0,15,1,0.30934572219848633,True,True,True,False
100,range_u50_t16,4297.769043,4,u50,100,2026-05-19T09:51:39.406581Z,0,0,range,pipeann.hybrid.search.v1,1000,True,/mnt/bak3/lzg/PipeANN-github/experiments/r116_suite/exp6_aris_cpu_clean/tmp/direct_1m,10.0,68388,0,1,500000.0,0.0,112.473,132.437,0,0,1,3908.0,4327.0,4491.0,28623.0,27105.0,1000000,0,68388,3600.735596,1000,/mnt/bak3/lzg/PipeANN-github/experiments/r116_suite/labels/query_1000_range_u50.spmat,98.970001,98.970001,10,graph,graph,graph,range,exp4_intersect_range_selectivity,2026-05-19T09:51:39.085016Z,ok,0,16,1,0.3213379383087158,True,True,True,False
75,range_u75_t01,1812.109985,4,u75,75,2026-05-19T09:51:41.317038Z,0,0,range,pipeann.hybrid.search.v1,1000,True,/mnt/bak3/lzg/PipeANN-github/experiments/r116_suite/exp6_aris_cpu_clean/tmp/direct_1m,10.0,45824,0,1,750000.0,0.0,88.652,90.86,0,0,1,1804.0,1898.0,1932.0,3875.0,2020.0,1000000,0,45824,534.957397,1000,/mnt/bak3/lzg/PipeANN-github/experiments/r116_suite/labels/query_1000_range_u75.spmat,99.239998,99.239998,10,graph,graph,graph,range,exp4_intersect_range_selectivity,2026-05-19T09:51:39.413441Z,ok,0,1,1,1.9031314849853516,True,True,True,True
75,range_u75_t02,1946.368042,4,u75,75,2026-05-19T09:51:42.387737Z,0,0,range,pipeann.hybrid.search.v1,1000,True,/mnt/bak3/lzg/PipeANN-github/experiments/r116_suite/exp6_aris_cpu_clean/tmp/direct_1m,10.0,46952,0,1,750000.0,0.0,88.549004,99.118,0,0,1,1931.0,2049.0,2100.0,4192.0,2225.0,1000000,0,46952,995.998657,1000,/mnt/bak3/lzg/PipeANN-github/experiments/r116_suite/labels/query_1000_range_u75.spmat,99.239998,99.239998,10,graph,graph,graph,range,exp4_intersect_range_selectivity,2026-05-19T09:51:41.335438Z,ok,0,2,1,1.0518279075622559,True,True,True,True
75,range_u75_t03,2076.763916,4,u75,75,2026-05-19T09:51:43.167361Z,0,0,range,pipeann.hybrid.search.v1,1000,True,/mnt/bak3/lzg/PipeANN-github/experiments/r116_suite/exp6_aris_cpu_clean/tmp/direct_1m,10.0,48156,0,1,750000.0,0.0,88.496002,114.073,0,0,1,2056.0,2196.0,2273.0,4125.0,2656.0,1000000,0,48156,1394.019165,1000,/mnt/bak3/lzg/PipeANN-github/experiments/r116_suite/labels/query_1000_range_u75.spmat,99.239998,99.239998,10,graph,graph,graph,range,exp4_intersect_range_selectivity,2026-05-19T09:51:42.410359Z,ok,0,3,1,0.7565436363220215,True,True,True,True
75,range_u75_t04,2139.114014,4,u75,75,2026-05-19T09:51:43.781017Z,0,0,range,pipeann.hybrid.search.v1,1000,True,/mnt/bak3/lzg/PipeANN-github/experiments/r116_suite/exp6_aris_cpu_clean/tmp/direct_1m,10.0,49020,0,1,750000.0,0.0,88.422997,117.923,0,0,1,2120.0,2272.0,2347.0,3901.0,2733.0,1000000,0,49020,1803.958252,1000,/mnt/bak3/lzg/PipeANN-github/experiments/r116_suite/labels/query_1000_range_u75.spmat,99.239998,99.239998,10,graph,graph,graph,range,exp4_intersect_range_selectivity,2026-05-19T09:51:43.185112Z,ok,0,4,1,0.5953936576843262,True,True,True,True
75,range_u75_t05,2232.128906,4,u75,75,2026-05-19T09:51:44.313905Z,0,0,range,pipeann.hybrid.search.v1,1000,True,/mnt/bak3/lzg/PipeANN-github/experiments/r116_suite/exp6_aris_cpu_clean/tmp/direct_1m,10.0,50628,0,1,750000.0,0.0,88.393997,119.319,0,0,1,2201.0,2400.0,2479.0,5552.0,2897.0,1000000,0,50628,2160.677979,1000,/mnt/bak3/lzg/PipeANN-github/experiments/r116_suite/labels/query_1000_range_u75.spmat,99.239998,99.239998,10,graph,graph,graph,range,exp4_intersect_range_selectivity,2026-05-19T09:51:43.800544Z,ok,0,5,1,0.5128755569458008,True,True,True,True
75,range_u75_t06,2306.456055,4,u75,75,2026-05-19T09:51:44.765186Z,0,0,range,pipeann.hybrid.search.v1,1000,True,/mnt/bak3/lzg/PipeANN-github/experiments/r116_suite/exp6_aris_cpu_clean/tmp/direct_1m,10.0,51316,0,1,750000.0,0.0,88.375999,121.288,0,0,1,2275.0,2469.0,2545.0,5079.0,3047.0,1000000,0,51316,2508.756348,1000,/mnt/bak3/lzg/PipeANN-github/experiments/r116_suite/labels/query_1000_range_u75.spmat,99.230003,99.230003,10,graph,graph,graph,range,exp4_intersect_range_selectivity,2026-05-19T09:51:44.332014Z,ok,0,6,1,0.4326784610748291,True,True,True,True
75,range_u75_t07,2591.319092,4,u75,75,2026-05-19T09:51:45.204749Z,0,0,range,pipeann.hybrid.search.v1,1000,True,/mnt/bak3/lzg/PipeANN-github/experiments/r116_suite/exp6_aris_cpu_clean/tmp/direct_1m,10.0,52808,0,1,750000.0,0.0,88.308998,122.387,0,0,1,2413.0,3239.0,3507.0,9479.0,3962.0,1000000,0,52808,2616.5625,1000,/mnt/bak3/lzg/PipeANN-github/experiments/r116_suite/labels/query_1000_range_u75.spmat,99.230003,99.230003,10,graph,graph,graph,range,exp4_intersect_range_selectivity,2026-05-19T09:51:44.784676Z,ok,0,7,1,0.41961002349853516,True,True,True,True
75,range_u75_t08,2545.25708,4,u75,75,2026-05-19T09:51:45.593242Z,0,0,range,pipeann.hybrid.search.v1,1000,True,/mnt/bak3/lzg/PipeANN-github/experiments/r116_suite/exp6_aris_cpu_clean/tmp/direct_1m,10.0,53504,0,1,750000.0,0.0,88.276001,132.154,0,0,1,2470.0,2700.0,2861.0,7603.0,4372.0,1000000,0,53504,3030.898682,1000,/mnt/bak3/lzg/PipeANN-github/experiments/r116_suite/labels/query_1000_range_u75.spmat,99.230003,99.230003,10,graph,graph,graph,range,exp4_intersect_range_selectivity,2026-05-19T09:51:45.221874Z,ok,0,8,1,0.37090420722961426,True,True,True,True
75,range_u75_t09,2590.219971,4,u75,75,2026-05-19T09:51:45.947059Z,0,0,range,pipeann.hybrid.search.v1,1000,True,/mnt/bak3/lzg/PipeANN-github/experiments/r116_suite/exp6_aris_cpu_clean/tmp/direct_1m,10.0,54468,0,1,750000.0,0.0,88.249001,137.948,0,0,1,2544.0,2779.0,2939.0,7301.0,4662.0,1000000,0,54468,3344.86084,1000,/mnt/bak3/lzg/PipeANN-github/experiments/r116_suite/labels/query_1000_range_u75.spmat,99.239998,99.239998,10,graph,graph,graph,range,exp4_intersect_range_selectivity,2026-05-19T09:51:45.611551Z,ok,0,9,1,0.33504724502563477,True,True,True,True
75,range_u75_t10,2957.770996,4,u75,75,2026-05-19T09:51:46.313627Z,0,0,range,pipeann.hybrid.search.v1,1000,True,/mnt/bak3/lzg/PipeANN-github/experiments/r116_suite/exp6_aris_cpu_clean/tmp/direct_1m,10.0,56184,0,1,750000.0,0.0,88.238998,134.665,0,0,1,2866.0,3352.0,3516.0,10136.0,8155.0,1000000,0,56184,3263.506348,1000,/mnt/bak3/lzg/PipeANN-github/experiments/r116_suite/labels/query_1000_range_u75.spmat,99.230003,99.230003,10,graph,graph,graph,range,exp4_intersect_range_selectivity,2026-05-19T09:51:45.964851Z,ok,0,10,1,0.34830427169799805,True,True,True,True
75,range_u75_t11,3019.083008,4,u75,75,2026-05-19T09:51:46.652700Z,0,0,range,pipeann.hybrid.search.v1,1000,True,/mnt/bak3/lzg/PipeANN-github/experiments/r116_suite/exp6_aris_cpu_clean/tmp/direct_1m,10.0,56736,0,1,750000.0,0.0,88.227997,136.782,0,0,1,2753.0,3637.0,3821.0,9914.0,8885.0,1000000,0,56736,3528.092285,1000,/mnt/bak3/lzg/PipeANN-github/experiments/r116_suite/labels/query_1000_range_u75.spmat,99.230003,99.230003,10,graph,graph,graph,range,exp4_intersect_range_selectivity,2026-05-19T09:51:46.332115Z,ok,0,11,1,0.32012319564819336,True,True,True,True
75,range_u75_t12,3045.943115,4,u75,75,2026-05-19T09:51:46.981793Z,0,0,range,pipeann.hybrid.search.v1,1000,True,/mnt/bak3/lzg/PipeANN-github/experiments/r116_suite/exp6_aris_cpu_clean/tmp/direct_1m,10.0,57740,0,1,750000.0,0.0,88.096001,134.819,0,0,1,2797.0,3219.0,4644.0,13078.0,11863.0,1000000,0,57740,3810.875488,1000,/mnt/bak3/lzg/PipeANN-github/experiments/r116_suite/labels/query_1000_range_u75.spmat,99.260002,99.260002,10,graph,graph,graph,range,exp4_intersect_range_selectivity,2026-05-19T09:51:46.672111Z,ok,0,12,1,0.3092167377471924,True,True,True,False
75,range_u75_t13,3242.586914,4,u75,75,2026-05-19T09:51:47.297114Z,0,0,range,pipeann.hybrid.search.v1,1000,True,/mnt/bak3/lzg/PipeANN-github/experiments/r116_suite/exp6_aris_cpu_clean/tmp/direct_1m,10.0,58900,0,1,750000.0,0.0,88.175003,139.407,0,0,1,2869.0,3114.0,3223.0,27236.0,25682.0,1000000,0,58900,3885.232422,1000,/mnt/bak3/lzg/PipeANN-github/experiments/r116_suite/labels/query_1000_range_u75.spmat,99.220001,99.220001,10,graph,graph,graph,range,exp4_intersect_range_selectivity,2026-05-19T09:51:47.000602Z,ok,0,13,1,0.29603028297424316,True,True,True,False
75,range_u75_t14,3269.586914,4,u75,75,2026-05-19T09:51:47.593927Z,0,0,range,pipeann.hybrid.search.v1,1000,True,/mnt/bak3/lzg/PipeANN-github/experiments/r116_suite/exp6_aris_cpu_clean/tmp/direct_1m,10.0,60240,0,1,750000.0,0.0,88.121002,147.271,0,0,1,2961.0,3221.0,3343.0,25489.0,24516.0,1000000,0,60240,4143.255371,1000,/mnt/bak3/lzg/PipeANN-github/experiments/r116_suite/labels/query_1000_range_u75.spmat,99.230003,99.230003,10,graph,graph,graph,range,exp4_intersect_range_selectivity,2026-05-19T09:51:47.314565Z,ok,0,14,1,0.2788963317871094,True,True,True,False
75,range_u75_t15,3249.305908,4,u75,75,2026-05-19T09:51:47.876328Z,0,0,range,pipeann.hybrid.search.v1,1000,True,/mnt/bak3/lzg/PipeANN-github/experiments/r116_suite/exp6_aris_cpu_clean/tmp/direct_1m,10.0,61944,0,1,750000.0,0.0,88.105003,146.428,0,0,1,3008.0,3296.0,3433.0,19292.0,18055.0,1000000,0,61944,4459.574219,1000,/mnt/bak3/lzg/PipeANN-github/experiments/r116_suite/labels/query_1000_range_u75.spmat,99.25,99.25,10,graph,graph,graph,range,exp4_intersect_range_selectivity,2026-05-19T09:51:47.612661Z,ok,0,15,1,0.2631669044494629,True,True,True,False
75,range_u75_t16,3374.427002,4,u75,75,2026-05-19T09:51:48.151354Z,0,0,range,pipeann.hybrid.search.v1,1000,True,/mnt/bak3/lzg/PipeANN-github/experiments/r116_suite/exp6_aris_cpu_clean/tmp/direct_1m,10.0,62360,0,1,750000.0,0.0,88.098999,162.337,0,0,1,3106.0,3393.0,3502.0,20542.0,19554.0,1000000,0,62360,4585.41748,1000,/mnt/bak3/lzg/PipeANN-github/experiments/r116_suite/labels/query_1000_range_u75.spmat,99.230003,99.230003,10,graph,graph,graph,range,exp4_intersect_range_selectivity,2026-05-19T09:51:47.894386Z,ok,0,16,1,0.25668931007385254,True,True,True,False
50,range_u100_t01,1402.964966,4,u100,50,2026-05-19T09:51:49.638523Z,0,0,range,pipeann.hybrid.search.v1,1000,True,/mnt/bak3/lzg/PipeANN-github/experiments/r116_suite/exp6_aris_cpu_clean/tmp/direct_1m,10.0,45952,0,1,1000000.0,0.0,64.732002,99.398,0,0,1,1400.0,1494.0,1523.0,2729.0,1595.0,1000000,0,45952,689.42157,1000,/mnt/bak3/lzg/PipeANN-github/experiments/r116_suite/labels/query_1000_range_u100.spmat,98.980003,98.980003,10,graph,graph,graph,range,exp4_intersect_range_selectivity,2026-05-19T09:51:48.158258Z,ok,0,1,1,1.4798402786254883,True,True,True,True
50,range_u100_t02,1521.472046,4,u100,50,2026-05-19T09:51:50.485498Z,0,0,range,pipeann.hybrid.search.v1,1000,True,/mnt/bak3/lzg/PipeANN-github/experiments/r116_suite/exp6_aris_cpu_clean/tmp/direct_1m,10.0,47160,0,1,1000000.0,0.0,64.653999,124.974,0,0,1,1503.0,1623.0,1672.0,3704.0,2016.0,1000000,0,47160,1264.321411,1000,/mnt/bak3/lzg/PipeANN-github/experiments/r116_suite/labels/query_1000_range_u100.spmat,98.980003,98.980003,10,graph,graph,graph,range,exp4_intersect_range_selectivity,2026-05-19T09:51:49.657942Z,ok,0,2,1,0.8270723819732666,True,True,True,True
50,range_u100_t03,1586.612061,4,u100,50,2026-05-19T09:51:51.103259Z,0,0,range,pipeann.hybrid.search.v1,1000,True,/mnt/bak3/lzg/PipeANN-github/experiments/r116_suite/exp6_aris_cpu_clean/tmp/direct_1m,10.0,48128,0,1,1000000.0,0.0,64.588997,125.497,0,0,1,1570.0,1709.0,1782.0,3904.0,2064.0,1000000,0,48128,1819.541016,1000,/mnt/bak3/lzg/PipeANN-github/experiments/r116_suite/labels/query_1000_range_u100.spmat,98.970001,98.970001,10,graph,graph,graph,range,exp4_intersect_range_selectivity,2026-05-19T09:51:50.503076Z,ok,0,3,1,0.5996906757354736,True,True,True,True
50,range_u100_t04,1636.732056,4,u100,50,2026-05-19T09:51:51.595157Z,0,0,range,pipeann.hybrid.search.v1,1000,True,/mnt/bak3/lzg/PipeANN-github/experiments/r116_suite/exp6_aris_cpu_clean/tmp/direct_1m,10.0,49588,0,1,1000000.0,0.0,64.498001,129.28,0,0,1,1614.0,1770.0,1863.0,3862.0,2171.0,1000000,0,49588,2350.856445,1000,/mnt/bak3/lzg/PipeANN-github/experiments/r116_suite/labels/query_1000_range_u100.spmat,98.989998,98.989998,10,graph,graph,graph,range,exp4_intersect_range_selectivity,2026-05-19T09:51:51.121293Z,ok,0,4,1,0.47336578369140625,True,True,True,True
50,range_u100_t05,1665.493042,4,u100,50,2026-05-19T09:51:51.994395Z,0,0,range,pipeann.hybrid.search.v1,1000,True,/mnt/bak3/lzg/PipeANN-github/experiments/r116_suite/exp6_aris_cpu_clean/tmp/direct_1m,10.0,50268,0,1,1000000.0,0.0,64.403999,135.299,0,0,1,1633.0,1800.0,1887.0,4803.0,2274.0,1000000,0,50268,2882.724854,1000,/mnt/bak3/lzg/PipeANN-github/experiments/r116_suite/labels/query_1000_range_u100.spmat,98.980003,98.980003,10,graph,graph,graph,range,exp4_intersect_range_selectivity,2026-05-19T09:51:51.613163Z,ok,0,5,1,0.3807365894317627,True,True,True,True
50,range_u100_t06,1822.160034,4,u100,50,2026-05-19T09:51:52.363670Z,0,0,range,pipeann.hybrid.search.v1,1000,True,/mnt/bak3/lzg/PipeANN-github/experiments/r116_suite/exp6_aris_cpu_clean/tmp/direct_1m,10.0,51224,0,1,1000000.0,0.0,64.414001,134.584,0,0,1,1745.0,2031.0,2431.0,6125.0,3061.0,1000000,0,51224,3167.808105,1000,/mnt/bak3/lzg/PipeANN-github/experiments/r116_suite/labels/query_1000_range_u100.spmat,98.980003,98.980003,10,graph,graph,graph,range,exp4_intersect_range_selectivity,2026-05-19T09:51:52.013096Z,ok,0,6,1,0.3500936031341553,True,True,True,True
50,range_u100_t07,1942.89502,4,u100,50,2026-05-19T09:51:52.716405Z,0,0,range,pipeann.hybrid.search.v1,1000,True,/mnt/bak3/lzg/PipeANN-github/experiments/r116_suite/exp6_aris_cpu_clean/tmp/direct_1m,10.0,52180,0,1,1000000.0,0.0,64.351997,144.218,0,0,1,1830.0,2434.0,2761.0,5759.0,3274.0,1000000,0,52180,3470.210938,1000,/mnt/bak3/lzg/PipeANN-github/experiments/r116_suite/labels/query_1000_range_u100.spmat,98.959999,98.959999,10,graph,graph,graph,range,exp4_intersect_range_selectivity,2026-05-19T09:51:52.382845Z,ok,0,7,1,0.3332855701446533,True,True,True,True
50,range_u100_t08,1942.741943,4,u100,50,2026-05-19T09:51:53.027152Z,0,0,range,pipeann.hybrid.search.v1,1000,True,/mnt/bak3/lzg/PipeANN-github/experiments/r116_suite/exp6_aris_cpu_clean/tmp/direct_1m,10.0,53892,0,1,1000000.0,0.0,64.315002,140.986,0,0,1,1857.0,2121.0,2374.0,8547.0,3224.0,1000000,0,53892,3958.801758,1000,/mnt/bak3/lzg/PipeANN-github/experiments/r116_suite/labels/query_1000_range_u100.spmat,98.959999,98.959999,10,graph,graph,graph,range,exp4_intersect_range_selectivity,2026-05-19T09:51:52.723293Z,ok,0,8,1,0.303422212600708,True,True,True,True
50,range_u100_t09,1982.853027,4,u100,50,2026-05-19T09:51:53.309933Z,0,0,range,pipeann.hybrid.search.v1,1000,True,/mnt/bak3/lzg/PipeANN-github/experiments/r116_suite/exp6_aris_cpu_clean/tmp/direct_1m,10.0,54256,0,1,1000000.0,0.0,64.320999,147.936,0,0,1,1933.0,2173.0,2316.0,6212.0,2998.0,1000000,0,54256,4358.956055,1000,/mnt/bak3/lzg/PipeANN-github/experiments/r116_suite/labels/query_1000_range_u100.spmat,98.989998,98.989998,10,graph,graph,graph,range,exp4_intersect_range_selectivity,2026-05-19T09:51:53.045081Z,ok,0,9,1,0.26437950134277344,True,True,True,True
50,range_u100_t10,2222.561035,4,u100,50,2026-05-19T09:51:53.602628Z,0,0,range,pipeann.hybrid.search.v1,1000,True,/mnt/bak3/lzg/PipeANN-github/experiments/r116_suite/exp6_aris_cpu_clean/tmp/direct_1m,10.0,55700,0,1,1000000.0,0.0,64.291,148.213,0,0,1,2130.0,2554.0,2719.0,8147.0,5420.0,1000000,0,55700,4331.767578,1000,/mnt/bak3/lzg/PipeANN-github/experiments/r116_suite/labels/query_1000_range_u100.spmat,98.980003,98.980003,10,graph,graph,graph,range,exp4_intersect_range_selectivity,2026-05-19T09:51:53.328179Z,ok,0,10,1,0.27396416664123535,True,True,True,True
50,range_u100_t11,2116.634033,4,u100,50,2026-05-19T09:51:53.861049Z,0,0,range,pipeann.hybrid.search.v1,1000,True,/mnt/bak3/lzg/PipeANN-github/experiments/r116_suite/exp6_aris_cpu_clean/tmp/direct_1m,10.0,56820,0,1,1000000.0,0.0,64.216003,162.717,0,0,1,2027.0,2296.0,2408.0,8854.0,7165.0,1000000,0,56820,4980.545898,1000,/mnt/bak3/lzg/PipeANN-github/experiments/r116_suite/labels/query_1000_range_u100.spmat,98.980003,98.980003,10,graph,graph,graph,range,exp4_intersect_range_selectivity,2026-05-19T09:51:53.621657Z,ok,0,11,1,0.23889875411987305,True,True,True,True
50,range_u100_t12,2383.862061,4,u100,50,2026-05-19T09:51:54.124778Z,0,0,range,pipeann.hybrid.search.v1,1000,True,/mnt/bak3/lzg/PipeANN-github/experiments/r116_suite/exp6_aris_cpu_clean/tmp/direct_1m,10.0,57248,0,1,1000000.0,0.0,64.197998,154.33,0,0,1,2199.0,2600.0,2765.0,14272.0,12870.0,1000000,0,57248,4844.291504,1000,/mnt/bak3/lzg/PipeANN-github/experiments/r116_suite/labels/query_1000_range_u100.spmat,98.980003,98.980003,10,graph,graph,graph,range,exp4_intersect_range_selectivity,2026-05-19T09:51:53.879806Z,ok,0,12,1,0.24447846412658691,True,True,True,False
50,range_u100_t13,2504.49707,4,u100,50,2026-05-19T09:51:54.389047Z,0,0,range,pipeann.hybrid.search.v1,1000,True,/mnt/bak3/lzg/PipeANN-github/experiments/r116_suite/exp6_aris_cpu_clean/tmp/direct_1m,10.0,59008,0,1,1000000.0,0.0,64.160004,148.081,0,0,1,2157.0,2483.0,2690.0,27039.0,26128.0,1000000,0,59008,5014.510742,1000,/mnt/bak3/lzg/PipeANN-github/experiments/r116_suite/labels/query_1000_range_u100.spmat,99.0,99.0,10,graph,graph,graph,range,exp4_intersect_range_selectivity,2026-05-19T09:51:54.143496Z,ok,0,13,1,0.24526643753051758,True,True,True,False
50,range_u100_t14,2491.230957,4,u100,50,2026-05-19T09:51:54.619541Z,0,0,range,pipeann.hybrid.search.v1,1000,True,/mnt/bak3/lzg/PipeANN-github/experiments/r116_suite/exp6_aris_cpu_clean/tmp/direct_1m,10.0,60256,0,1,1000000.0,0.0,64.091003,147.221,0,0,1,2210.0,2440.0,2508.0,22702.0,21820.0,1000000,0,60256,5425.233887,1000,/mnt/bak3/lzg/PipeANN-github/experiments/r116_suite/labels/query_1000_range_u100.spmat,99.010002,99.010002,10,graph,graph,graph,range,exp4_intersect_range_selectivity,2026-05-19T09:51:54.395949Z,ok,0,14,1,0.2233572006225586,True,True,True,False
50,range_u100_t15,2572.462891,4,u100,50,2026-05-19T09:51:54.858577Z,0,0,range,pipeann.hybrid.search.v1,1000,True,/mnt/bak3/lzg/PipeANN-github/experiments/r116_suite/exp6_aris_cpu_clean/tmp/direct_1m,10.0,61260,0,1,1000000.0,0.0,64.146004,184.137,0,0,1,2276.0,2548.0,2671.0,22331.0,20851.0,1000000,0,61260,5610.581055,1000,/mnt/bak3/lzg/PipeANN-github/experiments/r116_suite/labels/query_1000_range_u100.spmat,98.980003,98.980003,10,graph,graph,graph,range,exp4_intersect_range_selectivity,2026-05-19T09:51:54.626421Z,ok,0,15,1,0.2319333553314209,True,True,True,False
50,range_u100_t16,2540.500977,4,u100,50,2026-05-19T09:51:55.066291Z,0,0,range,pipeann.hybrid.search.v1,1000,True,/mnt/bak3/lzg/PipeANN-github/experiments/r116_suite/exp6_aris_cpu_clean/tmp/direct_1m,10.0,62032,0,1,1000000.0,0.0,64.094002,172.87,0,0,1,2321.0,2619.0,2763.0,14848.0,13345.0,1000000,0,62032,6056.952148,1000,/mnt/bak3/lzg/PipeANN-github/experiments/r116_suite/labels/query_1000_range_u100.spmat,98.980003,98.980003,10,graph,graph,graph,range,exp4_intersect_range_selectivity,2026-05-19T09:51:54.865481Z,ok,0,16,1,0.20037436485290527,True,True,True,False
