actual_route,avg_latency_us,baseline_avg_latency_us,baseline_full_avg_latency_us,baseline_full_p95_latency_us,baseline_full_recall@10,baseline_p95_latency_us,baseline_recall@10,baseline_route,baseline_search_l,candidate_beamwidth,candidate_count,candidate_route,candidate_search_l,case_id,chosen_L,cpu_affinity_allowed_cpus,cpu_cap,cpu_cap_enforced,dest_prefix,elapsed_s,empty_count,fallback_count,flat_pq_pivots,flat_threshold,graph_count,insert_threads,layout,live_point_count,max_rss_kb,max_threshold,mean_candidate_count,mean_route_overhead_us,min_threshold,mode,p50_latency_us,p95_latency_us,p99_latency_us,per_node_read_request_bytes,phase,physical_read_unit_bytes,points,pq_bytes,prefilter_count,process_max_rss_kb,qps,query_peak_delta_kb,query_peak_rss_kb,raw_command,recall@10,replacement_for_case_id,replay_elapsed_s,replay_invocation,result_source,route,rss_after_query_kb,rss_before_query_kb,search_l,source_prefix,status,strategy_override,sweep_kind,targeted_elapsed_s,targeted_invocation,targeted_returncode,tau_m,threads,threshold_version,trigger_source_case_id,v1_source_prefix,v2_source_prefix,wall_s
prefilter,139.012838,,,,,,,,,,1000.0,,,cycle01_retrain_each_cycle_intersect_u1e-03,75,0-15,16,True,,0.139085,0,0,,10000,0,16,supersector32k,1000000,281860,156393,1000.0,50.208,156393,measure-dynamic-search,137.322,148.593,158.062,4096,full,4096,1000000,16,1000,281860,7189.830772,1052,281860,/mnt/bak3/lzg/PipeANN-github/build/tests/dynamic_update_suite_driver --mode measure-dynamic-search --source-prefix /mnt/bak3/lzg/PipeANN-supersector32k-work/indexes/phaseC_cycle01_retrain_each_cycle_super32k --jsonl-output /mnt/bak3/lzg/PipeANN-github/experiments/supersector32k_packing_aris_20260523/tmp/full_cycle01_retrain_each_cycle_intersect_u1e-03_0.jsonl --insert-threads 16 --search-threads 1 --merge-threads 16 --build-l 220 --build-r 116 --beamwidth 4 --k 10 --cpu-cap 16 --metric l2 --route prefilter --search-l 75 --data-bin experiments/pq_drift_1m_aris_main_20260522/data/phaseC_cycle01_live_data_by_tag.bin --base-label-file experiments/pq_drift_1m_aris_main_20260522/labels/base_labels_1000000.spmat --query-bin /mnt/bak3/lzg/PipeANN-github/experiments/r116_suite_pq16_aris_20260520_072453/data/sift_query_1000.bin --truthset-bin experiments/pq_drift_1m_aris_main_20260522/truth/phaseC_cycle01_intersect_u1e-03.bin --query-label-file /mnt/bak3/lzg/PipeANN-github/experiments/r116_suite_pq16_aris_20260520_072453/labels/query_1000_u1e-03.spmat --selector-type intersect --query-limit 1000,99.95,,1.6744494438171387,taskset -c 0-15 /mnt/bak3/lzg/PipeANN-github/build/tests/dynamic_update_suite_driver --mode measure-dynamic-search --source-prefix /mnt/bak3/lzg/PipeANN-supersector32k-work/indexes/phaseC_cycle01_retrain_each_cycle_super32k --jsonl-output /mnt/bak3/lzg/PipeANN-github/experiments/supersector32k_packing_aris_20260523/tmp/full_cycle01_retrain_each_cycle_intersect_u1e-03_0.jsonl --insert-threads 16 --search-threads 1 --merge-threads 16 --build-l 220 --build-r 116 --beamwidth 4 --k 10 --cpu-cap 16 --metric l2 --route prefilter --search-l 75 --data-bin experiments/pq_drift_1m_aris_main_20260522/data/phaseC_cycle01_live_data_by_tag.bin --base-label-file experiments/pq_drift_1m_aris_main_20260522/labels/base_labels_1000000.spmat --query-bin /mnt/bak3/lzg/PipeANN-github/experiments/r116_suite_pq16_aris_20260520_072453/data/sift_query_1000.bin --truthset-bin experiments/pq_drift_1m_aris_main_20260522/truth/phaseC_cycle01_intersect_u1e-03.bin --query-label-file /mnt/bak3/lzg/PipeANN-github/experiments/r116_suite_pq16_aris_20260520_072453/labels/query_1000_u1e-03.spmat --selector-type intersect --query-limit 1000,,prefilter,281860,280808,75,/mnt/bak3/lzg/PipeANN-supersector32k-work/indexes/phaseC_cycle01_retrain_each_cycle_super32k,ok,,,,,,156393,1,0,,experiments/pq_drift_1m_aris_main_20260522/indexes/phaseC_cycle01_retrain_each_cycle,/mnt/bak3/lzg/PipeANN-supersector32k-work/indexes/phaseC_cycle01_retrain_each_cycle_super32k,0.139085
prefilter,178.508297,,,,,,,,,,3000.0,,,cycle01_retrain_each_cycle_intersect_u3e-03,50,0-15,16,True,,0.178578,0,0,,10000,0,16,supersector32k,1000000,283860,156393,3000.0,52.64,156393,measure-dynamic-search,176.785,188.553,210.726,4096,full,4096,1000000,16,1000,283860,5599.799666,1376,283860,/mnt/bak3/lzg/PipeANN-github/build/tests/dynamic_update_suite_driver --mode measure-dynamic-search --source-prefix /mnt/bak3/lzg/PipeANN-supersector32k-work/indexes/phaseC_cycle01_retrain_each_cycle_super32k --jsonl-output /mnt/bak3/lzg/PipeANN-github/experiments/supersector32k_packing_aris_20260523/tmp/full_cycle01_retrain_each_cycle_intersect_u3e-03_1.jsonl --insert-threads 16 --search-threads 1 --merge-threads 16 --build-l 220 --build-r 116 --beamwidth 4 --k 10 --cpu-cap 16 --metric l2 --route prefilter --search-l 50 --data-bin experiments/pq_drift_1m_aris_main_20260522/data/phaseC_cycle01_live_data_by_tag.bin --base-label-file experiments/pq_drift_1m_aris_main_20260522/labels/base_labels_1000000.spmat --query-bin /mnt/bak3/lzg/PipeANN-github/experiments/r116_suite_pq16_aris_20260520_072453/data/sift_query_1000.bin --truthset-bin experiments/pq_drift_1m_aris_main_20260522/truth/phaseC_cycle01_intersect_u3e-03.bin --query-label-file /mnt/bak3/lzg/PipeANN-github/experiments/r116_suite_pq16_aris_20260520_072453/labels/query_1000_u3e-03.spmat --selector-type intersect --query-limit 1000,99.78,,1.663947582244873,taskset -c 0-15 /mnt/bak3/lzg/PipeANN-github/build/tests/dynamic_update_suite_driver --mode measure-dynamic-search --source-prefix /mnt/bak3/lzg/PipeANN-supersector32k-work/indexes/phaseC_cycle01_retrain_each_cycle_super32k --jsonl-output /mnt/bak3/lzg/PipeANN-github/experiments/supersector32k_packing_aris_20260523/tmp/full_cycle01_retrain_each_cycle_intersect_u3e-03_1.jsonl --insert-threads 16 --search-threads 1 --merge-threads 16 --build-l 220 --build-r 116 --beamwidth 4 --k 10 --cpu-cap 16 --metric l2 --route prefilter --search-l 50 --data-bin experiments/pq_drift_1m_aris_main_20260522/data/phaseC_cycle01_live_data_by_tag.bin --base-label-file experiments/pq_drift_1m_aris_main_20260522/labels/base_labels_1000000.spmat --query-bin /mnt/bak3/lzg/PipeANN-github/experiments/r116_suite_pq16_aris_20260520_072453/data/sift_query_1000.bin --truthset-bin experiments/pq_drift_1m_aris_main_20260522/truth/phaseC_cycle01_intersect_u3e-03.bin --query-label-file /mnt/bak3/lzg/PipeANN-github/experiments/r116_suite_pq16_aris_20260520_072453/labels/query_1000_u3e-03.spmat --selector-type intersect --query-limit 1000,,prefilter,283860,282484,50,/mnt/bak3/lzg/PipeANN-supersector32k-work/indexes/phaseC_cycle01_retrain_each_cycle_super32k,ok,,,,,,156393,1,0,,experiments/pq_drift_1m_aris_main_20260522/indexes/phaseC_cycle01_retrain_each_cycle,/mnt/bak3/lzg/PipeANN-supersector32k-work/indexes/phaseC_cycle01_retrain_each_cycle_super32k,0.178578
prefilter,315.07962,,,,,,,,,,10000.0,,,cycle01_retrain_each_cycle_intersect_u1e-02,50,0-15,16,True,,0.315178,0,0,,10000,0,16,supersector32k,1000000,281576,156393,10000.0,59.608,156393,measure-dynamic-search,313.142,329.112,363.517,4096,full,4096,1000000,16,1000,281576,3172.806188,1044,281576,/mnt/bak3/lzg/PipeANN-github/build/tests/dynamic_update_suite_driver --mode measure-dynamic-search --source-prefix /mnt/bak3/lzg/PipeANN-supersector32k-work/indexes/phaseC_cycle01_retrain_each_cycle_super32k --jsonl-output /mnt/bak3/lzg/PipeANN-github/experiments/supersector32k_packing_aris_20260523/tmp/full_cycle01_retrain_each_cycle_intersect_u1e-02_2.jsonl --insert-threads 16 --search-threads 1 --merge-threads 16 --build-l 220 --build-r 116 --beamwidth 4 --k 10 --cpu-cap 16 --metric l2 --route prefilter --search-l 50 --data-bin experiments/pq_drift_1m_aris_main_20260522/data/phaseC_cycle01_live_data_by_tag.bin --base-label-file experiments/pq_drift_1m_aris_main_20260522/labels/base_labels_1000000.spmat --query-bin /mnt/bak3/lzg/PipeANN-github/experiments/r116_suite_pq16_aris_20260520_072453/data/sift_query_1000.bin --truthset-bin experiments/pq_drift_1m_aris_main_20260522/truth/phaseC_cycle01_intersect_u1e-02.bin --query-label-file /mnt/bak3/lzg/PipeANN-github/experiments/r116_suite_pq16_aris_20260520_072453/labels/query_1000_u1e-02.spmat --selector-type intersect --query-limit 1000,99.56,,1.703382968902588,taskset -c 0-15 /mnt/bak3/lzg/PipeANN-github/build/tests/dynamic_update_suite_driver --mode measure-dynamic-search --source-prefix /mnt/bak3/lzg/PipeANN-supersector32k-work/indexes/phaseC_cycle01_retrain_each_cycle_super32k --jsonl-output /mnt/bak3/lzg/PipeANN-github/experiments/supersector32k_packing_aris_20260523/tmp/full_cycle01_retrain_each_cycle_intersect_u1e-02_2.jsonl --insert-threads 16 --search-threads 1 --merge-threads 16 --build-l 220 --build-r 116 --beamwidth 4 --k 10 --cpu-cap 16 --metric l2 --route prefilter --search-l 50 --data-bin experiments/pq_drift_1m_aris_main_20260522/data/phaseC_cycle01_live_data_by_tag.bin --base-label-file experiments/pq_drift_1m_aris_main_20260522/labels/base_labels_1000000.spmat --query-bin /mnt/bak3/lzg/PipeANN-github/experiments/r116_suite_pq16_aris_20260520_072453/data/sift_query_1000.bin --truthset-bin experiments/pq_drift_1m_aris_main_20260522/truth/phaseC_cycle01_intersect_u1e-02.bin --query-label-file /mnt/bak3/lzg/PipeANN-github/experiments/r116_suite_pq16_aris_20260520_072453/labels/query_1000_u1e-02.spmat --selector-type intersect --query-limit 1000,,prefilter,281576,280532,50,/mnt/bak3/lzg/PipeANN-supersector32k-work/indexes/phaseC_cycle01_retrain_each_cycle_super32k,ok,,,,,,156393,1,0,,experiments/pq_drift_1m_aris_main_20260522/indexes/phaseC_cycle01_retrain_each_cycle,/mnt/bak3/lzg/PipeANN-supersector32k-work/indexes/phaseC_cycle01_retrain_each_cycle_super32k,0.315178
prefilter,910.547476,,,,,,,,,,50000.0,,,cycle01_retrain_each_cycle_intersect_u5e-02,50,0-15,16,True,,0.910684,0,0,,10000,0,16,supersector32k,1000000,281720,156393,50000.0,104.551,156393,measure-dynamic-search,909.159,988.418,1035.913,4096,full,4096,1000000,16,1000,281720,1098.075824,924,281720,/mnt/bak3/lzg/PipeANN-github/build/tests/dynamic_update_suite_driver --mode measure-dynamic-search --source-prefix /mnt/bak3/lzg/PipeANN-supersector32k-work/indexes/phaseC_cycle01_retrain_each_cycle_super32k --jsonl-output /mnt/bak3/lzg/PipeANN-github/experiments/supersector32k_packing_aris_20260523/tmp/full_cycle01_retrain_each_cycle_intersect_u5e-02_3.jsonl --insert-threads 16 --search-threads 1 --merge-threads 16 --build-l 220 --build-r 116 --beamwidth 4 --k 10 --cpu-cap 16 --metric l2 --route prefilter --search-l 50 --data-bin experiments/pq_drift_1m_aris_main_20260522/data/phaseC_cycle01_live_data_by_tag.bin --base-label-file experiments/pq_drift_1m_aris_main_20260522/labels/base_labels_1000000.spmat --query-bin /mnt/bak3/lzg/PipeANN-github/experiments/r116_suite_pq16_aris_20260520_072453/data/sift_query_1000.bin --truthset-bin experiments/pq_drift_1m_aris_main_20260522/truth/phaseC_cycle01_intersect_u5e-02.bin --query-label-file /mnt/bak3/lzg/PipeANN-github/experiments/r116_suite_pq16_aris_20260520_072453/labels/query_1000_u5e-02.spmat --selector-type intersect --query-limit 1000,99.15,,2.037656784057617,taskset -c 0-15 /mnt/bak3/lzg/PipeANN-github/build/tests/dynamic_update_suite_driver --mode measure-dynamic-search --source-prefix /mnt/bak3/lzg/PipeANN-supersector32k-work/indexes/phaseC_cycle01_retrain_each_cycle_super32k --jsonl-output /mnt/bak3/lzg/PipeANN-github/experiments/supersector32k_packing_aris_20260523/tmp/full_cycle01_retrain_each_cycle_intersect_u5e-02_3.jsonl --insert-threads 16 --search-threads 1 --merge-threads 16 --build-l 220 --build-r 116 --beamwidth 4 --k 10 --cpu-cap 16 --metric l2 --route prefilter --search-l 50 --data-bin experiments/pq_drift_1m_aris_main_20260522/data/phaseC_cycle01_live_data_by_tag.bin --base-label-file experiments/pq_drift_1m_aris_main_20260522/labels/base_labels_1000000.spmat --query-bin /mnt/bak3/lzg/PipeANN-github/experiments/r116_suite_pq16_aris_20260520_072453/data/sift_query_1000.bin --truthset-bin experiments/pq_drift_1m_aris_main_20260522/truth/phaseC_cycle01_intersect_u5e-02.bin --query-label-file /mnt/bak3/lzg/PipeANN-github/experiments/r116_suite_pq16_aris_20260520_072453/labels/query_1000_u5e-02.spmat --selector-type intersect --query-limit 1000,,prefilter,281720,280796,50,/mnt/bak3/lzg/PipeANN-supersector32k-work/indexes/phaseC_cycle01_retrain_each_cycle_super32k,ok,,,,,,156393,1,0,,experiments/pq_drift_1m_aris_main_20260522/indexes/phaseC_cycle01_retrain_each_cycle,/mnt/bak3/lzg/PipeANN-supersector32k-work/indexes/phaseC_cycle01_retrain_each_cycle_super32k,0.910684
prefilter,1614.597572,,,,,,,,,,100000.0,,,cycle01_retrain_each_cycle_intersect_u1e-01,50,0-15,16,True,,1.614749,0,0,,10000,0,16,supersector32k,1000000,281928,156393,100000.0,148.404,156393,measure-dynamic-search,1562.563,1792.814,1810.899,4096,full,4096,1000000,16,1000,281928,619.29139,1156,281928,/mnt/bak3/lzg/PipeANN-github/build/tests/dynamic_update_suite_driver --mode measure-dynamic-search --source-prefix /mnt/bak3/lzg/PipeANN-supersector32k-work/indexes/phaseC_cycle01_retrain_each_cycle_super32k --jsonl-output /mnt/bak3/lzg/PipeANN-github/experiments/supersector32k_packing_aris_20260523/tmp/full_cycle01_retrain_each_cycle_intersect_u1e-01_4.jsonl --insert-threads 16 --search-threads 1 --merge-threads 16 --build-l 220 --build-r 116 --beamwidth 4 --k 10 --cpu-cap 16 --metric l2 --route prefilter --search-l 50 --data-bin experiments/pq_drift_1m_aris_main_20260522/data/phaseC_cycle01_live_data_by_tag.bin --base-label-file experiments/pq_drift_1m_aris_main_20260522/labels/base_labels_1000000.spmat --query-bin /mnt/bak3/lzg/PipeANN-github/experiments/r116_suite_pq16_aris_20260520_072453/data/sift_query_1000.bin --truthset-bin experiments/pq_drift_1m_aris_main_20260522/truth/phaseC_cycle01_intersect_u1e-01.bin --query-label-file /mnt/bak3/lzg/PipeANN-github/experiments/r116_suite_pq16_aris_20260520_072453/labels/query_1000_u1e-01.spmat --selector-type intersect --query-limit 1000,98.24,,2.9979677200317383,taskset -c 0-15 /mnt/bak3/lzg/PipeANN-github/build/tests/dynamic_update_suite_driver --mode measure-dynamic-search --source-prefix /mnt/bak3/lzg/PipeANN-supersector32k-work/indexes/phaseC_cycle01_retrain_each_cycle_super32k --jsonl-output /mnt/bak3/lzg/PipeANN-github/experiments/supersector32k_packing_aris_20260523/tmp/full_cycle01_retrain_each_cycle_intersect_u1e-01_4.jsonl --insert-threads 16 --search-threads 1 --merge-threads 16 --build-l 220 --build-r 116 --beamwidth 4 --k 10 --cpu-cap 16 --metric l2 --route prefilter --search-l 50 --data-bin experiments/pq_drift_1m_aris_main_20260522/data/phaseC_cycle01_live_data_by_tag.bin --base-label-file experiments/pq_drift_1m_aris_main_20260522/labels/base_labels_1000000.spmat --query-bin /mnt/bak3/lzg/PipeANN-github/experiments/r116_suite_pq16_aris_20260520_072453/data/sift_query_1000.bin --truthset-bin experiments/pq_drift_1m_aris_main_20260522/truth/phaseC_cycle01_intersect_u1e-01.bin --query-label-file /mnt/bak3/lzg/PipeANN-github/experiments/r116_suite_pq16_aris_20260520_072453/labels/query_1000_u1e-01.spmat --selector-type intersect --query-limit 1000,,prefilter,281928,280772,50,/mnt/bak3/lzg/PipeANN-supersector32k-work/indexes/phaseC_cycle01_retrain_each_cycle_super32k,ok,,,,,,156393,1,0,,experiments/pq_drift_1m_aris_main_20260522/indexes/phaseC_cycle01_retrain_each_cycle,/mnt/bak3/lzg/PipeANN-supersector32k-work/indexes/phaseC_cycle01_retrain_each_cycle_super32k,1.614749
prefilter,3568.897541,,,,,,,,,,250000.0,,,cycle01_retrain_each_cycle_intersect_u25,200,0-15,16,True,,3.569075,0,0,,10000,0,16,supersector32k,1000000,281588,156393,250000.0,309.319,156393,measure-dynamic-search,3500.26,3730.184,3751.994,4096,full,4096,1000000,16,1000,281588,280.184635,1080,281588,/mnt/bak3/lzg/PipeANN-github/build/tests/dynamic_update_suite_driver --mode measure-dynamic-search --source-prefix /mnt/bak3/lzg/PipeANN-supersector32k-work/indexes/phaseC_cycle01_retrain_each_cycle_super32k --jsonl-output /mnt/bak3/lzg/PipeANN-github/experiments/supersector32k_packing_aris_20260523/tmp/full_cycle01_retrain_each_cycle_intersect_u25_5.jsonl --insert-threads 16 --search-threads 1 --merge-threads 16 --build-l 220 --build-r 116 --beamwidth 4 --k 10 --cpu-cap 16 --metric l2 --route prefilter --search-l 200 --data-bin experiments/pq_drift_1m_aris_main_20260522/data/phaseC_cycle01_live_data_by_tag.bin --base-label-file experiments/pq_drift_1m_aris_main_20260522/labels/base_labels_1000000.spmat --query-bin /mnt/bak3/lzg/PipeANN-github/experiments/r116_suite_pq16_aris_20260520_072453/data/sift_query_1000.bin --truthset-bin experiments/pq_drift_1m_aris_main_20260522/truth/phaseC_cycle01_intersect_u25.bin --query-label-file /mnt/bak3/lzg/PipeANN-github/experiments/r116_suite_pq16_aris_20260520_072453/labels/query_1000_u25.spmat --selector-type intersect --query-limit 1000,98.07,,4.72538161277771,taskset -c 0-15 /mnt/bak3/lzg/PipeANN-github/build/tests/dynamic_update_suite_driver --mode measure-dynamic-search --source-prefix /mnt/bak3/lzg/PipeANN-supersector32k-work/indexes/phaseC_cycle01_retrain_each_cycle_super32k --jsonl-output /mnt/bak3/lzg/PipeANN-github/experiments/supersector32k_packing_aris_20260523/tmp/full_cycle01_retrain_each_cycle_intersect_u25_5.jsonl --insert-threads 16 --search-threads 1 --merge-threads 16 --build-l 220 --build-r 116 --beamwidth 4 --k 10 --cpu-cap 16 --metric l2 --route prefilter --search-l 200 --data-bin experiments/pq_drift_1m_aris_main_20260522/data/phaseC_cycle01_live_data_by_tag.bin --base-label-file experiments/pq_drift_1m_aris_main_20260522/labels/base_labels_1000000.spmat --query-bin /mnt/bak3/lzg/PipeANN-github/experiments/r116_suite_pq16_aris_20260520_072453/data/sift_query_1000.bin --truthset-bin experiments/pq_drift_1m_aris_main_20260522/truth/phaseC_cycle01_intersect_u25.bin --query-label-file /mnt/bak3/lzg/PipeANN-github/experiments/r116_suite_pq16_aris_20260520_072453/labels/query_1000_u25.spmat --selector-type intersect --query-limit 1000,,prefilter,257280,280508,200,/mnt/bak3/lzg/PipeANN-supersector32k-work/indexes/phaseC_cycle01_retrain_each_cycle_super32k,ok,,,,,,156393,1,0,,experiments/pq_drift_1m_aris_main_20260522/indexes/phaseC_cycle01_retrain_each_cycle,/mnt/bak3/lzg/PipeANN-supersector32k-work/indexes/phaseC_cycle01_retrain_each_cycle_super32k,3.569075
prefilter,4483.222139,,,,,,,,,,300000.0,,,cycle01_retrain_each_cycle_intersect_u30,400,0-15,16,True,,4.483403,0,0,,10000,0,16,supersector32k,1000000,283828,156393,300000.0,364.483,156393,measure-dynamic-search,4430.671,4671.238,4725.6,4096,full,4096,1000000,16,1000,283828,223.044841,1284,283828,/mnt/bak3/lzg/PipeANN-github/build/tests/dynamic_update_suite_driver --mode measure-dynamic-search --source-prefix /mnt/bak3/lzg/PipeANN-supersector32k-work/indexes/phaseC_cycle01_retrain_each_cycle_super32k --jsonl-output /mnt/bak3/lzg/PipeANN-github/experiments/supersector32k_packing_aris_20260523/tmp/full_cycle01_retrain_each_cycle_intersect_u30_6.jsonl --insert-threads 16 --search-threads 1 --merge-threads 16 --build-l 220 --build-r 116 --beamwidth 4 --k 10 --cpu-cap 16 --metric l2 --route prefilter --search-l 400 --data-bin experiments/pq_drift_1m_aris_main_20260522/data/phaseC_cycle01_live_data_by_tag.bin --base-label-file experiments/pq_drift_1m_aris_main_20260522/labels/base_labels_1000000.spmat --query-bin /mnt/bak3/lzg/PipeANN-github/experiments/r116_suite_pq16_aris_20260520_072453/data/sift_query_1000.bin --truthset-bin experiments/pq_drift_1m_aris_main_20260522/truth/phaseC_cycle01_intersect_u30.bin --query-label-file /mnt/bak3/lzg/PipeANN-github/experiments/r116_suite_pq16_aris_20260520_072453/labels/query_1000_u30.spmat --selector-type intersect --query-limit 1000,99.39,,5.681406021118164,taskset -c 0-15 /mnt/bak3/lzg/PipeANN-github/build/tests/dynamic_update_suite_driver --mode measure-dynamic-search --source-prefix /mnt/bak3/lzg/PipeANN-supersector32k-work/indexes/phaseC_cycle01_retrain_each_cycle_super32k --jsonl-output /mnt/bak3/lzg/PipeANN-github/experiments/supersector32k_packing_aris_20260523/tmp/full_cycle01_retrain_each_cycle_intersect_u30_6.jsonl --insert-threads 16 --search-threads 1 --merge-threads 16 --build-l 220 --build-r 116 --beamwidth 4 --k 10 --cpu-cap 16 --metric l2 --route prefilter --search-l 400 --data-bin experiments/pq_drift_1m_aris_main_20260522/data/phaseC_cycle01_live_data_by_tag.bin --base-label-file experiments/pq_drift_1m_aris_main_20260522/labels/base_labels_1000000.spmat --query-bin /mnt/bak3/lzg/PipeANN-github/experiments/r116_suite_pq16_aris_20260520_072453/data/sift_query_1000.bin --truthset-bin experiments/pq_drift_1m_aris_main_20260522/truth/phaseC_cycle01_intersect_u30.bin --query-label-file /mnt/bak3/lzg/PipeANN-github/experiments/r116_suite_pq16_aris_20260520_072453/labels/query_1000_u30.spmat --selector-type intersect --query-limit 1000,,prefilter,283828,282544,400,/mnt/bak3/lzg/PipeANN-supersector32k-work/indexes/phaseC_cycle01_retrain_each_cycle_super32k,ok,,,,,,156393,1,0,,experiments/pq_drift_1m_aris_main_20260522/indexes/phaseC_cycle01_retrain_each_cycle,/mnt/bak3/lzg/PipeANN-supersector32k-work/indexes/phaseC_cycle01_retrain_each_cycle_super32k,4.483403
prefilter,7058.764476,,,,,,,,,,500000.0,,,cycle01_retrain_each_cycle_intersect_u50,400,0-15,16,True,,7.058966,0,0,,10000,0,16,supersector32k,1000000,281544,156393,500000.0,580.499,156393,measure-dynamic-search,6997.097,7232.394,7376.919,4096,full,4096,1000000,16,1000,281544,141.663808,1020,281544,/mnt/bak3/lzg/PipeANN-github/build/tests/dynamic_update_suite_driver --mode measure-dynamic-search --source-prefix /mnt/bak3/lzg/PipeANN-supersector32k-work/indexes/phaseC_cycle01_retrain_each_cycle_super32k --jsonl-output /mnt/bak3/lzg/PipeANN-github/experiments/supersector32k_packing_aris_20260523/tmp/full_cycle01_retrain_each_cycle_intersect_u50_7.jsonl --insert-threads 16 --search-threads 1 --merge-threads 16 --build-l 220 --build-r 116 --beamwidth 4 --k 10 --cpu-cap 16 --metric l2 --route prefilter --search-l 400 --data-bin experiments/pq_drift_1m_aris_main_20260522/data/phaseC_cycle01_live_data_by_tag.bin --base-label-file experiments/pq_drift_1m_aris_main_20260522/labels/base_labels_1000000.spmat --query-bin /mnt/bak3/lzg/PipeANN-github/experiments/r116_suite_pq16_aris_20260520_072453/data/sift_query_1000.bin --truthset-bin experiments/pq_drift_1m_aris_main_20260522/truth/phaseC_cycle01_intersect_u50.bin --query-label-file /mnt/bak3/lzg/PipeANN-github/experiments/r116_suite_pq16_aris_20260520_072453/labels/query_1000_u50.spmat --selector-type intersect --query-limit 1000,99.11,,8.304468870162964,taskset -c 0-15 /mnt/bak3/lzg/PipeANN-github/build/tests/dynamic_update_suite_driver --mode measure-dynamic-search --source-prefix /mnt/bak3/lzg/PipeANN-supersector32k-work/indexes/phaseC_cycle01_retrain_each_cycle_super32k --jsonl-output /mnt/bak3/lzg/PipeANN-github/experiments/supersector32k_packing_aris_20260523/tmp/full_cycle01_retrain_each_cycle_intersect_u50_7.jsonl --insert-threads 16 --search-threads 1 --merge-threads 16 --build-l 220 --build-r 116 --beamwidth 4 --k 10 --cpu-cap 16 --metric l2 --route prefilter --search-l 400 --data-bin experiments/pq_drift_1m_aris_main_20260522/data/phaseC_cycle01_live_data_by_tag.bin --base-label-file experiments/pq_drift_1m_aris_main_20260522/labels/base_labels_1000000.spmat --query-bin /mnt/bak3/lzg/PipeANN-github/experiments/r116_suite_pq16_aris_20260520_072453/data/sift_query_1000.bin --truthset-bin experiments/pq_drift_1m_aris_main_20260522/truth/phaseC_cycle01_intersect_u50.bin --query-label-file /mnt/bak3/lzg/PipeANN-github/experiments/r116_suite_pq16_aris_20260520_072453/labels/query_1000_u50.spmat --selector-type intersect --query-limit 1000,,prefilter,281356,280524,400,/mnt/bak3/lzg/PipeANN-supersector32k-work/indexes/phaseC_cycle01_retrain_each_cycle_super32k,ok,,,,,,156393,1,0,,experiments/pq_drift_1m_aris_main_20260522/indexes/phaseC_cycle01_retrain_each_cycle,/mnt/bak3/lzg/PipeANN-supersector32k-work/indexes/phaseC_cycle01_retrain_each_cycle_super32k,7.058966
graph,8905.312042,,,,,,,,,,750000.0,,,cycle01_retrain_each_cycle_intersect_u75,400,0-15,16,True,,8.905477,0,0,,10000,1000,16,supersector32k,1000000,292516,156393,750000.0,16.609,156393,measure-dynamic-search,8896.74,9201.888,9423.347,4096,full,4096,1000000,16,0,292516,112.290443,11952,292516,/mnt/bak3/lzg/PipeANN-github/build/tests/dynamic_update_suite_driver --mode measure-dynamic-search --source-prefix /mnt/bak3/lzg/PipeANN-supersector32k-work/indexes/phaseC_cycle01_retrain_each_cycle_super32k --jsonl-output /mnt/bak3/lzg/PipeANN-github/experiments/supersector32k_packing_aris_20260523/tmp/full_cycle01_retrain_each_cycle_intersect_u75_8.jsonl --insert-threads 16 --search-threads 1 --merge-threads 16 --build-l 220 --build-r 116 --beamwidth 4 --k 10 --cpu-cap 16 --metric l2 --route graph --search-l 400 --data-bin experiments/pq_drift_1m_aris_main_20260522/data/phaseC_cycle01_live_data_by_tag.bin --base-label-file experiments/pq_drift_1m_aris_main_20260522/labels/base_labels_1000000.spmat --query-bin /mnt/bak3/lzg/PipeANN-github/experiments/r116_suite_pq16_aris_20260520_072453/data/sift_query_1000.bin --truthset-bin experiments/pq_drift_1m_aris_main_20260522/truth/phaseC_cycle01_intersect_u75.bin --query-label-file /mnt/bak3/lzg/PipeANN-github/experiments/r116_suite_pq16_aris_20260520_072453/labels/query_1000_u75.spmat --selector-type intersect --query-limit 1000,98.4,,10.138969421386719,taskset -c 0-15 /mnt/bak3/lzg/PipeANN-github/build/tests/dynamic_update_suite_driver --mode measure-dynamic-search --source-prefix /mnt/bak3/lzg/PipeANN-supersector32k-work/indexes/phaseC_cycle01_retrain_each_cycle_super32k --jsonl-output /mnt/bak3/lzg/PipeANN-github/experiments/supersector32k_packing_aris_20260523/tmp/full_cycle01_retrain_each_cycle_intersect_u75_8.jsonl --insert-threads 16 --search-threads 1 --merge-threads 16 --build-l 220 --build-r 116 --beamwidth 4 --k 10 --cpu-cap 16 --metric l2 --route graph --search-l 400 --data-bin experiments/pq_drift_1m_aris_main_20260522/data/phaseC_cycle01_live_data_by_tag.bin --base-label-file experiments/pq_drift_1m_aris_main_20260522/labels/base_labels_1000000.spmat --query-bin /mnt/bak3/lzg/PipeANN-github/experiments/r116_suite_pq16_aris_20260520_072453/data/sift_query_1000.bin --truthset-bin experiments/pq_drift_1m_aris_main_20260522/truth/phaseC_cycle01_intersect_u75.bin --query-label-file /mnt/bak3/lzg/PipeANN-github/experiments/r116_suite_pq16_aris_20260520_072453/labels/query_1000_u75.spmat --selector-type intersect --query-limit 1000,,graph,292516,280564,400,/mnt/bak3/lzg/PipeANN-supersector32k-work/indexes/phaseC_cycle01_retrain_each_cycle_super32k,ok,,,,,,156393,1,0,,experiments/pq_drift_1m_aris_main_20260522/indexes/phaseC_cycle01_retrain_each_cycle,/mnt/bak3/lzg/PipeANN-supersector32k-work/indexes/phaseC_cycle01_retrain_each_cycle_super32k,8.905477
graph,6791.023573,,,,,,,,,,1000000.0,,,cycle01_retrain_each_cycle_intersect_u100,300,0-15,16,True,,6.791198,0,0,,10000,1000,16,supersector32k,1000000,294600,156393,1000000.0,15.223,156393,measure-dynamic-search,6789.29,7067.714,7325.068,4096,full,4096,1000000,16,0,294600,147.249419,14024,294600,/mnt/bak3/lzg/PipeANN-github/build/tests/dynamic_update_suite_driver --mode measure-dynamic-search --source-prefix /mnt/bak3/lzg/PipeANN-supersector32k-work/indexes/phaseC_cycle01_retrain_each_cycle_super32k --jsonl-output /mnt/bak3/lzg/PipeANN-github/experiments/supersector32k_packing_aris_20260523/tmp/full_cycle01_retrain_each_cycle_intersect_u100_9.jsonl --insert-threads 16 --search-threads 1 --merge-threads 16 --build-l 220 --build-r 116 --beamwidth 4 --k 10 --cpu-cap 16 --metric l2 --route graph --search-l 300 --data-bin experiments/pq_drift_1m_aris_main_20260522/data/phaseC_cycle01_live_data_by_tag.bin --base-label-file experiments/pq_drift_1m_aris_main_20260522/labels/base_labels_1000000.spmat --query-bin /mnt/bak3/lzg/PipeANN-github/experiments/r116_suite_pq16_aris_20260520_072453/data/sift_query_1000.bin --truthset-bin experiments/pq_drift_1m_aris_main_20260522/truth/phaseC_cycle01_intersect_u100.bin --query-label-file /mnt/bak3/lzg/PipeANN-github/experiments/r116_suite_pq16_aris_20260520_072453/labels/query_1000_u100.spmat --selector-type intersect --query-limit 1000,98.08,,8.152714967727661,taskset -c 0-15 /mnt/bak3/lzg/PipeANN-github/build/tests/dynamic_update_suite_driver --mode measure-dynamic-search --source-prefix /mnt/bak3/lzg/PipeANN-supersector32k-work/indexes/phaseC_cycle01_retrain_each_cycle_super32k --jsonl-output /mnt/bak3/lzg/PipeANN-github/experiments/supersector32k_packing_aris_20260523/tmp/full_cycle01_retrain_each_cycle_intersect_u100_9.jsonl --insert-threads 16 --search-threads 1 --merge-threads 16 --build-l 220 --build-r 116 --beamwidth 4 --k 10 --cpu-cap 16 --metric l2 --route graph --search-l 300 --data-bin experiments/pq_drift_1m_aris_main_20260522/data/phaseC_cycle01_live_data_by_tag.bin --base-label-file experiments/pq_drift_1m_aris_main_20260522/labels/base_labels_1000000.spmat --query-bin /mnt/bak3/lzg/PipeANN-github/experiments/r116_suite_pq16_aris_20260520_072453/data/sift_query_1000.bin --truthset-bin experiments/pq_drift_1m_aris_main_20260522/truth/phaseC_cycle01_intersect_u100.bin --query-label-file /mnt/bak3/lzg/PipeANN-github/experiments/r116_suite_pq16_aris_20260520_072453/labels/query_1000_u100.spmat --selector-type intersect --query-limit 1000,,graph,294600,280576,300,/mnt/bak3/lzg/PipeANN-supersector32k-work/indexes/phaseC_cycle01_retrain_each_cycle_super32k,ok,,,,,,156393,1,0,,experiments/pq_drift_1m_aris_main_20260522/indexes/phaseC_cycle01_retrain_each_cycle,/mnt/bak3/lzg/PipeANN-supersector32k-work/indexes/phaseC_cycle01_retrain_each_cycle_super32k,6.791198
prefilter,138.758833,,,,,,,,,,1000.0,,,cycle01_retrain_each_cycle_range_u1e-03,75,0-15,16,True,,0.138833,0,0,,10000,0,16,supersector32k,1000000,283752,156393,1000.0,50.214,156393,measure-dynamic-search,137.077,147.555,160.406,4096,full,4096,1000000,16,1000,283752,7202.884231,924,283752,/mnt/bak3/lzg/PipeANN-github/build/tests/dynamic_update_suite_driver --mode measure-dynamic-search --source-prefix /mnt/bak3/lzg/PipeANN-supersector32k-work/indexes/phaseC_cycle01_retrain_each_cycle_super32k --jsonl-output /mnt/bak3/lzg/PipeANN-github/experiments/supersector32k_packing_aris_20260523/tmp/full_cycle01_retrain_each_cycle_range_u1e-03_10.jsonl --insert-threads 16 --search-threads 1 --merge-threads 16 --build-l 220 --build-r 116 --beamwidth 4 --k 10 --cpu-cap 16 --metric l2 --route prefilter --search-l 75 --data-bin experiments/pq_drift_1m_aris_main_20260522/data/phaseC_cycle01_live_data_by_tag.bin --base-label-file experiments/pq_drift_1m_aris_main_20260522/labels/base_labels_1000000.spmat --query-bin /mnt/bak3/lzg/PipeANN-github/experiments/r116_suite_pq16_aris_20260520_072453/data/sift_query_1000.bin --truthset-bin experiments/pq_drift_1m_aris_main_20260522/truth/phaseC_cycle01_range_u1e-03.bin --query-label-file /mnt/bak3/lzg/PipeANN-github/experiments/r116_suite_pq16_aris_20260520_072453/labels/query_1000_range_u1e-03.spmat --selector-type range --query-limit 1000,99.95,,1.3541967868804932,taskset -c 0-15 /mnt/bak3/lzg/PipeANN-github/build/tests/dynamic_update_suite_driver --mode measure-dynamic-search --source-prefix /mnt/bak3/lzg/PipeANN-supersector32k-work/indexes/phaseC_cycle01_retrain_each_cycle_super32k --jsonl-output /mnt/bak3/lzg/PipeANN-github/experiments/supersector32k_packing_aris_20260523/tmp/full_cycle01_retrain_each_cycle_range_u1e-03_10.jsonl --insert-threads 16 --search-threads 1 --merge-threads 16 --build-l 220 --build-r 116 --beamwidth 4 --k 10 --cpu-cap 16 --metric l2 --route prefilter --search-l 75 --data-bin experiments/pq_drift_1m_aris_main_20260522/data/phaseC_cycle01_live_data_by_tag.bin --base-label-file experiments/pq_drift_1m_aris_main_20260522/labels/base_labels_1000000.spmat --query-bin /mnt/bak3/lzg/PipeANN-github/experiments/r116_suite_pq16_aris_20260520_072453/data/sift_query_1000.bin --truthset-bin experiments/pq_drift_1m_aris_main_20260522/truth/phaseC_cycle01_range_u1e-03.bin --query-label-file /mnt/bak3/lzg/PipeANN-github/experiments/r116_suite_pq16_aris_20260520_072453/labels/query_1000_range_u1e-03.spmat --selector-type range --query-limit 1000,,prefilter,283752,282828,75,/mnt/bak3/lzg/PipeANN-supersector32k-work/indexes/phaseC_cycle01_retrain_each_cycle_super32k,ok,,,,,,156393,1,0,,experiments/pq_drift_1m_aris_main_20260522/indexes/phaseC_cycle01_retrain_each_cycle,/mnt/bak3/lzg/PipeANN-supersector32k-work/indexes/phaseC_cycle01_retrain_each_cycle_super32k,0.138833
prefilter,183.937029,,,,,,,,,,3000.0,,,cycle01_retrain_each_cycle_range_u3e-03,75,0-15,16,True,,0.184021,0,0,,10000,0,16,supersector32k,1000000,283724,156393,3000.0,55.88,156393,measure-dynamic-search,182.259,193.847,210.659,4096,full,4096,1000000,16,1000,283724,5434.173863,984,283724,/mnt/bak3/lzg/PipeANN-github/build/tests/dynamic_update_suite_driver --mode measure-dynamic-search --source-prefix /mnt/bak3/lzg/PipeANN-supersector32k-work/indexes/phaseC_cycle01_retrain_each_cycle_super32k --jsonl-output /mnt/bak3/lzg/PipeANN-github/experiments/supersector32k_packing_aris_20260523/tmp/full_cycle01_retrain_each_cycle_range_u3e-03_11.jsonl --insert-threads 16 --search-threads 1 --merge-threads 16 --build-l 220 --build-r 116 --beamwidth 4 --k 10 --cpu-cap 16 --metric l2 --route prefilter --search-l 75 --data-bin experiments/pq_drift_1m_aris_main_20260522/data/phaseC_cycle01_live_data_by_tag.bin --base-label-file experiments/pq_drift_1m_aris_main_20260522/labels/base_labels_1000000.spmat --query-bin /mnt/bak3/lzg/PipeANN-github/experiments/r116_suite_pq16_aris_20260520_072453/data/sift_query_1000.bin --truthset-bin experiments/pq_drift_1m_aris_main_20260522/truth/phaseC_cycle01_range_u3e-03.bin --query-label-file /mnt/bak3/lzg/PipeANN-github/experiments/r116_suite_pq16_aris_20260520_072453/labels/query_1000_range_u3e-03.spmat --selector-type range --query-limit 1000,99.78,,1.5322504043579102,taskset -c 0-15 /mnt/bak3/lzg/PipeANN-github/build/tests/dynamic_update_suite_driver --mode measure-dynamic-search --source-prefix /mnt/bak3/lzg/PipeANN-supersector32k-work/indexes/phaseC_cycle01_retrain_each_cycle_super32k --jsonl-output /mnt/bak3/lzg/PipeANN-github/experiments/supersector32k_packing_aris_20260523/tmp/full_cycle01_retrain_each_cycle_range_u3e-03_11.jsonl --insert-threads 16 --search-threads 1 --merge-threads 16 --build-l 220 --build-r 116 --beamwidth 4 --k 10 --cpu-cap 16 --metric l2 --route prefilter --search-l 75 --data-bin experiments/pq_drift_1m_aris_main_20260522/data/phaseC_cycle01_live_data_by_tag.bin --base-label-file experiments/pq_drift_1m_aris_main_20260522/labels/base_labels_1000000.spmat --query-bin /mnt/bak3/lzg/PipeANN-github/experiments/r116_suite_pq16_aris_20260520_072453/data/sift_query_1000.bin --truthset-bin experiments/pq_drift_1m_aris_main_20260522/truth/phaseC_cycle01_range_u3e-03.bin --query-label-file /mnt/bak3/lzg/PipeANN-github/experiments/r116_suite_pq16_aris_20260520_072453/labels/query_1000_range_u3e-03.spmat --selector-type range --query-limit 1000,,prefilter,283724,282740,75,/mnt/bak3/lzg/PipeANN-supersector32k-work/indexes/phaseC_cycle01_retrain_each_cycle_super32k,ok,,,,,,156393,1,0,,experiments/pq_drift_1m_aris_main_20260522/indexes/phaseC_cycle01_retrain_each_cycle,/mnt/bak3/lzg/PipeANN-supersector32k-work/indexes/phaseC_cycle01_retrain_each_cycle_super32k,0.184021
prefilter,329.410225,,,,,,,,,,10000.0,,,cycle01_retrain_each_cycle_range_u1e-02,100,0-15,16,True,,0.32953,0,0,,10000,0,16,supersector32k,1000000,283844,156393,10000.0,68.622,156393,measure-dynamic-search,326.697,347.465,383.478,4096,full,4096,1000000,16,1000,283844,3034.622853,1396,283844,/mnt/bak3/lzg/PipeANN-github/build/tests/dynamic_update_suite_driver --mode measure-dynamic-search --source-prefix /mnt/bak3/lzg/PipeANN-supersector32k-work/indexes/phaseC_cycle01_retrain_each_cycle_super32k --jsonl-output /mnt/bak3/lzg/PipeANN-github/experiments/supersector32k_packing_aris_20260523/tmp/full_cycle01_retrain_each_cycle_range_u1e-02_12.jsonl --insert-threads 16 --search-threads 1 --merge-threads 16 --build-l 220 --build-r 116 --beamwidth 4 --k 10 --cpu-cap 16 --metric l2 --route prefilter --search-l 100 --data-bin experiments/pq_drift_1m_aris_main_20260522/data/phaseC_cycle01_live_data_by_tag.bin --base-label-file experiments/pq_drift_1m_aris_main_20260522/labels/base_labels_1000000.spmat --query-bin /mnt/bak3/lzg/PipeANN-github/experiments/r116_suite_pq16_aris_20260520_072453/data/sift_query_1000.bin --truthset-bin experiments/pq_drift_1m_aris_main_20260522/truth/phaseC_cycle01_range_u1e-02.bin --query-label-file /mnt/bak3/lzg/PipeANN-github/experiments/r116_suite_pq16_aris_20260520_072453/labels/query_1000_range_u1e-02.spmat --selector-type range --query-limit 1000,99.56,,1.4577083587646484,taskset -c 0-15 /mnt/bak3/lzg/PipeANN-github/build/tests/dynamic_update_suite_driver --mode measure-dynamic-search --source-prefix /mnt/bak3/lzg/PipeANN-supersector32k-work/indexes/phaseC_cycle01_retrain_each_cycle_super32k --jsonl-output /mnt/bak3/lzg/PipeANN-github/experiments/supersector32k_packing_aris_20260523/tmp/full_cycle01_retrain_each_cycle_range_u1e-02_12.jsonl --insert-threads 16 --search-threads 1 --merge-threads 16 --build-l 220 --build-r 116 --beamwidth 4 --k 10 --cpu-cap 16 --metric l2 --route prefilter --search-l 100 --data-bin experiments/pq_drift_1m_aris_main_20260522/data/phaseC_cycle01_live_data_by_tag.bin --base-label-file experiments/pq_drift_1m_aris_main_20260522/labels/base_labels_1000000.spmat --query-bin /mnt/bak3/lzg/PipeANN-github/experiments/r116_suite_pq16_aris_20260520_072453/data/sift_query_1000.bin --truthset-bin experiments/pq_drift_1m_aris_main_20260522/truth/phaseC_cycle01_range_u1e-02.bin --query-label-file /mnt/bak3/lzg/PipeANN-github/experiments/r116_suite_pq16_aris_20260520_072453/labels/query_1000_range_u1e-02.spmat --selector-type range --query-limit 1000,,prefilter,283844,282448,100,/mnt/bak3/lzg/PipeANN-supersector32k-work/indexes/phaseC_cycle01_retrain_each_cycle_super32k,ok,,,,,,156393,1,0,,experiments/pq_drift_1m_aris_main_20260522/indexes/phaseC_cycle01_retrain_each_cycle,/mnt/bak3/lzg/PipeANN-supersector32k-work/indexes/phaseC_cycle01_retrain_each_cycle_super32k,0.32953
prefilter,931.282443,,,,,,,,,,50000.0,,,cycle01_retrain_each_cycle_range_u5e-02,100,0-15,16,True,,0.931401,0,0,,10000,0,16,supersector32k,1000000,281728,156393,50000.0,117.907,156393,measure-dynamic-search,928.316,1015.789,1040.411,4096,full,4096,1000000,16,1000,281728,1073.651138,1112,281728,/mnt/bak3/lzg/PipeANN-github/build/tests/dynamic_update_suite_driver --mode measure-dynamic-search --source-prefix /mnt/bak3/lzg/PipeANN-supersector32k-work/indexes/phaseC_cycle01_retrain_each_cycle_super32k --jsonl-output /mnt/bak3/lzg/PipeANN-github/experiments/supersector32k_packing_aris_20260523/tmp/full_cycle01_retrain_each_cycle_range_u5e-02_13.jsonl --insert-threads 16 --search-threads 1 --merge-threads 16 --build-l 220 --build-r 116 --beamwidth 4 --k 10 --cpu-cap 16 --metric l2 --route prefilter --search-l 100 --data-bin experiments/pq_drift_1m_aris_main_20260522/data/phaseC_cycle01_live_data_by_tag.bin --base-label-file experiments/pq_drift_1m_aris_main_20260522/labels/base_labels_1000000.spmat --query-bin /mnt/bak3/lzg/PipeANN-github/experiments/r116_suite_pq16_aris_20260520_072453/data/sift_query_1000.bin --truthset-bin experiments/pq_drift_1m_aris_main_20260522/truth/phaseC_cycle01_range_u5e-02.bin --query-label-file /mnt/bak3/lzg/PipeANN-github/experiments/r116_suite_pq16_aris_20260520_072453/labels/query_1000_range_u5e-02.spmat --selector-type range --query-limit 1000,99.15,,2.064519166946411,taskset -c 0-15 /mnt/bak3/lzg/PipeANN-github/build/tests/dynamic_update_suite_driver --mode measure-dynamic-search --source-prefix /mnt/bak3/lzg/PipeANN-supersector32k-work/indexes/phaseC_cycle01_retrain_each_cycle_super32k --jsonl-output /mnt/bak3/lzg/PipeANN-github/experiments/supersector32k_packing_aris_20260523/tmp/full_cycle01_retrain_each_cycle_range_u5e-02_13.jsonl --insert-threads 16 --search-threads 1 --merge-threads 16 --build-l 220 --build-r 116 --beamwidth 4 --k 10 --cpu-cap 16 --metric l2 --route prefilter --search-l 100 --data-bin experiments/pq_drift_1m_aris_main_20260522/data/phaseC_cycle01_live_data_by_tag.bin --base-label-file experiments/pq_drift_1m_aris_main_20260522/labels/base_labels_1000000.spmat --query-bin /mnt/bak3/lzg/PipeANN-github/experiments/r116_suite_pq16_aris_20260520_072453/data/sift_query_1000.bin --truthset-bin experiments/pq_drift_1m_aris_main_20260522/truth/phaseC_cycle01_range_u5e-02.bin --query-label-file /mnt/bak3/lzg/PipeANN-github/experiments/r116_suite_pq16_aris_20260520_072453/labels/query_1000_range_u5e-02.spmat --selector-type range --query-limit 1000,,prefilter,281728,280616,100,/mnt/bak3/lzg/PipeANN-supersector32k-work/indexes/phaseC_cycle01_retrain_each_cycle_super32k,ok,,,,,,156393,1,0,,experiments/pq_drift_1m_aris_main_20260522/indexes/phaseC_cycle01_retrain_each_cycle,/mnt/bak3/lzg/PipeANN-supersector32k-work/indexes/phaseC_cycle01_retrain_each_cycle_super32k,0.931401
prefilter,1652.736634,,,,,,,,,,100000.0,,,cycle01_retrain_each_cycle_range_u1e-01,150,0-15,16,True,,1.652893,0,0,,10000,0,16,supersector32k,1000000,281644,156393,100000.0,171.231,156393,measure-dynamic-search,1600.942,1846.476,1889.314,4096,full,4096,1000000,16,1000,281644,604.999743,1088,281644,/mnt/bak3/lzg/PipeANN-github/build/tests/dynamic_update_suite_driver --mode measure-dynamic-search --source-prefix /mnt/bak3/lzg/PipeANN-supersector32k-work/indexes/phaseC_cycle01_retrain_each_cycle_super32k --jsonl-output /mnt/bak3/lzg/PipeANN-github/experiments/supersector32k_packing_aris_20260523/tmp/full_cycle01_retrain_each_cycle_range_u1e-01_14.jsonl --insert-threads 16 --search-threads 1 --merge-threads 16 --build-l 220 --build-r 116 --beamwidth 4 --k 10 --cpu-cap 16 --metric l2 --route prefilter --search-l 150 --data-bin experiments/pq_drift_1m_aris_main_20260522/data/phaseC_cycle01_live_data_by_tag.bin --base-label-file experiments/pq_drift_1m_aris_main_20260522/labels/base_labels_1000000.spmat --query-bin /mnt/bak3/lzg/PipeANN-github/experiments/r116_suite_pq16_aris_20260520_072453/data/sift_query_1000.bin --truthset-bin experiments/pq_drift_1m_aris_main_20260522/truth/phaseC_cycle01_range_u1e-01.bin --query-label-file /mnt/bak3/lzg/PipeANN-github/experiments/r116_suite_pq16_aris_20260520_072453/labels/query_1000_range_u1e-01.spmat --selector-type range --query-limit 1000,98.24,,3.0708065032958984,taskset -c 0-15 /mnt/bak3/lzg/PipeANN-github/build/tests/dynamic_update_suite_driver --mode measure-dynamic-search --source-prefix /mnt/bak3/lzg/PipeANN-supersector32k-work/indexes/phaseC_cycle01_retrain_each_cycle_super32k --jsonl-output /mnt/bak3/lzg/PipeANN-github/experiments/supersector32k_packing_aris_20260523/tmp/full_cycle01_retrain_each_cycle_range_u1e-01_14.jsonl --insert-threads 16 --search-threads 1 --merge-threads 16 --build-l 220 --build-r 116 --beamwidth 4 --k 10 --cpu-cap 16 --metric l2 --route prefilter --search-l 150 --data-bin experiments/pq_drift_1m_aris_main_20260522/data/phaseC_cycle01_live_data_by_tag.bin --base-label-file experiments/pq_drift_1m_aris_main_20260522/labels/base_labels_1000000.spmat --query-bin /mnt/bak3/lzg/PipeANN-github/experiments/r116_suite_pq16_aris_20260520_072453/data/sift_query_1000.bin --truthset-bin experiments/pq_drift_1m_aris_main_20260522/truth/phaseC_cycle01_range_u1e-01.bin --query-label-file /mnt/bak3/lzg/PipeANN-github/experiments/r116_suite_pq16_aris_20260520_072453/labels/query_1000_range_u1e-01.spmat --selector-type range --query-limit 1000,,prefilter,281644,280556,150,/mnt/bak3/lzg/PipeANN-supersector32k-work/indexes/phaseC_cycle01_retrain_each_cycle_super32k,ok,,,,,,156393,1,0,,experiments/pq_drift_1m_aris_main_20260522/indexes/phaseC_cycle01_retrain_each_cycle,/mnt/bak3/lzg/PipeANN-supersector32k-work/indexes/phaseC_cycle01_retrain_each_cycle_super32k,1.652893
prefilter,3654.894376,,,,,,,,,,250000.0,,,cycle01_retrain_each_cycle_range_u25,250,0-15,16,True,,3.655096,0,0,,10000,0,16,supersector32k,1000000,283624,156393,250000.0,335.259,156393,measure-dynamic-search,3600.115,3840.054,3932.102,4096,full,4096,1000000,16,1000,283624,273.59065,1216,283624,/mnt/bak3/lzg/PipeANN-github/build/tests/dynamic_update_suite_driver --mode measure-dynamic-search --source-prefix /mnt/bak3/lzg/PipeANN-supersector32k-work/indexes/phaseC_cycle01_retrain_each_cycle_super32k --jsonl-output /mnt/bak3/lzg/PipeANN-github/experiments/supersector32k_packing_aris_20260523/tmp/full_cycle01_retrain_each_cycle_range_u25_15.jsonl --insert-threads 16 --search-threads 1 --merge-threads 16 --build-l 220 --build-r 116 --beamwidth 4 --k 10 --cpu-cap 16 --metric l2 --route prefilter --search-l 250 --data-bin experiments/pq_drift_1m_aris_main_20260522/data/phaseC_cycle01_live_data_by_tag.bin --base-label-file experiments/pq_drift_1m_aris_main_20260522/labels/base_labels_1000000.spmat --query-bin /mnt/bak3/lzg/PipeANN-github/experiments/r116_suite_pq16_aris_20260520_072453/data/sift_query_1000.bin --truthset-bin experiments/pq_drift_1m_aris_main_20260522/truth/phaseC_cycle01_range_u25.bin --query-label-file /mnt/bak3/lzg/PipeANN-github/experiments/r116_suite_pq16_aris_20260520_072453/labels/query_1000_range_u25.spmat --selector-type range --query-limit 1000,98.67,,4.816027641296387,taskset -c 0-15 /mnt/bak3/lzg/PipeANN-github/build/tests/dynamic_update_suite_driver --mode measure-dynamic-search --source-prefix /mnt/bak3/lzg/PipeANN-supersector32k-work/indexes/phaseC_cycle01_retrain_each_cycle_super32k --jsonl-output /mnt/bak3/lzg/PipeANN-github/experiments/supersector32k_packing_aris_20260523/tmp/full_cycle01_retrain_each_cycle_range_u25_15.jsonl --insert-threads 16 --search-threads 1 --merge-threads 16 --build-l 220 --build-r 116 --beamwidth 4 --k 10 --cpu-cap 16 --metric l2 --route prefilter --search-l 250 --data-bin experiments/pq_drift_1m_aris_main_20260522/data/phaseC_cycle01_live_data_by_tag.bin --base-label-file experiments/pq_drift_1m_aris_main_20260522/labels/base_labels_1000000.spmat --query-bin /mnt/bak3/lzg/PipeANN-github/experiments/r116_suite_pq16_aris_20260520_072453/data/sift_query_1000.bin --truthset-bin experiments/pq_drift_1m_aris_main_20260522/truth/phaseC_cycle01_range_u25.bin --query-label-file /mnt/bak3/lzg/PipeANN-github/experiments/r116_suite_pq16_aris_20260520_072453/labels/query_1000_range_u25.spmat --selector-type range --query-limit 1000,,prefilter,259004,282408,250,/mnt/bak3/lzg/PipeANN-supersector32k-work/indexes/phaseC_cycle01_retrain_each_cycle_super32k,ok,,,,,,156393,1,0,,experiments/pq_drift_1m_aris_main_20260522/indexes/phaseC_cycle01_retrain_each_cycle,/mnt/bak3/lzg/PipeANN-supersector32k-work/indexes/phaseC_cycle01_retrain_each_cycle_super32k,3.655096
prefilter,4368.432393,,,,,,,,,,300000.0,,,cycle01_retrain_each_cycle_range_u30,300,0-15,16,True,,4.368655,0,0,,10000,0,16,supersector32k,1000000,281680,156393,300000.0,393.673,156393,measure-dynamic-search,4307.608,4533.966,4559.821,4096,full,4096,1000000,16,1000,281680,228.903391,1036,281680,/mnt/bak3/lzg/PipeANN-github/build/tests/dynamic_update_suite_driver --mode measure-dynamic-search --source-prefix /mnt/bak3/lzg/PipeANN-supersector32k-work/indexes/phaseC_cycle01_retrain_each_cycle_super32k --jsonl-output /mnt/bak3/lzg/PipeANN-github/experiments/supersector32k_packing_aris_20260523/tmp/full_cycle01_retrain_each_cycle_range_u30_16.jsonl --insert-threads 16 --search-threads 1 --merge-threads 16 --build-l 220 --build-r 116 --beamwidth 4 --k 10 --cpu-cap 16 --metric l2 --route prefilter --search-l 300 --data-bin experiments/pq_drift_1m_aris_main_20260522/data/phaseC_cycle01_live_data_by_tag.bin --base-label-file experiments/pq_drift_1m_aris_main_20260522/labels/base_labels_1000000.spmat --query-bin /mnt/bak3/lzg/PipeANN-github/experiments/r116_suite_pq16_aris_20260520_072453/data/sift_query_1000.bin --truthset-bin experiments/pq_drift_1m_aris_main_20260522/truth/phaseC_cycle01_range_u30.bin --query-label-file /mnt/bak3/lzg/PipeANN-github/experiments/r116_suite_pq16_aris_20260520_072453/labels/query_1000_range_u30.spmat --selector-type range --query-limit 1000,99.03,,5.608083724975586,taskset -c 0-15 /mnt/bak3/lzg/PipeANN-github/build/tests/dynamic_update_suite_driver --mode measure-dynamic-search --source-prefix /mnt/bak3/lzg/PipeANN-supersector32k-work/indexes/phaseC_cycle01_retrain_each_cycle_super32k --jsonl-output /mnt/bak3/lzg/PipeANN-github/experiments/supersector32k_packing_aris_20260523/tmp/full_cycle01_retrain_each_cycle_range_u30_16.jsonl --insert-threads 16 --search-threads 1 --merge-threads 16 --build-l 220 --build-r 116 --beamwidth 4 --k 10 --cpu-cap 16 --metric l2 --route prefilter --search-l 300 --data-bin experiments/pq_drift_1m_aris_main_20260522/data/phaseC_cycle01_live_data_by_tag.bin --base-label-file experiments/pq_drift_1m_aris_main_20260522/labels/base_labels_1000000.spmat --query-bin /mnt/bak3/lzg/PipeANN-github/experiments/r116_suite_pq16_aris_20260520_072453/data/sift_query_1000.bin --truthset-bin experiments/pq_drift_1m_aris_main_20260522/truth/phaseC_cycle01_range_u30.bin --query-label-file /mnt/bak3/lzg/PipeANN-github/experiments/r116_suite_pq16_aris_20260520_072453/labels/query_1000_range_u30.spmat --selector-type range --query-limit 1000,,prefilter,257448,280644,300,/mnt/bak3/lzg/PipeANN-supersector32k-work/indexes/phaseC_cycle01_retrain_each_cycle_super32k,ok,,,,,,156393,1,0,,experiments/pq_drift_1m_aris_main_20260522/indexes/phaseC_cycle01_retrain_each_cycle,/mnt/bak3/lzg/PipeANN-supersector32k-work/indexes/phaseC_cycle01_retrain_each_cycle_super32k,4.368655
prefilter,6767.308625,,,,,,,,,,500000.0,,,cycle01_retrain_each_cycle_range_u50,250,0-15,16,True,,6.767518,0,0,,10000,0,16,supersector32k,1000000,281728,156393,500000.0,614.22,156393,measure-dynamic-search,6704.365,6936.05,6984.904,4096,full,4096,1000000,16,1000,281728,147.76467,1020,281728,/mnt/bak3/lzg/PipeANN-github/build/tests/dynamic_update_suite_driver --mode measure-dynamic-search --source-prefix /mnt/bak3/lzg/PipeANN-supersector32k-work/indexes/phaseC_cycle01_retrain_each_cycle_super32k --jsonl-output /mnt/bak3/lzg/PipeANN-github/experiments/supersector32k_packing_aris_20260523/tmp/full_cycle01_retrain_each_cycle_range_u50_17.jsonl --insert-threads 16 --search-threads 1 --merge-threads 16 --build-l 220 --build-r 116 --beamwidth 4 --k 10 --cpu-cap 16 --metric l2 --route prefilter --search-l 250 --data-bin experiments/pq_drift_1m_aris_main_20260522/data/phaseC_cycle01_live_data_by_tag.bin --base-label-file experiments/pq_drift_1m_aris_main_20260522/labels/base_labels_1000000.spmat --query-bin /mnt/bak3/lzg/PipeANN-github/experiments/r116_suite_pq16_aris_20260520_072453/data/sift_query_1000.bin --truthset-bin experiments/pq_drift_1m_aris_main_20260522/truth/phaseC_cycle01_range_u50.bin --query-label-file /mnt/bak3/lzg/PipeANN-github/experiments/r116_suite_pq16_aris_20260520_072453/labels/query_1000_range_u50.spmat --selector-type range --query-limit 1000,98.29,,8.011348009109497,taskset -c 0-15 /mnt/bak3/lzg/PipeANN-github/build/tests/dynamic_update_suite_driver --mode measure-dynamic-search --source-prefix /mnt/bak3/lzg/PipeANN-supersector32k-work/indexes/phaseC_cycle01_retrain_each_cycle_super32k --jsonl-output /mnt/bak3/lzg/PipeANN-github/experiments/supersector32k_packing_aris_20260523/tmp/full_cycle01_retrain_each_cycle_range_u50_17.jsonl --insert-threads 16 --search-threads 1 --merge-threads 16 --build-l 220 --build-r 116 --beamwidth 4 --k 10 --cpu-cap 16 --metric l2 --route prefilter --search-l 250 --data-bin experiments/pq_drift_1m_aris_main_20260522/data/phaseC_cycle01_live_data_by_tag.bin --base-label-file experiments/pq_drift_1m_aris_main_20260522/labels/base_labels_1000000.spmat --query-bin /mnt/bak3/lzg/PipeANN-github/experiments/r116_suite_pq16_aris_20260520_072453/data/sift_query_1000.bin --truthset-bin experiments/pq_drift_1m_aris_main_20260522/truth/phaseC_cycle01_range_u50.bin --query-label-file /mnt/bak3/lzg/PipeANN-github/experiments/r116_suite_pq16_aris_20260520_072453/labels/query_1000_range_u50.spmat --selector-type range --query-limit 1000,,prefilter,259060,280708,250,/mnt/bak3/lzg/PipeANN-supersector32k-work/indexes/phaseC_cycle01_retrain_each_cycle_super32k,ok,,,,,,156393,1,0,,experiments/pq_drift_1m_aris_main_20260522/indexes/phaseC_cycle01_retrain_each_cycle,/mnt/bak3/lzg/PipeANN-supersector32k-work/indexes/phaseC_cycle01_retrain_each_cycle_super32k,6.767518
mixed,8931.593596,,,,,,,,,,750000.0,,,cycle01_retrain_each_cycle_range_u75,400,0-15,16,True,,8.931759,0,1000,,10000,0,16,supersector32k,1000000,292028,156393,750000.0,59.037,156393,measure-dynamic-search,8927.593,9234.718,9460.923,4096,full,4096,1000000,16,0,292028,111.960035,11444,292028,/mnt/bak3/lzg/PipeANN-github/build/tests/dynamic_update_suite_driver --mode measure-dynamic-search --source-prefix /mnt/bak3/lzg/PipeANN-supersector32k-work/indexes/phaseC_cycle01_retrain_each_cycle_super32k --jsonl-output /mnt/bak3/lzg/PipeANN-github/experiments/supersector32k_packing_aris_20260523/tmp/full_cycle01_retrain_each_cycle_range_u75_18.jsonl --insert-threads 16 --search-threads 1 --merge-threads 16 --build-l 220 --build-r 116 --beamwidth 4 --k 10 --cpu-cap 16 --metric l2 --route graph --search-l 400 --data-bin experiments/pq_drift_1m_aris_main_20260522/data/phaseC_cycle01_live_data_by_tag.bin --base-label-file experiments/pq_drift_1m_aris_main_20260522/labels/base_labels_1000000.spmat --query-bin /mnt/bak3/lzg/PipeANN-github/experiments/r116_suite_pq16_aris_20260520_072453/data/sift_query_1000.bin --truthset-bin experiments/pq_drift_1m_aris_main_20260522/truth/phaseC_cycle01_range_u75.bin --query-label-file /mnt/bak3/lzg/PipeANN-github/experiments/r116_suite_pq16_aris_20260520_072453/labels/query_1000_range_u75.spmat --selector-type range --query-limit 1000,98.4,,10.1669762134552,taskset -c 0-15 /mnt/bak3/lzg/PipeANN-github/build/tests/dynamic_update_suite_driver --mode measure-dynamic-search --source-prefix /mnt/bak3/lzg/PipeANN-supersector32k-work/indexes/phaseC_cycle01_retrain_each_cycle_super32k --jsonl-output /mnt/bak3/lzg/PipeANN-github/experiments/supersector32k_packing_aris_20260523/tmp/full_cycle01_retrain_each_cycle_range_u75_18.jsonl --insert-threads 16 --search-threads 1 --merge-threads 16 --build-l 220 --build-r 116 --beamwidth 4 --k 10 --cpu-cap 16 --metric l2 --route graph --search-l 400 --data-bin experiments/pq_drift_1m_aris_main_20260522/data/phaseC_cycle01_live_data_by_tag.bin --base-label-file experiments/pq_drift_1m_aris_main_20260522/labels/base_labels_1000000.spmat --query-bin /mnt/bak3/lzg/PipeANN-github/experiments/r116_suite_pq16_aris_20260520_072453/data/sift_query_1000.bin --truthset-bin experiments/pq_drift_1m_aris_main_20260522/truth/phaseC_cycle01_range_u75.bin --query-label-file /mnt/bak3/lzg/PipeANN-github/experiments/r116_suite_pq16_aris_20260520_072453/labels/query_1000_range_u75.spmat --selector-type range --query-limit 1000,,graph,292028,280584,400,/mnt/bak3/lzg/PipeANN-supersector32k-work/indexes/phaseC_cycle01_retrain_each_cycle_super32k,ok,,,,,,156393,1,0,,experiments/pq_drift_1m_aris_main_20260522/indexes/phaseC_cycle01_retrain_each_cycle,/mnt/bak3/lzg/PipeANN-supersector32k-work/indexes/phaseC_cycle01_retrain_each_cycle_super32k,8.931759
mixed,6849.621572,,,,,,,,,,1000000.0,,,cycle01_retrain_each_cycle_range_u100,300,0-15,16,True,,6.849788,0,1000,,10000,0,16,supersector32k,1000000,295668,156393,1000000.0,62.055,156393,measure-dynamic-search,6834.894,7143.028,7376.641,4096,full,4096,1000000,16,0,295668,145.989929,13096,295668,/mnt/bak3/lzg/PipeANN-github/build/tests/dynamic_update_suite_driver --mode measure-dynamic-search --source-prefix /mnt/bak3/lzg/PipeANN-supersector32k-work/indexes/phaseC_cycle01_retrain_each_cycle_super32k --jsonl-output /mnt/bak3/lzg/PipeANN-github/experiments/supersector32k_packing_aris_20260523/tmp/full_cycle01_retrain_each_cycle_range_u100_19.jsonl --insert-threads 16 --search-threads 1 --merge-threads 16 --build-l 220 --build-r 116 --beamwidth 4 --k 10 --cpu-cap 16 --metric l2 --route graph --search-l 300 --data-bin experiments/pq_drift_1m_aris_main_20260522/data/phaseC_cycle01_live_data_by_tag.bin --base-label-file experiments/pq_drift_1m_aris_main_20260522/labels/base_labels_1000000.spmat --query-bin /mnt/bak3/lzg/PipeANN-github/experiments/r116_suite_pq16_aris_20260520_072453/data/sift_query_1000.bin --truthset-bin experiments/pq_drift_1m_aris_main_20260522/truth/phaseC_cycle01_range_u100.bin --query-label-file /mnt/bak3/lzg/PipeANN-github/experiments/r116_suite_pq16_aris_20260520_072453/labels/query_1000_range_u100.spmat --selector-type range --query-limit 1000,98.08,,8.390324354171753,taskset -c 0-15 /mnt/bak3/lzg/PipeANN-github/build/tests/dynamic_update_suite_driver --mode measure-dynamic-search --source-prefix /mnt/bak3/lzg/PipeANN-supersector32k-work/indexes/phaseC_cycle01_retrain_each_cycle_super32k --jsonl-output /mnt/bak3/lzg/PipeANN-github/experiments/supersector32k_packing_aris_20260523/tmp/full_cycle01_retrain_each_cycle_range_u100_19.jsonl --insert-threads 16 --search-threads 1 --merge-threads 16 --build-l 220 --build-r 116 --beamwidth 4 --k 10 --cpu-cap 16 --metric l2 --route graph --search-l 300 --data-bin experiments/pq_drift_1m_aris_main_20260522/data/phaseC_cycle01_live_data_by_tag.bin --base-label-file experiments/pq_drift_1m_aris_main_20260522/labels/base_labels_1000000.spmat --query-bin /mnt/bak3/lzg/PipeANN-github/experiments/r116_suite_pq16_aris_20260520_072453/data/sift_query_1000.bin --truthset-bin experiments/pq_drift_1m_aris_main_20260522/truth/phaseC_cycle01_range_u100.bin --query-label-file /mnt/bak3/lzg/PipeANN-github/experiments/r116_suite_pq16_aris_20260520_072453/labels/query_1000_range_u100.spmat --selector-type range --query-limit 1000,,graph,295668,282572,300,/mnt/bak3/lzg/PipeANN-supersector32k-work/indexes/phaseC_cycle01_retrain_each_cycle_super32k,ok,,,,,,156393,1,0,,experiments/pq_drift_1m_aris_main_20260522/indexes/phaseC_cycle01_retrain_each_cycle,/mnt/bak3/lzg/PipeANN-supersector32k-work/indexes/phaseC_cycle01_retrain_each_cycle_super32k,6.849788
prefilter,154.379525,,,,,,,,,,1000.0,,,cycle01_no_retrain_across_cycles_intersect_u1e-03,50,0-15,16,True,,0.154465,0,0,,10000,0,16,supersector32k,1000000,285700,152038,1000.0,52.247,152038,measure-dynamic-search,152.568,168.852,208.176,4096,full,4096,1000000,16,1000,285700,6473.943707,1376,285700,/mnt/bak3/lzg/PipeANN-github/build/tests/dynamic_update_suite_driver --mode measure-dynamic-search --source-prefix /mnt/bak3/lzg/PipeANN-supersector32k-work/indexes/phaseC_cycle01_no_retrain_after_insert_super32k --jsonl-output /mnt/bak3/lzg/PipeANN-github/experiments/supersector32k_packing_aris_20260523/tmp/full_cycle01_no_retrain_across_cycles_intersect_u1e-03_20.jsonl --insert-threads 16 --search-threads 1 --merge-threads 16 --build-l 220 --build-r 116 --beamwidth 4 --k 10 --cpu-cap 16 --metric l2 --route prefilter --search-l 50 --data-bin experiments/pq_drift_1m_aris_main_20260522/data/phaseC_cycle01_live_data_by_tag.bin --base-label-file experiments/pq_drift_1m_aris_main_20260522/labels/base_labels_1000000.spmat --query-bin /mnt/bak3/lzg/PipeANN-github/experiments/r116_suite_pq16_aris_20260520_072453/data/sift_query_1000.bin --truthset-bin experiments/pq_drift_1m_aris_main_20260522/truth/phaseC_cycle01_intersect_u1e-03.bin --query-label-file /mnt/bak3/lzg/PipeANN-github/experiments/r116_suite_pq16_aris_20260520_072453/labels/query_1000_u1e-03.spmat --selector-type intersect --query-limit 1000,99.94,,1.732001781463623,taskset -c 0-15 /mnt/bak3/lzg/PipeANN-github/build/tests/dynamic_update_suite_driver --mode measure-dynamic-search --source-prefix /mnt/bak3/lzg/PipeANN-supersector32k-work/indexes/phaseC_cycle01_no_retrain_after_insert_super32k --jsonl-output /mnt/bak3/lzg/PipeANN-github/experiments/supersector32k_packing_aris_20260523/tmp/full_cycle01_no_retrain_across_cycles_intersect_u1e-03_20.jsonl --insert-threads 16 --search-threads 1 --merge-threads 16 --build-l 220 --build-r 116 --beamwidth 4 --k 10 --cpu-cap 16 --metric l2 --route prefilter --search-l 50 --data-bin experiments/pq_drift_1m_aris_main_20260522/data/phaseC_cycle01_live_data_by_tag.bin --base-label-file experiments/pq_drift_1m_aris_main_20260522/labels/base_labels_1000000.spmat --query-bin /mnt/bak3/lzg/PipeANN-github/experiments/r116_suite_pq16_aris_20260520_072453/data/sift_query_1000.bin --truthset-bin experiments/pq_drift_1m_aris_main_20260522/truth/phaseC_cycle01_intersect_u1e-03.bin --query-label-file /mnt/bak3/lzg/PipeANN-github/experiments/r116_suite_pq16_aris_20260520_072453/labels/query_1000_u1e-03.spmat --selector-type intersect --query-limit 1000,,prefilter,285700,284324,50,/mnt/bak3/lzg/PipeANN-supersector32k-work/indexes/phaseC_cycle01_no_retrain_after_insert_super32k,ok,,,,,,152038,1,0,,experiments/pq_drift_1m_aris_main_20260522/indexes/phaseC_cycle01_no_retrain_after_insert,/mnt/bak3/lzg/PipeANN-supersector32k-work/indexes/phaseC_cycle01_no_retrain_after_insert_super32k,0.154465
prefilter,208.021654,,,,,,,,,,3000.0,,,cycle01_no_retrain_across_cycles_intersect_u3e-03,50,0-15,16,True,,0.208134,0,0,,10000,0,16,supersector32k,1000000,285568,152038,3000.0,65.845,152038,measure-dynamic-search,204.79,226.991,264.071,4096,full,4096,1000000,16,1000,285568,4804.59503,1248,285568,/mnt/bak3/lzg/PipeANN-github/build/tests/dynamic_update_suite_driver --mode measure-dynamic-search --source-prefix /mnt/bak3/lzg/PipeANN-supersector32k-work/indexes/phaseC_cycle01_no_retrain_after_insert_super32k --jsonl-output /mnt/bak3/lzg/PipeANN-github/experiments/supersector32k_packing_aris_20260523/tmp/full_cycle01_no_retrain_across_cycles_intersect_u3e-03_21.jsonl --insert-threads 16 --search-threads 1 --merge-threads 16 --build-l 220 --build-r 116 --beamwidth 4 --k 10 --cpu-cap 16 --metric l2 --route prefilter --search-l 50 --data-bin experiments/pq_drift_1m_aris_main_20260522/data/phaseC_cycle01_live_data_by_tag.bin --base-label-file experiments/pq_drift_1m_aris_main_20260522/labels/base_labels_1000000.spmat --query-bin /mnt/bak3/lzg/PipeANN-github/experiments/r116_suite_pq16_aris_20260520_072453/data/sift_query_1000.bin --truthset-bin experiments/pq_drift_1m_aris_main_20260522/truth/phaseC_cycle01_intersect_u3e-03.bin --query-label-file /mnt/bak3/lzg/PipeANN-github/experiments/r116_suite_pq16_aris_20260520_072453/labels/query_1000_u3e-03.spmat --selector-type intersect --query-limit 1000,99.71,,1.8274180889129639,taskset -c 0-15 /mnt/bak3/lzg/PipeANN-github/build/tests/dynamic_update_suite_driver --mode measure-dynamic-search --source-prefix /mnt/bak3/lzg/PipeANN-supersector32k-work/indexes/phaseC_cycle01_no_retrain_after_insert_super32k --jsonl-output /mnt/bak3/lzg/PipeANN-github/experiments/supersector32k_packing_aris_20260523/tmp/full_cycle01_no_retrain_across_cycles_intersect_u3e-03_21.jsonl --insert-threads 16 --search-threads 1 --merge-threads 16 --build-l 220 --build-r 116 --beamwidth 4 --k 10 --cpu-cap 16 --metric l2 --route prefilter --search-l 50 --data-bin experiments/pq_drift_1m_aris_main_20260522/data/phaseC_cycle01_live_data_by_tag.bin --base-label-file experiments/pq_drift_1m_aris_main_20260522/labels/base_labels_1000000.spmat --query-bin /mnt/bak3/lzg/PipeANN-github/experiments/r116_suite_pq16_aris_20260520_072453/data/sift_query_1000.bin --truthset-bin experiments/pq_drift_1m_aris_main_20260522/truth/phaseC_cycle01_intersect_u3e-03.bin --query-label-file /mnt/bak3/lzg/PipeANN-github/experiments/r116_suite_pq16_aris_20260520_072453/labels/query_1000_u3e-03.spmat --selector-type intersect --query-limit 1000,,prefilter,285568,284320,50,/mnt/bak3/lzg/PipeANN-supersector32k-work/indexes/phaseC_cycle01_no_retrain_after_insert_super32k,ok,,,,,,152038,1,0,,experiments/pq_drift_1m_aris_main_20260522/indexes/phaseC_cycle01_no_retrain_after_insert,/mnt/bak3/lzg/PipeANN-supersector32k-work/indexes/phaseC_cycle01_no_retrain_after_insert_super32k,0.208134
prefilter,422.307786,,,,,,,,,,10000.0,,,cycle01_no_retrain_across_cycles_intersect_u1e-02,75,0-15,16,True,,0.42247,0,0,,10000,0,16,supersector32k,1000000,285724,152038,10000.0,134.015,152038,measure-dynamic-search,417.451,455.239,497.313,4096,full,4096,1000000,16,1000,285724,2367.030231,1376,285724,/mnt/bak3/lzg/PipeANN-github/build/tests/dynamic_update_suite_driver --mode measure-dynamic-search --source-prefix /mnt/bak3/lzg/PipeANN-supersector32k-work/indexes/phaseC_cycle01_no_retrain_after_insert_super32k --jsonl-output /mnt/bak3/lzg/PipeANN-github/experiments/supersector32k_packing_aris_20260523/tmp/full_cycle01_no_retrain_across_cycles_intersect_u1e-02_22.jsonl --insert-threads 16 --search-threads 1 --merge-threads 16 --build-l 220 --build-r 116 --beamwidth 4 --k 10 --cpu-cap 16 --metric l2 --route prefilter --search-l 75 --data-bin experiments/pq_drift_1m_aris_main_20260522/data/phaseC_cycle01_live_data_by_tag.bin --base-label-file experiments/pq_drift_1m_aris_main_20260522/labels/base_labels_1000000.spmat --query-bin /mnt/bak3/lzg/PipeANN-github/experiments/r116_suite_pq16_aris_20260520_072453/data/sift_query_1000.bin --truthset-bin experiments/pq_drift_1m_aris_main_20260522/truth/phaseC_cycle01_intersect_u1e-02.bin --query-label-file /mnt/bak3/lzg/PipeANN-github/experiments/r116_suite_pq16_aris_20260520_072453/labels/query_1000_u1e-02.spmat --selector-type intersect --query-limit 1000,99.66,,1.9583001136779785,taskset -c 0-15 /mnt/bak3/lzg/PipeANN-github/build/tests/dynamic_update_suite_driver --mode measure-dynamic-search --source-prefix /mnt/bak3/lzg/PipeANN-supersector32k-work/indexes/phaseC_cycle01_no_retrain_after_insert_super32k --jsonl-output /mnt/bak3/lzg/PipeANN-github/experiments/supersector32k_packing_aris_20260523/tmp/full_cycle01_no_retrain_across_cycles_intersect_u1e-02_22.jsonl --insert-threads 16 --search-threads 1 --merge-threads 16 --build-l 220 --build-r 116 --beamwidth 4 --k 10 --cpu-cap 16 --metric l2 --route prefilter --search-l 75 --data-bin experiments/pq_drift_1m_aris_main_20260522/data/phaseC_cycle01_live_data_by_tag.bin --base-label-file experiments/pq_drift_1m_aris_main_20260522/labels/base_labels_1000000.spmat --query-bin /mnt/bak3/lzg/PipeANN-github/experiments/r116_suite_pq16_aris_20260520_072453/data/sift_query_1000.bin --truthset-bin experiments/pq_drift_1m_aris_main_20260522/truth/phaseC_cycle01_intersect_u1e-02.bin --query-label-file /mnt/bak3/lzg/PipeANN-github/experiments/r116_suite_pq16_aris_20260520_072453/labels/query_1000_u1e-02.spmat --selector-type intersect --query-limit 1000,,prefilter,285724,284348,75,/mnt/bak3/lzg/PipeANN-supersector32k-work/indexes/phaseC_cycle01_no_retrain_after_insert_super32k,ok,,,,,,152038,1,0,,experiments/pq_drift_1m_aris_main_20260522/indexes/phaseC_cycle01_no_retrain_after_insert,/mnt/bak3/lzg/PipeANN-supersector32k-work/indexes/phaseC_cycle01_no_retrain_after_insert_super32k,0.42247
prefilter,1149.156286,,,,,,,,,,50000.0,,,cycle01_no_retrain_across_cycles_intersect_u5e-02,75,0-15,16,True,,1.149385,0,0,,10000,0,16,supersector32k,1000000,285788,152038,50000.0,230.271,152038,measure-dynamic-search,1135.183,1216.124,1247.276,4096,full,4096,1000000,16,1000,285788,870.030805,1340,285788,/mnt/bak3/lzg/PipeANN-github/build/tests/dynamic_update_suite_driver --mode measure-dynamic-search --source-prefix /mnt/bak3/lzg/PipeANN-supersector32k-work/indexes/phaseC_cycle01_no_retrain_after_insert_super32k --jsonl-output /mnt/bak3/lzg/PipeANN-github/experiments/supersector32k_packing_aris_20260523/tmp/full_cycle01_no_retrain_across_cycles_intersect_u5e-02_23.jsonl --insert-threads 16 --search-threads 1 --merge-threads 16 --build-l 220 --build-r 116 --beamwidth 4 --k 10 --cpu-cap 16 --metric l2 --route prefilter --search-l 75 --data-bin experiments/pq_drift_1m_aris_main_20260522/data/phaseC_cycle01_live_data_by_tag.bin --base-label-file experiments/pq_drift_1m_aris_main_20260522/labels/base_labels_1000000.spmat --query-bin /mnt/bak3/lzg/PipeANN-github/experiments/r116_suite_pq16_aris_20260520_072453/data/sift_query_1000.bin --truthset-bin experiments/pq_drift_1m_aris_main_20260522/truth/phaseC_cycle01_intersect_u5e-02.bin --query-label-file /mnt/bak3/lzg/PipeANN-github/experiments/r116_suite_pq16_aris_20260520_072453/labels/query_1000_u5e-02.spmat --selector-type intersect --query-limit 1000,99.26,,2.700087070465088,taskset -c 0-15 /mnt/bak3/lzg/PipeANN-github/build/tests/dynamic_update_suite_driver --mode measure-dynamic-search --source-prefix /mnt/bak3/lzg/PipeANN-supersector32k-work/indexes/phaseC_cycle01_no_retrain_after_insert_super32k --jsonl-output /mnt/bak3/lzg/PipeANN-github/experiments/supersector32k_packing_aris_20260523/tmp/full_cycle01_no_retrain_across_cycles_intersect_u5e-02_23.jsonl --insert-threads 16 --search-threads 1 --merge-threads 16 --build-l 220 --build-r 116 --beamwidth 4 --k 10 --cpu-cap 16 --metric l2 --route prefilter --search-l 75 --data-bin experiments/pq_drift_1m_aris_main_20260522/data/phaseC_cycle01_live_data_by_tag.bin --base-label-file experiments/pq_drift_1m_aris_main_20260522/labels/base_labels_1000000.spmat --query-bin /mnt/bak3/lzg/PipeANN-github/experiments/r116_suite_pq16_aris_20260520_072453/data/sift_query_1000.bin --truthset-bin experiments/pq_drift_1m_aris_main_20260522/truth/phaseC_cycle01_intersect_u5e-02.bin --query-label-file /mnt/bak3/lzg/PipeANN-github/experiments/r116_suite_pq16_aris_20260520_072453/labels/query_1000_u5e-02.spmat --selector-type intersect --query-limit 1000,,prefilter,285788,284448,75,/mnt/bak3/lzg/PipeANN-supersector32k-work/indexes/phaseC_cycle01_no_retrain_after_insert_super32k,ok,,,,,,152038,1,0,,experiments/pq_drift_1m_aris_main_20260522/indexes/phaseC_cycle01_no_retrain_after_insert,/mnt/bak3/lzg/PipeANN-supersector32k-work/indexes/phaseC_cycle01_no_retrain_after_insert_super32k,1.149385
prefilter,1766.900564,,,,,,,,,,100000.0,,,cycle01_no_retrain_across_cycles_intersect_u1e-01,100,0-15,16,True,,1.767149,0,0,,10000,0,16,supersector32k,1000000,287892,152038,100000.0,261.51,152038,measure-dynamic-search,1732.756,1956.812,1982.43,4096,full,4096,1000000,16,1000,287892,565.883246,1300,287892,/mnt/bak3/lzg/PipeANN-github/build/tests/dynamic_update_suite_driver --mode measure-dynamic-search --source-prefix /mnt/bak3/lzg/PipeANN-supersector32k-work/indexes/phaseC_cycle01_no_retrain_after_insert_super32k --jsonl-output /mnt/bak3/lzg/PipeANN-github/experiments/supersector32k_packing_aris_20260523/tmp/full_cycle01_no_retrain_across_cycles_intersect_u1e-01_24.jsonl --insert-threads 16 --search-threads 1 --merge-threads 16 --build-l 220 --build-r 116 --beamwidth 4 --k 10 --cpu-cap 16 --metric l2 --route prefilter --search-l 100 --data-bin experiments/pq_drift_1m_aris_main_20260522/data/phaseC_cycle01_live_data_by_tag.bin --base-label-file experiments/pq_drift_1m_aris_main_20260522/labels/base_labels_1000000.spmat --query-bin /mnt/bak3/lzg/PipeANN-github/experiments/r116_suite_pq16_aris_20260520_072453/data/sift_query_1000.bin --truthset-bin experiments/pq_drift_1m_aris_main_20260522/truth/phaseC_cycle01_intersect_u1e-01.bin --query-label-file /mnt/bak3/lzg/PipeANN-github/experiments/r116_suite_pq16_aris_20260520_072453/labels/query_1000_u1e-01.spmat --selector-type intersect --query-limit 1000,98.15,,3.331239700317383,taskset -c 0-15 /mnt/bak3/lzg/PipeANN-github/build/tests/dynamic_update_suite_driver --mode measure-dynamic-search --source-prefix /mnt/bak3/lzg/PipeANN-supersector32k-work/indexes/phaseC_cycle01_no_retrain_after_insert_super32k --jsonl-output /mnt/bak3/lzg/PipeANN-github/experiments/supersector32k_packing_aris_20260523/tmp/full_cycle01_no_retrain_across_cycles_intersect_u1e-01_24.jsonl --insert-threads 16 --search-threads 1 --merge-threads 16 --build-l 220 --build-r 116 --beamwidth 4 --k 10 --cpu-cap 16 --metric l2 --route prefilter --search-l 100 --data-bin experiments/pq_drift_1m_aris_main_20260522/data/phaseC_cycle01_live_data_by_tag.bin --base-label-file experiments/pq_drift_1m_aris_main_20260522/labels/base_labels_1000000.spmat --query-bin /mnt/bak3/lzg/PipeANN-github/experiments/r116_suite_pq16_aris_20260520_072453/data/sift_query_1000.bin --truthset-bin experiments/pq_drift_1m_aris_main_20260522/truth/phaseC_cycle01_intersect_u1e-01.bin --query-label-file /mnt/bak3/lzg/PipeANN-github/experiments/r116_suite_pq16_aris_20260520_072453/labels/query_1000_u1e-01.spmat --selector-type intersect --query-limit 1000,,prefilter,287892,286592,100,/mnt/bak3/lzg/PipeANN-supersector32k-work/indexes/phaseC_cycle01_no_retrain_after_insert_super32k,ok,,,,,,152038,1,0,,experiments/pq_drift_1m_aris_main_20260522/indexes/phaseC_cycle01_no_retrain_after_insert,/mnt/bak3/lzg/PipeANN-supersector32k-work/indexes/phaseC_cycle01_no_retrain_after_insert_super32k,1.767149
prefilter,3694.830001,,,,,,,,,,250000.0,,,cycle01_no_retrain_across_cycles_intersect_u25,100,0-15,16,True,,3.695006,0,0,,10000,0,16,supersector32k,1000000,285572,152038,250000.0,398.0,152038,measure-dynamic-search,3651.191,3885.455,3932.34,4096,full,4096,1000000,16,1000,285572,270.635591,1200,285572,/mnt/bak3/lzg/PipeANN-github/build/tests/dynamic_update_suite_driver --mode measure-dynamic-search --source-prefix /mnt/bak3/lzg/PipeANN-supersector32k-work/indexes/phaseC_cycle01_no_retrain_after_insert_super32k --jsonl-output /mnt/bak3/lzg/PipeANN-github/experiments/supersector32k_packing_aris_20260523/tmp/full_cycle01_no_retrain_across_cycles_intersect_u25_25.jsonl --insert-threads 16 --search-threads 1 --merge-threads 16 --build-l 220 --build-r 116 --beamwidth 4 --k 10 --cpu-cap 16 --metric l2 --route prefilter --search-l 100 --data-bin experiments/pq_drift_1m_aris_main_20260522/data/phaseC_cycle01_live_data_by_tag.bin --base-label-file experiments/pq_drift_1m_aris_main_20260522/labels/base_labels_1000000.spmat --query-bin /mnt/bak3/lzg/PipeANN-github/experiments/r116_suite_pq16_aris_20260520_072453/data/sift_query_1000.bin --truthset-bin experiments/pq_drift_1m_aris_main_20260522/truth/phaseC_cycle01_intersect_u25.bin --query-label-file /mnt/bak3/lzg/PipeANN-github/experiments/r116_suite_pq16_aris_20260520_072453/labels/query_1000_u25.spmat --selector-type intersect --query-limit 1000,98.14,,5.2788245677948,taskset -c 0-15 /mnt/bak3/lzg/PipeANN-github/build/tests/dynamic_update_suite_driver --mode measure-dynamic-search --source-prefix /mnt/bak3/lzg/PipeANN-supersector32k-work/indexes/phaseC_cycle01_no_retrain_after_insert_super32k --jsonl-output /mnt/bak3/lzg/PipeANN-github/experiments/supersector32k_packing_aris_20260523/tmp/full_cycle01_no_retrain_across_cycles_intersect_u25_25.jsonl --insert-threads 16 --search-threads 1 --merge-threads 16 --build-l 220 --build-r 116 --beamwidth 4 --k 10 --cpu-cap 16 --metric l2 --route prefilter --search-l 100 --data-bin experiments/pq_drift_1m_aris_main_20260522/data/phaseC_cycle01_live_data_by_tag.bin --base-label-file experiments/pq_drift_1m_aris_main_20260522/labels/base_labels_1000000.spmat --query-bin /mnt/bak3/lzg/PipeANN-github/experiments/r116_suite_pq16_aris_20260520_072453/data/sift_query_1000.bin --truthset-bin experiments/pq_drift_1m_aris_main_20260522/truth/phaseC_cycle01_intersect_u25.bin --query-label-file /mnt/bak3/lzg/PipeANN-github/experiments/r116_suite_pq16_aris_20260520_072453/labels/query_1000_u25.spmat --selector-type intersect --query-limit 1000,,prefilter,261280,284372,100,/mnt/bak3/lzg/PipeANN-supersector32k-work/indexes/phaseC_cycle01_no_retrain_after_insert_super32k,ok,,,,,,152038,1,0,,experiments/pq_drift_1m_aris_main_20260522/indexes/phaseC_cycle01_no_retrain_after_insert,/mnt/bak3/lzg/PipeANN-supersector32k-work/indexes/phaseC_cycle01_no_retrain_after_insert_super32k,3.695006
prefilter,4444.787582,,,,,,,,,,300000.0,,,cycle01_no_retrain_across_cycles_intersect_u30,250,0-15,16,True,,4.445012,0,0,,10000,0,16,supersector32k,1000000,285728,152038,300000.0,444.729,152038,measure-dynamic-search,4371.127,4597.235,4635.671,4096,full,4096,1000000,16,1000,285728,224.971258,1396,285728,/mnt/bak3/lzg/PipeANN-github/build/tests/dynamic_update_suite_driver --mode measure-dynamic-search --source-prefix /mnt/bak3/lzg/PipeANN-supersector32k-work/indexes/phaseC_cycle01_no_retrain_after_insert_super32k --jsonl-output /mnt/bak3/lzg/PipeANN-github/experiments/supersector32k_packing_aris_20260523/tmp/full_cycle01_no_retrain_across_cycles_intersect_u30_26.jsonl --insert-threads 16 --search-threads 1 --merge-threads 16 --build-l 220 --build-r 116 --beamwidth 4 --k 10 --cpu-cap 16 --metric l2 --route prefilter --search-l 250 --data-bin experiments/pq_drift_1m_aris_main_20260522/data/phaseC_cycle01_live_data_by_tag.bin --base-label-file experiments/pq_drift_1m_aris_main_20260522/labels/base_labels_1000000.spmat --query-bin /mnt/bak3/lzg/PipeANN-github/experiments/r116_suite_pq16_aris_20260520_072453/data/sift_query_1000.bin --truthset-bin experiments/pq_drift_1m_aris_main_20260522/truth/phaseC_cycle01_intersect_u30.bin --query-label-file /mnt/bak3/lzg/PipeANN-github/experiments/r116_suite_pq16_aris_20260520_072453/labels/query_1000_u30.spmat --selector-type intersect --query-limit 1000,98.7,,6.058696269989014,taskset -c 0-15 /mnt/bak3/lzg/PipeANN-github/build/tests/dynamic_update_suite_driver --mode measure-dynamic-search --source-prefix /mnt/bak3/lzg/PipeANN-supersector32k-work/indexes/phaseC_cycle01_no_retrain_after_insert_super32k --jsonl-output /mnt/bak3/lzg/PipeANN-github/experiments/supersector32k_packing_aris_20260523/tmp/full_cycle01_no_retrain_across_cycles_intersect_u30_26.jsonl --insert-threads 16 --search-threads 1 --merge-threads 16 --build-l 220 --build-r 116 --beamwidth 4 --k 10 --cpu-cap 16 --metric l2 --route prefilter --search-l 250 --data-bin experiments/pq_drift_1m_aris_main_20260522/data/phaseC_cycle01_live_data_by_tag.bin --base-label-file experiments/pq_drift_1m_aris_main_20260522/labels/base_labels_1000000.spmat --query-bin /mnt/bak3/lzg/PipeANN-github/experiments/r116_suite_pq16_aris_20260520_072453/data/sift_query_1000.bin --truthset-bin experiments/pq_drift_1m_aris_main_20260522/truth/phaseC_cycle01_intersect_u30.bin --query-label-file /mnt/bak3/lzg/PipeANN-github/experiments/r116_suite_pq16_aris_20260520_072453/labels/query_1000_u30.spmat --selector-type intersect --query-limit 1000,,prefilter,285728,284332,250,/mnt/bak3/lzg/PipeANN-supersector32k-work/indexes/phaseC_cycle01_no_retrain_after_insert_super32k,ok,,,,,,152038,1,0,,experiments/pq_drift_1m_aris_main_20260522/indexes/phaseC_cycle01_no_retrain_after_insert,/mnt/bak3/lzg/PipeANN-supersector32k-work/indexes/phaseC_cycle01_no_retrain_after_insert_super32k,4.445012
prefilter,6811.97678,,,,,,,,,,500000.0,,,cycle01_no_retrain_across_cycles_intersect_u50,300,0-15,16,True,,6.812236,0,0,,10000,0,16,supersector32k,1000000,285548,152038,500000.0,628.081,152038,measure-dynamic-search,6794.479,6851.486,7012.517,4096,full,4096,1000000,16,1000,285548,146.794675,1204,285548,/mnt/bak3/lzg/PipeANN-github/build/tests/dynamic_update_suite_driver --mode measure-dynamic-search --source-prefix /mnt/bak3/lzg/PipeANN-supersector32k-work/indexes/phaseC_cycle01_no_retrain_after_insert_super32k --jsonl-output /mnt/bak3/lzg/PipeANN-github/experiments/supersector32k_packing_aris_20260523/tmp/full_cycle01_no_retrain_across_cycles_intersect_u50_27.jsonl --insert-threads 16 --search-threads 1 --merge-threads 16 --build-l 220 --build-r 116 --beamwidth 4 --k 10 --cpu-cap 16 --metric l2 --route prefilter --search-l 300 --data-bin experiments/pq_drift_1m_aris_main_20260522/data/phaseC_cycle01_live_data_by_tag.bin --base-label-file experiments/pq_drift_1m_aris_main_20260522/labels/base_labels_1000000.spmat --query-bin /mnt/bak3/lzg/PipeANN-github/experiments/r116_suite_pq16_aris_20260520_072453/data/sift_query_1000.bin --truthset-bin experiments/pq_drift_1m_aris_main_20260522/truth/phaseC_cycle01_intersect_u50.bin --query-label-file /mnt/bak3/lzg/PipeANN-github/experiments/r116_suite_pq16_aris_20260520_072453/labels/query_1000_u50.spmat --selector-type intersect --query-limit 1000,98.86,,8.39737868309021,taskset -c 0-15 /mnt/bak3/lzg/PipeANN-github/build/tests/dynamic_update_suite_driver --mode measure-dynamic-search --source-prefix /mnt/bak3/lzg/PipeANN-supersector32k-work/indexes/phaseC_cycle01_no_retrain_after_insert_super32k --jsonl-output /mnt/bak3/lzg/PipeANN-github/experiments/supersector32k_packing_aris_20260523/tmp/full_cycle01_no_retrain_across_cycles_intersect_u50_27.jsonl --insert-threads 16 --search-threads 1 --merge-threads 16 --build-l 220 --build-r 116 --beamwidth 4 --k 10 --cpu-cap 16 --metric l2 --route prefilter --search-l 300 --data-bin experiments/pq_drift_1m_aris_main_20260522/data/phaseC_cycle01_live_data_by_tag.bin --base-label-file experiments/pq_drift_1m_aris_main_20260522/labels/base_labels_1000000.spmat --query-bin /mnt/bak3/lzg/PipeANN-github/experiments/r116_suite_pq16_aris_20260520_072453/data/sift_query_1000.bin --truthset-bin experiments/pq_drift_1m_aris_main_20260522/truth/phaseC_cycle01_intersect_u50.bin --query-label-file /mnt/bak3/lzg/PipeANN-github/experiments/r116_suite_pq16_aris_20260520_072453/labels/query_1000_u50.spmat --selector-type intersect --query-limit 1000,,prefilter,285368,284344,300,/mnt/bak3/lzg/PipeANN-supersector32k-work/indexes/phaseC_cycle01_no_retrain_after_insert_super32k,ok,,,,,,152038,1,0,,experiments/pq_drift_1m_aris_main_20260522/indexes/phaseC_cycle01_no_retrain_after_insert,/mnt/bak3/lzg/PipeANN-supersector32k-work/indexes/phaseC_cycle01_no_retrain_after_insert_super32k,6.812236
graph,8938.10434,,,,,,,,,,750000.0,,,cycle01_no_retrain_across_cycles_intersect_u75,400,0-15,16,True,,8.938289,0,0,,10000,1000,16,supersector32k,1000000,296392,152038,750000.0,16.387,152038,measure-dynamic-search,8918.587,9266.984,9538.483,4096,full,4096,1000000,16,0,296392,111.878238,12168,296392,/mnt/bak3/lzg/PipeANN-github/build/tests/dynamic_update_suite_driver --mode measure-dynamic-search --source-prefix /mnt/bak3/lzg/PipeANN-supersector32k-work/indexes/phaseC_cycle01_no_retrain_after_insert_super32k --jsonl-output /mnt/bak3/lzg/PipeANN-github/experiments/supersector32k_packing_aris_20260523/tmp/full_cycle01_no_retrain_across_cycles_intersect_u75_28.jsonl --insert-threads 16 --search-threads 1 --merge-threads 16 --build-l 220 --build-r 116 --beamwidth 4 --k 10 --cpu-cap 16 --metric l2 --route graph --search-l 400 --data-bin experiments/pq_drift_1m_aris_main_20260522/data/phaseC_cycle01_live_data_by_tag.bin --base-label-file experiments/pq_drift_1m_aris_main_20260522/labels/base_labels_1000000.spmat --query-bin /mnt/bak3/lzg/PipeANN-github/experiments/r116_suite_pq16_aris_20260520_072453/data/sift_query_1000.bin --truthset-bin experiments/pq_drift_1m_aris_main_20260522/truth/phaseC_cycle01_intersect_u75.bin --query-label-file /mnt/bak3/lzg/PipeANN-github/experiments/r116_suite_pq16_aris_20260520_072453/labels/query_1000_u75.spmat --selector-type intersect --query-limit 1000,98.36,,10.541312456130981,taskset -c 0-15 /mnt/bak3/lzg/PipeANN-github/build/tests/dynamic_update_suite_driver --mode measure-dynamic-search --source-prefix /mnt/bak3/lzg/PipeANN-supersector32k-work/indexes/phaseC_cycle01_no_retrain_after_insert_super32k --jsonl-output /mnt/bak3/lzg/PipeANN-github/experiments/supersector32k_packing_aris_20260523/tmp/full_cycle01_no_retrain_across_cycles_intersect_u75_28.jsonl --insert-threads 16 --search-threads 1 --merge-threads 16 --build-l 220 --build-r 116 --beamwidth 4 --k 10 --cpu-cap 16 --metric l2 --route graph --search-l 400 --data-bin experiments/pq_drift_1m_aris_main_20260522/data/phaseC_cycle01_live_data_by_tag.bin --base-label-file experiments/pq_drift_1m_aris_main_20260522/labels/base_labels_1000000.spmat --query-bin /mnt/bak3/lzg/PipeANN-github/experiments/r116_suite_pq16_aris_20260520_072453/data/sift_query_1000.bin --truthset-bin experiments/pq_drift_1m_aris_main_20260522/truth/phaseC_cycle01_intersect_u75.bin --query-label-file /mnt/bak3/lzg/PipeANN-github/experiments/r116_suite_pq16_aris_20260520_072453/labels/query_1000_u75.spmat --selector-type intersect --query-limit 1000,,graph,296392,284224,400,/mnt/bak3/lzg/PipeANN-supersector32k-work/indexes/phaseC_cycle01_no_retrain_after_insert_super32k,ok,,,,,,152038,1,0,,experiments/pq_drift_1m_aris_main_20260522/indexes/phaseC_cycle01_no_retrain_after_insert,/mnt/bak3/lzg/PipeANN-supersector32k-work/indexes/phaseC_cycle01_no_retrain_after_insert_super32k,8.938289
graph,8916.543231,,,,,,,,,,1000000.0,,,cycle01_no_retrain_across_cycles_intersect_u100,400,0-15,16,True,,8.916715,0,0,,10000,1000,16,supersector32k,1000000,296472,152038,1000000.0,16.202,152038,measure-dynamic-search,8899.233,9252.201,9484.201,4096,full,4096,1000000,16,0,296472,112.148919,12232,296472,/mnt/bak3/lzg/PipeANN-github/build/tests/dynamic_update_suite_driver --mode measure-dynamic-search --source-prefix /mnt/bak3/lzg/PipeANN-supersector32k-work/indexes/phaseC_cycle01_no_retrain_after_insert_super32k --jsonl-output /mnt/bak3/lzg/PipeANN-github/experiments/supersector32k_packing_aris_20260523/tmp/full_cycle01_no_retrain_across_cycles_intersect_u100_29.jsonl --insert-threads 16 --search-threads 1 --merge-threads 16 --build-l 220 --build-r 116 --beamwidth 4 --k 10 --cpu-cap 16 --metric l2 --route graph --search-l 400 --data-bin experiments/pq_drift_1m_aris_main_20260522/data/phaseC_cycle01_live_data_by_tag.bin --base-label-file experiments/pq_drift_1m_aris_main_20260522/labels/base_labels_1000000.spmat --query-bin /mnt/bak3/lzg/PipeANN-github/experiments/r116_suite_pq16_aris_20260520_072453/data/sift_query_1000.bin --truthset-bin experiments/pq_drift_1m_aris_main_20260522/truth/phaseC_cycle01_intersect_u100.bin --query-label-file /mnt/bak3/lzg/PipeANN-github/experiments/r116_suite_pq16_aris_20260520_072453/labels/query_1000_u100.spmat --selector-type intersect --query-limit 1000,98.67,,10.494332075119019,taskset -c 0-15 /mnt/bak3/lzg/PipeANN-github/build/tests/dynamic_update_suite_driver --mode measure-dynamic-search --source-prefix /mnt/bak3/lzg/PipeANN-supersector32k-work/indexes/phaseC_cycle01_no_retrain_after_insert_super32k --jsonl-output /mnt/bak3/lzg/PipeANN-github/experiments/supersector32k_packing_aris_20260523/tmp/full_cycle01_no_retrain_across_cycles_intersect_u100_29.jsonl --insert-threads 16 --search-threads 1 --merge-threads 16 --build-l 220 --build-r 116 --beamwidth 4 --k 10 --cpu-cap 16 --metric l2 --route graph --search-l 400 --data-bin experiments/pq_drift_1m_aris_main_20260522/data/phaseC_cycle01_live_data_by_tag.bin --base-label-file experiments/pq_drift_1m_aris_main_20260522/labels/base_labels_1000000.spmat --query-bin /mnt/bak3/lzg/PipeANN-github/experiments/r116_suite_pq16_aris_20260520_072453/data/sift_query_1000.bin --truthset-bin experiments/pq_drift_1m_aris_main_20260522/truth/phaseC_cycle01_intersect_u100.bin --query-label-file /mnt/bak3/lzg/PipeANN-github/experiments/r116_suite_pq16_aris_20260520_072453/labels/query_1000_u100.spmat --selector-type intersect --query-limit 1000,,graph,296472,284240,400,/mnt/bak3/lzg/PipeANN-supersector32k-work/indexes/phaseC_cycle01_no_retrain_after_insert_super32k,ok,,,,,,152038,1,0,,experiments/pq_drift_1m_aris_main_20260522/indexes/phaseC_cycle01_no_retrain_after_insert,/mnt/bak3/lzg/PipeANN-supersector32k-work/indexes/phaseC_cycle01_no_retrain_after_insert_super32k,8.916715
prefilter,153.555078,,,,,,,,,,1000.0,,,cycle01_no_retrain_across_cycles_range_u1e-03,50,0-15,16,True,,0.153637,0,0,,10000,0,16,supersector32k,1000000,285704,152038,1000.0,51.915,152038,measure-dynamic-search,152.454,164.164,196.468,4096,full,4096,1000000,16,1000,285704,6508.843272,1308,285704,/mnt/bak3/lzg/PipeANN-github/build/tests/dynamic_update_suite_driver --mode measure-dynamic-search --source-prefix /mnt/bak3/lzg/PipeANN-supersector32k-work/indexes/phaseC_cycle01_no_retrain_after_insert_super32k --jsonl-output /mnt/bak3/lzg/PipeANN-github/experiments/supersector32k_packing_aris_20260523/tmp/full_cycle01_no_retrain_across_cycles_range_u1e-03_30.jsonl --insert-threads 16 --search-threads 1 --merge-threads 16 --build-l 220 --build-r 116 --beamwidth 4 --k 10 --cpu-cap 16 --metric l2 --route prefilter --search-l 50 --data-bin experiments/pq_drift_1m_aris_main_20260522/data/phaseC_cycle01_live_data_by_tag.bin --base-label-file experiments/pq_drift_1m_aris_main_20260522/labels/base_labels_1000000.spmat --query-bin /mnt/bak3/lzg/PipeANN-github/experiments/r116_suite_pq16_aris_20260520_072453/data/sift_query_1000.bin --truthset-bin experiments/pq_drift_1m_aris_main_20260522/truth/phaseC_cycle01_range_u1e-03.bin --query-label-file /mnt/bak3/lzg/PipeANN-github/experiments/r116_suite_pq16_aris_20260520_072453/labels/query_1000_range_u1e-03.spmat --selector-type range --query-limit 1000,99.94,,1.7060546875,taskset -c 0-15 /mnt/bak3/lzg/PipeANN-github/build/tests/dynamic_update_suite_driver --mode measure-dynamic-search --source-prefix /mnt/bak3/lzg/PipeANN-supersector32k-work/indexes/phaseC_cycle01_no_retrain_after_insert_super32k --jsonl-output /mnt/bak3/lzg/PipeANN-github/experiments/supersector32k_packing_aris_20260523/tmp/full_cycle01_no_retrain_across_cycles_range_u1e-03_30.jsonl --insert-threads 16 --search-threads 1 --merge-threads 16 --build-l 220 --build-r 116 --beamwidth 4 --k 10 --cpu-cap 16 --metric l2 --route prefilter --search-l 50 --data-bin experiments/pq_drift_1m_aris_main_20260522/data/phaseC_cycle01_live_data_by_tag.bin --base-label-file experiments/pq_drift_1m_aris_main_20260522/labels/base_labels_1000000.spmat --query-bin /mnt/bak3/lzg/PipeANN-github/experiments/r116_suite_pq16_aris_20260520_072453/data/sift_query_1000.bin --truthset-bin experiments/pq_drift_1m_aris_main_20260522/truth/phaseC_cycle01_range_u1e-03.bin --query-label-file /mnt/bak3/lzg/PipeANN-github/experiments/r116_suite_pq16_aris_20260520_072453/labels/query_1000_range_u1e-03.spmat --selector-type range --query-limit 1000,,prefilter,285704,284396,50,/mnt/bak3/lzg/PipeANN-supersector32k-work/indexes/phaseC_cycle01_no_retrain_after_insert_super32k,ok,,,,,,152038,1,0,,experiments/pq_drift_1m_aris_main_20260522/indexes/phaseC_cycle01_no_retrain_after_insert,/mnt/bak3/lzg/PipeANN-supersector32k-work/indexes/phaseC_cycle01_no_retrain_after_insert_super32k,0.153637
prefilter,221.296105,,,,,,,,,,3000.0,,,cycle01_no_retrain_across_cycles_range_u3e-03,100,0-15,16,True,,0.22144,0,0,,10000,0,16,supersector32k,1000000,285568,152038,3000.0,69.704,152038,measure-dynamic-search,217.406,244.126,293.532,4096,full,4096,1000000,16,1000,285568,4515.901399,1248,285568,/mnt/bak3/lzg/PipeANN-github/build/tests/dynamic_update_suite_driver --mode measure-dynamic-search --source-prefix /mnt/bak3/lzg/PipeANN-supersector32k-work/indexes/phaseC_cycle01_no_retrain_after_insert_super32k --jsonl-output /mnt/bak3/lzg/PipeANN-github/experiments/supersector32k_packing_aris_20260523/tmp/full_cycle01_no_retrain_across_cycles_range_u3e-03_31.jsonl --insert-threads 16 --search-threads 1 --merge-threads 16 --build-l 220 --build-r 116 --beamwidth 4 --k 10 --cpu-cap 16 --metric l2 --route prefilter --search-l 100 --data-bin experiments/pq_drift_1m_aris_main_20260522/data/phaseC_cycle01_live_data_by_tag.bin --base-label-file experiments/pq_drift_1m_aris_main_20260522/labels/base_labels_1000000.spmat --query-bin /mnt/bak3/lzg/PipeANN-github/experiments/r116_suite_pq16_aris_20260520_072453/data/sift_query_1000.bin --truthset-bin experiments/pq_drift_1m_aris_main_20260522/truth/phaseC_cycle01_range_u3e-03.bin --query-label-file /mnt/bak3/lzg/PipeANN-github/experiments/r116_suite_pq16_aris_20260520_072453/labels/query_1000_range_u3e-03.spmat --selector-type range --query-limit 1000,99.73,,1.7642607688903809,taskset -c 0-15 /mnt/bak3/lzg/PipeANN-github/build/tests/dynamic_update_suite_driver --mode measure-dynamic-search --source-prefix /mnt/bak3/lzg/PipeANN-supersector32k-work/indexes/phaseC_cycle01_no_retrain_after_insert_super32k --jsonl-output /mnt/bak3/lzg/PipeANN-github/experiments/supersector32k_packing_aris_20260523/tmp/full_cycle01_no_retrain_across_cycles_range_u3e-03_31.jsonl --insert-threads 16 --search-threads 1 --merge-threads 16 --build-l 220 --build-r 116 --beamwidth 4 --k 10 --cpu-cap 16 --metric l2 --route prefilter --search-l 100 --data-bin experiments/pq_drift_1m_aris_main_20260522/data/phaseC_cycle01_live_data_by_tag.bin --base-label-file experiments/pq_drift_1m_aris_main_20260522/labels/base_labels_1000000.spmat --query-bin /mnt/bak3/lzg/PipeANN-github/experiments/r116_suite_pq16_aris_20260520_072453/data/sift_query_1000.bin --truthset-bin experiments/pq_drift_1m_aris_main_20260522/truth/phaseC_cycle01_range_u3e-03.bin --query-label-file /mnt/bak3/lzg/PipeANN-github/experiments/r116_suite_pq16_aris_20260520_072453/labels/query_1000_range_u3e-03.spmat --selector-type range --query-limit 1000,,prefilter,285568,284320,100,/mnt/bak3/lzg/PipeANN-supersector32k-work/indexes/phaseC_cycle01_no_retrain_after_insert_super32k,ok,,,,,,152038,1,0,,experiments/pq_drift_1m_aris_main_20260522/indexes/phaseC_cycle01_no_retrain_after_insert,/mnt/bak3/lzg/PipeANN-supersector32k-work/indexes/phaseC_cycle01_no_retrain_after_insert_super32k,0.22144
prefilter,430.189388,,,,,,,,,,10000.0,,,cycle01_no_retrain_across_cycles_range_u1e-02,50,0-15,16,True,,0.43035,0,0,,10000,0,16,supersector32k,1000000,285580,152038,10000.0,143.233,152038,measure-dynamic-search,425.744,461.379,499.405,4096,full,4096,1000000,16,1000,285580,2323.691618,1248,285580,/mnt/bak3/lzg/PipeANN-github/build/tests/dynamic_update_suite_driver --mode measure-dynamic-search --source-prefix /mnt/bak3/lzg/PipeANN-supersector32k-work/indexes/phaseC_cycle01_no_retrain_after_insert_super32k --jsonl-output /mnt/bak3/lzg/PipeANN-github/experiments/supersector32k_packing_aris_20260523/tmp/full_cycle01_no_retrain_across_cycles_range_u1e-02_32.jsonl --insert-threads 16 --search-threads 1 --merge-threads 16 --build-l 220 --build-r 116 --beamwidth 4 --k 10 --cpu-cap 16 --metric l2 --route prefilter --search-l 50 --data-bin experiments/pq_drift_1m_aris_main_20260522/data/phaseC_cycle01_live_data_by_tag.bin --base-label-file experiments/pq_drift_1m_aris_main_20260522/labels/base_labels_1000000.spmat --query-bin /mnt/bak3/lzg/PipeANN-github/experiments/r116_suite_pq16_aris_20260520_072453/data/sift_query_1000.bin --truthset-bin experiments/pq_drift_1m_aris_main_20260522/truth/phaseC_cycle01_range_u1e-02.bin --query-label-file /mnt/bak3/lzg/PipeANN-github/experiments/r116_suite_pq16_aris_20260520_072453/labels/query_1000_range_u1e-02.spmat --selector-type range --query-limit 1000,99.66,,1.971386194229126,taskset -c 0-15 /mnt/bak3/lzg/PipeANN-github/build/tests/dynamic_update_suite_driver --mode measure-dynamic-search --source-prefix /mnt/bak3/lzg/PipeANN-supersector32k-work/indexes/phaseC_cycle01_no_retrain_after_insert_super32k --jsonl-output /mnt/bak3/lzg/PipeANN-github/experiments/supersector32k_packing_aris_20260523/tmp/full_cycle01_no_retrain_across_cycles_range_u1e-02_32.jsonl --insert-threads 16 --search-threads 1 --merge-threads 16 --build-l 220 --build-r 116 --beamwidth 4 --k 10 --cpu-cap 16 --metric l2 --route prefilter --search-l 50 --data-bin experiments/pq_drift_1m_aris_main_20260522/data/phaseC_cycle01_live_data_by_tag.bin --base-label-file experiments/pq_drift_1m_aris_main_20260522/labels/base_labels_1000000.spmat --query-bin /mnt/bak3/lzg/PipeANN-github/experiments/r116_suite_pq16_aris_20260520_072453/data/sift_query_1000.bin --truthset-bin experiments/pq_drift_1m_aris_main_20260522/truth/phaseC_cycle01_range_u1e-02.bin --query-label-file /mnt/bak3/lzg/PipeANN-github/experiments/r116_suite_pq16_aris_20260520_072453/labels/query_1000_range_u1e-02.spmat --selector-type range --query-limit 1000,,prefilter,285580,284332,50,/mnt/bak3/lzg/PipeANN-supersector32k-work/indexes/phaseC_cycle01_no_retrain_after_insert_super32k,ok,,,,,,152038,1,0,,experiments/pq_drift_1m_aris_main_20260522/indexes/phaseC_cycle01_no_retrain_after_insert,/mnt/bak3/lzg/PipeANN-supersector32k-work/indexes/phaseC_cycle01_no_retrain_after_insert_super32k,0.43035
prefilter,1162.915814,,,,,,,,,,50000.0,,,cycle01_no_retrain_across_cycles_range_u5e-02,100,0-15,16,True,,1.16314,0,0,,10000,0,16,supersector32k,1000000,285644,152038,50000.0,241.44,152038,measure-dynamic-search,1149.014,1229.49,1256.541,4096,full,4096,1000000,16,1000,285644,859.741887,1340,285644,/mnt/bak3/lzg/PipeANN-github/build/tests/dynamic_update_suite_driver --mode measure-dynamic-search --source-prefix /mnt/bak3/lzg/PipeANN-supersector32k-work/indexes/phaseC_cycle01_no_retrain_after_insert_super32k --jsonl-output /mnt/bak3/lzg/PipeANN-github/experiments/supersector32k_packing_aris_20260523/tmp/full_cycle01_no_retrain_across_cycles_range_u5e-02_33.jsonl --insert-threads 16 --search-threads 1 --merge-threads 16 --build-l 220 --build-r 116 --beamwidth 4 --k 10 --cpu-cap 16 --metric l2 --route prefilter --search-l 100 --data-bin experiments/pq_drift_1m_aris_main_20260522/data/phaseC_cycle01_live_data_by_tag.bin --base-label-file experiments/pq_drift_1m_aris_main_20260522/labels/base_labels_1000000.spmat --query-bin /mnt/bak3/lzg/PipeANN-github/experiments/r116_suite_pq16_aris_20260520_072453/data/sift_query_1000.bin --truthset-bin experiments/pq_drift_1m_aris_main_20260522/truth/phaseC_cycle01_range_u5e-02.bin --query-label-file /mnt/bak3/lzg/PipeANN-github/experiments/r116_suite_pq16_aris_20260520_072453/labels/query_1000_range_u5e-02.spmat --selector-type range --query-limit 1000,99.26,,2.7009353637695312,taskset -c 0-15 /mnt/bak3/lzg/PipeANN-github/build/tests/dynamic_update_suite_driver --mode measure-dynamic-search --source-prefix /mnt/bak3/lzg/PipeANN-supersector32k-work/indexes/phaseC_cycle01_no_retrain_after_insert_super32k --jsonl-output /mnt/bak3/lzg/PipeANN-github/experiments/supersector32k_packing_aris_20260523/tmp/full_cycle01_no_retrain_across_cycles_range_u5e-02_33.jsonl --insert-threads 16 --search-threads 1 --merge-threads 16 --build-l 220 --build-r 116 --beamwidth 4 --k 10 --cpu-cap 16 --metric l2 --route prefilter --search-l 100 --data-bin experiments/pq_drift_1m_aris_main_20260522/data/phaseC_cycle01_live_data_by_tag.bin --base-label-file experiments/pq_drift_1m_aris_main_20260522/labels/base_labels_1000000.spmat --query-bin /mnt/bak3/lzg/PipeANN-github/experiments/r116_suite_pq16_aris_20260520_072453/data/sift_query_1000.bin --truthset-bin experiments/pq_drift_1m_aris_main_20260522/truth/phaseC_cycle01_range_u5e-02.bin --query-label-file /mnt/bak3/lzg/PipeANN-github/experiments/r116_suite_pq16_aris_20260520_072453/labels/query_1000_range_u5e-02.spmat --selector-type range --query-limit 1000,,prefilter,285644,284304,100,/mnt/bak3/lzg/PipeANN-supersector32k-work/indexes/phaseC_cycle01_no_retrain_after_insert_super32k,ok,,,,,,152038,1,0,,experiments/pq_drift_1m_aris_main_20260522/indexes/phaseC_cycle01_no_retrain_after_insert,/mnt/bak3/lzg/PipeANN-supersector32k-work/indexes/phaseC_cycle01_no_retrain_after_insert_super32k,1.16314
prefilter,1774.447597,,,,,,,,,,100000.0,,,cycle01_no_retrain_across_cycles_range_u1e-01,75,0-15,16,True,,1.774661,0,0,,10000,0,16,supersector32k,1000000,285668,152038,100000.0,281.202,152038,measure-dynamic-search,1750.437,1971.799,2005.034,4096,full,4096,1000000,16,1000,285668,563.487969,1228,285668,/mnt/bak3/lzg/PipeANN-github/build/tests/dynamic_update_suite_driver --mode measure-dynamic-search --source-prefix /mnt/bak3/lzg/PipeANN-supersector32k-work/indexes/phaseC_cycle01_no_retrain_after_insert_super32k --jsonl-output /mnt/bak3/lzg/PipeANN-github/experiments/supersector32k_packing_aris_20260523/tmp/full_cycle01_no_retrain_across_cycles_range_u1e-01_34.jsonl --insert-threads 16 --search-threads 1 --merge-threads 16 --build-l 220 --build-r 116 --beamwidth 4 --k 10 --cpu-cap 16 --metric l2 --route prefilter --search-l 75 --data-bin experiments/pq_drift_1m_aris_main_20260522/data/phaseC_cycle01_live_data_by_tag.bin --base-label-file experiments/pq_drift_1m_aris_main_20260522/labels/base_labels_1000000.spmat --query-bin /mnt/bak3/lzg/PipeANN-github/experiments/r116_suite_pq16_aris_20260520_072453/data/sift_query_1000.bin --truthset-bin experiments/pq_drift_1m_aris_main_20260522/truth/phaseC_cycle01_range_u1e-01.bin --query-label-file /mnt/bak3/lzg/PipeANN-github/experiments/r116_suite_pq16_aris_20260520_072453/labels/query_1000_range_u1e-01.spmat --selector-type range --query-limit 1000,98.15,,3.3551278114318848,taskset -c 0-15 /mnt/bak3/lzg/PipeANN-github/build/tests/dynamic_update_suite_driver --mode measure-dynamic-search --source-prefix /mnt/bak3/lzg/PipeANN-supersector32k-work/indexes/phaseC_cycle01_no_retrain_after_insert_super32k --jsonl-output /mnt/bak3/lzg/PipeANN-github/experiments/supersector32k_packing_aris_20260523/tmp/full_cycle01_no_retrain_across_cycles_range_u1e-01_34.jsonl --insert-threads 16 --search-threads 1 --merge-threads 16 --build-l 220 --build-r 116 --beamwidth 4 --k 10 --cpu-cap 16 --metric l2 --route prefilter --search-l 75 --data-bin experiments/pq_drift_1m_aris_main_20260522/data/phaseC_cycle01_live_data_by_tag.bin --base-label-file experiments/pq_drift_1m_aris_main_20260522/labels/base_labels_1000000.spmat --query-bin /mnt/bak3/lzg/PipeANN-github/experiments/r116_suite_pq16_aris_20260520_072453/data/sift_query_1000.bin --truthset-bin experiments/pq_drift_1m_aris_main_20260522/truth/phaseC_cycle01_range_u1e-01.bin --query-label-file /mnt/bak3/lzg/PipeANN-github/experiments/r116_suite_pq16_aris_20260520_072453/labels/query_1000_range_u1e-01.spmat --selector-type range --query-limit 1000,,prefilter,285668,284440,75,/mnt/bak3/lzg/PipeANN-supersector32k-work/indexes/phaseC_cycle01_no_retrain_after_insert_super32k,ok,,,,,,152038,1,0,,experiments/pq_drift_1m_aris_main_20260522/indexes/phaseC_cycle01_no_retrain_after_insert,/mnt/bak3/lzg/PipeANN-supersector32k-work/indexes/phaseC_cycle01_no_retrain_after_insert_super32k,1.774661
prefilter,3799.011688,,,,,,,,,,250000.0,,,cycle01_no_retrain_across_cycles_range_u25,75,0-15,16,True,,3.799242,0,0,,10000,0,16,supersector32k,1000000,285624,152038,250000.0,423.293,152038,measure-dynamic-search,3719.756,3942.906,3970.712,4096,full,4096,1000000,16,1000,285624,263.210389,1328,285624,/mnt/bak3/lzg/PipeANN-github/build/tests/dynamic_update_suite_driver --mode measure-dynamic-search --source-prefix /mnt/bak3/lzg/PipeANN-supersector32k-work/indexes/phaseC_cycle01_no_retrain_after_insert_super32k --jsonl-output /mnt/bak3/lzg/PipeANN-github/experiments/supersector32k_packing_aris_20260523/tmp/full_cycle01_no_retrain_across_cycles_range_u25_35.jsonl --insert-threads 16 --search-threads 1 --merge-threads 16 --build-l 220 --build-r 116 --beamwidth 4 --k 10 --cpu-cap 16 --metric l2 --route prefilter --search-l 75 --data-bin experiments/pq_drift_1m_aris_main_20260522/data/phaseC_cycle01_live_data_by_tag.bin --base-label-file experiments/pq_drift_1m_aris_main_20260522/labels/base_labels_1000000.spmat --query-bin /mnt/bak3/lzg/PipeANN-github/experiments/r116_suite_pq16_aris_20260520_072453/data/sift_query_1000.bin --truthset-bin experiments/pq_drift_1m_aris_main_20260522/truth/phaseC_cycle01_range_u25.bin --query-label-file /mnt/bak3/lzg/PipeANN-github/experiments/r116_suite_pq16_aris_20260520_072453/labels/query_1000_range_u25.spmat --selector-type range --query-limit 1000,98.14,,5.375409126281738,taskset -c 0-15 /mnt/bak3/lzg/PipeANN-github/build/tests/dynamic_update_suite_driver --mode measure-dynamic-search --source-prefix /mnt/bak3/lzg/PipeANN-supersector32k-work/indexes/phaseC_cycle01_no_retrain_after_insert_super32k --jsonl-output /mnt/bak3/lzg/PipeANN-github/experiments/supersector32k_packing_aris_20260523/tmp/full_cycle01_no_retrain_across_cycles_range_u25_35.jsonl --insert-threads 16 --search-threads 1 --merge-threads 16 --build-l 220 --build-r 116 --beamwidth 4 --k 10 --cpu-cap 16 --metric l2 --route prefilter --search-l 75 --data-bin experiments/pq_drift_1m_aris_main_20260522/data/phaseC_cycle01_live_data_by_tag.bin --base-label-file experiments/pq_drift_1m_aris_main_20260522/labels/base_labels_1000000.spmat --query-bin /mnt/bak3/lzg/PipeANN-github/experiments/r116_suite_pq16_aris_20260520_072453/data/sift_query_1000.bin --truthset-bin experiments/pq_drift_1m_aris_main_20260522/truth/phaseC_cycle01_range_u25.bin --query-label-file /mnt/bak3/lzg/PipeANN-github/experiments/r116_suite_pq16_aris_20260520_072453/labels/query_1000_range_u25.spmat --selector-type range --query-limit 1000,,prefilter,261228,284296,75,/mnt/bak3/lzg/PipeANN-supersector32k-work/indexes/phaseC_cycle01_no_retrain_after_insert_super32k,ok,,,,,,152038,1,0,,experiments/pq_drift_1m_aris_main_20260522/indexes/phaseC_cycle01_no_retrain_after_insert,/mnt/bak3/lzg/PipeANN-supersector32k-work/indexes/phaseC_cycle01_no_retrain_after_insert_super32k,3.799242
prefilter,4511.396326,,,,,,,,,,300000.0,,,cycle01_no_retrain_across_cycles_range_u30,250,0-15,16,True,,4.511579,0,0,,10000,0,16,supersector32k,1000000,285616,152038,300000.0,476.619,152038,measure-dynamic-search,4449.368,4692.518,4735.348,4096,full,4096,1000000,16,1000,285616,221.651881,1268,285616,/mnt/bak3/lzg/PipeANN-github/build/tests/dynamic_update_suite_driver --mode measure-dynamic-search --source-prefix /mnt/bak3/lzg/PipeANN-supersector32k-work/indexes/phaseC_cycle01_no_retrain_after_insert_super32k --jsonl-output /mnt/bak3/lzg/PipeANN-github/experiments/supersector32k_packing_aris_20260523/tmp/full_cycle01_no_retrain_across_cycles_range_u30_36.jsonl --insert-threads 16 --search-threads 1 --merge-threads 16 --build-l 220 --build-r 116 --beamwidth 4 --k 10 --cpu-cap 16 --metric l2 --route prefilter --search-l 250 --data-bin experiments/pq_drift_1m_aris_main_20260522/data/phaseC_cycle01_live_data_by_tag.bin --base-label-file experiments/pq_drift_1m_aris_main_20260522/labels/base_labels_1000000.spmat --query-bin /mnt/bak3/lzg/PipeANN-github/experiments/r116_suite_pq16_aris_20260520_072453/data/sift_query_1000.bin --truthset-bin experiments/pq_drift_1m_aris_main_20260522/truth/phaseC_cycle01_range_u30.bin --query-label-file /mnt/bak3/lzg/PipeANN-github/experiments/r116_suite_pq16_aris_20260520_072453/labels/query_1000_range_u30.spmat --selector-type range --query-limit 1000,98.7,,6.090863943099976,taskset -c 0-15 /mnt/bak3/lzg/PipeANN-github/build/tests/dynamic_update_suite_driver --mode measure-dynamic-search --source-prefix /mnt/bak3/lzg/PipeANN-supersector32k-work/indexes/phaseC_cycle01_no_retrain_after_insert_super32k --jsonl-output /mnt/bak3/lzg/PipeANN-github/experiments/supersector32k_packing_aris_20260523/tmp/full_cycle01_no_retrain_across_cycles_range_u30_36.jsonl --insert-threads 16 --search-threads 1 --merge-threads 16 --build-l 220 --build-r 116 --beamwidth 4 --k 10 --cpu-cap 16 --metric l2 --route prefilter --search-l 250 --data-bin experiments/pq_drift_1m_aris_main_20260522/data/phaseC_cycle01_live_data_by_tag.bin --base-label-file experiments/pq_drift_1m_aris_main_20260522/labels/base_labels_1000000.spmat --query-bin /mnt/bak3/lzg/PipeANN-github/experiments/r116_suite_pq16_aris_20260520_072453/data/sift_query_1000.bin --truthset-bin experiments/pq_drift_1m_aris_main_20260522/truth/phaseC_cycle01_range_u30.bin --query-label-file /mnt/bak3/lzg/PipeANN-github/experiments/r116_suite_pq16_aris_20260520_072453/labels/query_1000_range_u30.spmat --selector-type range --query-limit 1000,,prefilter,285616,284348,250,/mnt/bak3/lzg/PipeANN-supersector32k-work/indexes/phaseC_cycle01_no_retrain_after_insert_super32k,ok,,,,,,152038,1,0,,experiments/pq_drift_1m_aris_main_20260522/indexes/phaseC_cycle01_no_retrain_after_insert,/mnt/bak3/lzg/PipeANN-supersector32k-work/indexes/phaseC_cycle01_no_retrain_after_insert_super32k,4.511579
prefilter,7672.308294,,,,,,,,,,500000.0,,,cycle01_no_retrain_across_cycles_range_u50,300,0-15,16,True,,7.672629,0,0,,10000,0,16,supersector32k,1000000,285516,152038,500000.0,735.796,152038,measure-dynamic-search,6857.597,9880.347,10164.304,4096,full,4096,1000000,16,1000,285516,130.333427,1228,285516,/mnt/bak3/lzg/PipeANN-github/build/tests/dynamic_update_suite_driver --mode measure-dynamic-search --source-prefix /mnt/bak3/lzg/PipeANN-supersector32k-work/indexes/phaseC_cycle01_no_retrain_after_insert_super32k --jsonl-output /mnt/bak3/lzg/PipeANN-github/experiments/supersector32k_packing_aris_20260523/tmp/full_cycle01_no_retrain_across_cycles_range_u50_37.jsonl --insert-threads 16 --search-threads 1 --merge-threads 16 --build-l 220 --build-r 116 --beamwidth 4 --k 10 --cpu-cap 16 --metric l2 --route prefilter --search-l 300 --data-bin experiments/pq_drift_1m_aris_main_20260522/data/phaseC_cycle01_live_data_by_tag.bin --base-label-file experiments/pq_drift_1m_aris_main_20260522/labels/base_labels_1000000.spmat --query-bin /mnt/bak3/lzg/PipeANN-github/experiments/r116_suite_pq16_aris_20260520_072453/data/sift_query_1000.bin --truthset-bin experiments/pq_drift_1m_aris_main_20260522/truth/phaseC_cycle01_range_u50.bin --query-label-file /mnt/bak3/lzg/PipeANN-github/experiments/r116_suite_pq16_aris_20260520_072453/labels/query_1000_range_u50.spmat --selector-type range --query-limit 1000,98.86,,9.381853103637695,taskset -c 0-15 /mnt/bak3/lzg/PipeANN-github/build/tests/dynamic_update_suite_driver --mode measure-dynamic-search --source-prefix /mnt/bak3/lzg/PipeANN-supersector32k-work/indexes/phaseC_cycle01_no_retrain_after_insert_super32k --jsonl-output /mnt/bak3/lzg/PipeANN-github/experiments/supersector32k_packing_aris_20260523/tmp/full_cycle01_no_retrain_across_cycles_range_u50_37.jsonl --insert-threads 16 --search-threads 1 --merge-threads 16 --build-l 220 --build-r 116 --beamwidth 4 --k 10 --cpu-cap 16 --metric l2 --route prefilter --search-l 300 --data-bin experiments/pq_drift_1m_aris_main_20260522/data/phaseC_cycle01_live_data_by_tag.bin --base-label-file experiments/pq_drift_1m_aris_main_20260522/labels/base_labels_1000000.spmat --query-bin /mnt/bak3/lzg/PipeANN-github/experiments/r116_suite_pq16_aris_20260520_072453/data/sift_query_1000.bin --truthset-bin experiments/pq_drift_1m_aris_main_20260522/truth/phaseC_cycle01_range_u50.bin --query-label-file /mnt/bak3/lzg/PipeANN-github/experiments/r116_suite_pq16_aris_20260520_072453/labels/query_1000_range_u50.spmat --selector-type range --query-limit 1000,,prefilter,285336,284288,300,/mnt/bak3/lzg/PipeANN-supersector32k-work/indexes/phaseC_cycle01_no_retrain_after_insert_super32k,ok,,,,,,152038,1,0,,experiments/pq_drift_1m_aris_main_20260522/indexes/phaseC_cycle01_no_retrain_after_insert,/mnt/bak3/lzg/PipeANN-supersector32k-work/indexes/phaseC_cycle01_no_retrain_after_insert_super32k,7.672629
mixed,8807.861335,,,,,,,,,,750000.0,,,cycle01_no_retrain_across_cycles_range_u75,400,0-15,16,True,,8.80805,0,1000,,10000,0,16,supersector32k,1000000,296584,152038,750000.0,57.731,152038,measure-dynamic-search,8795.123,9129.693,9466.433,4096,full,4096,1000000,16,0,296584,113.532513,12264,296584,/mnt/bak3/lzg/PipeANN-github/build/tests/dynamic_update_suite_driver --mode measure-dynamic-search --source-prefix /mnt/bak3/lzg/PipeANN-supersector32k-work/indexes/phaseC_cycle01_no_retrain_after_insert_super32k --jsonl-output /mnt/bak3/lzg/PipeANN-github/experiments/supersector32k_packing_aris_20260523/tmp/full_cycle01_no_retrain_across_cycles_range_u75_38.jsonl --insert-threads 16 --search-threads 1 --merge-threads 16 --build-l 220 --build-r 116 --beamwidth 4 --k 10 --cpu-cap 16 --metric l2 --route graph --search-l 400 --data-bin experiments/pq_drift_1m_aris_main_20260522/data/phaseC_cycle01_live_data_by_tag.bin --base-label-file experiments/pq_drift_1m_aris_main_20260522/labels/base_labels_1000000.spmat --query-bin /mnt/bak3/lzg/PipeANN-github/experiments/r116_suite_pq16_aris_20260520_072453/data/sift_query_1000.bin --truthset-bin experiments/pq_drift_1m_aris_main_20260522/truth/phaseC_cycle01_range_u75.bin --query-label-file /mnt/bak3/lzg/PipeANN-github/experiments/r116_suite_pq16_aris_20260520_072453/labels/query_1000_range_u75.spmat --selector-type range --query-limit 1000,98.36,,10.886386156082153,taskset -c 0-15 /mnt/bak3/lzg/PipeANN-github/build/tests/dynamic_update_suite_driver --mode measure-dynamic-search --source-prefix /mnt/bak3/lzg/PipeANN-supersector32k-work/indexes/phaseC_cycle01_no_retrain_after_insert_super32k --jsonl-output /mnt/bak3/lzg/PipeANN-github/experiments/supersector32k_packing_aris_20260523/tmp/full_cycle01_no_retrain_across_cycles_range_u75_38.jsonl --insert-threads 16 --search-threads 1 --merge-threads 16 --build-l 220 --build-r 116 --beamwidth 4 --k 10 --cpu-cap 16 --metric l2 --route graph --search-l 400 --data-bin experiments/pq_drift_1m_aris_main_20260522/data/phaseC_cycle01_live_data_by_tag.bin --base-label-file experiments/pq_drift_1m_aris_main_20260522/labels/base_labels_1000000.spmat --query-bin /mnt/bak3/lzg/PipeANN-github/experiments/r116_suite_pq16_aris_20260520_072453/data/sift_query_1000.bin --truthset-bin experiments/pq_drift_1m_aris_main_20260522/truth/phaseC_cycle01_range_u75.bin --query-label-file /mnt/bak3/lzg/PipeANN-github/experiments/r116_suite_pq16_aris_20260520_072453/labels/query_1000_range_u75.spmat --selector-type range --query-limit 1000,,graph,296584,284320,400,/mnt/bak3/lzg/PipeANN-supersector32k-work/indexes/phaseC_cycle01_no_retrain_after_insert_super32k,ok,,,,,,152038,1,0,,experiments/pq_drift_1m_aris_main_20260522/indexes/phaseC_cycle01_no_retrain_after_insert,/mnt/bak3/lzg/PipeANN-supersector32k-work/indexes/phaseC_cycle01_no_retrain_after_insert_super32k,8.80805
mixed,9083.349579,,,,,,,,,,1000000.0,,,cycle01_no_retrain_across_cycles_range_u100,400,0-15,16,True,,9.083564,0,1000,,10000,0,16,supersector32k,1000000,296516,152038,1000000.0,69.014,152038,measure-dynamic-search,9007.716,9641.583,10288.95,4096,full,4096,1000000,16,0,296516,110.088949,12224,296516,/mnt/bak3/lzg/PipeANN-github/build/tests/dynamic_update_suite_driver --mode measure-dynamic-search --source-prefix /mnt/bak3/lzg/PipeANN-supersector32k-work/indexes/phaseC_cycle01_no_retrain_after_insert_super32k --jsonl-output /mnt/bak3/lzg/PipeANN-github/experiments/supersector32k_packing_aris_20260523/tmp/full_cycle01_no_retrain_across_cycles_range_u100_39.jsonl --insert-threads 16 --search-threads 1 --merge-threads 16 --build-l 220 --build-r 116 --beamwidth 4 --k 10 --cpu-cap 16 --metric l2 --route graph --search-l 400 --data-bin experiments/pq_drift_1m_aris_main_20260522/data/phaseC_cycle01_live_data_by_tag.bin --base-label-file experiments/pq_drift_1m_aris_main_20260522/labels/base_labels_1000000.spmat --query-bin /mnt/bak3/lzg/PipeANN-github/experiments/r116_suite_pq16_aris_20260520_072453/data/sift_query_1000.bin --truthset-bin experiments/pq_drift_1m_aris_main_20260522/truth/phaseC_cycle01_range_u100.bin --query-label-file /mnt/bak3/lzg/PipeANN-github/experiments/r116_suite_pq16_aris_20260520_072453/labels/query_1000_range_u100.spmat --selector-type range --query-limit 1000,98.67,,11.502384424209595,taskset -c 0-15 /mnt/bak3/lzg/PipeANN-github/build/tests/dynamic_update_suite_driver --mode measure-dynamic-search --source-prefix /mnt/bak3/lzg/PipeANN-supersector32k-work/indexes/phaseC_cycle01_no_retrain_after_insert_super32k --jsonl-output /mnt/bak3/lzg/PipeANN-github/experiments/supersector32k_packing_aris_20260523/tmp/full_cycle01_no_retrain_across_cycles_range_u100_39.jsonl --insert-threads 16 --search-threads 1 --merge-threads 16 --build-l 220 --build-r 116 --beamwidth 4 --k 10 --cpu-cap 16 --metric l2 --route graph --search-l 400 --data-bin experiments/pq_drift_1m_aris_main_20260522/data/phaseC_cycle01_live_data_by_tag.bin --base-label-file experiments/pq_drift_1m_aris_main_20260522/labels/base_labels_1000000.spmat --query-bin /mnt/bak3/lzg/PipeANN-github/experiments/r116_suite_pq16_aris_20260520_072453/data/sift_query_1000.bin --truthset-bin experiments/pq_drift_1m_aris_main_20260522/truth/phaseC_cycle01_range_u100.bin --query-label-file /mnt/bak3/lzg/PipeANN-github/experiments/r116_suite_pq16_aris_20260520_072453/labels/query_1000_range_u100.spmat --selector-type range --query-limit 1000,,graph,296516,284292,400,/mnt/bak3/lzg/PipeANN-supersector32k-work/indexes/phaseC_cycle01_no_retrain_after_insert_super32k,ok,,,,,,152038,1,0,,experiments/pq_drift_1m_aris_main_20260522/indexes/phaseC_cycle01_no_retrain_after_insert,/mnt/bak3/lzg/PipeANN-supersector32k-work/indexes/phaseC_cycle01_no_retrain_after_insert_super32k,9.083564
prefilter,185.902627,,,,,,,,,,1000.0,,,cycle02_retrain_each_cycle_intersect_u1e-03,50,0-15,16,True,,0.186003,0,0,,10000,0,16,supersector32k,1000000,281592,104604,1000.0,69.069,104604,measure-dynamic-search,184.259,198.609,219.913,4096,full,4096,1000000,16,1000,281592,5376.266477,984,281592,/mnt/bak3/lzg/PipeANN-github/build/tests/dynamic_update_suite_driver --mode measure-dynamic-search --source-prefix /mnt/bak3/lzg/PipeANN-supersector32k-work/indexes/phaseC_cycle02_retrain_each_cycle_super32k --jsonl-output /mnt/bak3/lzg/PipeANN-github/experiments/supersector32k_packing_aris_20260523/tmp/full_cycle02_retrain_each_cycle_intersect_u1e-03_40.jsonl --insert-threads 16 --search-threads 1 --merge-threads 16 --build-l 220 --build-r 116 --beamwidth 4 --k 10 --cpu-cap 16 --metric l2 --route prefilter --search-l 50 --data-bin experiments/pq_drift_1m_aris_main_20260522/data/phaseC_cycle02_live_data_by_tag.bin --base-label-file experiments/pq_drift_1m_aris_main_20260522/labels/base_labels_1000000.spmat --query-bin /mnt/bak3/lzg/PipeANN-github/experiments/r116_suite_pq16_aris_20260520_072453/data/sift_query_1000.bin --truthset-bin experiments/pq_drift_1m_aris_main_20260522/truth/phaseC_cycle02_intersect_u1e-03.bin --query-label-file /mnt/bak3/lzg/PipeANN-github/experiments/r116_suite_pq16_aris_20260520_072453/labels/query_1000_u1e-03.spmat --selector-type intersect --query-limit 1000,99.86,,1.7499334812164307,taskset -c 0-15 /mnt/bak3/lzg/PipeANN-github/build/tests/dynamic_update_suite_driver --mode measure-dynamic-search --source-prefix /mnt/bak3/lzg/PipeANN-supersector32k-work/indexes/phaseC_cycle02_retrain_each_cycle_super32k --jsonl-output /mnt/bak3/lzg/PipeANN-github/experiments/supersector32k_packing_aris_20260523/tmp/full_cycle02_retrain_each_cycle_intersect_u1e-03_40.jsonl --insert-threads 16 --search-threads 1 --merge-threads 16 --build-l 220 --build-r 116 --beamwidth 4 --k 10 --cpu-cap 16 --metric l2 --route prefilter --search-l 50 --data-bin experiments/pq_drift_1m_aris_main_20260522/data/phaseC_cycle02_live_data_by_tag.bin --base-label-file experiments/pq_drift_1m_aris_main_20260522/labels/base_labels_1000000.spmat --query-bin /mnt/bak3/lzg/PipeANN-github/experiments/r116_suite_pq16_aris_20260520_072453/data/sift_query_1000.bin --truthset-bin experiments/pq_drift_1m_aris_main_20260522/truth/phaseC_cycle02_intersect_u1e-03.bin --query-label-file /mnt/bak3/lzg/PipeANN-github/experiments/r116_suite_pq16_aris_20260520_072453/labels/query_1000_u1e-03.spmat --selector-type intersect --query-limit 1000,,prefilter,281592,280608,50,/mnt/bak3/lzg/PipeANN-supersector32k-work/indexes/phaseC_cycle02_retrain_each_cycle_super32k,ok,,,,,,104604,1,0,,experiments/pq_drift_1m_aris_main_20260522/indexes/phaseC_cycle02_retrain_each_cycle,/mnt/bak3/lzg/PipeANN-supersector32k-work/indexes/phaseC_cycle02_retrain_each_cycle_super32k,0.186003
prefilter,178.450806,,,,,,,,,,3000.0,,,cycle02_retrain_each_cycle_intersect_u3e-03,75,0-15,16,True,,0.178512,0,0,,10000,0,16,supersector32k,1000000,283796,104604,3000.0,52.536,104604,measure-dynamic-search,176.944,186.755,204.121,4096,full,4096,1000000,16,1000,283796,5601.878422,1368,283796,/mnt/bak3/lzg/PipeANN-github/build/tests/dynamic_update_suite_driver --mode measure-dynamic-search --source-prefix /mnt/bak3/lzg/PipeANN-supersector32k-work/indexes/phaseC_cycle02_retrain_each_cycle_super32k --jsonl-output /mnt/bak3/lzg/PipeANN-github/experiments/supersector32k_packing_aris_20260523/tmp/full_cycle02_retrain_each_cycle_intersect_u3e-03_41.jsonl --insert-threads 16 --search-threads 1 --merge-threads 16 --build-l 220 --build-r 116 --beamwidth 4 --k 10 --cpu-cap 16 --metric l2 --route prefilter --search-l 75 --data-bin experiments/pq_drift_1m_aris_main_20260522/data/phaseC_cycle02_live_data_by_tag.bin --base-label-file experiments/pq_drift_1m_aris_main_20260522/labels/base_labels_1000000.spmat --query-bin /mnt/bak3/lzg/PipeANN-github/experiments/r116_suite_pq16_aris_20260520_072453/data/sift_query_1000.bin --truthset-bin experiments/pq_drift_1m_aris_main_20260522/truth/phaseC_cycle02_intersect_u3e-03.bin --query-label-file /mnt/bak3/lzg/PipeANN-github/experiments/r116_suite_pq16_aris_20260520_072453/labels/query_1000_u3e-03.spmat --selector-type intersect --query-limit 1000,99.67,,1.5413453578948975,taskset -c 0-15 /mnt/bak3/lzg/PipeANN-github/build/tests/dynamic_update_suite_driver --mode measure-dynamic-search --source-prefix /mnt/bak3/lzg/PipeANN-supersector32k-work/indexes/phaseC_cycle02_retrain_each_cycle_super32k --jsonl-output /mnt/bak3/lzg/PipeANN-github/experiments/supersector32k_packing_aris_20260523/tmp/full_cycle02_retrain_each_cycle_intersect_u3e-03_41.jsonl --insert-threads 16 --search-threads 1 --merge-threads 16 --build-l 220 --build-r 116 --beamwidth 4 --k 10 --cpu-cap 16 --metric l2 --route prefilter --search-l 75 --data-bin experiments/pq_drift_1m_aris_main_20260522/data/phaseC_cycle02_live_data_by_tag.bin --base-label-file experiments/pq_drift_1m_aris_main_20260522/labels/base_labels_1000000.spmat --query-bin /mnt/bak3/lzg/PipeANN-github/experiments/r116_suite_pq16_aris_20260520_072453/data/sift_query_1000.bin --truthset-bin experiments/pq_drift_1m_aris_main_20260522/truth/phaseC_cycle02_intersect_u3e-03.bin --query-label-file /mnt/bak3/lzg/PipeANN-github/experiments/r116_suite_pq16_aris_20260520_072453/labels/query_1000_u3e-03.spmat --selector-type intersect --query-limit 1000,,prefilter,283796,282428,75,/mnt/bak3/lzg/PipeANN-supersector32k-work/indexes/phaseC_cycle02_retrain_each_cycle_super32k,ok,,,,,,104604,1,0,,experiments/pq_drift_1m_aris_main_20260522/indexes/phaseC_cycle02_retrain_each_cycle,/mnt/bak3/lzg/PipeANN-supersector32k-work/indexes/phaseC_cycle02_retrain_each_cycle_super32k,0.178512
prefilter,312.705464,,,,,,,,,,10000.0,,,cycle02_retrain_each_cycle_intersect_u1e-02,50,0-15,16,True,,0.312797,0,0,,10000,0,16,supersector32k,1000000,281600,104604,10000.0,58.825,104604,measure-dynamic-search,309.812,330.691,366.133,4096,full,4096,1000000,16,1000,281600,3196.966023,984,281600,/mnt/bak3/lzg/PipeANN-github/build/tests/dynamic_update_suite_driver --mode measure-dynamic-search --source-prefix /mnt/bak3/lzg/PipeANN-supersector32k-work/indexes/phaseC_cycle02_retrain_each_cycle_super32k --jsonl-output /mnt/bak3/lzg/PipeANN-github/experiments/supersector32k_packing_aris_20260523/tmp/full_cycle02_retrain_each_cycle_intersect_u1e-02_42.jsonl --insert-threads 16 --search-threads 1 --merge-threads 16 --build-l 220 --build-r 116 --beamwidth 4 --k 10 --cpu-cap 16 --metric l2 --route prefilter --search-l 50 --data-bin experiments/pq_drift_1m_aris_main_20260522/data/phaseC_cycle02_live_data_by_tag.bin --base-label-file experiments/pq_drift_1m_aris_main_20260522/labels/base_labels_1000000.spmat --query-bin /mnt/bak3/lzg/PipeANN-github/experiments/r116_suite_pq16_aris_20260520_072453/data/sift_query_1000.bin --truthset-bin experiments/pq_drift_1m_aris_main_20260522/truth/phaseC_cycle02_intersect_u1e-02.bin --query-label-file /mnt/bak3/lzg/PipeANN-github/experiments/r116_suite_pq16_aris_20260520_072453/labels/query_1000_u1e-02.spmat --selector-type intersect --query-limit 1000,99.65,,1.5846731662750244,taskset -c 0-15 /mnt/bak3/lzg/PipeANN-github/build/tests/dynamic_update_suite_driver --mode measure-dynamic-search --source-prefix /mnt/bak3/lzg/PipeANN-supersector32k-work/indexes/phaseC_cycle02_retrain_each_cycle_super32k --jsonl-output /mnt/bak3/lzg/PipeANN-github/experiments/supersector32k_packing_aris_20260523/tmp/full_cycle02_retrain_each_cycle_intersect_u1e-02_42.jsonl --insert-threads 16 --search-threads 1 --merge-threads 16 --build-l 220 --build-r 116 --beamwidth 4 --k 10 --cpu-cap 16 --metric l2 --route prefilter --search-l 50 --data-bin experiments/pq_drift_1m_aris_main_20260522/data/phaseC_cycle02_live_data_by_tag.bin --base-label-file experiments/pq_drift_1m_aris_main_20260522/labels/base_labels_1000000.spmat --query-bin /mnt/bak3/lzg/PipeANN-github/experiments/r116_suite_pq16_aris_20260520_072453/data/sift_query_1000.bin --truthset-bin experiments/pq_drift_1m_aris_main_20260522/truth/phaseC_cycle02_intersect_u1e-02.bin --query-label-file /mnt/bak3/lzg/PipeANN-github/experiments/r116_suite_pq16_aris_20260520_072453/labels/query_1000_u1e-02.spmat --selector-type intersect --query-limit 1000,,prefilter,281600,280616,50,/mnt/bak3/lzg/PipeANN-supersector32k-work/indexes/phaseC_cycle02_retrain_each_cycle_super32k,ok,,,,,,104604,1,0,,experiments/pq_drift_1m_aris_main_20260522/indexes/phaseC_cycle02_retrain_each_cycle,/mnt/bak3/lzg/PipeANN-supersector32k-work/indexes/phaseC_cycle02_retrain_each_cycle_super32k,0.312797
prefilter,901.490739,,,,,,,,,,50000.0,,,cycle02_retrain_each_cycle_intersect_u5e-02,50,0-15,16,True,,0.901613,0,0,,10000,0,16,supersector32k,1000000,281568,104604,50000.0,101.755,104604,measure-dynamic-search,903.481,974.384,1019.223,4096,full,4096,1000000,16,1000,281568,1109.123682,1044,281568,/mnt/bak3/lzg/PipeANN-github/build/tests/dynamic_update_suite_driver --mode measure-dynamic-search --source-prefix /mnt/bak3/lzg/PipeANN-supersector32k-work/indexes/phaseC_cycle02_retrain_each_cycle_super32k --jsonl-output /mnt/bak3/lzg/PipeANN-github/experiments/supersector32k_packing_aris_20260523/tmp/full_cycle02_retrain_each_cycle_intersect_u5e-02_43.jsonl --insert-threads 16 --search-threads 1 --merge-threads 16 --build-l 220 --build-r 116 --beamwidth 4 --k 10 --cpu-cap 16 --metric l2 --route prefilter --search-l 50 --data-bin experiments/pq_drift_1m_aris_main_20260522/data/phaseC_cycle02_live_data_by_tag.bin --base-label-file experiments/pq_drift_1m_aris_main_20260522/labels/base_labels_1000000.spmat --query-bin /mnt/bak3/lzg/PipeANN-github/experiments/r116_suite_pq16_aris_20260520_072453/data/sift_query_1000.bin --truthset-bin experiments/pq_drift_1m_aris_main_20260522/truth/phaseC_cycle02_intersect_u5e-02.bin --query-label-file /mnt/bak3/lzg/PipeANN-github/experiments/r116_suite_pq16_aris_20260520_072453/labels/query_1000_u5e-02.spmat --selector-type intersect --query-limit 1000,99.28,,2.1782469749450684,taskset -c 0-15 /mnt/bak3/lzg/PipeANN-github/build/tests/dynamic_update_suite_driver --mode measure-dynamic-search --source-prefix /mnt/bak3/lzg/PipeANN-supersector32k-work/indexes/phaseC_cycle02_retrain_each_cycle_super32k --jsonl-output /mnt/bak3/lzg/PipeANN-github/experiments/supersector32k_packing_aris_20260523/tmp/full_cycle02_retrain_each_cycle_intersect_u5e-02_43.jsonl --insert-threads 16 --search-threads 1 --merge-threads 16 --build-l 220 --build-r 116 --beamwidth 4 --k 10 --cpu-cap 16 --metric l2 --route prefilter --search-l 50 --data-bin experiments/pq_drift_1m_aris_main_20260522/data/phaseC_cycle02_live_data_by_tag.bin --base-label-file experiments/pq_drift_1m_aris_main_20260522/labels/base_labels_1000000.spmat --query-bin /mnt/bak3/lzg/PipeANN-github/experiments/r116_suite_pq16_aris_20260520_072453/data/sift_query_1000.bin --truthset-bin experiments/pq_drift_1m_aris_main_20260522/truth/phaseC_cycle02_intersect_u5e-02.bin --query-label-file /mnt/bak3/lzg/PipeANN-github/experiments/r116_suite_pq16_aris_20260520_072453/labels/query_1000_u5e-02.spmat --selector-type intersect --query-limit 1000,,prefilter,281568,280524,50,/mnt/bak3/lzg/PipeANN-supersector32k-work/indexes/phaseC_cycle02_retrain_each_cycle_super32k,ok,,,,,,104604,1,0,,experiments/pq_drift_1m_aris_main_20260522/indexes/phaseC_cycle02_retrain_each_cycle,/mnt/bak3/lzg/PipeANN-supersector32k-work/indexes/phaseC_cycle02_retrain_each_cycle_super32k,0.901613
prefilter,1592.119561,,,,,,,,,,100000.0,,,cycle02_retrain_each_cycle_intersect_u1e-01,150,0-15,16,True,,1.592253,0,0,,10000,0,16,supersector32k,1000000,281912,104604,100000.0,150.071,104604,measure-dynamic-search,1561.006,1790.564,1820.763,4096,full,4096,1000000,16,1000,281912,628.040874,1216,281912,/mnt/bak3/lzg/PipeANN-github/build/tests/dynamic_update_suite_driver --mode measure-dynamic-search --source-prefix /mnt/bak3/lzg/PipeANN-supersector32k-work/indexes/phaseC_cycle02_retrain_each_cycle_super32k --jsonl-output /mnt/bak3/lzg/PipeANN-github/experiments/supersector32k_packing_aris_20260523/tmp/full_cycle02_retrain_each_cycle_intersect_u1e-01_44.jsonl --insert-threads 16 --search-threads 1 --merge-threads 16 --build-l 220 --build-r 116 --beamwidth 4 --k 10 --cpu-cap 16 --metric l2 --route prefilter --search-l 150 --data-bin experiments/pq_drift_1m_aris_main_20260522/data/phaseC_cycle02_live_data_by_tag.bin --base-label-file experiments/pq_drift_1m_aris_main_20260522/labels/base_labels_1000000.spmat --query-bin /mnt/bak3/lzg/PipeANN-github/experiments/r116_suite_pq16_aris_20260520_072453/data/sift_query_1000.bin --truthset-bin experiments/pq_drift_1m_aris_main_20260522/truth/phaseC_cycle02_intersect_u1e-01.bin --query-label-file /mnt/bak3/lzg/PipeANN-github/experiments/r116_suite_pq16_aris_20260520_072453/labels/query_1000_u1e-01.spmat --selector-type intersect --query-limit 1000,98.64,,2.7159512042999268,taskset -c 0-15 /mnt/bak3/lzg/PipeANN-github/build/tests/dynamic_update_suite_driver --mode measure-dynamic-search --source-prefix /mnt/bak3/lzg/PipeANN-supersector32k-work/indexes/phaseC_cycle02_retrain_each_cycle_super32k --jsonl-output /mnt/bak3/lzg/PipeANN-github/experiments/supersector32k_packing_aris_20260523/tmp/full_cycle02_retrain_each_cycle_intersect_u1e-01_44.jsonl --insert-threads 16 --search-threads 1 --merge-threads 16 --build-l 220 --build-r 116 --beamwidth 4 --k 10 --cpu-cap 16 --metric l2 --route prefilter --search-l 150 --data-bin experiments/pq_drift_1m_aris_main_20260522/data/phaseC_cycle02_live_data_by_tag.bin --base-label-file experiments/pq_drift_1m_aris_main_20260522/labels/base_labels_1000000.spmat --query-bin /mnt/bak3/lzg/PipeANN-github/experiments/r116_suite_pq16_aris_20260520_072453/data/sift_query_1000.bin --truthset-bin experiments/pq_drift_1m_aris_main_20260522/truth/phaseC_cycle02_intersect_u1e-01.bin --query-label-file /mnt/bak3/lzg/PipeANN-github/experiments/r116_suite_pq16_aris_20260520_072453/labels/query_1000_u1e-01.spmat --selector-type intersect --query-limit 1000,,prefilter,281912,280696,150,/mnt/bak3/lzg/PipeANN-supersector32k-work/indexes/phaseC_cycle02_retrain_each_cycle_super32k,ok,,,,,,104604,1,0,,experiments/pq_drift_1m_aris_main_20260522/indexes/phaseC_cycle02_retrain_each_cycle,/mnt/bak3/lzg/PipeANN-supersector32k-work/indexes/phaseC_cycle02_retrain_each_cycle_super32k,1.592253
prefilter,3550.566239,,,,,,,,,,250000.0,,,cycle02_retrain_each_cycle_intersect_u25,200,0-15,16,True,,3.550731,0,0,,10000,0,16,supersector32k,1000000,281680,104604,250000.0,309.536,104604,measure-dynamic-search,3488.075,3719.95,3742.975,4096,full,4096,1000000,16,1000,281680,281.63213,956,281680,/mnt/bak3/lzg/PipeANN-github/build/tests/dynamic_update_suite_driver --mode measure-dynamic-search --source-prefix /mnt/bak3/lzg/PipeANN-supersector32k-work/indexes/phaseC_cycle02_retrain_each_cycle_super32k --jsonl-output /mnt/bak3/lzg/PipeANN-github/experiments/supersector32k_packing_aris_20260523/tmp/full_cycle02_retrain_each_cycle_intersect_u25_45.jsonl --insert-threads 16 --search-threads 1 --merge-threads 16 --build-l 220 --build-r 116 --beamwidth 4 --k 10 --cpu-cap 16 --metric l2 --route prefilter --search-l 200 --data-bin experiments/pq_drift_1m_aris_main_20260522/data/phaseC_cycle02_live_data_by_tag.bin --base-label-file experiments/pq_drift_1m_aris_main_20260522/labels/base_labels_1000000.spmat --query-bin /mnt/bak3/lzg/PipeANN-github/experiments/r116_suite_pq16_aris_20260520_072453/data/sift_query_1000.bin --truthset-bin experiments/pq_drift_1m_aris_main_20260522/truth/phaseC_cycle02_intersect_u25.bin --query-label-file /mnt/bak3/lzg/PipeANN-github/experiments/r116_suite_pq16_aris_20260520_072453/labels/query_1000_u25.spmat --selector-type intersect --query-limit 1000,98.06,,4.69537615776062,taskset -c 0-15 /mnt/bak3/lzg/PipeANN-github/build/tests/dynamic_update_suite_driver --mode measure-dynamic-search --source-prefix /mnt/bak3/lzg/PipeANN-supersector32k-work/indexes/phaseC_cycle02_retrain_each_cycle_super32k --jsonl-output /mnt/bak3/lzg/PipeANN-github/experiments/supersector32k_packing_aris_20260523/tmp/full_cycle02_retrain_each_cycle_intersect_u25_45.jsonl --insert-threads 16 --search-threads 1 --merge-threads 16 --build-l 220 --build-r 116 --beamwidth 4 --k 10 --cpu-cap 16 --metric l2 --route prefilter --search-l 200 --data-bin experiments/pq_drift_1m_aris_main_20260522/data/phaseC_cycle02_live_data_by_tag.bin --base-label-file experiments/pq_drift_1m_aris_main_20260522/labels/base_labels_1000000.spmat --query-bin /mnt/bak3/lzg/PipeANN-github/experiments/r116_suite_pq16_aris_20260520_072453/data/sift_query_1000.bin --truthset-bin experiments/pq_drift_1m_aris_main_20260522/truth/phaseC_cycle02_intersect_u25.bin --query-label-file /mnt/bak3/lzg/PipeANN-github/experiments/r116_suite_pq16_aris_20260520_072453/labels/query_1000_u25.spmat --selector-type intersect --query-limit 1000,,prefilter,257372,280724,200,/mnt/bak3/lzg/PipeANN-supersector32k-work/indexes/phaseC_cycle02_retrain_each_cycle_super32k,ok,,,,,,104604,1,0,,experiments/pq_drift_1m_aris_main_20260522/indexes/phaseC_cycle02_retrain_each_cycle,/mnt/bak3/lzg/PipeANN-supersector32k-work/indexes/phaseC_cycle02_retrain_each_cycle_super32k,3.550731
prefilter,4219.545123,,,,,,,,,,300000.0,,,cycle02_retrain_each_cycle_intersect_u30,250,0-15,16,True,,4.219743,0,0,,10000,0,16,supersector32k,1000000,283888,104604,300000.0,363.448,104604,measure-dynamic-search,4177.271,4411.817,4436.324,4096,full,4096,1000000,16,1000,283888,236.981246,984,283888,/mnt/bak3/lzg/PipeANN-github/build/tests/dynamic_update_suite_driver --mode measure-dynamic-search --source-prefix /mnt/bak3/lzg/PipeANN-supersector32k-work/indexes/phaseC_cycle02_retrain_each_cycle_super32k --jsonl-output /mnt/bak3/lzg/PipeANN-github/experiments/supersector32k_packing_aris_20260523/tmp/full_cycle02_retrain_each_cycle_intersect_u30_46.jsonl --insert-threads 16 --search-threads 1 --merge-threads 16 --build-l 220 --build-r 116 --beamwidth 4 --k 10 --cpu-cap 16 --metric l2 --route prefilter --search-l 250 --data-bin experiments/pq_drift_1m_aris_main_20260522/data/phaseC_cycle02_live_data_by_tag.bin --base-label-file experiments/pq_drift_1m_aris_main_20260522/labels/base_labels_1000000.spmat --query-bin /mnt/bak3/lzg/PipeANN-github/experiments/r116_suite_pq16_aris_20260520_072453/data/sift_query_1000.bin --truthset-bin experiments/pq_drift_1m_aris_main_20260522/truth/phaseC_cycle02_intersect_u30.bin --query-label-file /mnt/bak3/lzg/PipeANN-github/experiments/r116_suite_pq16_aris_20260520_072453/labels/query_1000_u30.spmat --selector-type intersect --query-limit 1000,98.59,,5.414063453674316,taskset -c 0-15 /mnt/bak3/lzg/PipeANN-github/build/tests/dynamic_update_suite_driver --mode measure-dynamic-search --source-prefix /mnt/bak3/lzg/PipeANN-supersector32k-work/indexes/phaseC_cycle02_retrain_each_cycle_super32k --jsonl-output /mnt/bak3/lzg/PipeANN-github/experiments/supersector32k_packing_aris_20260523/tmp/full_cycle02_retrain_each_cycle_intersect_u30_46.jsonl --insert-threads 16 --search-threads 1 --merge-threads 16 --build-l 220 --build-r 116 --beamwidth 4 --k 10 --cpu-cap 16 --metric l2 --route prefilter --search-l 250 --data-bin experiments/pq_drift_1m_aris_main_20260522/data/phaseC_cycle02_live_data_by_tag.bin --base-label-file experiments/pq_drift_1m_aris_main_20260522/labels/base_labels_1000000.spmat --query-bin /mnt/bak3/lzg/PipeANN-github/experiments/r116_suite_pq16_aris_20260520_072453/data/sift_query_1000.bin --truthset-bin experiments/pq_drift_1m_aris_main_20260522/truth/phaseC_cycle02_intersect_u30.bin --query-label-file /mnt/bak3/lzg/PipeANN-github/experiments/r116_suite_pq16_aris_20260520_072453/labels/query_1000_u30.spmat --selector-type intersect --query-limit 1000,,prefilter,283888,282904,250,/mnt/bak3/lzg/PipeANN-supersector32k-work/indexes/phaseC_cycle02_retrain_each_cycle_super32k,ok,,,,,,104604,1,0,,experiments/pq_drift_1m_aris_main_20260522/indexes/phaseC_cycle02_retrain_each_cycle,/mnt/bak3/lzg/PipeANN-supersector32k-work/indexes/phaseC_cycle02_retrain_each_cycle_super32k,4.219743
prefilter,7304.796081,,,,,,,,,,500000.0,,,cycle02_retrain_each_cycle_intersect_u50,400,0-15,16,True,,7.305062,0,0,,10000,0,16,supersector32k,1000000,281676,104604,500000.0,615.806,104604,measure-dynamic-search,6919.97,9917.881,9977.204,4096,full,4096,1000000,16,1000,281676,136.891379,1084,281676,/mnt/bak3/lzg/PipeANN-github/build/tests/dynamic_update_suite_driver --mode measure-dynamic-search --source-prefix /mnt/bak3/lzg/PipeANN-supersector32k-work/indexes/phaseC_cycle02_retrain_each_cycle_super32k --jsonl-output /mnt/bak3/lzg/PipeANN-github/experiments/supersector32k_packing_aris_20260523/tmp/full_cycle02_retrain_each_cycle_intersect_u50_47.jsonl --insert-threads 16 --search-threads 1 --merge-threads 16 --build-l 220 --build-r 116 --beamwidth 4 --k 10 --cpu-cap 16 --metric l2 --route prefilter --search-l 400 --data-bin experiments/pq_drift_1m_aris_main_20260522/data/phaseC_cycle02_live_data_by_tag.bin --base-label-file experiments/pq_drift_1m_aris_main_20260522/labels/base_labels_1000000.spmat --query-bin /mnt/bak3/lzg/PipeANN-github/experiments/r116_suite_pq16_aris_20260520_072453/data/sift_query_1000.bin --truthset-bin experiments/pq_drift_1m_aris_main_20260522/truth/phaseC_cycle02_intersect_u50.bin --query-label-file /mnt/bak3/lzg/PipeANN-github/experiments/r116_suite_pq16_aris_20260520_072453/labels/query_1000_u50.spmat --selector-type intersect --query-limit 1000,99.23,,8.999050378799438,taskset -c 0-15 /mnt/bak3/lzg/PipeANN-github/build/tests/dynamic_update_suite_driver --mode measure-dynamic-search --source-prefix /mnt/bak3/lzg/PipeANN-supersector32k-work/indexes/phaseC_cycle02_retrain_each_cycle_super32k --jsonl-output /mnt/bak3/lzg/PipeANN-github/experiments/supersector32k_packing_aris_20260523/tmp/full_cycle02_retrain_each_cycle_intersect_u50_47.jsonl --insert-threads 16 --search-threads 1 --merge-threads 16 --build-l 220 --build-r 116 --beamwidth 4 --k 10 --cpu-cap 16 --metric l2 --route prefilter --search-l 400 --data-bin experiments/pq_drift_1m_aris_main_20260522/data/phaseC_cycle02_live_data_by_tag.bin --base-label-file experiments/pq_drift_1m_aris_main_20260522/labels/base_labels_1000000.spmat --query-bin /mnt/bak3/lzg/PipeANN-github/experiments/r116_suite_pq16_aris_20260520_072453/data/sift_query_1000.bin --truthset-bin experiments/pq_drift_1m_aris_main_20260522/truth/phaseC_cycle02_intersect_u50.bin --query-label-file /mnt/bak3/lzg/PipeANN-github/experiments/r116_suite_pq16_aris_20260520_072453/labels/query_1000_u50.spmat --selector-type intersect --query-limit 1000,,prefilter,281488,280592,400,/mnt/bak3/lzg/PipeANN-supersector32k-work/indexes/phaseC_cycle02_retrain_each_cycle_super32k,ok,,,,,,104604,1,0,,experiments/pq_drift_1m_aris_main_20260522/indexes/phaseC_cycle02_retrain_each_cycle,/mnt/bak3/lzg/PipeANN-supersector32k-work/indexes/phaseC_cycle02_retrain_each_cycle_super32k,7.305062
graph,8893.171906,,,,,,,,,,750000.0,,,cycle02_retrain_each_cycle_intersect_u75,400,0-15,16,True,,8.893408,0,0,,10000,1000,16,supersector32k,1000000,291928,104604,750000.0,18.241,104604,measure-dynamic-search,8819.049,9536.129,10036.385,4096,full,4096,1000000,16,0,291928,112.442831,11456,291928,/mnt/bak3/lzg/PipeANN-github/build/tests/dynamic_update_suite_driver --mode measure-dynamic-search --source-prefix /mnt/bak3/lzg/PipeANN-supersector32k-work/indexes/phaseC_cycle02_retrain_each_cycle_super32k --jsonl-output /mnt/bak3/lzg/PipeANN-github/experiments/supersector32k_packing_aris_20260523/tmp/full_cycle02_retrain_each_cycle_intersect_u75_48.jsonl --insert-threads 16 --search-threads 1 --merge-threads 16 --build-l 220 --build-r 116 --beamwidth 4 --k 10 --cpu-cap 16 --metric l2 --route graph --search-l 400 --data-bin experiments/pq_drift_1m_aris_main_20260522/data/phaseC_cycle02_live_data_by_tag.bin --base-label-file experiments/pq_drift_1m_aris_main_20260522/labels/base_labels_1000000.spmat --query-bin /mnt/bak3/lzg/PipeANN-github/experiments/r116_suite_pq16_aris_20260520_072453/data/sift_query_1000.bin --truthset-bin experiments/pq_drift_1m_aris_main_20260522/truth/phaseC_cycle02_intersect_u75.bin --query-label-file /mnt/bak3/lzg/PipeANN-github/experiments/r116_suite_pq16_aris_20260520_072453/labels/query_1000_u75.spmat --selector-type intersect --query-limit 1000,98.67,,10.438524007797241,taskset -c 0-15 /mnt/bak3/lzg/PipeANN-github/build/tests/dynamic_update_suite_driver --mode measure-dynamic-search --source-prefix /mnt/bak3/lzg/PipeANN-supersector32k-work/indexes/phaseC_cycle02_retrain_each_cycle_super32k --jsonl-output /mnt/bak3/lzg/PipeANN-github/experiments/supersector32k_packing_aris_20260523/tmp/full_cycle02_retrain_each_cycle_intersect_u75_48.jsonl --insert-threads 16 --search-threads 1 --merge-threads 16 --build-l 220 --build-r 116 --beamwidth 4 --k 10 --cpu-cap 16 --metric l2 --route graph --search-l 400 --data-bin experiments/pq_drift_1m_aris_main_20260522/data/phaseC_cycle02_live_data_by_tag.bin --base-label-file experiments/pq_drift_1m_aris_main_20260522/labels/base_labels_1000000.spmat --query-bin /mnt/bak3/lzg/PipeANN-github/experiments/r116_suite_pq16_aris_20260520_072453/data/sift_query_1000.bin --truthset-bin experiments/pq_drift_1m_aris_main_20260522/truth/phaseC_cycle02_intersect_u75.bin --query-label-file /mnt/bak3/lzg/PipeANN-github/experiments/r116_suite_pq16_aris_20260520_072453/labels/query_1000_u75.spmat --selector-type intersect --query-limit 1000,,graph,291928,280472,400,/mnt/bak3/lzg/PipeANN-supersector32k-work/indexes/phaseC_cycle02_retrain_each_cycle_super32k,ok,,,,,,104604,1,0,,experiments/pq_drift_1m_aris_main_20260522/indexes/phaseC_cycle02_retrain_each_cycle,/mnt/bak3/lzg/PipeANN-supersector32k-work/indexes/phaseC_cycle02_retrain_each_cycle_super32k,8.893408
graph,6713.252403,,,,,,,,,,1000000.0,,,cycle02_retrain_each_cycle_intersect_u100,300,0-15,16,True,,6.71342,0,0,,10000,1000,16,supersector32k,1000000,293668,104604,1000000.0,16.185,104604,measure-dynamic-search,6695.881,7019.555,7215.63,4096,full,4096,1000000,16,0,293668,148.955366,13040,293668,/mnt/bak3/lzg/PipeANN-github/build/tests/dynamic_update_suite_driver --mode measure-dynamic-search --source-prefix /mnt/bak3/lzg/PipeANN-supersector32k-work/indexes/phaseC_cycle02_retrain_each_cycle_super32k --jsonl-output /mnt/bak3/lzg/PipeANN-github/experiments/supersector32k_packing_aris_20260523/tmp/full_cycle02_retrain_each_cycle_intersect_u100_49.jsonl --insert-threads 16 --search-threads 1 --merge-threads 16 --build-l 220 --build-r 116 --beamwidth 4 --k 10 --cpu-cap 16 --metric l2 --route graph --search-l 300 --data-bin experiments/pq_drift_1m_aris_main_20260522/data/phaseC_cycle02_live_data_by_tag.bin --base-label-file experiments/pq_drift_1m_aris_main_20260522/labels/base_labels_1000000.spmat --query-bin /mnt/bak3/lzg/PipeANN-github/experiments/r116_suite_pq16_aris_20260520_072453/data/sift_query_1000.bin --truthset-bin experiments/pq_drift_1m_aris_main_20260522/truth/phaseC_cycle02_intersect_u100.bin --query-label-file /mnt/bak3/lzg/PipeANN-github/experiments/r116_suite_pq16_aris_20260520_072453/labels/query_1000_u100.spmat --selector-type intersect --query-limit 1000,98.23,,8.142385959625244,taskset -c 0-15 /mnt/bak3/lzg/PipeANN-github/build/tests/dynamic_update_suite_driver --mode measure-dynamic-search --source-prefix /mnt/bak3/lzg/PipeANN-supersector32k-work/indexes/phaseC_cycle02_retrain_each_cycle_super32k --jsonl-output /mnt/bak3/lzg/PipeANN-github/experiments/supersector32k_packing_aris_20260523/tmp/full_cycle02_retrain_each_cycle_intersect_u100_49.jsonl --insert-threads 16 --search-threads 1 --merge-threads 16 --build-l 220 --build-r 116 --beamwidth 4 --k 10 --cpu-cap 16 --metric l2 --route graph --search-l 300 --data-bin experiments/pq_drift_1m_aris_main_20260522/data/phaseC_cycle02_live_data_by_tag.bin --base-label-file experiments/pq_drift_1m_aris_main_20260522/labels/base_labels_1000000.spmat --query-bin /mnt/bak3/lzg/PipeANN-github/experiments/r116_suite_pq16_aris_20260520_072453/data/sift_query_1000.bin --truthset-bin experiments/pq_drift_1m_aris_main_20260522/truth/phaseC_cycle02_intersect_u100.bin --query-label-file /mnt/bak3/lzg/PipeANN-github/experiments/r116_suite_pq16_aris_20260520_072453/labels/query_1000_u100.spmat --selector-type intersect --query-limit 1000,,graph,293668,280628,300,/mnt/bak3/lzg/PipeANN-supersector32k-work/indexes/phaseC_cycle02_retrain_each_cycle_super32k,ok,,,,,,104604,1,0,,experiments/pq_drift_1m_aris_main_20260522/indexes/phaseC_cycle02_retrain_each_cycle,/mnt/bak3/lzg/PipeANN-supersector32k-work/indexes/phaseC_cycle02_retrain_each_cycle_super32k,6.71342
prefilter,136.623488,,,,,,,,,,1000.0,,,cycle02_retrain_each_cycle_range_u1e-03,50,0-15,16,True,,0.136693,0,0,,10000,0,16,supersector32k,1000000,281744,104604,1000.0,50.277,104604,measure-dynamic-search,134.643,145.443,154.351,4096,full,4096,1000000,16,1000,281744,7315.688989,1112,281744,/mnt/bak3/lzg/PipeANN-github/build/tests/dynamic_update_suite_driver --mode measure-dynamic-search --source-prefix /mnt/bak3/lzg/PipeANN-supersector32k-work/indexes/phaseC_cycle02_retrain_each_cycle_super32k --jsonl-output /mnt/bak3/lzg/PipeANN-github/experiments/supersector32k_packing_aris_20260523/tmp/full_cycle02_retrain_each_cycle_range_u1e-03_50.jsonl --insert-threads 16 --search-threads 1 --merge-threads 16 --build-l 220 --build-r 116 --beamwidth 4 --k 10 --cpu-cap 16 --metric l2 --route prefilter --search-l 50 --data-bin experiments/pq_drift_1m_aris_main_20260522/data/phaseC_cycle02_live_data_by_tag.bin --base-label-file experiments/pq_drift_1m_aris_main_20260522/labels/base_labels_1000000.spmat --query-bin /mnt/bak3/lzg/PipeANN-github/experiments/r116_suite_pq16_aris_20260520_072453/data/sift_query_1000.bin --truthset-bin experiments/pq_drift_1m_aris_main_20260522/truth/phaseC_cycle02_range_u1e-03.bin --query-label-file /mnt/bak3/lzg/PipeANN-github/experiments/r116_suite_pq16_aris_20260520_072453/labels/query_1000_range_u1e-03.spmat --selector-type range --query-limit 1000,99.86,,1.339416265487671,taskset -c 0-15 /mnt/bak3/lzg/PipeANN-github/build/tests/dynamic_update_suite_driver --mode measure-dynamic-search --source-prefix /mnt/bak3/lzg/PipeANN-supersector32k-work/indexes/phaseC_cycle02_retrain_each_cycle_super32k --jsonl-output /mnt/bak3/lzg/PipeANN-github/experiments/supersector32k_packing_aris_20260523/tmp/full_cycle02_retrain_each_cycle_range_u1e-03_50.jsonl --insert-threads 16 --search-threads 1 --merge-threads 16 --build-l 220 --build-r 116 --beamwidth 4 --k 10 --cpu-cap 16 --metric l2 --route prefilter --search-l 50 --data-bin experiments/pq_drift_1m_aris_main_20260522/data/phaseC_cycle02_live_data_by_tag.bin --base-label-file experiments/pq_drift_1m_aris_main_20260522/labels/base_labels_1000000.spmat --query-bin /mnt/bak3/lzg/PipeANN-github/experiments/r116_suite_pq16_aris_20260520_072453/data/sift_query_1000.bin --truthset-bin experiments/pq_drift_1m_aris_main_20260522/truth/phaseC_cycle02_range_u1e-03.bin --query-label-file /mnt/bak3/lzg/PipeANN-github/experiments/r116_suite_pq16_aris_20260520_072453/labels/query_1000_range_u1e-03.spmat --selector-type range --query-limit 1000,,prefilter,281744,280632,50,/mnt/bak3/lzg/PipeANN-supersector32k-work/indexes/phaseC_cycle02_retrain_each_cycle_super32k,ok,,,,,,104604,1,0,,experiments/pq_drift_1m_aris_main_20260522/indexes/phaseC_cycle02_retrain_each_cycle,/mnt/bak3/lzg/PipeANN-supersector32k-work/indexes/phaseC_cycle02_retrain_each_cycle_super32k,0.136693
prefilter,180.239829,,,,,,,,,,3000.0,,,cycle02_retrain_each_cycle_range_u3e-03,50,0-15,16,True,,0.180315,0,0,,10000,0,16,supersector32k,1000000,281680,104604,3000.0,55.293,104604,measure-dynamic-search,178.256,189.516,212.719,4096,full,4096,1000000,16,1000,281680,5545.838292,924,281680,/mnt/bak3/lzg/PipeANN-github/build/tests/dynamic_update_suite_driver --mode measure-dynamic-search --source-prefix /mnt/bak3/lzg/PipeANN-supersector32k-work/indexes/phaseC_cycle02_retrain_each_cycle_super32k --jsonl-output /mnt/bak3/lzg/PipeANN-github/experiments/supersector32k_packing_aris_20260523/tmp/full_cycle02_retrain_each_cycle_range_u3e-03_51.jsonl --insert-threads 16 --search-threads 1 --merge-threads 16 --build-l 220 --build-r 116 --beamwidth 4 --k 10 --cpu-cap 16 --metric l2 --route prefilter --search-l 50 --data-bin experiments/pq_drift_1m_aris_main_20260522/data/phaseC_cycle02_live_data_by_tag.bin --base-label-file experiments/pq_drift_1m_aris_main_20260522/labels/base_labels_1000000.spmat --query-bin /mnt/bak3/lzg/PipeANN-github/experiments/r116_suite_pq16_aris_20260520_072453/data/sift_query_1000.bin --truthset-bin experiments/pq_drift_1m_aris_main_20260522/truth/phaseC_cycle02_range_u3e-03.bin --query-label-file /mnt/bak3/lzg/PipeANN-github/experiments/r116_suite_pq16_aris_20260520_072453/labels/query_1000_range_u3e-03.spmat --selector-type range --query-limit 1000,99.67,,1.4279437065124512,taskset -c 0-15 /mnt/bak3/lzg/PipeANN-github/build/tests/dynamic_update_suite_driver --mode measure-dynamic-search --source-prefix /mnt/bak3/lzg/PipeANN-supersector32k-work/indexes/phaseC_cycle02_retrain_each_cycle_super32k --jsonl-output /mnt/bak3/lzg/PipeANN-github/experiments/supersector32k_packing_aris_20260523/tmp/full_cycle02_retrain_each_cycle_range_u3e-03_51.jsonl --insert-threads 16 --search-threads 1 --merge-threads 16 --build-l 220 --build-r 116 --beamwidth 4 --k 10 --cpu-cap 16 --metric l2 --route prefilter --search-l 50 --data-bin experiments/pq_drift_1m_aris_main_20260522/data/phaseC_cycle02_live_data_by_tag.bin --base-label-file experiments/pq_drift_1m_aris_main_20260522/labels/base_labels_1000000.spmat --query-bin /mnt/bak3/lzg/PipeANN-github/experiments/r116_suite_pq16_aris_20260520_072453/data/sift_query_1000.bin --truthset-bin experiments/pq_drift_1m_aris_main_20260522/truth/phaseC_cycle02_range_u3e-03.bin --query-label-file /mnt/bak3/lzg/PipeANN-github/experiments/r116_suite_pq16_aris_20260520_072453/labels/query_1000_range_u3e-03.spmat --selector-type range --query-limit 1000,,prefilter,281680,280756,50,/mnt/bak3/lzg/PipeANN-supersector32k-work/indexes/phaseC_cycle02_retrain_each_cycle_super32k,ok,,,,,,104604,1,0,,experiments/pq_drift_1m_aris_main_20260522/indexes/phaseC_cycle02_retrain_each_cycle,/mnt/bak3/lzg/PipeANN-supersector32k-work/indexes/phaseC_cycle02_retrain_each_cycle_super32k,0.180315
prefilter,325.026798,,,,,,,,,,10000.0,,,cycle02_retrain_each_cycle_range_u1e-02,50,0-15,16,True,,0.325133,0,0,,10000,0,16,supersector32k,1000000,281672,104604,10000.0,68.784,104604,measure-dynamic-search,322.054,341.598,372.557,4096,full,4096,1000000,16,1000,281672,3075.6632,1112,281672,/mnt/bak3/lzg/PipeANN-github/build/tests/dynamic_update_suite_driver --mode measure-dynamic-search --source-prefix /mnt/bak3/lzg/PipeANN-supersector32k-work/indexes/phaseC_cycle02_retrain_each_cycle_super32k --jsonl-output /mnt/bak3/lzg/PipeANN-github/experiments/supersector32k_packing_aris_20260523/tmp/full_cycle02_retrain_each_cycle_range_u1e-02_52.jsonl --insert-threads 16 --search-threads 1 --merge-threads 16 --build-l 220 --build-r 116 --beamwidth 4 --k 10 --cpu-cap 16 --metric l2 --route prefilter --search-l 50 --data-bin experiments/pq_drift_1m_aris_main_20260522/data/phaseC_cycle02_live_data_by_tag.bin --base-label-file experiments/pq_drift_1m_aris_main_20260522/labels/base_labels_1000000.spmat --query-bin /mnt/bak3/lzg/PipeANN-github/experiments/r116_suite_pq16_aris_20260520_072453/data/sift_query_1000.bin --truthset-bin experiments/pq_drift_1m_aris_main_20260522/truth/phaseC_cycle02_range_u1e-02.bin --query-label-file /mnt/bak3/lzg/PipeANN-github/experiments/r116_suite_pq16_aris_20260520_072453/labels/query_1000_range_u1e-02.spmat --selector-type range --query-limit 1000,99.65,,1.4242987632751465,taskset -c 0-15 /mnt/bak3/lzg/PipeANN-github/build/tests/dynamic_update_suite_driver --mode measure-dynamic-search --source-prefix /mnt/bak3/lzg/PipeANN-supersector32k-work/indexes/phaseC_cycle02_retrain_each_cycle_super32k --jsonl-output /mnt/bak3/lzg/PipeANN-github/experiments/supersector32k_packing_aris_20260523/tmp/full_cycle02_retrain_each_cycle_range_u1e-02_52.jsonl --insert-threads 16 --search-threads 1 --merge-threads 16 --build-l 220 --build-r 116 --beamwidth 4 --k 10 --cpu-cap 16 --metric l2 --route prefilter --search-l 50 --data-bin experiments/pq_drift_1m_aris_main_20260522/data/phaseC_cycle02_live_data_by_tag.bin --base-label-file experiments/pq_drift_1m_aris_main_20260522/labels/base_labels_1000000.spmat --query-bin /mnt/bak3/lzg/PipeANN-github/experiments/r116_suite_pq16_aris_20260520_072453/data/sift_query_1000.bin --truthset-bin experiments/pq_drift_1m_aris_main_20260522/truth/phaseC_cycle02_range_u1e-02.bin --query-label-file /mnt/bak3/lzg/PipeANN-github/experiments/r116_suite_pq16_aris_20260520_072453/labels/query_1000_range_u1e-02.spmat --selector-type range --query-limit 1000,,prefilter,281672,280560,50,/mnt/bak3/lzg/PipeANN-supersector32k-work/indexes/phaseC_cycle02_retrain_each_cycle_super32k,ok,,,,,,104604,1,0,,experiments/pq_drift_1m_aris_main_20260522/indexes/phaseC_cycle02_retrain_each_cycle,/mnt/bak3/lzg/PipeANN-supersector32k-work/indexes/phaseC_cycle02_retrain_each_cycle_super32k,0.325133
prefilter,916.525743,,,,,,,,,,50000.0,,,cycle02_retrain_each_cycle_range_u5e-02,75,0-15,16,True,,0.91666,0,0,,10000,0,16,supersector32k,1000000,281660,104604,50000.0,115.238,104604,measure-dynamic-search,920.117,993.179,1039.233,4096,full,4096,1000000,16,1000,281660,1090.916864,984,281660,/mnt/bak3/lzg/PipeANN-github/build/tests/dynamic_update_suite_driver --mode measure-dynamic-search --source-prefix /mnt/bak3/lzg/PipeANN-supersector32k-work/indexes/phaseC_cycle02_retrain_each_cycle_super32k --jsonl-output /mnt/bak3/lzg/PipeANN-github/experiments/supersector32k_packing_aris_20260523/tmp/full_cycle02_retrain_each_cycle_range_u5e-02_53.jsonl --insert-threads 16 --search-threads 1 --merge-threads 16 --build-l 220 --build-r 116 --beamwidth 4 --k 10 --cpu-cap 16 --metric l2 --route prefilter --search-l 75 --data-bin experiments/pq_drift_1m_aris_main_20260522/data/phaseC_cycle02_live_data_by_tag.bin --base-label-file experiments/pq_drift_1m_aris_main_20260522/labels/base_labels_1000000.spmat --query-bin /mnt/bak3/lzg/PipeANN-github/experiments/r116_suite_pq16_aris_20260520_072453/data/sift_query_1000.bin --truthset-bin experiments/pq_drift_1m_aris_main_20260522/truth/phaseC_cycle02_range_u5e-02.bin --query-label-file /mnt/bak3/lzg/PipeANN-github/experiments/r116_suite_pq16_aris_20260520_072453/labels/query_1000_range_u5e-02.spmat --selector-type range --query-limit 1000,99.28,,2.222032070159912,taskset -c 0-15 /mnt/bak3/lzg/PipeANN-github/build/tests/dynamic_update_suite_driver --mode measure-dynamic-search --source-prefix /mnt/bak3/lzg/PipeANN-supersector32k-work/indexes/phaseC_cycle02_retrain_each_cycle_super32k --jsonl-output /mnt/bak3/lzg/PipeANN-github/experiments/supersector32k_packing_aris_20260523/tmp/full_cycle02_retrain_each_cycle_range_u5e-02_53.jsonl --insert-threads 16 --search-threads 1 --merge-threads 16 --build-l 220 --build-r 116 --beamwidth 4 --k 10 --cpu-cap 16 --metric l2 --route prefilter --search-l 75 --data-bin experiments/pq_drift_1m_aris_main_20260522/data/phaseC_cycle02_live_data_by_tag.bin --base-label-file experiments/pq_drift_1m_aris_main_20260522/labels/base_labels_1000000.spmat --query-bin /mnt/bak3/lzg/PipeANN-github/experiments/r116_suite_pq16_aris_20260520_072453/data/sift_query_1000.bin --truthset-bin experiments/pq_drift_1m_aris_main_20260522/truth/phaseC_cycle02_range_u5e-02.bin --query-label-file /mnt/bak3/lzg/PipeANN-github/experiments/r116_suite_pq16_aris_20260520_072453/labels/query_1000_range_u5e-02.spmat --selector-type range --query-limit 1000,,prefilter,281660,280676,75,/mnt/bak3/lzg/PipeANN-supersector32k-work/indexes/phaseC_cycle02_retrain_each_cycle_super32k,ok,,,,,,104604,1,0,,experiments/pq_drift_1m_aris_main_20260522/indexes/phaseC_cycle02_retrain_each_cycle,/mnt/bak3/lzg/PipeANN-supersector32k-work/indexes/phaseC_cycle02_retrain_each_cycle_super32k,0.91666
prefilter,1606.442627,,,,,,,,,,100000.0,,,cycle02_retrain_each_cycle_range_u1e-01,50,0-15,16,True,,1.606592,0,0,,10000,0,16,supersector32k,1000000,281712,104604,100000.0,168.93,104604,measure-dynamic-search,1573.884,1801.347,1827.471,4096,full,4096,1000000,16,1000,281712,622.435432,1176,281712,/mnt/bak3/lzg/PipeANN-github/build/tests/dynamic_update_suite_driver --mode measure-dynamic-search --source-prefix /mnt/bak3/lzg/PipeANN-supersector32k-work/indexes/phaseC_cycle02_retrain_each_cycle_super32k --jsonl-output /mnt/bak3/lzg/PipeANN-github/experiments/supersector32k_packing_aris_20260523/tmp/full_cycle02_retrain_each_cycle_range_u1e-01_54.jsonl --insert-threads 16 --search-threads 1 --merge-threads 16 --build-l 220 --build-r 116 --beamwidth 4 --k 10 --cpu-cap 16 --metric l2 --route prefilter --search-l 50 --data-bin experiments/pq_drift_1m_aris_main_20260522/data/phaseC_cycle02_live_data_by_tag.bin --base-label-file experiments/pq_drift_1m_aris_main_20260522/labels/base_labels_1000000.spmat --query-bin /mnt/bak3/lzg/PipeANN-github/experiments/r116_suite_pq16_aris_20260520_072453/data/sift_query_1000.bin --truthset-bin experiments/pq_drift_1m_aris_main_20260522/truth/phaseC_cycle02_range_u1e-01.bin --query-label-file /mnt/bak3/lzg/PipeANN-github/experiments/r116_suite_pq16_aris_20260520_072453/labels/query_1000_range_u1e-01.spmat --selector-type range --query-limit 1000,98.64,,2.9399101734161377,taskset -c 0-15 /mnt/bak3/lzg/PipeANN-github/build/tests/dynamic_update_suite_driver --mode measure-dynamic-search --source-prefix /mnt/bak3/lzg/PipeANN-supersector32k-work/indexes/phaseC_cycle02_retrain_each_cycle_super32k --jsonl-output /mnt/bak3/lzg/PipeANN-github/experiments/supersector32k_packing_aris_20260523/tmp/full_cycle02_retrain_each_cycle_range_u1e-01_54.jsonl --insert-threads 16 --search-threads 1 --merge-threads 16 --build-l 220 --build-r 116 --beamwidth 4 --k 10 --cpu-cap 16 --metric l2 --route prefilter --search-l 50 --data-bin experiments/pq_drift_1m_aris_main_20260522/data/phaseC_cycle02_live_data_by_tag.bin --base-label-file experiments/pq_drift_1m_aris_main_20260522/labels/base_labels_1000000.spmat --query-bin /mnt/bak3/lzg/PipeANN-github/experiments/r116_suite_pq16_aris_20260520_072453/data/sift_query_1000.bin --truthset-bin experiments/pq_drift_1m_aris_main_20260522/truth/phaseC_cycle02_range_u1e-01.bin --query-label-file /mnt/bak3/lzg/PipeANN-github/experiments/r116_suite_pq16_aris_20260520_072453/labels/query_1000_range_u1e-01.spmat --selector-type range --query-limit 1000,,prefilter,281712,280536,50,/mnt/bak3/lzg/PipeANN-supersector32k-work/indexes/phaseC_cycle02_retrain_each_cycle_super32k,ok,,,,,,104604,1,0,,experiments/pq_drift_1m_aris_main_20260522/indexes/phaseC_cycle02_retrain_each_cycle,/mnt/bak3/lzg/PipeANN-supersector32k-work/indexes/phaseC_cycle02_retrain_each_cycle_super32k,1.606592
prefilter,3572.443992,,,,,,,,,,250000.0,,,cycle02_retrain_each_cycle_range_u25,200,0-15,16,True,,3.572583,0,0,,10000,0,16,supersector32k,1000000,281576,104604,250000.0,331.588,104604,measure-dynamic-search,3510.578,3743.195,3761.176,4096,full,4096,1000000,16,1000,281576,279.909517,1016,281576,/mnt/bak3/lzg/PipeANN-github/build/tests/dynamic_update_suite_driver --mode measure-dynamic-search --source-prefix /mnt/bak3/lzg/PipeANN-supersector32k-work/indexes/phaseC_cycle02_retrain_each_cycle_super32k --jsonl-output /mnt/bak3/lzg/PipeANN-github/experiments/supersector32k_packing_aris_20260523/tmp/full_cycle02_retrain_each_cycle_range_u25_55.jsonl --insert-threads 16 --search-threads 1 --merge-threads 16 --build-l 220 --build-r 116 --beamwidth 4 --k 10 --cpu-cap 16 --metric l2 --route prefilter --search-l 200 --data-bin experiments/pq_drift_1m_aris_main_20260522/data/phaseC_cycle02_live_data_by_tag.bin --base-label-file experiments/pq_drift_1m_aris_main_20260522/labels/base_labels_1000000.spmat --query-bin /mnt/bak3/lzg/PipeANN-github/experiments/r116_suite_pq16_aris_20260520_072453/data/sift_query_1000.bin --truthset-bin experiments/pq_drift_1m_aris_main_20260522/truth/phaseC_cycle02_range_u25.bin --query-label-file /mnt/bak3/lzg/PipeANN-github/experiments/r116_suite_pq16_aris_20260520_072453/labels/query_1000_range_u25.spmat --selector-type range --query-limit 1000,98.06,,4.712590932846069,taskset -c 0-15 /mnt/bak3/lzg/PipeANN-github/build/tests/dynamic_update_suite_driver --mode measure-dynamic-search --source-prefix /mnt/bak3/lzg/PipeANN-supersector32k-work/indexes/phaseC_cycle02_retrain_each_cycle_super32k --jsonl-output /mnt/bak3/lzg/PipeANN-github/experiments/supersector32k_packing_aris_20260523/tmp/full_cycle02_retrain_each_cycle_range_u25_55.jsonl --insert-threads 16 --search-threads 1 --merge-threads 16 --build-l 220 --build-r 116 --beamwidth 4 --k 10 --cpu-cap 16 --metric l2 --route prefilter --search-l 200 --data-bin experiments/pq_drift_1m_aris_main_20260522/data/phaseC_cycle02_live_data_by_tag.bin --base-label-file experiments/pq_drift_1m_aris_main_20260522/labels/base_labels_1000000.spmat --query-bin /mnt/bak3/lzg/PipeANN-github/experiments/r116_suite_pq16_aris_20260520_072453/data/sift_query_1000.bin --truthset-bin experiments/pq_drift_1m_aris_main_20260522/truth/phaseC_cycle02_range_u25.bin --query-label-file /mnt/bak3/lzg/PipeANN-github/experiments/r116_suite_pq16_aris_20260520_072453/labels/query_1000_range_u25.spmat --selector-type range --query-limit 1000,,prefilter,256956,280560,200,/mnt/bak3/lzg/PipeANN-supersector32k-work/indexes/phaseC_cycle02_retrain_each_cycle_super32k,ok,,,,,,104604,1,0,,experiments/pq_drift_1m_aris_main_20260522/indexes/phaseC_cycle02_retrain_each_cycle,/mnt/bak3/lzg/PipeANN-supersector32k-work/indexes/phaseC_cycle02_retrain_each_cycle_super32k,3.572583
prefilter,4249.147289,,,,,,,,,,300000.0,,,cycle02_retrain_each_cycle_range_u30,250,0-15,16,True,,4.249346,0,0,,10000,0,16,supersector32k,1000000,281548,104604,300000.0,391.328,104604,measure-dynamic-search,4207.495,4443.147,4477.993,4096,full,4096,1000000,16,1000,281548,235.330343,1016,281548,/mnt/bak3/lzg/PipeANN-github/build/tests/dynamic_update_suite_driver --mode measure-dynamic-search --source-prefix /mnt/bak3/lzg/PipeANN-supersector32k-work/indexes/phaseC_cycle02_retrain_each_cycle_super32k --jsonl-output /mnt/bak3/lzg/PipeANN-github/experiments/supersector32k_packing_aris_20260523/tmp/full_cycle02_retrain_each_cycle_range_u30_56.jsonl --insert-threads 16 --search-threads 1 --merge-threads 16 --build-l 220 --build-r 116 --beamwidth 4 --k 10 --cpu-cap 16 --metric l2 --route prefilter --search-l 250 --data-bin experiments/pq_drift_1m_aris_main_20260522/data/phaseC_cycle02_live_data_by_tag.bin --base-label-file experiments/pq_drift_1m_aris_main_20260522/labels/base_labels_1000000.spmat --query-bin /mnt/bak3/lzg/PipeANN-github/experiments/r116_suite_pq16_aris_20260520_072453/data/sift_query_1000.bin --truthset-bin experiments/pq_drift_1m_aris_main_20260522/truth/phaseC_cycle02_range_u30.bin --query-label-file /mnt/bak3/lzg/PipeANN-github/experiments/r116_suite_pq16_aris_20260520_072453/labels/query_1000_range_u30.spmat --selector-type range --query-limit 1000,98.59,,5.413132905960083,taskset -c 0-15 /mnt/bak3/lzg/PipeANN-github/build/tests/dynamic_update_suite_driver --mode measure-dynamic-search --source-prefix /mnt/bak3/lzg/PipeANN-supersector32k-work/indexes/phaseC_cycle02_retrain_each_cycle_super32k --jsonl-output /mnt/bak3/lzg/PipeANN-github/experiments/supersector32k_packing_aris_20260523/tmp/full_cycle02_retrain_each_cycle_range_u30_56.jsonl --insert-threads 16 --search-threads 1 --merge-threads 16 --build-l 220 --build-r 116 --beamwidth 4 --k 10 --cpu-cap 16 --metric l2 --route prefilter --search-l 250 --data-bin experiments/pq_drift_1m_aris_main_20260522/data/phaseC_cycle02_live_data_by_tag.bin --base-label-file experiments/pq_drift_1m_aris_main_20260522/labels/base_labels_1000000.spmat --query-bin /mnt/bak3/lzg/PipeANN-github/experiments/r116_suite_pq16_aris_20260520_072453/data/sift_query_1000.bin --truthset-bin experiments/pq_drift_1m_aris_main_20260522/truth/phaseC_cycle02_range_u30.bin --query-label-file /mnt/bak3/lzg/PipeANN-github/experiments/r116_suite_pq16_aris_20260520_072453/labels/query_1000_range_u30.spmat --selector-type range --query-limit 1000,,prefilter,257444,280532,250,/mnt/bak3/lzg/PipeANN-supersector32k-work/indexes/phaseC_cycle02_retrain_each_cycle_super32k,ok,,,,,,104604,1,0,,experiments/pq_drift_1m_aris_main_20260522/indexes/phaseC_cycle02_retrain_each_cycle,/mnt/bak3/lzg/PipeANN-supersector32k-work/indexes/phaseC_cycle02_retrain_each_cycle_super32k,4.249346
prefilter,6734.09206,,,,,,,,,,500000.0,,,cycle02_retrain_each_cycle_range_u50,250,0-15,16,True,,6.734304,0,0,,10000,0,16,supersector32k,1000000,281656,104604,500000.0,612.121,104604,measure-dynamic-search,6687.008,6921.801,6946.149,4096,full,4096,1000000,16,1000,281656,148.493436,1020,281656,/mnt/bak3/lzg/PipeANN-github/build/tests/dynamic_update_suite_driver --mode measure-dynamic-search --source-prefix /mnt/bak3/lzg/PipeANN-supersector32k-work/indexes/phaseC_cycle02_retrain_each_cycle_super32k --jsonl-output /mnt/bak3/lzg/PipeANN-github/experiments/supersector32k_packing_aris_20260523/tmp/full_cycle02_retrain_each_cycle_range_u50_57.jsonl --insert-threads 16 --search-threads 1 --merge-threads 16 --build-l 220 --build-r 116 --beamwidth 4 --k 10 --cpu-cap 16 --metric l2 --route prefilter --search-l 250 --data-bin experiments/pq_drift_1m_aris_main_20260522/data/phaseC_cycle02_live_data_by_tag.bin --base-label-file experiments/pq_drift_1m_aris_main_20260522/labels/base_labels_1000000.spmat --query-bin /mnt/bak3/lzg/PipeANN-github/experiments/r116_suite_pq16_aris_20260520_072453/data/sift_query_1000.bin --truthset-bin experiments/pq_drift_1m_aris_main_20260522/truth/phaseC_cycle02_range_u50.bin --query-label-file /mnt/bak3/lzg/PipeANN-github/experiments/r116_suite_pq16_aris_20260520_072453/labels/query_1000_range_u50.spmat --selector-type range --query-limit 1000,98.17,,7.903997898101807,taskset -c 0-15 /mnt/bak3/lzg/PipeANN-github/build/tests/dynamic_update_suite_driver --mode measure-dynamic-search --source-prefix /mnt/bak3/lzg/PipeANN-supersector32k-work/indexes/phaseC_cycle02_retrain_each_cycle_super32k --jsonl-output /mnt/bak3/lzg/PipeANN-github/experiments/supersector32k_packing_aris_20260523/tmp/full_cycle02_retrain_each_cycle_range_u50_57.jsonl --insert-threads 16 --search-threads 1 --merge-threads 16 --build-l 220 --build-r 116 --beamwidth 4 --k 10 --cpu-cap 16 --metric l2 --route prefilter --search-l 250 --data-bin experiments/pq_drift_1m_aris_main_20260522/data/phaseC_cycle02_live_data_by_tag.bin --base-label-file experiments/pq_drift_1m_aris_main_20260522/labels/base_labels_1000000.spmat --query-bin /mnt/bak3/lzg/PipeANN-github/experiments/r116_suite_pq16_aris_20260520_072453/data/sift_query_1000.bin --truthset-bin experiments/pq_drift_1m_aris_main_20260522/truth/phaseC_cycle02_range_u50.bin --query-label-file /mnt/bak3/lzg/PipeANN-github/experiments/r116_suite_pq16_aris_20260520_072453/labels/query_1000_range_u50.spmat --selector-type range --query-limit 1000,,prefilter,259116,280636,250,/mnt/bak3/lzg/PipeANN-supersector32k-work/indexes/phaseC_cycle02_retrain_each_cycle_super32k,ok,,,,,,104604,1,0,,experiments/pq_drift_1m_aris_main_20260522/indexes/phaseC_cycle02_retrain_each_cycle,/mnt/bak3/lzg/PipeANN-supersector32k-work/indexes/phaseC_cycle02_retrain_each_cycle_super32k,6.734304
mixed,8838.786288,,,,,,,,,,750000.0,,,cycle02_retrain_each_cycle_range_u75,400,0-15,16,True,,8.83895,0,1000,,10000,0,16,supersector32k,1000000,291548,104604,750000.0,57.259,104604,measure-dynamic-search,8822.677,9152.119,9396.368,4096,full,4096,1000000,16,0,291548,113.13561,10932,291548,/mnt/bak3/lzg/PipeANN-github/build/tests/dynamic_update_suite_driver --mode measure-dynamic-search --source-prefix /mnt/bak3/lzg/PipeANN-supersector32k-work/indexes/phaseC_cycle02_retrain_each_cycle_super32k --jsonl-output /mnt/bak3/lzg/PipeANN-github/experiments/supersector32k_packing_aris_20260523/tmp/full_cycle02_retrain_each_cycle_range_u75_58.jsonl --insert-threads 16 --search-threads 1 --merge-threads 16 --build-l 220 --build-r 116 --beamwidth 4 --k 10 --cpu-cap 16 --metric l2 --route graph --search-l 400 --data-bin experiments/pq_drift_1m_aris_main_20260522/data/phaseC_cycle02_live_data_by_tag.bin --base-label-file experiments/pq_drift_1m_aris_main_20260522/labels/base_labels_1000000.spmat --query-bin /mnt/bak3/lzg/PipeANN-github/experiments/r116_suite_pq16_aris_20260520_072453/data/sift_query_1000.bin --truthset-bin experiments/pq_drift_1m_aris_main_20260522/truth/phaseC_cycle02_range_u75.bin --query-label-file /mnt/bak3/lzg/PipeANN-github/experiments/r116_suite_pq16_aris_20260520_072453/labels/query_1000_range_u75.spmat --selector-type range --query-limit 1000,98.67,,10.021406173706055,taskset -c 0-15 /mnt/bak3/lzg/PipeANN-github/build/tests/dynamic_update_suite_driver --mode measure-dynamic-search --source-prefix /mnt/bak3/lzg/PipeANN-supersector32k-work/indexes/phaseC_cycle02_retrain_each_cycle_super32k --jsonl-output /mnt/bak3/lzg/PipeANN-github/experiments/supersector32k_packing_aris_20260523/tmp/full_cycle02_retrain_each_cycle_range_u75_58.jsonl --insert-threads 16 --search-threads 1 --merge-threads 16 --build-l 220 --build-r 116 --beamwidth 4 --k 10 --cpu-cap 16 --metric l2 --route graph --search-l 400 --data-bin experiments/pq_drift_1m_aris_main_20260522/data/phaseC_cycle02_live_data_by_tag.bin --base-label-file experiments/pq_drift_1m_aris_main_20260522/labels/base_labels_1000000.spmat --query-bin /mnt/bak3/lzg/PipeANN-github/experiments/r116_suite_pq16_aris_20260520_072453/data/sift_query_1000.bin --truthset-bin experiments/pq_drift_1m_aris_main_20260522/truth/phaseC_cycle02_range_u75.bin --query-label-file /mnt/bak3/lzg/PipeANN-github/experiments/r116_suite_pq16_aris_20260520_072453/labels/query_1000_range_u75.spmat --selector-type range --query-limit 1000,,graph,291548,280616,400,/mnt/bak3/lzg/PipeANN-supersector32k-work/indexes/phaseC_cycle02_retrain_each_cycle_super32k,ok,,,,,,104604,1,0,,experiments/pq_drift_1m_aris_main_20260522/indexes/phaseC_cycle02_retrain_each_cycle,/mnt/bak3/lzg/PipeANN-supersector32k-work/indexes/phaseC_cycle02_retrain_each_cycle_super32k,8.83895
mixed,6751.144566,,,,,,,,,,1000000.0,,,cycle02_retrain_each_cycle_range_u100,300,0-15,16,True,,6.751317,0,1000,,10000,0,16,supersector32k,1000000,293140,104604,1000000.0,60.919,104604,measure-dynamic-search,6743.925,7041.991,7274.877,4096,full,4096,1000000,16,0,293140,148.119244,12520,293140,/mnt/bak3/lzg/PipeANN-github/build/tests/dynamic_update_suite_driver --mode measure-dynamic-search --source-prefix /mnt/bak3/lzg/PipeANN-supersector32k-work/indexes/phaseC_cycle02_retrain_each_cycle_super32k --jsonl-output /mnt/bak3/lzg/PipeANN-github/experiments/supersector32k_packing_aris_20260523/tmp/full_cycle02_retrain_each_cycle_range_u100_59.jsonl --insert-threads 16 --search-threads 1 --merge-threads 16 --build-l 220 --build-r 116 --beamwidth 4 --k 10 --cpu-cap 16 --metric l2 --route graph --search-l 300 --data-bin experiments/pq_drift_1m_aris_main_20260522/data/phaseC_cycle02_live_data_by_tag.bin --base-label-file experiments/pq_drift_1m_aris_main_20260522/labels/base_labels_1000000.spmat --query-bin /mnt/bak3/lzg/PipeANN-github/experiments/r116_suite_pq16_aris_20260520_072453/data/sift_query_1000.bin --truthset-bin experiments/pq_drift_1m_aris_main_20260522/truth/phaseC_cycle02_range_u100.bin --query-label-file /mnt/bak3/lzg/PipeANN-github/experiments/r116_suite_pq16_aris_20260520_072453/labels/query_1000_range_u100.spmat --selector-type range --query-limit 1000,98.23,,8.137239933013916,taskset -c 0-15 /mnt/bak3/lzg/PipeANN-github/build/tests/dynamic_update_suite_driver --mode measure-dynamic-search --source-prefix /mnt/bak3/lzg/PipeANN-supersector32k-work/indexes/phaseC_cycle02_retrain_each_cycle_super32k --jsonl-output /mnt/bak3/lzg/PipeANN-github/experiments/supersector32k_packing_aris_20260523/tmp/full_cycle02_retrain_each_cycle_range_u100_59.jsonl --insert-threads 16 --search-threads 1 --merge-threads 16 --build-l 220 --build-r 116 --beamwidth 4 --k 10 --cpu-cap 16 --metric l2 --route graph --search-l 300 --data-bin experiments/pq_drift_1m_aris_main_20260522/data/phaseC_cycle02_live_data_by_tag.bin --base-label-file experiments/pq_drift_1m_aris_main_20260522/labels/base_labels_1000000.spmat --query-bin /mnt/bak3/lzg/PipeANN-github/experiments/r116_suite_pq16_aris_20260520_072453/data/sift_query_1000.bin --truthset-bin experiments/pq_drift_1m_aris_main_20260522/truth/phaseC_cycle02_range_u100.bin --query-label-file /mnt/bak3/lzg/PipeANN-github/experiments/r116_suite_pq16_aris_20260520_072453/labels/query_1000_range_u100.spmat --selector-type range --query-limit 1000,,graph,293140,280620,300,/mnt/bak3/lzg/PipeANN-supersector32k-work/indexes/phaseC_cycle02_retrain_each_cycle_super32k,ok,,,,,,104604,1,0,,experiments/pq_drift_1m_aris_main_20260522/indexes/phaseC_cycle02_retrain_each_cycle,/mnt/bak3/lzg/PipeANN-supersector32k-work/indexes/phaseC_cycle02_retrain_each_cycle_super32k,6.751317
prefilter,154.631975,,,,,,,,,,1000.0,,,cycle02_no_retrain_across_cycles_intersect_u1e-03,50,0-15,16,True,,0.154712,0,0,,10000,0,16,supersector32k,1000000,285604,152038,1000.0,52.116,152038,measure-dynamic-search,153.415,165.45,202.387,4096,full,4096,1000000,16,1000,285604,6463.610198,1248,285604,/mnt/bak3/lzg/PipeANN-github/build/tests/dynamic_update_suite_driver --mode measure-dynamic-search --source-prefix /mnt/bak3/lzg/PipeANN-supersector32k-work/indexes/phaseC_cycle02_no_retrain_after_insert_super32k --jsonl-output /mnt/bak3/lzg/PipeANN-github/experiments/supersector32k_packing_aris_20260523/tmp/full_cycle02_no_retrain_across_cycles_intersect_u1e-03_60.jsonl --insert-threads 16 --search-threads 1 --merge-threads 16 --build-l 220 --build-r 116 --beamwidth 4 --k 10 --cpu-cap 16 --metric l2 --route prefilter --search-l 50 --data-bin experiments/pq_drift_1m_aris_main_20260522/data/phaseC_cycle02_live_data_by_tag.bin --base-label-file experiments/pq_drift_1m_aris_main_20260522/labels/base_labels_1000000.spmat --query-bin /mnt/bak3/lzg/PipeANN-github/experiments/r116_suite_pq16_aris_20260520_072453/data/sift_query_1000.bin --truthset-bin experiments/pq_drift_1m_aris_main_20260522/truth/phaseC_cycle02_intersect_u1e-03.bin --query-label-file /mnt/bak3/lzg/PipeANN-github/experiments/r116_suite_pq16_aris_20260520_072453/labels/query_1000_u1e-03.spmat --selector-type intersect --query-limit 1000,99.92,,1.8937923908233643,taskset -c 0-15 /mnt/bak3/lzg/PipeANN-github/build/tests/dynamic_update_suite_driver --mode measure-dynamic-search --source-prefix /mnt/bak3/lzg/PipeANN-supersector32k-work/indexes/phaseC_cycle02_no_retrain_after_insert_super32k --jsonl-output /mnt/bak3/lzg/PipeANN-github/experiments/supersector32k_packing_aris_20260523/tmp/full_cycle02_no_retrain_across_cycles_intersect_u1e-03_60.jsonl --insert-threads 16 --search-threads 1 --merge-threads 16 --build-l 220 --build-r 116 --beamwidth 4 --k 10 --cpu-cap 16 --metric l2 --route prefilter --search-l 50 --data-bin experiments/pq_drift_1m_aris_main_20260522/data/phaseC_cycle02_live_data_by_tag.bin --base-label-file experiments/pq_drift_1m_aris_main_20260522/labels/base_labels_1000000.spmat --query-bin /mnt/bak3/lzg/PipeANN-github/experiments/r116_suite_pq16_aris_20260520_072453/data/sift_query_1000.bin --truthset-bin experiments/pq_drift_1m_aris_main_20260522/truth/phaseC_cycle02_intersect_u1e-03.bin --query-label-file /mnt/bak3/lzg/PipeANN-github/experiments/r116_suite_pq16_aris_20260520_072453/labels/query_1000_u1e-03.spmat --selector-type intersect --query-limit 1000,,prefilter,285604,284356,50,/mnt/bak3/lzg/PipeANN-supersector32k-work/indexes/phaseC_cycle02_no_retrain_after_insert_super32k,ok,,,,,,152038,1,0,,experiments/pq_drift_1m_aris_main_20260522/indexes/phaseC_cycle02_no_retrain_after_insert,/mnt/bak3/lzg/PipeANN-supersector32k-work/indexes/phaseC_cycle02_no_retrain_after_insert_super32k,0.154712
prefilter,273.194708,,,,,,,,,,3000.0,,,cycle02_no_retrain_across_cycles_intersect_u3e-03,75,0-15,16,True,,0.273349,0,0,,10000,0,16,supersector32k,1000000,287812,152038,3000.0,85.508,152038,measure-dynamic-search,269.59,295.321,334.157,4096,full,4096,1000000,16,1000,287812,3658.332321,1436,287812,/mnt/bak3/lzg/PipeANN-github/build/tests/dynamic_update_suite_driver --mode measure-dynamic-search --source-prefix /mnt/bak3/lzg/PipeANN-supersector32k-work/indexes/phaseC_cycle02_no_retrain_after_insert_super32k --jsonl-output /mnt/bak3/lzg/PipeANN-github/experiments/supersector32k_packing_aris_20260523/tmp/full_cycle02_no_retrain_across_cycles_intersect_u3e-03_61.jsonl --insert-threads 16 --search-threads 1 --merge-threads 16 --build-l 220 --build-r 116 --beamwidth 4 --k 10 --cpu-cap 16 --metric l2 --route prefilter --search-l 75 --data-bin experiments/pq_drift_1m_aris_main_20260522/data/phaseC_cycle02_live_data_by_tag.bin --base-label-file experiments/pq_drift_1m_aris_main_20260522/labels/base_labels_1000000.spmat --query-bin /mnt/bak3/lzg/PipeANN-github/experiments/r116_suite_pq16_aris_20260520_072453/data/sift_query_1000.bin --truthset-bin experiments/pq_drift_1m_aris_main_20260522/truth/phaseC_cycle02_intersect_u3e-03.bin --query-label-file /mnt/bak3/lzg/PipeANN-github/experiments/r116_suite_pq16_aris_20260520_072453/labels/query_1000_u3e-03.spmat --selector-type intersect --query-limit 1000,99.79,,2.842676877975464,taskset -c 0-15 /mnt/bak3/lzg/PipeANN-github/build/tests/dynamic_update_suite_driver --mode measure-dynamic-search --source-prefix /mnt/bak3/lzg/PipeANN-supersector32k-work/indexes/phaseC_cycle02_no_retrain_after_insert_super32k --jsonl-output /mnt/bak3/lzg/PipeANN-github/experiments/supersector32k_packing_aris_20260523/tmp/full_cycle02_no_retrain_across_cycles_intersect_u3e-03_61.jsonl --insert-threads 16 --search-threads 1 --merge-threads 16 --build-l 220 --build-r 116 --beamwidth 4 --k 10 --cpu-cap 16 --metric l2 --route prefilter --search-l 75 --data-bin experiments/pq_drift_1m_aris_main_20260522/data/phaseC_cycle02_live_data_by_tag.bin --base-label-file experiments/pq_drift_1m_aris_main_20260522/labels/base_labels_1000000.spmat --query-bin /mnt/bak3/lzg/PipeANN-github/experiments/r116_suite_pq16_aris_20260520_072453/data/sift_query_1000.bin --truthset-bin experiments/pq_drift_1m_aris_main_20260522/truth/phaseC_cycle02_intersect_u3e-03.bin --query-label-file /mnt/bak3/lzg/PipeANN-github/experiments/r116_suite_pq16_aris_20260520_072453/labels/query_1000_u3e-03.spmat --selector-type intersect --query-limit 1000,,prefilter,287812,286376,75,/mnt/bak3/lzg/PipeANN-supersector32k-work/indexes/phaseC_cycle02_no_retrain_after_insert_super32k,ok,,,,,,152038,1,0,,experiments/pq_drift_1m_aris_main_20260522/indexes/phaseC_cycle02_no_retrain_after_insert,/mnt/bak3/lzg/PipeANN-supersector32k-work/indexes/phaseC_cycle02_no_retrain_after_insert_super32k,0.273349
prefilter,437.71318,,,,,,,,,,10000.0,,,cycle02_no_retrain_across_cycles_intersect_u1e-02,50,0-15,16,True,,0.4379,0,0,,10000,0,16,supersector32k,1000000,285812,152038,10000.0,135.308,152038,measure-dynamic-search,424.418,521.953,610.745,4096,full,4096,1000000,16,1000,285812,2283.624125,1316,285812,/mnt/bak3/lzg/PipeANN-github/build/tests/dynamic_update_suite_driver --mode measure-dynamic-search --source-prefix /mnt/bak3/lzg/PipeANN-supersector32k-work/indexes/phaseC_cycle02_no_retrain_after_insert_super32k --jsonl-output /mnt/bak3/lzg/PipeANN-github/experiments/supersector32k_packing_aris_20260523/tmp/full_cycle02_no_retrain_across_cycles_intersect_u1e-02_62.jsonl --insert-threads 16 --search-threads 1 --merge-threads 16 --build-l 220 --build-r 116 --beamwidth 4 --k 10 --cpu-cap 16 --metric l2 --route prefilter --search-l 50 --data-bin experiments/pq_drift_1m_aris_main_20260522/data/phaseC_cycle02_live_data_by_tag.bin --base-label-file experiments/pq_drift_1m_aris_main_20260522/labels/base_labels_1000000.spmat --query-bin /mnt/bak3/lzg/PipeANN-github/experiments/r116_suite_pq16_aris_20260520_072453/data/sift_query_1000.bin --truthset-bin experiments/pq_drift_1m_aris_main_20260522/truth/phaseC_cycle02_intersect_u1e-02.bin --query-label-file /mnt/bak3/lzg/PipeANN-github/experiments/r116_suite_pq16_aris_20260520_072453/labels/query_1000_u1e-02.spmat --selector-type intersect --query-limit 1000,99.65,,2.8509252071380615,taskset -c 0-15 /mnt/bak3/lzg/PipeANN-github/build/tests/dynamic_update_suite_driver --mode measure-dynamic-search --source-prefix /mnt/bak3/lzg/PipeANN-supersector32k-work/indexes/phaseC_cycle02_no_retrain_after_insert_super32k --jsonl-output /mnt/bak3/lzg/PipeANN-github/experiments/supersector32k_packing_aris_20260523/tmp/full_cycle02_no_retrain_across_cycles_intersect_u1e-02_62.jsonl --insert-threads 16 --search-threads 1 --merge-threads 16 --build-l 220 --build-r 116 --beamwidth 4 --k 10 --cpu-cap 16 --metric l2 --route prefilter --search-l 50 --data-bin experiments/pq_drift_1m_aris_main_20260522/data/phaseC_cycle02_live_data_by_tag.bin --base-label-file experiments/pq_drift_1m_aris_main_20260522/labels/base_labels_1000000.spmat --query-bin /mnt/bak3/lzg/PipeANN-github/experiments/r116_suite_pq16_aris_20260520_072453/data/sift_query_1000.bin --truthset-bin experiments/pq_drift_1m_aris_main_20260522/truth/phaseC_cycle02_intersect_u1e-02.bin --query-label-file /mnt/bak3/lzg/PipeANN-github/experiments/r116_suite_pq16_aris_20260520_072453/labels/query_1000_u1e-02.spmat --selector-type intersect --query-limit 1000,,prefilter,285812,284496,50,/mnt/bak3/lzg/PipeANN-supersector32k-work/indexes/phaseC_cycle02_no_retrain_after_insert_super32k,ok,,,,,,152038,1,0,,experiments/pq_drift_1m_aris_main_20260522/indexes/phaseC_cycle02_no_retrain_after_insert,/mnt/bak3/lzg/PipeANN-supersector32k-work/indexes/phaseC_cycle02_no_retrain_after_insert_super32k,0.4379
prefilter,1221.004139,,,,,,,,,,50000.0,,,cycle02_no_retrain_across_cycles_intersect_u5e-02,75,0-15,16,True,,1.221223,0,0,,10000,0,16,supersector32k,1000000,285712,152038,50000.0,238.668,152038,measure-dynamic-search,1134.134,1861.802,1933.851,4096,full,4096,1000000,16,1000,285712,818.851349,1468,285712,/mnt/bak3/lzg/PipeANN-github/build/tests/dynamic_update_suite_driver --mode measure-dynamic-search --source-prefix /mnt/bak3/lzg/PipeANN-supersector32k-work/indexes/phaseC_cycle02_no_retrain_after_insert_super32k --jsonl-output /mnt/bak3/lzg/PipeANN-github/experiments/supersector32k_packing_aris_20260523/tmp/full_cycle02_no_retrain_across_cycles_intersect_u5e-02_63.jsonl --insert-threads 16 --search-threads 1 --merge-threads 16 --build-l 220 --build-r 116 --beamwidth 4 --k 10 --cpu-cap 16 --metric l2 --route prefilter --search-l 75 --data-bin experiments/pq_drift_1m_aris_main_20260522/data/phaseC_cycle02_live_data_by_tag.bin --base-label-file experiments/pq_drift_1m_aris_main_20260522/labels/base_labels_1000000.spmat --query-bin /mnt/bak3/lzg/PipeANN-github/experiments/r116_suite_pq16_aris_20260520_072453/data/sift_query_1000.bin --truthset-bin experiments/pq_drift_1m_aris_main_20260522/truth/phaseC_cycle02_intersect_u5e-02.bin --query-label-file /mnt/bak3/lzg/PipeANN-github/experiments/r116_suite_pq16_aris_20260520_072453/labels/query_1000_u5e-02.spmat --selector-type intersect --query-limit 1000,99.25,,3.536977529525757,taskset -c 0-15 /mnt/bak3/lzg/PipeANN-github/build/tests/dynamic_update_suite_driver --mode measure-dynamic-search --source-prefix /mnt/bak3/lzg/PipeANN-supersector32k-work/indexes/phaseC_cycle02_no_retrain_after_insert_super32k --jsonl-output /mnt/bak3/lzg/PipeANN-github/experiments/supersector32k_packing_aris_20260523/tmp/full_cycle02_no_retrain_across_cycles_intersect_u5e-02_63.jsonl --insert-threads 16 --search-threads 1 --merge-threads 16 --build-l 220 --build-r 116 --beamwidth 4 --k 10 --cpu-cap 16 --metric l2 --route prefilter --search-l 75 --data-bin experiments/pq_drift_1m_aris_main_20260522/data/phaseC_cycle02_live_data_by_tag.bin --base-label-file experiments/pq_drift_1m_aris_main_20260522/labels/base_labels_1000000.spmat --query-bin /mnt/bak3/lzg/PipeANN-github/experiments/r116_suite_pq16_aris_20260520_072453/data/sift_query_1000.bin --truthset-bin experiments/pq_drift_1m_aris_main_20260522/truth/phaseC_cycle02_intersect_u5e-02.bin --query-label-file /mnt/bak3/lzg/PipeANN-github/experiments/r116_suite_pq16_aris_20260520_072453/labels/query_1000_u5e-02.spmat --selector-type intersect --query-limit 1000,,prefilter,285712,284244,75,/mnt/bak3/lzg/PipeANN-supersector32k-work/indexes/phaseC_cycle02_no_retrain_after_insert_super32k,ok,,,,,,152038,1,0,,experiments/pq_drift_1m_aris_main_20260522/indexes/phaseC_cycle02_no_retrain_after_insert,/mnt/bak3/lzg/PipeANN-supersector32k-work/indexes/phaseC_cycle02_no_retrain_after_insert_super32k,1.221223
prefilter,1917.274231,,,,,,,,,,100000.0,,,cycle02_no_retrain_across_cycles_intersect_u1e-01,50,0-15,16,True,,1.917474,0,0,,10000,0,16,supersector32k,1000000,285656,152038,100000.0,272.264,152038,measure-dynamic-search,1766.702,2676.955,2920.907,4096,full,4096,1000000,16,1000,285656,521.519585,1404,285656,/mnt/bak3/lzg/PipeANN-github/build/tests/dynamic_update_suite_driver --mode measure-dynamic-search --source-prefix /mnt/bak3/lzg/PipeANN-supersector32k-work/indexes/phaseC_cycle02_no_retrain_after_insert_super32k --jsonl-output /mnt/bak3/lzg/PipeANN-github/experiments/supersector32k_packing_aris_20260523/tmp/full_cycle02_no_retrain_across_cycles_intersect_u1e-01_64.jsonl --insert-threads 16 --search-threads 1 --merge-threads 16 --build-l 220 --build-r 116 --beamwidth 4 --k 10 --cpu-cap 16 --metric l2 --route prefilter --search-l 50 --data-bin experiments/pq_drift_1m_aris_main_20260522/data/phaseC_cycle02_live_data_by_tag.bin --base-label-file experiments/pq_drift_1m_aris_main_20260522/labels/base_labels_1000000.spmat --query-bin /mnt/bak3/lzg/PipeANN-github/experiments/r116_suite_pq16_aris_20260520_072453/data/sift_query_1000.bin --truthset-bin experiments/pq_drift_1m_aris_main_20260522/truth/phaseC_cycle02_intersect_u1e-01.bin --query-label-file /mnt/bak3/lzg/PipeANN-github/experiments/r116_suite_pq16_aris_20260520_072453/labels/query_1000_u1e-01.spmat --selector-type intersect --query-limit 1000,98.58,,4.094771146774292,taskset -c 0-15 /mnt/bak3/lzg/PipeANN-github/build/tests/dynamic_update_suite_driver --mode measure-dynamic-search --source-prefix /mnt/bak3/lzg/PipeANN-supersector32k-work/indexes/phaseC_cycle02_no_retrain_after_insert_super32k --jsonl-output /mnt/bak3/lzg/PipeANN-github/experiments/supersector32k_packing_aris_20260523/tmp/full_cycle02_no_retrain_across_cycles_intersect_u1e-01_64.jsonl --insert-threads 16 --search-threads 1 --merge-threads 16 --build-l 220 --build-r 116 --beamwidth 4 --k 10 --cpu-cap 16 --metric l2 --route prefilter --search-l 50 --data-bin experiments/pq_drift_1m_aris_main_20260522/data/phaseC_cycle02_live_data_by_tag.bin --base-label-file experiments/pq_drift_1m_aris_main_20260522/labels/base_labels_1000000.spmat --query-bin /mnt/bak3/lzg/PipeANN-github/experiments/r116_suite_pq16_aris_20260520_072453/data/sift_query_1000.bin --truthset-bin experiments/pq_drift_1m_aris_main_20260522/truth/phaseC_cycle02_intersect_u1e-01.bin --query-label-file /mnt/bak3/lzg/PipeANN-github/experiments/r116_suite_pq16_aris_20260520_072453/labels/query_1000_u1e-01.spmat --selector-type intersect --query-limit 1000,,prefilter,285656,284252,50,/mnt/bak3/lzg/PipeANN-supersector32k-work/indexes/phaseC_cycle02_no_retrain_after_insert_super32k,ok,,,,,,152038,1,0,,experiments/pq_drift_1m_aris_main_20260522/indexes/phaseC_cycle02_no_retrain_after_insert,/mnt/bak3/lzg/PipeANN-supersector32k-work/indexes/phaseC_cycle02_no_retrain_after_insert_super32k,1.917474
prefilter,4029.148187,,,,,,,,,,250000.0,,,cycle02_no_retrain_across_cycles_intersect_u25,50,0-15,16,True,,4.029435,0,0,,10000,0,16,supersector32k,1000000,285548,152038,250000.0,430.085,152038,measure-dynamic-search,3844.238,5456.179,5701.167,4096,full,4096,1000000,16,1000,285548,248.173769,1204,285548,/mnt/bak3/lzg/PipeANN-github/build/tests/dynamic_update_suite_driver --mode measure-dynamic-search --source-prefix /mnt/bak3/lzg/PipeANN-supersector32k-work/indexes/phaseC_cycle02_no_retrain_after_insert_super32k --jsonl-output /mnt/bak3/lzg/PipeANN-github/experiments/supersector32k_packing_aris_20260523/tmp/full_cycle02_no_retrain_across_cycles_intersect_u25_65.jsonl --insert-threads 16 --search-threads 1 --merge-threads 16 --build-l 220 --build-r 116 --beamwidth 4 --k 10 --cpu-cap 16 --metric l2 --route prefilter --search-l 50 --data-bin experiments/pq_drift_1m_aris_main_20260522/data/phaseC_cycle02_live_data_by_tag.bin --base-label-file experiments/pq_drift_1m_aris_main_20260522/labels/base_labels_1000000.spmat --query-bin /mnt/bak3/lzg/PipeANN-github/experiments/r116_suite_pq16_aris_20260520_072453/data/sift_query_1000.bin --truthset-bin experiments/pq_drift_1m_aris_main_20260522/truth/phaseC_cycle02_intersect_u25.bin --query-label-file /mnt/bak3/lzg/PipeANN-github/experiments/r116_suite_pq16_aris_20260520_072453/labels/query_1000_u25.spmat --selector-type intersect --query-limit 1000,98.37,,6.308737516403198,taskset -c 0-15 /mnt/bak3/lzg/PipeANN-github/build/tests/dynamic_update_suite_driver --mode measure-dynamic-search --source-prefix /mnt/bak3/lzg/PipeANN-supersector32k-work/indexes/phaseC_cycle02_no_retrain_after_insert_super32k --jsonl-output /mnt/bak3/lzg/PipeANN-github/experiments/supersector32k_packing_aris_20260523/tmp/full_cycle02_no_retrain_across_cycles_intersect_u25_65.jsonl --insert-threads 16 --search-threads 1 --merge-threads 16 --build-l 220 --build-r 116 --beamwidth 4 --k 10 --cpu-cap 16 --metric l2 --route prefilter --search-l 50 --data-bin experiments/pq_drift_1m_aris_main_20260522/data/phaseC_cycle02_live_data_by_tag.bin --base-label-file experiments/pq_drift_1m_aris_main_20260522/labels/base_labels_1000000.spmat --query-bin /mnt/bak3/lzg/PipeANN-github/experiments/r116_suite_pq16_aris_20260520_072453/data/sift_query_1000.bin --truthset-bin experiments/pq_drift_1m_aris_main_20260522/truth/phaseC_cycle02_intersect_u25.bin --query-label-file /mnt/bak3/lzg/PipeANN-github/experiments/r116_suite_pq16_aris_20260520_072453/labels/query_1000_u25.spmat --selector-type intersect --query-limit 1000,,prefilter,261128,284344,50,/mnt/bak3/lzg/PipeANN-supersector32k-work/indexes/phaseC_cycle02_no_retrain_after_insert_super32k,ok,,,,,,152038,1,0,,experiments/pq_drift_1m_aris_main_20260522/indexes/phaseC_cycle02_no_retrain_after_insert,/mnt/bak3/lzg/PipeANN-supersector32k-work/indexes/phaseC_cycle02_no_retrain_after_insert_super32k,4.029435
prefilter,4553.53677,,,,,,,,,,300000.0,,,cycle02_no_retrain_across_cycles_intersect_u30,200,0-15,16,True,,4.553835,0,0,,10000,0,16,supersector32k,1000000,285764,152038,300000.0,469.865,152038,measure-dynamic-search,4288.475,6269.031,6581.166,4096,full,4096,1000000,16,1000,285764,219.595141,1424,285764,/mnt/bak3/lzg/PipeANN-github/build/tests/dynamic_update_suite_driver --mode measure-dynamic-search --source-prefix /mnt/bak3/lzg/PipeANN-supersector32k-work/indexes/phaseC_cycle02_no_retrain_after_insert_super32k --jsonl-output /mnt/bak3/lzg/PipeANN-github/experiments/supersector32k_packing_aris_20260523/tmp/full_cycle02_no_retrain_across_cycles_intersect_u30_66.jsonl --insert-threads 16 --search-threads 1 --merge-threads 16 --build-l 220 --build-r 116 --beamwidth 4 --k 10 --cpu-cap 16 --metric l2 --route prefilter --search-l 200 --data-bin experiments/pq_drift_1m_aris_main_20260522/data/phaseC_cycle02_live_data_by_tag.bin --base-label-file experiments/pq_drift_1m_aris_main_20260522/labels/base_labels_1000000.spmat --query-bin /mnt/bak3/lzg/PipeANN-github/experiments/r116_suite_pq16_aris_20260520_072453/data/sift_query_1000.bin --truthset-bin experiments/pq_drift_1m_aris_main_20260522/truth/phaseC_cycle02_intersect_u30.bin --query-label-file /mnt/bak3/lzg/PipeANN-github/experiments/r116_suite_pq16_aris_20260520_072453/labels/query_1000_u30.spmat --selector-type intersect --query-limit 1000,98.21,,6.9696338176727295,taskset -c 0-15 /mnt/bak3/lzg/PipeANN-github/build/tests/dynamic_update_suite_driver --mode measure-dynamic-search --source-prefix /mnt/bak3/lzg/PipeANN-supersector32k-work/indexes/phaseC_cycle02_no_retrain_after_insert_super32k --jsonl-output /mnt/bak3/lzg/PipeANN-github/experiments/supersector32k_packing_aris_20260523/tmp/full_cycle02_no_retrain_across_cycles_intersect_u30_66.jsonl --insert-threads 16 --search-threads 1 --merge-threads 16 --build-l 220 --build-r 116 --beamwidth 4 --k 10 --cpu-cap 16 --metric l2 --route prefilter --search-l 200 --data-bin experiments/pq_drift_1m_aris_main_20260522/data/phaseC_cycle02_live_data_by_tag.bin --base-label-file experiments/pq_drift_1m_aris_main_20260522/labels/base_labels_1000000.spmat --query-bin /mnt/bak3/lzg/PipeANN-github/experiments/r116_suite_pq16_aris_20260520_072453/data/sift_query_1000.bin --truthset-bin experiments/pq_drift_1m_aris_main_20260522/truth/phaseC_cycle02_intersect_u30.bin --query-label-file /mnt/bak3/lzg/PipeANN-github/experiments/r116_suite_pq16_aris_20260520_072453/labels/query_1000_u30.spmat --selector-type intersect --query-limit 1000,,prefilter,285764,284340,200,/mnt/bak3/lzg/PipeANN-supersector32k-work/indexes/phaseC_cycle02_no_retrain_after_insert_super32k,ok,,,,,,152038,1,0,,experiments/pq_drift_1m_aris_main_20260522/indexes/phaseC_cycle02_no_retrain_after_insert,/mnt/bak3/lzg/PipeANN-supersector32k-work/indexes/phaseC_cycle02_no_retrain_after_insert_super32k,4.553835
prefilter,7866.261747,,,,,,,,,,500000.0,,,cycle02_no_retrain_across_cycles_intersect_u50,300,0-15,16,True,,7.866587,0,0,,10000,0,16,supersector32k,1000000,285532,152038,500000.0,730.655,152038,measure-dynamic-search,6879.707,10141.718,10206.291,4096,full,4096,1000000,16,1000,285532,127.11993,1208,285532,/mnt/bak3/lzg/PipeANN-github/build/tests/dynamic_update_suite_driver --mode measure-dynamic-search --source-prefix /mnt/bak3/lzg/PipeANN-supersector32k-work/indexes/phaseC_cycle02_no_retrain_after_insert_super32k --jsonl-output /mnt/bak3/lzg/PipeANN-github/experiments/supersector32k_packing_aris_20260523/tmp/full_cycle02_no_retrain_across_cycles_intersect_u50_67.jsonl --insert-threads 16 --search-threads 1 --merge-threads 16 --build-l 220 --build-r 116 --beamwidth 4 --k 10 --cpu-cap 16 --metric l2 --route prefilter --search-l 300 --data-bin experiments/pq_drift_1m_aris_main_20260522/data/phaseC_cycle02_live_data_by_tag.bin --base-label-file experiments/pq_drift_1m_aris_main_20260522/labels/base_labels_1000000.spmat --query-bin /mnt/bak3/lzg/PipeANN-github/experiments/r116_suite_pq16_aris_20260520_072453/data/sift_query_1000.bin --truthset-bin experiments/pq_drift_1m_aris_main_20260522/truth/phaseC_cycle02_intersect_u50.bin --query-label-file /mnt/bak3/lzg/PipeANN-github/experiments/r116_suite_pq16_aris_20260520_072453/labels/query_1000_u50.spmat --selector-type intersect --query-limit 1000,99.02,,10.020469188690186,taskset -c 0-15 /mnt/bak3/lzg/PipeANN-github/build/tests/dynamic_update_suite_driver --mode measure-dynamic-search --source-prefix /mnt/bak3/lzg/PipeANN-supersector32k-work/indexes/phaseC_cycle02_no_retrain_after_insert_super32k --jsonl-output /mnt/bak3/lzg/PipeANN-github/experiments/supersector32k_packing_aris_20260523/tmp/full_cycle02_no_retrain_across_cycles_intersect_u50_67.jsonl --insert-threads 16 --search-threads 1 --merge-threads 16 --build-l 220 --build-r 116 --beamwidth 4 --k 10 --cpu-cap 16 --metric l2 --route prefilter --search-l 300 --data-bin experiments/pq_drift_1m_aris_main_20260522/data/phaseC_cycle02_live_data_by_tag.bin --base-label-file experiments/pq_drift_1m_aris_main_20260522/labels/base_labels_1000000.spmat --query-bin /mnt/bak3/lzg/PipeANN-github/experiments/r116_suite_pq16_aris_20260520_072453/data/sift_query_1000.bin --truthset-bin experiments/pq_drift_1m_aris_main_20260522/truth/phaseC_cycle02_intersect_u50.bin --query-label-file /mnt/bak3/lzg/PipeANN-github/experiments/r116_suite_pq16_aris_20260520_072453/labels/query_1000_u50.spmat --selector-type intersect --query-limit 1000,,prefilter,285480,284324,300,/mnt/bak3/lzg/PipeANN-supersector32k-work/indexes/phaseC_cycle02_no_retrain_after_insert_super32k,ok,,,,,,152038,1,0,,experiments/pq_drift_1m_aris_main_20260522/indexes/phaseC_cycle02_no_retrain_after_insert,/mnt/bak3/lzg/PipeANN-supersector32k-work/indexes/phaseC_cycle02_no_retrain_after_insert_super32k,7.866587
graph,8881.606314,,,,,,,,,,750000.0,,,cycle02_no_retrain_across_cycles_intersect_u75,400,0-15,16,True,,8.881793,0,0,,10000,1000,16,supersector32k,1000000,297592,152038,750000.0,17.16,152038,measure-dynamic-search,8856.365,9216.501,9514.92,4096,full,4096,1000000,16,0,297592,112.589877,13264,297592,/mnt/bak3/lzg/PipeANN-github/build/tests/dynamic_update_suite_driver --mode measure-dynamic-search --source-prefix /mnt/bak3/lzg/PipeANN-supersector32k-work/indexes/phaseC_cycle02_no_retrain_after_insert_super32k --jsonl-output /mnt/bak3/lzg/PipeANN-github/experiments/supersector32k_packing_aris_20260523/tmp/full_cycle02_no_retrain_across_cycles_intersect_u75_68.jsonl --insert-threads 16 --search-threads 1 --merge-threads 16 --build-l 220 --build-r 116 --beamwidth 4 --k 10 --cpu-cap 16 --metric l2 --route graph --search-l 400 --data-bin experiments/pq_drift_1m_aris_main_20260522/data/phaseC_cycle02_live_data_by_tag.bin --base-label-file experiments/pq_drift_1m_aris_main_20260522/labels/base_labels_1000000.spmat --query-bin /mnt/bak3/lzg/PipeANN-github/experiments/r116_suite_pq16_aris_20260520_072453/data/sift_query_1000.bin --truthset-bin experiments/pq_drift_1m_aris_main_20260522/truth/phaseC_cycle02_intersect_u75.bin --query-label-file /mnt/bak3/lzg/PipeANN-github/experiments/r116_suite_pq16_aris_20260520_072453/labels/query_1000_u75.spmat --selector-type intersect --query-limit 1000,98.06,,10.447991132736206,taskset -c 0-15 /mnt/bak3/lzg/PipeANN-github/build/tests/dynamic_update_suite_driver --mode measure-dynamic-search --source-prefix /mnt/bak3/lzg/PipeANN-supersector32k-work/indexes/phaseC_cycle02_no_retrain_after_insert_super32k --jsonl-output /mnt/bak3/lzg/PipeANN-github/experiments/supersector32k_packing_aris_20260523/tmp/full_cycle02_no_retrain_across_cycles_intersect_u75_68.jsonl --insert-threads 16 --search-threads 1 --merge-threads 16 --build-l 220 --build-r 116 --beamwidth 4 --k 10 --cpu-cap 16 --metric l2 --route graph --search-l 400 --data-bin experiments/pq_drift_1m_aris_main_20260522/data/phaseC_cycle02_live_data_by_tag.bin --base-label-file experiments/pq_drift_1m_aris_main_20260522/labels/base_labels_1000000.spmat --query-bin /mnt/bak3/lzg/PipeANN-github/experiments/r116_suite_pq16_aris_20260520_072453/data/sift_query_1000.bin --truthset-bin experiments/pq_drift_1m_aris_main_20260522/truth/phaseC_cycle02_intersect_u75.bin --query-label-file /mnt/bak3/lzg/PipeANN-github/experiments/r116_suite_pq16_aris_20260520_072453/labels/query_1000_u75.spmat --selector-type intersect --query-limit 1000,,graph,297592,284328,400,/mnt/bak3/lzg/PipeANN-supersector32k-work/indexes/phaseC_cycle02_no_retrain_after_insert_super32k,ok,,,,,,152038,1,0,,experiments/pq_drift_1m_aris_main_20260522/indexes/phaseC_cycle02_no_retrain_after_insert,/mnt/bak3/lzg/PipeANN-supersector32k-work/indexes/phaseC_cycle02_no_retrain_after_insert_super32k,8.881793
graph,8846.426598,,,,,,,,,,1000000.0,,,cycle02_no_retrain_across_cycles_intersect_u100,400,0-15,16,True,,8.846643,0,0,,10000,1000,16,supersector32k,1000000,297608,152038,1000000.0,17.101,152038,measure-dynamic-search,8820.031,9187.298,9447.58,4096,full,4096,1000000,16,0,297608,113.037231,13324,297608,/mnt/bak3/lzg/PipeANN-github/build/tests/dynamic_update_suite_driver --mode measure-dynamic-search --source-prefix /mnt/bak3/lzg/PipeANN-supersector32k-work/indexes/phaseC_cycle02_no_retrain_after_insert_super32k --jsonl-output /mnt/bak3/lzg/PipeANN-github/experiments/supersector32k_packing_aris_20260523/tmp/full_cycle02_no_retrain_across_cycles_intersect_u100_69.jsonl --insert-threads 16 --search-threads 1 --merge-threads 16 --build-l 220 --build-r 116 --beamwidth 4 --k 10 --cpu-cap 16 --metric l2 --route graph --search-l 400 --data-bin experiments/pq_drift_1m_aris_main_20260522/data/phaseC_cycle02_live_data_by_tag.bin --base-label-file experiments/pq_drift_1m_aris_main_20260522/labels/base_labels_1000000.spmat --query-bin /mnt/bak3/lzg/PipeANN-github/experiments/r116_suite_pq16_aris_20260520_072453/data/sift_query_1000.bin --truthset-bin experiments/pq_drift_1m_aris_main_20260522/truth/phaseC_cycle02_intersect_u100.bin --query-label-file /mnt/bak3/lzg/PipeANN-github/experiments/r116_suite_pq16_aris_20260520_072453/labels/query_1000_u100.spmat --selector-type intersect --query-limit 1000,98.55,,10.632627010345459,taskset -c 0-15 /mnt/bak3/lzg/PipeANN-github/build/tests/dynamic_update_suite_driver --mode measure-dynamic-search --source-prefix /mnt/bak3/lzg/PipeANN-supersector32k-work/indexes/phaseC_cycle02_no_retrain_after_insert_super32k --jsonl-output /mnt/bak3/lzg/PipeANN-github/experiments/supersector32k_packing_aris_20260523/tmp/full_cycle02_no_retrain_across_cycles_intersect_u100_69.jsonl --insert-threads 16 --search-threads 1 --merge-threads 16 --build-l 220 --build-r 116 --beamwidth 4 --k 10 --cpu-cap 16 --metric l2 --route graph --search-l 400 --data-bin experiments/pq_drift_1m_aris_main_20260522/data/phaseC_cycle02_live_data_by_tag.bin --base-label-file experiments/pq_drift_1m_aris_main_20260522/labels/base_labels_1000000.spmat --query-bin /mnt/bak3/lzg/PipeANN-github/experiments/r116_suite_pq16_aris_20260520_072453/data/sift_query_1000.bin --truthset-bin experiments/pq_drift_1m_aris_main_20260522/truth/phaseC_cycle02_intersect_u100.bin --query-label-file /mnt/bak3/lzg/PipeANN-github/experiments/r116_suite_pq16_aris_20260520_072453/labels/query_1000_u100.spmat --selector-type intersect --query-limit 1000,,graph,297608,284284,400,/mnt/bak3/lzg/PipeANN-supersector32k-work/indexes/phaseC_cycle02_no_retrain_after_insert_super32k,ok,,,,,,152038,1,0,,experiments/pq_drift_1m_aris_main_20260522/indexes/phaseC_cycle02_no_retrain_after_insert,/mnt/bak3/lzg/PipeANN-supersector32k-work/indexes/phaseC_cycle02_no_retrain_after_insert_super32k,8.846643
prefilter,155.675125,,,,,,,,,,1000.0,,,cycle02_no_retrain_across_cycles_range_u1e-03,75,0-15,16,True,,0.155761,0,0,,10000,0,16,supersector32k,1000000,285720,152038,1000.0,52.369,152038,measure-dynamic-search,154.42,167.038,205.191,4096,full,4096,1000000,16,1000,285720,6420.085973,1376,285720,/mnt/bak3/lzg/PipeANN-github/build/tests/dynamic_update_suite_driver --mode measure-dynamic-search --source-prefix /mnt/bak3/lzg/PipeANN-supersector32k-work/indexes/phaseC_cycle02_no_retrain_after_insert_super32k --jsonl-output /mnt/bak3/lzg/PipeANN-github/experiments/supersector32k_packing_aris_20260523/tmp/full_cycle02_no_retrain_across_cycles_range_u1e-03_70.jsonl --insert-threads 16 --search-threads 1 --merge-threads 16 --build-l 220 --build-r 116 --beamwidth 4 --k 10 --cpu-cap 16 --metric l2 --route prefilter --search-l 75 --data-bin experiments/pq_drift_1m_aris_main_20260522/data/phaseC_cycle02_live_data_by_tag.bin --base-label-file experiments/pq_drift_1m_aris_main_20260522/labels/base_labels_1000000.spmat --query-bin /mnt/bak3/lzg/PipeANN-github/experiments/r116_suite_pq16_aris_20260520_072453/data/sift_query_1000.bin --truthset-bin experiments/pq_drift_1m_aris_main_20260522/truth/phaseC_cycle02_range_u1e-03.bin --query-label-file /mnt/bak3/lzg/PipeANN-github/experiments/r116_suite_pq16_aris_20260520_072453/labels/query_1000_range_u1e-03.spmat --selector-type range --query-limit 1000,99.92,,1.692009449005127,taskset -c 0-15 /mnt/bak3/lzg/PipeANN-github/build/tests/dynamic_update_suite_driver --mode measure-dynamic-search --source-prefix /mnt/bak3/lzg/PipeANN-supersector32k-work/indexes/phaseC_cycle02_no_retrain_after_insert_super32k --jsonl-output /mnt/bak3/lzg/PipeANN-github/experiments/supersector32k_packing_aris_20260523/tmp/full_cycle02_no_retrain_across_cycles_range_u1e-03_70.jsonl --insert-threads 16 --search-threads 1 --merge-threads 16 --build-l 220 --build-r 116 --beamwidth 4 --k 10 --cpu-cap 16 --metric l2 --route prefilter --search-l 75 --data-bin experiments/pq_drift_1m_aris_main_20260522/data/phaseC_cycle02_live_data_by_tag.bin --base-label-file experiments/pq_drift_1m_aris_main_20260522/labels/base_labels_1000000.spmat --query-bin /mnt/bak3/lzg/PipeANN-github/experiments/r116_suite_pq16_aris_20260520_072453/data/sift_query_1000.bin --truthset-bin experiments/pq_drift_1m_aris_main_20260522/truth/phaseC_cycle02_range_u1e-03.bin --query-label-file /mnt/bak3/lzg/PipeANN-github/experiments/r116_suite_pq16_aris_20260520_072453/labels/query_1000_range_u1e-03.spmat --selector-type range --query-limit 1000,,prefilter,285720,284344,75,/mnt/bak3/lzg/PipeANN-supersector32k-work/indexes/phaseC_cycle02_no_retrain_after_insert_super32k,ok,,,,,,152038,1,0,,experiments/pq_drift_1m_aris_main_20260522/indexes/phaseC_cycle02_no_retrain_after_insert,/mnt/bak3/lzg/PipeANN-supersector32k-work/indexes/phaseC_cycle02_no_retrain_after_insert_super32k,0.155761
prefilter,210.944085,,,,,,,,,,3000.0,,,cycle02_no_retrain_across_cycles_range_u3e-03,50,0-15,16,True,,0.211069,0,0,,10000,0,16,supersector32k,1000000,285676,152038,3000.0,67.794,152038,measure-dynamic-search,207.393,230.577,267.215,4096,full,4096,1000000,16,1000,285676,4737.79828,1436,285676,/mnt/bak3/lzg/PipeANN-github/build/tests/dynamic_update_suite_driver --mode measure-dynamic-search --source-prefix /mnt/bak3/lzg/PipeANN-supersector32k-work/indexes/phaseC_cycle02_no_retrain_after_insert_super32k --jsonl-output /mnt/bak3/lzg/PipeANN-github/experiments/supersector32k_packing_aris_20260523/tmp/full_cycle02_no_retrain_across_cycles_range_u3e-03_71.jsonl --insert-threads 16 --search-threads 1 --merge-threads 16 --build-l 220 --build-r 116 --beamwidth 4 --k 10 --cpu-cap 16 --metric l2 --route prefilter --search-l 50 --data-bin experiments/pq_drift_1m_aris_main_20260522/data/phaseC_cycle02_live_data_by_tag.bin --base-label-file experiments/pq_drift_1m_aris_main_20260522/labels/base_labels_1000000.spmat --query-bin /mnt/bak3/lzg/PipeANN-github/experiments/r116_suite_pq16_aris_20260520_072453/data/sift_query_1000.bin --truthset-bin experiments/pq_drift_1m_aris_main_20260522/truth/phaseC_cycle02_range_u3e-03.bin --query-label-file /mnt/bak3/lzg/PipeANN-github/experiments/r116_suite_pq16_aris_20260520_072453/labels/query_1000_range_u3e-03.spmat --selector-type range --query-limit 1000,99.79,,1.9524765014648438,taskset -c 0-15 /mnt/bak3/lzg/PipeANN-github/build/tests/dynamic_update_suite_driver --mode measure-dynamic-search --source-prefix /mnt/bak3/lzg/PipeANN-supersector32k-work/indexes/phaseC_cycle02_no_retrain_after_insert_super32k --jsonl-output /mnt/bak3/lzg/PipeANN-github/experiments/supersector32k_packing_aris_20260523/tmp/full_cycle02_no_retrain_across_cycles_range_u3e-03_71.jsonl --insert-threads 16 --search-threads 1 --merge-threads 16 --build-l 220 --build-r 116 --beamwidth 4 --k 10 --cpu-cap 16 --metric l2 --route prefilter --search-l 50 --data-bin experiments/pq_drift_1m_aris_main_20260522/data/phaseC_cycle02_live_data_by_tag.bin --base-label-file experiments/pq_drift_1m_aris_main_20260522/labels/base_labels_1000000.spmat --query-bin /mnt/bak3/lzg/PipeANN-github/experiments/r116_suite_pq16_aris_20260520_072453/data/sift_query_1000.bin --truthset-bin experiments/pq_drift_1m_aris_main_20260522/truth/phaseC_cycle02_range_u3e-03.bin --query-label-file /mnt/bak3/lzg/PipeANN-github/experiments/r116_suite_pq16_aris_20260520_072453/labels/query_1000_range_u3e-03.spmat --selector-type range --query-limit 1000,,prefilter,285676,284240,50,/mnt/bak3/lzg/PipeANN-supersector32k-work/indexes/phaseC_cycle02_no_retrain_after_insert_super32k,ok,,,,,,152038,1,0,,experiments/pq_drift_1m_aris_main_20260522/indexes/phaseC_cycle02_no_retrain_after_insert,/mnt/bak3/lzg/PipeANN-supersector32k-work/indexes/phaseC_cycle02_no_retrain_after_insert_super32k,0.211069
prefilter,427.872958,,,,,,,,,,10000.0,,,cycle02_no_retrain_across_cycles_range_u1e-02,50,0-15,16,True,,0.428008,0,0,,10000,0,16,supersector32k,1000000,285560,152038,10000.0,143.056,152038,measure-dynamic-search,423.593,459.131,494.634,4096,full,4096,1000000,16,1000,285560,2336.404059,1248,285560,/mnt/bak3/lzg/PipeANN-github/build/tests/dynamic_update_suite_driver --mode measure-dynamic-search --source-prefix /mnt/bak3/lzg/PipeANN-supersector32k-work/indexes/phaseC_cycle02_no_retrain_after_insert_super32k --jsonl-output /mnt/bak3/lzg/PipeANN-github/experiments/supersector32k_packing_aris_20260523/tmp/full_cycle02_no_retrain_across_cycles_range_u1e-02_72.jsonl --insert-threads 16 --search-threads 1 --merge-threads 16 --build-l 220 --build-r 116 --beamwidth 4 --k 10 --cpu-cap 16 --metric l2 --route prefilter --search-l 50 --data-bin experiments/pq_drift_1m_aris_main_20260522/data/phaseC_cycle02_live_data_by_tag.bin --base-label-file experiments/pq_drift_1m_aris_main_20260522/labels/base_labels_1000000.spmat --query-bin /mnt/bak3/lzg/PipeANN-github/experiments/r116_suite_pq16_aris_20260520_072453/data/sift_query_1000.bin --truthset-bin experiments/pq_drift_1m_aris_main_20260522/truth/phaseC_cycle02_range_u1e-02.bin --query-label-file /mnt/bak3/lzg/PipeANN-github/experiments/r116_suite_pq16_aris_20260520_072453/labels/query_1000_range_u1e-02.spmat --selector-type range --query-limit 1000,99.65,,1.9334869384765625,taskset -c 0-15 /mnt/bak3/lzg/PipeANN-github/build/tests/dynamic_update_suite_driver --mode measure-dynamic-search --source-prefix /mnt/bak3/lzg/PipeANN-supersector32k-work/indexes/phaseC_cycle02_no_retrain_after_insert_super32k --jsonl-output /mnt/bak3/lzg/PipeANN-github/experiments/supersector32k_packing_aris_20260523/tmp/full_cycle02_no_retrain_across_cycles_range_u1e-02_72.jsonl --insert-threads 16 --search-threads 1 --merge-threads 16 --build-l 220 --build-r 116 --beamwidth 4 --k 10 --cpu-cap 16 --metric l2 --route prefilter --search-l 50 --data-bin experiments/pq_drift_1m_aris_main_20260522/data/phaseC_cycle02_live_data_by_tag.bin --base-label-file experiments/pq_drift_1m_aris_main_20260522/labels/base_labels_1000000.spmat --query-bin /mnt/bak3/lzg/PipeANN-github/experiments/r116_suite_pq16_aris_20260520_072453/data/sift_query_1000.bin --truthset-bin experiments/pq_drift_1m_aris_main_20260522/truth/phaseC_cycle02_range_u1e-02.bin --query-label-file /mnt/bak3/lzg/PipeANN-github/experiments/r116_suite_pq16_aris_20260520_072453/labels/query_1000_range_u1e-02.spmat --selector-type range --query-limit 1000,,prefilter,285560,284312,50,/mnt/bak3/lzg/PipeANN-supersector32k-work/indexes/phaseC_cycle02_no_retrain_after_insert_super32k,ok,,,,,,152038,1,0,,experiments/pq_drift_1m_aris_main_20260522/indexes/phaseC_cycle02_no_retrain_after_insert,/mnt/bak3/lzg/PipeANN-supersector32k-work/indexes/phaseC_cycle02_no_retrain_after_insert_super32k,0.428008
prefilter,1145.240646,,,,,,,,,,50000.0,,,cycle02_no_retrain_across_cycles_range_u5e-02,100,0-15,16,True,,1.145452,0,0,,10000,0,16,supersector32k,1000000,287664,152038,50000.0,241.713,152038,measure-dynamic-search,1130.558,1214.979,1240.52,4096,full,4096,1000000,16,1000,287664,873.0179,1276,287664,/mnt/bak3/lzg/PipeANN-github/build/tests/dynamic_update_suite_driver --mode measure-dynamic-search --source-prefix /mnt/bak3/lzg/PipeANN-supersector32k-work/indexes/phaseC_cycle02_no_retrain_after_insert_super32k --jsonl-output /mnt/bak3/lzg/PipeANN-github/experiments/supersector32k_packing_aris_20260523/tmp/full_cycle02_no_retrain_across_cycles_range_u5e-02_73.jsonl --insert-threads 16 --search-threads 1 --merge-threads 16 --build-l 220 --build-r 116 --beamwidth 4 --k 10 --cpu-cap 16 --metric l2 --route prefilter --search-l 100 --data-bin experiments/pq_drift_1m_aris_main_20260522/data/phaseC_cycle02_live_data_by_tag.bin --base-label-file experiments/pq_drift_1m_aris_main_20260522/labels/base_labels_1000000.spmat --query-bin /mnt/bak3/lzg/PipeANN-github/experiments/r116_suite_pq16_aris_20260520_072453/data/sift_query_1000.bin --truthset-bin experiments/pq_drift_1m_aris_main_20260522/truth/phaseC_cycle02_range_u5e-02.bin --query-label-file /mnt/bak3/lzg/PipeANN-github/experiments/r116_suite_pq16_aris_20260520_072453/labels/query_1000_range_u5e-02.spmat --selector-type range --query-limit 1000,99.25,,2.680039644241333,taskset -c 0-15 /mnt/bak3/lzg/PipeANN-github/build/tests/dynamic_update_suite_driver --mode measure-dynamic-search --source-prefix /mnt/bak3/lzg/PipeANN-supersector32k-work/indexes/phaseC_cycle02_no_retrain_after_insert_super32k --jsonl-output /mnt/bak3/lzg/PipeANN-github/experiments/supersector32k_packing_aris_20260523/tmp/full_cycle02_no_retrain_across_cycles_range_u5e-02_73.jsonl --insert-threads 16 --search-threads 1 --merge-threads 16 --build-l 220 --build-r 116 --beamwidth 4 --k 10 --cpu-cap 16 --metric l2 --route prefilter --search-l 100 --data-bin experiments/pq_drift_1m_aris_main_20260522/data/phaseC_cycle02_live_data_by_tag.bin --base-label-file experiments/pq_drift_1m_aris_main_20260522/labels/base_labels_1000000.spmat --query-bin /mnt/bak3/lzg/PipeANN-github/experiments/r116_suite_pq16_aris_20260520_072453/data/sift_query_1000.bin --truthset-bin experiments/pq_drift_1m_aris_main_20260522/truth/phaseC_cycle02_range_u5e-02.bin --query-label-file /mnt/bak3/lzg/PipeANN-github/experiments/r116_suite_pq16_aris_20260520_072453/labels/query_1000_range_u5e-02.spmat --selector-type range --query-limit 1000,,prefilter,287664,286388,100,/mnt/bak3/lzg/PipeANN-supersector32k-work/indexes/phaseC_cycle02_no_retrain_after_insert_super32k,ok,,,,,,152038,1,0,,experiments/pq_drift_1m_aris_main_20260522/indexes/phaseC_cycle02_no_retrain_after_insert,/mnt/bak3/lzg/PipeANN-supersector32k-work/indexes/phaseC_cycle02_no_retrain_after_insert_super32k,1.145452
prefilter,1795.877938,,,,,,,,,,100000.0,,,cycle02_no_retrain_across_cycles_range_u1e-01,150,0-15,16,True,,1.796049,0,0,,10000,0,16,supersector32k,1000000,287748,152038,100000.0,281.102,152038,measure-dynamic-search,1761.051,1985.76,2004.118,4096,full,4096,1000000,16,1000,287748,556.777761,1212,287748,/mnt/bak3/lzg/PipeANN-github/build/tests/dynamic_update_suite_driver --mode measure-dynamic-search --source-prefix /mnt/bak3/lzg/PipeANN-supersector32k-work/indexes/phaseC_cycle02_no_retrain_after_insert_super32k --jsonl-output /mnt/bak3/lzg/PipeANN-github/experiments/supersector32k_packing_aris_20260523/tmp/full_cycle02_no_retrain_across_cycles_range_u1e-01_74.jsonl --insert-threads 16 --search-threads 1 --merge-threads 16 --build-l 220 --build-r 116 --beamwidth 4 --k 10 --cpu-cap 16 --metric l2 --route prefilter --search-l 150 --data-bin experiments/pq_drift_1m_aris_main_20260522/data/phaseC_cycle02_live_data_by_tag.bin --base-label-file experiments/pq_drift_1m_aris_main_20260522/labels/base_labels_1000000.spmat --query-bin /mnt/bak3/lzg/PipeANN-github/experiments/r116_suite_pq16_aris_20260520_072453/data/sift_query_1000.bin --truthset-bin experiments/pq_drift_1m_aris_main_20260522/truth/phaseC_cycle02_range_u1e-01.bin --query-label-file /mnt/bak3/lzg/PipeANN-github/experiments/r116_suite_pq16_aris_20260520_072453/labels/query_1000_range_u1e-01.spmat --selector-type range --query-limit 1000,98.58,,3.3488337993621826,taskset -c 0-15 /mnt/bak3/lzg/PipeANN-github/build/tests/dynamic_update_suite_driver --mode measure-dynamic-search --source-prefix /mnt/bak3/lzg/PipeANN-supersector32k-work/indexes/phaseC_cycle02_no_retrain_after_insert_super32k --jsonl-output /mnt/bak3/lzg/PipeANN-github/experiments/supersector32k_packing_aris_20260523/tmp/full_cycle02_no_retrain_across_cycles_range_u1e-01_74.jsonl --insert-threads 16 --search-threads 1 --merge-threads 16 --build-l 220 --build-r 116 --beamwidth 4 --k 10 --cpu-cap 16 --metric l2 --route prefilter --search-l 150 --data-bin experiments/pq_drift_1m_aris_main_20260522/data/phaseC_cycle02_live_data_by_tag.bin --base-label-file experiments/pq_drift_1m_aris_main_20260522/labels/base_labels_1000000.spmat --query-bin /mnt/bak3/lzg/PipeANN-github/experiments/r116_suite_pq16_aris_20260520_072453/data/sift_query_1000.bin --truthset-bin experiments/pq_drift_1m_aris_main_20260522/truth/phaseC_cycle02_range_u1e-01.bin --query-label-file /mnt/bak3/lzg/PipeANN-github/experiments/r116_suite_pq16_aris_20260520_072453/labels/query_1000_range_u1e-01.spmat --selector-type range --query-limit 1000,,prefilter,287748,286536,150,/mnt/bak3/lzg/PipeANN-supersector32k-work/indexes/phaseC_cycle02_no_retrain_after_insert_super32k,ok,,,,,,152038,1,0,,experiments/pq_drift_1m_aris_main_20260522/indexes/phaseC_cycle02_no_retrain_after_insert,/mnt/bak3/lzg/PipeANN-supersector32k-work/indexes/phaseC_cycle02_no_retrain_after_insert_super32k,1.796049
prefilter,3714.866731,,,,,,,,,,250000.0,,,cycle02_no_retrain_across_cycles_range_u25,100,0-15,16,True,,3.715153,0,0,,10000,0,16,supersector32k,1000000,285464,152038,250000.0,424.061,152038,measure-dynamic-search,3670.836,3905.233,3957.314,4096,full,4096,1000000,16,1000,285464,269.167947,1204,285464,/mnt/bak3/lzg/PipeANN-github/build/tests/dynamic_update_suite_driver --mode measure-dynamic-search --source-prefix /mnt/bak3/lzg/PipeANN-supersector32k-work/indexes/phaseC_cycle02_no_retrain_after_insert_super32k --jsonl-output /mnt/bak3/lzg/PipeANN-github/experiments/supersector32k_packing_aris_20260523/tmp/full_cycle02_no_retrain_across_cycles_range_u25_75.jsonl --insert-threads 16 --search-threads 1 --merge-threads 16 --build-l 220 --build-r 116 --beamwidth 4 --k 10 --cpu-cap 16 --metric l2 --route prefilter --search-l 100 --data-bin experiments/pq_drift_1m_aris_main_20260522/data/phaseC_cycle02_live_data_by_tag.bin --base-label-file experiments/pq_drift_1m_aris_main_20260522/labels/base_labels_1000000.spmat --query-bin /mnt/bak3/lzg/PipeANN-github/experiments/r116_suite_pq16_aris_20260520_072453/data/sift_query_1000.bin --truthset-bin experiments/pq_drift_1m_aris_main_20260522/truth/phaseC_cycle02_range_u25.bin --query-label-file /mnt/bak3/lzg/PipeANN-github/experiments/r116_suite_pq16_aris_20260520_072453/labels/query_1000_range_u25.spmat --selector-type range --query-limit 1000,98.37,,5.2814788818359375,taskset -c 0-15 /mnt/bak3/lzg/PipeANN-github/build/tests/dynamic_update_suite_driver --mode measure-dynamic-search --source-prefix /mnt/bak3/lzg/PipeANN-supersector32k-work/indexes/phaseC_cycle02_no_retrain_after_insert_super32k --jsonl-output /mnt/bak3/lzg/PipeANN-github/experiments/supersector32k_packing_aris_20260523/tmp/full_cycle02_no_retrain_across_cycles_range_u25_75.jsonl --insert-threads 16 --search-threads 1 --merge-threads 16 --build-l 220 --build-r 116 --beamwidth 4 --k 10 --cpu-cap 16 --metric l2 --route prefilter --search-l 100 --data-bin experiments/pq_drift_1m_aris_main_20260522/data/phaseC_cycle02_live_data_by_tag.bin --base-label-file experiments/pq_drift_1m_aris_main_20260522/labels/base_labels_1000000.spmat --query-bin /mnt/bak3/lzg/PipeANN-github/experiments/r116_suite_pq16_aris_20260520_072453/data/sift_query_1000.bin --truthset-bin experiments/pq_drift_1m_aris_main_20260522/truth/phaseC_cycle02_range_u25.bin --query-label-file /mnt/bak3/lzg/PipeANN-github/experiments/r116_suite_pq16_aris_20260520_072453/labels/query_1000_range_u25.spmat --selector-type range --query-limit 1000,,prefilter,261068,284260,100,/mnt/bak3/lzg/PipeANN-supersector32k-work/indexes/phaseC_cycle02_no_retrain_after_insert_super32k,ok,,,,,,152038,1,0,,experiments/pq_drift_1m_aris_main_20260522/indexes/phaseC_cycle02_no_retrain_after_insert,/mnt/bak3/lzg/PipeANN-supersector32k-work/indexes/phaseC_cycle02_no_retrain_after_insert_super32k,3.715153
prefilter,4339.296915,,,,,,,,,,300000.0,,,cycle02_no_retrain_across_cycles_range_u30,50,0-15,16,True,,4.339491,0,0,,10000,0,16,supersector32k,1000000,285640,152038,300000.0,480.839,152038,measure-dynamic-search,4296.073,4531.964,4580.374,4096,full,4096,1000000,16,1000,285640,230.441768,1292,285640,/mnt/bak3/lzg/PipeANN-github/build/tests/dynamic_update_suite_driver --mode measure-dynamic-search --source-prefix /mnt/bak3/lzg/PipeANN-supersector32k-work/indexes/phaseC_cycle02_no_retrain_after_insert_super32k --jsonl-output /mnt/bak3/lzg/PipeANN-github/experiments/supersector32k_packing_aris_20260523/tmp/full_cycle02_no_retrain_across_cycles_range_u30_76.jsonl --insert-threads 16 --search-threads 1 --merge-threads 16 --build-l 220 --build-r 116 --beamwidth 4 --k 10 --cpu-cap 16 --metric l2 --route prefilter --search-l 50 --data-bin experiments/pq_drift_1m_aris_main_20260522/data/phaseC_cycle02_live_data_by_tag.bin --base-label-file experiments/pq_drift_1m_aris_main_20260522/labels/base_labels_1000000.spmat --query-bin /mnt/bak3/lzg/PipeANN-github/experiments/r116_suite_pq16_aris_20260520_072453/data/sift_query_1000.bin --truthset-bin experiments/pq_drift_1m_aris_main_20260522/truth/phaseC_cycle02_range_u30.bin --query-label-file /mnt/bak3/lzg/PipeANN-github/experiments/r116_suite_pq16_aris_20260520_072453/labels/query_1000_range_u30.spmat --selector-type range --query-limit 1000,98.0,,5.904076337814331,taskset -c 0-15 /mnt/bak3/lzg/PipeANN-github/build/tests/dynamic_update_suite_driver --mode measure-dynamic-search --source-prefix /mnt/bak3/lzg/PipeANN-supersector32k-work/indexes/phaseC_cycle02_no_retrain_after_insert_super32k --jsonl-output /mnt/bak3/lzg/PipeANN-github/experiments/supersector32k_packing_aris_20260523/tmp/full_cycle02_no_retrain_across_cycles_range_u30_76.jsonl --insert-threads 16 --search-threads 1 --merge-threads 16 --build-l 220 --build-r 116 --beamwidth 4 --k 10 --cpu-cap 16 --metric l2 --route prefilter --search-l 50 --data-bin experiments/pq_drift_1m_aris_main_20260522/data/phaseC_cycle02_live_data_by_tag.bin --base-label-file experiments/pq_drift_1m_aris_main_20260522/labels/base_labels_1000000.spmat --query-bin /mnt/bak3/lzg/PipeANN-github/experiments/r116_suite_pq16_aris_20260520_072453/data/sift_query_1000.bin --truthset-bin experiments/pq_drift_1m_aris_main_20260522/truth/phaseC_cycle02_range_u30.bin --query-label-file /mnt/bak3/lzg/PipeANN-github/experiments/r116_suite_pq16_aris_20260520_072453/labels/query_1000_range_u30.spmat --selector-type range --query-limit 1000,,prefilter,285640,284348,50,/mnt/bak3/lzg/PipeANN-supersector32k-work/indexes/phaseC_cycle02_no_retrain_after_insert_super32k,ok,,,,,,152038,1,0,,experiments/pq_drift_1m_aris_main_20260522/indexes/phaseC_cycle02_no_retrain_after_insert,/mnt/bak3/lzg/PipeANN-supersector32k-work/indexes/phaseC_cycle02_no_retrain_after_insert_super32k,4.339491
prefilter,6803.987722,,,,,,,,,,500000.0,,,cycle02_no_retrain_across_cycles_range_u50,250,0-15,16,True,,6.80427,0,0,,10000,0,16,supersector32k,1000000,285524,152038,500000.0,667.778,152038,measure-dynamic-search,6746.338,7123.15,7817.41,4096,full,4096,1000000,16,1000,285524,146.966535,1208,285524,/mnt/bak3/lzg/PipeANN-github/build/tests/dynamic_update_suite_driver --mode measure-dynamic-search --source-prefix /mnt/bak3/lzg/PipeANN-supersector32k-work/indexes/phaseC_cycle02_no_retrain_after_insert_super32k --jsonl-output /mnt/bak3/lzg/PipeANN-github/experiments/supersector32k_packing_aris_20260523/tmp/full_cycle02_no_retrain_across_cycles_range_u50_77.jsonl --insert-threads 16 --search-threads 1 --merge-threads 16 --build-l 220 --build-r 116 --beamwidth 4 --k 10 --cpu-cap 16 --metric l2 --route prefilter --search-l 250 --data-bin experiments/pq_drift_1m_aris_main_20260522/data/phaseC_cycle02_live_data_by_tag.bin --base-label-file experiments/pq_drift_1m_aris_main_20260522/labels/base_labels_1000000.spmat --query-bin /mnt/bak3/lzg/PipeANN-github/experiments/r116_suite_pq16_aris_20260520_072453/data/sift_query_1000.bin --truthset-bin experiments/pq_drift_1m_aris_main_20260522/truth/phaseC_cycle02_range_u50.bin --query-label-file /mnt/bak3/lzg/PipeANN-github/experiments/r116_suite_pq16_aris_20260520_072453/labels/query_1000_range_u50.spmat --selector-type range --query-limit 1000,98.52,,8.401777029037476,taskset -c 0-15 /mnt/bak3/lzg/PipeANN-github/build/tests/dynamic_update_suite_driver --mode measure-dynamic-search --source-prefix /mnt/bak3/lzg/PipeANN-supersector32k-work/indexes/phaseC_cycle02_no_retrain_after_insert_super32k --jsonl-output /mnt/bak3/lzg/PipeANN-github/experiments/supersector32k_packing_aris_20260523/tmp/full_cycle02_no_retrain_across_cycles_range_u50_77.jsonl --insert-threads 16 --search-threads 1 --merge-threads 16 --build-l 220 --build-r 116 --beamwidth 4 --k 10 --cpu-cap 16 --metric l2 --route prefilter --search-l 250 --data-bin experiments/pq_drift_1m_aris_main_20260522/data/phaseC_cycle02_live_data_by_tag.bin --base-label-file experiments/pq_drift_1m_aris_main_20260522/labels/base_labels_1000000.spmat --query-bin /mnt/bak3/lzg/PipeANN-github/experiments/r116_suite_pq16_aris_20260520_072453/data/sift_query_1000.bin --truthset-bin experiments/pq_drift_1m_aris_main_20260522/truth/phaseC_cycle02_range_u50.bin --query-label-file /mnt/bak3/lzg/PipeANN-github/experiments/r116_suite_pq16_aris_20260520_072453/labels/query_1000_range_u50.spmat --selector-type range --query-limit 1000,,prefilter,285472,284316,250,/mnt/bak3/lzg/PipeANN-supersector32k-work/indexes/phaseC_cycle02_no_retrain_after_insert_super32k,ok,,,,,,152038,1,0,,experiments/pq_drift_1m_aris_main_20260522/indexes/phaseC_cycle02_no_retrain_after_insert,/mnt/bak3/lzg/PipeANN-supersector32k-work/indexes/phaseC_cycle02_no_retrain_after_insert_super32k,6.80427
mixed,8892.586351,,,,,,,,,,750000.0,,,cycle02_no_retrain_across_cycles_range_u75,400,0-15,16,True,,8.892789,0,1000,,10000,0,16,supersector32k,1000000,297572,152038,750000.0,58.145,152038,measure-dynamic-search,8880.686,9225.145,9430.769,4096,full,4096,1000000,16,0,297572,112.450667,13228,297572,/mnt/bak3/lzg/PipeANN-github/build/tests/dynamic_update_suite_driver --mode measure-dynamic-search --source-prefix /mnt/bak3/lzg/PipeANN-supersector32k-work/indexes/phaseC_cycle02_no_retrain_after_insert_super32k --jsonl-output /mnt/bak3/lzg/PipeANN-github/experiments/supersector32k_packing_aris_20260523/tmp/full_cycle02_no_retrain_across_cycles_range_u75_78.jsonl --insert-threads 16 --search-threads 1 --merge-threads 16 --build-l 220 --build-r 116 --beamwidth 4 --k 10 --cpu-cap 16 --metric l2 --route graph --search-l 400 --data-bin experiments/pq_drift_1m_aris_main_20260522/data/phaseC_cycle02_live_data_by_tag.bin --base-label-file experiments/pq_drift_1m_aris_main_20260522/labels/base_labels_1000000.spmat --query-bin /mnt/bak3/lzg/PipeANN-github/experiments/r116_suite_pq16_aris_20260520_072453/data/sift_query_1000.bin --truthset-bin experiments/pq_drift_1m_aris_main_20260522/truth/phaseC_cycle02_range_u75.bin --query-label-file /mnt/bak3/lzg/PipeANN-github/experiments/r116_suite_pq16_aris_20260520_072453/labels/query_1000_range_u75.spmat --selector-type range --query-limit 1000,98.06,,10.481090545654297,taskset -c 0-15 /mnt/bak3/lzg/PipeANN-github/build/tests/dynamic_update_suite_driver --mode measure-dynamic-search --source-prefix /mnt/bak3/lzg/PipeANN-supersector32k-work/indexes/phaseC_cycle02_no_retrain_after_insert_super32k --jsonl-output /mnt/bak3/lzg/PipeANN-github/experiments/supersector32k_packing_aris_20260523/tmp/full_cycle02_no_retrain_across_cycles_range_u75_78.jsonl --insert-threads 16 --search-threads 1 --merge-threads 16 --build-l 220 --build-r 116 --beamwidth 4 --k 10 --cpu-cap 16 --metric l2 --route graph --search-l 400 --data-bin experiments/pq_drift_1m_aris_main_20260522/data/phaseC_cycle02_live_data_by_tag.bin --base-label-file experiments/pq_drift_1m_aris_main_20260522/labels/base_labels_1000000.spmat --query-bin /mnt/bak3/lzg/PipeANN-github/experiments/r116_suite_pq16_aris_20260520_072453/data/sift_query_1000.bin --truthset-bin experiments/pq_drift_1m_aris_main_20260522/truth/phaseC_cycle02_range_u75.bin --query-label-file /mnt/bak3/lzg/PipeANN-github/experiments/r116_suite_pq16_aris_20260520_072453/labels/query_1000_range_u75.spmat --selector-type range --query-limit 1000,,graph,297572,284344,400,/mnt/bak3/lzg/PipeANN-supersector32k-work/indexes/phaseC_cycle02_no_retrain_after_insert_super32k,ok,,,,,,152038,1,0,,experiments/pq_drift_1m_aris_main_20260522/indexes/phaseC_cycle02_no_retrain_after_insert,/mnt/bak3/lzg/PipeANN-supersector32k-work/indexes/phaseC_cycle02_no_retrain_after_insert_super32k,8.892789
mixed,8909.694109,,,,,,,,,,1000000.0,,,cycle02_no_retrain_across_cycles_range_u100,400,0-15,16,True,,8.909871,0,1000,,10000,0,16,supersector32k,1000000,299600,152038,1000000.0,60.594,152038,measure-dynamic-search,8892.004,9257.196,9489.977,4096,full,4096,1000000,16,0,299600,112.235075,13104,299600,/mnt/bak3/lzg/PipeANN-github/build/tests/dynamic_update_suite_driver --mode measure-dynamic-search --source-prefix /mnt/bak3/lzg/PipeANN-supersector32k-work/indexes/phaseC_cycle02_no_retrain_after_insert_super32k --jsonl-output /mnt/bak3/lzg/PipeANN-github/experiments/supersector32k_packing_aris_20260523/tmp/full_cycle02_no_retrain_across_cycles_range_u100_79.jsonl --insert-threads 16 --search-threads 1 --merge-threads 16 --build-l 220 --build-r 116 --beamwidth 4 --k 10 --cpu-cap 16 --metric l2 --route graph --search-l 400 --data-bin experiments/pq_drift_1m_aris_main_20260522/data/phaseC_cycle02_live_data_by_tag.bin --base-label-file experiments/pq_drift_1m_aris_main_20260522/labels/base_labels_1000000.spmat --query-bin /mnt/bak3/lzg/PipeANN-github/experiments/r116_suite_pq16_aris_20260520_072453/data/sift_query_1000.bin --truthset-bin experiments/pq_drift_1m_aris_main_20260522/truth/phaseC_cycle02_range_u100.bin --query-label-file /mnt/bak3/lzg/PipeANN-github/experiments/r116_suite_pq16_aris_20260520_072453/labels/query_1000_range_u100.spmat --selector-type range --query-limit 1000,98.55,,10.652897119522095,taskset -c 0-15 /mnt/bak3/lzg/PipeANN-github/build/tests/dynamic_update_suite_driver --mode measure-dynamic-search --source-prefix /mnt/bak3/lzg/PipeANN-supersector32k-work/indexes/phaseC_cycle02_no_retrain_after_insert_super32k --jsonl-output /mnt/bak3/lzg/PipeANN-github/experiments/supersector32k_packing_aris_20260523/tmp/full_cycle02_no_retrain_across_cycles_range_u100_79.jsonl --insert-threads 16 --search-threads 1 --merge-threads 16 --build-l 220 --build-r 116 --beamwidth 4 --k 10 --cpu-cap 16 --metric l2 --route graph --search-l 400 --data-bin experiments/pq_drift_1m_aris_main_20260522/data/phaseC_cycle02_live_data_by_tag.bin --base-label-file experiments/pq_drift_1m_aris_main_20260522/labels/base_labels_1000000.spmat --query-bin /mnt/bak3/lzg/PipeANN-github/experiments/r116_suite_pq16_aris_20260520_072453/data/sift_query_1000.bin --truthset-bin experiments/pq_drift_1m_aris_main_20260522/truth/phaseC_cycle02_range_u100.bin --query-label-file /mnt/bak3/lzg/PipeANN-github/experiments/r116_suite_pq16_aris_20260520_072453/labels/query_1000_range_u100.spmat --selector-type range --query-limit 1000,,graph,299600,286496,400,/mnt/bak3/lzg/PipeANN-supersector32k-work/indexes/phaseC_cycle02_no_retrain_after_insert_super32k,ok,,,,,,152038,1,0,,experiments/pq_drift_1m_aris_main_20260522/indexes/phaseC_cycle02_no_retrain_after_insert,/mnt/bak3/lzg/PipeANN-supersector32k-work/indexes/phaseC_cycle02_no_retrain_after_insert_super32k,8.909871
prefilter,136.822944,,,,,,,,,,1000.0,,,cycle03_retrain_each_cycle_intersect_u1e-03,50,0-15,16,True,,0.136884,0,0,,10000,0,16,supersector32k,1000000,281588,152335,1000.0,50.886,152335,measure-dynamic-search,135.165,145.802,156.318,4096,full,4096,1000000,16,1000,281588,7305.471031,984,281588,/mnt/bak3/lzg/PipeANN-github/build/tests/dynamic_update_suite_driver --mode measure-dynamic-search --source-prefix /mnt/bak3/lzg/PipeANN-supersector32k-work/indexes/phaseC_cycle03_retrain_each_cycle_super32k --jsonl-output /mnt/bak3/lzg/PipeANN-github/experiments/supersector32k_packing_aris_20260523/tmp/full_cycle03_retrain_each_cycle_intersect_u1e-03_80.jsonl --insert-threads 16 --search-threads 1 --merge-threads 16 --build-l 220 --build-r 116 --beamwidth 4 --k 10 --cpu-cap 16 --metric l2 --route prefilter --search-l 50 --data-bin experiments/pq_drift_1m_aris_main_20260522/data/phaseC_cycle03_live_data_by_tag.bin --base-label-file experiments/pq_drift_1m_aris_main_20260522/labels/base_labels_1000000.spmat --query-bin /mnt/bak3/lzg/PipeANN-github/experiments/r116_suite_pq16_aris_20260520_072453/data/sift_query_1000.bin --truthset-bin experiments/pq_drift_1m_aris_main_20260522/truth/phaseC_cycle03_intersect_u1e-03.bin --query-label-file /mnt/bak3/lzg/PipeANN-github/experiments/r116_suite_pq16_aris_20260520_072453/labels/query_1000_u1e-03.spmat --selector-type intersect --query-limit 1000,99.96,,1.4737811088562012,taskset -c 0-15 /mnt/bak3/lzg/PipeANN-github/build/tests/dynamic_update_suite_driver --mode measure-dynamic-search --source-prefix /mnt/bak3/lzg/PipeANN-supersector32k-work/indexes/phaseC_cycle03_retrain_each_cycle_super32k --jsonl-output /mnt/bak3/lzg/PipeANN-github/experiments/supersector32k_packing_aris_20260523/tmp/full_cycle03_retrain_each_cycle_intersect_u1e-03_80.jsonl --insert-threads 16 --search-threads 1 --merge-threads 16 --build-l 220 --build-r 116 --beamwidth 4 --k 10 --cpu-cap 16 --metric l2 --route prefilter --search-l 50 --data-bin experiments/pq_drift_1m_aris_main_20260522/data/phaseC_cycle03_live_data_by_tag.bin --base-label-file experiments/pq_drift_1m_aris_main_20260522/labels/base_labels_1000000.spmat --query-bin /mnt/bak3/lzg/PipeANN-github/experiments/r116_suite_pq16_aris_20260520_072453/data/sift_query_1000.bin --truthset-bin experiments/pq_drift_1m_aris_main_20260522/truth/phaseC_cycle03_intersect_u1e-03.bin --query-label-file /mnt/bak3/lzg/PipeANN-github/experiments/r116_suite_pq16_aris_20260520_072453/labels/query_1000_u1e-03.spmat --selector-type intersect --query-limit 1000,,prefilter,281588,280604,50,/mnt/bak3/lzg/PipeANN-supersector32k-work/indexes/phaseC_cycle03_retrain_each_cycle_super32k,ok,,,,,,152335,1,0,,experiments/pq_drift_1m_aris_main_20260522/indexes/phaseC_cycle03_retrain_each_cycle,/mnt/bak3/lzg/PipeANN-supersector32k-work/indexes/phaseC_cycle03_retrain_each_cycle_super32k,0.136884
prefilter,174.292185,,,,,,,,,,3000.0,,,cycle03_retrain_each_cycle_intersect_u3e-03,50,0-15,16,True,,0.174352,0,0,,10000,0,16,supersector32k,1000000,283888,152335,3000.0,50.891,152335,measure-dynamic-search,172.61,182.885,211.622,4096,full,4096,1000000,16,1000,283888,5735.535414,1172,283888,/mnt/bak3/lzg/PipeANN-github/build/tests/dynamic_update_suite_driver --mode measure-dynamic-search --source-prefix /mnt/bak3/lzg/PipeANN-supersector32k-work/indexes/phaseC_cycle03_retrain_each_cycle_super32k --jsonl-output /mnt/bak3/lzg/PipeANN-github/experiments/supersector32k_packing_aris_20260523/tmp/full_cycle03_retrain_each_cycle_intersect_u3e-03_81.jsonl --insert-threads 16 --search-threads 1 --merge-threads 16 --build-l 220 --build-r 116 --beamwidth 4 --k 10 --cpu-cap 16 --metric l2 --route prefilter --search-l 50 --data-bin experiments/pq_drift_1m_aris_main_20260522/data/phaseC_cycle03_live_data_by_tag.bin --base-label-file experiments/pq_drift_1m_aris_main_20260522/labels/base_labels_1000000.spmat --query-bin /mnt/bak3/lzg/PipeANN-github/experiments/r116_suite_pq16_aris_20260520_072453/data/sift_query_1000.bin --truthset-bin experiments/pq_drift_1m_aris_main_20260522/truth/phaseC_cycle03_intersect_u3e-03.bin --query-label-file /mnt/bak3/lzg/PipeANN-github/experiments/r116_suite_pq16_aris_20260520_072453/labels/query_1000_u3e-03.spmat --selector-type intersect --query-limit 1000,99.46,,1.523634433746338,taskset -c 0-15 /mnt/bak3/lzg/PipeANN-github/build/tests/dynamic_update_suite_driver --mode measure-dynamic-search --source-prefix /mnt/bak3/lzg/PipeANN-supersector32k-work/indexes/phaseC_cycle03_retrain_each_cycle_super32k --jsonl-output /mnt/bak3/lzg/PipeANN-github/experiments/supersector32k_packing_aris_20260523/tmp/full_cycle03_retrain_each_cycle_intersect_u3e-03_81.jsonl --insert-threads 16 --search-threads 1 --merge-threads 16 --build-l 220 --build-r 116 --beamwidth 4 --k 10 --cpu-cap 16 --metric l2 --route prefilter --search-l 50 --data-bin experiments/pq_drift_1m_aris_main_20260522/data/phaseC_cycle03_live_data_by_tag.bin --base-label-file experiments/pq_drift_1m_aris_main_20260522/labels/base_labels_1000000.spmat --query-bin /mnt/bak3/lzg/PipeANN-github/experiments/r116_suite_pq16_aris_20260520_072453/data/sift_query_1000.bin --truthset-bin experiments/pq_drift_1m_aris_main_20260522/truth/phaseC_cycle03_intersect_u3e-03.bin --query-label-file /mnt/bak3/lzg/PipeANN-github/experiments/r116_suite_pq16_aris_20260520_072453/labels/query_1000_u3e-03.spmat --selector-type intersect --query-limit 1000,,prefilter,283888,282716,50,/mnt/bak3/lzg/PipeANN-supersector32k-work/indexes/phaseC_cycle03_retrain_each_cycle_super32k,ok,,,,,,152335,1,0,,experiments/pq_drift_1m_aris_main_20260522/indexes/phaseC_cycle03_retrain_each_cycle,/mnt/bak3/lzg/PipeANN-supersector32k-work/indexes/phaseC_cycle03_retrain_each_cycle_super32k,0.174352
prefilter,309.884382,,,,,,,,,,10000.0,,,cycle03_retrain_each_cycle_intersect_u1e-02,50,0-15,16,True,,0.309979,0,0,,10000,0,16,supersector32k,1000000,281620,152335,10000.0,60.016,152335,measure-dynamic-search,307.32,323.872,353.779,4096,full,4096,1000000,16,1000,281620,3226.026508,984,281620,/mnt/bak3/lzg/PipeANN-github/build/tests/dynamic_update_suite_driver --mode measure-dynamic-search --source-prefix /mnt/bak3/lzg/PipeANN-supersector32k-work/indexes/phaseC_cycle03_retrain_each_cycle_super32k --jsonl-output /mnt/bak3/lzg/PipeANN-github/experiments/supersector32k_packing_aris_20260523/tmp/full_cycle03_retrain_each_cycle_intersect_u1e-02_82.jsonl --insert-threads 16 --search-threads 1 --merge-threads 16 --build-l 220 --build-r 116 --beamwidth 4 --k 10 --cpu-cap 16 --metric l2 --route prefilter --search-l 50 --data-bin experiments/pq_drift_1m_aris_main_20260522/data/phaseC_cycle03_live_data_by_tag.bin --base-label-file experiments/pq_drift_1m_aris_main_20260522/labels/base_labels_1000000.spmat --query-bin /mnt/bak3/lzg/PipeANN-github/experiments/r116_suite_pq16_aris_20260520_072453/data/sift_query_1000.bin --truthset-bin experiments/pq_drift_1m_aris_main_20260522/truth/phaseC_cycle03_intersect_u1e-02.bin --query-label-file /mnt/bak3/lzg/PipeANN-github/experiments/r116_suite_pq16_aris_20260520_072453/labels/query_1000_u1e-02.spmat --selector-type intersect --query-limit 1000,99.53,,1.623826503753662,taskset -c 0-15 /mnt/bak3/lzg/PipeANN-github/build/tests/dynamic_update_suite_driver --mode measure-dynamic-search --source-prefix /mnt/bak3/lzg/PipeANN-supersector32k-work/indexes/phaseC_cycle03_retrain_each_cycle_super32k --jsonl-output /mnt/bak3/lzg/PipeANN-github/experiments/supersector32k_packing_aris_20260523/tmp/full_cycle03_retrain_each_cycle_intersect_u1e-02_82.jsonl --insert-threads 16 --search-threads 1 --merge-threads 16 --build-l 220 --build-r 116 --beamwidth 4 --k 10 --cpu-cap 16 --metric l2 --route prefilter --search-l 50 --data-bin experiments/pq_drift_1m_aris_main_20260522/data/phaseC_cycle03_live_data_by_tag.bin --base-label-file experiments/pq_drift_1m_aris_main_20260522/labels/base_labels_1000000.spmat --query-bin /mnt/bak3/lzg/PipeANN-github/experiments/r116_suite_pq16_aris_20260520_072453/data/sift_query_1000.bin --truthset-bin experiments/pq_drift_1m_aris_main_20260522/truth/phaseC_cycle03_intersect_u1e-02.bin --query-label-file /mnt/bak3/lzg/PipeANN-github/experiments/r116_suite_pq16_aris_20260520_072453/labels/query_1000_u1e-02.spmat --selector-type intersect --query-limit 1000,,prefilter,281620,280636,50,/mnt/bak3/lzg/PipeANN-supersector32k-work/indexes/phaseC_cycle03_retrain_each_cycle_super32k,ok,,,,,,152335,1,0,,experiments/pq_drift_1m_aris_main_20260522/indexes/phaseC_cycle03_retrain_each_cycle,/mnt/bak3/lzg/PipeANN-supersector32k-work/indexes/phaseC_cycle03_retrain_each_cycle_super32k,0.309979
prefilter,898.707851,,,,,,,,,,50000.0,,,cycle03_retrain_each_cycle_intersect_u5e-02,50,0-15,16,True,,0.898835,0,0,,10000,0,16,supersector32k,1000000,281596,152335,50000.0,104.292,152335,measure-dynamic-search,900.515,967.133,996.421,4096,full,4096,1000000,16,1000,281596,1112.550856,984,281596,/mnt/bak3/lzg/PipeANN-github/build/tests/dynamic_update_suite_driver --mode measure-dynamic-search --source-prefix /mnt/bak3/lzg/PipeANN-supersector32k-work/indexes/phaseC_cycle03_retrain_each_cycle_super32k --jsonl-output /mnt/bak3/lzg/PipeANN-github/experiments/supersector32k_packing_aris_20260523/tmp/full_cycle03_retrain_each_cycle_intersect_u5e-02_83.jsonl --insert-threads 16 --search-threads 1 --merge-threads 16 --build-l 220 --build-r 116 --beamwidth 4 --k 10 --cpu-cap 16 --metric l2 --route prefilter --search-l 50 --data-bin experiments/pq_drift_1m_aris_main_20260522/data/phaseC_cycle03_live_data_by_tag.bin --base-label-file experiments/pq_drift_1m_aris_main_20260522/labels/base_labels_1000000.spmat --query-bin /mnt/bak3/lzg/PipeANN-github/experiments/r116_suite_pq16_aris_20260520_072453/data/sift_query_1000.bin --truthset-bin experiments/pq_drift_1m_aris_main_20260522/truth/phaseC_cycle03_intersect_u5e-02.bin --query-label-file /mnt/bak3/lzg/PipeANN-github/experiments/r116_suite_pq16_aris_20260520_072453/labels/query_1000_u5e-02.spmat --selector-type intersect --query-limit 1000,99.15,,2.2490179538726807,taskset -c 0-15 /mnt/bak3/lzg/PipeANN-github/build/tests/dynamic_update_suite_driver --mode measure-dynamic-search --source-prefix /mnt/bak3/lzg/PipeANN-supersector32k-work/indexes/phaseC_cycle03_retrain_each_cycle_super32k --jsonl-output /mnt/bak3/lzg/PipeANN-github/experiments/supersector32k_packing_aris_20260523/tmp/full_cycle03_retrain_each_cycle_intersect_u5e-02_83.jsonl --insert-threads 16 --search-threads 1 --merge-threads 16 --build-l 220 --build-r 116 --beamwidth 4 --k 10 --cpu-cap 16 --metric l2 --route prefilter --search-l 50 --data-bin experiments/pq_drift_1m_aris_main_20260522/data/phaseC_cycle03_live_data_by_tag.bin --base-label-file experiments/pq_drift_1m_aris_main_20260522/labels/base_labels_1000000.spmat --query-bin /mnt/bak3/lzg/PipeANN-github/experiments/r116_suite_pq16_aris_20260520_072453/data/sift_query_1000.bin --truthset-bin experiments/pq_drift_1m_aris_main_20260522/truth/phaseC_cycle03_intersect_u5e-02.bin --query-label-file /mnt/bak3/lzg/PipeANN-github/experiments/r116_suite_pq16_aris_20260520_072453/labels/query_1000_u5e-02.spmat --selector-type intersect --query-limit 1000,,prefilter,281596,280612,50,/mnt/bak3/lzg/PipeANN-supersector32k-work/indexes/phaseC_cycle03_retrain_each_cycle_super32k,ok,,,,,,152335,1,0,,experiments/pq_drift_1m_aris_main_20260522/indexes/phaseC_cycle03_retrain_each_cycle,/mnt/bak3/lzg/PipeANN-supersector32k-work/indexes/phaseC_cycle03_retrain_each_cycle_super32k,0.898835
prefilter,1618.327013,,,,,,,,,,100000.0,,,cycle03_retrain_each_cycle_intersect_u1e-01,50,0-15,16,True,,1.618453,0,0,,10000,0,16,supersector32k,1000000,281816,152335,100000.0,149.302,152335,measure-dynamic-search,1558.987,1792.434,1815.445,4096,full,4096,1000000,16,1000,281816,617.874066,1028,281816,/mnt/bak3/lzg/PipeANN-github/build/tests/dynamic_update_suite_driver --mode measure-dynamic-search --source-prefix /mnt/bak3/lzg/PipeANN-supersector32k-work/indexes/phaseC_cycle03_retrain_each_cycle_super32k --jsonl-output /mnt/bak3/lzg/PipeANN-github/experiments/supersector32k_packing_aris_20260523/tmp/full_cycle03_retrain_each_cycle_intersect_u1e-01_84.jsonl --insert-threads 16 --search-threads 1 --merge-threads 16 --build-l 220 --build-r 116 --beamwidth 4 --k 10 --cpu-cap 16 --metric l2 --route prefilter --search-l 50 --data-bin experiments/pq_drift_1m_aris_main_20260522/data/phaseC_cycle03_live_data_by_tag.bin --base-label-file experiments/pq_drift_1m_aris_main_20260522/labels/base_labels_1000000.spmat --query-bin /mnt/bak3/lzg/PipeANN-github/experiments/r116_suite_pq16_aris_20260520_072453/data/sift_query_1000.bin --truthset-bin experiments/pq_drift_1m_aris_main_20260522/truth/phaseC_cycle03_intersect_u1e-01.bin --query-label-file /mnt/bak3/lzg/PipeANN-github/experiments/r116_suite_pq16_aris_20260520_072453/labels/query_1000_u1e-01.spmat --selector-type intersect --query-limit 1000,98.74,,2.763543128967285,taskset -c 0-15 /mnt/bak3/lzg/PipeANN-github/build/tests/dynamic_update_suite_driver --mode measure-dynamic-search --source-prefix /mnt/bak3/lzg/PipeANN-supersector32k-work/indexes/phaseC_cycle03_retrain_each_cycle_super32k --jsonl-output /mnt/bak3/lzg/PipeANN-github/experiments/supersector32k_packing_aris_20260523/tmp/full_cycle03_retrain_each_cycle_intersect_u1e-01_84.jsonl --insert-threads 16 --search-threads 1 --merge-threads 16 --build-l 220 --build-r 116 --beamwidth 4 --k 10 --cpu-cap 16 --metric l2 --route prefilter --search-l 50 --data-bin experiments/pq_drift_1m_aris_main_20260522/data/phaseC_cycle03_live_data_by_tag.bin --base-label-file experiments/pq_drift_1m_aris_main_20260522/labels/base_labels_1000000.spmat --query-bin /mnt/bak3/lzg/PipeANN-github/experiments/r116_suite_pq16_aris_20260520_072453/data/sift_query_1000.bin --truthset-bin experiments/pq_drift_1m_aris_main_20260522/truth/phaseC_cycle03_intersect_u1e-01.bin --query-label-file /mnt/bak3/lzg/PipeANN-github/experiments/r116_suite_pq16_aris_20260520_072453/labels/query_1000_u1e-01.spmat --selector-type intersect --query-limit 1000,,prefilter,281816,280788,50,/mnt/bak3/lzg/PipeANN-supersector32k-work/indexes/phaseC_cycle03_retrain_each_cycle_super32k,ok,,,,,,152335,1,0,,experiments/pq_drift_1m_aris_main_20260522/indexes/phaseC_cycle03_retrain_each_cycle,/mnt/bak3/lzg/PipeANN-supersector32k-work/indexes/phaseC_cycle03_retrain_each_cycle_super32k,1.618453
prefilter,3870.385362,,,,,,,,,,250000.0,,,cycle03_retrain_each_cycle_intersect_u25,400,0-15,16,True,,3.870552,0,0,,10000,0,16,supersector32k,1000000,281680,152335,250000.0,311.062,152335,measure-dynamic-search,3799.154,4074.411,4505.649,4096,full,4096,1000000,16,1000,281680,258.361075,980,281680,/mnt/bak3/lzg/PipeANN-github/build/tests/dynamic_update_suite_driver --mode measure-dynamic-search --source-prefix /mnt/bak3/lzg/PipeANN-supersector32k-work/indexes/phaseC_cycle03_retrain_each_cycle_super32k --jsonl-output /mnt/bak3/lzg/PipeANN-github/experiments/supersector32k_packing_aris_20260523/tmp/full_cycle03_retrain_each_cycle_intersect_u25_85.jsonl --insert-threads 16 --search-threads 1 --merge-threads 16 --build-l 220 --build-r 116 --beamwidth 4 --k 10 --cpu-cap 16 --metric l2 --route prefilter --search-l 400 --data-bin experiments/pq_drift_1m_aris_main_20260522/data/phaseC_cycle03_live_data_by_tag.bin --base-label-file experiments/pq_drift_1m_aris_main_20260522/labels/base_labels_1000000.spmat --query-bin /mnt/bak3/lzg/PipeANN-github/experiments/r116_suite_pq16_aris_20260520_072453/data/sift_query_1000.bin --truthset-bin experiments/pq_drift_1m_aris_main_20260522/truth/phaseC_cycle03_intersect_u25.bin --query-label-file /mnt/bak3/lzg/PipeANN-github/experiments/r116_suite_pq16_aris_20260520_072453/labels/query_1000_u25.spmat --selector-type intersect --query-limit 1000,98.22,,5.029629945755005,taskset -c 0-15 /mnt/bak3/lzg/PipeANN-github/build/tests/dynamic_update_suite_driver --mode measure-dynamic-search --source-prefix /mnt/bak3/lzg/PipeANN-supersector32k-work/indexes/phaseC_cycle03_retrain_each_cycle_super32k --jsonl-output /mnt/bak3/lzg/PipeANN-github/experiments/supersector32k_packing_aris_20260523/tmp/full_cycle03_retrain_each_cycle_intersect_u25_85.jsonl --insert-threads 16 --search-threads 1 --merge-threads 16 --build-l 220 --build-r 116 --beamwidth 4 --k 10 --cpu-cap 16 --metric l2 --route prefilter --search-l 400 --data-bin experiments/pq_drift_1m_aris_main_20260522/data/phaseC_cycle03_live_data_by_tag.bin --base-label-file experiments/pq_drift_1m_aris_main_20260522/labels/base_labels_1000000.spmat --query-bin /mnt/bak3/lzg/PipeANN-github/experiments/r116_suite_pq16_aris_20260520_072453/data/sift_query_1000.bin --truthset-bin experiments/pq_drift_1m_aris_main_20260522/truth/phaseC_cycle03_intersect_u25.bin --query-label-file /mnt/bak3/lzg/PipeANN-github/experiments/r116_suite_pq16_aris_20260520_072453/labels/query_1000_u25.spmat --selector-type intersect --query-limit 1000,,prefilter,257396,280700,400,/mnt/bak3/lzg/PipeANN-supersector32k-work/indexes/phaseC_cycle03_retrain_each_cycle_super32k,ok,,,,,,152335,1,0,,experiments/pq_drift_1m_aris_main_20260522/indexes/phaseC_cycle03_retrain_each_cycle,/mnt/bak3/lzg/PipeANN-supersector32k-work/indexes/phaseC_cycle03_retrain_each_cycle_super32k,3.870552
prefilter,4474.657011,,,,,,,,,,300000.0,,,cycle03_retrain_each_cycle_intersect_u30,400,0-15,16,True,,4.474857,0,0,,10000,0,16,supersector32k,1000000,283828,152335,300000.0,362.327,152335,measure-dynamic-search,4422.539,4653.1,4683.53,4096,full,4096,1000000,16,1000,283828,223.470807,1232,283828,/mnt/bak3/lzg/PipeANN-github/build/tests/dynamic_update_suite_driver --mode measure-dynamic-search --source-prefix /mnt/bak3/lzg/PipeANN-supersector32k-work/indexes/phaseC_cycle03_retrain_each_cycle_super32k --jsonl-output /mnt/bak3/lzg/PipeANN-github/experiments/supersector32k_packing_aris_20260523/tmp/full_cycle03_retrain_each_cycle_intersect_u30_86.jsonl --insert-threads 16 --search-threads 1 --merge-threads 16 --build-l 220 --build-r 116 --beamwidth 4 --k 10 --cpu-cap 16 --metric l2 --route prefilter --search-l 400 --data-bin experiments/pq_drift_1m_aris_main_20260522/data/phaseC_cycle03_live_data_by_tag.bin --base-label-file experiments/pq_drift_1m_aris_main_20260522/labels/base_labels_1000000.spmat --query-bin /mnt/bak3/lzg/PipeANN-github/experiments/r116_suite_pq16_aris_20260520_072453/data/sift_query_1000.bin --truthset-bin experiments/pq_drift_1m_aris_main_20260522/truth/phaseC_cycle03_intersect_u30.bin --query-label-file /mnt/bak3/lzg/PipeANN-github/experiments/r116_suite_pq16_aris_20260520_072453/labels/query_1000_u30.spmat --selector-type intersect --query-limit 1000,98.21,,5.66611123085022,taskset -c 0-15 /mnt/bak3/lzg/PipeANN-github/build/tests/dynamic_update_suite_driver --mode measure-dynamic-search --source-prefix /mnt/bak3/lzg/PipeANN-supersector32k-work/indexes/phaseC_cycle03_retrain_each_cycle_super32k --jsonl-output /mnt/bak3/lzg/PipeANN-github/experiments/supersector32k_packing_aris_20260523/tmp/full_cycle03_retrain_each_cycle_intersect_u30_86.jsonl --insert-threads 16 --search-threads 1 --merge-threads 16 --build-l 220 --build-r 116 --beamwidth 4 --k 10 --cpu-cap 16 --metric l2 --route prefilter --search-l 400 --data-bin experiments/pq_drift_1m_aris_main_20260522/data/phaseC_cycle03_live_data_by_tag.bin --base-label-file experiments/pq_drift_1m_aris_main_20260522/labels/base_labels_1000000.spmat --query-bin /mnt/bak3/lzg/PipeANN-github/experiments/r116_suite_pq16_aris_20260520_072453/data/sift_query_1000.bin --truthset-bin experiments/pq_drift_1m_aris_main_20260522/truth/phaseC_cycle03_intersect_u30.bin --query-label-file /mnt/bak3/lzg/PipeANN-github/experiments/r116_suite_pq16_aris_20260520_072453/labels/query_1000_u30.spmat --selector-type intersect --query-limit 1000,,prefilter,283828,282596,400,/mnt/bak3/lzg/PipeANN-supersector32k-work/indexes/phaseC_cycle03_retrain_each_cycle_super32k,ok,,,,,,152335,1,0,,experiments/pq_drift_1m_aris_main_20260522/indexes/phaseC_cycle03_retrain_each_cycle,/mnt/bak3/lzg/PipeANN-supersector32k-work/indexes/phaseC_cycle03_retrain_each_cycle_super32k,4.474857
prefilter,6972.933755,,,,,,,,,,500000.0,,,cycle03_retrain_each_cycle_intersect_u50,400,0-15,16,True,,6.973146,0,0,,10000,0,16,supersector32k,1000000,281732,152335,500000.0,576.012,152335,measure-dynamic-search,6911.865,7145.444,7186.793,4096,full,4096,1000000,16,1000,281732,143.407299,1164,281732,/mnt/bak3/lzg/PipeANN-github/build/tests/dynamic_update_suite_driver --mode measure-dynamic-search --source-prefix /mnt/bak3/lzg/PipeANN-supersector32k-work/indexes/phaseC_cycle03_retrain_each_cycle_super32k --jsonl-output /mnt/bak3/lzg/PipeANN-github/experiments/supersector32k_packing_aris_20260523/tmp/full_cycle03_retrain_each_cycle_intersect_u50_87.jsonl --insert-threads 16 --search-threads 1 --merge-threads 16 --build-l 220 --build-r 116 --beamwidth 4 --k 10 --cpu-cap 16 --metric l2 --route prefilter --search-l 400 --data-bin experiments/pq_drift_1m_aris_main_20260522/data/phaseC_cycle03_live_data_by_tag.bin --base-label-file experiments/pq_drift_1m_aris_main_20260522/labels/base_labels_1000000.spmat --query-bin /mnt/bak3/lzg/PipeANN-github/experiments/r116_suite_pq16_aris_20260520_072453/data/sift_query_1000.bin --truthset-bin experiments/pq_drift_1m_aris_main_20260522/truth/phaseC_cycle03_intersect_u50.bin --query-label-file /mnt/bak3/lzg/PipeANN-github/experiments/r116_suite_pq16_aris_20260520_072453/labels/query_1000_u50.spmat --selector-type intersect --query-limit 1000,98.35,,8.161332368850708,taskset -c 0-15 /mnt/bak3/lzg/PipeANN-github/build/tests/dynamic_update_suite_driver --mode measure-dynamic-search --source-prefix /mnt/bak3/lzg/PipeANN-supersector32k-work/indexes/phaseC_cycle03_retrain_each_cycle_super32k --jsonl-output /mnt/bak3/lzg/PipeANN-github/experiments/supersector32k_packing_aris_20260523/tmp/full_cycle03_retrain_each_cycle_intersect_u50_87.jsonl --insert-threads 16 --search-threads 1 --merge-threads 16 --build-l 220 --build-r 116 --beamwidth 4 --k 10 --cpu-cap 16 --metric l2 --route prefilter --search-l 400 --data-bin experiments/pq_drift_1m_aris_main_20260522/data/phaseC_cycle03_live_data_by_tag.bin --base-label-file experiments/pq_drift_1m_aris_main_20260522/labels/base_labels_1000000.spmat --query-bin /mnt/bak3/lzg/PipeANN-github/experiments/r116_suite_pq16_aris_20260520_072453/data/sift_query_1000.bin --truthset-bin experiments/pq_drift_1m_aris_main_20260522/truth/phaseC_cycle03_intersect_u50.bin --query-label-file /mnt/bak3/lzg/PipeANN-github/experiments/r116_suite_pq16_aris_20260520_072453/labels/query_1000_u50.spmat --selector-type intersect --query-limit 1000,,prefilter,281544,280568,400,/mnt/bak3/lzg/PipeANN-supersector32k-work/indexes/phaseC_cycle03_retrain_each_cycle_super32k,ok,,,,,,152335,1,0,,experiments/pq_drift_1m_aris_main_20260522/indexes/phaseC_cycle03_retrain_each_cycle,/mnt/bak3/lzg/PipeANN-supersector32k-work/indexes/phaseC_cycle03_retrain_each_cycle_super32k,6.973146
graph,9739.934271,10008.70559,9846.569166,10161.846,98.03,10333.68,98.03,graph,450,4,750000.0,auto,446,cycle03_retrain_each_cycle_intersect_u75,446,0-15,16,True,,9.740125,0,0,,10000,1000,16,supersector32k_page_aware_slots,1000000,294172,152335,750000.0,17.116,152335,measure-dynamic-search,9743.502,10158.11,10444.12,,targeted_replacement_super32k_v3,,1000000,16,0,294172,102.668091,13484,294172,/mnt/bak3/lzg/PipeANN-github/build/tests/dynamic_update_suite_driver --mode measure-dynamic-search --source-prefix /mnt/bak3/lzg/PipeANN-supersector32k-work/indexes/phaseC_cycle03_retrain_each_cycle_super32k --jsonl-output /mnt/bak3/lzg/PipeANN-github/experiments/supersector32k_packing_aris_20260523/tmp/targeted_v3_019_cycle03_retrain_each_cycle_intersect_u75_auto_L446_fine_auto.jsonl --insert-threads 16 --search-threads 1 --merge-threads 16 --build-l 220 --build-r 116 --beamwidth 4 --k 10 --cpu-cap 16 --metric l2 --route auto --search-l 446 --data-bin experiments/pq_drift_1m_aris_main_20260522/data/phaseC_cycle03_live_data_by_tag.bin --base-label-file experiments/pq_drift_1m_aris_main_20260522/labels/base_labels_1000000.spmat --query-bin /mnt/bak3/lzg/PipeANN-github/experiments/r116_suite_pq16_aris_20260520_072453/data/sift_query_1000.bin --truthset-bin experiments/pq_drift_1m_aris_main_20260522/truth/phaseC_cycle03_intersect_u75.bin --query-label-file /mnt/bak3/lzg/PipeANN-github/experiments/r116_suite_pq16_aris_20260520_072453/labels/query_1000_u75.spmat --selector-type intersect --query-limit 1000,98.01,cycle03_retrain_each_cycle_intersect_u75,,,targeted_replacement_super32k_v3,auto,294172,280688,446,/mnt/bak3/lzg/PipeANN-supersector32k-work/indexes/phaseC_cycle03_retrain_each_cycle_super32k,ok,,fine_auto,10.90044641494751,taskset -c 0-15 /mnt/bak3/lzg/PipeANN-github/build/tests/dynamic_update_suite_driver --mode measure-dynamic-search --source-prefix /mnt/bak3/lzg/PipeANN-supersector32k-work/indexes/phaseC_cycle03_retrain_each_cycle_super32k --jsonl-output /mnt/bak3/lzg/PipeANN-github/experiments/supersector32k_packing_aris_20260523/tmp/targeted_v3_019_cycle03_retrain_each_cycle_intersect_u75_auto_L446_fine_auto.jsonl --insert-threads 16 --search-threads 1 --merge-threads 16 --build-l 220 --build-r 116 --beamwidth 4 --k 10 --cpu-cap 16 --metric l2 --route auto --search-l 446 --data-bin experiments/pq_drift_1m_aris_main_20260522/data/phaseC_cycle03_live_data_by_tag.bin --base-label-file experiments/pq_drift_1m_aris_main_20260522/labels/base_labels_1000000.spmat --query-bin /mnt/bak3/lzg/PipeANN-github/experiments/r116_suite_pq16_aris_20260520_072453/data/sift_query_1000.bin --truthset-bin experiments/pq_drift_1m_aris_main_20260522/truth/phaseC_cycle03_intersect_u75.bin --query-label-file /mnt/bak3/lzg/PipeANN-github/experiments/r116_suite_pq16_aris_20260520_072453/labels/query_1000_u75.spmat --selector-type intersect --query-limit 1000,0,152335,1,0,,,,9.740125
graph,8795.504237,,,,,,,,,,1000000.0,,,cycle03_retrain_each_cycle_intersect_u100,400,0-15,16,True,,8.795698,0,0,,10000,1000,16,supersector32k,1000000,292616,152335,1000000.0,15.641,152335,measure-dynamic-search,8782.578,9093.609,9358.577,4096,full,4096,1000000,16,0,292616,113.691948,11892,292616,/mnt/bak3/lzg/PipeANN-github/build/tests/dynamic_update_suite_driver --mode measure-dynamic-search --source-prefix /mnt/bak3/lzg/PipeANN-supersector32k-work/indexes/phaseC_cycle03_retrain_each_cycle_super32k --jsonl-output /mnt/bak3/lzg/PipeANN-github/experiments/supersector32k_packing_aris_20260523/tmp/full_cycle03_retrain_each_cycle_intersect_u100_89.jsonl --insert-threads 16 --search-threads 1 --merge-threads 16 --build-l 220 --build-r 116 --beamwidth 4 --k 10 --cpu-cap 16 --metric l2 --route graph --search-l 400 --data-bin experiments/pq_drift_1m_aris_main_20260522/data/phaseC_cycle03_live_data_by_tag.bin --base-label-file experiments/pq_drift_1m_aris_main_20260522/labels/base_labels_1000000.spmat --query-bin /mnt/bak3/lzg/PipeANN-github/experiments/r116_suite_pq16_aris_20260520_072453/data/sift_query_1000.bin --truthset-bin experiments/pq_drift_1m_aris_main_20260522/truth/phaseC_cycle03_intersect_u100.bin --query-label-file /mnt/bak3/lzg/PipeANN-github/experiments/r116_suite_pq16_aris_20260520_072453/labels/query_1000_u100.spmat --selector-type intersect --query-limit 1000,98.03,,9.95017123222351,taskset -c 0-15 /mnt/bak3/lzg/PipeANN-github/build/tests/dynamic_update_suite_driver --mode measure-dynamic-search --source-prefix /mnt/bak3/lzg/PipeANN-supersector32k-work/indexes/phaseC_cycle03_retrain_each_cycle_super32k --jsonl-output /mnt/bak3/lzg/PipeANN-github/experiments/supersector32k_packing_aris_20260523/tmp/full_cycle03_retrain_each_cycle_intersect_u100_89.jsonl --insert-threads 16 --search-threads 1 --merge-threads 16 --build-l 220 --build-r 116 --beamwidth 4 --k 10 --cpu-cap 16 --metric l2 --route graph --search-l 400 --data-bin experiments/pq_drift_1m_aris_main_20260522/data/phaseC_cycle03_live_data_by_tag.bin --base-label-file experiments/pq_drift_1m_aris_main_20260522/labels/base_labels_1000000.spmat --query-bin /mnt/bak3/lzg/PipeANN-github/experiments/r116_suite_pq16_aris_20260520_072453/data/sift_query_1000.bin --truthset-bin experiments/pq_drift_1m_aris_main_20260522/truth/phaseC_cycle03_intersect_u100.bin --query-label-file /mnt/bak3/lzg/PipeANN-github/experiments/r116_suite_pq16_aris_20260520_072453/labels/query_1000_u100.spmat --selector-type intersect --query-limit 1000,,graph,292616,280724,400,/mnt/bak3/lzg/PipeANN-supersector32k-work/indexes/phaseC_cycle03_retrain_each_cycle_super32k,ok,,,,,,152335,1,0,,experiments/pq_drift_1m_aris_main_20260522/indexes/phaseC_cycle03_retrain_each_cycle,/mnt/bak3/lzg/PipeANN-supersector32k-work/indexes/phaseC_cycle03_retrain_each_cycle_super32k,8.795698
prefilter,137.817624,,,,,,,,,,1000.0,,,cycle03_retrain_each_cycle_range_u1e-03,75,0-15,16,True,,0.137884,0,0,,10000,0,16,supersector32k,1000000,281756,152335,1000.0,50.086,152335,measure-dynamic-search,135.987,146.609,160.284,4096,full,4096,1000000,16,1000,281756,7252.498078,1112,281756,/mnt/bak3/lzg/PipeANN-github/build/tests/dynamic_update_suite_driver --mode measure-dynamic-search --source-prefix /mnt/bak3/lzg/PipeANN-supersector32k-work/indexes/phaseC_cycle03_retrain_each_cycle_super32k --jsonl-output /mnt/bak3/lzg/PipeANN-github/experiments/supersector32k_packing_aris_20260523/tmp/full_cycle03_retrain_each_cycle_range_u1e-03_90.jsonl --insert-threads 16 --search-threads 1 --merge-threads 16 --build-l 220 --build-r 116 --beamwidth 4 --k 10 --cpu-cap 16 --metric l2 --route prefilter --search-l 75 --data-bin experiments/pq_drift_1m_aris_main_20260522/data/phaseC_cycle03_live_data_by_tag.bin --base-label-file experiments/pq_drift_1m_aris_main_20260522/labels/base_labels_1000000.spmat --query-bin /mnt/bak3/lzg/PipeANN-github/experiments/r116_suite_pq16_aris_20260520_072453/data/sift_query_1000.bin --truthset-bin experiments/pq_drift_1m_aris_main_20260522/truth/phaseC_cycle03_range_u1e-03.bin --query-label-file /mnt/bak3/lzg/PipeANN-github/experiments/r116_suite_pq16_aris_20260520_072453/labels/query_1000_range_u1e-03.spmat --selector-type range --query-limit 1000,99.96,,1.3359768390655518,taskset -c 0-15 /mnt/bak3/lzg/PipeANN-github/build/tests/dynamic_update_suite_driver --mode measure-dynamic-search --source-prefix /mnt/bak3/lzg/PipeANN-supersector32k-work/indexes/phaseC_cycle03_retrain_each_cycle_super32k --jsonl-output /mnt/bak3/lzg/PipeANN-github/experiments/supersector32k_packing_aris_20260523/tmp/full_cycle03_retrain_each_cycle_range_u1e-03_90.jsonl --insert-threads 16 --search-threads 1 --merge-threads 16 --build-l 220 --build-r 116 --beamwidth 4 --k 10 --cpu-cap 16 --metric l2 --route prefilter --search-l 75 --data-bin experiments/pq_drift_1m_aris_main_20260522/data/phaseC_cycle03_live_data_by_tag.bin --base-label-file experiments/pq_drift_1m_aris_main_20260522/labels/base_labels_1000000.spmat --query-bin /mnt/bak3/lzg/PipeANN-github/experiments/r116_suite_pq16_aris_20260520_072453/data/sift_query_1000.bin --truthset-bin experiments/pq_drift_1m_aris_main_20260522/truth/phaseC_cycle03_range_u1e-03.bin --query-label-file /mnt/bak3/lzg/PipeANN-github/experiments/r116_suite_pq16_aris_20260520_072453/labels/query_1000_range_u1e-03.spmat --selector-type range --query-limit 1000,,prefilter,281756,280644,75,/mnt/bak3/lzg/PipeANN-supersector32k-work/indexes/phaseC_cycle03_retrain_each_cycle_super32k,ok,,,,,,152335,1,0,,experiments/pq_drift_1m_aris_main_20260522/indexes/phaseC_cycle03_retrain_each_cycle,/mnt/bak3/lzg/PipeANN-supersector32k-work/indexes/phaseC_cycle03_retrain_each_cycle_super32k,0.137884
prefilter,181.021944,,,,,,,,,,3000.0,,,cycle03_retrain_each_cycle_range_u3e-03,75,0-15,16,True,,0.181098,0,0,,10000,0,16,supersector32k,1000000,281604,152335,3000.0,55.293,152335,measure-dynamic-search,179.432,190.1,211.86,4096,full,4096,1000000,16,1000,281604,5521.857134,984,281604,/mnt/bak3/lzg/PipeANN-github/build/tests/dynamic_update_suite_driver --mode measure-dynamic-search --source-prefix /mnt/bak3/lzg/PipeANN-supersector32k-work/indexes/phaseC_cycle03_retrain_each_cycle_super32k --jsonl-output /mnt/bak3/lzg/PipeANN-github/experiments/supersector32k_packing_aris_20260523/tmp/full_cycle03_retrain_each_cycle_range_u3e-03_91.jsonl --insert-threads 16 --search-threads 1 --merge-threads 16 --build-l 220 --build-r 116 --beamwidth 4 --k 10 --cpu-cap 16 --metric l2 --route prefilter --search-l 75 --data-bin experiments/pq_drift_1m_aris_main_20260522/data/phaseC_cycle03_live_data_by_tag.bin --base-label-file experiments/pq_drift_1m_aris_main_20260522/labels/base_labels_1000000.spmat --query-bin /mnt/bak3/lzg/PipeANN-github/experiments/r116_suite_pq16_aris_20260520_072453/data/sift_query_1000.bin --truthset-bin experiments/pq_drift_1m_aris_main_20260522/truth/phaseC_cycle03_range_u3e-03.bin --query-label-file /mnt/bak3/lzg/PipeANN-github/experiments/r116_suite_pq16_aris_20260520_072453/labels/query_1000_range_u3e-03.spmat --selector-type range --query-limit 1000,99.46,,1.5377681255340576,taskset -c 0-15 /mnt/bak3/lzg/PipeANN-github/build/tests/dynamic_update_suite_driver --mode measure-dynamic-search --source-prefix /mnt/bak3/lzg/PipeANN-supersector32k-work/indexes/phaseC_cycle03_retrain_each_cycle_super32k --jsonl-output /mnt/bak3/lzg/PipeANN-github/experiments/supersector32k_packing_aris_20260523/tmp/full_cycle03_retrain_each_cycle_range_u3e-03_91.jsonl --insert-threads 16 --search-threads 1 --merge-threads 16 --build-l 220 --build-r 116 --beamwidth 4 --k 10 --cpu-cap 16 --metric l2 --route prefilter --search-l 75 --data-bin experiments/pq_drift_1m_aris_main_20260522/data/phaseC_cycle03_live_data_by_tag.bin --base-label-file experiments/pq_drift_1m_aris_main_20260522/labels/base_labels_1000000.spmat --query-bin /mnt/bak3/lzg/PipeANN-github/experiments/r116_suite_pq16_aris_20260520_072453/data/sift_query_1000.bin --truthset-bin experiments/pq_drift_1m_aris_main_20260522/truth/phaseC_cycle03_range_u3e-03.bin --query-label-file /mnt/bak3/lzg/PipeANN-github/experiments/r116_suite_pq16_aris_20260520_072453/labels/query_1000_range_u3e-03.spmat --selector-type range --query-limit 1000,,prefilter,281604,280620,75,/mnt/bak3/lzg/PipeANN-supersector32k-work/indexes/phaseC_cycle03_retrain_each_cycle_super32k,ok,,,,,,152335,1,0,,experiments/pq_drift_1m_aris_main_20260522/indexes/phaseC_cycle03_retrain_each_cycle,/mnt/bak3/lzg/PipeANN-supersector32k-work/indexes/phaseC_cycle03_retrain_each_cycle_super32k,0.181098
prefilter,322.661078,,,,,,,,,,10000.0,,,cycle03_retrain_each_cycle_range_u1e-02,75,0-15,16,True,,0.322773,0,0,,10000,0,16,supersector32k,1000000,281776,152335,10000.0,68.449,152335,measure-dynamic-search,320.129,346.25,366.757,4096,full,4096,1000000,16,1000,281776,3098.151276,1172,281776,/mnt/bak3/lzg/PipeANN-github/build/tests/dynamic_update_suite_driver --mode measure-dynamic-search --source-prefix /mnt/bak3/lzg/PipeANN-supersector32k-work/indexes/phaseC_cycle03_retrain_each_cycle_super32k --jsonl-output /mnt/bak3/lzg/PipeANN-github/experiments/supersector32k_packing_aris_20260523/tmp/full_cycle03_retrain_each_cycle_range_u1e-02_92.jsonl --insert-threads 16 --search-threads 1 --merge-threads 16 --build-l 220 --build-r 116 --beamwidth 4 --k 10 --cpu-cap 16 --metric l2 --route prefilter --search-l 75 --data-bin experiments/pq_drift_1m_aris_main_20260522/data/phaseC_cycle03_live_data_by_tag.bin --base-label-file experiments/pq_drift_1m_aris_main_20260522/labels/base_labels_1000000.spmat --query-bin /mnt/bak3/lzg/PipeANN-github/experiments/r116_suite_pq16_aris_20260520_072453/data/sift_query_1000.bin --truthset-bin experiments/pq_drift_1m_aris_main_20260522/truth/phaseC_cycle03_range_u1e-02.bin --query-label-file /mnt/bak3/lzg/PipeANN-github/experiments/r116_suite_pq16_aris_20260520_072453/labels/query_1000_range_u1e-02.spmat --selector-type range --query-limit 1000,99.53,,1.7187738418579102,taskset -c 0-15 /mnt/bak3/lzg/PipeANN-github/build/tests/dynamic_update_suite_driver --mode measure-dynamic-search --source-prefix /mnt/bak3/lzg/PipeANN-supersector32k-work/indexes/phaseC_cycle03_retrain_each_cycle_super32k --jsonl-output /mnt/bak3/lzg/PipeANN-github/experiments/supersector32k_packing_aris_20260523/tmp/full_cycle03_retrain_each_cycle_range_u1e-02_92.jsonl --insert-threads 16 --search-threads 1 --merge-threads 16 --build-l 220 --build-r 116 --beamwidth 4 --k 10 --cpu-cap 16 --metric l2 --route prefilter --search-l 75 --data-bin experiments/pq_drift_1m_aris_main_20260522/data/phaseC_cycle03_live_data_by_tag.bin --base-label-file experiments/pq_drift_1m_aris_main_20260522/labels/base_labels_1000000.spmat --query-bin /mnt/bak3/lzg/PipeANN-github/experiments/r116_suite_pq16_aris_20260520_072453/data/sift_query_1000.bin --truthset-bin experiments/pq_drift_1m_aris_main_20260522/truth/phaseC_cycle03_range_u1e-02.bin --query-label-file /mnt/bak3/lzg/PipeANN-github/experiments/r116_suite_pq16_aris_20260520_072453/labels/query_1000_range_u1e-02.spmat --selector-type range --query-limit 1000,,prefilter,281776,280604,75,/mnt/bak3/lzg/PipeANN-supersector32k-work/indexes/phaseC_cycle03_retrain_each_cycle_super32k,ok,,,,,,152335,1,0,,experiments/pq_drift_1m_aris_main_20260522/indexes/phaseC_cycle03_retrain_each_cycle,/mnt/bak3/lzg/PipeANN-supersector32k-work/indexes/phaseC_cycle03_retrain_each_cycle_super32k,0.322773
prefilter,923.195926,,,,,,,,,,50000.0,,,cycle03_retrain_each_cycle_range_u5e-02,150,0-15,16,True,,0.923332,0,0,,10000,0,16,supersector32k,1000000,281820,152335,50000.0,118.014,152335,measure-dynamic-search,922.055,996.398,1034.477,4096,full,4096,1000000,16,1000,281820,1083.033752,1216,281820,/mnt/bak3/lzg/PipeANN-github/build/tests/dynamic_update_suite_driver --mode measure-dynamic-search --source-prefix /mnt/bak3/lzg/PipeANN-supersector32k-work/indexes/phaseC_cycle03_retrain_each_cycle_super32k --jsonl-output /mnt/bak3/lzg/PipeANN-github/experiments/supersector32k_packing_aris_20260523/tmp/full_cycle03_retrain_each_cycle_range_u5e-02_93.jsonl --insert-threads 16 --search-threads 1 --merge-threads 16 --build-l 220 --build-r 116 --beamwidth 4 --k 10 --cpu-cap 16 --metric l2 --route prefilter --search-l 150 --data-bin experiments/pq_drift_1m_aris_main_20260522/data/phaseC_cycle03_live_data_by_tag.bin --base-label-file experiments/pq_drift_1m_aris_main_20260522/labels/base_labels_1000000.spmat --query-bin /mnt/bak3/lzg/PipeANN-github/experiments/r116_suite_pq16_aris_20260520_072453/data/sift_query_1000.bin --truthset-bin experiments/pq_drift_1m_aris_main_20260522/truth/phaseC_cycle03_range_u5e-02.bin --query-label-file /mnt/bak3/lzg/PipeANN-github/experiments/r116_suite_pq16_aris_20260520_072453/labels/query_1000_range_u5e-02.spmat --selector-type range --query-limit 1000,99.15,,2.212855339050293,taskset -c 0-15 /mnt/bak3/lzg/PipeANN-github/build/tests/dynamic_update_suite_driver --mode measure-dynamic-search --source-prefix /mnt/bak3/lzg/PipeANN-supersector32k-work/indexes/phaseC_cycle03_retrain_each_cycle_super32k --jsonl-output /mnt/bak3/lzg/PipeANN-github/experiments/supersector32k_packing_aris_20260523/tmp/full_cycle03_retrain_each_cycle_range_u5e-02_93.jsonl --insert-threads 16 --search-threads 1 --merge-threads 16 --build-l 220 --build-r 116 --beamwidth 4 --k 10 --cpu-cap 16 --metric l2 --route prefilter --search-l 150 --data-bin experiments/pq_drift_1m_aris_main_20260522/data/phaseC_cycle03_live_data_by_tag.bin --base-label-file experiments/pq_drift_1m_aris_main_20260522/labels/base_labels_1000000.spmat --query-bin /mnt/bak3/lzg/PipeANN-github/experiments/r116_suite_pq16_aris_20260520_072453/data/sift_query_1000.bin --truthset-bin experiments/pq_drift_1m_aris_main_20260522/truth/phaseC_cycle03_range_u5e-02.bin --query-label-file /mnt/bak3/lzg/PipeANN-github/experiments/r116_suite_pq16_aris_20260520_072453/labels/query_1000_range_u5e-02.spmat --selector-type range --query-limit 1000,,prefilter,281820,280604,150,/mnt/bak3/lzg/PipeANN-supersector32k-work/indexes/phaseC_cycle03_retrain_each_cycle_super32k,ok,,,,,,152335,1,0,,experiments/pq_drift_1m_aris_main_20260522/indexes/phaseC_cycle03_retrain_each_cycle,/mnt/bak3/lzg/PipeANN-supersector32k-work/indexes/phaseC_cycle03_retrain_each_cycle_super32k,0.923332
prefilter,1628.305937,,,,,,,,,,100000.0,,,cycle03_retrain_each_cycle_range_u1e-01,100,0-15,16,True,,1.628434,0,0,,10000,0,16,supersector32k,1000000,281780,152335,100000.0,167.975,152335,measure-dynamic-search,1579.712,1809.623,1831.433,4096,full,4096,1000000,16,1000,281780,614.086917,1028,281780,/mnt/bak3/lzg/PipeANN-github/build/tests/dynamic_update_suite_driver --mode measure-dynamic-search --source-prefix /mnt/bak3/lzg/PipeANN-supersector32k-work/indexes/phaseC_cycle03_retrain_each_cycle_super32k --jsonl-output /mnt/bak3/lzg/PipeANN-github/experiments/supersector32k_packing_aris_20260523/tmp/full_cycle03_retrain_each_cycle_range_u1e-01_94.jsonl --insert-threads 16 --search-threads 1 --merge-threads 16 --build-l 220 --build-r 116 --beamwidth 4 --k 10 --cpu-cap 16 --metric l2 --route prefilter --search-l 100 --data-bin experiments/pq_drift_1m_aris_main_20260522/data/phaseC_cycle03_live_data_by_tag.bin --base-label-file experiments/pq_drift_1m_aris_main_20260522/labels/base_labels_1000000.spmat --query-bin /mnt/bak3/lzg/PipeANN-github/experiments/r116_suite_pq16_aris_20260520_072453/data/sift_query_1000.bin --truthset-bin experiments/pq_drift_1m_aris_main_20260522/truth/phaseC_cycle03_range_u1e-01.bin --query-label-file /mnt/bak3/lzg/PipeANN-github/experiments/r116_suite_pq16_aris_20260520_072453/labels/query_1000_range_u1e-01.spmat --selector-type range --query-limit 1000,98.74,,2.7754366397857666,taskset -c 0-15 /mnt/bak3/lzg/PipeANN-github/build/tests/dynamic_update_suite_driver --mode measure-dynamic-search --source-prefix /mnt/bak3/lzg/PipeANN-supersector32k-work/indexes/phaseC_cycle03_retrain_each_cycle_super32k --jsonl-output /mnt/bak3/lzg/PipeANN-github/experiments/supersector32k_packing_aris_20260523/tmp/full_cycle03_retrain_each_cycle_range_u1e-01_94.jsonl --insert-threads 16 --search-threads 1 --merge-threads 16 --build-l 220 --build-r 116 --beamwidth 4 --k 10 --cpu-cap 16 --metric l2 --route prefilter --search-l 100 --data-bin experiments/pq_drift_1m_aris_main_20260522/data/phaseC_cycle03_live_data_by_tag.bin --base-label-file experiments/pq_drift_1m_aris_main_20260522/labels/base_labels_1000000.spmat --query-bin /mnt/bak3/lzg/PipeANN-github/experiments/r116_suite_pq16_aris_20260520_072453/data/sift_query_1000.bin --truthset-bin experiments/pq_drift_1m_aris_main_20260522/truth/phaseC_cycle03_range_u1e-01.bin --query-label-file /mnt/bak3/lzg/PipeANN-github/experiments/r116_suite_pq16_aris_20260520_072453/labels/query_1000_range_u1e-01.spmat --selector-type range --query-limit 1000,,prefilter,281780,280752,100,/mnt/bak3/lzg/PipeANN-supersector32k-work/indexes/phaseC_cycle03_retrain_each_cycle_super32k,ok,,,,,,152335,1,0,,experiments/pq_drift_1m_aris_main_20260522/indexes/phaseC_cycle03_retrain_each_cycle,/mnt/bak3/lzg/PipeANN-supersector32k-work/indexes/phaseC_cycle03_retrain_each_cycle_super32k,1.628434
prefilter,3927.258865,,,,,,,,,,250000.0,,,cycle03_retrain_each_cycle_range_u25,400,0-15,16,True,,3.927441,0,0,,10000,0,16,supersector32k,1000000,281668,152335,250000.0,334.693,152335,measure-dynamic-search,3871.301,4101.774,4214.619,4096,full,4096,1000000,16,1000,281668,254.618694,1080,281668,/mnt/bak3/lzg/PipeANN-github/build/tests/dynamic_update_suite_driver --mode measure-dynamic-search --source-prefix /mnt/bak3/lzg/PipeANN-supersector32k-work/indexes/phaseC_cycle03_retrain_each_cycle_super32k --jsonl-output /mnt/bak3/lzg/PipeANN-github/experiments/supersector32k_packing_aris_20260523/tmp/full_cycle03_retrain_each_cycle_range_u25_95.jsonl --insert-threads 16 --search-threads 1 --merge-threads 16 --build-l 220 --build-r 116 --beamwidth 4 --k 10 --cpu-cap 16 --metric l2 --route prefilter --search-l 400 --data-bin experiments/pq_drift_1m_aris_main_20260522/data/phaseC_cycle03_live_data_by_tag.bin --base-label-file experiments/pq_drift_1m_aris_main_20260522/labels/base_labels_1000000.spmat --query-bin /mnt/bak3/lzg/PipeANN-github/experiments/r116_suite_pq16_aris_20260520_072453/data/sift_query_1000.bin --truthset-bin experiments/pq_drift_1m_aris_main_20260522/truth/phaseC_cycle03_range_u25.bin --query-label-file /mnt/bak3/lzg/PipeANN-github/experiments/r116_suite_pq16_aris_20260520_072453/labels/query_1000_range_u25.spmat --selector-type range --query-limit 1000,98.22,,5.080061197280884,taskset -c 0-15 /mnt/bak3/lzg/PipeANN-github/build/tests/dynamic_update_suite_driver --mode measure-dynamic-search --source-prefix /mnt/bak3/lzg/PipeANN-supersector32k-work/indexes/phaseC_cycle03_retrain_each_cycle_super32k --jsonl-output /mnt/bak3/lzg/PipeANN-github/experiments/supersector32k_packing_aris_20260523/tmp/full_cycle03_retrain_each_cycle_range_u25_95.jsonl --insert-threads 16 --search-threads 1 --merge-threads 16 --build-l 220 --build-r 116 --beamwidth 4 --k 10 --cpu-cap 16 --metric l2 --route prefilter --search-l 400 --data-bin experiments/pq_drift_1m_aris_main_20260522/data/phaseC_cycle03_live_data_by_tag.bin --base-label-file experiments/pq_drift_1m_aris_main_20260522/labels/base_labels_1000000.spmat --query-bin /mnt/bak3/lzg/PipeANN-github/experiments/r116_suite_pq16_aris_20260520_072453/data/sift_query_1000.bin --truthset-bin experiments/pq_drift_1m_aris_main_20260522/truth/phaseC_cycle03_range_u25.bin --query-label-file /mnt/bak3/lzg/PipeANN-github/experiments/r116_suite_pq16_aris_20260520_072453/labels/query_1000_range_u25.spmat --selector-type range --query-limit 1000,,prefilter,257048,280588,400,/mnt/bak3/lzg/PipeANN-supersector32k-work/indexes/phaseC_cycle03_retrain_each_cycle_super32k,ok,,,,,,152335,1,0,,experiments/pq_drift_1m_aris_main_20260522/indexes/phaseC_cycle03_retrain_each_cycle,/mnt/bak3/lzg/PipeANN-supersector32k-work/indexes/phaseC_cycle03_retrain_each_cycle_super32k,3.927441
prefilter,4509.886746,,,,,,,,,,300000.0,,,cycle03_retrain_each_cycle_range_u30,400,0-15,16,True,,4.510062,0,0,,10000,0,16,supersector32k,1000000,281624,152335,300000.0,390.714,152335,measure-dynamic-search,4453.838,4686.786,4714.871,4096,full,4096,1000000,16,1000,281624,221.726457,1016,281624,/mnt/bak3/lzg/PipeANN-github/build/tests/dynamic_update_suite_driver --mode measure-dynamic-search --source-prefix /mnt/bak3/lzg/PipeANN-supersector32k-work/indexes/phaseC_cycle03_retrain_each_cycle_super32k --jsonl-output /mnt/bak3/lzg/PipeANN-github/experiments/supersector32k_packing_aris_20260523/tmp/full_cycle03_retrain_each_cycle_range_u30_96.jsonl --insert-threads 16 --search-threads 1 --merge-threads 16 --build-l 220 --build-r 116 --beamwidth 4 --k 10 --cpu-cap 16 --metric l2 --route prefilter --search-l 400 --data-bin experiments/pq_drift_1m_aris_main_20260522/data/phaseC_cycle03_live_data_by_tag.bin --base-label-file experiments/pq_drift_1m_aris_main_20260522/labels/base_labels_1000000.spmat --query-bin /mnt/bak3/lzg/PipeANN-github/experiments/r116_suite_pq16_aris_20260520_072453/data/sift_query_1000.bin --truthset-bin experiments/pq_drift_1m_aris_main_20260522/truth/phaseC_cycle03_range_u30.bin --query-label-file /mnt/bak3/lzg/PipeANN-github/experiments/r116_suite_pq16_aris_20260520_072453/labels/query_1000_range_u30.spmat --selector-type range --query-limit 1000,98.21,,5.700681924819946,taskset -c 0-15 /mnt/bak3/lzg/PipeANN-github/build/tests/dynamic_update_suite_driver --mode measure-dynamic-search --source-prefix /mnt/bak3/lzg/PipeANN-supersector32k-work/indexes/phaseC_cycle03_retrain_each_cycle_super32k --jsonl-output /mnt/bak3/lzg/PipeANN-github/experiments/supersector32k_packing_aris_20260523/tmp/full_cycle03_retrain_each_cycle_range_u30_96.jsonl --insert-threads 16 --search-threads 1 --merge-threads 16 --build-l 220 --build-r 116 --beamwidth 4 --k 10 --cpu-cap 16 --metric l2 --route prefilter --search-l 400 --data-bin experiments/pq_drift_1m_aris_main_20260522/data/phaseC_cycle03_live_data_by_tag.bin --base-label-file experiments/pq_drift_1m_aris_main_20260522/labels/base_labels_1000000.spmat --query-bin /mnt/bak3/lzg/PipeANN-github/experiments/r116_suite_pq16_aris_20260520_072453/data/sift_query_1000.bin --truthset-bin experiments/pq_drift_1m_aris_main_20260522/truth/phaseC_cycle03_range_u30.bin --query-label-file /mnt/bak3/lzg/PipeANN-github/experiments/r116_suite_pq16_aris_20260520_072453/labels/query_1000_range_u30.spmat --selector-type range --query-limit 1000,,prefilter,257520,280608,400,/mnt/bak3/lzg/PipeANN-supersector32k-work/indexes/phaseC_cycle03_retrain_each_cycle_super32k,ok,,,,,,152335,1,0,,experiments/pq_drift_1m_aris_main_20260522/indexes/phaseC_cycle03_retrain_each_cycle,/mnt/bak3/lzg/PipeANN-supersector32k-work/indexes/phaseC_cycle03_retrain_each_cycle_super32k,4.510062
prefilter,7016.513939,,,,,,,,,,500000.0,,,cycle03_retrain_each_cycle_range_u50,400,0-15,16,True,,7.01673,0,0,,10000,0,16,supersector32k,1000000,281648,152335,500000.0,610.67,152335,measure-dynamic-search,6953.306,7178.714,7370.872,4096,full,4096,1000000,16,1000,281648,142.516532,1020,281648,/mnt/bak3/lzg/PipeANN-github/build/tests/dynamic_update_suite_driver --mode measure-dynamic-search --source-prefix /mnt/bak3/lzg/PipeANN-supersector32k-work/indexes/phaseC_cycle03_retrain_each_cycle_super32k --jsonl-output /mnt/bak3/lzg/PipeANN-github/experiments/supersector32k_packing_aris_20260523/tmp/full_cycle03_retrain_each_cycle_range_u50_97.jsonl --insert-threads 16 --search-threads 1 --merge-threads 16 --build-l 220 --build-r 116 --beamwidth 4 --k 10 --cpu-cap 16 --metric l2 --route prefilter --search-l 400 --data-bin experiments/pq_drift_1m_aris_main_20260522/data/phaseC_cycle03_live_data_by_tag.bin --base-label-file experiments/pq_drift_1m_aris_main_20260522/labels/base_labels_1000000.spmat --query-bin /mnt/bak3/lzg/PipeANN-github/experiments/r116_suite_pq16_aris_20260520_072453/data/sift_query_1000.bin --truthset-bin experiments/pq_drift_1m_aris_main_20260522/truth/phaseC_cycle03_range_u50.bin --query-label-file /mnt/bak3/lzg/PipeANN-github/experiments/r116_suite_pq16_aris_20260520_072453/labels/query_1000_range_u50.spmat --selector-type range --query-limit 1000,98.35,,8.112293720245361,taskset -c 0-15 /mnt/bak3/lzg/PipeANN-github/build/tests/dynamic_update_suite_driver --mode measure-dynamic-search --source-prefix /mnt/bak3/lzg/PipeANN-supersector32k-work/indexes/phaseC_cycle03_retrain_each_cycle_super32k --jsonl-output /mnt/bak3/lzg/PipeANN-github/experiments/supersector32k_packing_aris_20260523/tmp/full_cycle03_retrain_each_cycle_range_u50_97.jsonl --insert-threads 16 --search-threads 1 --merge-threads 16 --build-l 220 --build-r 116 --beamwidth 4 --k 10 --cpu-cap 16 --metric l2 --route prefilter --search-l 400 --data-bin experiments/pq_drift_1m_aris_main_20260522/data/phaseC_cycle03_live_data_by_tag.bin --base-label-file experiments/pq_drift_1m_aris_main_20260522/labels/base_labels_1000000.spmat --query-bin /mnt/bak3/lzg/PipeANN-github/experiments/r116_suite_pq16_aris_20260520_072453/data/sift_query_1000.bin --truthset-bin experiments/pq_drift_1m_aris_main_20260522/truth/phaseC_cycle03_range_u50.bin --query-label-file /mnt/bak3/lzg/PipeANN-github/experiments/r116_suite_pq16_aris_20260520_072453/labels/query_1000_range_u50.spmat --selector-type range --query-limit 1000,,prefilter,259108,280628,400,/mnt/bak3/lzg/PipeANN-supersector32k-work/indexes/phaseC_cycle03_retrain_each_cycle_super32k,ok,,,,,,152335,1,0,,experiments/pq_drift_1m_aris_main_20260522/indexes/phaseC_cycle03_retrain_each_cycle,/mnt/bak3/lzg/PipeANN-supersector32k-work/indexes/phaseC_cycle03_retrain_each_cycle_super32k,7.01673
mixed,9868.231248,10054.994412,9883.312469,10243.348,98.03,10401.15,98.03,graph,450,4,750000.0,graph,443,cycle03_retrain_each_cycle_range_u75,443,0-15,16,True,,9.868412,0,1000,,10000,0,16,supersector32k_page_aware_slots,1000000,295756,152335,750000.0,53.974,152335,measure-dynamic-search,9853.537,10194.412,10463.049,,targeted_replacement_super32k_v3,,1000000,16,0,295756,101.33343,13128,295756,/mnt/bak3/lzg/PipeANN-github/build/tests/dynamic_update_suite_driver --mode measure-dynamic-search --source-prefix /mnt/bak3/lzg/PipeANN-supersector32k-work/indexes/phaseC_cycle03_retrain_each_cycle_super32k --jsonl-output /mnt/bak3/lzg/PipeANN-github/experiments/supersector32k_packing_aris_20260523/tmp/targeted_v3_027_cycle03_retrain_each_cycle_range_u75_graph_L443_fine_lower_L.jsonl --insert-threads 16 --search-threads 1 --merge-threads 16 --build-l 220 --build-r 116 --beamwidth 4 --k 10 --cpu-cap 16 --metric l2 --route graph --search-l 443 --data-bin experiments/pq_drift_1m_aris_main_20260522/data/phaseC_cycle03_live_data_by_tag.bin --base-label-file experiments/pq_drift_1m_aris_main_20260522/labels/base_labels_1000000.spmat --query-bin /mnt/bak3/lzg/PipeANN-github/experiments/r116_suite_pq16_aris_20260520_072453/data/sift_query_1000.bin --truthset-bin experiments/pq_drift_1m_aris_main_20260522/truth/phaseC_cycle03_range_u75.bin --query-label-file /mnt/bak3/lzg/PipeANN-github/experiments/r116_suite_pq16_aris_20260520_072453/labels/query_1000_range_u75.spmat --selector-type range --query-limit 1000,98.0,cycle03_retrain_each_cycle_range_u75,,,targeted_replacement_super32k_v3,graph,295756,282628,443,/mnt/bak3/lzg/PipeANN-supersector32k-work/indexes/phaseC_cycle03_retrain_each_cycle_super32k,ok,,fine_lower_L,11.355686664581299,taskset -c 0-15 /mnt/bak3/lzg/PipeANN-github/build/tests/dynamic_update_suite_driver --mode measure-dynamic-search --source-prefix /mnt/bak3/lzg/PipeANN-supersector32k-work/indexes/phaseC_cycle03_retrain_each_cycle_super32k --jsonl-output /mnt/bak3/lzg/PipeANN-github/experiments/supersector32k_packing_aris_20260523/tmp/targeted_v3_027_cycle03_retrain_each_cycle_range_u75_graph_L443_fine_lower_L.jsonl --insert-threads 16 --search-threads 1 --merge-threads 16 --build-l 220 --build-r 116 --beamwidth 4 --k 10 --cpu-cap 16 --metric l2 --route graph --search-l 443 --data-bin experiments/pq_drift_1m_aris_main_20260522/data/phaseC_cycle03_live_data_by_tag.bin --base-label-file experiments/pq_drift_1m_aris_main_20260522/labels/base_labels_1000000.spmat --query-bin /mnt/bak3/lzg/PipeANN-github/experiments/r116_suite_pq16_aris_20260520_072453/data/sift_query_1000.bin --truthset-bin experiments/pq_drift_1m_aris_main_20260522/truth/phaseC_cycle03_range_u75.bin --query-label-file /mnt/bak3/lzg/PipeANN-github/experiments/r116_suite_pq16_aris_20260520_072453/labels/query_1000_range_u75.spmat --selector-type range --query-limit 1000,0,152335,1,0,,,,9.868412
mixed,9055.725041,,,,,,,,,,1000000.0,,,cycle03_retrain_each_cycle_range_u100,400,0-15,16,True,,9.055905,0,1000,,10000,0,16,supersector32k,1000000,292024,152335,1000000.0,68.142,152335,measure-dynamic-search,8996.847,9576.468,10043.002,4096,full,4096,1000000,16,0,292024,110.425188,11380,292024,/mnt/bak3/lzg/PipeANN-github/build/tests/dynamic_update_suite_driver --mode measure-dynamic-search --source-prefix /mnt/bak3/lzg/PipeANN-supersector32k-work/indexes/phaseC_cycle03_retrain_each_cycle_super32k --jsonl-output /mnt/bak3/lzg/PipeANN-github/experiments/supersector32k_packing_aris_20260523/tmp/full_cycle03_retrain_each_cycle_range_u100_99.jsonl --insert-threads 16 --search-threads 1 --merge-threads 16 --build-l 220 --build-r 116 --beamwidth 4 --k 10 --cpu-cap 16 --metric l2 --route graph --search-l 400 --data-bin experiments/pq_drift_1m_aris_main_20260522/data/phaseC_cycle03_live_data_by_tag.bin --base-label-file experiments/pq_drift_1m_aris_main_20260522/labels/base_labels_1000000.spmat --query-bin /mnt/bak3/lzg/PipeANN-github/experiments/r116_suite_pq16_aris_20260520_072453/data/sift_query_1000.bin --truthset-bin experiments/pq_drift_1m_aris_main_20260522/truth/phaseC_cycle03_range_u100.bin --query-label-file /mnt/bak3/lzg/PipeANN-github/experiments/r116_suite_pq16_aris_20260520_072453/labels/query_1000_range_u100.spmat --selector-type range --query-limit 1000,98.03,,10.335180044174194,taskset -c 0-15 /mnt/bak3/lzg/PipeANN-github/build/tests/dynamic_update_suite_driver --mode measure-dynamic-search --source-prefix /mnt/bak3/lzg/PipeANN-supersector32k-work/indexes/phaseC_cycle03_retrain_each_cycle_super32k --jsonl-output /mnt/bak3/lzg/PipeANN-github/experiments/supersector32k_packing_aris_20260523/tmp/full_cycle03_retrain_each_cycle_range_u100_99.jsonl --insert-threads 16 --search-threads 1 --merge-threads 16 --build-l 220 --build-r 116 --beamwidth 4 --k 10 --cpu-cap 16 --metric l2 --route graph --search-l 400 --data-bin experiments/pq_drift_1m_aris_main_20260522/data/phaseC_cycle03_live_data_by_tag.bin --base-label-file experiments/pq_drift_1m_aris_main_20260522/labels/base_labels_1000000.spmat --query-bin /mnt/bak3/lzg/PipeANN-github/experiments/r116_suite_pq16_aris_20260520_072453/data/sift_query_1000.bin --truthset-bin experiments/pq_drift_1m_aris_main_20260522/truth/phaseC_cycle03_range_u100.bin --query-label-file /mnt/bak3/lzg/PipeANN-github/experiments/r116_suite_pq16_aris_20260520_072453/labels/query_1000_range_u100.spmat --selector-type range --query-limit 1000,,graph,292024,280644,400,/mnt/bak3/lzg/PipeANN-supersector32k-work/indexes/phaseC_cycle03_retrain_each_cycle_super32k,ok,,,,,,152335,1,0,,experiments/pq_drift_1m_aris_main_20260522/indexes/phaseC_cycle03_retrain_each_cycle,/mnt/bak3/lzg/PipeANN-supersector32k-work/indexes/phaseC_cycle03_retrain_each_cycle_super32k,9.055905
prefilter,199.622417,,,,,,,,,,1000.0,,,cycle03_no_retrain_across_cycles_intersect_u1e-03,50,0-15,16,True,,0.19972,0,0,,10000,0,16,supersector32k,1000000,285644,152038,1000.0,68.525,152038,measure-dynamic-search,198.632,209.54,244.089,4096,full,4096,1000000,16,1000,285644,5007.016783,1376,285644,/mnt/bak3/lzg/PipeANN-github/build/tests/dynamic_update_suite_driver --mode measure-dynamic-search --source-prefix /mnt/bak3/lzg/PipeANN-supersector32k-work/indexes/phaseC_cycle03_no_retrain_after_insert_super32k --jsonl-output /mnt/bak3/lzg/PipeANN-github/experiments/supersector32k_packing_aris_20260523/tmp/full_cycle03_no_retrain_across_cycles_intersect_u1e-03_100.jsonl --insert-threads 16 --search-threads 1 --merge-threads 16 --build-l 220 --build-r 116 --beamwidth 4 --k 10 --cpu-cap 16 --metric l2 --route prefilter --search-l 50 --data-bin experiments/pq_drift_1m_aris_main_20260522/data/phaseC_cycle03_live_data_by_tag.bin --base-label-file experiments/pq_drift_1m_aris_main_20260522/labels/base_labels_1000000.spmat --query-bin /mnt/bak3/lzg/PipeANN-github/experiments/r116_suite_pq16_aris_20260520_072453/data/sift_query_1000.bin --truthset-bin experiments/pq_drift_1m_aris_main_20260522/truth/phaseC_cycle03_intersect_u1e-03.bin --query-label-file /mnt/bak3/lzg/PipeANN-github/experiments/r116_suite_pq16_aris_20260520_072453/labels/query_1000_u1e-03.spmat --selector-type intersect --query-limit 1000,99.94,,2.6091690063476562,taskset -c 0-15 /mnt/bak3/lzg/PipeANN-github/build/tests/dynamic_update_suite_driver --mode measure-dynamic-search --source-prefix /mnt/bak3/lzg/PipeANN-supersector32k-work/indexes/phaseC_cycle03_no_retrain_after_insert_super32k --jsonl-output /mnt/bak3/lzg/PipeANN-github/experiments/supersector32k_packing_aris_20260523/tmp/full_cycle03_no_retrain_across_cycles_intersect_u1e-03_100.jsonl --insert-threads 16 --search-threads 1 --merge-threads 16 --build-l 220 --build-r 116 --beamwidth 4 --k 10 --cpu-cap 16 --metric l2 --route prefilter --search-l 50 --data-bin experiments/pq_drift_1m_aris_main_20260522/data/phaseC_cycle03_live_data_by_tag.bin --base-label-file experiments/pq_drift_1m_aris_main_20260522/labels/base_labels_1000000.spmat --query-bin /mnt/bak3/lzg/PipeANN-github/experiments/r116_suite_pq16_aris_20260520_072453/data/sift_query_1000.bin --truthset-bin experiments/pq_drift_1m_aris_main_20260522/truth/phaseC_cycle03_intersect_u1e-03.bin --query-label-file /mnt/bak3/lzg/PipeANN-github/experiments/r116_suite_pq16_aris_20260520_072453/labels/query_1000_u1e-03.spmat --selector-type intersect --query-limit 1000,,prefilter,285644,284268,50,/mnt/bak3/lzg/PipeANN-supersector32k-work/indexes/phaseC_cycle03_no_retrain_after_insert_super32k,ok,,,,,,152038,1,0,,experiments/pq_drift_1m_aris_main_20260522/indexes/phaseC_cycle03_no_retrain_after_insert,/mnt/bak3/lzg/PipeANN-supersector32k-work/indexes/phaseC_cycle03_no_retrain_after_insert_super32k,0.19972
prefilter,309.361147,,,,,,,,,,3000.0,,,cycle03_no_retrain_across_cycles_intersect_u3e-03,50,0-15,16,True,,0.309535,0,0,,10000,0,16,supersector32k,1000000,285728,152038,3000.0,87.678,152038,measure-dynamic-search,304.991,340.177,395.487,4096,full,4096,1000000,16,1000,285728,3230.649978,1376,285728,/mnt/bak3/lzg/PipeANN-github/build/tests/dynamic_update_suite_driver --mode measure-dynamic-search --source-prefix /mnt/bak3/lzg/PipeANN-supersector32k-work/indexes/phaseC_cycle03_no_retrain_after_insert_super32k --jsonl-output /mnt/bak3/lzg/PipeANN-github/experiments/supersector32k_packing_aris_20260523/tmp/full_cycle03_no_retrain_across_cycles_intersect_u3e-03_101.jsonl --insert-threads 16 --search-threads 1 --merge-threads 16 --build-l 220 --build-r 116 --beamwidth 4 --k 10 --cpu-cap 16 --metric l2 --route prefilter --search-l 50 --data-bin experiments/pq_drift_1m_aris_main_20260522/data/phaseC_cycle03_live_data_by_tag.bin --base-label-file experiments/pq_drift_1m_aris_main_20260522/labels/base_labels_1000000.spmat --query-bin /mnt/bak3/lzg/PipeANN-github/experiments/r116_suite_pq16_aris_20260520_072453/data/sift_query_1000.bin --truthset-bin experiments/pq_drift_1m_aris_main_20260522/truth/phaseC_cycle03_intersect_u3e-03.bin --query-label-file /mnt/bak3/lzg/PipeANN-github/experiments/r116_suite_pq16_aris_20260520_072453/labels/query_1000_u3e-03.spmat --selector-type intersect --query-limit 1000,99.72,,2.524372100830078,taskset -c 0-15 /mnt/bak3/lzg/PipeANN-github/build/tests/dynamic_update_suite_driver --mode measure-dynamic-search --source-prefix /mnt/bak3/lzg/PipeANN-supersector32k-work/indexes/phaseC_cycle03_no_retrain_after_insert_super32k --jsonl-output /mnt/bak3/lzg/PipeANN-github/experiments/supersector32k_packing_aris_20260523/tmp/full_cycle03_no_retrain_across_cycles_intersect_u3e-03_101.jsonl --insert-threads 16 --search-threads 1 --merge-threads 16 --build-l 220 --build-r 116 --beamwidth 4 --k 10 --cpu-cap 16 --metric l2 --route prefilter --search-l 50 --data-bin experiments/pq_drift_1m_aris_main_20260522/data/phaseC_cycle03_live_data_by_tag.bin --base-label-file experiments/pq_drift_1m_aris_main_20260522/labels/base_labels_1000000.spmat --query-bin /mnt/bak3/lzg/PipeANN-github/experiments/r116_suite_pq16_aris_20260520_072453/data/sift_query_1000.bin --truthset-bin experiments/pq_drift_1m_aris_main_20260522/truth/phaseC_cycle03_intersect_u3e-03.bin --query-label-file /mnt/bak3/lzg/PipeANN-github/experiments/r116_suite_pq16_aris_20260520_072453/labels/query_1000_u3e-03.spmat --selector-type intersect --query-limit 1000,,prefilter,285728,284352,50,/mnt/bak3/lzg/PipeANN-supersector32k-work/indexes/phaseC_cycle03_no_retrain_after_insert_super32k,ok,,,,,,152038,1,0,,experiments/pq_drift_1m_aris_main_20260522/indexes/phaseC_cycle03_no_retrain_after_insert,/mnt/bak3/lzg/PipeANN-supersector32k-work/indexes/phaseC_cycle03_no_retrain_after_insert_super32k,0.309535
prefilter,426.705291,,,,,,,,,,10000.0,,,cycle03_no_retrain_across_cycles_intersect_u1e-02,100,0-15,16,True,,0.426883,0,0,,10000,0,16,supersector32k,1000000,285628,152038,10000.0,135.622,152038,measure-dynamic-search,421.894,458.396,493.623,4096,full,4096,1000000,16,1000,285628,2342.562204,1188,285628,/mnt/bak3/lzg/PipeANN-github/build/tests/dynamic_update_suite_driver --mode measure-dynamic-search --source-prefix /mnt/bak3/lzg/PipeANN-supersector32k-work/indexes/phaseC_cycle03_no_retrain_after_insert_super32k --jsonl-output /mnt/bak3/lzg/PipeANN-github/experiments/supersector32k_packing_aris_20260523/tmp/full_cycle03_no_retrain_across_cycles_intersect_u1e-02_102.jsonl --insert-threads 16 --search-threads 1 --merge-threads 16 --build-l 220 --build-r 116 --beamwidth 4 --k 10 --cpu-cap 16 --metric l2 --route prefilter --search-l 100 --data-bin experiments/pq_drift_1m_aris_main_20260522/data/phaseC_cycle03_live_data_by_tag.bin --base-label-file experiments/pq_drift_1m_aris_main_20260522/labels/base_labels_1000000.spmat --query-bin /mnt/bak3/lzg/PipeANN-github/experiments/r116_suite_pq16_aris_20260520_072453/data/sift_query_1000.bin --truthset-bin experiments/pq_drift_1m_aris_main_20260522/truth/phaseC_cycle03_intersect_u1e-02.bin --query-label-file /mnt/bak3/lzg/PipeANN-github/experiments/r116_suite_pq16_aris_20260520_072453/labels/query_1000_u1e-02.spmat --selector-type intersect --query-limit 1000,99.6,,2.1304924488067627,taskset -c 0-15 /mnt/bak3/lzg/PipeANN-github/build/tests/dynamic_update_suite_driver --mode measure-dynamic-search --source-prefix /mnt/bak3/lzg/PipeANN-supersector32k-work/indexes/phaseC_cycle03_no_retrain_after_insert_super32k --jsonl-output /mnt/bak3/lzg/PipeANN-github/experiments/supersector32k_packing_aris_20260523/tmp/full_cycle03_no_retrain_across_cycles_intersect_u1e-02_102.jsonl --insert-threads 16 --search-threads 1 --merge-threads 16 --build-l 220 --build-r 116 --beamwidth 4 --k 10 --cpu-cap 16 --metric l2 --route prefilter --search-l 100 --data-bin experiments/pq_drift_1m_aris_main_20260522/data/phaseC_cycle03_live_data_by_tag.bin --base-label-file experiments/pq_drift_1m_aris_main_20260522/labels/base_labels_1000000.spmat --query-bin /mnt/bak3/lzg/PipeANN-github/experiments/r116_suite_pq16_aris_20260520_072453/data/sift_query_1000.bin --truthset-bin experiments/pq_drift_1m_aris_main_20260522/truth/phaseC_cycle03_intersect_u1e-02.bin --query-label-file /mnt/bak3/lzg/PipeANN-github/experiments/r116_suite_pq16_aris_20260520_072453/labels/query_1000_u1e-02.spmat --selector-type intersect --query-limit 1000,,prefilter,285628,284440,100,/mnt/bak3/lzg/PipeANN-supersector32k-work/indexes/phaseC_cycle03_no_retrain_after_insert_super32k,ok,,,,,,152038,1,0,,experiments/pq_drift_1m_aris_main_20260522/indexes/phaseC_cycle03_no_retrain_after_insert,/mnt/bak3/lzg/PipeANN-supersector32k-work/indexes/phaseC_cycle03_no_retrain_after_insert_super32k,0.426883
prefilter,1134.340587,,,,,,,,,,50000.0,,,cycle03_no_retrain_across_cycles_intersect_u5e-02,75,0-15,16,True,,1.134506,0,0,,10000,0,16,supersector32k,1000000,285728,152038,50000.0,230.065,152038,measure-dynamic-search,1117.453,1209.17,1235.59,4096,full,4096,1000000,16,1000,285728,881.441005,1216,285728,/mnt/bak3/lzg/PipeANN-github/build/tests/dynamic_update_suite_driver --mode measure-dynamic-search --source-prefix /mnt/bak3/lzg/PipeANN-supersector32k-work/indexes/phaseC_cycle03_no_retrain_after_insert_super32k --jsonl-output /mnt/bak3/lzg/PipeANN-github/experiments/supersector32k_packing_aris_20260523/tmp/full_cycle03_no_retrain_across_cycles_intersect_u5e-02_103.jsonl --insert-threads 16 --search-threads 1 --merge-threads 16 --build-l 220 --build-r 116 --beamwidth 4 --k 10 --cpu-cap 16 --metric l2 --route prefilter --search-l 75 --data-bin experiments/pq_drift_1m_aris_main_20260522/data/phaseC_cycle03_live_data_by_tag.bin --base-label-file experiments/pq_drift_1m_aris_main_20260522/labels/base_labels_1000000.spmat --query-bin /mnt/bak3/lzg/PipeANN-github/experiments/r116_suite_pq16_aris_20260520_072453/data/sift_query_1000.bin --truthset-bin experiments/pq_drift_1m_aris_main_20260522/truth/phaseC_cycle03_intersect_u5e-02.bin --query-label-file /mnt/bak3/lzg/PipeANN-github/experiments/r116_suite_pq16_aris_20260520_072453/labels/query_1000_u5e-02.spmat --selector-type intersect --query-limit 1000,99.31,,2.6765880584716797,taskset -c 0-15 /mnt/bak3/lzg/PipeANN-github/build/tests/dynamic_update_suite_driver --mode measure-dynamic-search --source-prefix /mnt/bak3/lzg/PipeANN-supersector32k-work/indexes/phaseC_cycle03_no_retrain_after_insert_super32k --jsonl-output /mnt/bak3/lzg/PipeANN-github/experiments/supersector32k_packing_aris_20260523/tmp/full_cycle03_no_retrain_across_cycles_intersect_u5e-02_103.jsonl --insert-threads 16 --search-threads 1 --merge-threads 16 --build-l 220 --build-r 116 --beamwidth 4 --k 10 --cpu-cap 16 --metric l2 --route prefilter --search-l 75 --data-bin experiments/pq_drift_1m_aris_main_20260522/data/phaseC_cycle03_live_data_by_tag.bin --base-label-file experiments/pq_drift_1m_aris_main_20260522/labels/base_labels_1000000.spmat --query-bin /mnt/bak3/lzg/PipeANN-github/experiments/r116_suite_pq16_aris_20260520_072453/data/sift_query_1000.bin --truthset-bin experiments/pq_drift_1m_aris_main_20260522/truth/phaseC_cycle03_intersect_u5e-02.bin --query-label-file /mnt/bak3/lzg/PipeANN-github/experiments/r116_suite_pq16_aris_20260520_072453/labels/query_1000_u5e-02.spmat --selector-type intersect --query-limit 1000,,prefilter,285728,284512,75,/mnt/bak3/lzg/PipeANN-supersector32k-work/indexes/phaseC_cycle03_no_retrain_after_insert_super32k,ok,,,,,,152038,1,0,,experiments/pq_drift_1m_aris_main_20260522/indexes/phaseC_cycle03_no_retrain_after_insert,/mnt/bak3/lzg/PipeANN-supersector32k-work/indexes/phaseC_cycle03_no_retrain_after_insert_super32k,1.134506
prefilter,1777.539202,,,,,,,,,,100000.0,,,cycle03_no_retrain_across_cycles_intersect_u1e-01,50,0-15,16,True,,1.777786,0,0,,10000,0,16,supersector32k,1000000,285620,152038,100000.0,262.303,152038,measure-dynamic-search,1734.693,1964.287,2001.598,4096,full,4096,1000000,16,1000,285620,562.497402,1292,285620,/mnt/bak3/lzg/PipeANN-github/build/tests/dynamic_update_suite_driver --mode measure-dynamic-search --source-prefix /mnt/bak3/lzg/PipeANN-supersector32k-work/indexes/phaseC_cycle03_no_retrain_after_insert_super32k --jsonl-output /mnt/bak3/lzg/PipeANN-github/experiments/supersector32k_packing_aris_20260523/tmp/full_cycle03_no_retrain_across_cycles_intersect_u1e-01_104.jsonl --insert-threads 16 --search-threads 1 --merge-threads 16 --build-l 220 --build-r 116 --beamwidth 4 --k 10 --cpu-cap 16 --metric l2 --route prefilter --search-l 50 --data-bin experiments/pq_drift_1m_aris_main_20260522/data/phaseC_cycle03_live_data_by_tag.bin --base-label-file experiments/pq_drift_1m_aris_main_20260522/labels/base_labels_1000000.spmat --query-bin /mnt/bak3/lzg/PipeANN-github/experiments/r116_suite_pq16_aris_20260520_072453/data/sift_query_1000.bin --truthset-bin experiments/pq_drift_1m_aris_main_20260522/truth/phaseC_cycle03_intersect_u1e-01.bin --query-label-file /mnt/bak3/lzg/PipeANN-github/experiments/r116_suite_pq16_aris_20260520_072453/labels/query_1000_u1e-01.spmat --selector-type intersect --query-limit 1000,98.57,,3.3192644119262695,taskset -c 0-15 /mnt/bak3/lzg/PipeANN-github/build/tests/dynamic_update_suite_driver --mode measure-dynamic-search --source-prefix /mnt/bak3/lzg/PipeANN-supersector32k-work/indexes/phaseC_cycle03_no_retrain_after_insert_super32k --jsonl-output /mnt/bak3/lzg/PipeANN-github/experiments/supersector32k_packing_aris_20260523/tmp/full_cycle03_no_retrain_across_cycles_intersect_u1e-01_104.jsonl --insert-threads 16 --search-threads 1 --merge-threads 16 --build-l 220 --build-r 116 --beamwidth 4 --k 10 --cpu-cap 16 --metric l2 --route prefilter --search-l 50 --data-bin experiments/pq_drift_1m_aris_main_20260522/data/phaseC_cycle03_live_data_by_tag.bin --base-label-file experiments/pq_drift_1m_aris_main_20260522/labels/base_labels_1000000.spmat --query-bin /mnt/bak3/lzg/PipeANN-github/experiments/r116_suite_pq16_aris_20260520_072453/data/sift_query_1000.bin --truthset-bin experiments/pq_drift_1m_aris_main_20260522/truth/phaseC_cycle03_intersect_u1e-01.bin --query-label-file /mnt/bak3/lzg/PipeANN-github/experiments/r116_suite_pq16_aris_20260520_072453/labels/query_1000_u1e-01.spmat --selector-type intersect --query-limit 1000,,prefilter,285620,284328,50,/mnt/bak3/lzg/PipeANN-supersector32k-work/indexes/phaseC_cycle03_no_retrain_after_insert_super32k,ok,,,,,,152038,1,0,,experiments/pq_drift_1m_aris_main_20260522/indexes/phaseC_cycle03_no_retrain_after_insert,/mnt/bak3/lzg/PipeANN-supersector32k-work/indexes/phaseC_cycle03_no_retrain_after_insert_super32k,1.777786
prefilter,3903.721627,,,,,,,,,,250000.0,,,cycle03_no_retrain_across_cycles_intersect_u25,300,0-15,16,True,,3.903975,0,0,,10000,0,16,supersector32k,1000000,285588,152038,250000.0,404.021,152038,measure-dynamic-search,3841.502,4079.768,4129.091,4096,full,4096,1000000,16,1000,285588,256.149188,1144,285588,/mnt/bak3/lzg/PipeANN-github/build/tests/dynamic_update_suite_driver --mode measure-dynamic-search --source-prefix /mnt/bak3/lzg/PipeANN-supersector32k-work/indexes/phaseC_cycle03_no_retrain_after_insert_super32k --jsonl-output /mnt/bak3/lzg/PipeANN-github/experiments/supersector32k_packing_aris_20260523/tmp/full_cycle03_no_retrain_across_cycles_intersect_u25_105.jsonl --insert-threads 16 --search-threads 1 --merge-threads 16 --build-l 220 --build-r 116 --beamwidth 4 --k 10 --cpu-cap 16 --metric l2 --route prefilter --search-l 300 --data-bin experiments/pq_drift_1m_aris_main_20260522/data/phaseC_cycle03_live_data_by_tag.bin --base-label-file experiments/pq_drift_1m_aris_main_20260522/labels/base_labels_1000000.spmat --query-bin /mnt/bak3/lzg/PipeANN-github/experiments/r116_suite_pq16_aris_20260520_072453/data/sift_query_1000.bin --truthset-bin experiments/pq_drift_1m_aris_main_20260522/truth/phaseC_cycle03_intersect_u25.bin --query-label-file /mnt/bak3/lzg/PipeANN-github/experiments/r116_suite_pq16_aris_20260520_072453/labels/query_1000_u25.spmat --selector-type intersect --query-limit 1000,98.03,,5.456095457077026,taskset -c 0-15 /mnt/bak3/lzg/PipeANN-github/build/tests/dynamic_update_suite_driver --mode measure-dynamic-search --source-prefix /mnt/bak3/lzg/PipeANN-supersector32k-work/indexes/phaseC_cycle03_no_retrain_after_insert_super32k --jsonl-output /mnt/bak3/lzg/PipeANN-github/experiments/supersector32k_packing_aris_20260523/tmp/full_cycle03_no_retrain_across_cycles_intersect_u25_105.jsonl --insert-threads 16 --search-threads 1 --merge-threads 16 --build-l 220 --build-r 116 --beamwidth 4 --k 10 --cpu-cap 16 --metric l2 --route prefilter --search-l 300 --data-bin experiments/pq_drift_1m_aris_main_20260522/data/phaseC_cycle03_live_data_by_tag.bin --base-label-file experiments/pq_drift_1m_aris_main_20260522/labels/base_labels_1000000.spmat --query-bin /mnt/bak3/lzg/PipeANN-github/experiments/r116_suite_pq16_aris_20260520_072453/data/sift_query_1000.bin --truthset-bin experiments/pq_drift_1m_aris_main_20260522/truth/phaseC_cycle03_intersect_u25.bin --query-label-file /mnt/bak3/lzg/PipeANN-github/experiments/r116_suite_pq16_aris_20260520_072453/labels/query_1000_u25.spmat --selector-type intersect --query-limit 1000,,prefilter,261296,284444,300,/mnt/bak3/lzg/PipeANN-supersector32k-work/indexes/phaseC_cycle03_no_retrain_after_insert_super32k,ok,,,,,,152038,1,0,,experiments/pq_drift_1m_aris_main_20260522/indexes/phaseC_cycle03_no_retrain_after_insert,/mnt/bak3/lzg/PipeANN-supersector32k-work/indexes/phaseC_cycle03_no_retrain_after_insert_super32k,3.903975
prefilter,4509.942183,,,,,,,,,,300000.0,,,cycle03_no_retrain_across_cycles_intersect_u30,300,0-15,16,True,,4.510183,0,0,,10000,0,16,supersector32k,1000000,285640,152038,300000.0,441.94,152038,measure-dynamic-search,4450.716,4679.354,4748.626,4096,full,4096,1000000,16,1000,285640,221.720502,1212,285640,/mnt/bak3/lzg/PipeANN-github/build/tests/dynamic_update_suite_driver --mode measure-dynamic-search --source-prefix /mnt/bak3/lzg/PipeANN-supersector32k-work/indexes/phaseC_cycle03_no_retrain_after_insert_super32k --jsonl-output /mnt/bak3/lzg/PipeANN-github/experiments/supersector32k_packing_aris_20260523/tmp/full_cycle03_no_retrain_across_cycles_intersect_u30_106.jsonl --insert-threads 16 --search-threads 1 --merge-threads 16 --build-l 220 --build-r 116 --beamwidth 4 --k 10 --cpu-cap 16 --metric l2 --route prefilter --search-l 300 --data-bin experiments/pq_drift_1m_aris_main_20260522/data/phaseC_cycle03_live_data_by_tag.bin --base-label-file experiments/pq_drift_1m_aris_main_20260522/labels/base_labels_1000000.spmat --query-bin /mnt/bak3/lzg/PipeANN-github/experiments/r116_suite_pq16_aris_20260520_072453/data/sift_query_1000.bin --truthset-bin experiments/pq_drift_1m_aris_main_20260522/truth/phaseC_cycle03_intersect_u30.bin --query-label-file /mnt/bak3/lzg/PipeANN-github/experiments/r116_suite_pq16_aris_20260520_072453/labels/query_1000_u30.spmat --selector-type intersect --query-limit 1000,98.14,,6.124350070953369,taskset -c 0-15 /mnt/bak3/lzg/PipeANN-github/build/tests/dynamic_update_suite_driver --mode measure-dynamic-search --source-prefix /mnt/bak3/lzg/PipeANN-supersector32k-work/indexes/phaseC_cycle03_no_retrain_after_insert_super32k --jsonl-output /mnt/bak3/lzg/PipeANN-github/experiments/supersector32k_packing_aris_20260523/tmp/full_cycle03_no_retrain_across_cycles_intersect_u30_106.jsonl --insert-threads 16 --search-threads 1 --merge-threads 16 --build-l 220 --build-r 116 --beamwidth 4 --k 10 --cpu-cap 16 --metric l2 --route prefilter --search-l 300 --data-bin experiments/pq_drift_1m_aris_main_20260522/data/phaseC_cycle03_live_data_by_tag.bin --base-label-file experiments/pq_drift_1m_aris_main_20260522/labels/base_labels_1000000.spmat --query-bin /mnt/bak3/lzg/PipeANN-github/experiments/r116_suite_pq16_aris_20260520_072453/data/sift_query_1000.bin --truthset-bin experiments/pq_drift_1m_aris_main_20260522/truth/phaseC_cycle03_intersect_u30.bin --query-label-file /mnt/bak3/lzg/PipeANN-github/experiments/r116_suite_pq16_aris_20260520_072453/labels/query_1000_u30.spmat --selector-type intersect --query-limit 1000,,prefilter,285640,284428,300,/mnt/bak3/lzg/PipeANN-supersector32k-work/indexes/phaseC_cycle03_no_retrain_after_insert_super32k,ok,,,,,,152038,1,0,,experiments/pq_drift_1m_aris_main_20260522/indexes/phaseC_cycle03_no_retrain_after_insert,/mnt/bak3/lzg/PipeANN-supersector32k-work/indexes/phaseC_cycle03_no_retrain_after_insert_super32k,4.510183
prefilter,6836.0103,,,,,,,,,,500000.0,,,cycle03_no_retrain_across_cycles_intersect_u50,300,0-15,16,True,,6.836329,0,0,,10000,0,16,supersector32k,1000000,287684,152038,500000.0,632.902,152038,measure-dynamic-search,6817.476,6863.544,7091.448,4096,full,4096,1000000,16,1000,287684,146.277334,1208,287684,/mnt/bak3/lzg/PipeANN-github/build/tests/dynamic_update_suite_driver --mode measure-dynamic-search --source-prefix /mnt/bak3/lzg/PipeANN-supersector32k-work/indexes/phaseC_cycle03_no_retrain_after_insert_super32k --jsonl-output /mnt/bak3/lzg/PipeANN-github/experiments/supersector32k_packing_aris_20260523/tmp/full_cycle03_no_retrain_across_cycles_intersect_u50_107.jsonl --insert-threads 16 --search-threads 1 --merge-threads 16 --build-l 220 --build-r 116 --beamwidth 4 --k 10 --cpu-cap 16 --metric l2 --route prefilter --search-l 300 --data-bin experiments/pq_drift_1m_aris_main_20260522/data/phaseC_cycle03_live_data_by_tag.bin --base-label-file experiments/pq_drift_1m_aris_main_20260522/labels/base_labels_1000000.spmat --query-bin /mnt/bak3/lzg/PipeANN-github/experiments/r116_suite_pq16_aris_20260520_072453/data/sift_query_1000.bin --truthset-bin experiments/pq_drift_1m_aris_main_20260522/truth/phaseC_cycle03_intersect_u50.bin --query-label-file /mnt/bak3/lzg/PipeANN-github/experiments/r116_suite_pq16_aris_20260520_072453/labels/query_1000_u50.spmat --selector-type intersect --query-limit 1000,98.06,,8.430004835128784,taskset -c 0-15 /mnt/bak3/lzg/PipeANN-github/build/tests/dynamic_update_suite_driver --mode measure-dynamic-search --source-prefix /mnt/bak3/lzg/PipeANN-supersector32k-work/indexes/phaseC_cycle03_no_retrain_after_insert_super32k --jsonl-output /mnt/bak3/lzg/PipeANN-github/experiments/supersector32k_packing_aris_20260523/tmp/full_cycle03_no_retrain_across_cycles_intersect_u50_107.jsonl --insert-threads 16 --search-threads 1 --merge-threads 16 --build-l 220 --build-r 116 --beamwidth 4 --k 10 --cpu-cap 16 --metric l2 --route prefilter --search-l 300 --data-bin experiments/pq_drift_1m_aris_main_20260522/data/phaseC_cycle03_live_data_by_tag.bin --base-label-file experiments/pq_drift_1m_aris_main_20260522/labels/base_labels_1000000.spmat --query-bin /mnt/bak3/lzg/PipeANN-github/experiments/r116_suite_pq16_aris_20260520_072453/data/sift_query_1000.bin --truthset-bin experiments/pq_drift_1m_aris_main_20260522/truth/phaseC_cycle03_intersect_u50.bin --query-label-file /mnt/bak3/lzg/PipeANN-github/experiments/r116_suite_pq16_aris_20260520_072453/labels/query_1000_u50.spmat --selector-type intersect --query-limit 1000,,prefilter,287504,286476,300,/mnt/bak3/lzg/PipeANN-supersector32k-work/indexes/phaseC_cycle03_no_retrain_after_insert_super32k,ok,,,,,,152038,1,0,,experiments/pq_drift_1m_aris_main_20260522/indexes/phaseC_cycle03_no_retrain_after_insert,/mnt/bak3/lzg/PipeANN-supersector32k-work/indexes/phaseC_cycle03_no_retrain_after_insert_super32k,6.836329
prefilter,9910.678416,10057.088447,10077.299912,10413.986,98.03,10408.322,98.03,graph,450,4,750000.0,prefilter,300,cycle03_no_retrain_across_cycles_intersect_u75,300,0-15,16,True,,9.910971,0,0,,10000,0,16,supersector32k_page_aware_slots,1000000,285500,152038,750000.0,887.865,152038,measure-dynamic-search,9890.844,9959.303,10269.478,,targeted_replacement_super32k_v3,,1000000,16,1000,285500,100.898285,1272,285500,/mnt/bak3/lzg/PipeANN-github/build/tests/dynamic_update_suite_driver --mode measure-dynamic-search --source-prefix /mnt/bak3/lzg/PipeANN-supersector32k-work/indexes/phaseC_cycle03_no_retrain_after_insert_super32k --jsonl-output /mnt/bak3/lzg/PipeANN-github/experiments/supersector32k_packing_aris_20260523/tmp/targeted_v3_057_cycle03_no_retrain_across_cycles_intersect_u75_prefilter_L300_prefilter_probe.jsonl --insert-threads 16 --search-threads 1 --merge-threads 16 --build-l 220 --build-r 116 --beamwidth 4 --k 10 --cpu-cap 16 --metric l2 --route prefilter --search-l 300 --data-bin experiments/pq_drift_1m_aris_main_20260522/data/phaseC_cycle03_live_data_by_tag.bin --base-label-file experiments/pq_drift_1m_aris_main_20260522/labels/base_labels_1000000.spmat --query-bin /mnt/bak3/lzg/PipeANN-github/experiments/r116_suite_pq16_aris_20260520_072453/data/sift_query_1000.bin --truthset-bin experiments/pq_drift_1m_aris_main_20260522/truth/phaseC_cycle03_intersect_u75.bin --query-label-file /mnt/bak3/lzg/PipeANN-github/experiments/r116_suite_pq16_aris_20260520_072453/labels/query_1000_u75.spmat --selector-type intersect --query-limit 1000,98.16,cycle03_no_retrain_across_cycles_intersect_u75,,,targeted_replacement_super32k_v3,prefilter,285412,284228,300,/mnt/bak3/lzg/PipeANN-supersector32k-work/indexes/phaseC_cycle03_no_retrain_after_insert_super32k,ok,,prefilter_probe,11.532477140426636,taskset -c 0-15 /mnt/bak3/lzg/PipeANN-github/build/tests/dynamic_update_suite_driver --mode measure-dynamic-search --source-prefix /mnt/bak3/lzg/PipeANN-supersector32k-work/indexes/phaseC_cycle03_no_retrain_after_insert_super32k --jsonl-output /mnt/bak3/lzg/PipeANN-github/experiments/supersector32k_packing_aris_20260523/tmp/targeted_v3_057_cycle03_no_retrain_across_cycles_intersect_u75_prefilter_L300_prefilter_probe.jsonl --insert-threads 16 --search-threads 1 --merge-threads 16 --build-l 220 --build-r 116 --beamwidth 4 --k 10 --cpu-cap 16 --metric l2 --route prefilter --search-l 300 --data-bin experiments/pq_drift_1m_aris_main_20260522/data/phaseC_cycle03_live_data_by_tag.bin --base-label-file experiments/pq_drift_1m_aris_main_20260522/labels/base_labels_1000000.spmat --query-bin /mnt/bak3/lzg/PipeANN-github/experiments/r116_suite_pq16_aris_20260520_072453/data/sift_query_1000.bin --truthset-bin experiments/pq_drift_1m_aris_main_20260522/truth/phaseC_cycle03_intersect_u75.bin --query-label-file /mnt/bak3/lzg/PipeANN-github/experiments/r116_suite_pq16_aris_20260520_072453/labels/query_1000_u75.spmat --selector-type intersect --query-limit 1000,0,152038,1,0,,,,9.910971
graph,9187.446123,10046.563601,10033.981271,10391.463,98.2,10396.513,98.2,graph,450,4,1000000.0,auto,410,cycle03_no_retrain_across_cycles_intersect_u100,410,0-15,16,True,,9.187608,0,0,,10000,1000,16,supersector32k_page_aware_slots,1000000,297440,152038,1000000.0,16.457,152038,measure-dynamic-search,9154.28,9553.932,9887.28,,targeted_replacement_super32k_v3,,1000000,16,0,297440,108.842252,13164,297440,/mnt/bak3/lzg/PipeANN-github/build/tests/dynamic_update_suite_driver --mode measure-dynamic-search --source-prefix /mnt/bak3/lzg/PipeANN-supersector32k-work/indexes/phaseC_cycle03_no_retrain_after_insert_super32k --jsonl-output /mnt/bak3/lzg/PipeANN-github/experiments/supersector32k_packing_aris_20260523/tmp/targeted_v3_074_cycle03_no_retrain_across_cycles_intersect_u100_auto_L410_lower_L_auto.jsonl --insert-threads 16 --search-threads 1 --merge-threads 16 --build-l 220 --build-r 116 --beamwidth 4 --k 10 --cpu-cap 16 --metric l2 --route auto --search-l 410 --data-bin experiments/pq_drift_1m_aris_main_20260522/data/phaseC_cycle03_live_data_by_tag.bin --base-label-file experiments/pq_drift_1m_aris_main_20260522/labels/base_labels_1000000.spmat --query-bin /mnt/bak3/lzg/PipeANN-github/experiments/r116_suite_pq16_aris_20260520_072453/data/sift_query_1000.bin --truthset-bin experiments/pq_drift_1m_aris_main_20260522/truth/phaseC_cycle03_intersect_u100.bin --query-label-file /mnt/bak3/lzg/PipeANN-github/experiments/r116_suite_pq16_aris_20260520_072453/labels/query_1000_u100.spmat --selector-type intersect --query-limit 1000,98.04,cycle03_no_retrain_across_cycles_intersect_u100,,,targeted_replacement_super32k_v3,auto,297440,284276,410,/mnt/bak3/lzg/PipeANN-supersector32k-work/indexes/phaseC_cycle03_no_retrain_after_insert_super32k,ok,,lower_L_auto,11.776813507080078,taskset -c 0-15 /mnt/bak3/lzg/PipeANN-github/build/tests/dynamic_update_suite_driver --mode measure-dynamic-search --source-prefix /mnt/bak3/lzg/PipeANN-supersector32k-work/indexes/phaseC_cycle03_no_retrain_after_insert_super32k --jsonl-output /mnt/bak3/lzg/PipeANN-github/experiments/supersector32k_packing_aris_20260523/tmp/targeted_v3_074_cycle03_no_retrain_across_cycles_intersect_u100_auto_L410_lower_L_auto.jsonl --insert-threads 16 --search-threads 1 --merge-threads 16 --build-l 220 --build-r 116 --beamwidth 4 --k 10 --cpu-cap 16 --metric l2 --route auto --search-l 410 --data-bin experiments/pq_drift_1m_aris_main_20260522/data/phaseC_cycle03_live_data_by_tag.bin --base-label-file experiments/pq_drift_1m_aris_main_20260522/labels/base_labels_1000000.spmat --query-bin /mnt/bak3/lzg/PipeANN-github/experiments/r116_suite_pq16_aris_20260520_072453/data/sift_query_1000.bin --truthset-bin experiments/pq_drift_1m_aris_main_20260522/truth/phaseC_cycle03_intersect_u100.bin --query-label-file /mnt/bak3/lzg/PipeANN-github/experiments/r116_suite_pq16_aris_20260520_072453/labels/query_1000_u100.spmat --selector-type intersect --query-limit 1000,0,152038,1,0,,,,9.187608
prefilter,153.125343,,,,,,,,,,1000.0,,,cycle03_no_retrain_across_cycles_range_u1e-03,50,0-15,16,True,,0.153204,0,0,,10000,0,16,supersector32k,1000000,285668,152038,1000.0,51.467,152038,measure-dynamic-search,152.2,162.379,196.324,4096,full,4096,1000000,16,1000,285668,6527.24702,1436,285668,/mnt/bak3/lzg/PipeANN-github/build/tests/dynamic_update_suite_driver --mode measure-dynamic-search --source-prefix /mnt/bak3/lzg/PipeANN-supersector32k-work/indexes/phaseC_cycle03_no_retrain_after_insert_super32k --jsonl-output /mnt/bak3/lzg/PipeANN-github/experiments/supersector32k_packing_aris_20260523/tmp/full_cycle03_no_retrain_across_cycles_range_u1e-03_110.jsonl --insert-threads 16 --search-threads 1 --merge-threads 16 --build-l 220 --build-r 116 --beamwidth 4 --k 10 --cpu-cap 16 --metric l2 --route prefilter --search-l 50 --data-bin experiments/pq_drift_1m_aris_main_20260522/data/phaseC_cycle03_live_data_by_tag.bin --base-label-file experiments/pq_drift_1m_aris_main_20260522/labels/base_labels_1000000.spmat --query-bin /mnt/bak3/lzg/PipeANN-github/experiments/r116_suite_pq16_aris_20260520_072453/data/sift_query_1000.bin --truthset-bin experiments/pq_drift_1m_aris_main_20260522/truth/phaseC_cycle03_range_u1e-03.bin --query-label-file /mnt/bak3/lzg/PipeANN-github/experiments/r116_suite_pq16_aris_20260520_072453/labels/query_1000_range_u1e-03.spmat --selector-type range --query-limit 1000,99.94,,1.8673100471496582,taskset -c 0-15 /mnt/bak3/lzg/PipeANN-github/build/tests/dynamic_update_suite_driver --mode measure-dynamic-search --source-prefix /mnt/bak3/lzg/PipeANN-supersector32k-work/indexes/phaseC_cycle03_no_retrain_after_insert_super32k --jsonl-output /mnt/bak3/lzg/PipeANN-github/experiments/supersector32k_packing_aris_20260523/tmp/full_cycle03_no_retrain_across_cycles_range_u1e-03_110.jsonl --insert-threads 16 --search-threads 1 --merge-threads 16 --build-l 220 --build-r 116 --beamwidth 4 --k 10 --cpu-cap 16 --metric l2 --route prefilter --search-l 50 --data-bin experiments/pq_drift_1m_aris_main_20260522/data/phaseC_cycle03_live_data_by_tag.bin --base-label-file experiments/pq_drift_1m_aris_main_20260522/labels/base_labels_1000000.spmat --query-bin /mnt/bak3/lzg/PipeANN-github/experiments/r116_suite_pq16_aris_20260520_072453/data/sift_query_1000.bin --truthset-bin experiments/pq_drift_1m_aris_main_20260522/truth/phaseC_cycle03_range_u1e-03.bin --query-label-file /mnt/bak3/lzg/PipeANN-github/experiments/r116_suite_pq16_aris_20260520_072453/labels/query_1000_range_u1e-03.spmat --selector-type range --query-limit 1000,,prefilter,285668,284232,50,/mnt/bak3/lzg/PipeANN-supersector32k-work/indexes/phaseC_cycle03_no_retrain_after_insert_super32k,ok,,,,,,152038,1,0,,experiments/pq_drift_1m_aris_main_20260522/indexes/phaseC_cycle03_no_retrain_after_insert,/mnt/bak3/lzg/PipeANN-supersector32k-work/indexes/phaseC_cycle03_no_retrain_after_insert_super32k,0.153204
prefilter,214.145358,,,,,,,,,,3000.0,,,cycle03_no_retrain_across_cycles_range_u3e-03,75,0-15,16,True,,0.214297,0,0,,10000,0,16,supersector32k,1000000,285760,152038,3000.0,68.371,152038,measure-dynamic-search,210.889,233.609,265.143,4096,full,4096,1000000,16,1000,285760,4666.418311,1456,285760,/mnt/bak3/lzg/PipeANN-github/build/tests/dynamic_update_suite_driver --mode measure-dynamic-search --source-prefix /mnt/bak3/lzg/PipeANN-supersector32k-work/indexes/phaseC_cycle03_no_retrain_after_insert_super32k --jsonl-output /mnt/bak3/lzg/PipeANN-github/experiments/supersector32k_packing_aris_20260523/tmp/full_cycle03_no_retrain_across_cycles_range_u3e-03_111.jsonl --insert-threads 16 --search-threads 1 --merge-threads 16 --build-l 220 --build-r 116 --beamwidth 4 --k 10 --cpu-cap 16 --metric l2 --route prefilter --search-l 75 --data-bin experiments/pq_drift_1m_aris_main_20260522/data/phaseC_cycle03_live_data_by_tag.bin --base-label-file experiments/pq_drift_1m_aris_main_20260522/labels/base_labels_1000000.spmat --query-bin /mnt/bak3/lzg/PipeANN-github/experiments/r116_suite_pq16_aris_20260520_072453/data/sift_query_1000.bin --truthset-bin experiments/pq_drift_1m_aris_main_20260522/truth/phaseC_cycle03_range_u3e-03.bin --query-label-file /mnt/bak3/lzg/PipeANN-github/experiments/r116_suite_pq16_aris_20260520_072453/labels/query_1000_range_u3e-03.spmat --selector-type range --query-limit 1000,99.72,,1.7475848197937012,taskset -c 0-15 /mnt/bak3/lzg/PipeANN-github/build/tests/dynamic_update_suite_driver --mode measure-dynamic-search --source-prefix /mnt/bak3/lzg/PipeANN-supersector32k-work/indexes/phaseC_cycle03_no_retrain_after_insert_super32k --jsonl-output /mnt/bak3/lzg/PipeANN-github/experiments/supersector32k_packing_aris_20260523/tmp/full_cycle03_no_retrain_across_cycles_range_u3e-03_111.jsonl --insert-threads 16 --search-threads 1 --merge-threads 16 --build-l 220 --build-r 116 --beamwidth 4 --k 10 --cpu-cap 16 --metric l2 --route prefilter --search-l 75 --data-bin experiments/pq_drift_1m_aris_main_20260522/data/phaseC_cycle03_live_data_by_tag.bin --base-label-file experiments/pq_drift_1m_aris_main_20260522/labels/base_labels_1000000.spmat --query-bin /mnt/bak3/lzg/PipeANN-github/experiments/r116_suite_pq16_aris_20260520_072453/data/sift_query_1000.bin --truthset-bin experiments/pq_drift_1m_aris_main_20260522/truth/phaseC_cycle03_range_u3e-03.bin --query-label-file /mnt/bak3/lzg/PipeANN-github/experiments/r116_suite_pq16_aris_20260520_072453/labels/query_1000_range_u3e-03.spmat --selector-type range --query-limit 1000,,prefilter,285760,284304,75,/mnt/bak3/lzg/PipeANN-supersector32k-work/indexes/phaseC_cycle03_no_retrain_after_insert_super32k,ok,,,,,,152038,1,0,,experiments/pq_drift_1m_aris_main_20260522/indexes/phaseC_cycle03_no_retrain_after_insert,/mnt/bak3/lzg/PipeANN-supersector32k-work/indexes/phaseC_cycle03_no_retrain_after_insert_super32k,0.214297
prefilter,433.090546,,,,,,,,,,10000.0,,,cycle03_no_retrain_across_cycles_range_u1e-02,50,0-15,16,True,,0.433253,0,0,,10000,0,16,supersector32k,1000000,287612,152038,10000.0,144.11,152038,measure-dynamic-search,428.561,464.889,502.852,4096,full,4096,1000000,16,1000,287612,2308.122547,1248,287612,/mnt/bak3/lzg/PipeANN-github/build/tests/dynamic_update_suite_driver --mode measure-dynamic-search --source-prefix /mnt/bak3/lzg/PipeANN-supersector32k-work/indexes/phaseC_cycle03_no_retrain_after_insert_super32k --jsonl-output /mnt/bak3/lzg/PipeANN-github/experiments/supersector32k_packing_aris_20260523/tmp/full_cycle03_no_retrain_across_cycles_range_u1e-02_112.jsonl --insert-threads 16 --search-threads 1 --merge-threads 16 --build-l 220 --build-r 116 --beamwidth 4 --k 10 --cpu-cap 16 --metric l2 --route prefilter --search-l 50 --data-bin experiments/pq_drift_1m_aris_main_20260522/data/phaseC_cycle03_live_data_by_tag.bin --base-label-file experiments/pq_drift_1m_aris_main_20260522/labels/base_labels_1000000.spmat --query-bin /mnt/bak3/lzg/PipeANN-github/experiments/r116_suite_pq16_aris_20260520_072453/data/sift_query_1000.bin --truthset-bin experiments/pq_drift_1m_aris_main_20260522/truth/phaseC_cycle03_range_u1e-02.bin --query-label-file /mnt/bak3/lzg/PipeANN-github/experiments/r116_suite_pq16_aris_20260520_072453/labels/query_1000_range_u1e-02.spmat --selector-type range --query-limit 1000,99.6,,2.1050033569335938,taskset -c 0-15 /mnt/bak3/lzg/PipeANN-github/build/tests/dynamic_update_suite_driver --mode measure-dynamic-search --source-prefix /mnt/bak3/lzg/PipeANN-supersector32k-work/indexes/phaseC_cycle03_no_retrain_after_insert_super32k --jsonl-output /mnt/bak3/lzg/PipeANN-github/experiments/supersector32k_packing_aris_20260523/tmp/full_cycle03_no_retrain_across_cycles_range_u1e-02_112.jsonl --insert-threads 16 --search-threads 1 --merge-threads 16 --build-l 220 --build-r 116 --beamwidth 4 --k 10 --cpu-cap 16 --metric l2 --route prefilter --search-l 50 --data-bin experiments/pq_drift_1m_aris_main_20260522/data/phaseC_cycle03_live_data_by_tag.bin --base-label-file experiments/pq_drift_1m_aris_main_20260522/labels/base_labels_1000000.spmat --query-bin /mnt/bak3/lzg/PipeANN-github/experiments/r116_suite_pq16_aris_20260520_072453/data/sift_query_1000.bin --truthset-bin experiments/pq_drift_1m_aris_main_20260522/truth/phaseC_cycle03_range_u1e-02.bin --query-label-file /mnt/bak3/lzg/PipeANN-github/experiments/r116_suite_pq16_aris_20260520_072453/labels/query_1000_range_u1e-02.spmat --selector-type range --query-limit 1000,,prefilter,287612,286364,50,/mnt/bak3/lzg/PipeANN-supersector32k-work/indexes/phaseC_cycle03_no_retrain_after_insert_super32k,ok,,,,,,152038,1,0,,experiments/pq_drift_1m_aris_main_20260522/indexes/phaseC_cycle03_no_retrain_after_insert,/mnt/bak3/lzg/PipeANN-supersector32k-work/indexes/phaseC_cycle03_no_retrain_after_insert_super32k,0.433253
prefilter,1150.973117,,,,,,,,,,50000.0,,,cycle03_no_retrain_across_cycles_range_u5e-02,100,0-15,16,True,,1.151193,0,0,,10000,0,16,supersector32k,1000000,285620,152038,50000.0,241.244,152038,measure-dynamic-search,1132.458,1227.525,1261.985,4096,full,4096,1000000,16,1000,285620,868.663808,1276,285620,/mnt/bak3/lzg/PipeANN-github/build/tests/dynamic_update_suite_driver --mode measure-dynamic-search --source-prefix /mnt/bak3/lzg/PipeANN-supersector32k-work/indexes/phaseC_cycle03_no_retrain_after_insert_super32k --jsonl-output /mnt/bak3/lzg/PipeANN-github/experiments/supersector32k_packing_aris_20260523/tmp/full_cycle03_no_retrain_across_cycles_range_u5e-02_113.jsonl --insert-threads 16 --search-threads 1 --merge-threads 16 --build-l 220 --build-r 116 --beamwidth 4 --k 10 --cpu-cap 16 --metric l2 --route prefilter --search-l 100 --data-bin experiments/pq_drift_1m_aris_main_20260522/data/phaseC_cycle03_live_data_by_tag.bin --base-label-file experiments/pq_drift_1m_aris_main_20260522/labels/base_labels_1000000.spmat --query-bin /mnt/bak3/lzg/PipeANN-github/experiments/r116_suite_pq16_aris_20260520_072453/data/sift_query_1000.bin --truthset-bin experiments/pq_drift_1m_aris_main_20260522/truth/phaseC_cycle03_range_u5e-02.bin --query-label-file /mnt/bak3/lzg/PipeANN-github/experiments/r116_suite_pq16_aris_20260520_072453/labels/query_1000_range_u5e-02.spmat --selector-type range --query-limit 1000,99.31,,2.6954381465911865,taskset -c 0-15 /mnt/bak3/lzg/PipeANN-github/build/tests/dynamic_update_suite_driver --mode measure-dynamic-search --source-prefix /mnt/bak3/lzg/PipeANN-supersector32k-work/indexes/phaseC_cycle03_no_retrain_after_insert_super32k --jsonl-output /mnt/bak3/lzg/PipeANN-github/experiments/supersector32k_packing_aris_20260523/tmp/full_cycle03_no_retrain_across_cycles_range_u5e-02_113.jsonl --insert-threads 16 --search-threads 1 --merge-threads 16 --build-l 220 --build-r 116 --beamwidth 4 --k 10 --cpu-cap 16 --metric l2 --route prefilter --search-l 100 --data-bin experiments/pq_drift_1m_aris_main_20260522/data/phaseC_cycle03_live_data_by_tag.bin --base-label-file experiments/pq_drift_1m_aris_main_20260522/labels/base_labels_1000000.spmat --query-bin /mnt/bak3/lzg/PipeANN-github/experiments/r116_suite_pq16_aris_20260520_072453/data/sift_query_1000.bin --truthset-bin experiments/pq_drift_1m_aris_main_20260522/truth/phaseC_cycle03_range_u5e-02.bin --query-label-file /mnt/bak3/lzg/PipeANN-github/experiments/r116_suite_pq16_aris_20260520_072453/labels/query_1000_range_u5e-02.spmat --selector-type range --query-limit 1000,,prefilter,285620,284344,100,/mnt/bak3/lzg/PipeANN-supersector32k-work/indexes/phaseC_cycle03_no_retrain_after_insert_super32k,ok,,,,,,152038,1,0,,experiments/pq_drift_1m_aris_main_20260522/indexes/phaseC_cycle03_no_retrain_after_insert,/mnt/bak3/lzg/PipeANN-supersector32k-work/indexes/phaseC_cycle03_no_retrain_after_insert_super32k,1.151193
prefilter,1780.609034,,,,,,,,,,100000.0,,,cycle03_no_retrain_across_cycles_range_u1e-01,75,0-15,16,True,,1.780809,0,0,,10000,0,16,supersector32k,1000000,285844,152038,100000.0,280.315,152038,measure-dynamic-search,1754.953,1975.36,2014.409,4096,full,4096,1000000,16,1000,285844,561.542425,1344,285844,/mnt/bak3/lzg/PipeANN-github/build/tests/dynamic_update_suite_driver --mode measure-dynamic-search --source-prefix /mnt/bak3/lzg/PipeANN-supersector32k-work/indexes/phaseC_cycle03_no_retrain_after_insert_super32k --jsonl-output /mnt/bak3/lzg/PipeANN-github/experiments/supersector32k_packing_aris_20260523/tmp/full_cycle03_no_retrain_across_cycles_range_u1e-01_114.jsonl --insert-threads 16 --search-threads 1 --merge-threads 16 --build-l 220 --build-r 116 --beamwidth 4 --k 10 --cpu-cap 16 --metric l2 --route prefilter --search-l 75 --data-bin experiments/pq_drift_1m_aris_main_20260522/data/phaseC_cycle03_live_data_by_tag.bin --base-label-file experiments/pq_drift_1m_aris_main_20260522/labels/base_labels_1000000.spmat --query-bin /mnt/bak3/lzg/PipeANN-github/experiments/r116_suite_pq16_aris_20260520_072453/data/sift_query_1000.bin --truthset-bin experiments/pq_drift_1m_aris_main_20260522/truth/phaseC_cycle03_range_u1e-01.bin --query-label-file /mnt/bak3/lzg/PipeANN-github/experiments/r116_suite_pq16_aris_20260520_072453/labels/query_1000_range_u1e-01.spmat --selector-type range --query-limit 1000,98.57,,3.329510450363159,taskset -c 0-15 /mnt/bak3/lzg/PipeANN-github/build/tests/dynamic_update_suite_driver --mode measure-dynamic-search --source-prefix /mnt/bak3/lzg/PipeANN-supersector32k-work/indexes/phaseC_cycle03_no_retrain_after_insert_super32k --jsonl-output /mnt/bak3/lzg/PipeANN-github/experiments/supersector32k_packing_aris_20260523/tmp/full_cycle03_no_retrain_across_cycles_range_u1e-01_114.jsonl --insert-threads 16 --search-threads 1 --merge-threads 16 --build-l 220 --build-r 116 --beamwidth 4 --k 10 --cpu-cap 16 --metric l2 --route prefilter --search-l 75 --data-bin experiments/pq_drift_1m_aris_main_20260522/data/phaseC_cycle03_live_data_by_tag.bin --base-label-file experiments/pq_drift_1m_aris_main_20260522/labels/base_labels_1000000.spmat --query-bin /mnt/bak3/lzg/PipeANN-github/experiments/r116_suite_pq16_aris_20260520_072453/data/sift_query_1000.bin --truthset-bin experiments/pq_drift_1m_aris_main_20260522/truth/phaseC_cycle03_range_u1e-01.bin --query-label-file /mnt/bak3/lzg/PipeANN-github/experiments/r116_suite_pq16_aris_20260520_072453/labels/query_1000_range_u1e-01.spmat --selector-type range --query-limit 1000,,prefilter,285844,284500,75,/mnt/bak3/lzg/PipeANN-supersector32k-work/indexes/phaseC_cycle03_no_retrain_after_insert_super32k,ok,,,,,,152038,1,0,,experiments/pq_drift_1m_aris_main_20260522/indexes/phaseC_cycle03_no_retrain_after_insert,/mnt/bak3/lzg/PipeANN-supersector32k-work/indexes/phaseC_cycle03_no_retrain_after_insert_super32k,1.780809
prefilter,3960.577769,,,,,,,,,,250000.0,,,cycle03_no_retrain_across_cycles_range_u25,300,0-15,16,True,,3.960881,0,0,,10000,0,16,supersector32k,1000000,285636,152038,250000.0,430.719,152038,measure-dynamic-search,3899.126,4132.492,4170.273,4096,full,4096,1000000,16,1000,285636,252.469095,1144,285636,/mnt/bak3/lzg/PipeANN-github/build/tests/dynamic_update_suite_driver --mode measure-dynamic-search --source-prefix /mnt/bak3/lzg/PipeANN-supersector32k-work/indexes/phaseC_cycle03_no_retrain_after_insert_super32k --jsonl-output /mnt/bak3/lzg/PipeANN-github/experiments/supersector32k_packing_aris_20260523/tmp/full_cycle03_no_retrain_across_cycles_range_u25_115.jsonl --insert-threads 16 --search-threads 1 --merge-threads 16 --build-l 220 --build-r 116 --beamwidth 4 --k 10 --cpu-cap 16 --metric l2 --route prefilter --search-l 300 --data-bin experiments/pq_drift_1m_aris_main_20260522/data/phaseC_cycle03_live_data_by_tag.bin --base-label-file experiments/pq_drift_1m_aris_main_20260522/labels/base_labels_1000000.spmat --query-bin /mnt/bak3/lzg/PipeANN-github/experiments/r116_suite_pq16_aris_20260520_072453/data/sift_query_1000.bin --truthset-bin experiments/pq_drift_1m_aris_main_20260522/truth/phaseC_cycle03_range_u25.bin --query-label-file /mnt/bak3/lzg/PipeANN-github/experiments/r116_suite_pq16_aris_20260520_072453/labels/query_1000_range_u25.spmat --selector-type range --query-limit 1000,98.03,,5.511516809463501,taskset -c 0-15 /mnt/bak3/lzg/PipeANN-github/build/tests/dynamic_update_suite_driver --mode measure-dynamic-search --source-prefix /mnt/bak3/lzg/PipeANN-supersector32k-work/indexes/phaseC_cycle03_no_retrain_after_insert_super32k --jsonl-output /mnt/bak3/lzg/PipeANN-github/experiments/supersector32k_packing_aris_20260523/tmp/full_cycle03_no_retrain_across_cycles_range_u25_115.jsonl --insert-threads 16 --search-threads 1 --merge-threads 16 --build-l 220 --build-r 116 --beamwidth 4 --k 10 --cpu-cap 16 --metric l2 --route prefilter --search-l 300 --data-bin experiments/pq_drift_1m_aris_main_20260522/data/phaseC_cycle03_live_data_by_tag.bin --base-label-file experiments/pq_drift_1m_aris_main_20260522/labels/base_labels_1000000.spmat --query-bin /mnt/bak3/lzg/PipeANN-github/experiments/r116_suite_pq16_aris_20260520_072453/data/sift_query_1000.bin --truthset-bin experiments/pq_drift_1m_aris_main_20260522/truth/phaseC_cycle03_range_u25.bin --query-label-file /mnt/bak3/lzg/PipeANN-github/experiments/r116_suite_pq16_aris_20260520_072453/labels/query_1000_range_u25.spmat --selector-type range --query-limit 1000,,prefilter,261240,284492,300,/mnt/bak3/lzg/PipeANN-supersector32k-work/indexes/phaseC_cycle03_no_retrain_after_insert_super32k,ok,,,,,,152038,1,0,,experiments/pq_drift_1m_aris_main_20260522/indexes/phaseC_cycle03_no_retrain_after_insert,/mnt/bak3/lzg/PipeANN-supersector32k-work/indexes/phaseC_cycle03_no_retrain_after_insert_super32k,3.960881
prefilter,4618.881257,,,,,,,,,,300000.0,,,cycle03_no_retrain_across_cycles_range_u30,300,0-15,16,True,,4.619189,0,0,,10000,0,16,supersector32k,1000000,285684,152038,300000.0,477.694,152038,measure-dynamic-search,4556.256,4794.599,4834.692,4096,full,4096,1000000,16,1000,285684,216.488203,1400,285684,/mnt/bak3/lzg/PipeANN-github/build/tests/dynamic_update_suite_driver --mode measure-dynamic-search --source-prefix /mnt/bak3/lzg/PipeANN-supersector32k-work/indexes/phaseC_cycle03_no_retrain_after_insert_super32k --jsonl-output /mnt/bak3/lzg/PipeANN-github/experiments/supersector32k_packing_aris_20260523/tmp/full_cycle03_no_retrain_across_cycles_range_u30_116.jsonl --insert-threads 16 --search-threads 1 --merge-threads 16 --build-l 220 --build-r 116 --beamwidth 4 --k 10 --cpu-cap 16 --metric l2 --route prefilter --search-l 300 --data-bin experiments/pq_drift_1m_aris_main_20260522/data/phaseC_cycle03_live_data_by_tag.bin --base-label-file experiments/pq_drift_1m_aris_main_20260522/labels/base_labels_1000000.spmat --query-bin /mnt/bak3/lzg/PipeANN-github/experiments/r116_suite_pq16_aris_20260520_072453/data/sift_query_1000.bin --truthset-bin experiments/pq_drift_1m_aris_main_20260522/truth/phaseC_cycle03_range_u30.bin --query-label-file /mnt/bak3/lzg/PipeANN-github/experiments/r116_suite_pq16_aris_20260520_072453/labels/query_1000_range_u30.spmat --selector-type range --query-limit 1000,98.14,,6.207964658737183,taskset -c 0-15 /mnt/bak3/lzg/PipeANN-github/build/tests/dynamic_update_suite_driver --mode measure-dynamic-search --source-prefix /mnt/bak3/lzg/PipeANN-supersector32k-work/indexes/phaseC_cycle03_no_retrain_after_insert_super32k --jsonl-output /mnt/bak3/lzg/PipeANN-github/experiments/supersector32k_packing_aris_20260523/tmp/full_cycle03_no_retrain_across_cycles_range_u30_116.jsonl --insert-threads 16 --search-threads 1 --merge-threads 16 --build-l 220 --build-r 116 --beamwidth 4 --k 10 --cpu-cap 16 --metric l2 --route prefilter --search-l 300 --data-bin experiments/pq_drift_1m_aris_main_20260522/data/phaseC_cycle03_live_data_by_tag.bin --base-label-file experiments/pq_drift_1m_aris_main_20260522/labels/base_labels_1000000.spmat --query-bin /mnt/bak3/lzg/PipeANN-github/experiments/r116_suite_pq16_aris_20260520_072453/data/sift_query_1000.bin --truthset-bin experiments/pq_drift_1m_aris_main_20260522/truth/phaseC_cycle03_range_u30.bin --query-label-file /mnt/bak3/lzg/PipeANN-github/experiments/r116_suite_pq16_aris_20260520_072453/labels/query_1000_range_u30.spmat --selector-type range --query-limit 1000,,prefilter,285684,284284,300,/mnt/bak3/lzg/PipeANN-supersector32k-work/indexes/phaseC_cycle03_no_retrain_after_insert_super32k,ok,,,,,,152038,1,0,,experiments/pq_drift_1m_aris_main_20260522/indexes/phaseC_cycle03_no_retrain_after_insert,/mnt/bak3/lzg/PipeANN-supersector32k-work/indexes/phaseC_cycle03_no_retrain_after_insert_super32k,4.619189
prefilter,6956.2736,,,,,,,,,,500000.0,,,cycle03_no_retrain_across_cycles_range_u50,300,0-15,16,True,,6.956532,0,0,,10000,0,16,supersector32k,1000000,287588,152038,500000.0,667.413,152038,measure-dynamic-search,6907.911,7120.667,8022.233,4096,full,4096,1000000,16,1000,287588,143.749783,1144,287588,/mnt/bak3/lzg/PipeANN-github/build/tests/dynamic_update_suite_driver --mode measure-dynamic-search --source-prefix /mnt/bak3/lzg/PipeANN-supersector32k-work/indexes/phaseC_cycle03_no_retrain_after_insert_super32k --jsonl-output /mnt/bak3/lzg/PipeANN-github/experiments/supersector32k_packing_aris_20260523/tmp/full_cycle03_no_retrain_across_cycles_range_u50_117.jsonl --insert-threads 16 --search-threads 1 --merge-threads 16 --build-l 220 --build-r 116 --beamwidth 4 --k 10 --cpu-cap 16 --metric l2 --route prefilter --search-l 300 --data-bin experiments/pq_drift_1m_aris_main_20260522/data/phaseC_cycle03_live_data_by_tag.bin --base-label-file experiments/pq_drift_1m_aris_main_20260522/labels/base_labels_1000000.spmat --query-bin /mnt/bak3/lzg/PipeANN-github/experiments/r116_suite_pq16_aris_20260520_072453/data/sift_query_1000.bin --truthset-bin experiments/pq_drift_1m_aris_main_20260522/truth/phaseC_cycle03_range_u50.bin --query-label-file /mnt/bak3/lzg/PipeANN-github/experiments/r116_suite_pq16_aris_20260520_072453/labels/query_1000_range_u50.spmat --selector-type range --query-limit 1000,98.06,,8.579850912094116,taskset -c 0-15 /mnt/bak3/lzg/PipeANN-github/build/tests/dynamic_update_suite_driver --mode measure-dynamic-search --source-prefix /mnt/bak3/lzg/PipeANN-supersector32k-work/indexes/phaseC_cycle03_no_retrain_after_insert_super32k --jsonl-output /mnt/bak3/lzg/PipeANN-github/experiments/supersector32k_packing_aris_20260523/tmp/full_cycle03_no_retrain_across_cycles_range_u50_117.jsonl --insert-threads 16 --search-threads 1 --merge-threads 16 --build-l 220 --build-r 116 --beamwidth 4 --k 10 --cpu-cap 16 --metric l2 --route prefilter --search-l 300 --data-bin experiments/pq_drift_1m_aris_main_20260522/data/phaseC_cycle03_live_data_by_tag.bin --base-label-file experiments/pq_drift_1m_aris_main_20260522/labels/base_labels_1000000.spmat --query-bin /mnt/bak3/lzg/PipeANN-github/experiments/r116_suite_pq16_aris_20260520_072453/data/sift_query_1000.bin --truthset-bin experiments/pq_drift_1m_aris_main_20260522/truth/phaseC_cycle03_range_u50.bin --query-label-file /mnt/bak3/lzg/PipeANN-github/experiments/r116_suite_pq16_aris_20260520_072453/labels/query_1000_range_u50.spmat --selector-type range --query-limit 1000,,prefilter,287408,286444,300,/mnt/bak3/lzg/PipeANN-supersector32k-work/indexes/phaseC_cycle03_no_retrain_after_insert_super32k,ok,,,,,,152038,1,0,,experiments/pq_drift_1m_aris_main_20260522/indexes/phaseC_cycle03_no_retrain_after_insert,/mnt/bak3/lzg/PipeANN-supersector32k-work/indexes/phaseC_cycle03_no_retrain_after_insert_super32k,6.956532
mixed,9955.252129,10072.385386,10078.099922,10428.508,98.03,10421.347,98.03,graph,450,4,750000.0,graph,444,cycle03_no_retrain_across_cycles_range_u75,444,0-15,16,True,,9.95543,0,1000,,10000,0,16,supersector32k_page_aware_slots,1000000,299004,152038,750000.0,55.255,152038,measure-dynamic-search,9921.046,10320.054,10702.235,,targeted_replacement_super32k_v3,,1000000,16,0,299004,100.447697,14692,299004,/mnt/bak3/lzg/PipeANN-github/build/tests/dynamic_update_suite_driver --mode measure-dynamic-search --source-prefix /mnt/bak3/lzg/PipeANN-supersector32k-work/indexes/phaseC_cycle03_no_retrain_after_insert_super32k --jsonl-output /mnt/bak3/lzg/PipeANN-github/experiments/supersector32k_packing_aris_20260523/tmp/targeted_v3_081_cycle03_no_retrain_across_cycles_range_u75_graph_L444_fine_lower_L.jsonl --insert-threads 16 --search-threads 1 --merge-threads 16 --build-l 220 --build-r 116 --beamwidth 4 --k 10 --cpu-cap 16 --metric l2 --route graph --search-l 444 --data-bin experiments/pq_drift_1m_aris_main_20260522/data/phaseC_cycle03_live_data_by_tag.bin --base-label-file experiments/pq_drift_1m_aris_main_20260522/labels/base_labels_1000000.spmat --query-bin /mnt/bak3/lzg/PipeANN-github/experiments/r116_suite_pq16_aris_20260520_072453/data/sift_query_1000.bin --truthset-bin experiments/pq_drift_1m_aris_main_20260522/truth/phaseC_cycle03_range_u75.bin --query-label-file /mnt/bak3/lzg/PipeANN-github/experiments/r116_suite_pq16_aris_20260520_072453/labels/query_1000_range_u75.spmat --selector-type range --query-limit 1000,98.0,cycle03_no_retrain_across_cycles_range_u75,,,targeted_replacement_super32k_v3,graph,299004,284312,444,/mnt/bak3/lzg/PipeANN-supersector32k-work/indexes/phaseC_cycle03_no_retrain_after_insert_super32k,ok,,fine_lower_L,11.738353729248047,taskset -c 0-15 /mnt/bak3/lzg/PipeANN-github/build/tests/dynamic_update_suite_driver --mode measure-dynamic-search --source-prefix /mnt/bak3/lzg/PipeANN-supersector32k-work/indexes/phaseC_cycle03_no_retrain_after_insert_super32k --jsonl-output /mnt/bak3/lzg/PipeANN-github/experiments/supersector32k_packing_aris_20260523/tmp/targeted_v3_081_cycle03_no_retrain_across_cycles_range_u75_graph_L444_fine_lower_L.jsonl --insert-threads 16 --search-threads 1 --merge-threads 16 --build-l 220 --build-r 116 --beamwidth 4 --k 10 --cpu-cap 16 --metric l2 --route graph --search-l 444 --data-bin experiments/pq_drift_1m_aris_main_20260522/data/phaseC_cycle03_live_data_by_tag.bin --base-label-file experiments/pq_drift_1m_aris_main_20260522/labels/base_labels_1000000.spmat --query-bin /mnt/bak3/lzg/PipeANN-github/experiments/r116_suite_pq16_aris_20260520_072453/data/sift_query_1000.bin --truthset-bin experiments/pq_drift_1m_aris_main_20260522/truth/phaseC_cycle03_range_u75.bin --query-label-file /mnt/bak3/lzg/PipeANN-github/experiments/r116_suite_pq16_aris_20260520_072453/labels/query_1000_range_u75.spmat --selector-type range --query-limit 1000,0,152038,1,0,,,,9.95543
mixed,9299.199322,10079.191827,10148.626021,10423.127,98.2,10442.299,98.2,graph,450,4,1000000.0,auto,410,cycle03_no_retrain_across_cycles_range_u100,410,0-15,16,True,,9.299376,0,1000,,10000,0,16,supersector32k_page_aware_slots,1000000,297576,152038,1000000.0,66.26,152038,measure-dynamic-search,9264.429,9669.69,9964.254,,targeted_replacement_super32k_v3,,1000000,16,0,297576,107.534098,13292,297576,/mnt/bak3/lzg/PipeANN-github/build/tests/dynamic_update_suite_driver --mode measure-dynamic-search --source-prefix /mnt/bak3/lzg/PipeANN-supersector32k-work/indexes/phaseC_cycle03_no_retrain_after_insert_super32k --jsonl-output /mnt/bak3/lzg/PipeANN-github/experiments/supersector32k_packing_aris_20260523/tmp/targeted_v3_106_cycle03_no_retrain_across_cycles_range_u100_auto_L410_lower_L_auto.jsonl --insert-threads 16 --search-threads 1 --merge-threads 16 --build-l 220 --build-r 116 --beamwidth 4 --k 10 --cpu-cap 16 --metric l2 --route auto --search-l 410 --data-bin experiments/pq_drift_1m_aris_main_20260522/data/phaseC_cycle03_live_data_by_tag.bin --base-label-file experiments/pq_drift_1m_aris_main_20260522/labels/base_labels_1000000.spmat --query-bin /mnt/bak3/lzg/PipeANN-github/experiments/r116_suite_pq16_aris_20260520_072453/data/sift_query_1000.bin --truthset-bin experiments/pq_drift_1m_aris_main_20260522/truth/phaseC_cycle03_range_u100.bin --query-label-file /mnt/bak3/lzg/PipeANN-github/experiments/r116_suite_pq16_aris_20260520_072453/labels/query_1000_range_u100.spmat --selector-type range --query-limit 1000,98.04,cycle03_no_retrain_across_cycles_range_u100,,,targeted_replacement_super32k_v3,auto,297576,284284,410,/mnt/bak3/lzg/PipeANN-supersector32k-work/indexes/phaseC_cycle03_no_retrain_after_insert_super32k,ok,,lower_L_auto,10.970375537872314,taskset -c 0-15 /mnt/bak3/lzg/PipeANN-github/build/tests/dynamic_update_suite_driver --mode measure-dynamic-search --source-prefix /mnt/bak3/lzg/PipeANN-supersector32k-work/indexes/phaseC_cycle03_no_retrain_after_insert_super32k --jsonl-output /mnt/bak3/lzg/PipeANN-github/experiments/supersector32k_packing_aris_20260523/tmp/targeted_v3_106_cycle03_no_retrain_across_cycles_range_u100_auto_L410_lower_L_auto.jsonl --insert-threads 16 --search-threads 1 --merge-threads 16 --build-l 220 --build-r 116 --beamwidth 4 --k 10 --cpu-cap 16 --metric l2 --route auto --search-l 410 --data-bin experiments/pq_drift_1m_aris_main_20260522/data/phaseC_cycle03_live_data_by_tag.bin --base-label-file experiments/pq_drift_1m_aris_main_20260522/labels/base_labels_1000000.spmat --query-bin /mnt/bak3/lzg/PipeANN-github/experiments/r116_suite_pq16_aris_20260520_072453/data/sift_query_1000.bin --truthset-bin experiments/pq_drift_1m_aris_main_20260522/truth/phaseC_cycle03_range_u100.bin --query-label-file /mnt/bak3/lzg/PipeANN-github/experiments/r116_suite_pq16_aris_20260520_072453/labels/query_1000_range_u100.spmat --selector-type range --query-limit 1000,0,152038,1,0,,,,9.299376
prefilter,138.380452,,,,,,,,,,1000.0,,,cycle04_retrain_each_cycle_intersect_u1e-03,50,0-15,16,True,,0.138439,0,0,,10000,0,16,supersector32k,1000000,281808,92613,1000.0,51.281,92613,measure-dynamic-search,136.581,146.411,157.003,4096,full,4096,1000000,16,1000,281808,7223.3973,1232,281808,/mnt/bak3/lzg/PipeANN-github/build/tests/dynamic_update_suite_driver --mode measure-dynamic-search --source-prefix /mnt/bak3/lzg/PipeANN-supersector32k-work/indexes/phaseC_cycle04_retrain_each_cycle_super32k --jsonl-output /mnt/bak3/lzg/PipeANN-github/experiments/supersector32k_packing_aris_20260523/tmp/full_cycle04_retrain_each_cycle_intersect_u1e-03_120.jsonl --insert-threads 16 --search-threads 1 --merge-threads 16 --build-l 220 --build-r 116 --beamwidth 4 --k 10 --cpu-cap 16 --metric l2 --route prefilter --search-l 50 --data-bin experiments/pq_drift_1m_aris_main_20260522/data/phaseC_cycle04_live_data_by_tag.bin --base-label-file experiments/pq_drift_1m_aris_main_20260522/labels/base_labels_1000000.spmat --query-bin /mnt/bak3/lzg/PipeANN-github/experiments/r116_suite_pq16_aris_20260520_072453/data/sift_query_1000.bin --truthset-bin experiments/pq_drift_1m_aris_main_20260522/truth/phaseC_cycle04_intersect_u1e-03.bin --query-label-file /mnt/bak3/lzg/PipeANN-github/experiments/r116_suite_pq16_aris_20260520_072453/labels/query_1000_u1e-03.spmat --selector-type intersect --query-limit 1000,99.98,,1.5068168640136719,taskset -c 0-15 /mnt/bak3/lzg/PipeANN-github/build/tests/dynamic_update_suite_driver --mode measure-dynamic-search --source-prefix /mnt/bak3/lzg/PipeANN-supersector32k-work/indexes/phaseC_cycle04_retrain_each_cycle_super32k --jsonl-output /mnt/bak3/lzg/PipeANN-github/experiments/supersector32k_packing_aris_20260523/tmp/full_cycle04_retrain_each_cycle_intersect_u1e-03_120.jsonl --insert-threads 16 --search-threads 1 --merge-threads 16 --build-l 220 --build-r 116 --beamwidth 4 --k 10 --cpu-cap 16 --metric l2 --route prefilter --search-l 50 --data-bin experiments/pq_drift_1m_aris_main_20260522/data/phaseC_cycle04_live_data_by_tag.bin --base-label-file experiments/pq_drift_1m_aris_main_20260522/labels/base_labels_1000000.spmat --query-bin /mnt/bak3/lzg/PipeANN-github/experiments/r116_suite_pq16_aris_20260520_072453/data/sift_query_1000.bin --truthset-bin experiments/pq_drift_1m_aris_main_20260522/truth/phaseC_cycle04_intersect_u1e-03.bin --query-label-file /mnt/bak3/lzg/PipeANN-github/experiments/r116_suite_pq16_aris_20260520_072453/labels/query_1000_u1e-03.spmat --selector-type intersect --query-limit 1000,,prefilter,281808,280576,50,/mnt/bak3/lzg/PipeANN-supersector32k-work/indexes/phaseC_cycle04_retrain_each_cycle_super32k,ok,,,,,,92613,1,0,,experiments/pq_drift_1m_aris_main_20260522/indexes/phaseC_cycle04_retrain_each_cycle,/mnt/bak3/lzg/PipeANN-supersector32k-work/indexes/phaseC_cycle04_retrain_each_cycle_super32k,0.138439
prefilter,177.642579,,,,,,,,,,3000.0,,,cycle04_retrain_each_cycle_intersect_u3e-03,50,0-15,16,True,,0.177709,0,0,,10000,0,16,supersector32k,1000000,281692,92613,3000.0,51.522,92613,measure-dynamic-search,176.117,188.223,212.215,4096,full,4096,1000000,16,1000,281692,5627.16685,1172,281692,/mnt/bak3/lzg/PipeANN-github/build/tests/dynamic_update_suite_driver --mode measure-dynamic-search --source-prefix /mnt/bak3/lzg/PipeANN-supersector32k-work/indexes/phaseC_cycle04_retrain_each_cycle_super32k --jsonl-output /mnt/bak3/lzg/PipeANN-github/experiments/supersector32k_packing_aris_20260523/tmp/full_cycle04_retrain_each_cycle_intersect_u3e-03_121.jsonl --insert-threads 16 --search-threads 1 --merge-threads 16 --build-l 220 --build-r 116 --beamwidth 4 --k 10 --cpu-cap 16 --metric l2 --route prefilter --search-l 50 --data-bin experiments/pq_drift_1m_aris_main_20260522/data/phaseC_cycle04_live_data_by_tag.bin --base-label-file experiments/pq_drift_1m_aris_main_20260522/labels/base_labels_1000000.spmat --query-bin /mnt/bak3/lzg/PipeANN-github/experiments/r116_suite_pq16_aris_20260520_072453/data/sift_query_1000.bin --truthset-bin experiments/pq_drift_1m_aris_main_20260522/truth/phaseC_cycle04_intersect_u3e-03.bin --query-label-file /mnt/bak3/lzg/PipeANN-github/experiments/r116_suite_pq16_aris_20260520_072453/labels/query_1000_u3e-03.spmat --selector-type intersect --query-limit 1000,99.78,,1.858877420425415,taskset -c 0-15 /mnt/bak3/lzg/PipeANN-github/build/tests/dynamic_update_suite_driver --mode measure-dynamic-search --source-prefix /mnt/bak3/lzg/PipeANN-supersector32k-work/indexes/phaseC_cycle04_retrain_each_cycle_super32k --jsonl-output /mnt/bak3/lzg/PipeANN-github/experiments/supersector32k_packing_aris_20260523/tmp/full_cycle04_retrain_each_cycle_intersect_u3e-03_121.jsonl --insert-threads 16 --search-threads 1 --merge-threads 16 --build-l 220 --build-r 116 --beamwidth 4 --k 10 --cpu-cap 16 --metric l2 --route prefilter --search-l 50 --data-bin experiments/pq_drift_1m_aris_main_20260522/data/phaseC_cycle04_live_data_by_tag.bin --base-label-file experiments/pq_drift_1m_aris_main_20260522/labels/base_labels_1000000.spmat --query-bin /mnt/bak3/lzg/PipeANN-github/experiments/r116_suite_pq16_aris_20260520_072453/data/sift_query_1000.bin --truthset-bin experiments/pq_drift_1m_aris_main_20260522/truth/phaseC_cycle04_intersect_u3e-03.bin --query-label-file /mnt/bak3/lzg/PipeANN-github/experiments/r116_suite_pq16_aris_20260520_072453/labels/query_1000_u3e-03.spmat --selector-type intersect --query-limit 1000,,prefilter,281692,280520,50,/mnt/bak3/lzg/PipeANN-supersector32k-work/indexes/phaseC_cycle04_retrain_each_cycle_super32k,ok,,,,,,92613,1,0,,experiments/pq_drift_1m_aris_main_20260522/indexes/phaseC_cycle04_retrain_each_cycle,/mnt/bak3/lzg/PipeANN-supersector32k-work/indexes/phaseC_cycle04_retrain_each_cycle_super32k,0.177709
prefilter,314.762843,,,,,,,,,,10000.0,,,cycle04_retrain_each_cycle_intersect_u1e-02,50,0-15,16,True,,0.314865,0,0,,10000,0,16,supersector32k,1000000,281756,92613,10000.0,61.479,92613,measure-dynamic-search,313.311,330.055,359.703,4096,full,4096,1000000,16,1000,281756,3175.963657,1112,281756,/mnt/bak3/lzg/PipeANN-github/build/tests/dynamic_update_suite_driver --mode measure-dynamic-search --source-prefix /mnt/bak3/lzg/PipeANN-supersector32k-work/indexes/phaseC_cycle04_retrain_each_cycle_super32k --jsonl-output /mnt/bak3/lzg/PipeANN-github/experiments/supersector32k_packing_aris_20260523/tmp/full_cycle04_retrain_each_cycle_intersect_u1e-02_122.jsonl --insert-threads 16 --search-threads 1 --merge-threads 16 --build-l 220 --build-r 116 --beamwidth 4 --k 10 --cpu-cap 16 --metric l2 --route prefilter --search-l 50 --data-bin experiments/pq_drift_1m_aris_main_20260522/data/phaseC_cycle04_live_data_by_tag.bin --base-label-file experiments/pq_drift_1m_aris_main_20260522/labels/base_labels_1000000.spmat --query-bin /mnt/bak3/lzg/PipeANN-github/experiments/r116_suite_pq16_aris_20260520_072453/data/sift_query_1000.bin --truthset-bin experiments/pq_drift_1m_aris_main_20260522/truth/phaseC_cycle04_intersect_u1e-02.bin --query-label-file /mnt/bak3/lzg/PipeANN-github/experiments/r116_suite_pq16_aris_20260520_072453/labels/query_1000_u1e-02.spmat --selector-type intersect --query-limit 1000,99.6,,1.805690050125122,taskset -c 0-15 /mnt/bak3/lzg/PipeANN-github/build/tests/dynamic_update_suite_driver --mode measure-dynamic-search --source-prefix /mnt/bak3/lzg/PipeANN-supersector32k-work/indexes/phaseC_cycle04_retrain_each_cycle_super32k --jsonl-output /mnt/bak3/lzg/PipeANN-github/experiments/supersector32k_packing_aris_20260523/tmp/full_cycle04_retrain_each_cycle_intersect_u1e-02_122.jsonl --insert-threads 16 --search-threads 1 --merge-threads 16 --build-l 220 --build-r 116 --beamwidth 4 --k 10 --cpu-cap 16 --metric l2 --route prefilter --search-l 50 --data-bin experiments/pq_drift_1m_aris_main_20260522/data/phaseC_cycle04_live_data_by_tag.bin --base-label-file experiments/pq_drift_1m_aris_main_20260522/labels/base_labels_1000000.spmat --query-bin /mnt/bak3/lzg/PipeANN-github/experiments/r116_suite_pq16_aris_20260520_072453/data/sift_query_1000.bin --truthset-bin experiments/pq_drift_1m_aris_main_20260522/truth/phaseC_cycle04_intersect_u1e-02.bin --query-label-file /mnt/bak3/lzg/PipeANN-github/experiments/r116_suite_pq16_aris_20260520_072453/labels/query_1000_u1e-02.spmat --selector-type intersect --query-limit 1000,,prefilter,281756,280644,50,/mnt/bak3/lzg/PipeANN-supersector32k-work/indexes/phaseC_cycle04_retrain_each_cycle_super32k,ok,,,,,,92613,1,0,,experiments/pq_drift_1m_aris_main_20260522/indexes/phaseC_cycle04_retrain_each_cycle,/mnt/bak3/lzg/PipeANN-supersector32k-work/indexes/phaseC_cycle04_retrain_each_cycle_super32k,0.314865
prefilter,902.95235,,,,,,,,,,50000.0,,,cycle04_retrain_each_cycle_intersect_u5e-02,50,0-15,16,True,,0.903086,0,0,,10000,0,16,supersector32k,1000000,283760,92613,50000.0,104.606,92613,measure-dynamic-search,903.536,974.89,1022.299,4096,full,4096,1000000,16,1000,283760,1107.314418,924,283760,/mnt/bak3/lzg/PipeANN-github/build/tests/dynamic_update_suite_driver --mode measure-dynamic-search --source-prefix /mnt/bak3/lzg/PipeANN-supersector32k-work/indexes/phaseC_cycle04_retrain_each_cycle_super32k --jsonl-output /mnt/bak3/lzg/PipeANN-github/experiments/supersector32k_packing_aris_20260523/tmp/full_cycle04_retrain_each_cycle_intersect_u5e-02_123.jsonl --insert-threads 16 --search-threads 1 --merge-threads 16 --build-l 220 --build-r 116 --beamwidth 4 --k 10 --cpu-cap 16 --metric l2 --route prefilter --search-l 50 --data-bin experiments/pq_drift_1m_aris_main_20260522/data/phaseC_cycle04_live_data_by_tag.bin --base-label-file experiments/pq_drift_1m_aris_main_20260522/labels/base_labels_1000000.spmat --query-bin /mnt/bak3/lzg/PipeANN-github/experiments/r116_suite_pq16_aris_20260520_072453/data/sift_query_1000.bin --truthset-bin experiments/pq_drift_1m_aris_main_20260522/truth/phaseC_cycle04_intersect_u5e-02.bin --query-label-file /mnt/bak3/lzg/PipeANN-github/experiments/r116_suite_pq16_aris_20260520_072453/labels/query_1000_u5e-02.spmat --selector-type intersect --query-limit 1000,99.18,,2.130997896194458,taskset -c 0-15 /mnt/bak3/lzg/PipeANN-github/build/tests/dynamic_update_suite_driver --mode measure-dynamic-search --source-prefix /mnt/bak3/lzg/PipeANN-supersector32k-work/indexes/phaseC_cycle04_retrain_each_cycle_super32k --jsonl-output /mnt/bak3/lzg/PipeANN-github/experiments/supersector32k_packing_aris_20260523/tmp/full_cycle04_retrain_each_cycle_intersect_u5e-02_123.jsonl --insert-threads 16 --search-threads 1 --merge-threads 16 --build-l 220 --build-r 116 --beamwidth 4 --k 10 --cpu-cap 16 --metric l2 --route prefilter --search-l 50 --data-bin experiments/pq_drift_1m_aris_main_20260522/data/phaseC_cycle04_live_data_by_tag.bin --base-label-file experiments/pq_drift_1m_aris_main_20260522/labels/base_labels_1000000.spmat --query-bin /mnt/bak3/lzg/PipeANN-github/experiments/r116_suite_pq16_aris_20260520_072453/data/sift_query_1000.bin --truthset-bin experiments/pq_drift_1m_aris_main_20260522/truth/phaseC_cycle04_intersect_u5e-02.bin --query-label-file /mnt/bak3/lzg/PipeANN-github/experiments/r116_suite_pq16_aris_20260520_072453/labels/query_1000_u5e-02.spmat --selector-type intersect --query-limit 1000,,prefilter,283760,282836,50,/mnt/bak3/lzg/PipeANN-supersector32k-work/indexes/phaseC_cycle04_retrain_each_cycle_super32k,ok,,,,,,92613,1,0,,experiments/pq_drift_1m_aris_main_20260522/indexes/phaseC_cycle04_retrain_each_cycle,/mnt/bak3/lzg/PipeANN-supersector32k-work/indexes/phaseC_cycle04_retrain_each_cycle_super32k,0.903086
prefilter,1626.618528,,,,,,,,,,100000.0,,,cycle04_retrain_each_cycle_intersect_u1e-01,150,0-15,16,True,,1.626781,0,0,,10000,0,16,supersector32k,1000000,281660,92613,100000.0,152.24,92613,measure-dynamic-search,1570.265,1801.689,1823.667,4096,full,4096,1000000,16,1000,281660,614.710946,1104,281660,/mnt/bak3/lzg/PipeANN-github/build/tests/dynamic_update_suite_driver --mode measure-dynamic-search --source-prefix /mnt/bak3/lzg/PipeANN-supersector32k-work/indexes/phaseC_cycle04_retrain_each_cycle_super32k --jsonl-output /mnt/bak3/lzg/PipeANN-github/experiments/supersector32k_packing_aris_20260523/tmp/full_cycle04_retrain_each_cycle_intersect_u1e-01_124.jsonl --insert-threads 16 --search-threads 1 --merge-threads 16 --build-l 220 --build-r 116 --beamwidth 4 --k 10 --cpu-cap 16 --metric l2 --route prefilter --search-l 150 --data-bin experiments/pq_drift_1m_aris_main_20260522/data/phaseC_cycle04_live_data_by_tag.bin --base-label-file experiments/pq_drift_1m_aris_main_20260522/labels/base_labels_1000000.spmat --query-bin /mnt/bak3/lzg/PipeANN-github/experiments/r116_suite_pq16_aris_20260520_072453/data/sift_query_1000.bin --truthset-bin experiments/pq_drift_1m_aris_main_20260522/truth/phaseC_cycle04_intersect_u1e-01.bin --query-label-file /mnt/bak3/lzg/PipeANN-github/experiments/r116_suite_pq16_aris_20260520_072453/labels/query_1000_u1e-01.spmat --selector-type intersect --query-limit 1000,98.92,,2.7572786808013916,taskset -c 0-15 /mnt/bak3/lzg/PipeANN-github/build/tests/dynamic_update_suite_driver --mode measure-dynamic-search --source-prefix /mnt/bak3/lzg/PipeANN-supersector32k-work/indexes/phaseC_cycle04_retrain_each_cycle_super32k --jsonl-output /mnt/bak3/lzg/PipeANN-github/experiments/supersector32k_packing_aris_20260523/tmp/full_cycle04_retrain_each_cycle_intersect_u1e-01_124.jsonl --insert-threads 16 --search-threads 1 --merge-threads 16 --build-l 220 --build-r 116 --beamwidth 4 --k 10 --cpu-cap 16 --metric l2 --route prefilter --search-l 150 --data-bin experiments/pq_drift_1m_aris_main_20260522/data/phaseC_cycle04_live_data_by_tag.bin --base-label-file experiments/pq_drift_1m_aris_main_20260522/labels/base_labels_1000000.spmat --query-bin /mnt/bak3/lzg/PipeANN-github/experiments/r116_suite_pq16_aris_20260520_072453/data/sift_query_1000.bin --truthset-bin experiments/pq_drift_1m_aris_main_20260522/truth/phaseC_cycle04_intersect_u1e-01.bin --query-label-file /mnt/bak3/lzg/PipeANN-github/experiments/r116_suite_pq16_aris_20260520_072453/labels/query_1000_u1e-01.spmat --selector-type intersect --query-limit 1000,,prefilter,281660,280556,150,/mnt/bak3/lzg/PipeANN-supersector32k-work/indexes/phaseC_cycle04_retrain_each_cycle_super32k,ok,,,,,,92613,1,0,,experiments/pq_drift_1m_aris_main_20260522/indexes/phaseC_cycle04_retrain_each_cycle,/mnt/bak3/lzg/PipeANN-supersector32k-work/indexes/phaseC_cycle04_retrain_each_cycle_super32k,1.626781
prefilter,3745.0823,,,,,,,,,,250000.0,,,cycle04_retrain_each_cycle_intersect_u25,300,0-15,16,True,,3.745257,0,0,,10000,0,16,supersector32k,1000000,281568,92613,250000.0,310.615,92613,measure-dynamic-search,3683.618,3948.715,4237.231,4096,full,4096,1000000,16,1000,281568,267.004352,1016,281568,/mnt/bak3/lzg/PipeANN-github/build/tests/dynamic_update_suite_driver --mode measure-dynamic-search --source-prefix /mnt/bak3/lzg/PipeANN-supersector32k-work/indexes/phaseC_cycle04_retrain_each_cycle_super32k --jsonl-output /mnt/bak3/lzg/PipeANN-github/experiments/supersector32k_packing_aris_20260523/tmp/full_cycle04_retrain_each_cycle_intersect_u25_125.jsonl --insert-threads 16 --search-threads 1 --merge-threads 16 --build-l 220 --build-r 116 --beamwidth 4 --k 10 --cpu-cap 16 --metric l2 --route prefilter --search-l 300 --data-bin experiments/pq_drift_1m_aris_main_20260522/data/phaseC_cycle04_live_data_by_tag.bin --base-label-file experiments/pq_drift_1m_aris_main_20260522/labels/base_labels_1000000.spmat --query-bin /mnt/bak3/lzg/PipeANN-github/experiments/r116_suite_pq16_aris_20260520_072453/data/sift_query_1000.bin --truthset-bin experiments/pq_drift_1m_aris_main_20260522/truth/phaseC_cycle04_intersect_u25.bin --query-label-file /mnt/bak3/lzg/PipeANN-github/experiments/r116_suite_pq16_aris_20260520_072453/labels/query_1000_u25.spmat --selector-type intersect --query-limit 1000,98.34,,4.8957905769348145,taskset -c 0-15 /mnt/bak3/lzg/PipeANN-github/build/tests/dynamic_update_suite_driver --mode measure-dynamic-search --source-prefix /mnt/bak3/lzg/PipeANN-supersector32k-work/indexes/phaseC_cycle04_retrain_each_cycle_super32k --jsonl-output /mnt/bak3/lzg/PipeANN-github/experiments/supersector32k_packing_aris_20260523/tmp/full_cycle04_retrain_each_cycle_intersect_u25_125.jsonl --insert-threads 16 --search-threads 1 --merge-threads 16 --build-l 220 --build-r 116 --beamwidth 4 --k 10 --cpu-cap 16 --metric l2 --route prefilter --search-l 300 --data-bin experiments/pq_drift_1m_aris_main_20260522/data/phaseC_cycle04_live_data_by_tag.bin --base-label-file experiments/pq_drift_1m_aris_main_20260522/labels/base_labels_1000000.spmat --query-bin /mnt/bak3/lzg/PipeANN-github/experiments/r116_suite_pq16_aris_20260520_072453/data/sift_query_1000.bin --truthset-bin experiments/pq_drift_1m_aris_main_20260522/truth/phaseC_cycle04_intersect_u25.bin --query-label-file /mnt/bak3/lzg/PipeANN-github/experiments/r116_suite_pq16_aris_20260520_072453/labels/query_1000_u25.spmat --selector-type intersect --query-limit 1000,,prefilter,257148,280552,300,/mnt/bak3/lzg/PipeANN-supersector32k-work/indexes/phaseC_cycle04_retrain_each_cycle_super32k,ok,,,,,,92613,1,0,,experiments/pq_drift_1m_aris_main_20260522/indexes/phaseC_cycle04_retrain_each_cycle,/mnt/bak3/lzg/PipeANN-supersector32k-work/indexes/phaseC_cycle04_retrain_each_cycle_super32k,3.745257
prefilter,4314.363869,,,,,,,,,,300000.0,,,cycle04_retrain_each_cycle_intersect_u30,300,0-15,16,True,,4.314539,0,0,,10000,0,16,supersector32k,1000000,281756,92613,300000.0,365.239,92613,measure-dynamic-search,4268.048,4502.772,4530.461,4096,full,4096,1000000,16,1000,281756,231.774453,1084,281756,/mnt/bak3/lzg/PipeANN-github/build/tests/dynamic_update_suite_driver --mode measure-dynamic-search --source-prefix /mnt/bak3/lzg/PipeANN-supersector32k-work/indexes/phaseC_cycle04_retrain_each_cycle_super32k --jsonl-output /mnt/bak3/lzg/PipeANN-github/experiments/supersector32k_packing_aris_20260523/tmp/full_cycle04_retrain_each_cycle_intersect_u30_126.jsonl --insert-threads 16 --search-threads 1 --merge-threads 16 --build-l 220 --build-r 116 --beamwidth 4 --k 10 --cpu-cap 16 --metric l2 --route prefilter --search-l 300 --data-bin experiments/pq_drift_1m_aris_main_20260522/data/phaseC_cycle04_live_data_by_tag.bin --base-label-file experiments/pq_drift_1m_aris_main_20260522/labels/base_labels_1000000.spmat --query-bin /mnt/bak3/lzg/PipeANN-github/experiments/r116_suite_pq16_aris_20260520_072453/data/sift_query_1000.bin --truthset-bin experiments/pq_drift_1m_aris_main_20260522/truth/phaseC_cycle04_intersect_u30.bin --query-label-file /mnt/bak3/lzg/PipeANN-github/experiments/r116_suite_pq16_aris_20260520_072453/labels/query_1000_u30.spmat --selector-type intersect --query-limit 1000,98.35,,5.498121976852417,taskset -c 0-15 /mnt/bak3/lzg/PipeANN-github/build/tests/dynamic_update_suite_driver --mode measure-dynamic-search --source-prefix /mnt/bak3/lzg/PipeANN-supersector32k-work/indexes/phaseC_cycle04_retrain_each_cycle_super32k --jsonl-output /mnt/bak3/lzg/PipeANN-github/experiments/supersector32k_packing_aris_20260523/tmp/full_cycle04_retrain_each_cycle_intersect_u30_126.jsonl --insert-threads 16 --search-threads 1 --merge-threads 16 --build-l 220 --build-r 116 --beamwidth 4 --k 10 --cpu-cap 16 --metric l2 --route prefilter --search-l 300 --data-bin experiments/pq_drift_1m_aris_main_20260522/data/phaseC_cycle04_live_data_by_tag.bin --base-label-file experiments/pq_drift_1m_aris_main_20260522/labels/base_labels_1000000.spmat --query-bin /mnt/bak3/lzg/PipeANN-github/experiments/r116_suite_pq16_aris_20260520_072453/data/sift_query_1000.bin --truthset-bin experiments/pq_drift_1m_aris_main_20260522/truth/phaseC_cycle04_intersect_u30.bin --query-label-file /mnt/bak3/lzg/PipeANN-github/experiments/r116_suite_pq16_aris_20260520_072453/labels/query_1000_u30.spmat --selector-type intersect --query-limit 1000,,prefilter,281756,280672,300,/mnt/bak3/lzg/PipeANN-supersector32k-work/indexes/phaseC_cycle04_retrain_each_cycle_super32k,ok,,,,,,92613,1,0,,experiments/pq_drift_1m_aris_main_20260522/indexes/phaseC_cycle04_retrain_each_cycle,/mnt/bak3/lzg/PipeANN-supersector32k-work/indexes/phaseC_cycle04_retrain_each_cycle_super32k,4.314539
prefilter,6989.63513,,,,,,,,,,500000.0,,,cycle04_retrain_each_cycle_intersect_u50,400,0-15,16,True,,6.989878,0,0,,10000,0,16,supersector32k,1000000,281756,92613,500000.0,582.105,92613,measure-dynamic-search,6927.684,7172.446,7331.166,4096,full,4096,1000000,16,1000,281756,143.064008,960,281756,/mnt/bak3/lzg/PipeANN-github/build/tests/dynamic_update_suite_driver --mode measure-dynamic-search --source-prefix /mnt/bak3/lzg/PipeANN-supersector32k-work/indexes/phaseC_cycle04_retrain_each_cycle_super32k --jsonl-output /mnt/bak3/lzg/PipeANN-github/experiments/supersector32k_packing_aris_20260523/tmp/full_cycle04_retrain_each_cycle_intersect_u50_127.jsonl --insert-threads 16 --search-threads 1 --merge-threads 16 --build-l 220 --build-r 116 --beamwidth 4 --k 10 --cpu-cap 16 --metric l2 --route prefilter --search-l 400 --data-bin experiments/pq_drift_1m_aris_main_20260522/data/phaseC_cycle04_live_data_by_tag.bin --base-label-file experiments/pq_drift_1m_aris_main_20260522/labels/base_labels_1000000.spmat --query-bin /mnt/bak3/lzg/PipeANN-github/experiments/r116_suite_pq16_aris_20260520_072453/data/sift_query_1000.bin --truthset-bin experiments/pq_drift_1m_aris_main_20260522/truth/phaseC_cycle04_intersect_u50.bin --query-label-file /mnt/bak3/lzg/PipeANN-github/experiments/r116_suite_pq16_aris_20260520_072453/labels/query_1000_u50.spmat --selector-type intersect --query-limit 1000,98.91,,8.149062395095825,taskset -c 0-15 /mnt/bak3/lzg/PipeANN-github/build/tests/dynamic_update_suite_driver --mode measure-dynamic-search --source-prefix /mnt/bak3/lzg/PipeANN-supersector32k-work/indexes/phaseC_cycle04_retrain_each_cycle_super32k --jsonl-output /mnt/bak3/lzg/PipeANN-github/experiments/supersector32k_packing_aris_20260523/tmp/full_cycle04_retrain_each_cycle_intersect_u50_127.jsonl --insert-threads 16 --search-threads 1 --merge-threads 16 --build-l 220 --build-r 116 --beamwidth 4 --k 10 --cpu-cap 16 --metric l2 --route prefilter --search-l 400 --data-bin experiments/pq_drift_1m_aris_main_20260522/data/phaseC_cycle04_live_data_by_tag.bin --base-label-file experiments/pq_drift_1m_aris_main_20260522/labels/base_labels_1000000.spmat --query-bin /mnt/bak3/lzg/PipeANN-github/experiments/r116_suite_pq16_aris_20260520_072453/data/sift_query_1000.bin --truthset-bin experiments/pq_drift_1m_aris_main_20260522/truth/phaseC_cycle04_intersect_u50.bin --query-label-file /mnt/bak3/lzg/PipeANN-github/experiments/r116_suite_pq16_aris_20260520_072453/labels/query_1000_u50.spmat --selector-type intersect --query-limit 1000,,prefilter,281568,280796,400,/mnt/bak3/lzg/PipeANN-supersector32k-work/indexes/phaseC_cycle04_retrain_each_cycle_super32k,ok,,,,,,92613,1,0,,experiments/pq_drift_1m_aris_main_20260522/indexes/phaseC_cycle04_retrain_each_cycle,/mnt/bak3/lzg/PipeANN-supersector32k-work/indexes/phaseC_cycle04_retrain_each_cycle_super32k,6.989878
graph,8963.059663,,,,,,,,,,750000.0,,,cycle04_retrain_each_cycle_intersect_u75,400,0-15,16,True,,8.963243,0,0,,10000,1000,16,supersector32k,1000000,291984,92613,750000.0,15.916,92613,measure-dynamic-search,8953.074,9265.349,9467.336,4096,full,4096,1000000,16,0,291984,111.566767,11440,291984,/mnt/bak3/lzg/PipeANN-github/build/tests/dynamic_update_suite_driver --mode measure-dynamic-search --source-prefix /mnt/bak3/lzg/PipeANN-supersector32k-work/indexes/phaseC_cycle04_retrain_each_cycle_super32k --jsonl-output /mnt/bak3/lzg/PipeANN-github/experiments/supersector32k_packing_aris_20260523/tmp/full_cycle04_retrain_each_cycle_intersect_u75_128.jsonl --insert-threads 16 --search-threads 1 --merge-threads 16 --build-l 220 --build-r 116 --beamwidth 4 --k 10 --cpu-cap 16 --metric l2 --route graph --search-l 400 --data-bin experiments/pq_drift_1m_aris_main_20260522/data/phaseC_cycle04_live_data_by_tag.bin --base-label-file experiments/pq_drift_1m_aris_main_20260522/labels/base_labels_1000000.spmat --query-bin /mnt/bak3/lzg/PipeANN-github/experiments/r116_suite_pq16_aris_20260520_072453/data/sift_query_1000.bin --truthset-bin experiments/pq_drift_1m_aris_main_20260522/truth/phaseC_cycle04_intersect_u75.bin --query-label-file /mnt/bak3/lzg/PipeANN-github/experiments/r116_suite_pq16_aris_20260520_072453/labels/query_1000_u75.spmat --selector-type intersect --query-limit 1000,98.04,,10.151174783706665,taskset -c 0-15 /mnt/bak3/lzg/PipeANN-github/build/tests/dynamic_update_suite_driver --mode measure-dynamic-search --source-prefix /mnt/bak3/lzg/PipeANN-supersector32k-work/indexes/phaseC_cycle04_retrain_each_cycle_super32k --jsonl-output /mnt/bak3/lzg/PipeANN-github/experiments/supersector32k_packing_aris_20260523/tmp/full_cycle04_retrain_each_cycle_intersect_u75_128.jsonl --insert-threads 16 --search-threads 1 --merge-threads 16 --build-l 220 --build-r 116 --beamwidth 4 --k 10 --cpu-cap 16 --metric l2 --route graph --search-l 400 --data-bin experiments/pq_drift_1m_aris_main_20260522/data/phaseC_cycle04_live_data_by_tag.bin --base-label-file experiments/pq_drift_1m_aris_main_20260522/labels/base_labels_1000000.spmat --query-bin /mnt/bak3/lzg/PipeANN-github/experiments/r116_suite_pq16_aris_20260520_072453/data/sift_query_1000.bin --truthset-bin experiments/pq_drift_1m_aris_main_20260522/truth/phaseC_cycle04_intersect_u75.bin --query-label-file /mnt/bak3/lzg/PipeANN-github/experiments/r116_suite_pq16_aris_20260520_072453/labels/query_1000_u75.spmat --selector-type intersect --query-limit 1000,,graph,291984,280544,400,/mnt/bak3/lzg/PipeANN-supersector32k-work/indexes/phaseC_cycle04_retrain_each_cycle_super32k,ok,,,,,,92613,1,0,,experiments/pq_drift_1m_aris_main_20260522/indexes/phaseC_cycle04_retrain_each_cycle,/mnt/bak3/lzg/PipeANN-supersector32k-work/indexes/phaseC_cycle04_retrain_each_cycle_super32k,8.963243
graph,8867.086154,,,,,,,,,,1000000.0,,,cycle04_retrain_each_cycle_intersect_u100,400,0-15,16,True,,8.867276,0,0,,10000,1000,16,supersector32k,1000000,292080,92613,1000000.0,16.966,92613,measure-dynamic-search,8831.433,9277.615,9690.88,4096,full,4096,1000000,16,0,292080,112.774205,11440,292080,/mnt/bak3/lzg/PipeANN-github/build/tests/dynamic_update_suite_driver --mode measure-dynamic-search --source-prefix /mnt/bak3/lzg/PipeANN-supersector32k-work/indexes/phaseC_cycle04_retrain_each_cycle_super32k --jsonl-output /mnt/bak3/lzg/PipeANN-github/experiments/supersector32k_packing_aris_20260523/tmp/full_cycle04_retrain_each_cycle_intersect_u100_129.jsonl --insert-threads 16 --search-threads 1 --merge-threads 16 --build-l 220 --build-r 116 --beamwidth 4 --k 10 --cpu-cap 16 --metric l2 --route graph --search-l 400 --data-bin experiments/pq_drift_1m_aris_main_20260522/data/phaseC_cycle04_live_data_by_tag.bin --base-label-file experiments/pq_drift_1m_aris_main_20260522/labels/base_labels_1000000.spmat --query-bin /mnt/bak3/lzg/PipeANN-github/experiments/r116_suite_pq16_aris_20260520_072453/data/sift_query_1000.bin --truthset-bin experiments/pq_drift_1m_aris_main_20260522/truth/phaseC_cycle04_intersect_u100.bin --query-label-file /mnt/bak3/lzg/PipeANN-github/experiments/r116_suite_pq16_aris_20260520_072453/labels/query_1000_u100.spmat --selector-type intersect --query-limit 1000,98.74,,10.482088088989258,taskset -c 0-15 /mnt/bak3/lzg/PipeANN-github/build/tests/dynamic_update_suite_driver --mode measure-dynamic-search --source-prefix /mnt/bak3/lzg/PipeANN-supersector32k-work/indexes/phaseC_cycle04_retrain_each_cycle_super32k --jsonl-output /mnt/bak3/lzg/PipeANN-github/experiments/supersector32k_packing_aris_20260523/tmp/full_cycle04_retrain_each_cycle_intersect_u100_129.jsonl --insert-threads 16 --search-threads 1 --merge-threads 16 --build-l 220 --build-r 116 --beamwidth 4 --k 10 --cpu-cap 16 --metric l2 --route graph --search-l 400 --data-bin experiments/pq_drift_1m_aris_main_20260522/data/phaseC_cycle04_live_data_by_tag.bin --base-label-file experiments/pq_drift_1m_aris_main_20260522/labels/base_labels_1000000.spmat --query-bin /mnt/bak3/lzg/PipeANN-github/experiments/r116_suite_pq16_aris_20260520_072453/data/sift_query_1000.bin --truthset-bin experiments/pq_drift_1m_aris_main_20260522/truth/phaseC_cycle04_intersect_u100.bin --query-label-file /mnt/bak3/lzg/PipeANN-github/experiments/r116_suite_pq16_aris_20260520_072453/labels/query_1000_u100.spmat --selector-type intersect --query-limit 1000,,graph,292080,280640,400,/mnt/bak3/lzg/PipeANN-supersector32k-work/indexes/phaseC_cycle04_retrain_each_cycle_super32k,ok,,,,,,92613,1,0,,experiments/pq_drift_1m_aris_main_20260522/indexes/phaseC_cycle04_retrain_each_cycle,/mnt/bak3/lzg/PipeANN-supersector32k-work/indexes/phaseC_cycle04_retrain_each_cycle_super32k,8.867276
prefilter,160.31967,,,,,,,,,,1000.0,,,cycle04_retrain_each_cycle_range_u1e-03,75,0-15,16,True,,0.160411,0,0,,10000,0,16,supersector32k,1000000,281740,92613,1000.0,56.436,92613,measure-dynamic-search,147.252,206.88,233.09,4096,full,4096,1000000,16,1000,281740,6233.978636,1112,281740,/mnt/bak3/lzg/PipeANN-github/build/tests/dynamic_update_suite_driver --mode measure-dynamic-search --source-prefix /mnt/bak3/lzg/PipeANN-supersector32k-work/indexes/phaseC_cycle04_retrain_each_cycle_super32k --jsonl-output /mnt/bak3/lzg/PipeANN-github/experiments/supersector32k_packing_aris_20260523/tmp/full_cycle04_retrain_each_cycle_range_u1e-03_130.jsonl --insert-threads 16 --search-threads 1 --merge-threads 16 --build-l 220 --build-r 116 --beamwidth 4 --k 10 --cpu-cap 16 --metric l2 --route prefilter --search-l 75 --data-bin experiments/pq_drift_1m_aris_main_20260522/data/phaseC_cycle04_live_data_by_tag.bin --base-label-file experiments/pq_drift_1m_aris_main_20260522/labels/base_labels_1000000.spmat --query-bin /mnt/bak3/lzg/PipeANN-github/experiments/r116_suite_pq16_aris_20260520_072453/data/sift_query_1000.bin --truthset-bin experiments/pq_drift_1m_aris_main_20260522/truth/phaseC_cycle04_range_u1e-03.bin --query-label-file /mnt/bak3/lzg/PipeANN-github/experiments/r116_suite_pq16_aris_20260520_072453/labels/query_1000_range_u1e-03.spmat --selector-type range --query-limit 1000,99.98,,1.6914281845092773,taskset -c 0-15 /mnt/bak3/lzg/PipeANN-github/build/tests/dynamic_update_suite_driver --mode measure-dynamic-search --source-prefix /mnt/bak3/lzg/PipeANN-supersector32k-work/indexes/phaseC_cycle04_retrain_each_cycle_super32k --jsonl-output /mnt/bak3/lzg/PipeANN-github/experiments/supersector32k_packing_aris_20260523/tmp/full_cycle04_retrain_each_cycle_range_u1e-03_130.jsonl --insert-threads 16 --search-threads 1 --merge-threads 16 --build-l 220 --build-r 116 --beamwidth 4 --k 10 --cpu-cap 16 --metric l2 --route prefilter --search-l 75 --data-bin experiments/pq_drift_1m_aris_main_20260522/data/phaseC_cycle04_live_data_by_tag.bin --base-label-file experiments/pq_drift_1m_aris_main_20260522/labels/base_labels_1000000.spmat --query-bin /mnt/bak3/lzg/PipeANN-github/experiments/r116_suite_pq16_aris_20260520_072453/data/sift_query_1000.bin --truthset-bin experiments/pq_drift_1m_aris_main_20260522/truth/phaseC_cycle04_range_u1e-03.bin --query-label-file /mnt/bak3/lzg/PipeANN-github/experiments/r116_suite_pq16_aris_20260520_072453/labels/query_1000_range_u1e-03.spmat --selector-type range --query-limit 1000,,prefilter,281740,280628,75,/mnt/bak3/lzg/PipeANN-supersector32k-work/indexes/phaseC_cycle04_retrain_each_cycle_super32k,ok,,,,,,92613,1,0,,experiments/pq_drift_1m_aris_main_20260522/indexes/phaseC_cycle04_retrain_each_cycle,/mnt/bak3/lzg/PipeANN-supersector32k-work/indexes/phaseC_cycle04_retrain_each_cycle_super32k,0.160411
prefilter,240.863418,,,,,,,,,,3000.0,,,cycle04_retrain_each_cycle_range_u3e-03,50,0-15,16,True,,0.240941,0,0,,10000,0,16,supersector32k,1000000,281780,92613,3000.0,73.66,92613,measure-dynamic-search,238.823,253.901,275.927,4096,full,4096,1000000,16,1000,281780,4150.398781,1112,281780,/mnt/bak3/lzg/PipeANN-github/build/tests/dynamic_update_suite_driver --mode measure-dynamic-search --source-prefix /mnt/bak3/lzg/PipeANN-supersector32k-work/indexes/phaseC_cycle04_retrain_each_cycle_super32k --jsonl-output /mnt/bak3/lzg/PipeANN-github/experiments/supersector32k_packing_aris_20260523/tmp/full_cycle04_retrain_each_cycle_range_u3e-03_131.jsonl --insert-threads 16 --search-threads 1 --merge-threads 16 --build-l 220 --build-r 116 --beamwidth 4 --k 10 --cpu-cap 16 --metric l2 --route prefilter --search-l 50 --data-bin experiments/pq_drift_1m_aris_main_20260522/data/phaseC_cycle04_live_data_by_tag.bin --base-label-file experiments/pq_drift_1m_aris_main_20260522/labels/base_labels_1000000.spmat --query-bin /mnt/bak3/lzg/PipeANN-github/experiments/r116_suite_pq16_aris_20260520_072453/data/sift_query_1000.bin --truthset-bin experiments/pq_drift_1m_aris_main_20260522/truth/phaseC_cycle04_range_u3e-03.bin --query-label-file /mnt/bak3/lzg/PipeANN-github/experiments/r116_suite_pq16_aris_20260520_072453/labels/query_1000_range_u3e-03.spmat --selector-type range --query-limit 1000,99.78,,1.7463598251342773,taskset -c 0-15 /mnt/bak3/lzg/PipeANN-github/build/tests/dynamic_update_suite_driver --mode measure-dynamic-search --source-prefix /mnt/bak3/lzg/PipeANN-supersector32k-work/indexes/phaseC_cycle04_retrain_each_cycle_super32k --jsonl-output /mnt/bak3/lzg/PipeANN-github/experiments/supersector32k_packing_aris_20260523/tmp/full_cycle04_retrain_each_cycle_range_u3e-03_131.jsonl --insert-threads 16 --search-threads 1 --merge-threads 16 --build-l 220 --build-r 116 --beamwidth 4 --k 10 --cpu-cap 16 --metric l2 --route prefilter --search-l 50 --data-bin experiments/pq_drift_1m_aris_main_20260522/data/phaseC_cycle04_live_data_by_tag.bin --base-label-file experiments/pq_drift_1m_aris_main_20260522/labels/base_labels_1000000.spmat --query-bin /mnt/bak3/lzg/PipeANN-github/experiments/r116_suite_pq16_aris_20260520_072453/data/sift_query_1000.bin --truthset-bin experiments/pq_drift_1m_aris_main_20260522/truth/phaseC_cycle04_range_u3e-03.bin --query-label-file /mnt/bak3/lzg/PipeANN-github/experiments/r116_suite_pq16_aris_20260520_072453/labels/query_1000_range_u3e-03.spmat --selector-type range --query-limit 1000,,prefilter,281780,280668,50,/mnt/bak3/lzg/PipeANN-supersector32k-work/indexes/phaseC_cycle04_retrain_each_cycle_super32k,ok,,,,,,92613,1,0,,experiments/pq_drift_1m_aris_main_20260522/indexes/phaseC_cycle04_retrain_each_cycle,/mnt/bak3/lzg/PipeANN-supersector32k-work/indexes/phaseC_cycle04_retrain_each_cycle_super32k,0.240941
prefilter,438.288391,,,,,,,,,,10000.0,,,cycle04_retrain_each_cycle_range_u1e-02,100,0-15,16,True,,0.438448,0,0,,10000,0,16,supersector32k,1000000,281660,92613,10000.0,95.003,92613,measure-dynamic-search,433.603,480.289,553.949,4096,full,4096,1000000,16,1000,281660,2280.769993,1128,281660,/mnt/bak3/lzg/PipeANN-github/build/tests/dynamic_update_suite_driver --mode measure-dynamic-search --source-prefix /mnt/bak3/lzg/PipeANN-supersector32k-work/indexes/phaseC_cycle04_retrain_each_cycle_super32k --jsonl-output /mnt/bak3/lzg/PipeANN-github/experiments/supersector32k_packing_aris_20260523/tmp/full_cycle04_retrain_each_cycle_range_u1e-02_132.jsonl --insert-threads 16 --search-threads 1 --merge-threads 16 --build-l 220 --build-r 116 --beamwidth 4 --k 10 --cpu-cap 16 --metric l2 --route prefilter --search-l 100 --data-bin experiments/pq_drift_1m_aris_main_20260522/data/phaseC_cycle04_live_data_by_tag.bin --base-label-file experiments/pq_drift_1m_aris_main_20260522/labels/base_labels_1000000.spmat --query-bin /mnt/bak3/lzg/PipeANN-github/experiments/r116_suite_pq16_aris_20260520_072453/data/sift_query_1000.bin --truthset-bin experiments/pq_drift_1m_aris_main_20260522/truth/phaseC_cycle04_range_u1e-02.bin --query-label-file /mnt/bak3/lzg/PipeANN-github/experiments/r116_suite_pq16_aris_20260520_072453/labels/query_1000_range_u1e-02.spmat --selector-type range --query-limit 1000,99.6,,2.0534698963165283,taskset -c 0-15 /mnt/bak3/lzg/PipeANN-github/build/tests/dynamic_update_suite_driver --mode measure-dynamic-search --source-prefix /mnt/bak3/lzg/PipeANN-supersector32k-work/indexes/phaseC_cycle04_retrain_each_cycle_super32k --jsonl-output /mnt/bak3/lzg/PipeANN-github/experiments/supersector32k_packing_aris_20260523/tmp/full_cycle04_retrain_each_cycle_range_u1e-02_132.jsonl --insert-threads 16 --search-threads 1 --merge-threads 16 --build-l 220 --build-r 116 --beamwidth 4 --k 10 --cpu-cap 16 --metric l2 --route prefilter --search-l 100 --data-bin experiments/pq_drift_1m_aris_main_20260522/data/phaseC_cycle04_live_data_by_tag.bin --base-label-file experiments/pq_drift_1m_aris_main_20260522/labels/base_labels_1000000.spmat --query-bin /mnt/bak3/lzg/PipeANN-github/experiments/r116_suite_pq16_aris_20260520_072453/data/sift_query_1000.bin --truthset-bin experiments/pq_drift_1m_aris_main_20260522/truth/phaseC_cycle04_range_u1e-02.bin --query-label-file /mnt/bak3/lzg/PipeANN-github/experiments/r116_suite_pq16_aris_20260520_072453/labels/query_1000_range_u1e-02.spmat --selector-type range --query-limit 1000,,prefilter,281660,280532,100,/mnt/bak3/lzg/PipeANN-supersector32k-work/indexes/phaseC_cycle04_retrain_each_cycle_super32k,ok,,,,,,92613,1,0,,experiments/pq_drift_1m_aris_main_20260522/indexes/phaseC_cycle04_retrain_each_cycle,/mnt/bak3/lzg/PipeANN-supersector32k-work/indexes/phaseC_cycle04_retrain_each_cycle_super32k,0.438448
prefilter,919.633126,,,,,,,,,,50000.0,,,cycle04_retrain_each_cycle_range_u5e-02,75,0-15,16,True,,0.919762,0,0,,10000,0,16,supersector32k,1000000,281720,92613,50000.0,118.238,92613,measure-dynamic-search,920.175,994.854,1034.383,4096,full,4096,1000000,16,1000,281720,1087.238354,1112,281720,/mnt/bak3/lzg/PipeANN-github/build/tests/dynamic_update_suite_driver --mode measure-dynamic-search --source-prefix /mnt/bak3/lzg/PipeANN-supersector32k-work/indexes/phaseC_cycle04_retrain_each_cycle_super32k --jsonl-output /mnt/bak3/lzg/PipeANN-github/experiments/supersector32k_packing_aris_20260523/tmp/full_cycle04_retrain_each_cycle_range_u5e-02_133.jsonl --insert-threads 16 --search-threads 1 --merge-threads 16 --build-l 220 --build-r 116 --beamwidth 4 --k 10 --cpu-cap 16 --metric l2 --route prefilter --search-l 75 --data-bin experiments/pq_drift_1m_aris_main_20260522/data/phaseC_cycle04_live_data_by_tag.bin --base-label-file experiments/pq_drift_1m_aris_main_20260522/labels/base_labels_1000000.spmat --query-bin /mnt/bak3/lzg/PipeANN-github/experiments/r116_suite_pq16_aris_20260520_072453/data/sift_query_1000.bin --truthset-bin experiments/pq_drift_1m_aris_main_20260522/truth/phaseC_cycle04_range_u5e-02.bin --query-label-file /mnt/bak3/lzg/PipeANN-github/experiments/r116_suite_pq16_aris_20260520_072453/labels/query_1000_range_u5e-02.spmat --selector-type range --query-limit 1000,99.18,,2.3815133571624756,taskset -c 0-15 /mnt/bak3/lzg/PipeANN-github/build/tests/dynamic_update_suite_driver --mode measure-dynamic-search --source-prefix /mnt/bak3/lzg/PipeANN-supersector32k-work/indexes/phaseC_cycle04_retrain_each_cycle_super32k --jsonl-output /mnt/bak3/lzg/PipeANN-github/experiments/supersector32k_packing_aris_20260523/tmp/full_cycle04_retrain_each_cycle_range_u5e-02_133.jsonl --insert-threads 16 --search-threads 1 --merge-threads 16 --build-l 220 --build-r 116 --beamwidth 4 --k 10 --cpu-cap 16 --metric l2 --route prefilter --search-l 75 --data-bin experiments/pq_drift_1m_aris_main_20260522/data/phaseC_cycle04_live_data_by_tag.bin --base-label-file experiments/pq_drift_1m_aris_main_20260522/labels/base_labels_1000000.spmat --query-bin /mnt/bak3/lzg/PipeANN-github/experiments/r116_suite_pq16_aris_20260520_072453/data/sift_query_1000.bin --truthset-bin experiments/pq_drift_1m_aris_main_20260522/truth/phaseC_cycle04_range_u5e-02.bin --query-label-file /mnt/bak3/lzg/PipeANN-github/experiments/r116_suite_pq16_aris_20260520_072453/labels/query_1000_range_u5e-02.spmat --selector-type range --query-limit 1000,,prefilter,281720,280608,75,/mnt/bak3/lzg/PipeANN-supersector32k-work/indexes/phaseC_cycle04_retrain_each_cycle_super32k,ok,,,,,,92613,1,0,,experiments/pq_drift_1m_aris_main_20260522/indexes/phaseC_cycle04_retrain_each_cycle,/mnt/bak3/lzg/PipeANN-supersector32k-work/indexes/phaseC_cycle04_retrain_each_cycle_super32k,0.919762
prefilter,1661.879115,,,,,,,,,,100000.0,,,cycle04_retrain_each_cycle_range_u1e-01,50,0-15,16,True,,1.662032,0,0,,10000,0,16,supersector32k,1000000,281856,92613,100000.0,172.344,92613,measure-dynamic-search,1596.832,1855.656,1966.78,4096,full,4096,1000000,16,1000,281856,601.673083,1216,281856,/mnt/bak3/lzg/PipeANN-github/build/tests/dynamic_update_suite_driver --mode measure-dynamic-search --source-prefix /mnt/bak3/lzg/PipeANN-supersector32k-work/indexes/phaseC_cycle04_retrain_each_cycle_super32k --jsonl-output /mnt/bak3/lzg/PipeANN-github/experiments/supersector32k_packing_aris_20260523/tmp/full_cycle04_retrain_each_cycle_range_u1e-01_134.jsonl --insert-threads 16 --search-threads 1 --merge-threads 16 --build-l 220 --build-r 116 --beamwidth 4 --k 10 --cpu-cap 16 --metric l2 --route prefilter --search-l 50 --data-bin experiments/pq_drift_1m_aris_main_20260522/data/phaseC_cycle04_live_data_by_tag.bin --base-label-file experiments/pq_drift_1m_aris_main_20260522/labels/base_labels_1000000.spmat --query-bin /mnt/bak3/lzg/PipeANN-github/experiments/r116_suite_pq16_aris_20260520_072453/data/sift_query_1000.bin --truthset-bin experiments/pq_drift_1m_aris_main_20260522/truth/phaseC_cycle04_range_u1e-01.bin --query-label-file /mnt/bak3/lzg/PipeANN-github/experiments/r116_suite_pq16_aris_20260520_072453/labels/query_1000_range_u1e-01.spmat --selector-type range --query-limit 1000,98.92,,2.786473512649536,taskset -c 0-15 /mnt/bak3/lzg/PipeANN-github/build/tests/dynamic_update_suite_driver --mode measure-dynamic-search --source-prefix /mnt/bak3/lzg/PipeANN-supersector32k-work/indexes/phaseC_cycle04_retrain_each_cycle_super32k --jsonl-output /mnt/bak3/lzg/PipeANN-github/experiments/supersector32k_packing_aris_20260523/tmp/full_cycle04_retrain_each_cycle_range_u1e-01_134.jsonl --insert-threads 16 --search-threads 1 --merge-threads 16 --build-l 220 --build-r 116 --beamwidth 4 --k 10 --cpu-cap 16 --metric l2 --route prefilter --search-l 50 --data-bin experiments/pq_drift_1m_aris_main_20260522/data/phaseC_cycle04_live_data_by_tag.bin --base-label-file experiments/pq_drift_1m_aris_main_20260522/labels/base_labels_1000000.spmat --query-bin /mnt/bak3/lzg/PipeANN-github/experiments/r116_suite_pq16_aris_20260520_072453/data/sift_query_1000.bin --truthset-bin experiments/pq_drift_1m_aris_main_20260522/truth/phaseC_cycle04_range_u1e-01.bin --query-label-file /mnt/bak3/lzg/PipeANN-github/experiments/r116_suite_pq16_aris_20260520_072453/labels/query_1000_range_u1e-01.spmat --selector-type range --query-limit 1000,,prefilter,281856,280640,50,/mnt/bak3/lzg/PipeANN-supersector32k-work/indexes/phaseC_cycle04_retrain_each_cycle_super32k,ok,,,,,,92613,1,0,,experiments/pq_drift_1m_aris_main_20260522/indexes/phaseC_cycle04_retrain_each_cycle,/mnt/bak3/lzg/PipeANN-supersector32k-work/indexes/phaseC_cycle04_retrain_each_cycle_super32k,1.662032
prefilter,3713.401039,,,,,,,,,,250000.0,,,cycle04_retrain_each_cycle_range_u25,300,0-15,16,True,,3.713606,0,0,,10000,0,16,supersector32k,1000000,281720,92613,250000.0,334.854,92613,measure-dynamic-search,3666.033,3900.838,3930.418,4096,full,4096,1000000,16,1000,281720,269.280054,956,281720,/mnt/bak3/lzg/PipeANN-github/build/tests/dynamic_update_suite_driver --mode measure-dynamic-search --source-prefix /mnt/bak3/lzg/PipeANN-supersector32k-work/indexes/phaseC_cycle04_retrain_each_cycle_super32k --jsonl-output /mnt/bak3/lzg/PipeANN-github/experiments/supersector32k_packing_aris_20260523/tmp/full_cycle04_retrain_each_cycle_range_u25_135.jsonl --insert-threads 16 --search-threads 1 --merge-threads 16 --build-l 220 --build-r 116 --beamwidth 4 --k 10 --cpu-cap 16 --metric l2 --route prefilter --search-l 300 --data-bin experiments/pq_drift_1m_aris_main_20260522/data/phaseC_cycle04_live_data_by_tag.bin --base-label-file experiments/pq_drift_1m_aris_main_20260522/labels/base_labels_1000000.spmat --query-bin /mnt/bak3/lzg/PipeANN-github/experiments/r116_suite_pq16_aris_20260520_072453/data/sift_query_1000.bin --truthset-bin experiments/pq_drift_1m_aris_main_20260522/truth/phaseC_cycle04_range_u25.bin --query-label-file /mnt/bak3/lzg/PipeANN-github/experiments/r116_suite_pq16_aris_20260520_072453/labels/query_1000_range_u25.spmat --selector-type range --query-limit 1000,98.34,,4.871765375137329,taskset -c 0-15 /mnt/bak3/lzg/PipeANN-github/build/tests/dynamic_update_suite_driver --mode measure-dynamic-search --source-prefix /mnt/bak3/lzg/PipeANN-supersector32k-work/indexes/phaseC_cycle04_retrain_each_cycle_super32k --jsonl-output /mnt/bak3/lzg/PipeANN-github/experiments/supersector32k_packing_aris_20260523/tmp/full_cycle04_retrain_each_cycle_range_u25_135.jsonl --insert-threads 16 --search-threads 1 --merge-threads 16 --build-l 220 --build-r 116 --beamwidth 4 --k 10 --cpu-cap 16 --metric l2 --route prefilter --search-l 300 --data-bin experiments/pq_drift_1m_aris_main_20260522/data/phaseC_cycle04_live_data_by_tag.bin --base-label-file experiments/pq_drift_1m_aris_main_20260522/labels/base_labels_1000000.spmat --query-bin /mnt/bak3/lzg/PipeANN-github/experiments/r116_suite_pq16_aris_20260520_072453/data/sift_query_1000.bin --truthset-bin experiments/pq_drift_1m_aris_main_20260522/truth/phaseC_cycle04_range_u25.bin --query-label-file /mnt/bak3/lzg/PipeANN-github/experiments/r116_suite_pq16_aris_20260520_072453/labels/query_1000_range_u25.spmat --selector-type range --query-limit 1000,,prefilter,257100,280764,300,/mnt/bak3/lzg/PipeANN-supersector32k-work/indexes/phaseC_cycle04_retrain_each_cycle_super32k,ok,,,,,,92613,1,0,,experiments/pq_drift_1m_aris_main_20260522/indexes/phaseC_cycle04_retrain_each_cycle,/mnt/bak3/lzg/PipeANN-supersector32k-work/indexes/phaseC_cycle04_retrain_each_cycle_super32k,3.713606
prefilter,4511.14949,,,,,,,,,,300000.0,,,cycle04_retrain_each_cycle_range_u30,400,0-15,16,True,,4.511316,0,0,,10000,0,16,supersector32k,1000000,281652,92613,300000.0,393.126,92613,measure-dynamic-search,4459.077,4696.717,4727.06,4096,full,4096,1000000,16,1000,281652,221.664803,1016,281652,/mnt/bak3/lzg/PipeANN-github/build/tests/dynamic_update_suite_driver --mode measure-dynamic-search --source-prefix /mnt/bak3/lzg/PipeANN-supersector32k-work/indexes/phaseC_cycle04_retrain_each_cycle_super32k --jsonl-output /mnt/bak3/lzg/PipeANN-github/experiments/supersector32k_packing_aris_20260523/tmp/full_cycle04_retrain_each_cycle_range_u30_136.jsonl --insert-threads 16 --search-threads 1 --merge-threads 16 --build-l 220 --build-r 116 --beamwidth 4 --k 10 --cpu-cap 16 --metric l2 --route prefilter --search-l 400 --data-bin experiments/pq_drift_1m_aris_main_20260522/data/phaseC_cycle04_live_data_by_tag.bin --base-label-file experiments/pq_drift_1m_aris_main_20260522/labels/base_labels_1000000.spmat --query-bin /mnt/bak3/lzg/PipeANN-github/experiments/r116_suite_pq16_aris_20260520_072453/data/sift_query_1000.bin --truthset-bin experiments/pq_drift_1m_aris_main_20260522/truth/phaseC_cycle04_range_u30.bin --query-label-file /mnt/bak3/lzg/PipeANN-github/experiments/r116_suite_pq16_aris_20260520_072453/labels/query_1000_range_u30.spmat --selector-type range --query-limit 1000,98.95,,5.702548027038574,taskset -c 0-15 /mnt/bak3/lzg/PipeANN-github/build/tests/dynamic_update_suite_driver --mode measure-dynamic-search --source-prefix /mnt/bak3/lzg/PipeANN-supersector32k-work/indexes/phaseC_cycle04_retrain_each_cycle_super32k --jsonl-output /mnt/bak3/lzg/PipeANN-github/experiments/supersector32k_packing_aris_20260523/tmp/full_cycle04_retrain_each_cycle_range_u30_136.jsonl --insert-threads 16 --search-threads 1 --merge-threads 16 --build-l 220 --build-r 116 --beamwidth 4 --k 10 --cpu-cap 16 --metric l2 --route prefilter --search-l 400 --data-bin experiments/pq_drift_1m_aris_main_20260522/data/phaseC_cycle04_live_data_by_tag.bin --base-label-file experiments/pq_drift_1m_aris_main_20260522/labels/base_labels_1000000.spmat --query-bin /mnt/bak3/lzg/PipeANN-github/experiments/r116_suite_pq16_aris_20260520_072453/data/sift_query_1000.bin --truthset-bin experiments/pq_drift_1m_aris_main_20260522/truth/phaseC_cycle04_range_u30.bin --query-label-file /mnt/bak3/lzg/PipeANN-github/experiments/r116_suite_pq16_aris_20260520_072453/labels/query_1000_range_u30.spmat --selector-type range --query-limit 1000,,prefilter,257548,280636,400,/mnt/bak3/lzg/PipeANN-supersector32k-work/indexes/phaseC_cycle04_retrain_each_cycle_super32k,ok,,,,,,92613,1,0,,experiments/pq_drift_1m_aris_main_20260522/indexes/phaseC_cycle04_retrain_each_cycle,/mnt/bak3/lzg/PipeANN-supersector32k-work/indexes/phaseC_cycle04_retrain_each_cycle_super32k,4.511316
prefilter,7548.676414,,,,,,,,,,500000.0,,,cycle04_retrain_each_cycle_range_u50,300,0-15,16,True,,7.548894,0,0,,10000,0,16,supersector32k,1000000,281732,92613,500000.0,634.904,92613,measure-dynamic-search,7116.328,9901.577,9935.599,4096,full,4096,1000000,16,1000,281732,132.469731,960,281732,/mnt/bak3/lzg/PipeANN-github/build/tests/dynamic_update_suite_driver --mode measure-dynamic-search --source-prefix /mnt/bak3/lzg/PipeANN-supersector32k-work/indexes/phaseC_cycle04_retrain_each_cycle_super32k --jsonl-output /mnt/bak3/lzg/PipeANN-github/experiments/supersector32k_packing_aris_20260523/tmp/full_cycle04_retrain_each_cycle_range_u50_137.jsonl --insert-threads 16 --search-threads 1 --merge-threads 16 --build-l 220 --build-r 116 --beamwidth 4 --k 10 --cpu-cap 16 --metric l2 --route prefilter --search-l 300 --data-bin experiments/pq_drift_1m_aris_main_20260522/data/phaseC_cycle04_live_data_by_tag.bin --base-label-file experiments/pq_drift_1m_aris_main_20260522/labels/base_labels_1000000.spmat --query-bin /mnt/bak3/lzg/PipeANN-github/experiments/r116_suite_pq16_aris_20260520_072453/data/sift_query_1000.bin --truthset-bin experiments/pq_drift_1m_aris_main_20260522/truth/phaseC_cycle04_range_u50.bin --query-label-file /mnt/bak3/lzg/PipeANN-github/experiments/r116_suite_pq16_aris_20260520_072453/labels/query_1000_range_u50.spmat --selector-type range --query-limit 1000,98.22,,8.816979885101318,taskset -c 0-15 /mnt/bak3/lzg/PipeANN-github/build/tests/dynamic_update_suite_driver --mode measure-dynamic-search --source-prefix /mnt/bak3/lzg/PipeANN-supersector32k-work/indexes/phaseC_cycle04_retrain_each_cycle_super32k --jsonl-output /mnt/bak3/lzg/PipeANN-github/experiments/supersector32k_packing_aris_20260523/tmp/full_cycle04_retrain_each_cycle_range_u50_137.jsonl --insert-threads 16 --search-threads 1 --merge-threads 16 --build-l 220 --build-r 116 --beamwidth 4 --k 10 --cpu-cap 16 --metric l2 --route prefilter --search-l 300 --data-bin experiments/pq_drift_1m_aris_main_20260522/data/phaseC_cycle04_live_data_by_tag.bin --base-label-file experiments/pq_drift_1m_aris_main_20260522/labels/base_labels_1000000.spmat --query-bin /mnt/bak3/lzg/PipeANN-github/experiments/r116_suite_pq16_aris_20260520_072453/data/sift_query_1000.bin --truthset-bin experiments/pq_drift_1m_aris_main_20260522/truth/phaseC_cycle04_range_u50.bin --query-label-file /mnt/bak3/lzg/PipeANN-github/experiments/r116_suite_pq16_aris_20260520_072453/labels/query_1000_range_u50.spmat --selector-type range --query-limit 1000,,prefilter,259064,280772,300,/mnt/bak3/lzg/PipeANN-supersector32k-work/indexes/phaseC_cycle04_retrain_each_cycle_super32k,ok,,,,,,92613,1,0,,experiments/pq_drift_1m_aris_main_20260522/indexes/phaseC_cycle04_retrain_each_cycle,/mnt/bak3/lzg/PipeANN-supersector32k-work/indexes/phaseC_cycle04_retrain_each_cycle_super32k,7.548894
mixed,8879.800714,,,,,,,,,,750000.0,,,cycle04_retrain_each_cycle_range_u75,400,0-15,16,True,,8.879992,0,1000,,10000,0,16,supersector32k,1000000,291780,92613,750000.0,57.345,92613,measure-dynamic-search,8869.866,9199.415,9400.926,4096,full,4096,1000000,16,0,291780,112.612712,11024,291780,/mnt/bak3/lzg/PipeANN-github/build/tests/dynamic_update_suite_driver --mode measure-dynamic-search --source-prefix /mnt/bak3/lzg/PipeANN-supersector32k-work/indexes/phaseC_cycle04_retrain_each_cycle_super32k --jsonl-output /mnt/bak3/lzg/PipeANN-github/experiments/supersector32k_packing_aris_20260523/tmp/full_cycle04_retrain_each_cycle_range_u75_138.jsonl --insert-threads 16 --search-threads 1 --merge-threads 16 --build-l 220 --build-r 116 --beamwidth 4 --k 10 --cpu-cap 16 --metric l2 --route graph --search-l 400 --data-bin experiments/pq_drift_1m_aris_main_20260522/data/phaseC_cycle04_live_data_by_tag.bin --base-label-file experiments/pq_drift_1m_aris_main_20260522/labels/base_labels_1000000.spmat --query-bin /mnt/bak3/lzg/PipeANN-github/experiments/r116_suite_pq16_aris_20260520_072453/data/sift_query_1000.bin --truthset-bin experiments/pq_drift_1m_aris_main_20260522/truth/phaseC_cycle04_range_u75.bin --query-label-file /mnt/bak3/lzg/PipeANN-github/experiments/r116_suite_pq16_aris_20260520_072453/labels/query_1000_range_u75.spmat --selector-type range --query-limit 1000,98.04,,10.070403099060059,taskset -c 0-15 /mnt/bak3/lzg/PipeANN-github/build/tests/dynamic_update_suite_driver --mode measure-dynamic-search --source-prefix /mnt/bak3/lzg/PipeANN-supersector32k-work/indexes/phaseC_cycle04_retrain_each_cycle_super32k --jsonl-output /mnt/bak3/lzg/PipeANN-github/experiments/supersector32k_packing_aris_20260523/tmp/full_cycle04_retrain_each_cycle_range_u75_138.jsonl --insert-threads 16 --search-threads 1 --merge-threads 16 --build-l 220 --build-r 116 --beamwidth 4 --k 10 --cpu-cap 16 --metric l2 --route graph --search-l 400 --data-bin experiments/pq_drift_1m_aris_main_20260522/data/phaseC_cycle04_live_data_by_tag.bin --base-label-file experiments/pq_drift_1m_aris_main_20260522/labels/base_labels_1000000.spmat --query-bin /mnt/bak3/lzg/PipeANN-github/experiments/r116_suite_pq16_aris_20260520_072453/data/sift_query_1000.bin --truthset-bin experiments/pq_drift_1m_aris_main_20260522/truth/phaseC_cycle04_range_u75.bin --query-label-file /mnt/bak3/lzg/PipeANN-github/experiments/r116_suite_pq16_aris_20260520_072453/labels/query_1000_range_u75.spmat --selector-type range --query-limit 1000,,graph,291780,280756,400,/mnt/bak3/lzg/PipeANN-supersector32k-work/indexes/phaseC_cycle04_retrain_each_cycle_super32k,ok,,,,,,92613,1,0,,experiments/pq_drift_1m_aris_main_20260522/indexes/phaseC_cycle04_retrain_each_cycle,/mnt/bak3/lzg/PipeANN-supersector32k-work/indexes/phaseC_cycle04_retrain_each_cycle_super32k,8.879992
mixed,8875.031015,,,,,,,,,,1000000.0,,,cycle04_retrain_each_cycle_range_u100,400,0-15,16,True,,8.875206,0,1000,,10000,0,16,supersector32k,1000000,291616,92613,1000000.0,62.624,92613,measure-dynamic-search,8864.204,9183.498,9378.075,4096,full,4096,1000000,16,0,291616,112.673442,10996,291616,/mnt/bak3/lzg/PipeANN-github/build/tests/dynamic_update_suite_driver --mode measure-dynamic-search --source-prefix /mnt/bak3/lzg/PipeANN-supersector32k-work/indexes/phaseC_cycle04_retrain_each_cycle_super32k --jsonl-output /mnt/bak3/lzg/PipeANN-github/experiments/supersector32k_packing_aris_20260523/tmp/full_cycle04_retrain_each_cycle_range_u100_139.jsonl --insert-threads 16 --search-threads 1 --merge-threads 16 --build-l 220 --build-r 116 --beamwidth 4 --k 10 --cpu-cap 16 --metric l2 --route graph --search-l 400 --data-bin experiments/pq_drift_1m_aris_main_20260522/data/phaseC_cycle04_live_data_by_tag.bin --base-label-file experiments/pq_drift_1m_aris_main_20260522/labels/base_labels_1000000.spmat --query-bin /mnt/bak3/lzg/PipeANN-github/experiments/r116_suite_pq16_aris_20260520_072453/data/sift_query_1000.bin --truthset-bin experiments/pq_drift_1m_aris_main_20260522/truth/phaseC_cycle04_range_u100.bin --query-label-file /mnt/bak3/lzg/PipeANN-github/experiments/r116_suite_pq16_aris_20260520_072453/labels/query_1000_range_u100.spmat --selector-type range --query-limit 1000,98.74,,10.12775731086731,taskset -c 0-15 /mnt/bak3/lzg/PipeANN-github/build/tests/dynamic_update_suite_driver --mode measure-dynamic-search --source-prefix /mnt/bak3/lzg/PipeANN-supersector32k-work/indexes/phaseC_cycle04_retrain_each_cycle_super32k --jsonl-output /mnt/bak3/lzg/PipeANN-github/experiments/supersector32k_packing_aris_20260523/tmp/full_cycle04_retrain_each_cycle_range_u100_139.jsonl --insert-threads 16 --search-threads 1 --merge-threads 16 --build-l 220 --build-r 116 --beamwidth 4 --k 10 --cpu-cap 16 --metric l2 --route graph --search-l 400 --data-bin experiments/pq_drift_1m_aris_main_20260522/data/phaseC_cycle04_live_data_by_tag.bin --base-label-file experiments/pq_drift_1m_aris_main_20260522/labels/base_labels_1000000.spmat --query-bin /mnt/bak3/lzg/PipeANN-github/experiments/r116_suite_pq16_aris_20260520_072453/data/sift_query_1000.bin --truthset-bin experiments/pq_drift_1m_aris_main_20260522/truth/phaseC_cycle04_range_u100.bin --query-label-file /mnt/bak3/lzg/PipeANN-github/experiments/r116_suite_pq16_aris_20260520_072453/labels/query_1000_range_u100.spmat --selector-type range --query-limit 1000,,graph,291616,280620,400,/mnt/bak3/lzg/PipeANN-supersector32k-work/indexes/phaseC_cycle04_retrain_each_cycle_super32k,ok,,,,,,92613,1,0,,experiments/pq_drift_1m_aris_main_20260522/indexes/phaseC_cycle04_retrain_each_cycle,/mnt/bak3/lzg/PipeANN-supersector32k-work/indexes/phaseC_cycle04_retrain_each_cycle_super32k,8.875206
prefilter,151.916417,,,,,,,,,,1000.0,,,cycle04_no_retrain_across_cycles_intersect_u1e-03,50,0-15,16,True,,0.152002,0,0,,10000,0,16,supersector32k,1000000,285716,152038,1000.0,51.604,152038,measure-dynamic-search,151.041,160.673,196.736,4096,full,4096,1000000,16,1000,285716,6578.878593,1376,285716,/mnt/bak3/lzg/PipeANN-github/build/tests/dynamic_update_suite_driver --mode measure-dynamic-search --source-prefix /mnt/bak3/lzg/PipeANN-supersector32k-work/indexes/phaseC_cycle04_no_retrain_after_insert_super32k --jsonl-output /mnt/bak3/lzg/PipeANN-github/experiments/supersector32k_packing_aris_20260523/tmp/full_cycle04_no_retrain_across_cycles_intersect_u1e-03_140.jsonl --insert-threads 16 --search-threads 1 --merge-threads 16 --build-l 220 --build-r 116 --beamwidth 4 --k 10 --cpu-cap 16 --metric l2 --route prefilter --search-l 50 --data-bin experiments/pq_drift_1m_aris_main_20260522/data/phaseC_cycle04_live_data_by_tag.bin --base-label-file experiments/pq_drift_1m_aris_main_20260522/labels/base_labels_1000000.spmat --query-bin /mnt/bak3/lzg/PipeANN-github/experiments/r116_suite_pq16_aris_20260520_072453/data/sift_query_1000.bin --truthset-bin experiments/pq_drift_1m_aris_main_20260522/truth/phaseC_cycle04_intersect_u1e-03.bin --query-label-file /mnt/bak3/lzg/PipeANN-github/experiments/r116_suite_pq16_aris_20260520_072453/labels/query_1000_u1e-03.spmat --selector-type intersect --query-limit 1000,100.0,,1.9622597694396973,taskset -c 0-15 /mnt/bak3/lzg/PipeANN-github/build/tests/dynamic_update_suite_driver --mode measure-dynamic-search --source-prefix /mnt/bak3/lzg/PipeANN-supersector32k-work/indexes/phaseC_cycle04_no_retrain_after_insert_super32k --jsonl-output /mnt/bak3/lzg/PipeANN-github/experiments/supersector32k_packing_aris_20260523/tmp/full_cycle04_no_retrain_across_cycles_intersect_u1e-03_140.jsonl --insert-threads 16 --search-threads 1 --merge-threads 16 --build-l 220 --build-r 116 --beamwidth 4 --k 10 --cpu-cap 16 --metric l2 --route prefilter --search-l 50 --data-bin experiments/pq_drift_1m_aris_main_20260522/data/phaseC_cycle04_live_data_by_tag.bin --base-label-file experiments/pq_drift_1m_aris_main_20260522/labels/base_labels_1000000.spmat --query-bin /mnt/bak3/lzg/PipeANN-github/experiments/r116_suite_pq16_aris_20260520_072453/data/sift_query_1000.bin --truthset-bin experiments/pq_drift_1m_aris_main_20260522/truth/phaseC_cycle04_intersect_u1e-03.bin --query-label-file /mnt/bak3/lzg/PipeANN-github/experiments/r116_suite_pq16_aris_20260520_072453/labels/query_1000_u1e-03.spmat --selector-type intersect --query-limit 1000,,prefilter,285716,284340,50,/mnt/bak3/lzg/PipeANN-supersector32k-work/indexes/phaseC_cycle04_no_retrain_after_insert_super32k,ok,,,,,,152038,1,0,,experiments/pq_drift_1m_aris_main_20260522/indexes/phaseC_cycle04_no_retrain_after_insert,/mnt/bak3/lzg/PipeANN-supersector32k-work/indexes/phaseC_cycle04_no_retrain_after_insert_super32k,0.152002
prefilter,206.860278,,,,,,,,,,3000.0,,,cycle04_no_retrain_across_cycles_intersect_u3e-03,50,0-15,16,True,,0.206972,0,0,,10000,0,16,supersector32k,1000000,285592,152038,3000.0,64.005,152038,measure-dynamic-search,203.378,226.985,279.646,4096,full,4096,1000000,16,1000,285592,4831.578587,1248,285592,/mnt/bak3/lzg/PipeANN-github/build/tests/dynamic_update_suite_driver --mode measure-dynamic-search --source-prefix /mnt/bak3/lzg/PipeANN-supersector32k-work/indexes/phaseC_cycle04_no_retrain_after_insert_super32k --jsonl-output /mnt/bak3/lzg/PipeANN-github/experiments/supersector32k_packing_aris_20260523/tmp/full_cycle04_no_retrain_across_cycles_intersect_u3e-03_141.jsonl --insert-threads 16 --search-threads 1 --merge-threads 16 --build-l 220 --build-r 116 --beamwidth 4 --k 10 --cpu-cap 16 --metric l2 --route prefilter --search-l 50 --data-bin experiments/pq_drift_1m_aris_main_20260522/data/phaseC_cycle04_live_data_by_tag.bin --base-label-file experiments/pq_drift_1m_aris_main_20260522/labels/base_labels_1000000.spmat --query-bin /mnt/bak3/lzg/PipeANN-github/experiments/r116_suite_pq16_aris_20260520_072453/data/sift_query_1000.bin --truthset-bin experiments/pq_drift_1m_aris_main_20260522/truth/phaseC_cycle04_intersect_u3e-03.bin --query-label-file /mnt/bak3/lzg/PipeANN-github/experiments/r116_suite_pq16_aris_20260520_072453/labels/query_1000_u3e-03.spmat --selector-type intersect --query-limit 1000,99.72,,2.0232365131378174,taskset -c 0-15 /mnt/bak3/lzg/PipeANN-github/build/tests/dynamic_update_suite_driver --mode measure-dynamic-search --source-prefix /mnt/bak3/lzg/PipeANN-supersector32k-work/indexes/phaseC_cycle04_no_retrain_after_insert_super32k --jsonl-output /mnt/bak3/lzg/PipeANN-github/experiments/supersector32k_packing_aris_20260523/tmp/full_cycle04_no_retrain_across_cycles_intersect_u3e-03_141.jsonl --insert-threads 16 --search-threads 1 --merge-threads 16 --build-l 220 --build-r 116 --beamwidth 4 --k 10 --cpu-cap 16 --metric l2 --route prefilter --search-l 50 --data-bin experiments/pq_drift_1m_aris_main_20260522/data/phaseC_cycle04_live_data_by_tag.bin --base-label-file experiments/pq_drift_1m_aris_main_20260522/labels/base_labels_1000000.spmat --query-bin /mnt/bak3/lzg/PipeANN-github/experiments/r116_suite_pq16_aris_20260520_072453/data/sift_query_1000.bin --truthset-bin experiments/pq_drift_1m_aris_main_20260522/truth/phaseC_cycle04_intersect_u3e-03.bin --query-label-file /mnt/bak3/lzg/PipeANN-github/experiments/r116_suite_pq16_aris_20260520_072453/labels/query_1000_u3e-03.spmat --selector-type intersect --query-limit 1000,,prefilter,285592,284344,50,/mnt/bak3/lzg/PipeANN-supersector32k-work/indexes/phaseC_cycle04_no_retrain_after_insert_super32k,ok,,,,,,152038,1,0,,experiments/pq_drift_1m_aris_main_20260522/indexes/phaseC_cycle04_no_retrain_after_insert,/mnt/bak3/lzg/PipeANN-supersector32k-work/indexes/phaseC_cycle04_no_retrain_after_insert_super32k,0.206972
prefilter,557.390822,,,,,,,,,,10000.0,,,cycle04_no_retrain_across_cycles_intersect_u1e-02,50,0-15,16,True,,0.557632,0,0,,10000,0,16,supersector32k,1000000,285652,152038,10000.0,178.125,152038,measure-dynamic-search,545.615,634.617,727.486,4096,full,4096,1000000,16,1000,285652,1793.296465,1248,285652,/mnt/bak3/lzg/PipeANN-github/build/tests/dynamic_update_suite_driver --mode measure-dynamic-search --source-prefix /mnt/bak3/lzg/PipeANN-supersector32k-work/indexes/phaseC_cycle04_no_retrain_after_insert_super32k --jsonl-output /mnt/bak3/lzg/PipeANN-github/experiments/supersector32k_packing_aris_20260523/tmp/full_cycle04_no_retrain_across_cycles_intersect_u1e-02_142.jsonl --insert-threads 16 --search-threads 1 --merge-threads 16 --build-l 220 --build-r 116 --beamwidth 4 --k 10 --cpu-cap 16 --metric l2 --route prefilter --search-l 50 --data-bin experiments/pq_drift_1m_aris_main_20260522/data/phaseC_cycle04_live_data_by_tag.bin --base-label-file experiments/pq_drift_1m_aris_main_20260522/labels/base_labels_1000000.spmat --query-bin /mnt/bak3/lzg/PipeANN-github/experiments/r116_suite_pq16_aris_20260520_072453/data/sift_query_1000.bin --truthset-bin experiments/pq_drift_1m_aris_main_20260522/truth/phaseC_cycle04_intersect_u1e-02.bin --query-label-file /mnt/bak3/lzg/PipeANN-github/experiments/r116_suite_pq16_aris_20260520_072453/labels/query_1000_u1e-02.spmat --selector-type intersect --query-limit 1000,99.55,,2.872065544128418,taskset -c 0-15 /mnt/bak3/lzg/PipeANN-github/build/tests/dynamic_update_suite_driver --mode measure-dynamic-search --source-prefix /mnt/bak3/lzg/PipeANN-supersector32k-work/indexes/phaseC_cycle04_no_retrain_after_insert_super32k --jsonl-output /mnt/bak3/lzg/PipeANN-github/experiments/supersector32k_packing_aris_20260523/tmp/full_cycle04_no_retrain_across_cycles_intersect_u1e-02_142.jsonl --insert-threads 16 --search-threads 1 --merge-threads 16 --build-l 220 --build-r 116 --beamwidth 4 --k 10 --cpu-cap 16 --metric l2 --route prefilter --search-l 50 --data-bin experiments/pq_drift_1m_aris_main_20260522/data/phaseC_cycle04_live_data_by_tag.bin --base-label-file experiments/pq_drift_1m_aris_main_20260522/labels/base_labels_1000000.spmat --query-bin /mnt/bak3/lzg/PipeANN-github/experiments/r116_suite_pq16_aris_20260520_072453/data/sift_query_1000.bin --truthset-bin experiments/pq_drift_1m_aris_main_20260522/truth/phaseC_cycle04_intersect_u1e-02.bin --query-label-file /mnt/bak3/lzg/PipeANN-github/experiments/r116_suite_pq16_aris_20260520_072453/labels/query_1000_u1e-02.spmat --selector-type intersect --query-limit 1000,,prefilter,285652,284404,50,/mnt/bak3/lzg/PipeANN-supersector32k-work/indexes/phaseC_cycle04_no_retrain_after_insert_super32k,ok,,,,,,152038,1,0,,experiments/pq_drift_1m_aris_main_20260522/indexes/phaseC_cycle04_no_retrain_after_insert,/mnt/bak3/lzg/PipeANN-supersector32k-work/indexes/phaseC_cycle04_no_retrain_after_insert_super32k,0.557632
prefilter,1148.258926,,,,,,,,,,50000.0,,,cycle04_no_retrain_across_cycles_intersect_u5e-02,50,0-15,16,True,,1.148456,0,0,,10000,0,16,supersector32k,1000000,285560,152038,50000.0,224.341,152038,measure-dynamic-search,1120.412,1242.048,1264.701,4096,full,4096,1000000,16,1000,285560,870.734309,1272,285560,/mnt/bak3/lzg/PipeANN-github/build/tests/dynamic_update_suite_driver --mode measure-dynamic-search --source-prefix /mnt/bak3/lzg/PipeANN-supersector32k-work/indexes/phaseC_cycle04_no_retrain_after_insert_super32k --jsonl-output /mnt/bak3/lzg/PipeANN-github/experiments/supersector32k_packing_aris_20260523/tmp/full_cycle04_no_retrain_across_cycles_intersect_u5e-02_143.jsonl --insert-threads 16 --search-threads 1 --merge-threads 16 --build-l 220 --build-r 116 --beamwidth 4 --k 10 --cpu-cap 16 --metric l2 --route prefilter --search-l 50 --data-bin experiments/pq_drift_1m_aris_main_20260522/data/phaseC_cycle04_live_data_by_tag.bin --base-label-file experiments/pq_drift_1m_aris_main_20260522/labels/base_labels_1000000.spmat --query-bin /mnt/bak3/lzg/PipeANN-github/experiments/r116_suite_pq16_aris_20260520_072453/data/sift_query_1000.bin --truthset-bin experiments/pq_drift_1m_aris_main_20260522/truth/phaseC_cycle04_intersect_u5e-02.bin --query-label-file /mnt/bak3/lzg/PipeANN-github/experiments/r116_suite_pq16_aris_20260520_072453/labels/query_1000_u5e-02.spmat --selector-type intersect --query-limit 1000,99.0,,3.2968273162841797,taskset -c 0-15 /mnt/bak3/lzg/PipeANN-github/build/tests/dynamic_update_suite_driver --mode measure-dynamic-search --source-prefix /mnt/bak3/lzg/PipeANN-supersector32k-work/indexes/phaseC_cycle04_no_retrain_after_insert_super32k --jsonl-output /mnt/bak3/lzg/PipeANN-github/experiments/supersector32k_packing_aris_20260523/tmp/full_cycle04_no_retrain_across_cycles_intersect_u5e-02_143.jsonl --insert-threads 16 --search-threads 1 --merge-threads 16 --build-l 220 --build-r 116 --beamwidth 4 --k 10 --cpu-cap 16 --metric l2 --route prefilter --search-l 50 --data-bin experiments/pq_drift_1m_aris_main_20260522/data/phaseC_cycle04_live_data_by_tag.bin --base-label-file experiments/pq_drift_1m_aris_main_20260522/labels/base_labels_1000000.spmat --query-bin /mnt/bak3/lzg/PipeANN-github/experiments/r116_suite_pq16_aris_20260520_072453/data/sift_query_1000.bin --truthset-bin experiments/pq_drift_1m_aris_main_20260522/truth/phaseC_cycle04_intersect_u5e-02.bin --query-label-file /mnt/bak3/lzg/PipeANN-github/experiments/r116_suite_pq16_aris_20260520_072453/labels/query_1000_u5e-02.spmat --selector-type intersect --query-limit 1000,,prefilter,285560,284288,50,/mnt/bak3/lzg/PipeANN-supersector32k-work/indexes/phaseC_cycle04_no_retrain_after_insert_super32k,ok,,,,,,152038,1,0,,experiments/pq_drift_1m_aris_main_20260522/indexes/phaseC_cycle04_no_retrain_after_insert,/mnt/bak3/lzg/PipeANN-supersector32k-work/indexes/phaseC_cycle04_no_retrain_after_insert_super32k,1.148456
prefilter,2066.12609,,,,,,,,,,100000.0,,,cycle04_no_retrain_across_cycles_intersect_u1e-01,75,0-15,16,True,,2.066359,0,0,,10000,0,16,supersector32k,1000000,285796,152038,100000.0,285.381,152038,measure-dynamic-search,1943.132,2906.459,2948.839,4096,full,4096,1000000,16,1000,285796,483.943103,1492,285796,/mnt/bak3/lzg/PipeANN-github/build/tests/dynamic_update_suite_driver --mode measure-dynamic-search --source-prefix /mnt/bak3/lzg/PipeANN-supersector32k-work/indexes/phaseC_cycle04_no_retrain_after_insert_super32k --jsonl-output /mnt/bak3/lzg/PipeANN-github/experiments/supersector32k_packing_aris_20260523/tmp/full_cycle04_no_retrain_across_cycles_intersect_u1e-01_144.jsonl --insert-threads 16 --search-threads 1 --merge-threads 16 --build-l 220 --build-r 116 --beamwidth 4 --k 10 --cpu-cap 16 --metric l2 --route prefilter --search-l 75 --data-bin experiments/pq_drift_1m_aris_main_20260522/data/phaseC_cycle04_live_data_by_tag.bin --base-label-file experiments/pq_drift_1m_aris_main_20260522/labels/base_labels_1000000.spmat --query-bin /mnt/bak3/lzg/PipeANN-github/experiments/r116_suite_pq16_aris_20260520_072453/data/sift_query_1000.bin --truthset-bin experiments/pq_drift_1m_aris_main_20260522/truth/phaseC_cycle04_intersect_u1e-01.bin --query-label-file /mnt/bak3/lzg/PipeANN-github/experiments/r116_suite_pq16_aris_20260520_072453/labels/query_1000_u1e-01.spmat --selector-type intersect --query-limit 1000,98.89,,4.281532287597656,taskset -c 0-15 /mnt/bak3/lzg/PipeANN-github/build/tests/dynamic_update_suite_driver --mode measure-dynamic-search --source-prefix /mnt/bak3/lzg/PipeANN-supersector32k-work/indexes/phaseC_cycle04_no_retrain_after_insert_super32k --jsonl-output /mnt/bak3/lzg/PipeANN-github/experiments/supersector32k_packing_aris_20260523/tmp/full_cycle04_no_retrain_across_cycles_intersect_u1e-01_144.jsonl --insert-threads 16 --search-threads 1 --merge-threads 16 --build-l 220 --build-r 116 --beamwidth 4 --k 10 --cpu-cap 16 --metric l2 --route prefilter --search-l 75 --data-bin experiments/pq_drift_1m_aris_main_20260522/data/phaseC_cycle04_live_data_by_tag.bin --base-label-file experiments/pq_drift_1m_aris_main_20260522/labels/base_labels_1000000.spmat --query-bin /mnt/bak3/lzg/PipeANN-github/experiments/r116_suite_pq16_aris_20260520_072453/data/sift_query_1000.bin --truthset-bin experiments/pq_drift_1m_aris_main_20260522/truth/phaseC_cycle04_intersect_u1e-01.bin --query-label-file /mnt/bak3/lzg/PipeANN-github/experiments/r116_suite_pq16_aris_20260520_072453/labels/query_1000_u1e-01.spmat --selector-type intersect --query-limit 1000,,prefilter,285796,284304,75,/mnt/bak3/lzg/PipeANN-supersector32k-work/indexes/phaseC_cycle04_no_retrain_after_insert_super32k,ok,,,,,,152038,1,0,,experiments/pq_drift_1m_aris_main_20260522/indexes/phaseC_cycle04_no_retrain_after_insert,/mnt/bak3/lzg/PipeANN-supersector32k-work/indexes/phaseC_cycle04_no_retrain_after_insert_super32k,2.066359
prefilter,3860.554703,,,,,,,,,,250000.0,,,cycle04_no_retrain_across_cycles_intersect_u25,250,0-15,16,True,,3.860785,0,0,,10000,0,16,supersector32k,1000000,285480,152038,250000.0,397.404,152038,measure-dynamic-search,3780.671,4015.531,4062.884,4096,full,4096,1000000,16,1000,285480,259.014678,1200,285480,/mnt/bak3/lzg/PipeANN-github/build/tests/dynamic_update_suite_driver --mode measure-dynamic-search --source-prefix /mnt/bak3/lzg/PipeANN-supersector32k-work/indexes/phaseC_cycle04_no_retrain_after_insert_super32k --jsonl-output /mnt/bak3/lzg/PipeANN-github/experiments/supersector32k_packing_aris_20260523/tmp/full_cycle04_no_retrain_across_cycles_intersect_u25_145.jsonl --insert-threads 16 --search-threads 1 --merge-threads 16 --build-l 220 --build-r 116 --beamwidth 4 --k 10 --cpu-cap 16 --metric l2 --route prefilter --search-l 250 --data-bin experiments/pq_drift_1m_aris_main_20260522/data/phaseC_cycle04_live_data_by_tag.bin --base-label-file experiments/pq_drift_1m_aris_main_20260522/labels/base_labels_1000000.spmat --query-bin /mnt/bak3/lzg/PipeANN-github/experiments/r116_suite_pq16_aris_20260520_072453/data/sift_query_1000.bin --truthset-bin experiments/pq_drift_1m_aris_main_20260522/truth/phaseC_cycle04_intersect_u25.bin --query-label-file /mnt/bak3/lzg/PipeANN-github/experiments/r116_suite_pq16_aris_20260520_072453/labels/query_1000_u25.spmat --selector-type intersect --query-limit 1000,98.12,,5.382168531417847,taskset -c 0-15 /mnt/bak3/lzg/PipeANN-github/build/tests/dynamic_update_suite_driver --mode measure-dynamic-search --source-prefix /mnt/bak3/lzg/PipeANN-supersector32k-work/indexes/phaseC_cycle04_no_retrain_after_insert_super32k --jsonl-output /mnt/bak3/lzg/PipeANN-github/experiments/supersector32k_packing_aris_20260523/tmp/full_cycle04_no_retrain_across_cycles_intersect_u25_145.jsonl --insert-threads 16 --search-threads 1 --merge-threads 16 --build-l 220 --build-r 116 --beamwidth 4 --k 10 --cpu-cap 16 --metric l2 --route prefilter --search-l 250 --data-bin experiments/pq_drift_1m_aris_main_20260522/data/phaseC_cycle04_live_data_by_tag.bin --base-label-file experiments/pq_drift_1m_aris_main_20260522/labels/base_labels_1000000.spmat --query-bin /mnt/bak3/lzg/PipeANN-github/experiments/r116_suite_pq16_aris_20260520_072453/data/sift_query_1000.bin --truthset-bin experiments/pq_drift_1m_aris_main_20260522/truth/phaseC_cycle04_intersect_u25.bin --query-label-file /mnt/bak3/lzg/PipeANN-github/experiments/r116_suite_pq16_aris_20260520_072453/labels/query_1000_u25.spmat --selector-type intersect --query-limit 1000,,prefilter,261044,284280,250,/mnt/bak3/lzg/PipeANN-supersector32k-work/indexes/phaseC_cycle04_no_retrain_after_insert_super32k,ok,,,,,,152038,1,0,,experiments/pq_drift_1m_aris_main_20260522/indexes/phaseC_cycle04_no_retrain_after_insert,/mnt/bak3/lzg/PipeANN-supersector32k-work/indexes/phaseC_cycle04_no_retrain_after_insert_super32k,3.860785
prefilter,4427.762917,,,,,,,,,,300000.0,,,cycle04_no_retrain_across_cycles_intersect_u30,250,0-15,16,True,,4.427967,0,0,,10000,0,16,supersector32k,1000000,285592,152038,300000.0,442.999,152038,measure-dynamic-search,4359.749,4589.578,4680.212,4096,full,4096,1000000,16,1000,285592,225.83725,1268,285592,/mnt/bak3/lzg/PipeANN-github/build/tests/dynamic_update_suite_driver --mode measure-dynamic-search --source-prefix /mnt/bak3/lzg/PipeANN-supersector32k-work/indexes/phaseC_cycle04_no_retrain_after_insert_super32k --jsonl-output /mnt/bak3/lzg/PipeANN-github/experiments/supersector32k_packing_aris_20260523/tmp/full_cycle04_no_retrain_across_cycles_intersect_u30_146.jsonl --insert-threads 16 --search-threads 1 --merge-threads 16 --build-l 220 --build-r 116 --beamwidth 4 --k 10 --cpu-cap 16 --metric l2 --route prefilter --search-l 250 --data-bin experiments/pq_drift_1m_aris_main_20260522/data/phaseC_cycle04_live_data_by_tag.bin --base-label-file experiments/pq_drift_1m_aris_main_20260522/labels/base_labels_1000000.spmat --query-bin /mnt/bak3/lzg/PipeANN-github/experiments/r116_suite_pq16_aris_20260520_072453/data/sift_query_1000.bin --truthset-bin experiments/pq_drift_1m_aris_main_20260522/truth/phaseC_cycle04_intersect_u30.bin --query-label-file /mnt/bak3/lzg/PipeANN-github/experiments/r116_suite_pq16_aris_20260520_072453/labels/query_1000_u30.spmat --selector-type intersect --query-limit 1000,98.25,,5.981244802474976,taskset -c 0-15 /mnt/bak3/lzg/PipeANN-github/build/tests/dynamic_update_suite_driver --mode measure-dynamic-search --source-prefix /mnt/bak3/lzg/PipeANN-supersector32k-work/indexes/phaseC_cycle04_no_retrain_after_insert_super32k --jsonl-output /mnt/bak3/lzg/PipeANN-github/experiments/supersector32k_packing_aris_20260523/tmp/full_cycle04_no_retrain_across_cycles_intersect_u30_146.jsonl --insert-threads 16 --search-threads 1 --merge-threads 16 --build-l 220 --build-r 116 --beamwidth 4 --k 10 --cpu-cap 16 --metric l2 --route prefilter --search-l 250 --data-bin experiments/pq_drift_1m_aris_main_20260522/data/phaseC_cycle04_live_data_by_tag.bin --base-label-file experiments/pq_drift_1m_aris_main_20260522/labels/base_labels_1000000.spmat --query-bin /mnt/bak3/lzg/PipeANN-github/experiments/r116_suite_pq16_aris_20260520_072453/data/sift_query_1000.bin --truthset-bin experiments/pq_drift_1m_aris_main_20260522/truth/phaseC_cycle04_intersect_u30.bin --query-label-file /mnt/bak3/lzg/PipeANN-github/experiments/r116_suite_pq16_aris_20260520_072453/labels/query_1000_u30.spmat --selector-type intersect --query-limit 1000,,prefilter,285592,284324,250,/mnt/bak3/lzg/PipeANN-supersector32k-work/indexes/phaseC_cycle04_no_retrain_after_insert_super32k,ok,,,,,,152038,1,0,,experiments/pq_drift_1m_aris_main_20260522/indexes/phaseC_cycle04_no_retrain_after_insert,/mnt/bak3/lzg/PipeANN-supersector32k-work/indexes/phaseC_cycle04_no_retrain_after_insert_super32k,4.427967
prefilter,6830.029938,,,,,,,,,,500000.0,,,cycle04_no_retrain_across_cycles_intersect_u50,300,0-15,16,True,,6.830282,0,0,,10000,0,16,supersector32k,1000000,285480,152038,500000.0,628.113,152038,measure-dynamic-search,6812.933,6869.86,7038.423,4096,full,4096,1000000,16,1000,285480,146.406836,1204,285480,/mnt/bak3/lzg/PipeANN-github/build/tests/dynamic_update_suite_driver --mode measure-dynamic-search --source-prefix /mnt/bak3/lzg/PipeANN-supersector32k-work/indexes/phaseC_cycle04_no_retrain_after_insert_super32k --jsonl-output /mnt/bak3/lzg/PipeANN-github/experiments/supersector32k_packing_aris_20260523/tmp/full_cycle04_no_retrain_across_cycles_intersect_u50_147.jsonl --insert-threads 16 --search-threads 1 --merge-threads 16 --build-l 220 --build-r 116 --beamwidth 4 --k 10 --cpu-cap 16 --metric l2 --route prefilter --search-l 300 --data-bin experiments/pq_drift_1m_aris_main_20260522/data/phaseC_cycle04_live_data_by_tag.bin --base-label-file experiments/pq_drift_1m_aris_main_20260522/labels/base_labels_1000000.spmat --query-bin /mnt/bak3/lzg/PipeANN-github/experiments/r116_suite_pq16_aris_20260520_072453/data/sift_query_1000.bin --truthset-bin experiments/pq_drift_1m_aris_main_20260522/truth/phaseC_cycle04_intersect_u50.bin --query-label-file /mnt/bak3/lzg/PipeANN-github/experiments/r116_suite_pq16_aris_20260520_072453/labels/query_1000_u50.spmat --selector-type intersect --query-limit 1000,98.58,,8.413925170898438,taskset -c 0-15 /mnt/bak3/lzg/PipeANN-github/build/tests/dynamic_update_suite_driver --mode measure-dynamic-search --source-prefix /mnt/bak3/lzg/PipeANN-supersector32k-work/indexes/phaseC_cycle04_no_retrain_after_insert_super32k --jsonl-output /mnt/bak3/lzg/PipeANN-github/experiments/supersector32k_packing_aris_20260523/tmp/full_cycle04_no_retrain_across_cycles_intersect_u50_147.jsonl --insert-threads 16 --search-threads 1 --merge-threads 16 --build-l 220 --build-r 116 --beamwidth 4 --k 10 --cpu-cap 16 --metric l2 --route prefilter --search-l 300 --data-bin experiments/pq_drift_1m_aris_main_20260522/data/phaseC_cycle04_live_data_by_tag.bin --base-label-file experiments/pq_drift_1m_aris_main_20260522/labels/base_labels_1000000.spmat --query-bin /mnt/bak3/lzg/PipeANN-github/experiments/r116_suite_pq16_aris_20260520_072453/data/sift_query_1000.bin --truthset-bin experiments/pq_drift_1m_aris_main_20260522/truth/phaseC_cycle04_intersect_u50.bin --query-label-file /mnt/bak3/lzg/PipeANN-github/experiments/r116_suite_pq16_aris_20260520_072453/labels/query_1000_u50.spmat --selector-type intersect --query-limit 1000,,prefilter,285428,284276,300,/mnt/bak3/lzg/PipeANN-supersector32k-work/indexes/phaseC_cycle04_no_retrain_after_insert_super32k,ok,,,,,,152038,1,0,,experiments/pq_drift_1m_aris_main_20260522/indexes/phaseC_cycle04_no_retrain_after_insert,/mnt/bak3/lzg/PipeANN-supersector32k-work/indexes/phaseC_cycle04_no_retrain_after_insert_super32k,6.830282
prefilter,9854.9482,,,,,,,,,,750000.0,,,cycle04_no_retrain_across_cycles_intersect_u75,300,0-15,16,True,,9.855264,0,0,,10000,0,16,supersector32k,1000000,285568,152038,750000.0,856.334,152038,measure-dynamic-search,9833.813,9877.915,10299.521,4096,full,4096,1000000,16,1000,285568,101.468614,1204,285568,/mnt/bak3/lzg/PipeANN-github/build/tests/dynamic_update_suite_driver --mode measure-dynamic-search --source-prefix /mnt/bak3/lzg/PipeANN-supersector32k-work/indexes/phaseC_cycle04_no_retrain_after_insert_super32k --jsonl-output /mnt/bak3/lzg/PipeANN-github/experiments/supersector32k_packing_aris_20260523/tmp/full_cycle04_no_retrain_across_cycles_intersect_u75_148.jsonl --insert-threads 16 --search-threads 1 --merge-threads 16 --build-l 220 --build-r 116 --beamwidth 4 --k 10 --cpu-cap 16 --metric l2 --route prefilter --search-l 300 --data-bin experiments/pq_drift_1m_aris_main_20260522/data/phaseC_cycle04_live_data_by_tag.bin --base-label-file experiments/pq_drift_1m_aris_main_20260522/labels/base_labels_1000000.spmat --query-bin /mnt/bak3/lzg/PipeANN-github/experiments/r116_suite_pq16_aris_20260520_072453/data/sift_query_1000.bin --truthset-bin experiments/pq_drift_1m_aris_main_20260522/truth/phaseC_cycle04_intersect_u75.bin --query-label-file /mnt/bak3/lzg/PipeANN-github/experiments/r116_suite_pq16_aris_20260520_072453/labels/query_1000_u75.spmat --selector-type intersect --query-limit 1000,98.27,,11.439703226089478,taskset -c 0-15 /mnt/bak3/lzg/PipeANN-github/build/tests/dynamic_update_suite_driver --mode measure-dynamic-search --source-prefix /mnt/bak3/lzg/PipeANN-supersector32k-work/indexes/phaseC_cycle04_no_retrain_after_insert_super32k --jsonl-output /mnt/bak3/lzg/PipeANN-github/experiments/supersector32k_packing_aris_20260523/tmp/full_cycle04_no_retrain_across_cycles_intersect_u75_148.jsonl --insert-threads 16 --search-threads 1 --merge-threads 16 --build-l 220 --build-r 116 --beamwidth 4 --k 10 --cpu-cap 16 --metric l2 --route prefilter --search-l 300 --data-bin experiments/pq_drift_1m_aris_main_20260522/data/phaseC_cycle04_live_data_by_tag.bin --base-label-file experiments/pq_drift_1m_aris_main_20260522/labels/base_labels_1000000.spmat --query-bin /mnt/bak3/lzg/PipeANN-github/experiments/r116_suite_pq16_aris_20260520_072453/data/sift_query_1000.bin --truthset-bin experiments/pq_drift_1m_aris_main_20260522/truth/phaseC_cycle04_intersect_u75.bin --query-label-file /mnt/bak3/lzg/PipeANN-github/experiments/r116_suite_pq16_aris_20260520_072453/labels/query_1000_u75.spmat --selector-type intersect --query-limit 1000,,prefilter,285352,284364,300,/mnt/bak3/lzg/PipeANN-supersector32k-work/indexes/phaseC_cycle04_no_retrain_after_insert_super32k,ok,,,,,,152038,1,0,,experiments/pq_drift_1m_aris_main_20260522/indexes/phaseC_cycle04_no_retrain_after_insert,/mnt/bak3/lzg/PipeANN-supersector32k-work/indexes/phaseC_cycle04_no_retrain_after_insert_super32k,9.855264
graph,8969.776334,,,,,,,,,,1000000.0,,,cycle04_no_retrain_across_cycles_intersect_u100,400,0-15,16,True,,8.969975,0,0,,10000,1000,16,supersector32k,1000000,297444,152038,1000000.0,16.943,152038,measure-dynamic-search,8901.782,9338.688,9890.528,4096,full,4096,1000000,16,0,297444,111.483029,13084,297444,/mnt/bak3/lzg/PipeANN-github/build/tests/dynamic_update_suite_driver --mode measure-dynamic-search --source-prefix /mnt/bak3/lzg/PipeANN-supersector32k-work/indexes/phaseC_cycle04_no_retrain_after_insert_super32k --jsonl-output /mnt/bak3/lzg/PipeANN-github/experiments/supersector32k_packing_aris_20260523/tmp/full_cycle04_no_retrain_across_cycles_intersect_u100_149.jsonl --insert-threads 16 --search-threads 1 --merge-threads 16 --build-l 220 --build-r 116 --beamwidth 4 --k 10 --cpu-cap 16 --metric l2 --route graph --search-l 400 --data-bin experiments/pq_drift_1m_aris_main_20260522/data/phaseC_cycle04_live_data_by_tag.bin --base-label-file experiments/pq_drift_1m_aris_main_20260522/labels/base_labels_1000000.spmat --query-bin /mnt/bak3/lzg/PipeANN-github/experiments/r116_suite_pq16_aris_20260520_072453/data/sift_query_1000.bin --truthset-bin experiments/pq_drift_1m_aris_main_20260522/truth/phaseC_cycle04_intersect_u100.bin --query-label-file /mnt/bak3/lzg/PipeANN-github/experiments/r116_suite_pq16_aris_20260520_072453/labels/query_1000_u100.spmat --selector-type intersect --query-limit 1000,98.15,,10.52603816986084,taskset -c 0-15 /mnt/bak3/lzg/PipeANN-github/build/tests/dynamic_update_suite_driver --mode measure-dynamic-search --source-prefix /mnt/bak3/lzg/PipeANN-supersector32k-work/indexes/phaseC_cycle04_no_retrain_after_insert_super32k --jsonl-output /mnt/bak3/lzg/PipeANN-github/experiments/supersector32k_packing_aris_20260523/tmp/full_cycle04_no_retrain_across_cycles_intersect_u100_149.jsonl --insert-threads 16 --search-threads 1 --merge-threads 16 --build-l 220 --build-r 116 --beamwidth 4 --k 10 --cpu-cap 16 --metric l2 --route graph --search-l 400 --data-bin experiments/pq_drift_1m_aris_main_20260522/data/phaseC_cycle04_live_data_by_tag.bin --base-label-file experiments/pq_drift_1m_aris_main_20260522/labels/base_labels_1000000.spmat --query-bin /mnt/bak3/lzg/PipeANN-github/experiments/r116_suite_pq16_aris_20260520_072453/data/sift_query_1000.bin --truthset-bin experiments/pq_drift_1m_aris_main_20260522/truth/phaseC_cycle04_intersect_u100.bin --query-label-file /mnt/bak3/lzg/PipeANN-github/experiments/r116_suite_pq16_aris_20260520_072453/labels/query_1000_u100.spmat --selector-type intersect --query-limit 1000,,graph,297444,284360,400,/mnt/bak3/lzg/PipeANN-supersector32k-work/indexes/phaseC_cycle04_no_retrain_after_insert_super32k,ok,,,,,,152038,1,0,,experiments/pq_drift_1m_aris_main_20260522/indexes/phaseC_cycle04_no_retrain_after_insert,/mnt/bak3/lzg/PipeANN-supersector32k-work/indexes/phaseC_cycle04_no_retrain_after_insert_super32k,8.969975
prefilter,152.224282,,,,,,,,,,1000.0,,,cycle04_no_retrain_across_cycles_range_u1e-03,50,0-15,16,True,,0.152315,0,0,,10000,0,16,supersector32k,1000000,285696,152038,1000.0,51.667,152038,measure-dynamic-search,151.419,161.26,195.749,4096,full,4096,1000000,16,1000,285696,6565.335786,1396,285696,/mnt/bak3/lzg/PipeANN-github/build/tests/dynamic_update_suite_driver --mode measure-dynamic-search --source-prefix /mnt/bak3/lzg/PipeANN-supersector32k-work/indexes/phaseC_cycle04_no_retrain_after_insert_super32k --jsonl-output /mnt/bak3/lzg/PipeANN-github/experiments/supersector32k_packing_aris_20260523/tmp/full_cycle04_no_retrain_across_cycles_range_u1e-03_150.jsonl --insert-threads 16 --search-threads 1 --merge-threads 16 --build-l 220 --build-r 116 --beamwidth 4 --k 10 --cpu-cap 16 --metric l2 --route prefilter --search-l 50 --data-bin experiments/pq_drift_1m_aris_main_20260522/data/phaseC_cycle04_live_data_by_tag.bin --base-label-file experiments/pq_drift_1m_aris_main_20260522/labels/base_labels_1000000.spmat --query-bin /mnt/bak3/lzg/PipeANN-github/experiments/r116_suite_pq16_aris_20260520_072453/data/sift_query_1000.bin --truthset-bin experiments/pq_drift_1m_aris_main_20260522/truth/phaseC_cycle04_range_u1e-03.bin --query-label-file /mnt/bak3/lzg/PipeANN-github/experiments/r116_suite_pq16_aris_20260520_072453/labels/query_1000_range_u1e-03.spmat --selector-type range --query-limit 1000,100.0,,1.9345271587371826,taskset -c 0-15 /mnt/bak3/lzg/PipeANN-github/build/tests/dynamic_update_suite_driver --mode measure-dynamic-search --source-prefix /mnt/bak3/lzg/PipeANN-supersector32k-work/indexes/phaseC_cycle04_no_retrain_after_insert_super32k --jsonl-output /mnt/bak3/lzg/PipeANN-github/experiments/supersector32k_packing_aris_20260523/tmp/full_cycle04_no_retrain_across_cycles_range_u1e-03_150.jsonl --insert-threads 16 --search-threads 1 --merge-threads 16 --build-l 220 --build-r 116 --beamwidth 4 --k 10 --cpu-cap 16 --metric l2 --route prefilter --search-l 50 --data-bin experiments/pq_drift_1m_aris_main_20260522/data/phaseC_cycle04_live_data_by_tag.bin --base-label-file experiments/pq_drift_1m_aris_main_20260522/labels/base_labels_1000000.spmat --query-bin /mnt/bak3/lzg/PipeANN-github/experiments/r116_suite_pq16_aris_20260520_072453/data/sift_query_1000.bin --truthset-bin experiments/pq_drift_1m_aris_main_20260522/truth/phaseC_cycle04_range_u1e-03.bin --query-label-file /mnt/bak3/lzg/PipeANN-github/experiments/r116_suite_pq16_aris_20260520_072453/labels/query_1000_range_u1e-03.spmat --selector-type range --query-limit 1000,,prefilter,285696,284300,50,/mnt/bak3/lzg/PipeANN-supersector32k-work/indexes/phaseC_cycle04_no_retrain_after_insert_super32k,ok,,,,,,152038,1,0,,experiments/pq_drift_1m_aris_main_20260522/indexes/phaseC_cycle04_no_retrain_after_insert,/mnt/bak3/lzg/PipeANN-supersector32k-work/indexes/phaseC_cycle04_no_retrain_after_insert_super32k,0.152315
prefilter,212.153543,,,,,,,,,,3000.0,,,cycle04_no_retrain_across_cycles_range_u3e-03,50,0-15,16,True,,0.212279,0,0,,10000,0,16,supersector32k,1000000,287432,152038,3000.0,68.029,152038,measure-dynamic-search,208.685,232.926,269.451,4096,full,4096,1000000,16,1000,287432,4710.791241,984,287432,/mnt/bak3/lzg/PipeANN-github/build/tests/dynamic_update_suite_driver --mode measure-dynamic-search --source-prefix /mnt/bak3/lzg/PipeANN-supersector32k-work/indexes/phaseC_cycle04_no_retrain_after_insert_super32k --jsonl-output /mnt/bak3/lzg/PipeANN-github/experiments/supersector32k_packing_aris_20260523/tmp/full_cycle04_no_retrain_across_cycles_range_u3e-03_151.jsonl --insert-threads 16 --search-threads 1 --merge-threads 16 --build-l 220 --build-r 116 --beamwidth 4 --k 10 --cpu-cap 16 --metric l2 --route prefilter --search-l 50 --data-bin experiments/pq_drift_1m_aris_main_20260522/data/phaseC_cycle04_live_data_by_tag.bin --base-label-file experiments/pq_drift_1m_aris_main_20260522/labels/base_labels_1000000.spmat --query-bin /mnt/bak3/lzg/PipeANN-github/experiments/r116_suite_pq16_aris_20260520_072453/data/sift_query_1000.bin --truthset-bin experiments/pq_drift_1m_aris_main_20260522/truth/phaseC_cycle04_range_u3e-03.bin --query-label-file /mnt/bak3/lzg/PipeANN-github/experiments/r116_suite_pq16_aris_20260520_072453/labels/query_1000_range_u3e-03.spmat --selector-type range --query-limit 1000,99.72,,1.6984028816223145,taskset -c 0-15 /mnt/bak3/lzg/PipeANN-github/build/tests/dynamic_update_suite_driver --mode measure-dynamic-search --source-prefix /mnt/bak3/lzg/PipeANN-supersector32k-work/indexes/phaseC_cycle04_no_retrain_after_insert_super32k --jsonl-output /mnt/bak3/lzg/PipeANN-github/experiments/supersector32k_packing_aris_20260523/tmp/full_cycle04_no_retrain_across_cycles_range_u3e-03_151.jsonl --insert-threads 16 --search-threads 1 --merge-threads 16 --build-l 220 --build-r 116 --beamwidth 4 --k 10 --cpu-cap 16 --metric l2 --route prefilter --search-l 50 --data-bin experiments/pq_drift_1m_aris_main_20260522/data/phaseC_cycle04_live_data_by_tag.bin --base-label-file experiments/pq_drift_1m_aris_main_20260522/labels/base_labels_1000000.spmat --query-bin /mnt/bak3/lzg/PipeANN-github/experiments/r116_suite_pq16_aris_20260520_072453/data/sift_query_1000.bin --truthset-bin experiments/pq_drift_1m_aris_main_20260522/truth/phaseC_cycle04_range_u3e-03.bin --query-label-file /mnt/bak3/lzg/PipeANN-github/experiments/r116_suite_pq16_aris_20260520_072453/labels/query_1000_range_u3e-03.spmat --selector-type range --query-limit 1000,,prefilter,287432,286448,50,/mnt/bak3/lzg/PipeANN-supersector32k-work/indexes/phaseC_cycle04_no_retrain_after_insert_super32k,ok,,,,,,152038,1,0,,experiments/pq_drift_1m_aris_main_20260522/indexes/phaseC_cycle04_no_retrain_after_insert,/mnt/bak3/lzg/PipeANN-supersector32k-work/indexes/phaseC_cycle04_no_retrain_after_insert_super32k,0.212279
prefilter,428.149129,,,,,,,,,,10000.0,,,cycle04_no_retrain_across_cycles_range_u1e-02,50,0-15,16,True,,0.428307,0,0,,10000,0,16,supersector32k,1000000,285628,152038,10000.0,142.625,152038,measure-dynamic-search,423.11,459.726,502.447,4096,full,4096,1000000,16,1000,285628,2334.775933,1376,285628,/mnt/bak3/lzg/PipeANN-github/build/tests/dynamic_update_suite_driver --mode measure-dynamic-search --source-prefix /mnt/bak3/lzg/PipeANN-supersector32k-work/indexes/phaseC_cycle04_no_retrain_after_insert_super32k --jsonl-output /mnt/bak3/lzg/PipeANN-github/experiments/supersector32k_packing_aris_20260523/tmp/full_cycle04_no_retrain_across_cycles_range_u1e-02_152.jsonl --insert-threads 16 --search-threads 1 --merge-threads 16 --build-l 220 --build-r 116 --beamwidth 4 --k 10 --cpu-cap 16 --metric l2 --route prefilter --search-l 50 --data-bin experiments/pq_drift_1m_aris_main_20260522/data/phaseC_cycle04_live_data_by_tag.bin --base-label-file experiments/pq_drift_1m_aris_main_20260522/labels/base_labels_1000000.spmat --query-bin /mnt/bak3/lzg/PipeANN-github/experiments/r116_suite_pq16_aris_20260520_072453/data/sift_query_1000.bin --truthset-bin experiments/pq_drift_1m_aris_main_20260522/truth/phaseC_cycle04_range_u1e-02.bin --query-label-file /mnt/bak3/lzg/PipeANN-github/experiments/r116_suite_pq16_aris_20260520_072453/labels/query_1000_range_u1e-02.spmat --selector-type range --query-limit 1000,99.55,,1.9124479293823242,taskset -c 0-15 /mnt/bak3/lzg/PipeANN-github/build/tests/dynamic_update_suite_driver --mode measure-dynamic-search --source-prefix /mnt/bak3/lzg/PipeANN-supersector32k-work/indexes/phaseC_cycle04_no_retrain_after_insert_super32k --jsonl-output /mnt/bak3/lzg/PipeANN-github/experiments/supersector32k_packing_aris_20260523/tmp/full_cycle04_no_retrain_across_cycles_range_u1e-02_152.jsonl --insert-threads 16 --search-threads 1 --merge-threads 16 --build-l 220 --build-r 116 --beamwidth 4 --k 10 --cpu-cap 16 --metric l2 --route prefilter --search-l 50 --data-bin experiments/pq_drift_1m_aris_main_20260522/data/phaseC_cycle04_live_data_by_tag.bin --base-label-file experiments/pq_drift_1m_aris_main_20260522/labels/base_labels_1000000.spmat --query-bin /mnt/bak3/lzg/PipeANN-github/experiments/r116_suite_pq16_aris_20260520_072453/data/sift_query_1000.bin --truthset-bin experiments/pq_drift_1m_aris_main_20260522/truth/phaseC_cycle04_range_u1e-02.bin --query-label-file /mnt/bak3/lzg/PipeANN-github/experiments/r116_suite_pq16_aris_20260520_072453/labels/query_1000_range_u1e-02.spmat --selector-type range --query-limit 1000,,prefilter,285628,284252,50,/mnt/bak3/lzg/PipeANN-supersector32k-work/indexes/phaseC_cycle04_no_retrain_after_insert_super32k,ok,,,,,,152038,1,0,,experiments/pq_drift_1m_aris_main_20260522/indexes/phaseC_cycle04_no_retrain_after_insert,/mnt/bak3/lzg/PipeANN-supersector32k-work/indexes/phaseC_cycle04_no_retrain_after_insert_super32k,0.428307
prefilter,1146.504082,,,,,,,,,,50000.0,,,cycle04_no_retrain_across_cycles_range_u5e-02,50,0-15,16,True,,1.146651,0,0,,10000,0,16,supersector32k,1000000,285664,152038,50000.0,243.617,152038,measure-dynamic-search,1128.504,1217.883,1245.986,4096,full,4096,1000000,16,1000,285664,872.104854,1272,285664,/mnt/bak3/lzg/PipeANN-github/build/tests/dynamic_update_suite_driver --mode measure-dynamic-search --source-prefix /mnt/bak3/lzg/PipeANN-supersector32k-work/indexes/phaseC_cycle04_no_retrain_after_insert_super32k --jsonl-output /mnt/bak3/lzg/PipeANN-github/experiments/supersector32k_packing_aris_20260523/tmp/full_cycle04_no_retrain_across_cycles_range_u5e-02_153.jsonl --insert-threads 16 --search-threads 1 --merge-threads 16 --build-l 220 --build-r 116 --beamwidth 4 --k 10 --cpu-cap 16 --metric l2 --route prefilter --search-l 50 --data-bin experiments/pq_drift_1m_aris_main_20260522/data/phaseC_cycle04_live_data_by_tag.bin --base-label-file experiments/pq_drift_1m_aris_main_20260522/labels/base_labels_1000000.spmat --query-bin /mnt/bak3/lzg/PipeANN-github/experiments/r116_suite_pq16_aris_20260520_072453/data/sift_query_1000.bin --truthset-bin experiments/pq_drift_1m_aris_main_20260522/truth/phaseC_cycle04_range_u5e-02.bin --query-label-file /mnt/bak3/lzg/PipeANN-github/experiments/r116_suite_pq16_aris_20260520_072453/labels/query_1000_range_u5e-02.spmat --selector-type range --query-limit 1000,99.0,,2.6650664806365967,taskset -c 0-15 /mnt/bak3/lzg/PipeANN-github/build/tests/dynamic_update_suite_driver --mode measure-dynamic-search --source-prefix /mnt/bak3/lzg/PipeANN-supersector32k-work/indexes/phaseC_cycle04_no_retrain_after_insert_super32k --jsonl-output /mnt/bak3/lzg/PipeANN-github/experiments/supersector32k_packing_aris_20260523/tmp/full_cycle04_no_retrain_across_cycles_range_u5e-02_153.jsonl --insert-threads 16 --search-threads 1 --merge-threads 16 --build-l 220 --build-r 116 --beamwidth 4 --k 10 --cpu-cap 16 --metric l2 --route prefilter --search-l 50 --data-bin experiments/pq_drift_1m_aris_main_20260522/data/phaseC_cycle04_live_data_by_tag.bin --base-label-file experiments/pq_drift_1m_aris_main_20260522/labels/base_labels_1000000.spmat --query-bin /mnt/bak3/lzg/PipeANN-github/experiments/r116_suite_pq16_aris_20260520_072453/data/sift_query_1000.bin --truthset-bin experiments/pq_drift_1m_aris_main_20260522/truth/phaseC_cycle04_range_u5e-02.bin --query-label-file /mnt/bak3/lzg/PipeANN-github/experiments/r116_suite_pq16_aris_20260520_072453/labels/query_1000_range_u5e-02.spmat --selector-type range --query-limit 1000,,prefilter,285664,284392,50,/mnt/bak3/lzg/PipeANN-supersector32k-work/indexes/phaseC_cycle04_no_retrain_after_insert_super32k,ok,,,,,,152038,1,0,,experiments/pq_drift_1m_aris_main_20260522/indexes/phaseC_cycle04_no_retrain_after_insert,/mnt/bak3/lzg/PipeANN-supersector32k-work/indexes/phaseC_cycle04_no_retrain_after_insert_super32k,1.146651
prefilter,1781.83383,,,,,,,,,,100000.0,,,cycle04_no_retrain_across_cycles_range_u1e-01,75,0-15,16,True,,1.781991,0,0,,10000,0,16,supersector32k,1000000,285748,152038,100000.0,280.675,152038,measure-dynamic-search,1752.846,1982.347,2017.391,4096,full,4096,1000000,16,1000,285748,561.169952,1400,285748,/mnt/bak3/lzg/PipeANN-github/build/tests/dynamic_update_suite_driver --mode measure-dynamic-search --source-prefix /mnt/bak3/lzg/PipeANN-supersector32k-work/indexes/phaseC_cycle04_no_retrain_after_insert_super32k --jsonl-output /mnt/bak3/lzg/PipeANN-github/experiments/supersector32k_packing_aris_20260523/tmp/full_cycle04_no_retrain_across_cycles_range_u1e-01_154.jsonl --insert-threads 16 --search-threads 1 --merge-threads 16 --build-l 220 --build-r 116 --beamwidth 4 --k 10 --cpu-cap 16 --metric l2 --route prefilter --search-l 75 --data-bin experiments/pq_drift_1m_aris_main_20260522/data/phaseC_cycle04_live_data_by_tag.bin --base-label-file experiments/pq_drift_1m_aris_main_20260522/labels/base_labels_1000000.spmat --query-bin /mnt/bak3/lzg/PipeANN-github/experiments/r116_suite_pq16_aris_20260520_072453/data/sift_query_1000.bin --truthset-bin experiments/pq_drift_1m_aris_main_20260522/truth/phaseC_cycle04_range_u1e-01.bin --query-label-file /mnt/bak3/lzg/PipeANN-github/experiments/r116_suite_pq16_aris_20260520_072453/labels/query_1000_range_u1e-01.spmat --selector-type range --query-limit 1000,98.89,,3.323512315750122,taskset -c 0-15 /mnt/bak3/lzg/PipeANN-github/build/tests/dynamic_update_suite_driver --mode measure-dynamic-search --source-prefix /mnt/bak3/lzg/PipeANN-supersector32k-work/indexes/phaseC_cycle04_no_retrain_after_insert_super32k --jsonl-output /mnt/bak3/lzg/PipeANN-github/experiments/supersector32k_packing_aris_20260523/tmp/full_cycle04_no_retrain_across_cycles_range_u1e-01_154.jsonl --insert-threads 16 --search-threads 1 --merge-threads 16 --build-l 220 --build-r 116 --beamwidth 4 --k 10 --cpu-cap 16 --metric l2 --route prefilter --search-l 75 --data-bin experiments/pq_drift_1m_aris_main_20260522/data/phaseC_cycle04_live_data_by_tag.bin --base-label-file experiments/pq_drift_1m_aris_main_20260522/labels/base_labels_1000000.spmat --query-bin /mnt/bak3/lzg/PipeANN-github/experiments/r116_suite_pq16_aris_20260520_072453/data/sift_query_1000.bin --truthset-bin experiments/pq_drift_1m_aris_main_20260522/truth/phaseC_cycle04_range_u1e-01.bin --query-label-file /mnt/bak3/lzg/PipeANN-github/experiments/r116_suite_pq16_aris_20260520_072453/labels/query_1000_range_u1e-01.spmat --selector-type range --query-limit 1000,,prefilter,285748,284348,75,/mnt/bak3/lzg/PipeANN-supersector32k-work/indexes/phaseC_cycle04_no_retrain_after_insert_super32k,ok,,,,,,152038,1,0,,experiments/pq_drift_1m_aris_main_20260522/indexes/phaseC_cycle04_no_retrain_after_insert,/mnt/bak3/lzg/PipeANN-supersector32k-work/indexes/phaseC_cycle04_no_retrain_after_insert_super32k,1.781991
prefilter,3880.6954,,,,,,,,,,250000.0,,,cycle04_no_retrain_across_cycles_range_u25,250,0-15,16,True,,3.880927,0,0,,10000,0,16,supersector32k,1000000,285520,152038,250000.0,424.203,152038,measure-dynamic-search,3906.648,4011.988,4057.641,4096,full,4096,1000000,16,1000,285520,257.670419,1200,285520,/mnt/bak3/lzg/PipeANN-github/build/tests/dynamic_update_suite_driver --mode measure-dynamic-search --source-prefix /mnt/bak3/lzg/PipeANN-supersector32k-work/indexes/phaseC_cycle04_no_retrain_after_insert_super32k --jsonl-output /mnt/bak3/lzg/PipeANN-github/experiments/supersector32k_packing_aris_20260523/tmp/full_cycle04_no_retrain_across_cycles_range_u25_155.jsonl --insert-threads 16 --search-threads 1 --merge-threads 16 --build-l 220 --build-r 116 --beamwidth 4 --k 10 --cpu-cap 16 --metric l2 --route prefilter --search-l 250 --data-bin experiments/pq_drift_1m_aris_main_20260522/data/phaseC_cycle04_live_data_by_tag.bin --base-label-file experiments/pq_drift_1m_aris_main_20260522/labels/base_labels_1000000.spmat --query-bin /mnt/bak3/lzg/PipeANN-github/experiments/r116_suite_pq16_aris_20260520_072453/data/sift_query_1000.bin --truthset-bin experiments/pq_drift_1m_aris_main_20260522/truth/phaseC_cycle04_range_u25.bin --query-label-file /mnt/bak3/lzg/PipeANN-github/experiments/r116_suite_pq16_aris_20260520_072453/labels/query_1000_range_u25.spmat --selector-type range --query-limit 1000,98.12,,5.400515556335449,taskset -c 0-15 /mnt/bak3/lzg/PipeANN-github/build/tests/dynamic_update_suite_driver --mode measure-dynamic-search --source-prefix /mnt/bak3/lzg/PipeANN-supersector32k-work/indexes/phaseC_cycle04_no_retrain_after_insert_super32k --jsonl-output /mnt/bak3/lzg/PipeANN-github/experiments/supersector32k_packing_aris_20260523/tmp/full_cycle04_no_retrain_across_cycles_range_u25_155.jsonl --insert-threads 16 --search-threads 1 --merge-threads 16 --build-l 220 --build-r 116 --beamwidth 4 --k 10 --cpu-cap 16 --metric l2 --route prefilter --search-l 250 --data-bin experiments/pq_drift_1m_aris_main_20260522/data/phaseC_cycle04_live_data_by_tag.bin --base-label-file experiments/pq_drift_1m_aris_main_20260522/labels/base_labels_1000000.spmat --query-bin /mnt/bak3/lzg/PipeANN-github/experiments/r116_suite_pq16_aris_20260520_072453/data/sift_query_1000.bin --truthset-bin experiments/pq_drift_1m_aris_main_20260522/truth/phaseC_cycle04_range_u25.bin --query-label-file /mnt/bak3/lzg/PipeANN-github/experiments/r116_suite_pq16_aris_20260520_072453/labels/query_1000_range_u25.spmat --selector-type range --query-limit 1000,,prefilter,261108,284320,250,/mnt/bak3/lzg/PipeANN-supersector32k-work/indexes/phaseC_cycle04_no_retrain_after_insert_super32k,ok,,,,,,152038,1,0,,experiments/pq_drift_1m_aris_main_20260522/indexes/phaseC_cycle04_no_retrain_after_insert,/mnt/bak3/lzg/PipeANN-supersector32k-work/indexes/phaseC_cycle04_no_retrain_after_insert_super32k,3.880927
prefilter,4481.969437,,,,,,,,,,300000.0,,,cycle04_no_retrain_across_cycles_range_u30,250,0-15,16,True,,4.482179,0,0,,10000,0,16,supersector32k,1000000,285656,152038,300000.0,472.512,152038,measure-dynamic-search,4415.493,4646.632,4750.522,4096,full,4096,1000000,16,1000,285656,223.10578,1392,285656,/mnt/bak3/lzg/PipeANN-github/build/tests/dynamic_update_suite_driver --mode measure-dynamic-search --source-prefix /mnt/bak3/lzg/PipeANN-supersector32k-work/indexes/phaseC_cycle04_no_retrain_after_insert_super32k --jsonl-output /mnt/bak3/lzg/PipeANN-github/experiments/supersector32k_packing_aris_20260523/tmp/full_cycle04_no_retrain_across_cycles_range_u30_156.jsonl --insert-threads 16 --search-threads 1 --merge-threads 16 --build-l 220 --build-r 116 --beamwidth 4 --k 10 --cpu-cap 16 --metric l2 --route prefilter --search-l 250 --data-bin experiments/pq_drift_1m_aris_main_20260522/data/phaseC_cycle04_live_data_by_tag.bin --base-label-file experiments/pq_drift_1m_aris_main_20260522/labels/base_labels_1000000.spmat --query-bin /mnt/bak3/lzg/PipeANN-github/experiments/r116_suite_pq16_aris_20260520_072453/data/sift_query_1000.bin --truthset-bin experiments/pq_drift_1m_aris_main_20260522/truth/phaseC_cycle04_range_u30.bin --query-label-file /mnt/bak3/lzg/PipeANN-github/experiments/r116_suite_pq16_aris_20260520_072453/labels/query_1000_range_u30.spmat --selector-type range --query-limit 1000,98.25,,6.073192596435547,taskset -c 0-15 /mnt/bak3/lzg/PipeANN-github/build/tests/dynamic_update_suite_driver --mode measure-dynamic-search --source-prefix /mnt/bak3/lzg/PipeANN-supersector32k-work/indexes/phaseC_cycle04_no_retrain_after_insert_super32k --jsonl-output /mnt/bak3/lzg/PipeANN-github/experiments/supersector32k_packing_aris_20260523/tmp/full_cycle04_no_retrain_across_cycles_range_u30_156.jsonl --insert-threads 16 --search-threads 1 --merge-threads 16 --build-l 220 --build-r 116 --beamwidth 4 --k 10 --cpu-cap 16 --metric l2 --route prefilter --search-l 250 --data-bin experiments/pq_drift_1m_aris_main_20260522/data/phaseC_cycle04_live_data_by_tag.bin --base-label-file experiments/pq_drift_1m_aris_main_20260522/labels/base_labels_1000000.spmat --query-bin /mnt/bak3/lzg/PipeANN-github/experiments/r116_suite_pq16_aris_20260520_072453/data/sift_query_1000.bin --truthset-bin experiments/pq_drift_1m_aris_main_20260522/truth/phaseC_cycle04_range_u30.bin --query-label-file /mnt/bak3/lzg/PipeANN-github/experiments/r116_suite_pq16_aris_20260520_072453/labels/query_1000_range_u30.spmat --selector-type range --query-limit 1000,,prefilter,285656,284264,250,/mnt/bak3/lzg/PipeANN-supersector32k-work/indexes/phaseC_cycle04_no_retrain_after_insert_super32k,ok,,,,,,152038,1,0,,experiments/pq_drift_1m_aris_main_20260522/indexes/phaseC_cycle04_no_retrain_after_insert,/mnt/bak3/lzg/PipeANN-supersector32k-work/indexes/phaseC_cycle04_no_retrain_after_insert_super32k,4.482179
prefilter,6853.716621,,,,,,,,,,500000.0,,,cycle04_no_retrain_across_cycles_range_u50,300,0-15,16,True,,6.853966,0,0,,10000,0,16,supersector32k,1000000,285548,152038,500000.0,658.629,152038,measure-dynamic-search,6837.385,6880.53,7024.455,4096,full,4096,1000000,16,1000,285548,145.900934,1288,285548,/mnt/bak3/lzg/PipeANN-github/build/tests/dynamic_update_suite_driver --mode measure-dynamic-search --source-prefix /mnt/bak3/lzg/PipeANN-supersector32k-work/indexes/phaseC_cycle04_no_retrain_after_insert_super32k --jsonl-output /mnt/bak3/lzg/PipeANN-github/experiments/supersector32k_packing_aris_20260523/tmp/full_cycle04_no_retrain_across_cycles_range_u50_157.jsonl --insert-threads 16 --search-threads 1 --merge-threads 16 --build-l 220 --build-r 116 --beamwidth 4 --k 10 --cpu-cap 16 --metric l2 --route prefilter --search-l 300 --data-bin experiments/pq_drift_1m_aris_main_20260522/data/phaseC_cycle04_live_data_by_tag.bin --base-label-file experiments/pq_drift_1m_aris_main_20260522/labels/base_labels_1000000.spmat --query-bin /mnt/bak3/lzg/PipeANN-github/experiments/r116_suite_pq16_aris_20260520_072453/data/sift_query_1000.bin --truthset-bin experiments/pq_drift_1m_aris_main_20260522/truth/phaseC_cycle04_range_u50.bin --query-label-file /mnt/bak3/lzg/PipeANN-github/experiments/r116_suite_pq16_aris_20260520_072453/labels/query_1000_range_u50.spmat --selector-type range --query-limit 1000,98.58,,8.445400953292847,taskset -c 0-15 /mnt/bak3/lzg/PipeANN-github/build/tests/dynamic_update_suite_driver --mode measure-dynamic-search --source-prefix /mnt/bak3/lzg/PipeANN-supersector32k-work/indexes/phaseC_cycle04_no_retrain_after_insert_super32k --jsonl-output /mnt/bak3/lzg/PipeANN-github/experiments/supersector32k_packing_aris_20260523/tmp/full_cycle04_no_retrain_across_cycles_range_u50_157.jsonl --insert-threads 16 --search-threads 1 --merge-threads 16 --build-l 220 --build-r 116 --beamwidth 4 --k 10 --cpu-cap 16 --metric l2 --route prefilter --search-l 300 --data-bin experiments/pq_drift_1m_aris_main_20260522/data/phaseC_cycle04_live_data_by_tag.bin --base-label-file experiments/pq_drift_1m_aris_main_20260522/labels/base_labels_1000000.spmat --query-bin /mnt/bak3/lzg/PipeANN-github/experiments/r116_suite_pq16_aris_20260520_072453/data/sift_query_1000.bin --truthset-bin experiments/pq_drift_1m_aris_main_20260522/truth/phaseC_cycle04_range_u50.bin --query-label-file /mnt/bak3/lzg/PipeANN-github/experiments/r116_suite_pq16_aris_20260520_072453/labels/query_1000_range_u50.spmat --selector-type range --query-limit 1000,,prefilter,285368,284260,300,/mnt/bak3/lzg/PipeANN-supersector32k-work/indexes/phaseC_cycle04_no_retrain_after_insert_super32k,ok,,,,,,152038,1,0,,experiments/pq_drift_1m_aris_main_20260522/indexes/phaseC_cycle04_no_retrain_after_insert,/mnt/bak3/lzg/PipeANN-supersector32k-work/indexes/phaseC_cycle04_no_retrain_after_insert_super32k,6.853966
mixed,9088.304622,10507.547234,10608.196237,11179.395,98.03,10910.692,98.03,graph,470,4,750000.0,graph,400,cycle04_no_retrain_across_cycles_range_u75,400,0-15,16,True,,9.088498,0,1000,,10000,0,16,supersector32k_page_aware_slots,1000000,293648,92613,750000.0,68.853,92613,measure-dynamic-search,9027.583,9614.364,10208.057,,targeted_replacement_super32k_v3,,1000000,16,0,293648,110.029176,11132,293648,/mnt/bak3/lzg/PipeANN-github/build/tests/dynamic_update_suite_driver --mode measure-dynamic-search --source-prefix /mnt/bak3/lzg/PipeANN-supersector32k-work/indexes/phaseC_cycle04_retrain_each_cycle_super32k --jsonl-output /mnt/bak3/lzg/PipeANN-github/experiments/supersector32k_packing_aris_20260523/tmp/targeted_v3_triggered_cycle04_no_retrain_range_u75.jsonl --insert-threads 16 --search-threads 1 --merge-threads 16 --build-l 220 --build-r 116 --beamwidth 4 --k 10 --cpu-cap 16 --metric l2 --route graph --search-l 400 --data-bin experiments/pq_drift_1m_aris_main_20260522/data/phaseC_cycle04_live_data_by_tag.bin --base-label-file experiments/pq_drift_1m_aris_main_20260522/labels/base_labels_1000000.spmat --query-bin /mnt/bak3/lzg/PipeANN-github/experiments/r116_suite_pq16_aris_20260520_072453/data/sift_query_1000.bin --truthset-bin experiments/pq_drift_1m_aris_main_20260522/truth/phaseC_cycle04_range_u75.bin --query-label-file /mnt/bak3/lzg/PipeANN-github/experiments/r116_suite_pq16_aris_20260520_072453/labels/query_1000_range_u75.spmat --selector-type range --query-limit 1000,98.04,cycle04_no_retrain_across_cycles_range_u75,,,targeted_replacement_super32k_v3,graph,293648,282516,400,/mnt/bak3/lzg/PipeANN-supersector32k-work/indexes/phaseC_cycle04_retrain_each_cycle_super32k,ok,triggered_retrain_cycle04,triggered_retrain,10.755510330200195,taskset -c 0-15 /mnt/bak3/lzg/PipeANN-github/build/tests/dynamic_update_suite_driver --mode measure-dynamic-search --source-prefix /mnt/bak3/lzg/PipeANN-supersector32k-work/indexes/phaseC_cycle04_retrain_each_cycle_super32k --jsonl-output /mnt/bak3/lzg/PipeANN-github/experiments/supersector32k_packing_aris_20260523/tmp/targeted_v3_triggered_cycle04_no_retrain_range_u75.jsonl --insert-threads 16 --search-threads 1 --merge-threads 16 --build-l 220 --build-r 116 --beamwidth 4 --k 10 --cpu-cap 16 --metric l2 --route graph --search-l 400 --data-bin experiments/pq_drift_1m_aris_main_20260522/data/phaseC_cycle04_live_data_by_tag.bin --base-label-file experiments/pq_drift_1m_aris_main_20260522/labels/base_labels_1000000.spmat --query-bin /mnt/bak3/lzg/PipeANN-github/experiments/r116_suite_pq16_aris_20260520_072453/data/sift_query_1000.bin --truthset-bin experiments/pq_drift_1m_aris_main_20260522/truth/phaseC_cycle04_range_u75.bin --query-label-file /mnt/bak3/lzg/PipeANN-github/experiments/r116_suite_pq16_aris_20260520_072453/labels/query_1000_range_u75.spmat --selector-type range --query-limit 1000,0,92613,1,0,cycle04_retrain_each_cycle_range_u75,,,9.088498
mixed,8944.842199,,,,,,,,,,1000000.0,,,cycle04_no_retrain_across_cycles_range_u100,400,0-15,16,True,,8.945038,0,1000,,10000,0,16,supersector32k,1000000,297664,152038,1000000.0,62.588,152038,measure-dynamic-search,8894.41,9424.965,9859.642,4096,full,4096,1000000,16,0,297664,111.793822,13288,297664,/mnt/bak3/lzg/PipeANN-github/build/tests/dynamic_update_suite_driver --mode measure-dynamic-search --source-prefix /mnt/bak3/lzg/PipeANN-supersector32k-work/indexes/phaseC_cycle04_no_retrain_after_insert_super32k --jsonl-output /mnt/bak3/lzg/PipeANN-github/experiments/supersector32k_packing_aris_20260523/tmp/full_cycle04_no_retrain_across_cycles_range_u100_159.jsonl --insert-threads 16 --search-threads 1 --merge-threads 16 --build-l 220 --build-r 116 --beamwidth 4 --k 10 --cpu-cap 16 --metric l2 --route graph --search-l 400 --data-bin experiments/pq_drift_1m_aris_main_20260522/data/phaseC_cycle04_live_data_by_tag.bin --base-label-file experiments/pq_drift_1m_aris_main_20260522/labels/base_labels_1000000.spmat --query-bin /mnt/bak3/lzg/PipeANN-github/experiments/r116_suite_pq16_aris_20260520_072453/data/sift_query_1000.bin --truthset-bin experiments/pq_drift_1m_aris_main_20260522/truth/phaseC_cycle04_range_u100.bin --query-label-file /mnt/bak3/lzg/PipeANN-github/experiments/r116_suite_pq16_aris_20260520_072453/labels/query_1000_range_u100.spmat --selector-type range --query-limit 1000,98.15,,11.17138671875,taskset -c 0-15 /mnt/bak3/lzg/PipeANN-github/build/tests/dynamic_update_suite_driver --mode measure-dynamic-search --source-prefix /mnt/bak3/lzg/PipeANN-supersector32k-work/indexes/phaseC_cycle04_no_retrain_after_insert_super32k --jsonl-output /mnt/bak3/lzg/PipeANN-github/experiments/supersector32k_packing_aris_20260523/tmp/full_cycle04_no_retrain_across_cycles_range_u100_159.jsonl --insert-threads 16 --search-threads 1 --merge-threads 16 --build-l 220 --build-r 116 --beamwidth 4 --k 10 --cpu-cap 16 --metric l2 --route graph --search-l 400 --data-bin experiments/pq_drift_1m_aris_main_20260522/data/phaseC_cycle04_live_data_by_tag.bin --base-label-file experiments/pq_drift_1m_aris_main_20260522/labels/base_labels_1000000.spmat --query-bin /mnt/bak3/lzg/PipeANN-github/experiments/r116_suite_pq16_aris_20260520_072453/data/sift_query_1000.bin --truthset-bin experiments/pq_drift_1m_aris_main_20260522/truth/phaseC_cycle04_range_u100.bin --query-label-file /mnt/bak3/lzg/PipeANN-github/experiments/r116_suite_pq16_aris_20260520_072453/labels/query_1000_range_u100.spmat --selector-type range --query-limit 1000,,graph,297664,284376,400,/mnt/bak3/lzg/PipeANN-supersector32k-work/indexes/phaseC_cycle04_no_retrain_after_insert_super32k,ok,,,,,,152038,1,0,,experiments/pq_drift_1m_aris_main_20260522/indexes/phaseC_cycle04_no_retrain_after_insert,/mnt/bak3/lzg/PipeANN-supersector32k-work/indexes/phaseC_cycle04_no_retrain_after_insert_super32k,8.945038
prefilter,136.010961,,,,,,,,,,1000.0,,,cycle05_retrain_each_cycle_intersect_u1e-03,50,0-15,16,True,,0.136076,0,0,,10000,0,16,supersector32k,1000000,281604,157582,1000.0,50.89,157582,measure-dynamic-search,134.512,144.193,152.497,4096,full,4096,1000000,16,1000,281604,7348.849002,984,281604,/mnt/bak3/lzg/PipeANN-github/build/tests/dynamic_update_suite_driver --mode measure-dynamic-search --source-prefix /mnt/bak3/lzg/PipeANN-supersector32k-work/indexes/phaseC_cycle05_retrain_each_cycle_super32k --jsonl-output /mnt/bak3/lzg/PipeANN-github/experiments/supersector32k_packing_aris_20260523/tmp/full_cycle05_retrain_each_cycle_intersect_u1e-03_160.jsonl --insert-threads 16 --search-threads 1 --merge-threads 16 --build-l 220 --build-r 116 --beamwidth 4 --k 10 --cpu-cap 16 --metric l2 --route prefilter --search-l 50 --data-bin experiments/pq_drift_1m_aris_main_20260522/data/phaseC_cycle05_live_data_by_tag.bin --base-label-file experiments/pq_drift_1m_aris_main_20260522/labels/base_labels_1000000.spmat --query-bin /mnt/bak3/lzg/PipeANN-github/experiments/r116_suite_pq16_aris_20260520_072453/data/sift_query_1000.bin --truthset-bin experiments/pq_drift_1m_aris_main_20260522/truth/phaseC_cycle05_intersect_u1e-03.bin --query-label-file /mnt/bak3/lzg/PipeANN-github/experiments/r116_suite_pq16_aris_20260520_072453/labels/query_1000_u1e-03.spmat --selector-type intersect --query-limit 1000,99.97,,1.285121202468872,taskset -c 0-15 /mnt/bak3/lzg/PipeANN-github/build/tests/dynamic_update_suite_driver --mode measure-dynamic-search --source-prefix /mnt/bak3/lzg/PipeANN-supersector32k-work/indexes/phaseC_cycle05_retrain_each_cycle_super32k --jsonl-output /mnt/bak3/lzg/PipeANN-github/experiments/supersector32k_packing_aris_20260523/tmp/full_cycle05_retrain_each_cycle_intersect_u1e-03_160.jsonl --insert-threads 16 --search-threads 1 --merge-threads 16 --build-l 220 --build-r 116 --beamwidth 4 --k 10 --cpu-cap 16 --metric l2 --route prefilter --search-l 50 --data-bin experiments/pq_drift_1m_aris_main_20260522/data/phaseC_cycle05_live_data_by_tag.bin --base-label-file experiments/pq_drift_1m_aris_main_20260522/labels/base_labels_1000000.spmat --query-bin /mnt/bak3/lzg/PipeANN-github/experiments/r116_suite_pq16_aris_20260520_072453/data/sift_query_1000.bin --truthset-bin experiments/pq_drift_1m_aris_main_20260522/truth/phaseC_cycle05_intersect_u1e-03.bin --query-label-file /mnt/bak3/lzg/PipeANN-github/experiments/r116_suite_pq16_aris_20260520_072453/labels/query_1000_u1e-03.spmat --selector-type intersect --query-limit 1000,,prefilter,281604,280620,50,/mnt/bak3/lzg/PipeANN-supersector32k-work/indexes/phaseC_cycle05_retrain_each_cycle_super32k,ok,,,,,,157582,1,0,,experiments/pq_drift_1m_aris_main_20260522/indexes/phaseC_cycle05_retrain_each_cycle,/mnt/bak3/lzg/PipeANN-supersector32k-work/indexes/phaseC_cycle05_retrain_each_cycle_super32k,0.136076
prefilter,173.884459,,,,,,,,,,3000.0,,,cycle05_retrain_each_cycle_intersect_u3e-03,50,0-15,16,True,,0.173951,0,0,,10000,0,16,supersector32k,1000000,281592,157582,3000.0,51.28,157582,measure-dynamic-search,172.364,183.609,205.553,4096,full,4096,1000000,16,1000,281592,5748.750558,984,281592,/mnt/bak3/lzg/PipeANN-github/build/tests/dynamic_update_suite_driver --mode measure-dynamic-search --source-prefix /mnt/bak3/lzg/PipeANN-supersector32k-work/indexes/phaseC_cycle05_retrain_each_cycle_super32k --jsonl-output /mnt/bak3/lzg/PipeANN-github/experiments/supersector32k_packing_aris_20260523/tmp/full_cycle05_retrain_each_cycle_intersect_u3e-03_161.jsonl --insert-threads 16 --search-threads 1 --merge-threads 16 --build-l 220 --build-r 116 --beamwidth 4 --k 10 --cpu-cap 16 --metric l2 --route prefilter --search-l 50 --data-bin experiments/pq_drift_1m_aris_main_20260522/data/phaseC_cycle05_live_data_by_tag.bin --base-label-file experiments/pq_drift_1m_aris_main_20260522/labels/base_labels_1000000.spmat --query-bin /mnt/bak3/lzg/PipeANN-github/experiments/r116_suite_pq16_aris_20260520_072453/data/sift_query_1000.bin --truthset-bin experiments/pq_drift_1m_aris_main_20260522/truth/phaseC_cycle05_intersect_u3e-03.bin --query-label-file /mnt/bak3/lzg/PipeANN-github/experiments/r116_suite_pq16_aris_20260520_072453/labels/query_1000_u3e-03.spmat --selector-type intersect --query-limit 1000,99.83,,1.2951531410217285,taskset -c 0-15 /mnt/bak3/lzg/PipeANN-github/build/tests/dynamic_update_suite_driver --mode measure-dynamic-search --source-prefix /mnt/bak3/lzg/PipeANN-supersector32k-work/indexes/phaseC_cycle05_retrain_each_cycle_super32k --jsonl-output /mnt/bak3/lzg/PipeANN-github/experiments/supersector32k_packing_aris_20260523/tmp/full_cycle05_retrain_each_cycle_intersect_u3e-03_161.jsonl --insert-threads 16 --search-threads 1 --merge-threads 16 --build-l 220 --build-r 116 --beamwidth 4 --k 10 --cpu-cap 16 --metric l2 --route prefilter --search-l 50 --data-bin experiments/pq_drift_1m_aris_main_20260522/data/phaseC_cycle05_live_data_by_tag.bin --base-label-file experiments/pq_drift_1m_aris_main_20260522/labels/base_labels_1000000.spmat --query-bin /mnt/bak3/lzg/PipeANN-github/experiments/r116_suite_pq16_aris_20260520_072453/data/sift_query_1000.bin --truthset-bin experiments/pq_drift_1m_aris_main_20260522/truth/phaseC_cycle05_intersect_u3e-03.bin --query-label-file /mnt/bak3/lzg/PipeANN-github/experiments/r116_suite_pq16_aris_20260520_072453/labels/query_1000_u3e-03.spmat --selector-type intersect --query-limit 1000,,prefilter,281592,280608,50,/mnt/bak3/lzg/PipeANN-supersector32k-work/indexes/phaseC_cycle05_retrain_each_cycle_super32k,ok,,,,,,157582,1,0,,experiments/pq_drift_1m_aris_main_20260522/indexes/phaseC_cycle05_retrain_each_cycle,/mnt/bak3/lzg/PipeANN-supersector32k-work/indexes/phaseC_cycle05_retrain_each_cycle_super32k,0.173951
prefilter,312.549481,,,,,,,,,,10000.0,,,cycle05_retrain_each_cycle_intersect_u1e-02,75,0-15,16,True,,0.312645,0,0,,10000,0,16,supersector32k,1000000,281600,157582,10000.0,60.593,157582,measure-dynamic-search,310.672,328.207,359.787,4096,full,4096,1000000,16,1000,281600,3198.512942,984,281600,/mnt/bak3/lzg/PipeANN-github/build/tests/dynamic_update_suite_driver --mode measure-dynamic-search --source-prefix /mnt/bak3/lzg/PipeANN-supersector32k-work/indexes/phaseC_cycle05_retrain_each_cycle_super32k --jsonl-output /mnt/bak3/lzg/PipeANN-github/experiments/supersector32k_packing_aris_20260523/tmp/full_cycle05_retrain_each_cycle_intersect_u1e-02_162.jsonl --insert-threads 16 --search-threads 1 --merge-threads 16 --build-l 220 --build-r 116 --beamwidth 4 --k 10 --cpu-cap 16 --metric l2 --route prefilter --search-l 75 --data-bin experiments/pq_drift_1m_aris_main_20260522/data/phaseC_cycle05_live_data_by_tag.bin --base-label-file experiments/pq_drift_1m_aris_main_20260522/labels/base_labels_1000000.spmat --query-bin /mnt/bak3/lzg/PipeANN-github/experiments/r116_suite_pq16_aris_20260520_072453/data/sift_query_1000.bin --truthset-bin experiments/pq_drift_1m_aris_main_20260522/truth/phaseC_cycle05_intersect_u1e-02.bin --query-label-file /mnt/bak3/lzg/PipeANN-github/experiments/r116_suite_pq16_aris_20260520_072453/labels/query_1000_u1e-02.spmat --selector-type intersect --query-limit 1000,99.6,,1.5448501110076904,taskset -c 0-15 /mnt/bak3/lzg/PipeANN-github/build/tests/dynamic_update_suite_driver --mode measure-dynamic-search --source-prefix /mnt/bak3/lzg/PipeANN-supersector32k-work/indexes/phaseC_cycle05_retrain_each_cycle_super32k --jsonl-output /mnt/bak3/lzg/PipeANN-github/experiments/supersector32k_packing_aris_20260523/tmp/full_cycle05_retrain_each_cycle_intersect_u1e-02_162.jsonl --insert-threads 16 --search-threads 1 --merge-threads 16 --build-l 220 --build-r 116 --beamwidth 4 --k 10 --cpu-cap 16 --metric l2 --route prefilter --search-l 75 --data-bin experiments/pq_drift_1m_aris_main_20260522/data/phaseC_cycle05_live_data_by_tag.bin --base-label-file experiments/pq_drift_1m_aris_main_20260522/labels/base_labels_1000000.spmat --query-bin /mnt/bak3/lzg/PipeANN-github/experiments/r116_suite_pq16_aris_20260520_072453/data/sift_query_1000.bin --truthset-bin experiments/pq_drift_1m_aris_main_20260522/truth/phaseC_cycle05_intersect_u1e-02.bin --query-label-file /mnt/bak3/lzg/PipeANN-github/experiments/r116_suite_pq16_aris_20260520_072453/labels/query_1000_u1e-02.spmat --selector-type intersect --query-limit 1000,,prefilter,281600,280616,75,/mnt/bak3/lzg/PipeANN-supersector32k-work/indexes/phaseC_cycle05_retrain_each_cycle_super32k,ok,,,,,,157582,1,0,,experiments/pq_drift_1m_aris_main_20260522/indexes/phaseC_cycle05_retrain_each_cycle,/mnt/bak3/lzg/PipeANN-supersector32k-work/indexes/phaseC_cycle05_retrain_each_cycle_super32k,0.312645
prefilter,909.441922,,,,,,,,,,50000.0,,,cycle05_retrain_each_cycle_intersect_u5e-02,75,0-15,16,True,,0.909565,0,0,,10000,0,16,supersector32k,1000000,281752,157582,50000.0,102.743,157582,measure-dynamic-search,908.852,990.993,1039.965,4096,full,4096,1000000,16,1000,281752,1099.426995,1104,281752,/mnt/bak3/lzg/PipeANN-github/build/tests/dynamic_update_suite_driver --mode measure-dynamic-search --source-prefix /mnt/bak3/lzg/PipeANN-supersector32k-work/indexes/phaseC_cycle05_retrain_each_cycle_super32k --jsonl-output /mnt/bak3/lzg/PipeANN-github/experiments/supersector32k_packing_aris_20260523/tmp/full_cycle05_retrain_each_cycle_intersect_u5e-02_163.jsonl --insert-threads 16 --search-threads 1 --merge-threads 16 --build-l 220 --build-r 116 --beamwidth 4 --k 10 --cpu-cap 16 --metric l2 --route prefilter --search-l 75 --data-bin experiments/pq_drift_1m_aris_main_20260522/data/phaseC_cycle05_live_data_by_tag.bin --base-label-file experiments/pq_drift_1m_aris_main_20260522/labels/base_labels_1000000.spmat --query-bin /mnt/bak3/lzg/PipeANN-github/experiments/r116_suite_pq16_aris_20260520_072453/data/sift_query_1000.bin --truthset-bin experiments/pq_drift_1m_aris_main_20260522/truth/phaseC_cycle05_intersect_u5e-02.bin --query-label-file /mnt/bak3/lzg/PipeANN-github/experiments/r116_suite_pq16_aris_20260520_072453/labels/query_1000_u5e-02.spmat --selector-type intersect --query-limit 1000,99.29,,2.218261241912842,taskset -c 0-15 /mnt/bak3/lzg/PipeANN-github/build/tests/dynamic_update_suite_driver --mode measure-dynamic-search --source-prefix /mnt/bak3/lzg/PipeANN-supersector32k-work/indexes/phaseC_cycle05_retrain_each_cycle_super32k --jsonl-output /mnt/bak3/lzg/PipeANN-github/experiments/supersector32k_packing_aris_20260523/tmp/full_cycle05_retrain_each_cycle_intersect_u5e-02_163.jsonl --insert-threads 16 --search-threads 1 --merge-threads 16 --build-l 220 --build-r 116 --beamwidth 4 --k 10 --cpu-cap 16 --metric l2 --route prefilter --search-l 75 --data-bin experiments/pq_drift_1m_aris_main_20260522/data/phaseC_cycle05_live_data_by_tag.bin --base-label-file experiments/pq_drift_1m_aris_main_20260522/labels/base_labels_1000000.spmat --query-bin /mnt/bak3/lzg/PipeANN-github/experiments/r116_suite_pq16_aris_20260520_072453/data/sift_query_1000.bin --truthset-bin experiments/pq_drift_1m_aris_main_20260522/truth/phaseC_cycle05_intersect_u5e-02.bin --query-label-file /mnt/bak3/lzg/PipeANN-github/experiments/r116_suite_pq16_aris_20260520_072453/labels/query_1000_u5e-02.spmat --selector-type intersect --query-limit 1000,,prefilter,281752,280648,75,/mnt/bak3/lzg/PipeANN-supersector32k-work/indexes/phaseC_cycle05_retrain_each_cycle_super32k,ok,,,,,,157582,1,0,,experiments/pq_drift_1m_aris_main_20260522/indexes/phaseC_cycle05_retrain_each_cycle,/mnt/bak3/lzg/PipeANN-supersector32k-work/indexes/phaseC_cycle05_retrain_each_cycle_super32k,0.909565
prefilter,1613.745104,,,,,,,,,,100000.0,,,cycle05_retrain_each_cycle_intersect_u1e-01,50,0-15,16,True,,1.613872,0,0,,10000,0,16,supersector32k,1000000,281764,157582,100000.0,151.658,157582,measure-dynamic-search,1561.725,1795.761,1810.272,4096,full,4096,1000000,16,1000,281764,619.627746,1028,281764,/mnt/bak3/lzg/PipeANN-github/build/tests/dynamic_update_suite_driver --mode measure-dynamic-search --source-prefix /mnt/bak3/lzg/PipeANN-supersector32k-work/indexes/phaseC_cycle05_retrain_each_cycle_super32k --jsonl-output /mnt/bak3/lzg/PipeANN-github/experiments/supersector32k_packing_aris_20260523/tmp/full_cycle05_retrain_each_cycle_intersect_u1e-01_164.jsonl --insert-threads 16 --search-threads 1 --merge-threads 16 --build-l 220 --build-r 116 --beamwidth 4 --k 10 --cpu-cap 16 --metric l2 --route prefilter --search-l 50 --data-bin experiments/pq_drift_1m_aris_main_20260522/data/phaseC_cycle05_live_data_by_tag.bin --base-label-file experiments/pq_drift_1m_aris_main_20260522/labels/base_labels_1000000.spmat --query-bin /mnt/bak3/lzg/PipeANN-github/experiments/r116_suite_pq16_aris_20260520_072453/data/sift_query_1000.bin --truthset-bin experiments/pq_drift_1m_aris_main_20260522/truth/phaseC_cycle05_intersect_u1e-01.bin --query-label-file /mnt/bak3/lzg/PipeANN-github/experiments/r116_suite_pq16_aris_20260520_072453/labels/query_1000_u1e-01.spmat --selector-type intersect --query-limit 1000,98.87,,2.875248670578003,taskset -c 0-15 /mnt/bak3/lzg/PipeANN-github/build/tests/dynamic_update_suite_driver --mode measure-dynamic-search --source-prefix /mnt/bak3/lzg/PipeANN-supersector32k-work/indexes/phaseC_cycle05_retrain_each_cycle_super32k --jsonl-output /mnt/bak3/lzg/PipeANN-github/experiments/supersector32k_packing_aris_20260523/tmp/full_cycle05_retrain_each_cycle_intersect_u1e-01_164.jsonl --insert-threads 16 --search-threads 1 --merge-threads 16 --build-l 220 --build-r 116 --beamwidth 4 --k 10 --cpu-cap 16 --metric l2 --route prefilter --search-l 50 --data-bin experiments/pq_drift_1m_aris_main_20260522/data/phaseC_cycle05_live_data_by_tag.bin --base-label-file experiments/pq_drift_1m_aris_main_20260522/labels/base_labels_1000000.spmat --query-bin /mnt/bak3/lzg/PipeANN-github/experiments/r116_suite_pq16_aris_20260520_072453/data/sift_query_1000.bin --truthset-bin experiments/pq_drift_1m_aris_main_20260522/truth/phaseC_cycle05_intersect_u1e-01.bin --query-label-file /mnt/bak3/lzg/PipeANN-github/experiments/r116_suite_pq16_aris_20260520_072453/labels/query_1000_u1e-01.spmat --selector-type intersect --query-limit 1000,,prefilter,281764,280736,50,/mnt/bak3/lzg/PipeANN-supersector32k-work/indexes/phaseC_cycle05_retrain_each_cycle_super32k,ok,,,,,,157582,1,0,,experiments/pq_drift_1m_aris_main_20260522/indexes/phaseC_cycle05_retrain_each_cycle,/mnt/bak3/lzg/PipeANN-supersector32k-work/indexes/phaseC_cycle05_retrain_each_cycle_super32k,1.613872
prefilter,3550.052268,,,,,,,,,,250000.0,,,cycle05_retrain_each_cycle_intersect_u25,200,0-15,16,True,,3.550184,0,0,,10000,0,16,supersector32k,1000000,281724,157582,250000.0,310.527,157582,measure-dynamic-search,3490.057,3724.373,3762.602,4096,full,4096,1000000,16,1000,281724,281.675503,1016,281724,/mnt/bak3/lzg/PipeANN-github/build/tests/dynamic_update_suite_driver --mode measure-dynamic-search --source-prefix /mnt/bak3/lzg/PipeANN-supersector32k-work/indexes/phaseC_cycle05_retrain_each_cycle_super32k --jsonl-output /mnt/bak3/lzg/PipeANN-github/experiments/supersector32k_packing_aris_20260523/tmp/full_cycle05_retrain_each_cycle_intersect_u25_165.jsonl --insert-threads 16 --search-threads 1 --merge-threads 16 --build-l 220 --build-r 116 --beamwidth 4 --k 10 --cpu-cap 16 --metric l2 --route prefilter --search-l 200 --data-bin experiments/pq_drift_1m_aris_main_20260522/data/phaseC_cycle05_live_data_by_tag.bin --base-label-file experiments/pq_drift_1m_aris_main_20260522/labels/base_labels_1000000.spmat --query-bin /mnt/bak3/lzg/PipeANN-github/experiments/r116_suite_pq16_aris_20260520_072453/data/sift_query_1000.bin --truthset-bin experiments/pq_drift_1m_aris_main_20260522/truth/phaseC_cycle05_intersect_u25.bin --query-label-file /mnt/bak3/lzg/PipeANN-github/experiments/r116_suite_pq16_aris_20260520_072453/labels/query_1000_u25.spmat --selector-type intersect --query-limit 1000,98.06,,4.6777424812316895,taskset -c 0-15 /mnt/bak3/lzg/PipeANN-github/build/tests/dynamic_update_suite_driver --mode measure-dynamic-search --source-prefix /mnt/bak3/lzg/PipeANN-supersector32k-work/indexes/phaseC_cycle05_retrain_each_cycle_super32k --jsonl-output /mnt/bak3/lzg/PipeANN-github/experiments/supersector32k_packing_aris_20260523/tmp/full_cycle05_retrain_each_cycle_intersect_u25_165.jsonl --insert-threads 16 --search-threads 1 --merge-threads 16 --build-l 220 --build-r 116 --beamwidth 4 --k 10 --cpu-cap 16 --metric l2 --route prefilter --search-l 200 --data-bin experiments/pq_drift_1m_aris_main_20260522/data/phaseC_cycle05_live_data_by_tag.bin --base-label-file experiments/pq_drift_1m_aris_main_20260522/labels/base_labels_1000000.spmat --query-bin /mnt/bak3/lzg/PipeANN-github/experiments/r116_suite_pq16_aris_20260520_072453/data/sift_query_1000.bin --truthset-bin experiments/pq_drift_1m_aris_main_20260522/truth/phaseC_cycle05_intersect_u25.bin --query-label-file /mnt/bak3/lzg/PipeANN-github/experiments/r116_suite_pq16_aris_20260520_072453/labels/query_1000_u25.spmat --selector-type intersect --query-limit 1000,,prefilter,257416,280708,200,/mnt/bak3/lzg/PipeANN-supersector32k-work/indexes/phaseC_cycle05_retrain_each_cycle_super32k,ok,,,,,,157582,1,0,,experiments/pq_drift_1m_aris_main_20260522/indexes/phaseC_cycle05_retrain_each_cycle,/mnt/bak3/lzg/PipeANN-supersector32k-work/indexes/phaseC_cycle05_retrain_each_cycle_super32k,3.550184
prefilter,4270.743829,,,,,,,,,,300000.0,,,cycle05_retrain_each_cycle_intersect_u30,250,0-15,16,True,,4.270936,0,0,,10000,0,16,supersector32k,1000000,283816,157582,300000.0,361.103,157582,measure-dynamic-search,4220.205,4454.394,4571.629,4096,full,4096,1000000,16,1000,283816,234.140713,1412,283816,/mnt/bak3/lzg/PipeANN-github/build/tests/dynamic_update_suite_driver --mode measure-dynamic-search --source-prefix /mnt/bak3/lzg/PipeANN-supersector32k-work/indexes/phaseC_cycle05_retrain_each_cycle_super32k --jsonl-output /mnt/bak3/lzg/PipeANN-github/experiments/supersector32k_packing_aris_20260523/tmp/full_cycle05_retrain_each_cycle_intersect_u30_166.jsonl --insert-threads 16 --search-threads 1 --merge-threads 16 --build-l 220 --build-r 116 --beamwidth 4 --k 10 --cpu-cap 16 --metric l2 --route prefilter --search-l 250 --data-bin experiments/pq_drift_1m_aris_main_20260522/data/phaseC_cycle05_live_data_by_tag.bin --base-label-file experiments/pq_drift_1m_aris_main_20260522/labels/base_labels_1000000.spmat --query-bin /mnt/bak3/lzg/PipeANN-github/experiments/r116_suite_pq16_aris_20260520_072453/data/sift_query_1000.bin --truthset-bin experiments/pq_drift_1m_aris_main_20260522/truth/phaseC_cycle05_intersect_u30.bin --query-label-file /mnt/bak3/lzg/PipeANN-github/experiments/r116_suite_pq16_aris_20260520_072453/labels/query_1000_u30.spmat --selector-type intersect --query-limit 1000,98.72,,5.453580141067505,taskset -c 0-15 /mnt/bak3/lzg/PipeANN-github/build/tests/dynamic_update_suite_driver --mode measure-dynamic-search --source-prefix /mnt/bak3/lzg/PipeANN-supersector32k-work/indexes/phaseC_cycle05_retrain_each_cycle_super32k --jsonl-output /mnt/bak3/lzg/PipeANN-github/experiments/supersector32k_packing_aris_20260523/tmp/full_cycle05_retrain_each_cycle_intersect_u30_166.jsonl --insert-threads 16 --search-threads 1 --merge-threads 16 --build-l 220 --build-r 116 --beamwidth 4 --k 10 --cpu-cap 16 --metric l2 --route prefilter --search-l 250 --data-bin experiments/pq_drift_1m_aris_main_20260522/data/phaseC_cycle05_live_data_by_tag.bin --base-label-file experiments/pq_drift_1m_aris_main_20260522/labels/base_labels_1000000.spmat --query-bin /mnt/bak3/lzg/PipeANN-github/experiments/r116_suite_pq16_aris_20260520_072453/data/sift_query_1000.bin --truthset-bin experiments/pq_drift_1m_aris_main_20260522/truth/phaseC_cycle05_intersect_u30.bin --query-label-file /mnt/bak3/lzg/PipeANN-github/experiments/r116_suite_pq16_aris_20260520_072453/labels/query_1000_u30.spmat --selector-type intersect --query-limit 1000,,prefilter,283816,282404,250,/mnt/bak3/lzg/PipeANN-supersector32k-work/indexes/phaseC_cycle05_retrain_each_cycle_super32k,ok,,,,,,157582,1,0,,experiments/pq_drift_1m_aris_main_20260522/indexes/phaseC_cycle05_retrain_each_cycle,/mnt/bak3/lzg/PipeANN-supersector32k-work/indexes/phaseC_cycle05_retrain_each_cycle_super32k,4.270936
prefilter,6790.008309,,,,,,,,,,500000.0,,,cycle05_retrain_each_cycle_intersect_u50,300,0-15,16,True,,6.790209,0,0,,10000,0,16,supersector32k,1000000,283688,157582,500000.0,578.22,157582,measure-dynamic-search,6732.893,6965.516,7031.707,4096,full,4096,1000000,16,1000,283688,147.270868,1020,283688,/mnt/bak3/lzg/PipeANN-github/build/tests/dynamic_update_suite_driver --mode measure-dynamic-search --source-prefix /mnt/bak3/lzg/PipeANN-supersector32k-work/indexes/phaseC_cycle05_retrain_each_cycle_super32k --jsonl-output /mnt/bak3/lzg/PipeANN-github/experiments/supersector32k_packing_aris_20260523/tmp/full_cycle05_retrain_each_cycle_intersect_u50_167.jsonl --insert-threads 16 --search-threads 1 --merge-threads 16 --build-l 220 --build-r 116 --beamwidth 4 --k 10 --cpu-cap 16 --metric l2 --route prefilter --search-l 300 --data-bin experiments/pq_drift_1m_aris_main_20260522/data/phaseC_cycle05_live_data_by_tag.bin --base-label-file experiments/pq_drift_1m_aris_main_20260522/labels/base_labels_1000000.spmat --query-bin /mnt/bak3/lzg/PipeANN-github/experiments/r116_suite_pq16_aris_20260520_072453/data/sift_query_1000.bin --truthset-bin experiments/pq_drift_1m_aris_main_20260522/truth/phaseC_cycle05_intersect_u50.bin --query-label-file /mnt/bak3/lzg/PipeANN-github/experiments/r116_suite_pq16_aris_20260520_072453/labels/query_1000_u50.spmat --selector-type intersect --query-limit 1000,98.35,,8.003799438476562,taskset -c 0-15 /mnt/bak3/lzg/PipeANN-github/build/tests/dynamic_update_suite_driver --mode measure-dynamic-search --source-prefix /mnt/bak3/lzg/PipeANN-supersector32k-work/indexes/phaseC_cycle05_retrain_each_cycle_super32k --jsonl-output /mnt/bak3/lzg/PipeANN-github/experiments/supersector32k_packing_aris_20260523/tmp/full_cycle05_retrain_each_cycle_intersect_u50_167.jsonl --insert-threads 16 --search-threads 1 --merge-threads 16 --build-l 220 --build-r 116 --beamwidth 4 --k 10 --cpu-cap 16 --metric l2 --route prefilter --search-l 300 --data-bin experiments/pq_drift_1m_aris_main_20260522/data/phaseC_cycle05_live_data_by_tag.bin --base-label-file experiments/pq_drift_1m_aris_main_20260522/labels/base_labels_1000000.spmat --query-bin /mnt/bak3/lzg/PipeANN-github/experiments/r116_suite_pq16_aris_20260520_072453/data/sift_query_1000.bin --truthset-bin experiments/pq_drift_1m_aris_main_20260522/truth/phaseC_cycle05_intersect_u50.bin --query-label-file /mnt/bak3/lzg/PipeANN-github/experiments/r116_suite_pq16_aris_20260520_072453/labels/query_1000_u50.spmat --selector-type intersect --query-limit 1000,,prefilter,283628,282668,300,/mnt/bak3/lzg/PipeANN-supersector32k-work/indexes/phaseC_cycle05_retrain_each_cycle_super32k,ok,,,,,,157582,1,0,,experiments/pq_drift_1m_aris_main_20260522/indexes/phaseC_cycle05_retrain_each_cycle,/mnt/bak3/lzg/PipeANN-supersector32k-work/indexes/phaseC_cycle05_retrain_each_cycle_super32k,6.790209
graph,8827.060419,,,,,,,,,,750000.0,,,cycle05_retrain_each_cycle_intersect_u75,400,0-15,16,True,,8.827244,0,0,,10000,1000,16,supersector32k,1000000,292032,157582,750000.0,16.441,157582,measure-dynamic-search,8828.887,9155.633,9395.279,4096,full,4096,1000000,16,0,292032,113.285645,11444,292032,/mnt/bak3/lzg/PipeANN-github/build/tests/dynamic_update_suite_driver --mode measure-dynamic-search --source-prefix /mnt/bak3/lzg/PipeANN-supersector32k-work/indexes/phaseC_cycle05_retrain_each_cycle_super32k --jsonl-output /mnt/bak3/lzg/PipeANN-github/experiments/supersector32k_packing_aris_20260523/tmp/full_cycle05_retrain_each_cycle_intersect_u75_168.jsonl --insert-threads 16 --search-threads 1 --merge-threads 16 --build-l 220 --build-r 116 --beamwidth 4 --k 10 --cpu-cap 16 --metric l2 --route graph --search-l 400 --data-bin experiments/pq_drift_1m_aris_main_20260522/data/phaseC_cycle05_live_data_by_tag.bin --base-label-file experiments/pq_drift_1m_aris_main_20260522/labels/base_labels_1000000.spmat --query-bin /mnt/bak3/lzg/PipeANN-github/experiments/r116_suite_pq16_aris_20260520_072453/data/sift_query_1000.bin --truthset-bin experiments/pq_drift_1m_aris_main_20260522/truth/phaseC_cycle05_intersect_u75.bin --query-label-file /mnt/bak3/lzg/PipeANN-github/experiments/r116_suite_pq16_aris_20260520_072453/labels/query_1000_u75.spmat --selector-type intersect --query-limit 1000,98.31,,10.003083229064941,taskset -c 0-15 /mnt/bak3/lzg/PipeANN-github/build/tests/dynamic_update_suite_driver --mode measure-dynamic-search --source-prefix /mnt/bak3/lzg/PipeANN-supersector32k-work/indexes/phaseC_cycle05_retrain_each_cycle_super32k --jsonl-output /mnt/bak3/lzg/PipeANN-github/experiments/supersector32k_packing_aris_20260523/tmp/full_cycle05_retrain_each_cycle_intersect_u75_168.jsonl --insert-threads 16 --search-threads 1 --merge-threads 16 --build-l 220 --build-r 116 --beamwidth 4 --k 10 --cpu-cap 16 --metric l2 --route graph --search-l 400 --data-bin experiments/pq_drift_1m_aris_main_20260522/data/phaseC_cycle05_live_data_by_tag.bin --base-label-file experiments/pq_drift_1m_aris_main_20260522/labels/base_labels_1000000.spmat --query-bin /mnt/bak3/lzg/PipeANN-github/experiments/r116_suite_pq16_aris_20260520_072453/data/sift_query_1000.bin --truthset-bin experiments/pq_drift_1m_aris_main_20260522/truth/phaseC_cycle05_intersect_u75.bin --query-label-file /mnt/bak3/lzg/PipeANN-github/experiments/r116_suite_pq16_aris_20260520_072453/labels/query_1000_u75.spmat --selector-type intersect --query-limit 1000,,graph,292032,280588,400,/mnt/bak3/lzg/PipeANN-supersector32k-work/indexes/phaseC_cycle05_retrain_each_cycle_super32k,ok,,,,,,157582,1,0,,experiments/pq_drift_1m_aris_main_20260522/indexes/phaseC_cycle05_retrain_each_cycle,/mnt/bak3/lzg/PipeANN-supersector32k-work/indexes/phaseC_cycle05_retrain_each_cycle_super32k,8.827244
graph,6736.456564,,,,,,,,,,1000000.0,,,cycle05_retrain_each_cycle_intersect_u100,300,0-15,16,True,,6.736685,0,0,,10000,1000,16,supersector32k,1000000,294680,157582,1000000.0,15.785,157582,measure-dynamic-search,6726.18,7045.82,7220.969,4096,full,4096,1000000,16,0,294680,148.440966,14088,294680,/mnt/bak3/lzg/PipeANN-github/build/tests/dynamic_update_suite_driver --mode measure-dynamic-search --source-prefix /mnt/bak3/lzg/PipeANN-supersector32k-work/indexes/phaseC_cycle05_retrain_each_cycle_super32k --jsonl-output /mnt/bak3/lzg/PipeANN-github/experiments/supersector32k_packing_aris_20260523/tmp/full_cycle05_retrain_each_cycle_intersect_u100_169.jsonl --insert-threads 16 --search-threads 1 --merge-threads 16 --build-l 220 --build-r 116 --beamwidth 4 --k 10 --cpu-cap 16 --metric l2 --route graph --search-l 300 --data-bin experiments/pq_drift_1m_aris_main_20260522/data/phaseC_cycle05_live_data_by_tag.bin --base-label-file experiments/pq_drift_1m_aris_main_20260522/labels/base_labels_1000000.spmat --query-bin /mnt/bak3/lzg/PipeANN-github/experiments/r116_suite_pq16_aris_20260520_072453/data/sift_query_1000.bin --truthset-bin experiments/pq_drift_1m_aris_main_20260522/truth/phaseC_cycle05_intersect_u100.bin --query-label-file /mnt/bak3/lzg/PipeANN-github/experiments/r116_suite_pq16_aris_20260520_072453/labels/query_1000_u100.spmat --selector-type intersect --query-limit 1000,98.13,,7.8808794021606445,taskset -c 0-15 /mnt/bak3/lzg/PipeANN-github/build/tests/dynamic_update_suite_driver --mode measure-dynamic-search --source-prefix /mnt/bak3/lzg/PipeANN-supersector32k-work/indexes/phaseC_cycle05_retrain_each_cycle_super32k --jsonl-output /mnt/bak3/lzg/PipeANN-github/experiments/supersector32k_packing_aris_20260523/tmp/full_cycle05_retrain_each_cycle_intersect_u100_169.jsonl --insert-threads 16 --search-threads 1 --merge-threads 16 --build-l 220 --build-r 116 --beamwidth 4 --k 10 --cpu-cap 16 --metric l2 --route graph --search-l 300 --data-bin experiments/pq_drift_1m_aris_main_20260522/data/phaseC_cycle05_live_data_by_tag.bin --base-label-file experiments/pq_drift_1m_aris_main_20260522/labels/base_labels_1000000.spmat --query-bin /mnt/bak3/lzg/PipeANN-github/experiments/r116_suite_pq16_aris_20260520_072453/data/sift_query_1000.bin --truthset-bin experiments/pq_drift_1m_aris_main_20260522/truth/phaseC_cycle05_intersect_u100.bin --query-label-file /mnt/bak3/lzg/PipeANN-github/experiments/r116_suite_pq16_aris_20260520_072453/labels/query_1000_u100.spmat --selector-type intersect --query-limit 1000,,graph,294680,280592,300,/mnt/bak3/lzg/PipeANN-supersector32k-work/indexes/phaseC_cycle05_retrain_each_cycle_super32k,ok,,,,,,157582,1,0,,experiments/pq_drift_1m_aris_main_20260522/indexes/phaseC_cycle05_retrain_each_cycle,/mnt/bak3/lzg/PipeANN-supersector32k-work/indexes/phaseC_cycle05_retrain_each_cycle_super32k,6.736685
prefilter,136.416686,,,,,,,,,,1000.0,,,cycle05_retrain_each_cycle_range_u1e-03,75,0-15,16,True,,0.136475,0,0,,10000,0,16,supersector32k,1000000,281716,157582,1000.0,49.658,157582,measure-dynamic-search,134.964,145.742,153.903,4096,full,4096,1000000,16,1000,281716,7327.361573,1112,281716,/mnt/bak3/lzg/PipeANN-github/build/tests/dynamic_update_suite_driver --mode measure-dynamic-search --source-prefix /mnt/bak3/lzg/PipeANN-supersector32k-work/indexes/phaseC_cycle05_retrain_each_cycle_super32k --jsonl-output /mnt/bak3/lzg/PipeANN-github/experiments/supersector32k_packing_aris_20260523/tmp/full_cycle05_retrain_each_cycle_range_u1e-03_170.jsonl --insert-threads 16 --search-threads 1 --merge-threads 16 --build-l 220 --build-r 116 --beamwidth 4 --k 10 --cpu-cap 16 --metric l2 --route prefilter --search-l 75 --data-bin experiments/pq_drift_1m_aris_main_20260522/data/phaseC_cycle05_live_data_by_tag.bin --base-label-file experiments/pq_drift_1m_aris_main_20260522/labels/base_labels_1000000.spmat --query-bin /mnt/bak3/lzg/PipeANN-github/experiments/r116_suite_pq16_aris_20260520_072453/data/sift_query_1000.bin --truthset-bin experiments/pq_drift_1m_aris_main_20260522/truth/phaseC_cycle05_range_u1e-03.bin --query-label-file /mnt/bak3/lzg/PipeANN-github/experiments/r116_suite_pq16_aris_20260520_072453/labels/query_1000_range_u1e-03.spmat --selector-type range --query-limit 1000,99.97,,1.3676364421844482,taskset -c 0-15 /mnt/bak3/lzg/PipeANN-github/build/tests/dynamic_update_suite_driver --mode measure-dynamic-search --source-prefix /mnt/bak3/lzg/PipeANN-supersector32k-work/indexes/phaseC_cycle05_retrain_each_cycle_super32k --jsonl-output /mnt/bak3/lzg/PipeANN-github/experiments/supersector32k_packing_aris_20260523/tmp/full_cycle05_retrain_each_cycle_range_u1e-03_170.jsonl --insert-threads 16 --search-threads 1 --merge-threads 16 --build-l 220 --build-r 116 --beamwidth 4 --k 10 --cpu-cap 16 --metric l2 --route prefilter --search-l 75 --data-bin experiments/pq_drift_1m_aris_main_20260522/data/phaseC_cycle05_live_data_by_tag.bin --base-label-file experiments/pq_drift_1m_aris_main_20260522/labels/base_labels_1000000.spmat --query-bin /mnt/bak3/lzg/PipeANN-github/experiments/r116_suite_pq16_aris_20260520_072453/data/sift_query_1000.bin --truthset-bin experiments/pq_drift_1m_aris_main_20260522/truth/phaseC_cycle05_range_u1e-03.bin --query-label-file /mnt/bak3/lzg/PipeANN-github/experiments/r116_suite_pq16_aris_20260520_072453/labels/query_1000_range_u1e-03.spmat --selector-type range --query-limit 1000,,prefilter,281716,280604,75,/mnt/bak3/lzg/PipeANN-supersector32k-work/indexes/phaseC_cycle05_retrain_each_cycle_super32k,ok,,,,,,157582,1,0,,experiments/pq_drift_1m_aris_main_20260522/indexes/phaseC_cycle05_retrain_each_cycle,/mnt/bak3/lzg/PipeANN-supersector32k-work/indexes/phaseC_cycle05_retrain_each_cycle_super32k,0.136475
prefilter,179.091625,,,,,,,,,,3000.0,,,cycle05_retrain_each_cycle_range_u3e-03,50,0-15,16,True,,0.179166,0,0,,10000,0,16,supersector32k,1000000,281620,157582,3000.0,55.871,157582,measure-dynamic-search,177.305,188.518,208.397,4096,full,4096,1000000,16,1000,281620,5581.407363,984,281620,/mnt/bak3/lzg/PipeANN-github/build/tests/dynamic_update_suite_driver --mode measure-dynamic-search --source-prefix /mnt/bak3/lzg/PipeANN-supersector32k-work/indexes/phaseC_cycle05_retrain_each_cycle_super32k --jsonl-output /mnt/bak3/lzg/PipeANN-github/experiments/supersector32k_packing_aris_20260523/tmp/full_cycle05_retrain_each_cycle_range_u3e-03_171.jsonl --insert-threads 16 --search-threads 1 --merge-threads 16 --build-l 220 --build-r 116 --beamwidth 4 --k 10 --cpu-cap 16 --metric l2 --route prefilter --search-l 50 --data-bin experiments/pq_drift_1m_aris_main_20260522/data/phaseC_cycle05_live_data_by_tag.bin --base-label-file experiments/pq_drift_1m_aris_main_20260522/labels/base_labels_1000000.spmat --query-bin /mnt/bak3/lzg/PipeANN-github/experiments/r116_suite_pq16_aris_20260520_072453/data/sift_query_1000.bin --truthset-bin experiments/pq_drift_1m_aris_main_20260522/truth/phaseC_cycle05_range_u3e-03.bin --query-label-file /mnt/bak3/lzg/PipeANN-github/experiments/r116_suite_pq16_aris_20260520_072453/labels/query_1000_range_u3e-03.spmat --selector-type range --query-limit 1000,99.83,,1.5162982940673828,taskset -c 0-15 /mnt/bak3/lzg/PipeANN-github/build/tests/dynamic_update_suite_driver --mode measure-dynamic-search --source-prefix /mnt/bak3/lzg/PipeANN-supersector32k-work/indexes/phaseC_cycle05_retrain_each_cycle_super32k --jsonl-output /mnt/bak3/lzg/PipeANN-github/experiments/supersector32k_packing_aris_20260523/tmp/full_cycle05_retrain_each_cycle_range_u3e-03_171.jsonl --insert-threads 16 --search-threads 1 --merge-threads 16 --build-l 220 --build-r 116 --beamwidth 4 --k 10 --cpu-cap 16 --metric l2 --route prefilter --search-l 50 --data-bin experiments/pq_drift_1m_aris_main_20260522/data/phaseC_cycle05_live_data_by_tag.bin --base-label-file experiments/pq_drift_1m_aris_main_20260522/labels/base_labels_1000000.spmat --query-bin /mnt/bak3/lzg/PipeANN-github/experiments/r116_suite_pq16_aris_20260520_072453/data/sift_query_1000.bin --truthset-bin experiments/pq_drift_1m_aris_main_20260522/truth/phaseC_cycle05_range_u3e-03.bin --query-label-file /mnt/bak3/lzg/PipeANN-github/experiments/r116_suite_pq16_aris_20260520_072453/labels/query_1000_range_u3e-03.spmat --selector-type range --query-limit 1000,,prefilter,281620,280636,50,/mnt/bak3/lzg/PipeANN-supersector32k-work/indexes/phaseC_cycle05_retrain_each_cycle_super32k,ok,,,,,,157582,1,0,,experiments/pq_drift_1m_aris_main_20260522/indexes/phaseC_cycle05_retrain_each_cycle,/mnt/bak3/lzg/PipeANN-supersector32k-work/indexes/phaseC_cycle05_retrain_each_cycle_super32k,0.179166
prefilter,327.08254,,,,,,,,,,10000.0,,,cycle05_retrain_each_cycle_range_u1e-02,75,0-15,16,True,,0.327194,0,0,,10000,0,16,supersector32k,1000000,281832,157582,10000.0,70.236,157582,measure-dynamic-search,325.452,343.384,377.453,4096,full,4096,1000000,16,1000,281832,3056.291828,1068,281832,/mnt/bak3/lzg/PipeANN-github/build/tests/dynamic_update_suite_driver --mode measure-dynamic-search --source-prefix /mnt/bak3/lzg/PipeANN-supersector32k-work/indexes/phaseC_cycle05_retrain_each_cycle_super32k --jsonl-output /mnt/bak3/lzg/PipeANN-github/experiments/supersector32k_packing_aris_20260523/tmp/full_cycle05_retrain_each_cycle_range_u1e-02_172.jsonl --insert-threads 16 --search-threads 1 --merge-threads 16 --build-l 220 --build-r 116 --beamwidth 4 --k 10 --cpu-cap 16 --metric l2 --route prefilter --search-l 75 --data-bin experiments/pq_drift_1m_aris_main_20260522/data/phaseC_cycle05_live_data_by_tag.bin --base-label-file experiments/pq_drift_1m_aris_main_20260522/labels/base_labels_1000000.spmat --query-bin /mnt/bak3/lzg/PipeANN-github/experiments/r116_suite_pq16_aris_20260520_072453/data/sift_query_1000.bin --truthset-bin experiments/pq_drift_1m_aris_main_20260522/truth/phaseC_cycle05_range_u1e-02.bin --query-label-file /mnt/bak3/lzg/PipeANN-github/experiments/r116_suite_pq16_aris_20260520_072453/labels/query_1000_range_u1e-02.spmat --selector-type range --query-limit 1000,99.6,,1.5949947834014893,taskset -c 0-15 /mnt/bak3/lzg/PipeANN-github/build/tests/dynamic_update_suite_driver --mode measure-dynamic-search --source-prefix /mnt/bak3/lzg/PipeANN-supersector32k-work/indexes/phaseC_cycle05_retrain_each_cycle_super32k --jsonl-output /mnt/bak3/lzg/PipeANN-github/experiments/supersector32k_packing_aris_20260523/tmp/full_cycle05_retrain_each_cycle_range_u1e-02_172.jsonl --insert-threads 16 --search-threads 1 --merge-threads 16 --build-l 220 --build-r 116 --beamwidth 4 --k 10 --cpu-cap 16 --metric l2 --route prefilter --search-l 75 --data-bin experiments/pq_drift_1m_aris_main_20260522/data/phaseC_cycle05_live_data_by_tag.bin --base-label-file experiments/pq_drift_1m_aris_main_20260522/labels/base_labels_1000000.spmat --query-bin /mnt/bak3/lzg/PipeANN-github/experiments/r116_suite_pq16_aris_20260520_072453/data/sift_query_1000.bin --truthset-bin experiments/pq_drift_1m_aris_main_20260522/truth/phaseC_cycle05_range_u1e-02.bin --query-label-file /mnt/bak3/lzg/PipeANN-github/experiments/r116_suite_pq16_aris_20260520_072453/labels/query_1000_range_u1e-02.spmat --selector-type range --query-limit 1000,,prefilter,281832,280764,75,/mnt/bak3/lzg/PipeANN-supersector32k-work/indexes/phaseC_cycle05_retrain_each_cycle_super32k,ok,,,,,,157582,1,0,,experiments/pq_drift_1m_aris_main_20260522/indexes/phaseC_cycle05_retrain_each_cycle,/mnt/bak3/lzg/PipeANN-supersector32k-work/indexes/phaseC_cycle05_retrain_each_cycle_super32k,0.327194
prefilter,911.355723,,,,,,,,,,50000.0,,,cycle05_retrain_each_cycle_range_u5e-02,50,0-15,16,True,,0.911466,0,0,,10000,0,16,supersector32k,1000000,281620,157582,50000.0,117.232,157582,measure-dynamic-search,912.707,980.365,1012.451,4096,full,4096,1000000,16,1000,281620,1097.13417,984,281620,/mnt/bak3/lzg/PipeANN-github/build/tests/dynamic_update_suite_driver --mode measure-dynamic-search --source-prefix /mnt/bak3/lzg/PipeANN-supersector32k-work/indexes/phaseC_cycle05_retrain_each_cycle_super32k --jsonl-output /mnt/bak3/lzg/PipeANN-github/experiments/supersector32k_packing_aris_20260523/tmp/full_cycle05_retrain_each_cycle_range_u5e-02_173.jsonl --insert-threads 16 --search-threads 1 --merge-threads 16 --build-l 220 --build-r 116 --beamwidth 4 --k 10 --cpu-cap 16 --metric l2 --route prefilter --search-l 50 --data-bin experiments/pq_drift_1m_aris_main_20260522/data/phaseC_cycle05_live_data_by_tag.bin --base-label-file experiments/pq_drift_1m_aris_main_20260522/labels/base_labels_1000000.spmat --query-bin /mnt/bak3/lzg/PipeANN-github/experiments/r116_suite_pq16_aris_20260520_072453/data/sift_query_1000.bin --truthset-bin experiments/pq_drift_1m_aris_main_20260522/truth/phaseC_cycle05_range_u5e-02.bin --query-label-file /mnt/bak3/lzg/PipeANN-github/experiments/r116_suite_pq16_aris_20260520_072453/labels/query_1000_range_u5e-02.spmat --selector-type range --query-limit 1000,99.29,,2.296250104904175,taskset -c 0-15 /mnt/bak3/lzg/PipeANN-github/build/tests/dynamic_update_suite_driver --mode measure-dynamic-search --source-prefix /mnt/bak3/lzg/PipeANN-supersector32k-work/indexes/phaseC_cycle05_retrain_each_cycle_super32k --jsonl-output /mnt/bak3/lzg/PipeANN-github/experiments/supersector32k_packing_aris_20260523/tmp/full_cycle05_retrain_each_cycle_range_u5e-02_173.jsonl --insert-threads 16 --search-threads 1 --merge-threads 16 --build-l 220 --build-r 116 --beamwidth 4 --k 10 --cpu-cap 16 --metric l2 --route prefilter --search-l 50 --data-bin experiments/pq_drift_1m_aris_main_20260522/data/phaseC_cycle05_live_data_by_tag.bin --base-label-file experiments/pq_drift_1m_aris_main_20260522/labels/base_labels_1000000.spmat --query-bin /mnt/bak3/lzg/PipeANN-github/experiments/r116_suite_pq16_aris_20260520_072453/data/sift_query_1000.bin --truthset-bin experiments/pq_drift_1m_aris_main_20260522/truth/phaseC_cycle05_range_u5e-02.bin --query-label-file /mnt/bak3/lzg/PipeANN-github/experiments/r116_suite_pq16_aris_20260520_072453/labels/query_1000_range_u5e-02.spmat --selector-type range --query-limit 1000,,prefilter,281620,280636,50,/mnt/bak3/lzg/PipeANN-supersector32k-work/indexes/phaseC_cycle05_retrain_each_cycle_super32k,ok,,,,,,157582,1,0,,experiments/pq_drift_1m_aris_main_20260522/indexes/phaseC_cycle05_retrain_each_cycle,/mnt/bak3/lzg/PipeANN-supersector32k-work/indexes/phaseC_cycle05_retrain_each_cycle_super32k,0.911466
prefilter,1649.442296,,,,,,,,,,100000.0,,,cycle05_retrain_each_cycle_range_u1e-01,50,0-15,16,True,,1.649589,0,0,,10000,0,16,supersector32k,1000000,281896,157582,100000.0,171.701,157582,measure-dynamic-search,1600.329,1826.469,1850.149,4096,full,4096,1000000,16,1000,281896,606.211774,1216,281896,/mnt/bak3/lzg/PipeANN-github/build/tests/dynamic_update_suite_driver --mode measure-dynamic-search --source-prefix /mnt/bak3/lzg/PipeANN-supersector32k-work/indexes/phaseC_cycle05_retrain_each_cycle_super32k --jsonl-output /mnt/bak3/lzg/PipeANN-github/experiments/supersector32k_packing_aris_20260523/tmp/full_cycle05_retrain_each_cycle_range_u1e-01_174.jsonl --insert-threads 16 --search-threads 1 --merge-threads 16 --build-l 220 --build-r 116 --beamwidth 4 --k 10 --cpu-cap 16 --metric l2 --route prefilter --search-l 50 --data-bin experiments/pq_drift_1m_aris_main_20260522/data/phaseC_cycle05_live_data_by_tag.bin --base-label-file experiments/pq_drift_1m_aris_main_20260522/labels/base_labels_1000000.spmat --query-bin /mnt/bak3/lzg/PipeANN-github/experiments/r116_suite_pq16_aris_20260520_072453/data/sift_query_1000.bin --truthset-bin experiments/pq_drift_1m_aris_main_20260522/truth/phaseC_cycle05_range_u1e-01.bin --query-label-file /mnt/bak3/lzg/PipeANN-github/experiments/r116_suite_pq16_aris_20260520_072453/labels/query_1000_range_u1e-01.spmat --selector-type range --query-limit 1000,98.87,,2.782336711883545,taskset -c 0-15 /mnt/bak3/lzg/PipeANN-github/build/tests/dynamic_update_suite_driver --mode measure-dynamic-search --source-prefix /mnt/bak3/lzg/PipeANN-supersector32k-work/indexes/phaseC_cycle05_retrain_each_cycle_super32k --jsonl-output /mnt/bak3/lzg/PipeANN-github/experiments/supersector32k_packing_aris_20260523/tmp/full_cycle05_retrain_each_cycle_range_u1e-01_174.jsonl --insert-threads 16 --search-threads 1 --merge-threads 16 --build-l 220 --build-r 116 --beamwidth 4 --k 10 --cpu-cap 16 --metric l2 --route prefilter --search-l 50 --data-bin experiments/pq_drift_1m_aris_main_20260522/data/phaseC_cycle05_live_data_by_tag.bin --base-label-file experiments/pq_drift_1m_aris_main_20260522/labels/base_labels_1000000.spmat --query-bin /mnt/bak3/lzg/PipeANN-github/experiments/r116_suite_pq16_aris_20260520_072453/data/sift_query_1000.bin --truthset-bin experiments/pq_drift_1m_aris_main_20260522/truth/phaseC_cycle05_range_u1e-01.bin --query-label-file /mnt/bak3/lzg/PipeANN-github/experiments/r116_suite_pq16_aris_20260520_072453/labels/query_1000_range_u1e-01.spmat --selector-type range --query-limit 1000,,prefilter,281896,280680,50,/mnt/bak3/lzg/PipeANN-supersector32k-work/indexes/phaseC_cycle05_retrain_each_cycle_super32k,ok,,,,,,157582,1,0,,experiments/pq_drift_1m_aris_main_20260522/indexes/phaseC_cycle05_retrain_each_cycle,/mnt/bak3/lzg/PipeANN-supersector32k-work/indexes/phaseC_cycle05_retrain_each_cycle_super32k,1.649589
prefilter,3574.709995,,,,,,,,,,250000.0,,,cycle05_retrain_each_cycle_range_u25,200,0-15,16,True,,3.57486,0,0,,10000,0,16,supersector32k,1000000,281628,157582,250000.0,332.917,157582,measure-dynamic-search,3511.507,3745.24,3768.496,4096,full,4096,1000000,16,1000,281628,279.731215,1040,281628,/mnt/bak3/lzg/PipeANN-github/build/tests/dynamic_update_suite_driver --mode measure-dynamic-search --source-prefix /mnt/bak3/lzg/PipeANN-supersector32k-work/indexes/phaseC_cycle05_retrain_each_cycle_super32k --jsonl-output /mnt/bak3/lzg/PipeANN-github/experiments/supersector32k_packing_aris_20260523/tmp/full_cycle05_retrain_each_cycle_range_u25_175.jsonl --insert-threads 16 --search-threads 1 --merge-threads 16 --build-l 220 --build-r 116 --beamwidth 4 --k 10 --cpu-cap 16 --metric l2 --route prefilter --search-l 200 --data-bin experiments/pq_drift_1m_aris_main_20260522/data/phaseC_cycle05_live_data_by_tag.bin --base-label-file experiments/pq_drift_1m_aris_main_20260522/labels/base_labels_1000000.spmat --query-bin /mnt/bak3/lzg/PipeANN-github/experiments/r116_suite_pq16_aris_20260520_072453/data/sift_query_1000.bin --truthset-bin experiments/pq_drift_1m_aris_main_20260522/truth/phaseC_cycle05_range_u25.bin --query-label-file /mnt/bak3/lzg/PipeANN-github/experiments/r116_suite_pq16_aris_20260520_072453/labels/query_1000_range_u25.spmat --selector-type range --query-limit 1000,98.06,,4.695053339004517,taskset -c 0-15 /mnt/bak3/lzg/PipeANN-github/build/tests/dynamic_update_suite_driver --mode measure-dynamic-search --source-prefix /mnt/bak3/lzg/PipeANN-supersector32k-work/indexes/phaseC_cycle05_retrain_each_cycle_super32k --jsonl-output /mnt/bak3/lzg/PipeANN-github/experiments/supersector32k_packing_aris_20260523/tmp/full_cycle05_retrain_each_cycle_range_u25_175.jsonl --insert-threads 16 --search-threads 1 --merge-threads 16 --build-l 220 --build-r 116 --beamwidth 4 --k 10 --cpu-cap 16 --metric l2 --route prefilter --search-l 200 --data-bin experiments/pq_drift_1m_aris_main_20260522/data/phaseC_cycle05_live_data_by_tag.bin --base-label-file experiments/pq_drift_1m_aris_main_20260522/labels/base_labels_1000000.spmat --query-bin /mnt/bak3/lzg/PipeANN-github/experiments/r116_suite_pq16_aris_20260520_072453/data/sift_query_1000.bin --truthset-bin experiments/pq_drift_1m_aris_main_20260522/truth/phaseC_cycle05_range_u25.bin --query-label-file /mnt/bak3/lzg/PipeANN-github/experiments/r116_suite_pq16_aris_20260520_072453/labels/query_1000_range_u25.spmat --selector-type range --query-limit 1000,,prefilter,257016,280588,200,/mnt/bak3/lzg/PipeANN-supersector32k-work/indexes/phaseC_cycle05_retrain_each_cycle_super32k,ok,,,,,,157582,1,0,,experiments/pq_drift_1m_aris_main_20260522/indexes/phaseC_cycle05_retrain_each_cycle,/mnt/bak3/lzg/PipeANN-supersector32k-work/indexes/phaseC_cycle05_retrain_each_cycle_super32k,3.57486
prefilter,4531.439796,,,,,,,,,,300000.0,,,cycle05_retrain_each_cycle_range_u30,400,0-15,16,True,,4.531629,0,0,,10000,0,16,supersector32k,1000000,283696,157582,300000.0,392.019,157582,measure-dynamic-search,4457.444,4755.474,5295.929,4096,full,4096,1000000,16,1000,283696,220.671191,1216,283696,/mnt/bak3/lzg/PipeANN-github/build/tests/dynamic_update_suite_driver --mode measure-dynamic-search --source-prefix /mnt/bak3/lzg/PipeANN-supersector32k-work/indexes/phaseC_cycle05_retrain_each_cycle_super32k --jsonl-output /mnt/bak3/lzg/PipeANN-github/experiments/supersector32k_packing_aris_20260523/tmp/full_cycle05_retrain_each_cycle_range_u30_176.jsonl --insert-threads 16 --search-threads 1 --merge-threads 16 --build-l 220 --build-r 116 --beamwidth 4 --k 10 --cpu-cap 16 --metric l2 --route prefilter --search-l 400 --data-bin experiments/pq_drift_1m_aris_main_20260522/data/phaseC_cycle05_live_data_by_tag.bin --base-label-file experiments/pq_drift_1m_aris_main_20260522/labels/base_labels_1000000.spmat --query-bin /mnt/bak3/lzg/PipeANN-github/experiments/r116_suite_pq16_aris_20260520_072453/data/sift_query_1000.bin --truthset-bin experiments/pq_drift_1m_aris_main_20260522/truth/phaseC_cycle05_range_u30.bin --query-label-file /mnt/bak3/lzg/PipeANN-github/experiments/r116_suite_pq16_aris_20260520_072453/labels/query_1000_range_u30.spmat --selector-type range --query-limit 1000,99.51,,5.700456380844116,taskset -c 0-15 /mnt/bak3/lzg/PipeANN-github/build/tests/dynamic_update_suite_driver --mode measure-dynamic-search --source-prefix /mnt/bak3/lzg/PipeANN-supersector32k-work/indexes/phaseC_cycle05_retrain_each_cycle_super32k --jsonl-output /mnt/bak3/lzg/PipeANN-github/experiments/supersector32k_packing_aris_20260523/tmp/full_cycle05_retrain_each_cycle_range_u30_176.jsonl --insert-threads 16 --search-threads 1 --merge-threads 16 --build-l 220 --build-r 116 --beamwidth 4 --k 10 --cpu-cap 16 --metric l2 --route prefilter --search-l 400 --data-bin experiments/pq_drift_1m_aris_main_20260522/data/phaseC_cycle05_live_data_by_tag.bin --base-label-file experiments/pq_drift_1m_aris_main_20260522/labels/base_labels_1000000.spmat --query-bin /mnt/bak3/lzg/PipeANN-github/experiments/r116_suite_pq16_aris_20260520_072453/data/sift_query_1000.bin --truthset-bin experiments/pq_drift_1m_aris_main_20260522/truth/phaseC_cycle05_range_u30.bin --query-label-file /mnt/bak3/lzg/PipeANN-github/experiments/r116_suite_pq16_aris_20260520_072453/labels/query_1000_range_u30.spmat --selector-type range --query-limit 1000,,prefilter,259592,282480,400,/mnt/bak3/lzg/PipeANN-supersector32k-work/indexes/phaseC_cycle05_retrain_each_cycle_super32k,ok,,,,,,157582,1,0,,experiments/pq_drift_1m_aris_main_20260522/indexes/phaseC_cycle05_retrain_each_cycle,/mnt/bak3/lzg/PipeANN-supersector32k-work/indexes/phaseC_cycle05_retrain_each_cycle_super32k,4.531629
prefilter,6836.915651,,,,,,,,,,500000.0,,,cycle05_retrain_each_cycle_range_u50,300,0-15,16,True,,6.837149,0,0,,10000,0,16,supersector32k,1000000,281656,157582,500000.0,612.749,157582,measure-dynamic-search,6772.713,7007.008,7217.906,4096,full,4096,1000000,16,1000,281656,146.259797,1044,281656,/mnt/bak3/lzg/PipeANN-github/build/tests/dynamic_update_suite_driver --mode measure-dynamic-search --source-prefix /mnt/bak3/lzg/PipeANN-supersector32k-work/indexes/phaseC_cycle05_retrain_each_cycle_super32k --jsonl-output /mnt/bak3/lzg/PipeANN-github/experiments/supersector32k_packing_aris_20260523/tmp/full_cycle05_retrain_each_cycle_range_u50_177.jsonl --insert-threads 16 --search-threads 1 --merge-threads 16 --build-l 220 --build-r 116 --beamwidth 4 --k 10 --cpu-cap 16 --metric l2 --route prefilter --search-l 300 --data-bin experiments/pq_drift_1m_aris_main_20260522/data/phaseC_cycle05_live_data_by_tag.bin --base-label-file experiments/pq_drift_1m_aris_main_20260522/labels/base_labels_1000000.spmat --query-bin /mnt/bak3/lzg/PipeANN-github/experiments/r116_suite_pq16_aris_20260520_072453/data/sift_query_1000.bin --truthset-bin experiments/pq_drift_1m_aris_main_20260522/truth/phaseC_cycle05_range_u50.bin --query-label-file /mnt/bak3/lzg/PipeANN-github/experiments/r116_suite_pq16_aris_20260520_072453/labels/query_1000_range_u50.spmat --selector-type range --query-limit 1000,98.35,,8.023637056350708,taskset -c 0-15 /mnt/bak3/lzg/PipeANN-github/build/tests/dynamic_update_suite_driver --mode measure-dynamic-search --source-prefix /mnt/bak3/lzg/PipeANN-supersector32k-work/indexes/phaseC_cycle05_retrain_each_cycle_super32k --jsonl-output /mnt/bak3/lzg/PipeANN-github/experiments/supersector32k_packing_aris_20260523/tmp/full_cycle05_retrain_each_cycle_range_u50_177.jsonl --insert-threads 16 --search-threads 1 --merge-threads 16 --build-l 220 --build-r 116 --beamwidth 4 --k 10 --cpu-cap 16 --metric l2 --route prefilter --search-l 300 --data-bin experiments/pq_drift_1m_aris_main_20260522/data/phaseC_cycle05_live_data_by_tag.bin --base-label-file experiments/pq_drift_1m_aris_main_20260522/labels/base_labels_1000000.spmat --query-bin /mnt/bak3/lzg/PipeANN-github/experiments/r116_suite_pq16_aris_20260520_072453/data/sift_query_1000.bin --truthset-bin experiments/pq_drift_1m_aris_main_20260522/truth/phaseC_cycle05_range_u50.bin --query-label-file /mnt/bak3/lzg/PipeANN-github/experiments/r116_suite_pq16_aris_20260520_072453/labels/query_1000_range_u50.spmat --selector-type range --query-limit 1000,,prefilter,258988,280612,300,/mnt/bak3/lzg/PipeANN-supersector32k-work/indexes/phaseC_cycle05_retrain_each_cycle_super32k,ok,,,,,,157582,1,0,,experiments/pq_drift_1m_aris_main_20260522/indexes/phaseC_cycle05_retrain_each_cycle,/mnt/bak3/lzg/PipeANN-supersector32k-work/indexes/phaseC_cycle05_retrain_each_cycle_super32k,6.837149
mixed,8862.588792,,,,,,,,,,750000.0,,,cycle05_retrain_each_cycle_range_u75,400,0-15,16,True,,8.862763,0,1000,,10000,0,16,supersector32k,1000000,291540,157582,750000.0,56.915,157582,measure-dynamic-search,8862.806,9182.775,9349.666,4096,full,4096,1000000,16,0,291540,112.831628,10932,291540,/mnt/bak3/lzg/PipeANN-github/build/tests/dynamic_update_suite_driver --mode measure-dynamic-search --source-prefix /mnt/bak3/lzg/PipeANN-supersector32k-work/indexes/phaseC_cycle05_retrain_each_cycle_super32k --jsonl-output /mnt/bak3/lzg/PipeANN-github/experiments/supersector32k_packing_aris_20260523/tmp/full_cycle05_retrain_each_cycle_range_u75_178.jsonl --insert-threads 16 --search-threads 1 --merge-threads 16 --build-l 220 --build-r 116 --beamwidth 4 --k 10 --cpu-cap 16 --metric l2 --route graph --search-l 400 --data-bin experiments/pq_drift_1m_aris_main_20260522/data/phaseC_cycle05_live_data_by_tag.bin --base-label-file experiments/pq_drift_1m_aris_main_20260522/labels/base_labels_1000000.spmat --query-bin /mnt/bak3/lzg/PipeANN-github/experiments/r116_suite_pq16_aris_20260520_072453/data/sift_query_1000.bin --truthset-bin experiments/pq_drift_1m_aris_main_20260522/truth/phaseC_cycle05_range_u75.bin --query-label-file /mnt/bak3/lzg/PipeANN-github/experiments/r116_suite_pq16_aris_20260520_072453/labels/query_1000_range_u75.spmat --selector-type range --query-limit 1000,98.31,,10.046935796737671,taskset -c 0-15 /mnt/bak3/lzg/PipeANN-github/build/tests/dynamic_update_suite_driver --mode measure-dynamic-search --source-prefix /mnt/bak3/lzg/PipeANN-supersector32k-work/indexes/phaseC_cycle05_retrain_each_cycle_super32k --jsonl-output /mnt/bak3/lzg/PipeANN-github/experiments/supersector32k_packing_aris_20260523/tmp/full_cycle05_retrain_each_cycle_range_u75_178.jsonl --insert-threads 16 --search-threads 1 --merge-threads 16 --build-l 220 --build-r 116 --beamwidth 4 --k 10 --cpu-cap 16 --metric l2 --route graph --search-l 400 --data-bin experiments/pq_drift_1m_aris_main_20260522/data/phaseC_cycle05_live_data_by_tag.bin --base-label-file experiments/pq_drift_1m_aris_main_20260522/labels/base_labels_1000000.spmat --query-bin /mnt/bak3/lzg/PipeANN-github/experiments/r116_suite_pq16_aris_20260520_072453/data/sift_query_1000.bin --truthset-bin experiments/pq_drift_1m_aris_main_20260522/truth/phaseC_cycle05_range_u75.bin --query-label-file /mnt/bak3/lzg/PipeANN-github/experiments/r116_suite_pq16_aris_20260520_072453/labels/query_1000_range_u75.spmat --selector-type range --query-limit 1000,,graph,291540,280608,400,/mnt/bak3/lzg/PipeANN-supersector32k-work/indexes/phaseC_cycle05_retrain_each_cycle_super32k,ok,,,,,,157582,1,0,,experiments/pq_drift_1m_aris_main_20260522/indexes/phaseC_cycle05_retrain_each_cycle,/mnt/bak3/lzg/PipeANN-supersector32k-work/indexes/phaseC_cycle05_retrain_each_cycle_super32k,8.862763
mixed,6776.694012,,,,,,,,,,1000000.0,,,cycle05_retrain_each_cycle_range_u100,300,0-15,16,True,,6.776869,0,1000,,10000,0,16,supersector32k,1000000,294660,157582,1000000.0,62.151,157582,measure-dynamic-search,6769.13,7082.907,7342.655,4096,full,4096,1000000,16,0,294660,147.560762,13992,294660,/mnt/bak3/lzg/PipeANN-github/build/tests/dynamic_update_suite_driver --mode measure-dynamic-search --source-prefix /mnt/bak3/lzg/PipeANN-supersector32k-work/indexes/phaseC_cycle05_retrain_each_cycle_super32k --jsonl-output /mnt/bak3/lzg/PipeANN-github/experiments/supersector32k_packing_aris_20260523/tmp/full_cycle05_retrain_each_cycle_range_u100_179.jsonl --insert-threads 16 --search-threads 1 --merge-threads 16 --build-l 220 --build-r 116 --beamwidth 4 --k 10 --cpu-cap 16 --metric l2 --route graph --search-l 300 --data-bin experiments/pq_drift_1m_aris_main_20260522/data/phaseC_cycle05_live_data_by_tag.bin --base-label-file experiments/pq_drift_1m_aris_main_20260522/labels/base_labels_1000000.spmat --query-bin /mnt/bak3/lzg/PipeANN-github/experiments/r116_suite_pq16_aris_20260520_072453/data/sift_query_1000.bin --truthset-bin experiments/pq_drift_1m_aris_main_20260522/truth/phaseC_cycle05_range_u100.bin --query-label-file /mnt/bak3/lzg/PipeANN-github/experiments/r116_suite_pq16_aris_20260520_072453/labels/query_1000_range_u100.spmat --selector-type range --query-limit 1000,98.13,,7.9241204261779785,taskset -c 0-15 /mnt/bak3/lzg/PipeANN-github/build/tests/dynamic_update_suite_driver --mode measure-dynamic-search --source-prefix /mnt/bak3/lzg/PipeANN-supersector32k-work/indexes/phaseC_cycle05_retrain_each_cycle_super32k --jsonl-output /mnt/bak3/lzg/PipeANN-github/experiments/supersector32k_packing_aris_20260523/tmp/full_cycle05_retrain_each_cycle_range_u100_179.jsonl --insert-threads 16 --search-threads 1 --merge-threads 16 --build-l 220 --build-r 116 --beamwidth 4 --k 10 --cpu-cap 16 --metric l2 --route graph --search-l 300 --data-bin experiments/pq_drift_1m_aris_main_20260522/data/phaseC_cycle05_live_data_by_tag.bin --base-label-file experiments/pq_drift_1m_aris_main_20260522/labels/base_labels_1000000.spmat --query-bin /mnt/bak3/lzg/PipeANN-github/experiments/r116_suite_pq16_aris_20260520_072453/data/sift_query_1000.bin --truthset-bin experiments/pq_drift_1m_aris_main_20260522/truth/phaseC_cycle05_range_u100.bin --query-label-file /mnt/bak3/lzg/PipeANN-github/experiments/r116_suite_pq16_aris_20260520_072453/labels/query_1000_range_u100.spmat --selector-type range --query-limit 1000,,graph,294660,280668,300,/mnt/bak3/lzg/PipeANN-supersector32k-work/indexes/phaseC_cycle05_retrain_each_cycle_super32k,ok,,,,,,157582,1,0,,experiments/pq_drift_1m_aris_main_20260522/indexes/phaseC_cycle05_retrain_each_cycle,/mnt/bak3/lzg/PipeANN-supersector32k-work/indexes/phaseC_cycle05_retrain_each_cycle_super32k,6.776869
prefilter,153.738811,,,,,,,,,,1000.0,,,cycle05_no_retrain_across_cycles_intersect_u1e-03,50,0-15,16,True,,0.15383,0,0,,10000,0,16,supersector32k,1000000,287456,152038,1000.0,51.738,152038,measure-dynamic-search,152.687,163.345,196.009,4096,full,4096,1000000,16,1000,287456,6500.691657,1000,287456,/mnt/bak3/lzg/PipeANN-github/build/tests/dynamic_update_suite_driver --mode measure-dynamic-search --source-prefix /mnt/bak3/lzg/PipeANN-supersector32k-work/indexes/phaseC_cycle05_no_retrain_after_insert_super32k --jsonl-output /mnt/bak3/lzg/PipeANN-github/experiments/supersector32k_packing_aris_20260523/tmp/full_cycle05_no_retrain_across_cycles_intersect_u1e-03_180.jsonl --insert-threads 16 --search-threads 1 --merge-threads 16 --build-l 220 --build-r 116 --beamwidth 4 --k 10 --cpu-cap 16 --metric l2 --route prefilter --search-l 50 --data-bin experiments/pq_drift_1m_aris_main_20260522/data/phaseC_cycle05_live_data_by_tag.bin --base-label-file experiments/pq_drift_1m_aris_main_20260522/labels/base_labels_1000000.spmat --query-bin /mnt/bak3/lzg/PipeANN-github/experiments/r116_suite_pq16_aris_20260520_072453/data/sift_query_1000.bin --truthset-bin experiments/pq_drift_1m_aris_main_20260522/truth/phaseC_cycle05_intersect_u1e-03.bin --query-label-file /mnt/bak3/lzg/PipeANN-github/experiments/r116_suite_pq16_aris_20260520_072453/labels/query_1000_u1e-03.spmat --selector-type intersect --query-limit 1000,99.98,,1.9353904724121094,taskset -c 0-15 /mnt/bak3/lzg/PipeANN-github/build/tests/dynamic_update_suite_driver --mode measure-dynamic-search --source-prefix /mnt/bak3/lzg/PipeANN-supersector32k-work/indexes/phaseC_cycle05_no_retrain_after_insert_super32k --jsonl-output /mnt/bak3/lzg/PipeANN-github/experiments/supersector32k_packing_aris_20260523/tmp/full_cycle05_no_retrain_across_cycles_intersect_u1e-03_180.jsonl --insert-threads 16 --search-threads 1 --merge-threads 16 --build-l 220 --build-r 116 --beamwidth 4 --k 10 --cpu-cap 16 --metric l2 --route prefilter --search-l 50 --data-bin experiments/pq_drift_1m_aris_main_20260522/data/phaseC_cycle05_live_data_by_tag.bin --base-label-file experiments/pq_drift_1m_aris_main_20260522/labels/base_labels_1000000.spmat --query-bin /mnt/bak3/lzg/PipeANN-github/experiments/r116_suite_pq16_aris_20260520_072453/data/sift_query_1000.bin --truthset-bin experiments/pq_drift_1m_aris_main_20260522/truth/phaseC_cycle05_intersect_u1e-03.bin --query-label-file /mnt/bak3/lzg/PipeANN-github/experiments/r116_suite_pq16_aris_20260520_072453/labels/query_1000_u1e-03.spmat --selector-type intersect --query-limit 1000,,prefilter,287456,286456,50,/mnt/bak3/lzg/PipeANN-supersector32k-work/indexes/phaseC_cycle05_no_retrain_after_insert_super32k,ok,,,,,,152038,1,0,,experiments/pq_drift_1m_aris_main_20260522/indexes/phaseC_cycle05_no_retrain_after_insert,/mnt/bak3/lzg/PipeANN-supersector32k-work/indexes/phaseC_cycle05_no_retrain_after_insert_super32k,0.15383
prefilter,207.683286,,,,,,,,,,3000.0,,,cycle05_no_retrain_across_cycles_intersect_u3e-03,75,0-15,16,True,,0.207802,0,0,,10000,0,16,supersector32k,1000000,285660,152038,3000.0,64.929,152038,measure-dynamic-search,204.708,227.283,261.845,4096,full,4096,1000000,16,1000,285660,4812.279868,1376,285660,/mnt/bak3/lzg/PipeANN-github/build/tests/dynamic_update_suite_driver --mode measure-dynamic-search --source-prefix /mnt/bak3/lzg/PipeANN-supersector32k-work/indexes/phaseC_cycle05_no_retrain_after_insert_super32k --jsonl-output /mnt/bak3/lzg/PipeANN-github/experiments/supersector32k_packing_aris_20260523/tmp/full_cycle05_no_retrain_across_cycles_intersect_u3e-03_181.jsonl --insert-threads 16 --search-threads 1 --merge-threads 16 --build-l 220 --build-r 116 --beamwidth 4 --k 10 --cpu-cap 16 --metric l2 --route prefilter --search-l 75 --data-bin experiments/pq_drift_1m_aris_main_20260522/data/phaseC_cycle05_live_data_by_tag.bin --base-label-file experiments/pq_drift_1m_aris_main_20260522/labels/base_labels_1000000.spmat --query-bin /mnt/bak3/lzg/PipeANN-github/experiments/r116_suite_pq16_aris_20260520_072453/data/sift_query_1000.bin --truthset-bin experiments/pq_drift_1m_aris_main_20260522/truth/phaseC_cycle05_intersect_u3e-03.bin --query-label-file /mnt/bak3/lzg/PipeANN-github/experiments/r116_suite_pq16_aris_20260520_072453/labels/query_1000_u3e-03.spmat --selector-type intersect --query-limit 1000,99.64,,2.1107187271118164,taskset -c 0-15 /mnt/bak3/lzg/PipeANN-github/build/tests/dynamic_update_suite_driver --mode measure-dynamic-search --source-prefix /mnt/bak3/lzg/PipeANN-supersector32k-work/indexes/phaseC_cycle05_no_retrain_after_insert_super32k --jsonl-output /mnt/bak3/lzg/PipeANN-github/experiments/supersector32k_packing_aris_20260523/tmp/full_cycle05_no_retrain_across_cycles_intersect_u3e-03_181.jsonl --insert-threads 16 --search-threads 1 --merge-threads 16 --build-l 220 --build-r 116 --beamwidth 4 --k 10 --cpu-cap 16 --metric l2 --route prefilter --search-l 75 --data-bin experiments/pq_drift_1m_aris_main_20260522/data/phaseC_cycle05_live_data_by_tag.bin --base-label-file experiments/pq_drift_1m_aris_main_20260522/labels/base_labels_1000000.spmat --query-bin /mnt/bak3/lzg/PipeANN-github/experiments/r116_suite_pq16_aris_20260520_072453/data/sift_query_1000.bin --truthset-bin experiments/pq_drift_1m_aris_main_20260522/truth/phaseC_cycle05_intersect_u3e-03.bin --query-label-file /mnt/bak3/lzg/PipeANN-github/experiments/r116_suite_pq16_aris_20260520_072453/labels/query_1000_u3e-03.spmat --selector-type intersect --query-limit 1000,,prefilter,285660,284284,75,/mnt/bak3/lzg/PipeANN-supersector32k-work/indexes/phaseC_cycle05_no_retrain_after_insert_super32k,ok,,,,,,152038,1,0,,experiments/pq_drift_1m_aris_main_20260522/indexes/phaseC_cycle05_no_retrain_after_insert,/mnt/bak3/lzg/PipeANN-supersector32k-work/indexes/phaseC_cycle05_no_retrain_after_insert_super32k,0.207802
prefilter,423.127573,,,,,,,,,,10000.0,,,cycle05_no_retrain_across_cycles_intersect_u1e-02,100,0-15,16,True,,0.423308,0,0,,10000,0,16,supersector32k,1000000,285668,152038,10000.0,134.705,152038,measure-dynamic-search,418.663,454.936,489.812,4096,full,4096,1000000,16,1000,285668,2362.347053,1188,285668,/mnt/bak3/lzg/PipeANN-github/build/tests/dynamic_update_suite_driver --mode measure-dynamic-search --source-prefix /mnt/bak3/lzg/PipeANN-supersector32k-work/indexes/phaseC_cycle05_no_retrain_after_insert_super32k --jsonl-output /mnt/bak3/lzg/PipeANN-github/experiments/supersector32k_packing_aris_20260523/tmp/full_cycle05_no_retrain_across_cycles_intersect_u1e-02_182.jsonl --insert-threads 16 --search-threads 1 --merge-threads 16 --build-l 220 --build-r 116 --beamwidth 4 --k 10 --cpu-cap 16 --metric l2 --route prefilter --search-l 100 --data-bin experiments/pq_drift_1m_aris_main_20260522/data/phaseC_cycle05_live_data_by_tag.bin --base-label-file experiments/pq_drift_1m_aris_main_20260522/labels/base_labels_1000000.spmat --query-bin /mnt/bak3/lzg/PipeANN-github/experiments/r116_suite_pq16_aris_20260520_072453/data/sift_query_1000.bin --truthset-bin experiments/pq_drift_1m_aris_main_20260522/truth/phaseC_cycle05_intersect_u1e-02.bin --query-label-file /mnt/bak3/lzg/PipeANN-github/experiments/r116_suite_pq16_aris_20260520_072453/labels/query_1000_u1e-02.spmat --selector-type intersect --query-limit 1000,99.63,,2.118163585662842,taskset -c 0-15 /mnt/bak3/lzg/PipeANN-github/build/tests/dynamic_update_suite_driver --mode measure-dynamic-search --source-prefix /mnt/bak3/lzg/PipeANN-supersector32k-work/indexes/phaseC_cycle05_no_retrain_after_insert_super32k --jsonl-output /mnt/bak3/lzg/PipeANN-github/experiments/supersector32k_packing_aris_20260523/tmp/full_cycle05_no_retrain_across_cycles_intersect_u1e-02_182.jsonl --insert-threads 16 --search-threads 1 --merge-threads 16 --build-l 220 --build-r 116 --beamwidth 4 --k 10 --cpu-cap 16 --metric l2 --route prefilter --search-l 100 --data-bin experiments/pq_drift_1m_aris_main_20260522/data/phaseC_cycle05_live_data_by_tag.bin --base-label-file experiments/pq_drift_1m_aris_main_20260522/labels/base_labels_1000000.spmat --query-bin /mnt/bak3/lzg/PipeANN-github/experiments/r116_suite_pq16_aris_20260520_072453/data/sift_query_1000.bin --truthset-bin experiments/pq_drift_1m_aris_main_20260522/truth/phaseC_cycle05_intersect_u1e-02.bin --query-label-file /mnt/bak3/lzg/PipeANN-github/experiments/r116_suite_pq16_aris_20260520_072453/labels/query_1000_u1e-02.spmat --selector-type intersect --query-limit 1000,,prefilter,285668,284480,100,/mnt/bak3/lzg/PipeANN-supersector32k-work/indexes/phaseC_cycle05_no_retrain_after_insert_super32k,ok,,,,,,152038,1,0,,experiments/pq_drift_1m_aris_main_20260522/indexes/phaseC_cycle05_no_retrain_after_insert,/mnt/bak3/lzg/PipeANN-supersector32k-work/indexes/phaseC_cycle05_no_retrain_after_insert_super32k,0.423308
prefilter,1131.566419,,,,,,,,,,50000.0,,,cycle05_no_retrain_across_cycles_intersect_u5e-02,50,0-15,16,True,,1.131778,0,0,,10000,0,16,supersector32k,1000000,285564,152038,50000.0,229.383,152038,measure-dynamic-search,1116.968,1206.17,1228.086,4096,full,4096,1000000,16,1000,285564,883.56536,1292,285564,/mnt/bak3/lzg/PipeANN-github/build/tests/dynamic_update_suite_driver --mode measure-dynamic-search --source-prefix /mnt/bak3/lzg/PipeANN-supersector32k-work/indexes/phaseC_cycle05_no_retrain_after_insert_super32k --jsonl-output /mnt/bak3/lzg/PipeANN-github/experiments/supersector32k_packing_aris_20260523/tmp/full_cycle05_no_retrain_across_cycles_intersect_u5e-02_183.jsonl --insert-threads 16 --search-threads 1 --merge-threads 16 --build-l 220 --build-r 116 --beamwidth 4 --k 10 --cpu-cap 16 --metric l2 --route prefilter --search-l 50 --data-bin experiments/pq_drift_1m_aris_main_20260522/data/phaseC_cycle05_live_data_by_tag.bin --base-label-file experiments/pq_drift_1m_aris_main_20260522/labels/base_labels_1000000.spmat --query-bin /mnt/bak3/lzg/PipeANN-github/experiments/r116_suite_pq16_aris_20260520_072453/data/sift_query_1000.bin --truthset-bin experiments/pq_drift_1m_aris_main_20260522/truth/phaseC_cycle05_intersect_u5e-02.bin --query-label-file /mnt/bak3/lzg/PipeANN-github/experiments/r116_suite_pq16_aris_20260520_072453/labels/query_1000_u5e-02.spmat --selector-type intersect --query-limit 1000,98.98,,2.9123597145080566,taskset -c 0-15 /mnt/bak3/lzg/PipeANN-github/build/tests/dynamic_update_suite_driver --mode measure-dynamic-search --source-prefix /mnt/bak3/lzg/PipeANN-supersector32k-work/indexes/phaseC_cycle05_no_retrain_after_insert_super32k --jsonl-output /mnt/bak3/lzg/PipeANN-github/experiments/supersector32k_packing_aris_20260523/tmp/full_cycle05_no_retrain_across_cycles_intersect_u5e-02_183.jsonl --insert-threads 16 --search-threads 1 --merge-threads 16 --build-l 220 --build-r 116 --beamwidth 4 --k 10 --cpu-cap 16 --metric l2 --route prefilter --search-l 50 --data-bin experiments/pq_drift_1m_aris_main_20260522/data/phaseC_cycle05_live_data_by_tag.bin --base-label-file experiments/pq_drift_1m_aris_main_20260522/labels/base_labels_1000000.spmat --query-bin /mnt/bak3/lzg/PipeANN-github/experiments/r116_suite_pq16_aris_20260520_072453/data/sift_query_1000.bin --truthset-bin experiments/pq_drift_1m_aris_main_20260522/truth/phaseC_cycle05_intersect_u5e-02.bin --query-label-file /mnt/bak3/lzg/PipeANN-github/experiments/r116_suite_pq16_aris_20260520_072453/labels/query_1000_u5e-02.spmat --selector-type intersect --query-limit 1000,,prefilter,285564,284272,50,/mnt/bak3/lzg/PipeANN-supersector32k-work/indexes/phaseC_cycle05_no_retrain_after_insert_super32k,ok,,,,,,152038,1,0,,experiments/pq_drift_1m_aris_main_20260522/indexes/phaseC_cycle05_no_retrain_after_insert,/mnt/bak3/lzg/PipeANN-supersector32k-work/indexes/phaseC_cycle05_no_retrain_after_insert_super32k,1.131778
prefilter,1804.190587,,,,,,,,,,100000.0,,,cycle05_no_retrain_across_cycles_intersect_u1e-01,100,0-15,16,True,,1.804373,0,0,,10000,0,16,supersector32k,1000000,285616,152038,100000.0,262.529,152038,measure-dynamic-search,1743.237,1969.926,1992.232,4096,full,4096,1000000,16,1000,285616,554.20923,1276,285616,/mnt/bak3/lzg/PipeANN-github/build/tests/dynamic_update_suite_driver --mode measure-dynamic-search --source-prefix /mnt/bak3/lzg/PipeANN-supersector32k-work/indexes/phaseC_cycle05_no_retrain_after_insert_super32k --jsonl-output /mnt/bak3/lzg/PipeANN-github/experiments/supersector32k_packing_aris_20260523/tmp/full_cycle05_no_retrain_across_cycles_intersect_u1e-01_184.jsonl --insert-threads 16 --search-threads 1 --merge-threads 16 --build-l 220 --build-r 116 --beamwidth 4 --k 10 --cpu-cap 16 --metric l2 --route prefilter --search-l 100 --data-bin experiments/pq_drift_1m_aris_main_20260522/data/phaseC_cycle05_live_data_by_tag.bin --base-label-file experiments/pq_drift_1m_aris_main_20260522/labels/base_labels_1000000.spmat --query-bin /mnt/bak3/lzg/PipeANN-github/experiments/r116_suite_pq16_aris_20260520_072453/data/sift_query_1000.bin --truthset-bin experiments/pq_drift_1m_aris_main_20260522/truth/phaseC_cycle05_intersect_u1e-01.bin --query-label-file /mnt/bak3/lzg/PipeANN-github/experiments/r116_suite_pq16_aris_20260520_072453/labels/query_1000_u1e-01.spmat --selector-type intersect --query-limit 1000,98.53,,3.3535687923431396,taskset -c 0-15 /mnt/bak3/lzg/PipeANN-github/build/tests/dynamic_update_suite_driver --mode measure-dynamic-search --source-prefix /mnt/bak3/lzg/PipeANN-supersector32k-work/indexes/phaseC_cycle05_no_retrain_after_insert_super32k --jsonl-output /mnt/bak3/lzg/PipeANN-github/experiments/supersector32k_packing_aris_20260523/tmp/full_cycle05_no_retrain_across_cycles_intersect_u1e-01_184.jsonl --insert-threads 16 --search-threads 1 --merge-threads 16 --build-l 220 --build-r 116 --beamwidth 4 --k 10 --cpu-cap 16 --metric l2 --route prefilter --search-l 100 --data-bin experiments/pq_drift_1m_aris_main_20260522/data/phaseC_cycle05_live_data_by_tag.bin --base-label-file experiments/pq_drift_1m_aris_main_20260522/labels/base_labels_1000000.spmat --query-bin /mnt/bak3/lzg/PipeANN-github/experiments/r116_suite_pq16_aris_20260520_072453/data/sift_query_1000.bin --truthset-bin experiments/pq_drift_1m_aris_main_20260522/truth/phaseC_cycle05_intersect_u1e-01.bin --query-label-file /mnt/bak3/lzg/PipeANN-github/experiments/r116_suite_pq16_aris_20260520_072453/labels/query_1000_u1e-01.spmat --selector-type intersect --query-limit 1000,,prefilter,285616,284340,100,/mnt/bak3/lzg/PipeANN-supersector32k-work/indexes/phaseC_cycle05_no_retrain_after_insert_super32k,ok,,,,,,152038,1,0,,experiments/pq_drift_1m_aris_main_20260522/indexes/phaseC_cycle05_no_retrain_after_insert,/mnt/bak3/lzg/PipeANN-supersector32k-work/indexes/phaseC_cycle05_no_retrain_after_insert_super32k,1.804373
prefilter,3940.996564,,,,,,,,,,250000.0,,,cycle05_no_retrain_across_cycles_intersect_u25,300,0-15,16,True,,3.941273,0,0,,10000,0,16,supersector32k,1000000,285632,152038,250000.0,398.939,152038,measure-dynamic-search,3880.86,4107.71,4149.282,4096,full,4096,1000000,16,1000,285632,253.725147,1204,285632,/mnt/bak3/lzg/PipeANN-github/build/tests/dynamic_update_suite_driver --mode measure-dynamic-search --source-prefix /mnt/bak3/lzg/PipeANN-supersector32k-work/indexes/phaseC_cycle05_no_retrain_after_insert_super32k --jsonl-output /mnt/bak3/lzg/PipeANN-github/experiments/supersector32k_packing_aris_20260523/tmp/full_cycle05_no_retrain_across_cycles_intersect_u25_185.jsonl --insert-threads 16 --search-threads 1 --merge-threads 16 --build-l 220 --build-r 116 --beamwidth 4 --k 10 --cpu-cap 16 --metric l2 --route prefilter --search-l 300 --data-bin experiments/pq_drift_1m_aris_main_20260522/data/phaseC_cycle05_live_data_by_tag.bin --base-label-file experiments/pq_drift_1m_aris_main_20260522/labels/base_labels_1000000.spmat --query-bin /mnt/bak3/lzg/PipeANN-github/experiments/r116_suite_pq16_aris_20260520_072453/data/sift_query_1000.bin --truthset-bin experiments/pq_drift_1m_aris_main_20260522/truth/phaseC_cycle05_intersect_u25.bin --query-label-file /mnt/bak3/lzg/PipeANN-github/experiments/r116_suite_pq16_aris_20260520_072453/labels/query_1000_u25.spmat --selector-type intersect --query-limit 1000,99.12,,5.543579578399658,taskset -c 0-15 /mnt/bak3/lzg/PipeANN-github/build/tests/dynamic_update_suite_driver --mode measure-dynamic-search --source-prefix /mnt/bak3/lzg/PipeANN-supersector32k-work/indexes/phaseC_cycle05_no_retrain_after_insert_super32k --jsonl-output /mnt/bak3/lzg/PipeANN-github/experiments/supersector32k_packing_aris_20260523/tmp/full_cycle05_no_retrain_across_cycles_intersect_u25_185.jsonl --insert-threads 16 --search-threads 1 --merge-threads 16 --build-l 220 --build-r 116 --beamwidth 4 --k 10 --cpu-cap 16 --metric l2 --route prefilter --search-l 300 --data-bin experiments/pq_drift_1m_aris_main_20260522/data/phaseC_cycle05_live_data_by_tag.bin --base-label-file experiments/pq_drift_1m_aris_main_20260522/labels/base_labels_1000000.spmat --query-bin /mnt/bak3/lzg/PipeANN-github/experiments/r116_suite_pq16_aris_20260520_072453/data/sift_query_1000.bin --truthset-bin experiments/pq_drift_1m_aris_main_20260522/truth/phaseC_cycle05_intersect_u25.bin --query-label-file /mnt/bak3/lzg/PipeANN-github/experiments/r116_suite_pq16_aris_20260520_072453/labels/query_1000_u25.spmat --selector-type intersect --query-limit 1000,,prefilter,261212,284428,300,/mnt/bak3/lzg/PipeANN-supersector32k-work/indexes/phaseC_cycle05_no_retrain_after_insert_super32k,ok,,,,,,152038,1,0,,experiments/pq_drift_1m_aris_main_20260522/indexes/phaseC_cycle05_no_retrain_after_insert,/mnt/bak3/lzg/PipeANN-supersector32k-work/indexes/phaseC_cycle05_no_retrain_after_insert_super32k,3.941273
prefilter,4462.712234,,,,,,,,,,300000.0,,,cycle05_no_retrain_across_cycles_intersect_u30,250,0-15,16,True,,4.462973,0,0,,10000,0,16,supersector32k,1000000,285720,152038,300000.0,442.861,152038,measure-dynamic-search,4379.456,4600.82,4689.668,4096,full,4096,1000000,16,1000,285720,224.06587,1400,285720,/mnt/bak3/lzg/PipeANN-github/build/tests/dynamic_update_suite_driver --mode measure-dynamic-search --source-prefix /mnt/bak3/lzg/PipeANN-supersector32k-work/indexes/phaseC_cycle05_no_retrain_after_insert_super32k --jsonl-output /mnt/bak3/lzg/PipeANN-github/experiments/supersector32k_packing_aris_20260523/tmp/full_cycle05_no_retrain_across_cycles_intersect_u30_186.jsonl --insert-threads 16 --search-threads 1 --merge-threads 16 --build-l 220 --build-r 116 --beamwidth 4 --k 10 --cpu-cap 16 --metric l2 --route prefilter --search-l 250 --data-bin experiments/pq_drift_1m_aris_main_20260522/data/phaseC_cycle05_live_data_by_tag.bin --base-label-file experiments/pq_drift_1m_aris_main_20260522/labels/base_labels_1000000.spmat --query-bin /mnt/bak3/lzg/PipeANN-github/experiments/r116_suite_pq16_aris_20260520_072453/data/sift_query_1000.bin --truthset-bin experiments/pq_drift_1m_aris_main_20260522/truth/phaseC_cycle05_intersect_u30.bin --query-label-file /mnt/bak3/lzg/PipeANN-github/experiments/r116_suite_pq16_aris_20260520_072453/labels/query_1000_u30.spmat --selector-type intersect --query-limit 1000,98.3,,6.069613456726074,taskset -c 0-15 /mnt/bak3/lzg/PipeANN-github/build/tests/dynamic_update_suite_driver --mode measure-dynamic-search --source-prefix /mnt/bak3/lzg/PipeANN-supersector32k-work/indexes/phaseC_cycle05_no_retrain_after_insert_super32k --jsonl-output /mnt/bak3/lzg/PipeANN-github/experiments/supersector32k_packing_aris_20260523/tmp/full_cycle05_no_retrain_across_cycles_intersect_u30_186.jsonl --insert-threads 16 --search-threads 1 --merge-threads 16 --build-l 220 --build-r 116 --beamwidth 4 --k 10 --cpu-cap 16 --metric l2 --route prefilter --search-l 250 --data-bin experiments/pq_drift_1m_aris_main_20260522/data/phaseC_cycle05_live_data_by_tag.bin --base-label-file experiments/pq_drift_1m_aris_main_20260522/labels/base_labels_1000000.spmat --query-bin /mnt/bak3/lzg/PipeANN-github/experiments/r116_suite_pq16_aris_20260520_072453/data/sift_query_1000.bin --truthset-bin experiments/pq_drift_1m_aris_main_20260522/truth/phaseC_cycle05_intersect_u30.bin --query-label-file /mnt/bak3/lzg/PipeANN-github/experiments/r116_suite_pq16_aris_20260520_072453/labels/query_1000_u30.spmat --selector-type intersect --query-limit 1000,,prefilter,285720,284320,250,/mnt/bak3/lzg/PipeANN-supersector32k-work/indexes/phaseC_cycle05_no_retrain_after_insert_super32k,ok,,,,,,152038,1,0,,experiments/pq_drift_1m_aris_main_20260522/indexes/phaseC_cycle05_no_retrain_after_insert,/mnt/bak3/lzg/PipeANN-supersector32k-work/indexes/phaseC_cycle05_no_retrain_after_insert_super32k,4.462973
prefilter,6767.77749,,,,,,,,,,500000.0,,,cycle05_no_retrain_across_cycles_intersect_u50,250,0-15,16,True,,6.768037,0,0,,10000,0,16,supersector32k,1000000,285628,152038,500000.0,632.295,152038,measure-dynamic-search,6752.845,6800.019,7005.595,4096,full,4096,1000000,16,1000,285628,147.75332,1336,285628,/mnt/bak3/lzg/PipeANN-github/build/tests/dynamic_update_suite_driver --mode measure-dynamic-search --source-prefix /mnt/bak3/lzg/PipeANN-supersector32k-work/indexes/phaseC_cycle05_no_retrain_after_insert_super32k --jsonl-output /mnt/bak3/lzg/PipeANN-github/experiments/supersector32k_packing_aris_20260523/tmp/full_cycle05_no_retrain_across_cycles_intersect_u50_187.jsonl --insert-threads 16 --search-threads 1 --merge-threads 16 --build-l 220 --build-r 116 --beamwidth 4 --k 10 --cpu-cap 16 --metric l2 --route prefilter --search-l 250 --data-bin experiments/pq_drift_1m_aris_main_20260522/data/phaseC_cycle05_live_data_by_tag.bin --base-label-file experiments/pq_drift_1m_aris_main_20260522/labels/base_labels_1000000.spmat --query-bin /mnt/bak3/lzg/PipeANN-github/experiments/r116_suite_pq16_aris_20260520_072453/data/sift_query_1000.bin --truthset-bin experiments/pq_drift_1m_aris_main_20260522/truth/phaseC_cycle05_intersect_u50.bin --query-label-file /mnt/bak3/lzg/PipeANN-github/experiments/r116_suite_pq16_aris_20260520_072453/labels/query_1000_u50.spmat --selector-type intersect --query-limit 1000,98.17,,8.367830753326416,taskset -c 0-15 /mnt/bak3/lzg/PipeANN-github/build/tests/dynamic_update_suite_driver --mode measure-dynamic-search --source-prefix /mnt/bak3/lzg/PipeANN-supersector32k-work/indexes/phaseC_cycle05_no_retrain_after_insert_super32k --jsonl-output /mnt/bak3/lzg/PipeANN-github/experiments/supersector32k_packing_aris_20260523/tmp/full_cycle05_no_retrain_across_cycles_intersect_u50_187.jsonl --insert-threads 16 --search-threads 1 --merge-threads 16 --build-l 220 --build-r 116 --beamwidth 4 --k 10 --cpu-cap 16 --metric l2 --route prefilter --search-l 250 --data-bin experiments/pq_drift_1m_aris_main_20260522/data/phaseC_cycle05_live_data_by_tag.bin --base-label-file experiments/pq_drift_1m_aris_main_20260522/labels/base_labels_1000000.spmat --query-bin /mnt/bak3/lzg/PipeANN-github/experiments/r116_suite_pq16_aris_20260520_072453/data/sift_query_1000.bin --truthset-bin experiments/pq_drift_1m_aris_main_20260522/truth/phaseC_cycle05_intersect_u50.bin --query-label-file /mnt/bak3/lzg/PipeANN-github/experiments/r116_suite_pq16_aris_20260520_072453/labels/query_1000_u50.spmat --selector-type intersect --query-limit 1000,,prefilter,285576,284292,250,/mnt/bak3/lzg/PipeANN-supersector32k-work/indexes/phaseC_cycle05_no_retrain_after_insert_super32k,ok,,,,,,152038,1,0,,experiments/pq_drift_1m_aris_main_20260522/indexes/phaseC_cycle05_no_retrain_after_insert,/mnt/bak3/lzg/PipeANN-supersector32k-work/indexes/phaseC_cycle05_no_retrain_after_insert_super32k,6.768037
graph,8920.358317,,,,,,,,,,750000.0,,,cycle05_no_retrain_across_cycles_intersect_u75,400,0-15,16,True,,8.920581,0,0,,10000,1000,16,supersector32k,1000000,299520,152038,750000.0,16.501,152038,measure-dynamic-search,8882.298,9292.919,9608.553,4096,full,4096,1000000,16,0,299520,112.100328,13004,299520,/mnt/bak3/lzg/PipeANN-github/build/tests/dynamic_update_suite_driver --mode measure-dynamic-search --source-prefix /mnt/bak3/lzg/PipeANN-supersector32k-work/indexes/phaseC_cycle05_no_retrain_after_insert_super32k --jsonl-output /mnt/bak3/lzg/PipeANN-github/experiments/supersector32k_packing_aris_20260523/tmp/full_cycle05_no_retrain_across_cycles_intersect_u75_188.jsonl --insert-threads 16 --search-threads 1 --merge-threads 16 --build-l 220 --build-r 116 --beamwidth 4 --k 10 --cpu-cap 16 --metric l2 --route graph --search-l 400 --data-bin experiments/pq_drift_1m_aris_main_20260522/data/phaseC_cycle05_live_data_by_tag.bin --base-label-file experiments/pq_drift_1m_aris_main_20260522/labels/base_labels_1000000.spmat --query-bin /mnt/bak3/lzg/PipeANN-github/experiments/r116_suite_pq16_aris_20260520_072453/data/sift_query_1000.bin --truthset-bin experiments/pq_drift_1m_aris_main_20260522/truth/phaseC_cycle05_intersect_u75.bin --query-label-file /mnt/bak3/lzg/PipeANN-github/experiments/r116_suite_pq16_aris_20260520_072453/labels/query_1000_u75.spmat --selector-type intersect --query-limit 1000,98.07,,10.51939058303833,taskset -c 0-15 /mnt/bak3/lzg/PipeANN-github/build/tests/dynamic_update_suite_driver --mode measure-dynamic-search --source-prefix /mnt/bak3/lzg/PipeANN-supersector32k-work/indexes/phaseC_cycle05_no_retrain_after_insert_super32k --jsonl-output /mnt/bak3/lzg/PipeANN-github/experiments/supersector32k_packing_aris_20260523/tmp/full_cycle05_no_retrain_across_cycles_intersect_u75_188.jsonl --insert-threads 16 --search-threads 1 --merge-threads 16 --build-l 220 --build-r 116 --beamwidth 4 --k 10 --cpu-cap 16 --metric l2 --route graph --search-l 400 --data-bin experiments/pq_drift_1m_aris_main_20260522/data/phaseC_cycle05_live_data_by_tag.bin --base-label-file experiments/pq_drift_1m_aris_main_20260522/labels/base_labels_1000000.spmat --query-bin /mnt/bak3/lzg/PipeANN-github/experiments/r116_suite_pq16_aris_20260520_072453/data/sift_query_1000.bin --truthset-bin experiments/pq_drift_1m_aris_main_20260522/truth/phaseC_cycle05_intersect_u75.bin --query-label-file /mnt/bak3/lzg/PipeANN-github/experiments/r116_suite_pq16_aris_20260520_072453/labels/query_1000_u75.spmat --selector-type intersect --query-limit 1000,,graph,299520,286516,400,/mnt/bak3/lzg/PipeANN-supersector32k-work/indexes/phaseC_cycle05_no_retrain_after_insert_super32k,ok,,,,,,152038,1,0,,experiments/pq_drift_1m_aris_main_20260522/indexes/phaseC_cycle05_no_retrain_after_insert,/mnt/bak3/lzg/PipeANN-supersector32k-work/indexes/phaseC_cycle05_no_retrain_after_insert_super32k,8.920581
graph,8921.900918,,,,,,,,,,1000000.0,,,cycle05_no_retrain_across_cycles_intersect_u100,400,0-15,16,True,,8.922083,0,0,,10000,1000,16,supersector32k,1000000,297416,152038,1000000.0,15.131,152038,measure-dynamic-search,8878.356,9308.877,9535.713,4096,full,4096,1000000,16,0,297416,112.081448,13068,297416,/mnt/bak3/lzg/PipeANN-github/build/tests/dynamic_update_suite_driver --mode measure-dynamic-search --source-prefix /mnt/bak3/lzg/PipeANN-supersector32k-work/indexes/phaseC_cycle05_no_retrain_after_insert_super32k --jsonl-output /mnt/bak3/lzg/PipeANN-github/experiments/supersector32k_packing_aris_20260523/tmp/full_cycle05_no_retrain_across_cycles_intersect_u100_189.jsonl --insert-threads 16 --search-threads 1 --merge-threads 16 --build-l 220 --build-r 116 --beamwidth 4 --k 10 --cpu-cap 16 --metric l2 --route graph --search-l 400 --data-bin experiments/pq_drift_1m_aris_main_20260522/data/phaseC_cycle05_live_data_by_tag.bin --base-label-file experiments/pq_drift_1m_aris_main_20260522/labels/base_labels_1000000.spmat --query-bin /mnt/bak3/lzg/PipeANN-github/experiments/r116_suite_pq16_aris_20260520_072453/data/sift_query_1000.bin --truthset-bin experiments/pq_drift_1m_aris_main_20260522/truth/phaseC_cycle05_intersect_u100.bin --query-label-file /mnt/bak3/lzg/PipeANN-github/experiments/r116_suite_pq16_aris_20260520_072453/labels/query_1000_u100.spmat --selector-type intersect --query-limit 1000,98.49,,10.550927639007568,taskset -c 0-15 /mnt/bak3/lzg/PipeANN-github/build/tests/dynamic_update_suite_driver --mode measure-dynamic-search --source-prefix /mnt/bak3/lzg/PipeANN-supersector32k-work/indexes/phaseC_cycle05_no_retrain_after_insert_super32k --jsonl-output /mnt/bak3/lzg/PipeANN-github/experiments/supersector32k_packing_aris_20260523/tmp/full_cycle05_no_retrain_across_cycles_intersect_u100_189.jsonl --insert-threads 16 --search-threads 1 --merge-threads 16 --build-l 220 --build-r 116 --beamwidth 4 --k 10 --cpu-cap 16 --metric l2 --route graph --search-l 400 --data-bin experiments/pq_drift_1m_aris_main_20260522/data/phaseC_cycle05_live_data_by_tag.bin --base-label-file experiments/pq_drift_1m_aris_main_20260522/labels/base_labels_1000000.spmat --query-bin /mnt/bak3/lzg/PipeANN-github/experiments/r116_suite_pq16_aris_20260520_072453/data/sift_query_1000.bin --truthset-bin experiments/pq_drift_1m_aris_main_20260522/truth/phaseC_cycle05_intersect_u100.bin --query-label-file /mnt/bak3/lzg/PipeANN-github/experiments/r116_suite_pq16_aris_20260520_072453/labels/query_1000_u100.spmat --selector-type intersect --query-limit 1000,,graph,297416,284348,400,/mnt/bak3/lzg/PipeANN-supersector32k-work/indexes/phaseC_cycle05_no_retrain_after_insert_super32k,ok,,,,,,152038,1,0,,experiments/pq_drift_1m_aris_main_20260522/indexes/phaseC_cycle05_no_retrain_after_insert,/mnt/bak3/lzg/PipeANN-supersector32k-work/indexes/phaseC_cycle05_no_retrain_after_insert_super32k,8.922083
prefilter,154.197062,,,,,,,,,,1000.0,,,cycle05_no_retrain_across_cycles_range_u1e-03,50,0-15,16,True,,0.154277,0,0,,10000,0,16,supersector32k,1000000,285808,152038,1000.0,52.054,152038,measure-dynamic-search,152.678,166.632,210.236,4096,full,4096,1000000,16,1000,285808,6481.853174,1316,285808,/mnt/bak3/lzg/PipeANN-github/build/tests/dynamic_update_suite_driver --mode measure-dynamic-search --source-prefix /mnt/bak3/lzg/PipeANN-supersector32k-work/indexes/phaseC_cycle05_no_retrain_after_insert_super32k --jsonl-output /mnt/bak3/lzg/PipeANN-github/experiments/supersector32k_packing_aris_20260523/tmp/full_cycle05_no_retrain_across_cycles_range_u1e-03_190.jsonl --insert-threads 16 --search-threads 1 --merge-threads 16 --build-l 220 --build-r 116 --beamwidth 4 --k 10 --cpu-cap 16 --metric l2 --route prefilter --search-l 50 --data-bin experiments/pq_drift_1m_aris_main_20260522/data/phaseC_cycle05_live_data_by_tag.bin --base-label-file experiments/pq_drift_1m_aris_main_20260522/labels/base_labels_1000000.spmat --query-bin /mnt/bak3/lzg/PipeANN-github/experiments/r116_suite_pq16_aris_20260520_072453/data/sift_query_1000.bin --truthset-bin experiments/pq_drift_1m_aris_main_20260522/truth/phaseC_cycle05_range_u1e-03.bin --query-label-file /mnt/bak3/lzg/PipeANN-github/experiments/r116_suite_pq16_aris_20260520_072453/labels/query_1000_range_u1e-03.spmat --selector-type range --query-limit 1000,99.98,,1.9914827346801758,taskset -c 0-15 /mnt/bak3/lzg/PipeANN-github/build/tests/dynamic_update_suite_driver --mode measure-dynamic-search --source-prefix /mnt/bak3/lzg/PipeANN-supersector32k-work/indexes/phaseC_cycle05_no_retrain_after_insert_super32k --jsonl-output /mnt/bak3/lzg/PipeANN-github/experiments/supersector32k_packing_aris_20260523/tmp/full_cycle05_no_retrain_across_cycles_range_u1e-03_190.jsonl --insert-threads 16 --search-threads 1 --merge-threads 16 --build-l 220 --build-r 116 --beamwidth 4 --k 10 --cpu-cap 16 --metric l2 --route prefilter --search-l 50 --data-bin experiments/pq_drift_1m_aris_main_20260522/data/phaseC_cycle05_live_data_by_tag.bin --base-label-file experiments/pq_drift_1m_aris_main_20260522/labels/base_labels_1000000.spmat --query-bin /mnt/bak3/lzg/PipeANN-github/experiments/r116_suite_pq16_aris_20260520_072453/data/sift_query_1000.bin --truthset-bin experiments/pq_drift_1m_aris_main_20260522/truth/phaseC_cycle05_range_u1e-03.bin --query-label-file /mnt/bak3/lzg/PipeANN-github/experiments/r116_suite_pq16_aris_20260520_072453/labels/query_1000_range_u1e-03.spmat --selector-type range --query-limit 1000,,prefilter,285808,284492,50,/mnt/bak3/lzg/PipeANN-supersector32k-work/indexes/phaseC_cycle05_no_retrain_after_insert_super32k,ok,,,,,,152038,1,0,,experiments/pq_drift_1m_aris_main_20260522/indexes/phaseC_cycle05_no_retrain_after_insert,/mnt/bak3/lzg/PipeANN-supersector32k-work/indexes/phaseC_cycle05_no_retrain_after_insert_super32k,0.154277
prefilter,212.833436,,,,,,,,,,3000.0,,,cycle05_no_retrain_across_cycles_range_u3e-03,50,0-15,16,True,,0.212935,0,0,,10000,0,16,supersector32k,1000000,285704,152038,3000.0,69.084,152038,measure-dynamic-search,209.701,231.503,263.163,4096,full,4096,1000000,16,1000,285704,4696.26447,1308,285704,/mnt/bak3/lzg/PipeANN-github/build/tests/dynamic_update_suite_driver --mode measure-dynamic-search --source-prefix /mnt/bak3/lzg/PipeANN-supersector32k-work/indexes/phaseC_cycle05_no_retrain_after_insert_super32k --jsonl-output /mnt/bak3/lzg/PipeANN-github/experiments/supersector32k_packing_aris_20260523/tmp/full_cycle05_no_retrain_across_cycles_range_u3e-03_191.jsonl --insert-threads 16 --search-threads 1 --merge-threads 16 --build-l 220 --build-r 116 --beamwidth 4 --k 10 --cpu-cap 16 --metric l2 --route prefilter --search-l 50 --data-bin experiments/pq_drift_1m_aris_main_20260522/data/phaseC_cycle05_live_data_by_tag.bin --base-label-file experiments/pq_drift_1m_aris_main_20260522/labels/base_labels_1000000.spmat --query-bin /mnt/bak3/lzg/PipeANN-github/experiments/r116_suite_pq16_aris_20260520_072453/data/sift_query_1000.bin --truthset-bin experiments/pq_drift_1m_aris_main_20260522/truth/phaseC_cycle05_range_u3e-03.bin --query-label-file /mnt/bak3/lzg/PipeANN-github/experiments/r116_suite_pq16_aris_20260520_072453/labels/query_1000_range_u3e-03.spmat --selector-type range --query-limit 1000,99.64,,2.0468342304229736,taskset -c 0-15 /mnt/bak3/lzg/PipeANN-github/build/tests/dynamic_update_suite_driver --mode measure-dynamic-search --source-prefix /mnt/bak3/lzg/PipeANN-supersector32k-work/indexes/phaseC_cycle05_no_retrain_after_insert_super32k --jsonl-output /mnt/bak3/lzg/PipeANN-github/experiments/supersector32k_packing_aris_20260523/tmp/full_cycle05_no_retrain_across_cycles_range_u3e-03_191.jsonl --insert-threads 16 --search-threads 1 --merge-threads 16 --build-l 220 --build-r 116 --beamwidth 4 --k 10 --cpu-cap 16 --metric l2 --route prefilter --search-l 50 --data-bin experiments/pq_drift_1m_aris_main_20260522/data/phaseC_cycle05_live_data_by_tag.bin --base-label-file experiments/pq_drift_1m_aris_main_20260522/labels/base_labels_1000000.spmat --query-bin /mnt/bak3/lzg/PipeANN-github/experiments/r116_suite_pq16_aris_20260520_072453/data/sift_query_1000.bin --truthset-bin experiments/pq_drift_1m_aris_main_20260522/truth/phaseC_cycle05_range_u3e-03.bin --query-label-file /mnt/bak3/lzg/PipeANN-github/experiments/r116_suite_pq16_aris_20260520_072453/labels/query_1000_range_u3e-03.spmat --selector-type range --query-limit 1000,,prefilter,285704,284396,50,/mnt/bak3/lzg/PipeANN-supersector32k-work/indexes/phaseC_cycle05_no_retrain_after_insert_super32k,ok,,,,,,152038,1,0,,experiments/pq_drift_1m_aris_main_20260522/indexes/phaseC_cycle05_no_retrain_after_insert,/mnt/bak3/lzg/PipeANN-supersector32k-work/indexes/phaseC_cycle05_no_retrain_after_insert_super32k,0.212935
prefilter,431.714993,,,,,,,,,,10000.0,,,cycle05_no_retrain_across_cycles_range_u1e-02,75,0-15,16,True,,0.43186,0,0,,10000,0,16,supersector32k,1000000,285656,152038,10000.0,144.329,152038,measure-dynamic-search,426.81,463.97,494.43,4096,full,4096,1000000,16,1000,285656,2315.567524,1248,285656,/mnt/bak3/lzg/PipeANN-github/build/tests/dynamic_update_suite_driver --mode measure-dynamic-search --source-prefix /mnt/bak3/lzg/PipeANN-supersector32k-work/indexes/phaseC_cycle05_no_retrain_after_insert_super32k --jsonl-output /mnt/bak3/lzg/PipeANN-github/experiments/supersector32k_packing_aris_20260523/tmp/full_cycle05_no_retrain_across_cycles_range_u1e-02_192.jsonl --insert-threads 16 --search-threads 1 --merge-threads 16 --build-l 220 --build-r 116 --beamwidth 4 --k 10 --cpu-cap 16 --metric l2 --route prefilter --search-l 75 --data-bin experiments/pq_drift_1m_aris_main_20260522/data/phaseC_cycle05_live_data_by_tag.bin --base-label-file experiments/pq_drift_1m_aris_main_20260522/labels/base_labels_1000000.spmat --query-bin /mnt/bak3/lzg/PipeANN-github/experiments/r116_suite_pq16_aris_20260520_072453/data/sift_query_1000.bin --truthset-bin experiments/pq_drift_1m_aris_main_20260522/truth/phaseC_cycle05_range_u1e-02.bin --query-label-file /mnt/bak3/lzg/PipeANN-github/experiments/r116_suite_pq16_aris_20260520_072453/labels/query_1000_range_u1e-02.spmat --selector-type range --query-limit 1000,99.63,,1.9631092548370361,taskset -c 0-15 /mnt/bak3/lzg/PipeANN-github/build/tests/dynamic_update_suite_driver --mode measure-dynamic-search --source-prefix /mnt/bak3/lzg/PipeANN-supersector32k-work/indexes/phaseC_cycle05_no_retrain_after_insert_super32k --jsonl-output /mnt/bak3/lzg/PipeANN-github/experiments/supersector32k_packing_aris_20260523/tmp/full_cycle05_no_retrain_across_cycles_range_u1e-02_192.jsonl --insert-threads 16 --search-threads 1 --merge-threads 16 --build-l 220 --build-r 116 --beamwidth 4 --k 10 --cpu-cap 16 --metric l2 --route prefilter --search-l 75 --data-bin experiments/pq_drift_1m_aris_main_20260522/data/phaseC_cycle05_live_data_by_tag.bin --base-label-file experiments/pq_drift_1m_aris_main_20260522/labels/base_labels_1000000.spmat --query-bin /mnt/bak3/lzg/PipeANN-github/experiments/r116_suite_pq16_aris_20260520_072453/data/sift_query_1000.bin --truthset-bin experiments/pq_drift_1m_aris_main_20260522/truth/phaseC_cycle05_range_u1e-02.bin --query-label-file /mnt/bak3/lzg/PipeANN-github/experiments/r116_suite_pq16_aris_20260520_072453/labels/query_1000_range_u1e-02.spmat --selector-type range --query-limit 1000,,prefilter,285656,284408,75,/mnt/bak3/lzg/PipeANN-supersector32k-work/indexes/phaseC_cycle05_no_retrain_after_insert_super32k,ok,,,,,,152038,1,0,,experiments/pq_drift_1m_aris_main_20260522/indexes/phaseC_cycle05_no_retrain_after_insert,/mnt/bak3/lzg/PipeANN-supersector32k-work/indexes/phaseC_cycle05_no_retrain_after_insert_super32k,0.43186
prefilter,1146.476875,,,,,,,,,,50000.0,,,cycle05_no_retrain_across_cycles_range_u5e-02,50,0-15,16,True,,1.146675,0,0,,10000,0,16,supersector32k,1000000,285764,152038,50000.0,236.771,152038,measure-dynamic-search,1127.183,1245.438,1292.134,4096,full,4096,1000000,16,1000,285764,872.086714,1404,285764,/mnt/bak3/lzg/PipeANN-github/build/tests/dynamic_update_suite_driver --mode measure-dynamic-search --source-prefix /mnt/bak3/lzg/PipeANN-supersector32k-work/indexes/phaseC_cycle05_no_retrain_after_insert_super32k --jsonl-output /mnt/bak3/lzg/PipeANN-github/experiments/supersector32k_packing_aris_20260523/tmp/full_cycle05_no_retrain_across_cycles_range_u5e-02_193.jsonl --insert-threads 16 --search-threads 1 --merge-threads 16 --build-l 220 --build-r 116 --beamwidth 4 --k 10 --cpu-cap 16 --metric l2 --route prefilter --search-l 50 --data-bin experiments/pq_drift_1m_aris_main_20260522/data/phaseC_cycle05_live_data_by_tag.bin --base-label-file experiments/pq_drift_1m_aris_main_20260522/labels/base_labels_1000000.spmat --query-bin /mnt/bak3/lzg/PipeANN-github/experiments/r116_suite_pq16_aris_20260520_072453/data/sift_query_1000.bin --truthset-bin experiments/pq_drift_1m_aris_main_20260522/truth/phaseC_cycle05_range_u5e-02.bin --query-label-file /mnt/bak3/lzg/PipeANN-github/experiments/r116_suite_pq16_aris_20260520_072453/labels/query_1000_range_u5e-02.spmat --selector-type range --query-limit 1000,98.98,,2.710057497024536,taskset -c 0-15 /mnt/bak3/lzg/PipeANN-github/build/tests/dynamic_update_suite_driver --mode measure-dynamic-search --source-prefix /mnt/bak3/lzg/PipeANN-supersector32k-work/indexes/phaseC_cycle05_no_retrain_after_insert_super32k --jsonl-output /mnt/bak3/lzg/PipeANN-github/experiments/supersector32k_packing_aris_20260523/tmp/full_cycle05_no_retrain_across_cycles_range_u5e-02_193.jsonl --insert-threads 16 --search-threads 1 --merge-threads 16 --build-l 220 --build-r 116 --beamwidth 4 --k 10 --cpu-cap 16 --metric l2 --route prefilter --search-l 50 --data-bin experiments/pq_drift_1m_aris_main_20260522/data/phaseC_cycle05_live_data_by_tag.bin --base-label-file experiments/pq_drift_1m_aris_main_20260522/labels/base_labels_1000000.spmat --query-bin /mnt/bak3/lzg/PipeANN-github/experiments/r116_suite_pq16_aris_20260520_072453/data/sift_query_1000.bin --truthset-bin experiments/pq_drift_1m_aris_main_20260522/truth/phaseC_cycle05_range_u5e-02.bin --query-label-file /mnt/bak3/lzg/PipeANN-github/experiments/r116_suite_pq16_aris_20260520_072453/labels/query_1000_range_u5e-02.spmat --selector-type range --query-limit 1000,,prefilter,285764,284360,50,/mnt/bak3/lzg/PipeANN-supersector32k-work/indexes/phaseC_cycle05_no_retrain_after_insert_super32k,ok,,,,,,152038,1,0,,experiments/pq_drift_1m_aris_main_20260522/indexes/phaseC_cycle05_no_retrain_after_insert,/mnt/bak3/lzg/PipeANN-supersector32k-work/indexes/phaseC_cycle05_no_retrain_after_insert_super32k,1.146675
prefilter,1810.049992,,,,,,,,,,100000.0,,,cycle05_no_retrain_across_cycles_range_u1e-01,100,0-15,16,True,,1.810239,0,0,,10000,0,16,supersector32k,1000000,285788,152038,100000.0,280.826,152038,measure-dynamic-search,1760.285,1985.695,2008.069,4096,full,4096,1000000,16,1000,285788,552.413367,1344,285788,/mnt/bak3/lzg/PipeANN-github/build/tests/dynamic_update_suite_driver --mode measure-dynamic-search --source-prefix /mnt/bak3/lzg/PipeANN-supersector32k-work/indexes/phaseC_cycle05_no_retrain_after_insert_super32k --jsonl-output /mnt/bak3/lzg/PipeANN-github/experiments/supersector32k_packing_aris_20260523/tmp/full_cycle05_no_retrain_across_cycles_range_u1e-01_194.jsonl --insert-threads 16 --search-threads 1 --merge-threads 16 --build-l 220 --build-r 116 --beamwidth 4 --k 10 --cpu-cap 16 --metric l2 --route prefilter --search-l 100 --data-bin experiments/pq_drift_1m_aris_main_20260522/data/phaseC_cycle05_live_data_by_tag.bin --base-label-file experiments/pq_drift_1m_aris_main_20260522/labels/base_labels_1000000.spmat --query-bin /mnt/bak3/lzg/PipeANN-github/experiments/r116_suite_pq16_aris_20260520_072453/data/sift_query_1000.bin --truthset-bin experiments/pq_drift_1m_aris_main_20260522/truth/phaseC_cycle05_range_u1e-01.bin --query-label-file /mnt/bak3/lzg/PipeANN-github/experiments/r116_suite_pq16_aris_20260520_072453/labels/query_1000_range_u1e-01.spmat --selector-type range --query-limit 1000,98.53,,3.3879153728485107,taskset -c 0-15 /mnt/bak3/lzg/PipeANN-github/build/tests/dynamic_update_suite_driver --mode measure-dynamic-search --source-prefix /mnt/bak3/lzg/PipeANN-supersector32k-work/indexes/phaseC_cycle05_no_retrain_after_insert_super32k --jsonl-output /mnt/bak3/lzg/PipeANN-github/experiments/supersector32k_packing_aris_20260523/tmp/full_cycle05_no_retrain_across_cycles_range_u1e-01_194.jsonl --insert-threads 16 --search-threads 1 --merge-threads 16 --build-l 220 --build-r 116 --beamwidth 4 --k 10 --cpu-cap 16 --metric l2 --route prefilter --search-l 100 --data-bin experiments/pq_drift_1m_aris_main_20260522/data/phaseC_cycle05_live_data_by_tag.bin --base-label-file experiments/pq_drift_1m_aris_main_20260522/labels/base_labels_1000000.spmat --query-bin /mnt/bak3/lzg/PipeANN-github/experiments/r116_suite_pq16_aris_20260520_072453/data/sift_query_1000.bin --truthset-bin experiments/pq_drift_1m_aris_main_20260522/truth/phaseC_cycle05_range_u1e-01.bin --query-label-file /mnt/bak3/lzg/PipeANN-github/experiments/r116_suite_pq16_aris_20260520_072453/labels/query_1000_range_u1e-01.spmat --selector-type range --query-limit 1000,,prefilter,285788,284444,100,/mnt/bak3/lzg/PipeANN-supersector32k-work/indexes/phaseC_cycle05_no_retrain_after_insert_super32k,ok,,,,,,152038,1,0,,experiments/pq_drift_1m_aris_main_20260522/indexes/phaseC_cycle05_no_retrain_after_insert,/mnt/bak3/lzg/PipeANN-supersector32k-work/indexes/phaseC_cycle05_no_retrain_after_insert_super32k,1.810239
prefilter,3942.699122,,,,,,,,,,250000.0,,,cycle05_no_retrain_across_cycles_range_u25,250,0-15,16,True,,3.942983,0,0,,10000,0,16,supersector32k,1000000,285564,152038,250000.0,425.542,152038,measure-dynamic-search,3868.086,4095.377,4136.676,4096,full,4096,1000000,16,1000,285564,253.615071,1204,285564,/mnt/bak3/lzg/PipeANN-github/build/tests/dynamic_update_suite_driver --mode measure-dynamic-search --source-prefix /mnt/bak3/lzg/PipeANN-supersector32k-work/indexes/phaseC_cycle05_no_retrain_after_insert_super32k --jsonl-output /mnt/bak3/lzg/PipeANN-github/experiments/supersector32k_packing_aris_20260523/tmp/full_cycle05_no_retrain_across_cycles_range_u25_195.jsonl --insert-threads 16 --search-threads 1 --merge-threads 16 --build-l 220 --build-r 116 --beamwidth 4 --k 10 --cpu-cap 16 --metric l2 --route prefilter --search-l 250 --data-bin experiments/pq_drift_1m_aris_main_20260522/data/phaseC_cycle05_live_data_by_tag.bin --base-label-file experiments/pq_drift_1m_aris_main_20260522/labels/base_labels_1000000.spmat --query-bin /mnt/bak3/lzg/PipeANN-github/experiments/r116_suite_pq16_aris_20260520_072453/data/sift_query_1000.bin --truthset-bin experiments/pq_drift_1m_aris_main_20260522/truth/phaseC_cycle05_range_u25.bin --query-label-file /mnt/bak3/lzg/PipeANN-github/experiments/r116_suite_pq16_aris_20260520_072453/labels/query_1000_range_u25.spmat --selector-type range --query-limit 1000,98.71,,5.491652727127075,taskset -c 0-15 /mnt/bak3/lzg/PipeANN-github/build/tests/dynamic_update_suite_driver --mode measure-dynamic-search --source-prefix /mnt/bak3/lzg/PipeANN-supersector32k-work/indexes/phaseC_cycle05_no_retrain_after_insert_super32k --jsonl-output /mnt/bak3/lzg/PipeANN-github/experiments/supersector32k_packing_aris_20260523/tmp/full_cycle05_no_retrain_across_cycles_range_u25_195.jsonl --insert-threads 16 --search-threads 1 --merge-threads 16 --build-l 220 --build-r 116 --beamwidth 4 --k 10 --cpu-cap 16 --metric l2 --route prefilter --search-l 250 --data-bin experiments/pq_drift_1m_aris_main_20260522/data/phaseC_cycle05_live_data_by_tag.bin --base-label-file experiments/pq_drift_1m_aris_main_20260522/labels/base_labels_1000000.spmat --query-bin /mnt/bak3/lzg/PipeANN-github/experiments/r116_suite_pq16_aris_20260520_072453/data/sift_query_1000.bin --truthset-bin experiments/pq_drift_1m_aris_main_20260522/truth/phaseC_cycle05_range_u25.bin --query-label-file /mnt/bak3/lzg/PipeANN-github/experiments/r116_suite_pq16_aris_20260520_072453/labels/query_1000_range_u25.spmat --selector-type range --query-limit 1000,,prefilter,261280,284360,250,/mnt/bak3/lzg/PipeANN-supersector32k-work/indexes/phaseC_cycle05_no_retrain_after_insert_super32k,ok,,,,,,152038,1,0,,experiments/pq_drift_1m_aris_main_20260522/indexes/phaseC_cycle05_no_retrain_after_insert,/mnt/bak3/lzg/PipeANN-supersector32k-work/indexes/phaseC_cycle05_no_retrain_after_insert_super32k,3.942983
prefilter,4575.319438,,,,,,,,,,300000.0,,,cycle05_no_retrain_across_cycles_range_u30,300,0-15,16,True,,4.575558,0,0,,10000,0,16,supersector32k,1000000,287884,152038,300000.0,480.037,152038,measure-dynamic-search,4495.572,4726.288,4762.312,4096,full,4096,1000000,16,1000,287884,218.552582,1528,287884,/mnt/bak3/lzg/PipeANN-github/build/tests/dynamic_update_suite_driver --mode measure-dynamic-search --source-prefix /mnt/bak3/lzg/PipeANN-supersector32k-work/indexes/phaseC_cycle05_no_retrain_after_insert_super32k --jsonl-output /mnt/bak3/lzg/PipeANN-github/experiments/supersector32k_packing_aris_20260523/tmp/full_cycle05_no_retrain_across_cycles_range_u30_196.jsonl --insert-threads 16 --search-threads 1 --merge-threads 16 --build-l 220 --build-r 116 --beamwidth 4 --k 10 --cpu-cap 16 --metric l2 --route prefilter --search-l 300 --data-bin experiments/pq_drift_1m_aris_main_20260522/data/phaseC_cycle05_live_data_by_tag.bin --base-label-file experiments/pq_drift_1m_aris_main_20260522/labels/base_labels_1000000.spmat --query-bin /mnt/bak3/lzg/PipeANN-github/experiments/r116_suite_pq16_aris_20260520_072453/data/sift_query_1000.bin --truthset-bin experiments/pq_drift_1m_aris_main_20260522/truth/phaseC_cycle05_range_u30.bin --query-label-file /mnt/bak3/lzg/PipeANN-github/experiments/r116_suite_pq16_aris_20260520_072453/labels/query_1000_range_u30.spmat --selector-type range --query-limit 1000,98.85,,6.179030656814575,taskset -c 0-15 /mnt/bak3/lzg/PipeANN-github/build/tests/dynamic_update_suite_driver --mode measure-dynamic-search --source-prefix /mnt/bak3/lzg/PipeANN-supersector32k-work/indexes/phaseC_cycle05_no_retrain_after_insert_super32k --jsonl-output /mnt/bak3/lzg/PipeANN-github/experiments/supersector32k_packing_aris_20260523/tmp/full_cycle05_no_retrain_across_cycles_range_u30_196.jsonl --insert-threads 16 --search-threads 1 --merge-threads 16 --build-l 220 --build-r 116 --beamwidth 4 --k 10 --cpu-cap 16 --metric l2 --route prefilter --search-l 300 --data-bin experiments/pq_drift_1m_aris_main_20260522/data/phaseC_cycle05_live_data_by_tag.bin --base-label-file experiments/pq_drift_1m_aris_main_20260522/labels/base_labels_1000000.spmat --query-bin /mnt/bak3/lzg/PipeANN-github/experiments/r116_suite_pq16_aris_20260520_072453/data/sift_query_1000.bin --truthset-bin experiments/pq_drift_1m_aris_main_20260522/truth/phaseC_cycle05_range_u30.bin --query-label-file /mnt/bak3/lzg/PipeANN-github/experiments/r116_suite_pq16_aris_20260520_072453/labels/query_1000_range_u30.spmat --selector-type range --query-limit 1000,,prefilter,287884,286356,300,/mnt/bak3/lzg/PipeANN-supersector32k-work/indexes/phaseC_cycle05_no_retrain_after_insert_super32k,ok,,,,,,152038,1,0,,experiments/pq_drift_1m_aris_main_20260522/indexes/phaseC_cycle05_no_retrain_after_insert,/mnt/bak3/lzg/PipeANN-supersector32k-work/indexes/phaseC_cycle05_no_retrain_after_insert_super32k,4.575558
prefilter,6801.371856,,,,,,,,,,500000.0,,,cycle05_no_retrain_across_cycles_range_u50,250,0-15,16,True,,6.801663,0,0,,10000,0,16,supersector32k,1000000,285496,152038,500000.0,671.714,152038,measure-dynamic-search,6783.488,6834.502,7019.28,4096,full,4096,1000000,16,1000,285496,147.022866,1208,285496,/mnt/bak3/lzg/PipeANN-github/build/tests/dynamic_update_suite_driver --mode measure-dynamic-search --source-prefix /mnt/bak3/lzg/PipeANN-supersector32k-work/indexes/phaseC_cycle05_no_retrain_after_insert_super32k --jsonl-output /mnt/bak3/lzg/PipeANN-github/experiments/supersector32k_packing_aris_20260523/tmp/full_cycle05_no_retrain_across_cycles_range_u50_197.jsonl --insert-threads 16 --search-threads 1 --merge-threads 16 --build-l 220 --build-r 116 --beamwidth 4 --k 10 --cpu-cap 16 --metric l2 --route prefilter --search-l 250 --data-bin experiments/pq_drift_1m_aris_main_20260522/data/phaseC_cycle05_live_data_by_tag.bin --base-label-file experiments/pq_drift_1m_aris_main_20260522/labels/base_labels_1000000.spmat --query-bin /mnt/bak3/lzg/PipeANN-github/experiments/r116_suite_pq16_aris_20260520_072453/data/sift_query_1000.bin --truthset-bin experiments/pq_drift_1m_aris_main_20260522/truth/phaseC_cycle05_range_u50.bin --query-label-file /mnt/bak3/lzg/PipeANN-github/experiments/r116_suite_pq16_aris_20260520_072453/labels/query_1000_range_u50.spmat --selector-type range --query-limit 1000,98.17,,8.408031225204468,taskset -c 0-15 /mnt/bak3/lzg/PipeANN-github/build/tests/dynamic_update_suite_driver --mode measure-dynamic-search --source-prefix /mnt/bak3/lzg/PipeANN-supersector32k-work/indexes/phaseC_cycle05_no_retrain_after_insert_super32k --jsonl-output /mnt/bak3/lzg/PipeANN-github/experiments/supersector32k_packing_aris_20260523/tmp/full_cycle05_no_retrain_across_cycles_range_u50_197.jsonl --insert-threads 16 --search-threads 1 --merge-threads 16 --build-l 220 --build-r 116 --beamwidth 4 --k 10 --cpu-cap 16 --metric l2 --route prefilter --search-l 250 --data-bin experiments/pq_drift_1m_aris_main_20260522/data/phaseC_cycle05_live_data_by_tag.bin --base-label-file experiments/pq_drift_1m_aris_main_20260522/labels/base_labels_1000000.spmat --query-bin /mnt/bak3/lzg/PipeANN-github/experiments/r116_suite_pq16_aris_20260520_072453/data/sift_query_1000.bin --truthset-bin experiments/pq_drift_1m_aris_main_20260522/truth/phaseC_cycle05_range_u50.bin --query-label-file /mnt/bak3/lzg/PipeANN-github/experiments/r116_suite_pq16_aris_20260520_072453/labels/query_1000_range_u50.spmat --selector-type range --query-limit 1000,,prefilter,285444,284288,250,/mnt/bak3/lzg/PipeANN-supersector32k-work/indexes/phaseC_cycle05_no_retrain_after_insert_super32k,ok,,,,,,152038,1,0,,experiments/pq_drift_1m_aris_main_20260522/indexes/phaseC_cycle05_no_retrain_after_insert,/mnt/bak3/lzg/PipeANN-supersector32k-work/indexes/phaseC_cycle05_no_retrain_after_insert_super32k,6.801663
mixed,8961.566543,,,,,,,,,,750000.0,,,cycle05_no_retrain_across_cycles_range_u75,400,0-15,16,True,,8.961731,0,1000,,10000,0,16,supersector32k,1000000,297528,152038,750000.0,58.72,152038,measure-dynamic-search,8922.402,9351.118,9794.328,4096,full,4096,1000000,16,0,297528,111.585591,13164,297528,/mnt/bak3/lzg/PipeANN-github/build/tests/dynamic_update_suite_driver --mode measure-dynamic-search --source-prefix /mnt/bak3/lzg/PipeANN-supersector32k-work/indexes/phaseC_cycle05_no_retrain_after_insert_super32k --jsonl-output /mnt/bak3/lzg/PipeANN-github/experiments/supersector32k_packing_aris_20260523/tmp/full_cycle05_no_retrain_across_cycles_range_u75_198.jsonl --insert-threads 16 --search-threads 1 --merge-threads 16 --build-l 220 --build-r 116 --beamwidth 4 --k 10 --cpu-cap 16 --metric l2 --route graph --search-l 400 --data-bin experiments/pq_drift_1m_aris_main_20260522/data/phaseC_cycle05_live_data_by_tag.bin --base-label-file experiments/pq_drift_1m_aris_main_20260522/labels/base_labels_1000000.spmat --query-bin /mnt/bak3/lzg/PipeANN-github/experiments/r116_suite_pq16_aris_20260520_072453/data/sift_query_1000.bin --truthset-bin experiments/pq_drift_1m_aris_main_20260522/truth/phaseC_cycle05_range_u75.bin --query-label-file /mnt/bak3/lzg/PipeANN-github/experiments/r116_suite_pq16_aris_20260520_072453/labels/query_1000_range_u75.spmat --selector-type range --query-limit 1000,98.06,,10.545169353485107,taskset -c 0-15 /mnt/bak3/lzg/PipeANN-github/build/tests/dynamic_update_suite_driver --mode measure-dynamic-search --source-prefix /mnt/bak3/lzg/PipeANN-supersector32k-work/indexes/phaseC_cycle05_no_retrain_after_insert_super32k --jsonl-output /mnt/bak3/lzg/PipeANN-github/experiments/supersector32k_packing_aris_20260523/tmp/full_cycle05_no_retrain_across_cycles_range_u75_198.jsonl --insert-threads 16 --search-threads 1 --merge-threads 16 --build-l 220 --build-r 116 --beamwidth 4 --k 10 --cpu-cap 16 --metric l2 --route graph --search-l 400 --data-bin experiments/pq_drift_1m_aris_main_20260522/data/phaseC_cycle05_live_data_by_tag.bin --base-label-file experiments/pq_drift_1m_aris_main_20260522/labels/base_labels_1000000.spmat --query-bin /mnt/bak3/lzg/PipeANN-github/experiments/r116_suite_pq16_aris_20260520_072453/data/sift_query_1000.bin --truthset-bin experiments/pq_drift_1m_aris_main_20260522/truth/phaseC_cycle05_range_u75.bin --query-label-file /mnt/bak3/lzg/PipeANN-github/experiments/r116_suite_pq16_aris_20260520_072453/labels/query_1000_range_u75.spmat --selector-type range --query-limit 1000,,graph,297528,284364,400,/mnt/bak3/lzg/PipeANN-supersector32k-work/indexes/phaseC_cycle05_no_retrain_after_insert_super32k,ok,,,,,,152038,1,0,,experiments/pq_drift_1m_aris_main_20260522/indexes/phaseC_cycle05_no_retrain_after_insert,/mnt/bak3/lzg/PipeANN-supersector32k-work/indexes/phaseC_cycle05_no_retrain_after_insert_super32k,8.961731
mixed,8948.326145,,,,,,,,,,1000000.0,,,cycle05_no_retrain_across_cycles_range_u100,400,0-15,16,True,,8.948522,0,1000,,10000,0,16,supersector32k,1000000,297388,152038,1000000.0,62.349,152038,measure-dynamic-search,8898.557,9357.833,9721.069,4096,full,4096,1000000,16,0,297388,111.7503,13164,297388,/mnt/bak3/lzg/PipeANN-github/build/tests/dynamic_update_suite_driver --mode measure-dynamic-search --source-prefix /mnt/bak3/lzg/PipeANN-supersector32k-work/indexes/phaseC_cycle05_no_retrain_after_insert_super32k --jsonl-output /mnt/bak3/lzg/PipeANN-github/experiments/supersector32k_packing_aris_20260523/tmp/full_cycle05_no_retrain_across_cycles_range_u100_199.jsonl --insert-threads 16 --search-threads 1 --merge-threads 16 --build-l 220 --build-r 116 --beamwidth 4 --k 10 --cpu-cap 16 --metric l2 --route graph --search-l 400 --data-bin experiments/pq_drift_1m_aris_main_20260522/data/phaseC_cycle05_live_data_by_tag.bin --base-label-file experiments/pq_drift_1m_aris_main_20260522/labels/base_labels_1000000.spmat --query-bin /mnt/bak3/lzg/PipeANN-github/experiments/r116_suite_pq16_aris_20260520_072453/data/sift_query_1000.bin --truthset-bin experiments/pq_drift_1m_aris_main_20260522/truth/phaseC_cycle05_range_u100.bin --query-label-file /mnt/bak3/lzg/PipeANN-github/experiments/r116_suite_pq16_aris_20260520_072453/labels/query_1000_range_u100.spmat --selector-type range --query-limit 1000,98.49,,10.468023777008057,taskset -c 0-15 /mnt/bak3/lzg/PipeANN-github/build/tests/dynamic_update_suite_driver --mode measure-dynamic-search --source-prefix /mnt/bak3/lzg/PipeANN-supersector32k-work/indexes/phaseC_cycle05_no_retrain_after_insert_super32k --jsonl-output /mnt/bak3/lzg/PipeANN-github/experiments/supersector32k_packing_aris_20260523/tmp/full_cycle05_no_retrain_across_cycles_range_u100_199.jsonl --insert-threads 16 --search-threads 1 --merge-threads 16 --build-l 220 --build-r 116 --beamwidth 4 --k 10 --cpu-cap 16 --metric l2 --route graph --search-l 400 --data-bin experiments/pq_drift_1m_aris_main_20260522/data/phaseC_cycle05_live_data_by_tag.bin --base-label-file experiments/pq_drift_1m_aris_main_20260522/labels/base_labels_1000000.spmat --query-bin /mnt/bak3/lzg/PipeANN-github/experiments/r116_suite_pq16_aris_20260520_072453/data/sift_query_1000.bin --truthset-bin experiments/pq_drift_1m_aris_main_20260522/truth/phaseC_cycle05_range_u100.bin --query-label-file /mnt/bak3/lzg/PipeANN-github/experiments/r116_suite_pq16_aris_20260520_072453/labels/query_1000_range_u100.spmat --selector-type range --query-limit 1000,,graph,297388,284224,400,/mnt/bak3/lzg/PipeANN-supersector32k-work/indexes/phaseC_cycle05_no_retrain_after_insert_super32k,ok,,,,,,152038,1,0,,experiments/pq_drift_1m_aris_main_20260522/indexes/phaseC_cycle05_no_retrain_after_insert,/mnt/bak3/lzg/PipeANN-supersector32k-work/indexes/phaseC_cycle05_no_retrain_after_insert_super32k,8.948522
