L,avg_await_ms,avg_cpu_pct,avg_disk_util_pct,avg_latency_us,avg_qd,avg_read_await_ms,avg_read_iops,avg_read_mb_s,avg_write_iops,avg_write_mb_s,await_ms,beamwidth,block_latency_count,block_latency_log,block_latency_mean_ms,block_latency_p50_ms,block_latency_p95_ms,block_latency_p99_ms,block_latency_status,block_latency_trace_dev,bottleneck_evidence,bucket_label,bucket_lower,bucket_midpoint,bucket_name,bucket_query_count,bucket_upper,chosen_L,chosen_prefilter_rerank_l,configured_L,configured_route,dataset,device,disk_metrics_reason,disk_metrics_status,disk_sanity_read_bytes,effective_device,elapsed_s,empty_count,fallback_count,format,graph_count,hybrid_enabled,index_prefix,iostat_log,max_await_ms,max_cpu_pct,max_disk_util_pct,max_qd,max_read_await_ms,max_read_iops,max_read_mb_s,max_rss_kb,max_tau_m,max_threshold_version,max_write_iops,max_write_mb_s,mean_candidate_count,mean_hops,mean_ios,mean_route_overhead_us,mem_L,min_tau_m,min_threshold_version,p50_latency_us,p95_latency_us,p999_latency_us,p99_latency_us,peak_memory_kb,prefilter_count,prefilter_rerank_l,prefilter_rerank_source,process_max_rss_kb,qdepth,qps,query_count,query_label_file,read_await_ms,read_iops,read_mb_s,recall,recall_at,recall_calibration_threads,recall_target,requested_device,resolved_route,returncode,route,sample_count,selectivity_group,selectivity_lower,selectivity_midpoint,selectivity_upper,selector_type,target_threads,tau_m,threads,threshold_version
100,,1452.818141,0.0,50.549999,0.0,,0.0,0.0,0.0,0.0,,4,,,,,,,,,cpu-bound-evidence,1.0e-03,0.001,0.001,u0p1,1000,0.001,100,14,100,prefilter,fashion_mnist784,nvme1c1n1,remapped static counter nvme1n1 to active counter nvme1c1n1,ok,67108864,nvme1c1n1,0.50316,0,0,pipeann.hybrid.search.v1,0,True,/mnt/bak3/lzg/PipeANN-github/data/fashion_mnist784/fashion_mnist784_qps4_pipeann,,0.0,1452.818141,0.0,0.0,0.0,0.0,0.0,17212,60000,1,0.0,0.0,60.0,0.0,60.0,0.01,0,60000,1,50.0,51.0,223.0,54.0,18424,1000,133,calibration,17212,0.0,19329.242188,1000,/mnt/bak3/lzg/PipeANN-github/experiments/qps_4sets/fashion_mnist784/recall_workloads/u0p1/query_labels.spmat,,0.0,0.0,100.0,10,32,98.0,nvme1n1,prefilter,0,prefilter,2,low,0.001,0.001,0.001,intersect,1,60000,1,1
100,,1448.756009,0.0,84.098,0.0,,0.0,0.0,0.0,0.0,,4,,,,,,,,,cpu-bound-evidence,1.0e-03,0.001,0.001,u0p1,1000,0.001,100,14,100,prefilter,fashion_mnist784,nvme1c1n1,remapped static counter nvme1n1 to active counter nvme1c1n1,ok,67108864,nvme1c1n1,0.50319,0,0,pipeann.hybrid.search.v1,0,True,/mnt/bak3/lzg/PipeANN-github/data/fashion_mnist784/fashion_mnist784_qps4_pipeann,,0.0,1448.756009,0.0,0.0,0.0,0.0,0.0,17492,60000,1,0.0,0.0,60.0,0.0,60.0,0.037,0,60000,1,81.0,113.0,354.0,166.0,18848,1000,133,calibration,17492,0.0,21321.115234,1000,/mnt/bak3/lzg/PipeANN-github/experiments/qps_4sets/fashion_mnist784/recall_workloads/u0p1/query_labels.spmat,,0.0,0.0,100.0,10,32,98.0,nvme1n1,prefilter,0,prefilter,2,low,0.001,0.001,0.001,intersect,2,60000,2,1
100,,1446.780582,0.0,111.444,0.0,,0.0,0.0,0.0,0.0,,4,,,,,,,,,cpu-bound-evidence,1.0e-03,0.001,0.001,u0p1,1000,0.001,100,14,100,prefilter,fashion_mnist784,nvme1c1n1,remapped static counter nvme1n1 to active counter nvme1c1n1,ok,67108864,nvme1c1n1,0.503186,0,0,pipeann.hybrid.search.v1,0,True,/mnt/bak3/lzg/PipeANN-github/data/fashion_mnist784/fashion_mnist784_qps4_pipeann,,0.0,1446.780582,0.0,0.0,0.0,0.0,0.0,18792,60000,1,0.0,0.0,60.0,0.0,60.0,0.148,0,60000,1,113.0,135.0,465.0,172.0,20476,1000,133,calibration,18792,0.0,34685.855469,1000,/mnt/bak3/lzg/PipeANN-github/experiments/qps_4sets/fashion_mnist784/recall_workloads/u0p1/query_labels.spmat,,0.0,0.0,100.0,10,32,98.0,nvme1n1,prefilter,0,prefilter,2,low,0.001,0.001,0.001,intersect,4,60000,4,1
100,0.166667,1444.776316,0.794925,186.091003,0.003975,,0.0,0.0,11.923876,0.908264,0.166667,4,,,,,,,,,cpu-bound-evidence,1.0e-03,0.001,0.001,u0p1,1000,0.001,100,14,100,prefilter,fashion_mnist784,nvme1c1n1,remapped static counter nvme1n1 to active counter nvme1c1n1,ok,67108864,nvme1c1n1,0.503192,0,0,pipeann.hybrid.search.v1,0,True,/mnt/bak3/lzg/PipeANN-github/data/fashion_mnist784/fashion_mnist784_qps4_pipeann,,0.166667,1444.776316,0.794925,0.003975,0.0,0.0,0.0,21540,60000,1,11.923876,0.908264,60.0,0.0,60.0,0.554,0,60000,1,183.0,210.0,805.0,281.0,22888,1000,133,calibration,21540,0.003975,36018.3125,1000,/mnt/bak3/lzg/PipeANN-github/experiments/qps_4sets/fashion_mnist784/recall_workloads/u0p1/query_labels.spmat,,0.0,0.0,100.0,10,32,98.0,nvme1n1,prefilter,0,prefilter,2,low,0.001,0.001,0.001,intersect,8,60000,8,1
100,,728.987687,0.0,193.065002,0.0,,0.0,0.0,0.0,0.0,,4,,,,,,,,,cpu-bound-evidence,5.0e-03,0.005,0.005,u0p5,1000,0.005,100,19,100,prefilter,fashion_mnist784,nvme1c1n1,remapped static counter nvme1n1 to active counter nvme1c1n1,ok,67108864,nvme1c1n1,1.006876,0,0,pipeann.hybrid.search.v1,0,True,/mnt/bak3/lzg/PipeANN-github/data/fashion_mnist784/fashion_mnist784_qps4_pipeann,,0.0,1458.775367,0.0,0.0,0.0,0.0,0.0,17124,60000,1,0.0,0.0,300.0,0.0,253.0,0.042,0,60000,1,189.0,194.0,603.0,315.0,18192,1000,253,calibration,17124,0.0,5129.011719,1000,/mnt/bak3/lzg/PipeANN-github/experiments/qps_4sets/fashion_mnist784/recall_workloads/u0p5/query_labels.spmat,,0.0,0.0,100.0,10,32,98.0,nvme1n1,prefilter,0,prefilter,3,low,0.005,0.005,0.005,intersect,1,60000,1,1
100,,1453.69143,0.0,230.929001,0.0,,0.0,0.0,0.0,0.0,,4,,,,,,,,,cpu-bound-evidence,5.0e-03,0.005,0.005,u0p5,1000,0.005,100,19,100,prefilter,fashion_mnist784,nvme1c1n1,remapped static counter nvme1n1 to active counter nvme1c1n1,ok,67108864,nvme1c1n1,0.500794,0,0,pipeann.hybrid.search.v1,0,True,/mnt/bak3/lzg/PipeANN-github/data/fashion_mnist784/fashion_mnist784_qps4_pipeann,,0.0,1453.69143,0.0,0.0,0.0,0.0,0.0,17500,60000,1,0.0,0.0,300.0,0.0,253.0,0.052,0,60000,1,220.0,256.0,678.0,270.0,18944,1000,253,calibration,17500,0.0,8482.040039,1000,/mnt/bak3/lzg/PipeANN-github/experiments/qps_4sets/fashion_mnist784/recall_workloads/u0p5/query_labels.spmat,,0.0,0.0,100.0,10,32,98.0,nvme1n1,prefilter,0,prefilter,2,low,0.005,0.005,0.005,intersect,2,60000,2,1
100,,1446.791186,0.0,447.02301,0.0,,0.0,0.0,0.0,0.0,,4,,,,,,,,,cpu-bound-evidence,5.0e-03,0.005,0.005,u0p5,1000,0.005,100,19,100,prefilter,fashion_mnist784,nvme1c1n1,remapped static counter nvme1n1 to active counter nvme1c1n1,ok,67108864,nvme1c1n1,0.503182,0,0,pipeann.hybrid.search.v1,0,True,/mnt/bak3/lzg/PipeANN-github/data/fashion_mnist784/fashion_mnist784_qps4_pipeann,,0.0,1446.791186,0.0,0.0,0.0,0.0,0.0,18792,60000,1,0.0,0.0,300.0,0.0,253.0,0.185,0,60000,1,453.0,493.0,1246.0,621.0,20400,1000,253,calibration,18792,0.0,8583.915039,1000,/mnt/bak3/lzg/PipeANN-github/experiments/qps_4sets/fashion_mnist784/recall_workloads/u0p5/query_labels.spmat,,0.0,0.0,100.0,10,32,98.0,nvme1n1,prefilter,0,prefilter,2,low,0.005,0.005,0.005,intersect,4,60000,4,1
100,,1444.795447,0.0,689.018005,0.0,,0.0,0.0,0.0,0.0,,4,,,,,,,,,cpu-bound-evidence,5.0e-03,0.005,0.005,u0p5,1000,0.005,100,19,100,prefilter,fashion_mnist784,nvme1c1n1,remapped static counter nvme1n1 to active counter nvme1c1n1,ok,67108864,nvme1c1n1,0.503185,0,0,pipeann.hybrid.search.v1,0,True,/mnt/bak3/lzg/PipeANN-github/data/fashion_mnist784/fashion_mnist784_qps4_pipeann,,0.0,1444.795447,0.0,0.0,0.0,0.0,0.0,21436,60000,1,0.0,0.0,300.0,0.0,253.0,0.489,0,60000,1,668.0,812.0,3942.0,955.0,23196,1000,253,calibration,21436,0.0,11021.862305,1000,/mnt/bak3/lzg/PipeANN-github/experiments/qps_4sets/fashion_mnist784/recall_workloads/u0p5/query_labels.spmat,,0.0,0.0,100.0,10,32,98.0,nvme1n1,prefilter,0,prefilter,2,low,0.005,0.005,0.005,intersect,8,60000,8,1
100,,723.012626,0.0,248.612,0.0,,0.0,0.0,0.0,0.0,,4,,,,,,,,,cpu-bound-evidence,1.0%,0.01,0.01,u1,1000,0.01,100,21,100,prefilter,fashion_mnist784,nvme1c1n1,remapped static counter nvme1n1 to active counter nvme1c1n1,ok,67108864,nvme1c1n1,1.006898,0,0,pipeann.hybrid.search.v1,0,True,/mnt/bak3/lzg/PipeANN-github/data/fashion_mnist784/fashion_mnist784_qps4_pipeann,,0.0,1446.798711,0.0,0.0,0.0,0.0,0.0,17080,60000,1,0.0,0.0,600.0,0.0,306.0,0.579,0,60000,1,244.0,248.0,820.0,403.0,18328,1000,306,calibration,17080,0.0,3991.811279,1000,/mnt/bak3/lzg/PipeANN-github/experiments/qps_4sets/fashion_mnist784/recall_workloads/u1/query_labels.spmat,,0.0,0.0,100.0,10,32,98.0,nvme1n1,prefilter,0,prefilter,3,low,0.01,0.01,0.01,intersect,1,60000,1,1
100,0.125,734.967674,0.39728,385.058014,0.006952,,0.0,0.0,55.619175,0.391848,0.125,4,,,,,,,,,cpu-bound-evidence,1.0%,0.01,0.01,u1,1000,0.01,100,21,100,prefilter,fashion_mnist784,nvme1c1n1,remapped static counter nvme1n1 to active counter nvme1c1n1,ok,67108864,nvme1c1n1,1.006847,0,0,pipeann.hybrid.search.v1,0,True,/mnt/bak3/lzg/PipeANN-github/data/fashion_mnist784/fashion_mnist784_qps4_pipeann,,0.125,1470.654039,0.794948,0.013912,0.0,0.0,0.0,17496,60000,1,111.292738,0.78408,600.0,0.0,306.0,0.948,0,60000,1,360.0,450.0,984.0,568.0,18948,1000,306,calibration,17496,0.006952,5060.696777,1000,/mnt/bak3/lzg/PipeANN-github/experiments/qps_4sets/fashion_mnist784/recall_workloads/u1/query_labels.spmat,,0.0,0.0,100.0,10,32,98.0,nvme1n1,prefilter,0,prefilter,3,low,0.01,0.01,0.01,intersect,2,60000,2,1
100,0.25,723.386458,0.79493,529.729004,0.0,,0.0,0.0,3.974651,0.139734,0.25,4,,,,,,,,,cpu-bound-evidence,1.0%,0.01,0.01,u1,1000,0.01,100,21,100,prefilter,fashion_mnist784,nvme1c1n1,remapped static counter nvme1n1 to active counter nvme1c1n1,ok,67108864,nvme1c1n1,1.006378,0,0,pipeann.hybrid.search.v1,0,True,/mnt/bak3/lzg/PipeANN-github/data/fashion_mnist784/fashion_mnist784_qps4_pipeann,,0.25,1446.623681,1.589696,0.0,0.0,0.0,0.0,18784,60000,1,7.948482,0.279439,600.0,0.0,306.0,0.929,0,60000,1,506.0,715.0,1202.0,740.0,20516,1000,306,calibration,18784,0.0,7289.649902,1000,/mnt/bak3/lzg/PipeANN-github/experiments/qps_4sets/fashion_mnist784/recall_workloads/u1/query_labels.spmat,,0.0,0.0,100.0,10,32,98.0,nvme1n1,prefilter,0,prefilter,3,low,0.01,0.01,0.01,intersect,4,60000,4,1
100,,724.292799,0.0,886.171021,0.0,,0.0,0.0,0.0,0.0,,4,,,,,,,,,cpu-bound-evidence,1.0%,0.01,0.01,u1,1000,0.01,100,21,100,prefilter,fashion_mnist784,nvme1c1n1,remapped static counter nvme1n1 to active counter nvme1c1n1,ok,67108864,nvme1c1n1,1.006499,0,0,pipeann.hybrid.search.v1,0,True,/mnt/bak3/lzg/PipeANN-github/data/fashion_mnist784/fashion_mnist784_qps4_pipeann,,0.0,1440.611315,0.0,0.0,0.0,0.0,0.0,21428,60000,1,0.0,0.0,600.0,0.0,306.0,1.412,0,60000,1,890.0,1001.0,1439.0,1040.0,23280,1000,306,calibration,21428,0.0,8412.592773,1000,/mnt/bak3/lzg/PipeANN-github/experiments/qps_4sets/fashion_mnist784/recall_workloads/u1/query_labels.spmat,,0.0,0.0,100.0,10,32,98.0,nvme1n1,prefilter,0,prefilter,3,low,0.01,0.01,0.01,intersect,8,60000,8,1
100,,499.116387,0.0,534.487,0.0,,0.0,0.0,0.0,0.0,,4,,,,,,,,,cpu-bound-evidence,2.0%,0.02,0.02,u2,1000,0.02,100,26,100,prefilter,fashion_mnist784,nvme1c1n1,remapped static counter nvme1n1 to active counter nvme1c1n1,ok,67108864,nvme1c1n1,1.51067,0,0,pipeann.hybrid.search.v1,0,True,/mnt/bak3/lzg/PipeANN-github/data/fashion_mnist784/fashion_mnist784_qps4_pipeann,,0.0,1498.08026,0.0,0.0,0.0,0.0,0.0,17208,60000,1,0.0,0.0,1200.0,0.0,395.0,1.962,0,60000,1,560.0,570.0,915.0,574.0,18376,1000,395,calibration,17208,0.0,1859.341431,1000,/mnt/bak3/lzg/PipeANN-github/experiments/qps_4sets/fashion_mnist784/recall_workloads/u2/query_labels.spmat,,0.0,0.0,100.0,10,32,98.0,nvme1n1,prefilter,0,prefilter,4,middle,0.02,0.02,0.02,intersect,1,60000,1,1
100,,724.921049,0.0,536.258972,0.0,,0.0,0.0,0.0,0.0,,4,,,,,,,,,cpu-bound-evidence,2.0%,0.02,0.02,u2,1000,0.02,100,26,100,prefilter,fashion_mnist784,nvme1c1n1,remapped static counter nvme1n1 to active counter nvme1c1n1,ok,67108864,nvme1c1n1,1.007006,0,0,pipeann.hybrid.search.v1,0,True,/mnt/bak3/lzg/PipeANN-github/data/fashion_mnist784/fashion_mnist784_qps4_pipeann,,0.0,1446.608756,0.0,0.0,0.0,0.0,0.0,17476,60000,1,0.0,0.0,1200.0,0.0,395.0,1.122,0,60000,1,459.0,722.0,1238.0,737.0,19228,1000,395,calibration,17476,0.0,3651.304688,1000,/mnt/bak3/lzg/PipeANN-github/experiments/qps_4sets/fashion_mnist784/recall_workloads/u2/query_labels.spmat,,0.0,0.0,100.0,10,32,98.0,nvme1n1,prefilter,0,prefilter,3,middle,0.02,0.02,0.02,intersect,2,60000,2,1
100,0.222222,778.462349,0.397175,513.926025,0.001986,,0.0,0.0,8.93643,0.159025,0.222222,4,,,,,,,,,cpu-bound-evidence,2.0%,0.02,0.02,u2,1000,0.02,100,26,100,prefilter,fashion_mnist784,nvme1c1n1,remapped static counter nvme1n1 to active counter nvme1c1n1,ok,67108864,nvme1c1n1,1.007114,0,0,pipeann.hybrid.search.v1,0,True,/mnt/bak3/lzg/PipeANN-github/data/fashion_mnist784/fashion_mnist784_qps4_pipeann,,0.222222,1557.87271,0.793866,0.003969,0.0,0.0,0.0,18800,60000,1,17.86199,0.317857,1200.0,0.0,395.0,1.242,0,60000,1,536.0,564.0,1132.0,649.0,20492,1000,395,calibration,18800,0.001986,7556.314941,1000,/mnt/bak3/lzg/PipeANN-github/experiments/qps_4sets/fashion_mnist784/recall_workloads/u2/query_labels.spmat,,0.0,0.0,100.0,10,32,98.0,nvme1n1,prefilter,0,prefilter,3,middle,0.02,0.02,0.02,intersect,4,60000,4,1
100,,852.352835,0.0,856.494019,0.0,,0.0,0.0,0.0,0.0,,4,,,,,,,,,cpu-bound-evidence,2.0%,0.02,0.02,u2,1000,0.02,100,26,100,prefilter,fashion_mnist784,nvme1c1n1,remapped static counter nvme1n1 to active counter nvme1c1n1,ok,67108864,nvme1c1n1,1.005452,0,0,pipeann.hybrid.search.v1,0,True,/mnt/bak3/lzg/PipeANN-github/data/fashion_mnist784/fashion_mnist784_qps4_pipeann,,0.0,1708.401168,0.0,0.0,0.0,0.0,0.0,21456,60000,1,0.0,0.0,1200.0,0.0,395.0,1.57,0,60000,1,864.0,937.0,1458.0,1148.0,23596,1000,395,calibration,21456,0.0,9152.520508,1000,/mnt/bak3/lzg/PipeANN-github/experiments/qps_4sets/fashion_mnist784/recall_workloads/u2/query_labels.spmat,,0.0,0.0,100.0,10,32,98.0,nvme1n1,prefilter,0,prefilter,3,middle,0.02,0.02,0.02,intersect,8,60000,8,1
100,,399.602747,0.0,755.64502,0.0,,0.0,0.0,0.0,0.0,,4,,,,,,,,,cpu-bound-evidence,5.0%,0.05,0.05,u5,1000,0.05,100,38,100,prefilter,fashion_mnist784,nvme1c1n1,remapped static counter nvme1n1 to active counter nvme1c1n1,ok,67108864,nvme1c1n1,2.014501,0,0,pipeann.hybrid.search.v1,0,True,/mnt/bak3/lzg/PipeANN-github/data/fashion_mnist784/fashion_mnist784_qps4_pipeann,,0.0,1502.094553,0.0,0.0,0.0,0.0,0.0,17100,60000,1,0.0,0.0,3000.0,0.0,493.0,1.667,0,60000,1,769.0,785.0,1210.0,793.0,18372,1000,493,calibration,17100,0.0,1302.328003,1000,/mnt/bak3/lzg/PipeANN-github/experiments/qps_4sets/fashion_mnist784/recall_workloads/u5/query_labels.spmat,,0.0,0.0,100.0,10,32,98.0,nvme1n1,prefilter,0,prefilter,5,middle,0.05,0.05,0.05,intersect,1,60000,1,1
100,,526.252458,0.0,838.72699,0.0,,0.0,0.0,0.0,0.0,,4,,,,,,,,,cpu-bound-evidence,5.0%,0.05,0.05,u5,1000,0.05,100,38,100,prefilter,fashion_mnist784,nvme1c1n1,remapped static counter nvme1n1 to active counter nvme1c1n1,ok,67108864,nvme1c1n1,1.510682,0,0,pipeann.hybrid.search.v1,0,True,/mnt/bak3/lzg/PipeANN-github/data/fashion_mnist784/fashion_mnist784_qps4_pipeann,,0.0,1555.629296,0.0,0.0,0.0,0.0,0.0,18424,60000,1,0.0,0.0,3000.0,0.0,493.0,1.082,0,60000,1,846.0,986.0,1319.0,1012.0,19228,1000,493,calibration,18424,0.0,2347.032471,1000,/mnt/bak3/lzg/PipeANN-github/experiments/qps_4sets/fashion_mnist784/recall_workloads/u5/query_labels.spmat,,0.0,0.0,100.0,10,32,98.0,nvme1n1,prefilter,0,prefilter,4,middle,0.05,0.05,0.05,intersect,2,60000,2,1
100,0.25,827.228156,0.397228,1099.442017,0.000993,,0.0,0.0,3.972284,0.124134,0.25,4,,,,,,,,,cpu-bound-evidence,5.0%,0.05,0.05,u5,1000,0.05,100,38,100,prefilter,fashion_mnist784,nvme1c1n1,remapped static counter nvme1n1 to active counter nvme1c1n1,ok,67108864,nvme1c1n1,1.006977,0,0,pipeann.hybrid.search.v1,0,True,/mnt/bak3/lzg/PipeANN-github/data/fashion_mnist784/fashion_mnist784_qps4_pipeann,,0.25,1654.804048,0.794624,0.001987,0.0,0.0,0.0,20016,60000,1,7.946238,0.24832,3000.0,0.0,493.0,1.928,0,60000,1,1070.0,1254.0,2001.0,1355.0,20556,1000,493,calibration,20016,0.000993,3589.170898,1000,/mnt/bak3/lzg/PipeANN-github/experiments/qps_4sets/fashion_mnist784/recall_workloads/u5/query_labels.spmat,,0.0,0.0,100.0,10,32,98.0,nvme1n1,prefilter,0,prefilter,3,middle,0.05,0.05,0.05,intersect,4,60000,4,1
100,,625.078266,0.0,2762.164062,0.0,,0.0,0.0,0.0,0.0,,4,,,,,,,,,cpu-bound-evidence,5.0%,0.05,0.05,u5,1000,0.05,100,38,100,prefilter,fashion_mnist784,nvme1c1n1,remapped static counter nvme1n1 to active counter nvme1c1n1,ok,67108864,nvme1c1n1,1.510211,0,0,pipeann.hybrid.search.v1,0,True,/mnt/bak3/lzg/PipeANN-github/data/fashion_mnist784/fashion_mnist784_qps4_pipeann,,0.0,1867.579896,0.0,0.0,0.0,0.0,0.0,21436,60000,1,0.0,0.0,3000.0,0.0,493.0,2.409,0,60000,1,2725.0,3321.0,3640.0,3413.0,23404,1000,493,calibration,21436,0.0,2876.269043,1000,/mnt/bak3/lzg/PipeANN-github/experiments/qps_4sets/fashion_mnist784/recall_workloads/u5/query_labels.spmat,,0.0,0.0,100.0,10,32,98.0,nvme1n1,prefilter,0,prefilter,4,middle,0.05,0.05,0.05,intersect,8,60000,8,1
100,,748.767045,0.0,254.503998,0.0,,0.0,0.0,0.0,0.0,,4,,,,,,,,,cpu-bound-evidence,10%,0.1,0.1,u10,1000,0.1,100,49,100,prefilter,fashion_mnist784,nvme1c1n1,remapped static counter nvme1n1 to active counter nvme1c1n1,ok,67108864,nvme1c1n1,1.006989,0,0,pipeann.hybrid.search.v1,0,True,/mnt/bak3/lzg/PipeANN-github/data/fashion_mnist784/fashion_mnist784_qps4_pipeann,,0.0,1497.929848,0.0,0.0,0.0,0.0,0.0,16964,60000,1,0.0,0.0,6000.0,0.0,49.0,1.244,0,60000,1,251.0,283.0,556.0,303.0,18560,1000,49,calibration,16964,0.0,3737.927979,1000,/mnt/bak3/lzg/PipeANN-github/experiments/qps_4sets/fashion_mnist784/recall_workloads/u10/query_labels.spmat,,0.0,0.0,98.080002,10,32,98.0,nvme1n1,prefilter,0,prefilter,3,high,0.1,0.1,0.1,intersect,1,60000,1,1
100,,744.06257,0.0,269.778992,0.0,,0.0,0.0,0.0,0.0,,4,,,,,,,,,cpu-bound-evidence,10%,0.1,0.1,u10,1000,0.1,100,49,100,prefilter,fashion_mnist784,nvme1c1n1,remapped static counter nvme1n1 to active counter nvme1c1n1,ok,67108864,nvme1c1n1,1.006636,0,0,pipeann.hybrid.search.v1,0,True,/mnt/bak3/lzg/PipeANN-github/data/fashion_mnist784/fashion_mnist784_qps4_pipeann,,0.0,1489.735441,0.0,0.0,0.0,0.0,0.0,17460,60000,1,0.0,0.0,6000.0,0.0,49.0,1.085,0,60000,1,265.0,301.0,570.0,327.0,19060,1000,49,calibration,17460,0.0,7058.411133,1000,/mnt/bak3/lzg/PipeANN-github/experiments/qps_4sets/fashion_mnist784/recall_workloads/u10/query_labels.spmat,,0.0,0.0,98.080002,10,32,98.0,nvme1n1,prefilter,0,prefilter,3,high,0.1,0.1,0.1,intersect,2,60000,2,1
100,,1461.575636,0.0,293.737,0.0,,0.0,0.0,0.0,0.0,,4,,,,,,,,,cpu-bound-evidence,10%,0.1,0.1,u10,1000,0.1,100,49,100,prefilter,fashion_mnist784,nvme1c1n1,remapped static counter nvme1n1 to active counter nvme1c1n1,ok,67108864,nvme1c1n1,0.502882,0,0,pipeann.hybrid.search.v1,0,True,/mnt/bak3/lzg/PipeANN-github/data/fashion_mnist784/fashion_mnist784_qps4_pipeann,,0.0,1461.575636,0.0,0.0,0.0,0.0,0.0,18808,60000,1,0.0,0.0,6000.0,0.0,49.0,1.456,0,60000,1,285.0,342.0,637.0,371.0,20656,1000,49,calibration,18808,0.0,12975.074219,1000,/mnt/bak3/lzg/PipeANN-github/experiments/qps_4sets/fashion_mnist784/recall_workloads/u10/query_labels.spmat,,0.0,0.0,98.080002,10,32,98.0,nvme1n1,prefilter,0,prefilter,2,high,0.1,0.1,0.1,intersect,4,60000,4,1
100,0.0,1458.406145,1.589543,341.714996,0.001987,,0.0,0.0,7.947717,0.263889,0.0,4,,,,,,,,,cpu-bound-evidence,10%,0.1,0.1,u10,1000,0.1,100,49,100,prefilter,fashion_mnist784,nvme1c1n1,remapped static counter nvme1n1 to active counter nvme1c1n1,ok,67108864,nvme1c1n1,0.503289,0,0,pipeann.hybrid.search.v1,0,True,/mnt/bak3/lzg/PipeANN-github/data/fashion_mnist784/fashion_mnist784_qps4_pipeann,,0.0,1458.406145,1.589543,0.001987,0.0,0.0,0.0,21568,60000,1,7.947717,0.263889,6000.0,0.0,49.0,2.009,0,60000,1,329.0,424.0,1294.0,495.0,23500,1000,49,calibration,21568,0.001987,22274.427734,1000,/mnt/bak3/lzg/PipeANN-github/experiments/qps_4sets/fashion_mnist784/recall_workloads/u10/query_labels.spmat,,0.0,0.0,98.080002,10,32,98.0,nvme1n1,prefilter,0,prefilter,2,high,0.1,0.1,0.1,intersect,8,60000,8,1
100,,499.046616,0.0,463.694,0.0,,0.0,0.0,0.0,0.0,,4,,,,,,,,,cpu-bound-evidence,25%,0.25,0.25,u25,1000,0.25,100,68,100,prefilter,fashion_mnist784,nvme1c1n1,remapped static counter nvme1n1 to active counter nvme1c1n1,ok,67108864,nvme1c1n1,1.510881,0,0,pipeann.hybrid.search.v1,0,True,/mnt/bak3/lzg/PipeANN-github/data/fashion_mnist784/fashion_mnist784_qps4_pipeann,,0.0,1497.951967,0.0,0.0,0.0,0.0,0.0,17116,60000,1,0.0,0.0,15000.0,0.0,68.0,1.47,0,60000,1,463.0,488.0,783.0,498.0,18680,1000,68,calibration,17116,0.0,2032.653198,1000,/mnt/bak3/lzg/PipeANN-github/experiments/qps_4sets/fashion_mnist784/recall_workloads/u25/query_labels.spmat,,0.0,0.0,98.0,10,32,98.0,nvme1n1,prefilter,0,prefilter,4,high,0.25,0.25,0.25,intersect,1,60000,1,1
100,,776.721854,0.0,533.007019,0.0,,0.0,0.0,0.0,0.0,,4,,,,,,,,,cpu-bound-evidence,25%,0.25,0.25,u25,1000,0.25,100,68,100,prefilter,fashion_mnist784,nvme1c1n1,remapped static counter nvme1n1 to active counter nvme1c1n1,ok,67108864,nvme1c1n1,1.006795,0,0,pipeann.hybrid.search.v1,0,True,/mnt/bak3/lzg/PipeANN-github/data/fashion_mnist784/fashion_mnist784_qps4_pipeann,,0.0,1553.83769,0.0,0.0,0.0,0.0,0.0,17908,60000,1,0.0,0.0,15000.0,0.0,68.0,2.046,0,60000,1,529.0,572.0,854.0,646.0,19356,1000,68,calibration,17908,0.0,3555.527588,1000,/mnt/bak3/lzg/PipeANN-github/experiments/qps_4sets/fashion_mnist784/recall_workloads/u25/query_labels.spmat,,0.0,0.0,98.0,10,32,98.0,nvme1n1,prefilter,0,prefilter,3,high,0.25,0.25,0.25,intersect,2,60000,2,1
100,,761.496226,0.0,516.896973,0.0,,0.0,0.0,0.0,0.0,,4,,,,,,,,,cpu-bound-evidence,25%,0.25,0.25,u25,1000,0.25,100,68,100,prefilter,fashion_mnist784,nvme1c1n1,remapped static counter nvme1n1 to active counter nvme1c1n1,ok,67108864,nvme1c1n1,1.007228,0,0,pipeann.hybrid.search.v1,0,True,/mnt/bak3/lzg/PipeANN-github/data/fashion_mnist784/fashion_mnist784_qps4_pipeann,,0.0,1523.765122,0.0,0.0,0.0,0.0,0.0,19104,60000,1,0.0,0.0,15000.0,0.0,68.0,1.731,0,60000,1,512.0,586.0,916.0,657.0,20936,1000,68,calibration,19104,0.0,7289.157227,1000,/mnt/bak3/lzg/PipeANN-github/experiments/qps_4sets/fashion_mnist784/recall_workloads/u25/query_labels.spmat,,0.0,0.0,98.0,10,32,98.0,nvme1n1,prefilter,0,prefilter,3,high,0.25,0.25,0.25,intersect,4,60000,4,1
100,,1458.378454,0.0,581.242981,0.0,,0.0,0.0,0.0,0.0,,4,,,,,,,,,cpu-bound-evidence,25%,0.25,0.25,u25,1000,0.25,100,68,100,prefilter,fashion_mnist784,nvme1c1n1,remapped static counter nvme1n1 to active counter nvme1c1n1,ok,67108864,nvme1c1n1,0.503299,0,0,pipeann.hybrid.search.v1,0,True,/mnt/bak3/lzg/PipeANN-github/data/fashion_mnist784/fashion_mnist784_qps4_pipeann,,0.0,1458.378454,0.0,0.0,0.0,0.0,0.0,21396,60000,1,0.0,0.0,15000.0,0.0,68.0,2.34,0,60000,1,574.0,703.0,1071.0,807.0,24136,1000,68,calibration,21396,0.0,12954.099609,1000,/mnt/bak3/lzg/PipeANN-github/experiments/qps_4sets/fashion_mnist784/recall_workloads/u25/query_labels.spmat,,0.0,0.0,98.0,10,32,98.0,nvme1n1,prefilter,0,prefilter,2,high,0.25,0.25,0.25,intersect,8,60000,8,1
100,0.25,339.887263,0.158826,848.883972,0.000397,,0.0,0.0,1.588258,0.046531,0.25,4,,,,,,,,,cpu-bound-evidence,50%,0.5,0.5,u50,1000,0.5,100,97,100,prefilter,fashion_mnist784,nvme1c1n1,remapped static counter nvme1n1 to active counter nvme1c1n1,ok,67108864,nvme1c1n1,2.518482,0,0,pipeann.hybrid.search.v1,0,True,/mnt/bak3/lzg/PipeANN-github/data/fashion_mnist784/fashion_mnist784_qps4_pipeann,,1.0,1499.960385,0.794137,0.001985,0.0,0.0,0.0,17508,60000,1,5.956048,0.217148,30000.0,0.0,97.0,2.082,0,60000,1,839.0,948.0,1244.0,998.0,18532,1000,97,calibration,17508,0.000397,1111.762573,1000,/mnt/bak3/lzg/PipeANN-github/experiments/qps_4sets/fashion_mnist784/recall_workloads/u50/query_labels.spmat,,0.0,0.0,98.029999,10,32,98.0,nvme1n1,prefilter,0,prefilter,6,high,0.5,0.5,0.5,intersect,1,60000,1,1
100,,522.476109,0.0,856.586975,0.0,,0.0,0.0,0.0,0.0,,4,,,,,,,,,cpu-bound-evidence,50%,0.5,0.5,u50,1000,0.5,100,97,100,prefilter,fashion_mnist784,nvme1c1n1,remapped static counter nvme1n1 to active counter nvme1c1n1,ok,67108864,nvme1c1n1,1.508203,0,0,pipeann.hybrid.search.v1,0,True,/mnt/bak3/lzg/PipeANN-github/data/fashion_mnist784/fashion_mnist784_qps4_pipeann,,0.0,1561.444888,0.0,0.0,0.0,0.0,0.0,18080,60000,1,0.0,0.0,30000.0,0.0,97.0,1.872,0,60000,1,841.0,975.0,1220.0,1074.0,19364,1000,97,calibration,18080,0.0,2204.754883,1000,/mnt/bak3/lzg/PipeANN-github/experiments/qps_4sets/fashion_mnist784/recall_workloads/u50/query_labels.spmat,,0.0,0.0,98.029999,10,32,98.0,nvme1n1,prefilter,0,prefilter,4,high,0.5,0.5,0.5,intersect,2,60000,2,1
100,,731.305444,0.0,881.213989,0.0,,0.0,0.0,0.0,0.0,,4,,,,,,,,,cpu-bound-evidence,50%,0.5,0.5,u50,1000,0.5,100,97,100,prefilter,fashion_mnist784,nvme1c1n1,remapped static counter nvme1n1 to active counter nvme1c1n1,ok,67108864,nvme1c1n1,1.005052,0,0,pipeann.hybrid.search.v1,0,True,/mnt/bak3/lzg/PipeANN-github/data/fashion_mnist784/fashion_mnist784_qps4_pipeann,,0.0,1466.407528,0.0,0.0,0.0,0.0,0.0,19964,60000,1,0.0,0.0,30000.0,0.0,97.0,1.835,0,60000,1,869.0,1054.0,1309.0,1156.0,21260,1000,97,calibration,19964,0.0,4280.003906,1000,/mnt/bak3/lzg/PipeANN-github/experiments/qps_4sets/fashion_mnist784/recall_workloads/u50/query_labels.spmat,,0.0,0.0,98.029999,10,32,98.0,nvme1n1,prefilter,0,prefilter,3,high,0.5,0.5,0.5,intersect,4,60000,4,1
100,,803.154367,0.0,980.276978,0.0,,0.0,0.0,0.0,0.0,,4,,,,,,,,,cpu-bound-evidence,50%,0.5,0.5,u50,1000,0.5,100,97,100,prefilter,fashion_mnist784,nvme1c1n1,remapped static counter nvme1n1 to active counter nvme1c1n1,ok,67108864,nvme1c1n1,1.007278,0,0,pipeann.hybrid.search.v1,0,True,/mnt/bak3/lzg/PipeANN-github/data/fashion_mnist784/fashion_mnist784_qps4_pipeann,,0.0,1607.152367,0.0,0.0,0.0,0.0,0.0,23812,60000,1,0.0,0.0,30000.0,0.0,97.0,2.383,0,60000,1,947.0,1229.0,1718.0,1404.0,25144,1000,97,calibration,23812,0.0,7684.610352,1000,/mnt/bak3/lzg/PipeANN-github/experiments/qps_4sets/fashion_mnist784/recall_workloads/u50/query_labels.spmat,,0.0,0.0,98.029999,10,32,98.0,nvme1n1,prefilter,0,prefilter,3,high,0.5,0.5,0.5,intersect,8,60000,8,1
100,0.75,271.142379,0.113449,1449.823975,0.000567,,0.0,0.0,1.134487,0.054287,0.75,4,,,,,,,,,cpu-bound-evidence,100%,1.0,1.0,u100,1000,1.0,100,131,100,prefilter,fashion_mnist784,nvme1c1n1,remapped static counter nvme1n1 to active counter nvme1c1n1,ok,67108864,nvme1c1n1,3.525823,0,0,pipeann.hybrid.search.v1,0,True,/mnt/bak3/lzg/PipeANN-github/data/fashion_mnist784/fashion_mnist784_qps4_pipeann,,0.75,1497.958442,0.794673,0.003973,0.0,0.0,0.0,17832,60000,1,7.946729,0.380263,60000.0,0.0,131.0,2.024,0,60000,1,1409.0,1656.0,1686.0,1669.0,19048,1000,131,calibration,17832,0.000567,647.940125,1000,/mnt/bak3/lzg/PipeANN-github/experiments/qps_4sets/fashion_mnist784/recall_workloads/u100/query_labels.spmat,,0.0,0.0,98.0,10,32,98.0,nvme1n1,prefilter,0,prefilter,8,high,1.0,1.0,1.0,intersect,1,60000,1,1
100,0.4,438.306582,0.198553,1479.985962,0.002978,,0.0,0.0,7.445752,0.296667,0.4,4,,,,,,,,,cpu-bound-evidence,100%,1.0,1.0,u100,1000,1.0,100,131,100,prefilter,fashion_mnist784,nvme1c1n1,remapped static counter nvme1n1 to active counter nvme1c1n1,ok,67108864,nvme1c1n1,2.014572,0,0,pipeann.hybrid.search.v1,0,True,/mnt/bak3/lzg/PipeANN-github/data/fashion_mnist784/fashion_mnist784_qps4_pipeann,,0.4,1553.557267,0.793866,0.011908,0.0,0.0,0.0,18816,60000,1,29.769967,1.186147,60000.0,0.0,131.0,1.872,0,60000,1,1456.0,1654.0,1829.0,1696.0,19856,1000,131,calibration,18816,0.002978,1272.387817,1000,/mnt/bak3/lzg/PipeANN-github/experiments/qps_4sets/fashion_mnist784/recall_workloads/u100/query_labels.spmat,,0.0,0.0,98.0,10,32,98.0,nvme1n1,prefilter,0,prefilter,5,high,1.0,1.0,1.0,intersect,2,60000,2,1
100,,569.216181,0.0,1522.384033,0.0,,0.0,0.0,0.0,0.0,,4,,,,,,,,,cpu-bound-evidence,100%,1.0,1.0,u100,1000,1.0,100,131,100,prefilter,fashion_mnist784,nvme1c1n1,remapped static counter nvme1n1 to active counter nvme1c1n1,ok,67108864,nvme1c1n1,1.51085,0,0,pipeann.hybrid.search.v1,0,True,/mnt/bak3/lzg/PipeANN-github/data/fashion_mnist784/fashion_mnist784_qps4_pipeann,,0.0,1649.018331,0.0,0.0,0.0,0.0,0.0,21528,60000,1,0.0,0.0,60000.0,0.0,131.0,1.756,0,60000,1,1499.0,1731.0,2004.0,1780.0,22540,1000,131,calibration,21528,0.0,2475.443359,1000,/mnt/bak3/lzg/PipeANN-github/experiments/qps_4sets/fashion_mnist784/recall_workloads/u100/query_labels.spmat,,0.0,0.0,98.0,10,32,98.0,nvme1n1,prefilter,0,prefilter,4,high,1.0,1.0,1.0,intersect,4,60000,4,1
100,,736.674187,0.0,1630.275024,0.0,,0.0,0.0,0.0,0.0,,4,,,,,,,,,cpu-bound-evidence,100%,1.0,1.0,u100,1000,1.0,100,131,100,prefilter,fashion_mnist784,nvme1c1n1,remapped static counter nvme1n1 to active counter nvme1c1n1,ok,67108864,nvme1c1n1,1.00723,0,0,pipeann.hybrid.search.v1,0,True,/mnt/bak3/lzg/PipeANN-github/data/fashion_mnist784/fashion_mnist784_qps4_pipeann,,0.0,1474.048786,0.0,0.0,0.0,0.0,0.0,24960,60000,1,0.0,0.0,60000.0,0.0,131.0,3.095,0,60000,1,1605.0,1939.0,2583.0,2069.0,27012,1000,131,calibration,24960,0.0,4628.075195,1000,/mnt/bak3/lzg/PipeANN-github/experiments/qps_4sets/fashion_mnist784/recall_workloads/u100/query_labels.spmat,,0.0,0.0,98.0,10,32,98.0,nvme1n1,prefilter,0,prefilter,3,high,1.0,1.0,1.0,intersect,8,60000,8,1
100,0.3,501.927293,0.264869,355.221985,0.001987,,0.0,0.0,6.621732,0.325913,0.3,4,,,,,,,,,cpu-bound-evidence,1.0e-03,0.001,0.001,u0p1,1000,0.001,100,109,100,prefilter,gist960,nvme1c1n1,remapped static counter nvme1n1 to active counter nvme1c1n1,ok,67108864,nvme1c1n1,1.510179,0,0,pipeann.hybrid.search.v1,0,True,/mnt/bak3/lzg/PipeANN-github/data/gist960/gist960_qps4_pipeann,,0.3,1498.041275,0.794791,0.005961,0.0,0.0,0.0,32900,5972,1,19.869767,0.977965,1000.0,0.0,133.0,10.735,0,5972,1,350.0,377.0,2539.0,433.0,33780,1000,133,calibration,32900,0.001987,2767.131836,1000,/mnt/bak3/lzg/PipeANN-github/experiments/qps_4sets/gist960/recall_workloads/u0p1/query_labels.spmat,,0.0,0.0,98.989998,10,32,98.0,nvme1n1,prefilter,0,prefilter,4,low,0.001,0.001,0.001,intersect,1,5972,1,1
100,,736.769032,0.0,364.588989,0.0,,0.0,0.0,0.0,0.0,,4,,,,,,,,,cpu-bound-evidence,1.0e-03,0.001,0.001,u0p1,1000,0.001,100,109,100,prefilter,gist960,nvme1c1n1,remapped static counter nvme1n1 to active counter nvme1c1n1,ok,67108864,nvme1c1n1,1.0071,0,0,pipeann.hybrid.search.v1,0,True,/mnt/bak3/lzg/PipeANN-github/data/gist960/gist960_qps4_pipeann,,0.0,1474.311287,0.0,0.0,0.0,0.0,0.0,33332,5972,1,0.0,0.0,1000.0,0.0,133.0,9.593,0,5972,1,360.0,425.0,2658.0,498.0,34632,1000,133,calibration,33332,0.0,5388.907227,1000,/mnt/bak3/lzg/PipeANN-github/experiments/qps_4sets/gist960/recall_workloads/u0p1/query_labels.spmat,,0.0,0.0,98.989998,10,32,98.0,nvme1n1,prefilter,0,prefilter,3,low,0.001,0.001,0.001,intersect,2,5972,2,1
100,,729.219944,0.0,411.27301,0.0,,0.0,0.0,0.0,0.0,,4,,,,,,,,,cpu-bound-evidence,1.0e-03,0.001,0.001,u0p1,1000,0.001,100,109,100,prefilter,gist960,nvme1c1n1,remapped static counter nvme1n1 to active counter nvme1c1n1,ok,67108864,nvme1c1n1,1.006555,0,0,pipeann.hybrid.search.v1,0,True,/mnt/bak3/lzg/PipeANN-github/data/gist960/gist960_qps4_pipeann,,0.0,1458.248847,0.0,0.0,0.0,0.0,0.0,32060,5972,1,0.0,0.0,1000.0,0.0,133.0,9.354,0,5972,1,386.0,495.0,2927.0,548.0,36336,1000,133,calibration,32060,0.0,9551.725586,1000,/mnt/bak3/lzg/PipeANN-github/experiments/qps_4sets/gist960/recall_workloads/u0p1/query_labels.spmat,,0.0,0.0,98.989998,10,32,98.0,nvme1n1,prefilter,0,prefilter,3,low,0.001,0.001,0.001,intersect,4,5972,4,1
100,,730.19084,0.0,862.695007,0.0,,0.0,0.0,0.0,0.0,,4,,,,,,,,,cpu-bound-evidence,1.0e-03,0.001,0.001,u0p1,1000,0.001,100,109,100,prefilter,gist960,nvme1c1n1,remapped static counter nvme1n1 to active counter nvme1c1n1,ok,67108864,nvme1c1n1,1.006586,0,0,pipeann.hybrid.search.v1,0,True,/mnt/bak3/lzg/PipeANN-github/data/gist960/gist960_qps4_pipeann,,0.0,1450.342403,0.0,0.0,0.0,0.0,0.0,37672,5972,1,0.0,0.0,1000.0,0.0,133.0,13.034,0,5972,1,835.0,924.0,4384.0,1013.0,39792,1000,133,calibration,37672,0.0,9166.594727,1000,/mnt/bak3/lzg/PipeANN-github/experiments/qps_4sets/gist960/recall_workloads/u0p1/query_labels.spmat,,0.0,0.0,98.989998,10,32,98.0,nvme1n1,prefilter,0,prefilter,3,low,0.001,0.001,0.001,intersect,8,5972,8,1
100,0.25,339.869186,0.317635,871.866028,0.000397,,0.0,0.0,1.588174,0.089955,0.25,4,,,,,,,,,cpu-bound-evidence,5.0e-03,0.005,0.005,u0p5,1000,0.005,100,244,100,prefilter,gist960,nvme1c1n1,remapped static counter nvme1n1 to active counter nvme1c1n1,ok,67108864,nvme1c1n1,2.518616,0,0,pipeann.hybrid.search.v1,0,True,/mnt/bak3/lzg/PipeANN-github/data/gist960/gist960_qps4_pipeann,,0.25,1499.870914,1.587779,0.001985,0.0,0.0,0.0,32236,5972,1,7.938893,0.449664,5000.0,0.0,253.0,16.99,0,5972,1,858.0,1031.0,3256.0,1127.0,34140,1000,253,calibration,32236,0.000397,1131.321411,1000,/mnt/bak3/lzg/PipeANN-github/experiments/qps_4sets/gist960/recall_workloads/u0p5/query_labels.spmat,,0.0,0.0,98.190002,10,32,98.0,nvme1n1,prefilter,0,prefilter,6,low,0.005,0.005,0.005,intersect,1,5972,1,1
100,,517.568004,0.0,959.112976,0.0,,0.0,0.0,0.0,0.0,,4,,,,,,,,,cpu-bound-evidence,5.0e-03,0.005,0.005,u0p5,1000,0.005,100,244,100,prefilter,gist960,nvme1c1n1,remapped static counter nvme1n1 to active counter nvme1c1n1,ok,67108864,nvme1c1n1,1.510913,0,0,pipeann.hybrid.search.v1,0,True,/mnt/bak3/lzg/PipeANN-github/data/gist960/gist960_qps4_pipeann,,0.0,1553.5637,0.0,0.0,0.0,0.0,0.0,33024,5972,1,0.0,0.0,5000.0,0.0,253.0,17.894,0,5972,1,952.0,1127.0,3538.0,1209.0,35064,1000,253,calibration,33024,0.0,2056.840088,1000,/mnt/bak3/lzg/PipeANN-github/experiments/qps_4sets/gist960/recall_workloads/u0p5/query_labels.spmat,,0.0,0.0,98.190002,10,32,98.0,nvme1n1,prefilter,0,prefilter,4,low,0.005,0.005,0.005,intersect,2,5972,2,1
100,,826.389131,0.0,1048.605957,0.0,,0.0,0.0,0.0,0.0,,4,,,,,,,,,cpu-bound-evidence,5.0e-03,0.005,0.005,u0p5,1000,0.005,100,244,100,prefilter,gist960,nvme1c1n1,remapped static counter nvme1n1 to active counter nvme1c1n1,ok,67108864,nvme1c1n1,1.00679,0,0,pipeann.hybrid.search.v1,0,True,/mnt/bak3/lzg/PipeANN-github/data/gist960/gist960_qps4_pipeann,,0.0,1653.094937,0.0,0.0,0.0,0.0,0.0,34404,5972,1,0.0,0.0,5000.0,0.0,253.0,17.435,0,5972,1,1033.0,1202.0,3846.0,1319.0,36796,1000,253,calibration,34404,0.0,3766.487305,1000,/mnt/bak3/lzg/PipeANN-github/experiments/qps_4sets/gist960/recall_workloads/u0p5/query_labels.spmat,,0.0,0.0,98.190002,10,32,98.0,nvme1n1,prefilter,0,prefilter,3,low,0.005,0.005,0.005,intersect,4,5972,4,1
100,,731.153499,0.0,1750.483032,0.0,,0.0,0.0,0.0,0.0,,4,,,,,,,,,cpu-bound-evidence,5.0e-03,0.005,0.005,u0p5,1000,0.005,100,244,100,prefilter,gist960,nvme1c1n1,remapped static counter nvme1n1 to active counter nvme1c1n1,ok,67108864,nvme1c1n1,1.007996,0,0,pipeann.hybrid.search.v1,0,True,/mnt/bak3/lzg/PipeANN-github/data/gist960/gist960_qps4_pipeann,,0.0,1463.923464,0.0,0.0,0.0,0.0,0.0,38232,5972,1,0.0,0.0,5000.0,0.0,253.0,21.813,0,5972,1,1749.0,1936.0,5907.0,2016.0,40292,1000,253,calibration,38232,0.0,4515.571289,1000,/mnt/bak3/lzg/PipeANN-github/experiments/qps_4sets/gist960/recall_workloads/u0p5/query_labels.spmat,,0.0,0.0,98.190002,10,32,98.0,nvme1n1,prefilter,0,prefilter,3,low,0.005,0.005,0.005,intersect,8,5972,8,1
36905,0.096063,200.076821,99.964095,2955453.0,1.280611,0.096063,13330.9282,98.00826,0.018014,0.000297,0.096063,4,,,,,,,,,mixed-bound-evidence,1.0%,0.01,0.01,u1,1000,0.01,36905,,36905,graph,gist960,nvme1c1n1,remapped static counter nvme1n1 to active counter nvme1c1n1,ok,67108864,nvme1c1n1,5884.38478,0,0,pipeann.hybrid.search.v1,1000,True,/mnt/bak3/lzg/PipeANN-github/data/gist960/gist960_qps4_pipeann,,0.138467,1551.770524,100.914182,2.187079,0.138467,22794.090317,167.457736,72476,0,1,89.386406,1.031978,10000.0,0.0,36909.972656,22.324,0,0,1,2968135.0,3015858.0,3660116.0,3027841.0,76496,0,306,calibration,72476,1.280611,0.337914,1000,/mnt/bak3/lzg/PipeANN-github/experiments/qps_4sets/gist960/recall_workloads/u1/query_labels.spmat,0.096063,13330.9282,98.00826,98.0,10,32,98.0,nvme1n1,graph,0,graph,11688,low,0.01,0.01,0.01,intersect,1,0,1,1
36905,0.094476,399.873595,99.987727,2926479.75,2.517485,0.094476,26646.703215,195.905116,0.009172,7.3e-05,0.094476,4,,,,,,,,,mixed-bound-evidence,1.0%,0.01,0.01,u1,1000,0.01,36905,,36905,graph,gist960,nvme1c1n1,remapped static counter nvme1n1 to active counter nvme1c1n1,ok,67108864,nvme1c1n1,2943.865302,0,0,pipeann.hybrid.search.v1,1000,True,/mnt/bak3/lzg/PipeANN-github/data/gist960/gist960_qps4_pipeann,,0.099324,946.073325,100.598309,4.02207,0.099324,41782.311972,307.418105,91456,0,1,11.918369,0.155183,10000.0,0.0,36909.972656,26.363,0,0,1,2936946.0,3002891.0,3064460.0,3027842.0,108312,0,306,calibration,91456,2.517485,0.682068,1000,/mnt/bak3/lzg/PipeANN-github/experiments/qps_4sets/gist960/recall_workloads/u1/query_labels.spmat,0.094476,26646.703215,195.905116,98.0,10,32,98.0,nvme1n1,graph,0,graph,5847,low,0.01,0.01,0.01,intersect,2,0,2,1
36905,0.100409,799.127027,99.968875,3135524.75,5.011989,0.100409,49915.496918,366.976001,0.01909,0.000154,0.100409,4,,,,,,,,,mixed-bound-evidence,1.0%,0.01,0.01,u1,1000,0.01,36905,,36905,graph,gist960,nvme1c1n1,remapped static counter nvme1n1 to active counter nvme1c1n1,ok,67108864,nvme1c1n1,1571.541141,0,0,pipeann.hybrid.search.v1,1000,True,/mnt/bak3/lzg/PipeANN-github/data/gist960/gist960_qps4_pipeann,,0.104345,1244.351374,100.596623,7.472441,0.104345,72465.993726,532.575297,159248,0,1,15.882396,0.162927,10000.0,0.0,36909.945312,27.782,0,0,1,3146852.0,3200042.0,3395956.0,3223514.0,178784,0,306,calibration,159248,5.011989,1.271719,1000,/mnt/bak3/lzg/PipeANN-github/experiments/qps_4sets/gist960/recall_workloads/u1/query_labels.spmat,0.100409,49915.496918,366.976001,98.0,10,32,98.0,nvme1n1,graph,0,graph,3122,low,0.01,0.01,0.01,intersect,4,0,4,1
36905,0.106815,1594.075338,99.900791,3389554.75,9.856947,0.106815,92280.481558,678.441028,0.036468,0.00028,0.106815,4,,,,,,,,,mixed-bound-evidence,1.0%,0.01,0.01,u1,1000,0.01,36905,,36905,graph,gist960,nvme1c1n1,remapped static counter nvme1n1 to active counter nvme1c1n1,ok,67108864,nvme1c1n1,850.063336,0,0,pipeann.hybrid.search.v1,1000,True,/mnt/bak3/lzg/PipeANN-github/data/gist960/gist960_qps4_pipeann,,0.112065,1612.074536,100.424922,14.099261,0.112056,126001.97009,926.70951,275404,0,1,21.847229,0.170674,10000.0,0.0,36909.945312,38.357,0,0,1,3398164.0,3479074.0,3614587.0,3518034.0,267864,0,306,calibration,275404,9.856947,2.346193,1000,/mnt/bak3/lzg/PipeANN-github/experiments/qps_4sets/gist960/recall_workloads/u1/query_labels.spmat,0.106815,92280.481558,678.441028,98.0,10,32,98.0,nvme1n1,graph,0,graph,1689,low,0.01,0.01,0.01,intersect,8,0,8,1
27518,0.096829,200.04296,99.979227,1985935.875,1.422014,0.096829,14685.753965,107.968109,0.034144,0.000433,0.096829,4,,,,,,,,,mixed-bound-evidence,2.0%,0.02,0.02,u2,1000,0.02,27518,,27518,graph,gist960,nvme1c1n1,remapped static counter nvme1n1 to active counter nvme1c1n1,ok,67108864,nvme1c1n1,3983.179423,0,0,pipeann.hybrid.search.v1,1000,True,/mnt/bak3/lzg/PipeANN-github/data/gist960/gist960_qps4_pipeann,,0.108462,981.970117,100.915029,2.28461,0.108462,23581.148095,173.922142,71212,0,1,89.383684,1.047564,20000.0,0.0,27523.603516,36.884,0,0,1,1989284.0,2007901.0,2225362.0,2019870.0,71252,0,395,calibration,71212,1.422014,0.502685,1000,/mnt/bak3/lzg/PipeANN-github/experiments/qps_4sets/gist960/recall_workloads/u2/query_labels.spmat,0.096829,14685.753965,107.968109,98.0,10,32,98.0,nvme1n1,graph,0,graph,7913,middle,0.02,0.02,0.02,intersect,1,0,1,1
27518,0.097295,399.794769,99.963255,2011276.0,2.804896,0.097295,28828.617095,211.944932,0.017742,0.000139,0.097295,4,,,,,,,,,mixed-bound-evidence,2.0%,0.02,0.02,u2,1000,0.02,27518,,27518,graph,gist960,nvme1c1n1,remapped static counter nvme1n1 to active counter nvme1c1n1,ok,67108864,nvme1c1n1,2029.093585,0,0,pipeann.hybrid.search.v1,1000,True,/mnt/bak3/lzg/PipeANN-github/data/gist960/gist960_qps4_pipeann,,0.106144,981.928514,100.730745,4.191255,0.106144,43272.908357,318.299989,92640,0,1,13.904199,0.162933,20000.0,0.0,27523.587891,39.053,0,0,1,2012763.0,2053992.0,2459858.0,2068924.0,105828,0,395,calibration,92640,2.804896,0.991669,1000,/mnt/bak3/lzg/PipeANN-github/experiments/qps_4sets/gist960/recall_workloads/u2/query_labels.spmat,0.097295,28828.617095,211.944932,98.0,10,32,98.0,nvme1n1,graph,0,graph,4031,middle,0.02,0.02,0.02,intersect,2,0,2,1
27518,0.100505,799.026759,99.953801,2120322.5,5.567802,0.100505,55398.320187,407.282561,0.029358,0.000248,0.100505,4,,,,,,,,,mixed-bound-evidence,2.0%,0.02,0.02,u2,1000,0.02,27518,,27518,graph,gist960,nvme1c1n1,remapped static counter nvme1n1 to active counter nvme1c1n1,ok,67108864,nvme1c1n1,1055.915826,0,0,pipeann.hybrid.search.v1,1000,True,/mnt/bak3/lzg/PipeANN-github/data/gist960/gist960_qps4_pipeann,,0.104353,1206.640483,100.609639,7.754166,0.104353,75759.678492,557.673205,163316,0,1,13.904513,0.16293,20000.0,0.0,27523.595703,39.568,0,0,1,2121327.0,2152373.0,2374796.0,2172836.0,159372,0,395,calibration,163316,5.567802,1.879418,1000,/mnt/bak3/lzg/PipeANN-github/experiments/qps_4sets/gist960/recall_workloads/u2/query_labels.spmat,0.100505,55398.320187,407.282561,98.0,10,32,98.0,nvme1n1,graph,0,graph,2098,middle,0.02,0.02,0.02,intersect,4,0,4,1
27518,0.107952,1594.497454,99.860301,2261352.0,11.036992,0.107952,102239.960233,751.657423,0.05593,0.000444,0.107952,4,,,,,,,,,mixed-bound-evidence,2.0%,0.02,0.02,u2,1000,0.02,27518,,27518,graph,gist960,nvme1c1n1,remapped static counter nvme1n1 to active counter nvme1c1n1,ok,67108864,nvme1c1n1,572.143278,0,0,pipeann.hybrid.search.v1,1000,True,/mnt/bak3/lzg/PipeANN-github/data/gist960/gist960_qps4_pipeann,,0.113737,1622.543718,100.721617,14.840775,0.113737,132524.582761,974.174837,261532,0,1,13.903202,0.155168,20000.0,0.0,27523.572266,47.907,0,0,1,2262977.0,2318192.0,2462245.0,2347417.0,257012,0,395,calibration,261532,11.036992,3.519752,1000,/mnt/bak3/lzg/PipeANN-github/experiments/qps_4sets/gist960/recall_workloads/u2/query_labels.spmat,0.107952,102239.960233,751.657423,98.0,10,32,98.0,nvme1n1,graph,0,graph,1138,middle,0.02,0.02,0.02,intersect,8,0,8,1
19594,0.097341,200.076742,99.976541,1189306.5,1.7009,0.097341,17473.535352,128.466104,0.015521,0.000128,0.097341,4,,,,,,,,,mixed-bound-evidence,5.0%,0.05,0.05,u5,1000,0.05,19594,,19594,graph,gist960,nvme1c1n1,remapped static counter nvme1n1 to active counter nvme1c1n1,ok,67108864,nvme1c1n1,2383.935258,0,0,pipeann.hybrid.search.v1,1000,True,/mnt/bak3/lzg/PipeANN-github/data/gist960/gist960_qps4_pipeann,,0.136213,985.90136,100.873461,2.345829,0.136213,24171.374523,177.588294,70372,0,1,23.838327,0.201762,50000.0,0.0,19600.3125,35.299,0,0,1,1189312.0,1197970.0,1477760.0,1203949.0,70352,0,493,calibration,70372,1.7009,0.838945,1000,/mnt/bak3/lzg/PipeANN-github/experiments/qps_4sets/gist960/recall_workloads/u5/query_labels.spmat,0.097341,17473.535352,128.466104,98.0,10,32,98.0,nvme1n1,graph,0,graph,4736,middle,0.05,0.05,0.05,intersect,1,0,1,1
19594,0.097359,399.796898,99.951411,1219601.875,3.346046,0.097359,34367.926648,252.674365,0.027227,0.000226,0.097359,4,,,,,,,,,mixed-bound-evidence,5.0%,0.05,0.05,u5,1000,0.05,19594,,19594,graph,gist960,nvme1c1n1,remapped static counter nvme1n1 to active counter nvme1c1n1,ok,67108864,nvme1c1n1,1212.052924,0,0,pipeann.hybrid.search.v1,1000,True,/mnt/bak3/lzg/PipeANN-github/data/gist960/gist960_qps4_pipeann,,0.104237,966.000874,100.544711,4.2881,0.104237,43155.087522,316.977276,89952,0,1,11.917568,0.170697,50000.0,0.0,19600.304688,43.917,0,0,1,1219031.0,1231487.0,1430916.0,1241820.0,103980,0,493,calibration,89952,3.346046,1.634883,1000,/mnt/bak3/lzg/PipeANN-github/experiments/qps_4sets/gist960/recall_workloads/u5/query_labels.spmat,0.097359,34367.926648,252.674365,98.0,10,32,98.0,nvme1n1,graph,0,graph,2408,middle,0.05,0.05,0.05,intersect,2,0,2,1
19594,0.103592,798.655459,99.883243,1282931.125,6.729959,0.103592,64965.979929,477.632444,0.046788,0.000378,0.103592,4,,,,,,,,,mixed-bound-evidence,5.0%,0.05,0.05,u5,1000,0.05,19594,,19594,graph,gist960,nvme1c1n1,remapped static counter nvme1n1 to active counter nvme1c1n1,ok,67108864,nvme1c1n1,641.192637,0,0,pipeann.hybrid.search.v1,1000,True,/mnt/bak3/lzg/PipeANN-github/data/gist960/gist960_qps4_pipeann,,0.110553,1161.165779,100.532151,8.902815,0.110553,84600.604628,622.857239,153628,0,1,17.893556,0.155325,50000.0,0.0,19600.289062,41.915,0,0,1,1282705.0,1297272.0,1467373.0,1308133.0,153984,0,493,calibration,153628,6.729959,3.106254,1000,/mnt/bak3/lzg/PipeANN-github/experiments/qps_4sets/gist960/recall_workloads/u5/query_labels.spmat,0.103592,64965.979929,477.632444,98.0,10,32,98.0,nvme1n1,graph,0,graph,1275,middle,0.05,0.05,0.05,intersect,4,0,4,1
19594,0.111053,1593.79628,99.774819,1360313.375,13.30898,0.111053,119843.84167,881.096674,0.080556,0.000663,0.111053,4,,,,,,,,,mixed-bound-evidence,5.0%,0.05,0.05,u5,1000,0.05,19594,,19594,graph,gist960,nvme1c1n1,remapped static counter nvme1n1 to active counter nvme1c1n1,ok,67108864,nvme1c1n1,347.582691,0,0,pipeann.hybrid.search.v1,1000,True,/mnt/bak3/lzg/PipeANN-github/data/gist960/gist960_qps4_pipeann,,0.114699,1813.014425,100.581699,16.163972,0.114699,142343.962131,1046.933257,247984,0,1,19.861067,0.170672,50000.0,0.0,19600.259766,36.456,0,0,1,1360639.0,1386238.0,1635947.0,1514552.0,215344,0,493,calibration,247984,13.30898,5.840955,1000,/mnt/bak3/lzg/PipeANN-github/experiments/qps_4sets/gist960/recall_workloads/u5/query_labels.spmat,0.111053,119843.84167,881.096674,98.0,10,32,98.0,nvme1n1,graph,0,graph,692,middle,0.05,0.05,0.05,intersect,8,0,8,1
15663,0.09763,200.110115,99.971797,832007.5,1.95038,0.09763,19977.181971,146.869009,0.022795,0.00019,0.09763,4,,,,,,,,,mixed-bound-evidence,10%,0.1,0.1,u10,1000,0.1,15663,,15663,graph,gist960,nvme1c1n1,remapped static counter nvme1n1 to active counter nvme1c1n1,ok,67108864,nvme1c1n1,1667.062154,0,0,pipeann.hybrid.search.v1,1000,True,/mnt/bak3/lzg/PipeANN-github/data/gist960/gist960_qps4_pipeann,,0.103037,975.727575,100.633998,2.405681,0.103037,24585.222381,180.758174,53608,0,1,11.919741,0.186226,100000.0,0.0,15669.742188,33.303,0,0,1,831027.0,839901.0,976299.0,906061.0,53464,0,49,calibration,53608,1.95038,1.199114,1000,/mnt/bak3/lzg/PipeANN-github/experiments/qps_4sets/gist960/recall_workloads/u10/query_labels.spmat,0.09763,19977.181971,146.869009,98.0,10,32,98.0,nvme1n1,graph,0,graph,3314,high,0.1,0.1,0.1,intersect,1,0,1,1
15663,0.099308,399.785306,99.921343,852936.75,3.879199,0.099308,39062.448853,287.180809,0.036361,0.000289,0.099308,4,,,,,,,,,mixed-bound-evidence,10%,0.1,0.1,u10,1000,0.1,15663,,15663,graph,gist960,nvme1c1n1,remapped static counter nvme1n1 to active counter nvme1c1n1,ok,67108864,nvme1c1n1,852.562601,0,0,pipeann.hybrid.search.v1,1000,True,/mnt/bak3/lzg/PipeANN-github/data/gist960/gist960_qps4_pipeann,,0.101446,1103.641398,100.666412,4.518307,0.101446,45101.604907,330.484399,70512,0,1,11.933618,0.155386,100000.0,0.0,15669.732422,38.313,0,0,1,851576.0,872714.0,1007804.0,913431.0,70460,0,49,calibration,70512,3.879199,2.33718,1000,/mnt/bak3/lzg/PipeANN-github/experiments/qps_4sets/gist960/recall_workloads/u10/query_labels.spmat,0.099308,39062.448853,287.180809,98.0,10,32,98.0,nvme1n1,graph,0,graph,1696,high,0.1,0.1,0.1,intersect,2,0,2,1
15663,0.103677,798.303749,99.832802,875212.75,7.85778,0.103677,75791.175945,557.204561,0.065998,0.000516,0.103677,4,,,,,,,,,mixed-bound-evidence,10%,0.1,0.1,u10,1000,0.1,15663,,15663,graph,gist960,nvme1c1n1,remapped static counter nvme1n1 to active counter nvme1c1n1,ok,67108864,nvme1c1n1,439.40668,0,0,pipeann.hybrid.search.v1,1000,True,/mnt/bak3/lzg/PipeANN-github/data/gist960/gist960_qps4_pipeann,,0.114302,1373.644865,100.59402,8.962861,0.114302,84598.046092,622.893257,104572,0,1,19.864604,0.170916,100000.0,0.0,15669.72168,32.998,0,0,1,874504.0,883778.0,1160006.0,898495.0,108924,0,49,calibration,104572,7.85778,4.54631,1000,/mnt/bak3/lzg/PipeANN-github/experiments/qps_4sets/gist960/recall_workloads/u10/query_labels.spmat,0.103677,75791.175945,557.204561,98.0,10,32,98.0,nvme1n1,graph,0,graph,874,high,0.1,0.1,0.1,intersect,4,0,4,1
15663,0.114593,1591.413869,99.675132,949959.3125,15.92048,0.114593,138930.381971,1021.39372,0.120979,0.00101,0.114593,4,,,,,,,,,mixed-bound-evidence,10%,0.1,0.1,u10,1000,0.1,15663,,15663,graph,gist960,nvme1c1n1,remapped static counter nvme1n1 to active counter nvme1c1n1,ok,67108864,nvme1c1n1,239.710742,0,0,pipeann.hybrid.search.v1,1000,True,/mnt/bak3/lzg/PipeANN-github/data/gist960/gist960_qps4_pipeann,,0.117898,1846.879053,100.615502,18.011663,0.117898,153288.804509,1126.365096,163344,0,1,17.874914,0.16291,100000.0,0.0,15669.702148,35.727,0,0,1,948613.0,965851.0,1154394.0,1039873.0,157404,0,49,calibration,163344,15.92048,8.362698,1000,/mnt/bak3/lzg/PipeANN-github/experiments/qps_4sets/gist960/recall_workloads/u10/query_labels.spmat,0.114593,138930.381971,1021.39372,98.0,10,32,98.0,nvme1n1,graph,0,graph,477,high,0.1,0.1,0.1,intersect,8,0,8,1
12669,0.096017,200.14599,99.946634,557742.0,2.313343,0.096017,24093.020349,177.125159,0.033088,0.000279,0.096017,4,,,,,,,,,mixed-bound-evidence,25%,0.25,0.25,u25,1000,0.25,12669,,12669,graph,gist960,nvme1c1n1,remapped static counter nvme1n1 to active counter nvme1c1n1,ok,67108864,nvme1c1n1,1118.228749,0,0,pipeann.hybrid.search.v1,1000,True,/mnt/bak3/lzg/PipeANN-github/data/gist960/gist960_qps4_pipeann,,0.116387,934.936667,101.015416,2.54129,0.116387,26159.772843,192.226251,53176,0,1,13.919353,0.194187,250000.0,0.0,12676.257812,29.822,0,0,1,557921.0,562821.0,575532.0,565679.0,53260,0,68,calibration,53176,2.313343,1.787341,1000,/mnt/bak3/lzg/PipeANN-github/experiments/qps_4sets/gist960/recall_workloads/u25/query_labels.spmat,0.096017,24093.020349,177.125159,98.800003,10,32,98.0,nvme1n1,graph,0,graph,2223,high,0.25,0.25,0.25,intersect,1,0,1,1
12669,0.100051,399.849462,99.881355,576760.5625,4.626415,0.100051,46240.435906,339.946724,0.05149,0.000422,0.100051,4,,,,,,,,,mixed-bound-evidence,25%,0.25,0.25,u25,1000,0.25,12669,,12669,graph,gist960,nvme1c1n1,remapped static counter nvme1n1 to active counter nvme1c1n1,ok,67108864,nvme1c1n1,582.639274,0,0,pipeann.hybrid.search.v1,1000,True,/mnt/bak3/lzg/PipeANN-github/data/gist960/gist960_qps4_pipeann,,0.110402,1109.51531,100.589906,4.909867,0.110402,49078.760834,361.031081,69812,0,1,15.88284,0.155165,250000.0,0.0,12676.240234,34.637,0,0,1,575759.0,581972.0,718567.0,610993.0,69740,0,68,calibration,69812,4.626415,3.453038,1000,/mnt/bak3/lzg/PipeANN-github/experiments/qps_4sets/gist960/recall_workloads/u25/query_labels.spmat,0.100051,46240.435906,339.946724,98.800003,10,32,98.0,nvme1n1,graph,0,graph,1158,high,0.25,0.25,0.25,intersect,2,0,2,1
12669,0.106557,797.661093,99.81534,608209.6875,9.362456,0.106557,87862.891076,645.943412,0.088054,0.000701,0.106557,4,,,,,,,,,mixed-bound-evidence,25%,0.25,0.25,u25,1000,0.25,12669,,12669,graph,gist960,nvme1c1n1,remapped static counter nvme1n1 to active counter nvme1c1n1,ok,67108864,nvme1c1n1,306.630224,0,0,pipeann.hybrid.search.v1,1000,True,/mnt/bak3/lzg/PipeANN-github/data/gist960/gist960_qps4_pipeann,,0.11356,1262.756372,100.38282,9.800029,0.11356,91617.164394,673.522408,95952,0,1,13.906892,0.15548,250000.0,0.0,12676.196289,39.673,0,0,1,606525.0,613431.0,768311.0,732184.0,102096,0,68,calibration,95952,9.362456,6.539124,1000,/mnt/bak3/lzg/PipeANN-github/experiments/qps_4sets/gist960/recall_workloads/u25/query_labels.spmat,0.106557,87862.891076,645.943412,98.800003,10,32,98.0,nvme1n1,graph,0,graph,610,high,0.25,0.25,0.25,intersect,4,0,4,1
12669,0.117714,1590.113447,99.783361,687038.3125,18.366623,0.117714,156027.949791,1147.073977,0.196907,0.001561,0.117714,4,,,,,,,,,mixed-bound-evidence,25%,0.25,0.25,u25,1000,0.25,12669,,12669,graph,gist960,nvme1c1n1,remapped static counter nvme1n1 to active counter nvme1c1n1,ok,67108864,nvme1c1n1,172.67007,0,0,pipeann.hybrid.search.v1,1000,True,/mnt/bak3/lzg/PipeANN-github/data/gist960/gist960_qps4_pipeann,,0.120839,1689.404486,100.510165,19.46008,0.120839,162965.346168,1199.008949,158464,0,1,21.846623,0.201701,250000.0,0.0,12676.196289,40.239,0,0,1,685755.0,745048.0,805993.0,758568.0,168712,0,68,calibration,158464,18.366623,11.565265,1000,/mnt/bak3/lzg/PipeANN-github/experiments/qps_4sets/gist960/recall_workloads/u25/query_labels.spmat,0.117714,156027.949791,1147.073977,98.800003,10,32,98.0,nvme1n1,graph,0,graph,344,high,0.25,0.25,0.25,intersect,8,0,8,1
7997,0.098584,200.296259,99.924854,274201.625,3.042339,0.098584,30860.17752,226.867923,0.056227,0.00051,0.098584,4,,,,,,,,,mixed-bound-evidence,50%,0.5,0.5,u50,1000,0.5,7997,,7997,graph,gist960,nvme1c1n1,remapped static counter nvme1n1 to active counter nvme1c1n1,ok,67108864,nvme1c1n1,551.338306,0,0,pipeann.hybrid.search.v1,1000,True,/mnt/bak3/lzg/PipeANN-github/data/gist960/gist960_qps4_pipeann,,0.133166,933.057873,100.602022,3.106548,0.133166,31566.027622,231.390521,52224,0,1,15.891735,0.17928,500000.0,0.0,8005.183105,27.396,0,0,1,274127.0,276317.0,286555.0,279878.0,52196,0,97,calibration,52224,3.042339,3.628953,1000,/mnt/bak3/lzg/PipeANN-github/experiments/qps_4sets/gist960/recall_workloads/u50/query_labels.spmat,0.098584,30860.17752,226.867923,98.0,10,32,98.0,nvme1n1,graph,0,graph,1096,high,0.5,0.5,0.5,intersect,1,0,1,1
7997,0.101886,399.828997,99.743188,289653.5,5.946856,0.101886,58367.380221,429.086654,0.085762,0.000737,0.101886,4,,,,,,,,,mixed-bound-evidence,50%,0.5,0.5,u50,1000,0.5,7997,,7997,graph,gist960,nvme1c1n1,remapped static counter nvme1n1 to active counter nvme1c1n1,ok,67108864,nvme1c1n1,291.50462,0,0,pipeann.hybrid.search.v1,1000,True,/mnt/bak3/lzg/PipeANN-github/data/gist960/gist960_qps4_pipeann,,0.103083,1137.681587,100.58664,6.084749,0.103083,59711.936892,438.987232,69968,0,1,11.91799,0.155184,500000.0,0.0,8005.164062,32.413,0,0,1,289270.0,291768.0,333113.0,298140.0,69904,0,97,calibration,69968,5.946856,6.86256,1000,/mnt/bak3/lzg/PipeANN-github/experiments/qps_4sets/gist960/recall_workloads/u50/query_labels.spmat,0.101886,58367.380221,429.086654,98.0,10,32,98.0,nvme1n1,graph,0,graph,580,high,0.5,0.5,0.5,intersect,2,0,2,1
7997,0.109181,796.250599,99.691042,317880.03125,11.601055,0.109181,106254.993255,781.131275,0.156126,0.001269,0.109181,4,,,,,,,,,mixed-bound-evidence,50%,0.5,0.5,u50,1000,0.5,7997,,7997,graph,gist960,nvme1c1n1,remapped static counter nvme1n1 to active counter nvme1c1n1,ok,67108864,nvme1c1n1,160.126724,0,0,pipeann.hybrid.search.v1,1000,True,/mnt/bak3/lzg/PipeANN-github/data/gist960/gist960_qps4_pipeann,,0.114557,1212.129144,100.462803,11.908776,0.114557,109013.756204,800.908995,91900,0,1,13.902554,0.155165,500000.0,0.0,8005.11084,36.471,0,0,1,317037.0,320906.0,370149.0,347227.0,90564,0,97,calibration,91900,11.601055,12.482032,1000,/mnt/bak3/lzg/PipeANN-github/experiments/qps_4sets/gist960/recall_workloads/u50/query_labels.spmat,0.109181,106254.993255,781.131275,98.0,10,32,98.0,nvme1n1,graph,0,graph,319,high,0.5,0.5,0.5,intersect,4,0,4,1
7997,0.124353,1581.506312,99.191508,373731.6875,22.347009,0.124353,179706.437761,1321.108074,0.285179,0.002682,0.124353,4,,,,,,,,,mixed-bound-evidence,50%,0.5,0.5,u50,1000,0.5,7997,,7997,graph,gist960,nvme1c1n1,remapped static counter nvme1n1 to active counter nvme1c1n1,ok,67108864,nvme1c1n1,94.67746,0,0,pipeann.hybrid.search.v1,1000,True,/mnt/bak3/lzg/PipeANN-github/data/gist960/gist960_qps4_pipeann,,0.125587,1609.893033,100.543505,23.132473,0.125587,184942.665392,1358.689304,152268,0,1,17.874641,0.170673,500000.0,0.0,8005.075195,53.662,0,0,1,373021.0,382466.0,427600.0,405021.0,151124,0,97,calibration,152268,22.347009,21.241272,1000,/mnt/bak3/lzg/PipeANN-github/experiments/qps_4sets/gist960/recall_workloads/u50/query_labels.spmat,0.124353,179706.437761,1321.108074,98.0,10,32,98.0,nvme1n1,graph,0,graph,189,high,0.5,0.5,0.5,intersect,8,0,8,1
6373,0.098573,200.37402,99.917178,207403.859375,3.206469,0.098573,32528.613057,239.162274,0.074354,0.000675,0.098573,4,,,,,,,,,mixed-bound-evidence,100%,1.0,1.0,u100,1000,1.0,6373,,6373,graph,gist960,nvme1c1n1,remapped static counter nvme1n1 to active counter nvme1c1n1,ok,67108864,nvme1c1n1,416.925307,0,0,pipeann.hybrid.search.v1,1000,True,/mnt/bak3/lzg/PipeANN-github/data/gist960/gist960_qps4_pipeann,,0.122298,908.015576,100.908173,3.288429,0.122298,33460.999587,245.893705,52104,0,1,19.863233,0.186234,1000000.0,0.0,6381.621094,26.881,0,0,1,207175.0,208847.0,275618.0,215345.0,51904,0,131,calibration,52104,3.206469,4.793731,1000,/mnt/bak3/lzg/PipeANN-github/experiments/qps_4sets/gist960/recall_workloads/u100/query_labels.spmat,0.098573,32528.613057,239.162274,98.0,10,32,98.0,nvme1n1,graph,0,graph,829,high,1.0,1.0,1.0,intersect,1,0,1,1
6373,0.101491,399.490865,99.723559,218620.625,6.268766,0.101491,61766.648219,454.131368,0.122969,0.001014,0.101491,4,,,,,,,,,mixed-bound-evidence,100%,1.0,1.0,u100,1000,1.0,6373,,6373,graph,gist960,nvme1c1n1,remapped static counter nvme1n1 to active counter nvme1c1n1,ok,67108864,nvme1c1n1,219.566973,0,0,pipeann.hybrid.search.v1,1000,True,/mnt/bak3/lzg/PipeANN-github/data/gist960/gist960_qps4_pipeann,,0.129645,1001.586457,100.388419,6.393012,0.129645,63264.819012,465.082373,69104,0,1,13.897237,0.15517,1000000.0,0.0,6381.583008,34.474,0,0,1,217750.0,219525.0,293245.0,276136.0,68936,0,131,calibration,69104,6.268766,9.08688,1000,/mnt/bak3/lzg/PipeANN-github/experiments/qps_4sets/gist960/recall_workloads/u100/query_labels.spmat,0.101491,61766.648219,454.131368,98.0,10,32,98.0,nvme1n1,graph,0,graph,437,high,1.0,1.0,1.0,intersect,2,0,2,1
6373,0.107364,794.942754,99.665358,236813.703125,12.100455,0.107364,112704.825561,828.647207,0.241003,0.002013,0.107364,4,,,,,,,,,mixed-bound-evidence,100%,1.0,1.0,u100,1000,1.0,6373,,6373,graph,gist960,nvme1c1n1,remapped static counter nvme1n1 to active counter nvme1c1n1,ok,67108864,nvme1c1n1,120.330677,0,0,pipeann.hybrid.search.v1,1000,True,/mnt/bak3/lzg/PipeANN-github/data/gist960/gist960_qps4_pipeann,,0.109022,1241.310844,100.189985,12.275617,0.109022,115049.924358,846.855859,95468,0,1,15.89074,0.170699,1000000.0,0.0,6381.564941,33.954,0,0,1,235366.0,245193.0,261948.0,251975.0,84912,0,131,calibration,95468,12.100455,16.767101,1000,/mnt/bak3/lzg/PipeANN-github/experiments/qps_4sets/gist960/recall_workloads/u100/query_labels.spmat,0.107364,112704.825561,828.647207,98.0,10,32,98.0,nvme1n1,graph,0,graph,240,high,1.0,1.0,1.0,intersect,4,0,4,1
6373,0.125731,1577.834136,99.48837,285686.25,23.512987,0.125731,187009.577035,1374.961846,0.413685,0.003663,0.125731,4,,,,,,,,,mixed-bound-evidence,100%,1.0,1.0,u100,1000,1.0,6373,,6373,graph,gist960,nvme1c1n1,remapped static counter nvme1n1 to active counter nvme1c1n1,ok,67108864,nvme1c1n1,72.519029,0,0,pipeann.hybrid.search.v1,1000,True,/mnt/bak3/lzg/PipeANN-github/data/gist960/gist960_qps4_pipeann,,0.129746,1747.253775,100.2002,23.951937,0.129746,190199.179574,1398.95859,142772,0,1,25.818501,0.186187,1000000.0,0.0,6381.47998,46.295,0,0,1,286608.0,291308.0,313118.0,296916.0,147556,0,131,calibration,142772,23.512987,27.746731,1000,/mnt/bak3/lzg/PipeANN-github/experiments/qps_4sets/gist960/recall_workloads/u100/query_labels.spmat,0.125731,187009.577035,1374.961846,98.0,10,32,98.0,nvme1n1,graph,0,graph,145,high,1.0,1.0,1.0,intersect,8,0,8,1
100,,735.886875,0.0,131.598007,0.0,,0.0,0.0,0.0,0.0,,4,,,,,,,,,cpu-bound-evidence,1.0e-03,,0.0010004106415302228,u0p1,1000,,100,133,100,prefilter,glove100,nvme1c1n1,remapped static counter nvme1n1 to active counter nvme1c1n1,ok,67108864,nvme1c1n1,1.006948,0,0,pipeann.hybrid.search.v1,0,True,/mnt/bak3/lzg/PipeANN-github/data/glove100/glove100_qps4_pipeann,,0.0,1472.486438,0.0,0.0,0.0,0.0,0.0,28616,75027,1,0.0,0.0,1184.0,0.0,133.0,3.104,0,75027,1,129.0,134.0,1446.0,179.0,31880,1000,133,calibration,28616,0.0,7311.508301,1000,/mnt/bak3/lzg/PipeANN-github/experiments/qps_4sets/glove100/recall_workloads/u0p1/query_labels.spmat,,0.0,0.0,98.010002,10,32,98.0,nvme1n1,prefilter,0,prefilter,3,low,0.0010004106415302228,0.0010004106415302228,0.0010004106415302228,intersect,1,75027,1,1
100,,1459.411486,0.0,185.987,0.0,,0.0,0.0,0.0,0.0,,4,,,,,,,,,cpu-bound-evidence,1.0e-03,,0.0010004106415302228,u0p1,1000,,100,133,100,prefilter,glove100,nvme1c1n1,remapped static counter nvme1n1 to active counter nvme1c1n1,ok,67108864,nvme1c1n1,0.501572,0,0,pipeann.hybrid.search.v1,0,True,/mnt/bak3/lzg/PipeANN-github/data/glove100/glove100_qps4_pipeann,,0.0,1459.411486,0.0,0.0,0.0,0.0,0.0,31348,75027,1,0.0,0.0,1184.0,0.0,133.0,3.865,0,75027,1,186.0,219.0,1496.0,261.0,32544,1000,133,calibration,31348,0.0,10401.986328,1000,/mnt/bak3/lzg/PipeANN-github/experiments/qps_4sets/glove100/recall_workloads/u0p1/query_labels.spmat,,0.0,0.0,98.010002,10,32,98.0,nvme1n1,prefilter,0,prefilter,2,low,0.0010004106415302228,0.0010004106415302228,0.0010004106415302228,intersect,2,75027,2,1
100,,1452.628356,0.0,262.691986,0.0,,0.0,0.0,0.0,0.0,,4,,,,,,,,,cpu-bound-evidence,1.0e-03,,0.0010004106415302228,u0p1,1000,,100,133,100,prefilter,glove100,nvme1c1n1,remapped static counter nvme1n1 to active counter nvme1c1n1,ok,67108864,nvme1c1n1,0.503226,0,0,pipeann.hybrid.search.v1,0,True,/mnt/bak3/lzg/PipeANN-github/data/glove100/glove100_qps4_pipeann,,0.0,1452.628356,0.0,0.0,0.0,0.0,0.0,32484,75027,1,0.0,0.0,1184.0,0.0,133.0,4.879,0,75027,1,257.0,304.0,1811.0,331.0,34480,1000,133,calibration,32484,0.0,14794.037109,1000,/mnt/bak3/lzg/PipeANN-github/experiments/qps_4sets/glove100/recall_workloads/u0p1/query_labels.spmat,,0.0,0.0,98.010002,10,32,98.0,nvme1n1,prefilter,0,prefilter,2,low,0.0010004106415302228,0.0010004106415302228,0.0010004106415302228,intersect,4,75027,4,1
100,,1452.629924,0.0,624.301025,0.0,,0.0,0.0,0.0,0.0,,4,,,,,,,,,cpu-bound-evidence,1.0e-03,,0.0010004106415302228,u0p1,1000,,100,133,100,prefilter,glove100,nvme1c1n1,remapped static counter nvme1n1 to active counter nvme1c1n1,ok,67108864,nvme1c1n1,0.503225,0,0,pipeann.hybrid.search.v1,0,True,/mnt/bak3/lzg/PipeANN-github/data/glove100/glove100_qps4_pipeann,,0.0,1452.629924,0.0,0.0,0.0,0.0,0.0,33580,75027,1,0.0,0.0,1184.0,0.0,133.0,6.169,0,75027,1,616.0,646.0,2772.0,665.0,37596,1000,133,calibration,33580,0.0,12630.208984,1000,/mnt/bak3/lzg/PipeANN-github/experiments/qps_4sets/glove100/recall_workloads/u0p1/query_labels.spmat,,0.0,0.0,98.010002,10,32,98.0,nvme1n1,prefilter,0,prefilter,2,low,0.0010004106415302228,0.0010004106415302228,0.0010004106415302228,intersect,8,75027,8,1
100,,499.769772,0.0,523.466003,0.0,,0.0,0.0,0.0,0.0,,4,,,,,,,,,cpu-bound-evidence,5.0e-03,,0.005000363324810691,u0p5,1000,,100,253,100,prefilter,glove100,nvme1c1n1,remapped static counter nvme1n1 to active counter nvme1c1n1,ok,67108864,nvme1c1n1,1.510696,0,0,pipeann.hybrid.search.v1,0,True,/mnt/bak3/lzg/PipeANN-github/data/glove100/glove100_qps4_pipeann,,0.0,1500.02623,0.0,0.0,0.0,0.0,0.0,28044,75027,1,0.0,0.0,5918.0,0.0,253.0,15.761,0,75027,1,539.0,580.0,1914.0,611.0,32024,1000,253,calibration,28044,0.0,1865.891846,1000,/mnt/bak3/lzg/PipeANN-github/experiments/qps_4sets/glove100/recall_workloads/u0p5/query_labels.spmat,,0.0,0.0,98.010002,10,32,98.0,nvme1n1,prefilter,0,prefilter,4,low,0.005000363324810691,0.005000363324810691,0.005000363324810691,intersect,1,75027,1,1
100,1.0,729.827161,0.79437,450.914001,0.010923,,0.0,0.0,10.922583,0.632238,1.0,4,,,,,,,,,cpu-bound-evidence,5.0e-03,,0.005000363324810691,u0p5,1000,,100,253,100,prefilter,glove100,nvme1c1n1,remapped static counter nvme1n1 to active counter nvme1c1n1,ok,67108864,nvme1c1n1,1.007088,0,0,pipeann.hybrid.search.v1,0,True,/mnt/bak3/lzg/PipeANN-github/data/glove100/glove100_qps4_pipeann,,1.0,1460.30002,1.589442,0.021855,0.0,0.0,0.0,31668,75027,1,21.85483,1.265035,5918.0,0.0,253.0,10.319,0,75027,1,437.0,523.0,5379.0,639.0,32828,1000,253,calibration,31668,0.010923,4258.019531,1000,/mnt/bak3/lzg/PipeANN-github/experiments/qps_4sets/glove100/recall_workloads/u0p5/query_labels.spmat,,0.0,0.0,98.010002,10,32,98.0,nvme1n1,prefilter,0,prefilter,3,low,0.005000363324810691,0.005000363324810691,0.005000363324810691,intersect,2,75027,2,1
100,,755.643986,0.0,786.690002,0.0,,0.0,0.0,0.0,0.0,,4,,,,,,,,,cpu-bound-evidence,5.0e-03,,0.005000363324810691,u0p5,1000,,100,253,100,prefilter,glove100,nvme1c1n1,remapped static counter nvme1n1 to active counter nvme1c1n1,ok,67108864,nvme1c1n1,1.007088,0,0,pipeann.hybrid.search.v1,0,True,/mnt/bak3/lzg/PipeANN-github/data/glove100/glove100_qps4_pipeann,,0.0,1512.018744,0.0,0.0,0.0,0.0,0.0,32456,75027,1,0.0,0.0,5918.0,0.0,253.0,12.093,0,75027,1,788.0,1001.0,4231.0,1031.0,34600,1000,253,calibration,32456,0.0,4903.86084,1000,/mnt/bak3/lzg/PipeANN-github/experiments/qps_4sets/glove100/recall_workloads/u0p5/query_labels.spmat,,0.0,0.0,98.010002,10,32,98.0,nvme1n1,prefilter,0,prefilter,3,low,0.005000363324810691,0.005000363324810691,0.005000363324810691,intersect,4,75027,4,1
100,,855.841024,0.0,872.616028,0.0,,0.0,0.0,0.0,0.0,,4,,,,,,,,,cpu-bound-evidence,5.0e-03,,0.005000363324810691,u0p5,1000,,100,253,100,prefilter,glove100,nvme1c1n1,remapped static counter nvme1n1 to active counter nvme1c1n1,ok,67108864,nvme1c1n1,1.007196,0,0,pipeann.hybrid.search.v1,0,True,/mnt/bak3/lzg/PipeANN-github/data/glove100/glove100_qps4_pipeann,,0.0,1712.36338,0.0,0.0,0.0,0.0,0.0,35076,75027,1,0.0,0.0,5918.0,0.0,253.0,13.094,0,75027,1,875.0,967.0,3571.0,995.0,38208,1000,253,calibration,35076,0.0,8856.384766,1000,/mnt/bak3/lzg/PipeANN-github/experiments/qps_4sets/glove100/recall_workloads/u0p5/query_labels.spmat,,0.0,0.0,98.010002,10,32,98.0,nvme1n1,prefilter,0,prefilter,3,low,0.005000363324810691,0.005000363324810691,0.005000363324810691,intersect,8,75027,8,1
100,0.358974,340.432203,0.158895,836.374023,0.005561,,0.0,0.0,15.492247,0.103964,0.358974,4,,,,,,,,,cpu-bound-evidence,1.0%,,0.00999988170820117,u1,1000,,100,306,100,prefilter,glove100,nvme1c1n1,remapped static counter nvme1n1 to active counter nvme1c1n1,ok,67108864,nvme1c1n1,2.517388,0,0,pipeann.hybrid.search.v1,0,True,/mnt/bak3/lzg/PipeANN-github/data/glove100/glove100_qps4_pipeann,,0.358974,1500.174917,0.794291,0.0278,0.0,0.0,0.0,30848,75027,1,77.443364,0.519702,11835.0,0.0,306.0,29.343,0,75027,1,852.0,884.0,2641.0,907.0,32060,1000,306,calibration,30848,0.005561,1165.017822,1000,/mnt/bak3/lzg/PipeANN-github/experiments/qps_4sets/glove100/recall_workloads/u1/query_labels.spmat,,0.0,0.0,98.010002,10,32,98.0,nvme1n1,prefilter,0,prefilter,6,low,0.00999988170820117,0.00999988170820117,0.00999988170820117,intersect,1,75027,1,1
100,,517.117017,0.0,1006.495972,0.0,,0.0,0.0,0.0,0.0,,4,,,,,,,,,cpu-bound-evidence,1.0%,,0.00999988170820117,u1,1000,,100,306,100,prefilter,glove100,nvme1c1n1,remapped static counter nvme1n1 to active counter nvme1c1n1,ok,67108864,nvme1c1n1,1.510296,0,0,pipeann.hybrid.search.v1,0,True,/mnt/bak3/lzg/PipeANN-github/data/glove100/glove100_qps4_pipeann,,0.0,1553.453451,0.0,0.0,0.0,0.0,0.0,31224,75027,1,0.0,0.0,11835.0,0.0,306.0,27.171,0,75027,1,990.0,1128.0,3781.0,1217.0,32904,1000,306,calibration,31224,0.0,1945.218384,1000,/mnt/bak3/lzg/PipeANN-github/experiments/qps_4sets/glove100/recall_workloads/u1/query_labels.spmat,,0.0,0.0,98.010002,10,32,98.0,nvme1n1,prefilter,0,prefilter,4,low,0.00999988170820117,0.00999988170820117,0.00999988170820117,intersect,2,75027,2,1
100,,829.948655,0.0,1295.88501,0.0,,0.0,0.0,0.0,0.0,,4,,,,,,,,,cpu-bound-evidence,1.0%,,0.00999988170820117,u1,1000,,100,306,100,prefilter,glove100,nvme1c1n1,remapped static counter nvme1n1 to active counter nvme1c1n1,ok,67108864,nvme1c1n1,1.006086,0,0,pipeann.hybrid.search.v1,0,True,/mnt/bak3/lzg/PipeANN-github/data/glove100/glove100_qps4_pipeann,,0.0,1659.104839,0.0,0.0,0.0,0.0,0.0,32548,75027,1,0.0,0.0,11835.0,0.0,306.0,31.075,0,75027,1,1276.0,1447.0,4481.0,1496.0,35196,1000,306,calibration,32548,0.0,3029.020508,1000,/mnt/bak3/lzg/PipeANN-github/experiments/qps_4sets/glove100/recall_workloads/u1/query_labels.spmat,,0.0,0.0,98.010002,10,32,98.0,nvme1n1,prefilter,0,prefilter,3,low,0.00999988170820117,0.00999988170820117,0.00999988170820117,intersect,4,75027,4,1
100,,696.948925,0.0,2773.076904,0.0,,0.0,0.0,0.0,0.0,,4,,,,,,,,,cpu-bound-evidence,1.0%,,0.00999988170820117,u1,1000,,100,306,100,prefilter,glove100,nvme1c1n1,remapped static counter nvme1n1 to active counter nvme1c1n1,ok,67108864,nvme1c1n1,1.510871,0,0,pipeann.hybrid.search.v1,0,True,/mnt/bak3/lzg/PipeANN-github/data/glove100/glove100_qps4_pipeann,,0.0,1871.367356,0.0,0.0,0.0,0.0,0.0,36720,75027,1,0.0,0.0,11835.0,0.0,306.0,33.284,0,75027,1,2785.0,3137.0,7550.0,3255.0,38488,1000,306,calibration,36720,0.0,2854.180664,1000,/mnt/bak3/lzg/PipeANN-github/experiments/qps_4sets/glove100/recall_workloads/u1/query_labels.spmat,,0.0,0.0,98.010002,10,32,98.0,nvme1n1,prefilter,0,prefilter,4,low,0.00999988170820117,0.00999988170820117,0.00999988170820117,intersect,8,75027,8,1
100,0.526316,271.410409,0.226884,1441.650024,0.002836,,0.0,0.0,5.388503,0.110783,0.526316,4,,,,,,,,,cpu-bound-evidence,2.0%,,0.01999976341640234,u2,1000,,100,395,100,prefilter,glove100,nvme1c1n1,remapped static counter nvme1n1 to active counter nvme1c1n1,ok,67108864,nvme1c1n1,3.526025,0,0,pipeann.hybrid.search.v1,0,True,/mnt/bak3/lzg/PipeANN-github/data/glove100/glove100_qps4_pipeann,,1.0,1499.890767,0.794169,0.013897,0.0,0.0,0.0,29624,75027,1,21.839652,0.558365,23670.0,0.0,395.0,46.717,0,75027,1,1439.0,1480.0,3901.0,1525.0,32220,1000,395,calibration,29624,0.002836,675.623596,1000,/mnt/bak3/lzg/PipeANN-github/experiments/qps_4sets/glove100/recall_workloads/u2/query_labels.spmat,,0.0,0.0,98.0,10,32,98.0,nvme1n1,prefilter,0,prefilter,8,middle,0.01999976341640234,0.01999976341640234,0.01999976341640234,intersect,1,75027,1,1
100,,351.427351,0.0,1678.396973,0.0,,0.0,0.0,0.0,0.0,,4,,,,,,,,,cpu-bound-evidence,2.0%,,0.01999976341640234,u2,1000,,100,395,100,prefilter,glove100,nvme1c1n1,remapped static counter nvme1n1 to active counter nvme1c1n1,ok,67108864,nvme1c1n1,2.515456,0,0,pipeann.hybrid.search.v1,0,True,/mnt/bak3/lzg/PipeANN-github/data/glove100/glove100_qps4_pipeann,,0.0,1551.622479,0.0,0.0,0.0,0.0,0.0,30436,75027,1,0.0,0.0,23670.0,0.0,395.0,47.902,0,75027,1,1664.0,1949.0,4586.0,2003.0,33468,1000,395,calibration,30436,0.0,1164.21814,1000,/mnt/bak3/lzg/PipeANN-github/experiments/qps_4sets/glove100/recall_workloads/u2/query_labels.spmat,,0.0,0.0,98.0,10,32,98.0,nvme1n1,prefilter,0,prefilter,6,middle,0.01999976341640234,0.01999976341640234,0.01999976341640234,intersect,2,75027,2,1
100,0.333333,558.687931,0.265095,1803.767944,0.001325,,0.0,0.0,1.988213,0.041421,0.333333,4,,,,,,,,,cpu-bound-evidence,2.0%,,0.01999976341640234,u2,1000,,100,395,100,prefilter,glove100,nvme1c1n1,remapped static counter nvme1n1 to active counter nvme1c1n1,ok,67108864,nvme1c1n1,1.508892,0,0,pipeann.hybrid.search.v1,0,True,/mnt/bak3/lzg/PipeANN-github/data/glove100/glove100_qps4_pipeann,,0.333333,1654.913758,0.797319,0.003987,0.0,0.0,0.0,33748,75027,1,5.979891,0.124581,23670.0,0.0,395.0,45.833,0,75027,1,1790.0,1985.0,4974.0,2112.0,35292,1000,395,calibration,33748,0.001325,2168.153076,1000,/mnt/bak3/lzg/PipeANN-github/experiments/qps_4sets/glove100/recall_workloads/u2/query_labels.spmat,,0.0,0.0,98.0,10,32,98.0,nvme1n1,prefilter,0,prefilter,4,middle,0.01999976341640234,0.01999976341640234,0.01999976341640234,intersect,4,75027,4,1
100,,615.511017,0.0,3835.653076,0.0,,0.0,0.0,0.0,0.0,,4,,,,,,,,,cpu-bound-evidence,2.0%,,0.01999976341640234,u2,1000,,100,395,100,prefilter,glove100,nvme1c1n1,remapped static counter nvme1n1 to active counter nvme1c1n1,ok,67108864,nvme1c1n1,1.51094,0,0,pipeann.hybrid.search.v1,0,True,/mnt/bak3/lzg/PipeANN-github/data/glove100/glove100_qps4_pipeann,,0.0,1845.527655,0.0,0.0,0.0,0.0,0.0,37372,75027,1,0.0,0.0,23670.0,0.0,395.0,55.329,0,75027,1,3877.0,4543.0,8614.0,6039.0,39464,1000,395,calibration,37372,0.0,2059.93335,1000,/mnt/bak3/lzg/PipeANN-github/experiments/qps_4sets/glove100/recall_workloads/u2/query_labels.spmat,,0.0,0.0,98.0,10,32,98.0,nvme1n1,prefilter,0,prefilter,4,middle,0.01999976341640234,0.01999976341640234,0.01999976341640234,intersect,8,75027,8,1
100,0.5,199.971145,0.132431,2504.449951,0.000331,,0.0,0.0,0.993234,0.023279,0.5,4,,,,,,,,,cpu-bound-evidence,5.0%,,0.050000253482426066,u5,1000,,100,493,100,prefilter,glove100,nvme1c1n1,remapped static counter nvme1n1 to active counter nvme1c1n1,ok,67108864,nvme1c1n1,6.040872,0,0,pipeann.hybrid.search.v1,0,True,/mnt/bak3/lzg/PipeANN-github/data/glove100/glove100_qps4_pipeann,,0.666667,1497.975143,0.794232,0.003971,0.0,0.0,0.0,29752,75027,1,5.95674,0.155122,59176.0,0.0,493.0,31.325,0,75027,1,2626.0,2845.0,5394.0,2867.0,34892,1000,493,calibration,29752,0.000331,349.62207,1000,/mnt/bak3/lzg/PipeANN-github/experiments/qps_4sets/glove100/recall_workloads/u5/query_labels.spmat,,0.0,0.0,98.0,10,32,98.0,nvme1n1,prefilter,0,prefilter,13,middle,0.050000253482426066,0.050000253482426066,0.050000253482426066,intersect,1,75027,1,1
100,0.0,336.068074,0.113537,2938.826904,0.000284,,0.0,0.0,0.851524,0.018849,0.0,4,,,,,,,,,cpu-bound-evidence,5.0%,,0.050000253482426066,u5,1000,,100,493,100,prefilter,glove100,nvme1c1n1,remapped static counter nvme1n1 to active counter nvme1c1n1,ok,67108864,nvme1c1n1,3.523096,0,0,pipeann.hybrid.search.v1,0,True,/mnt/bak3/lzg/PipeANN-github/data/glove100/glove100_qps4_pipeann,,0.0,1561.242079,0.793977,0.001985,0.0,0.0,0.0,33952,75027,1,5.954826,0.131813,59176.0,0.0,493.0,37.748,0,75027,1,3071.0,3507.0,4135.0,3600.0,33964,1000,493,calibration,33952,0.000284,604.032959,1000,/mnt/bak3/lzg/PipeANN-github/experiments/qps_4sets/glove100/recall_workloads/u5/query_labels.spmat,,0.0,0.0,98.0,10,32,98.0,nvme1n1,prefilter,0,prefilter,8,middle,0.050000253482426066,0.050000253482426066,0.050000253482426066,intersect,2,75027,2,1
100,1.75,515.800567,0.198576,3057.016113,0.002979,,0.0,0.0,1.985758,0.029088,1.75,4,,,,,,,,,cpu-bound-evidence,5.0%,,0.050000253482426066,u5,1000,,100,493,100,prefilter,glove100,nvme1c1n1,remapped static counter nvme1n1 to active counter nvme1c1n1,ok,67108864,nvme1c1n1,2.014344,0,0,pipeann.hybrid.search.v1,0,True,/mnt/bak3/lzg/PipeANN-github/data/glove100/glove100_qps4_pipeann,,1.75,1664.896699,0.794338,0.011915,0.0,0.0,0.0,36424,75027,1,7.943376,0.116358,59176.0,0.0,493.0,40.394,0,75027,1,3107.0,3409.0,4320.0,3563.0,36412,1000,493,calibration,36424,0.002979,1160.449585,1000,/mnt/bak3/lzg/PipeANN-github/experiments/qps_4sets/glove100/recall_workloads/u5/query_labels.spmat,,0.0,0.0,98.0,10,32,98.0,nvme1n1,prefilter,0,prefilter,5,middle,0.050000253482426066,0.050000253482426066,0.050000253482426066,intersect,4,75027,4,1
100,,624.874981,0.0,3591.504883,0.0,,0.0,0.0,0.0,0.0,,4,,,,,,,,,cpu-bound-evidence,5.0%,,0.050000253482426066,u5,1000,,100,493,100,prefilter,glove100,nvme1c1n1,remapped static counter nvme1n1 to active counter nvme1c1n1,ok,67108864,nvme1c1n1,1.510702,0,0,pipeann.hybrid.search.v1,0,True,/mnt/bak3/lzg/PipeANN-github/data/glove100/glove100_qps4_pipeann,,0.0,1875.523217,0.0,0.0,0.0,0.0,0.0,40800,75027,1,0.0,0.0,59176.0,0.0,493.0,39.406,0,75027,1,3570.0,4778.0,6032.0,5364.0,41544,1000,493,calibration,40800,0.0,2005.804199,1000,/mnt/bak3/lzg/PipeANN-github/experiments/qps_4sets/glove100/recall_workloads/u5/query_labels.spmat,,0.0,0.0,98.0,10,32,98.0,nvme1n1,prefilter,0,prefilter,4,middle,0.050000253482426066,0.050000253482426066,0.050000253482426066,intersect,8,75027,8,1
5599,0.087824,201.496999,99.819916,158410.59375,3.07487,0.087824,35011.519635,136.763749,0.124894,0.001805,0.087824,4,,,,,,,,,mixed-bound-evidence,10%,,0.09999966202343191,u10,1000,,5599,,5599,graph,glove100,nvme1c1n1,remapped static counter nvme1n1 to active counter nvme1c1n1,ok,67108864,nvme1c1n1,320.272759,0,0,pipeann.hybrid.search.v1,1000,True,/mnt/bak3/lzg/PipeANN-github/data/glove100/glove100_qps4_pipeann,,0.103303,1553.599211,100.787978,3.130943,0.103303,35675.277976,139.356555,49080,0,1,25.820048,0.318096,118351.0,0.0,5606.616211,32.442,0,0,1,158137.0,159620.0,191388.0,169638.0,49132,0,49,calibration,49080,3.07487,6.248947,1000,/mnt/bak3/lzg/PipeANN-github/experiments/qps_4sets/glove100/recall_workloads/u10/query_labels.spmat,0.087824,35011.519635,136.763749,98.0,10,32,98.0,nvme1n1,graph,0,graph,637,middle,0.09999966202343191,0.09999966202343191,0.09999966202343191,intersect,1,0,1,1
5599,0.088526,401.411426,99.777751,160587.578125,6.009354,0.088526,67882.027203,265.164169,0.163451,0.001348,0.088526,4,,,,,,,,,mixed-bound-evidence,10%,,0.09999966202343191,u10,1000,,5599,,5599,graph,glove100,nvme1c1n1,remapped static counter nvme1n1 to active counter nvme1c1n1,ok,67108864,nvme1c1n1,165.187126,0,0,pipeann.hybrid.search.v1,1000,True,/mnt/bak3/lzg/PipeANN-github/data/glove100/glove100_qps4_pipeann,,0.09129,1664.984641,100.101087,6.104649,0.091298,69888.146424,273.00833,66128,0,1,13.902825,0.155163,118351.0,0.0,5606.616211,39.755,0,0,1,160144.0,163106.0,182981.0,174612.0,62348,0,49,calibration,66128,6.009354,12.319982,1000,/mnt/bak3/lzg/PipeANN-github/experiments/qps_4sets/glove100/recall_workloads/u10/query_labels.spmat,0.088526,67882.027203,265.164169,98.0,10,32,98.0,nvme1n1,graph,0,graph,329,middle,0.09999966202343191,0.09999966202343191,0.09999966202343191,intersect,2,0,2,1
5599,0.095746,797.095363,99.34774,180443.578125,11.649943,0.095746,121675.156431,475.29358,0.31468,0.00267,0.095746,4,,,,,,,,,mixed-bound-evidence,10%,,0.09999966202343191,u10,1000,,5599,,5599,graph,glove100,nvme1c1n1,remapped static counter nvme1n1 to active counter nvme1c1n1,ok,67108864,nvme1c1n1,92.157104,0,0,pipeann.hybrid.search.v1,1000,True,/mnt/bak3/lzg/PipeANN-github/data/glove100/glove100_qps4_pipeann,,0.098972,1885.683083,100.101453,11.904613,0.098972,124213.934313,485.210681,84824,0,1,17.874817,0.162921,118351.0,0.0,5606.61084,36.581,0,0,1,179942.0,182348.0,219560.0,196304.0,88980,0,49,calibration,84824,11.649943,21.897692,1000,/mnt/bak3/lzg/PipeANN-github/experiments/qps_4sets/glove100/recall_workloads/u10/query_labels.spmat,0.095746,121675.156431,475.29358,98.0,10,32,98.0,nvme1n1,graph,0,graph,184,middle,0.09999966202343191,0.09999966202343191,0.09999966202343191,intersect,4,0,4,1
5599,0.105792,1561.226636,98.530398,208858.328125,22.232837,0.105791,210156.687264,820.92456,0.449808,0.004027,0.105792,4,,,,,,,,,mixed-bound-evidence,10%,,0.09999966202343191,u10,1000,,5599,,5599,graph,glove100,nvme1c1n1,remapped static counter nvme1n1 to active counter nvme1c1n1,ok,67108864,nvme1c1n1,53.356123,0,0,pipeann.hybrid.search.v1,1000,True,/mnt/bak3/lzg/PipeANN-github/data/glove100/glove100_qps4_pipeann,,0.108199,2303.084543,100.289585,22.913182,0.108199,216727.288545,846.590971,131664,0,1,21.853867,0.170694,118351.0,0.0,5606.597168,38.694,0,0,1,208300.0,215517.0,233020.0,229315.0,139720,0,49,calibration,131664,22.232837,37.842632,1000,/mnt/bak3/lzg/PipeANN-github/experiments/qps_4sets/glove100/recall_workloads/u10/query_labels.spmat,0.105791,210156.687264,820.92456,98.0,10,32,98.0,nvme1n1,graph,0,graph,107,middle,0.09999966202343191,0.09999966202343191,0.09999966202343191,intersect,8,0,8,1
3579,0.086223,202.594055,99.769742,90128.4375,3.32973,0.086223,38617.383583,150.849155,0.161447,0.001387,0.086223,4,,,,,,,,,mixed-bound-evidence,25%,,0.2499995775292899,u25,1000,,3579,,3579,graph,glove100,nvme1c1n1,remapped static counter nvme1n1 to active counter nvme1c1n1,ok,67108864,nvme1c1n1,185.819865,0,0,pipeann.hybrid.search.v1,1000,True,/mnt/bak3/lzg/PipeANN-github/data/glove100/glove100_qps4_pipeann,,0.090982,1559.862085,100.898815,3.38312,0.090982,39817.601995,155.537508,49192,0,1,19.862129,0.186201,295878.0,0.0,3587.929932,26.757,0,0,1,89797.0,91677.0,106571.0,92331.0,49296,0,68,calibration,49192,3.32973,10.946064,1000,/mnt/bak3/lzg/PipeANN-github/experiments/qps_4sets/glove100/recall_workloads/u25/query_labels.spmat,0.086223,38617.383583,150.849155,98.0,10,32,98.0,nvme1n1,graph,0,graph,370,high,0.2499995775292899,0.2499995775292899,0.2499995775292899,intersect,1,0,1,1
3579,0.089018,402.415187,99.661468,94600.390625,6.542801,0.089018,73499.646746,287.107995,0.276553,0.002561,0.089018,4,,,,,,,,,mixed-bound-evidence,25%,,0.2499995775292899,u25,1000,,3579,,3579,graph,glove100,nvme1c1n1,remapped static counter nvme1n1 to active counter nvme1c1n1,ok,67108864,nvme1c1n1,97.63051,0,0,pipeann.hybrid.search.v1,1000,True,/mnt/bak3/lzg/PipeANN-github/data/glove100/glove100_qps4_pipeann,,0.090832,1671.335514,100.244695,6.630663,0.090832,75357.871691,294.366686,62040,0,1,17.900584,0.186458,295878.0,0.0,3587.885986,38.077,0,0,1,94498.0,96163.0,111543.0,102058.0,61816,0,68,calibration,62040,6.542801,20.841391,1000,/mnt/bak3/lzg/PipeANN-github/experiments/qps_4sets/glove100/recall_workloads/u25/query_labels.spmat,0.089018,73499.646746,287.107995,98.0,10,32,98.0,nvme1n1,graph,0,graph,195,high,0.2499995775292899,0.2499995775292899,0.2499995775292899,intersect,2,0,2,1
3579,0.095316,795.255573,99.457566,106248.710938,12.476321,0.095316,130894.065667,511.304944,0.401303,0.003563,0.095316,4,,,,,,,,,mixed-bound-evidence,25%,,0.2499995775292899,u25,1000,,3579,,3579,graph,glove100,nvme1c1n1,remapped static counter nvme1n1 to active counter nvme1c1n1,ok,67108864,nvme1c1n1,54.82137,0,0,pipeann.hybrid.search.v1,1000,True,/mnt/bak3/lzg/PipeANN-github/data/glove100/glove100_qps4_pipeann,,0.09734,1888.326779,100.338325,12.751173,0.097338,134596.865658,525.769006,79124,0,1,17.89725,0.147606,295878.0,0.0,3587.873047,34.456,0,0,1,105868.0,110127.0,131201.0,115519.0,86736,0,68,calibration,79124,12.476321,37.037838,1000,/mnt/bak3/lzg/PipeANN-github/experiments/qps_4sets/glove100/recall_workloads/u25/query_labels.spmat,0.095316,130894.065667,511.304944,98.0,10,32,98.0,nvme1n1,graph,0,graph,110,high,0.2499995775292899,0.2499995775292899,0.2499995775292899,intersect,4,0,4,1
3579,0.108169,1561.908057,98.339303,126869.125,23.720033,0.108169,219286.561649,856.588131,0.733419,0.006804,0.108169,4,,,,,,,,,mixed-bound-evidence,25%,,0.2499995775292899,u25,1000,,3579,,3579,graph,glove100,nvme1c1n1,remapped static counter nvme1n1 to active counter nvme1c1n1,ok,67108864,nvme1c1n1,32.723437,0,0,pipeann.hybrid.search.v1,1000,True,/mnt/bak3/lzg/PipeANN-github/data/glove100/glove100_qps4_pipeann,,0.109703,2320.015357,100.174968,24.395526,0.109703,225232.638852,879.814996,122484,0,1,17.87498,0.170676,295878.0,0.0,3587.917969,43.386,0,0,1,126680.0,131288.0,140299.0,135238.0,127688,0,68,calibration,122484,23.720033,62.089787,1000,/mnt/bak3/lzg/PipeANN-github/experiments/qps_4sets/glove100/recall_workloads/u25/query_labels.spmat,0.108169,219286.561649,856.588131,98.0,10,32,98.0,nvme1n1,graph,0,graph,66,high,0.2499995775292899,0.2499995775292899,0.2499995775292899,intersect,8,0,8,1
2371,0.088226,203.96118,99.759247,59784.96875,3.47879,0.088225,39430.08831,154.023782,0.562994,0.005304,0.088226,4,,,,,,,,,mixed-bound-evidence,50%,,0.5,u50,1000,,2371,,2371,graph,glove100,nvme1c1n1,remapped static counter nvme1n1 to active counter nvme1c1n1,ok,67108864,nvme1c1n1,120.782788,0,0,pipeann.hybrid.search.v1,1000,True,/mnt/bak3/lzg/PipeANN-github/data/glove100/glove100_qps4_pipeann,,0.091313,1549.657799,100.484433,3.521023,0.091313,39998.261145,156.243208,40308,0,1,87.41926,0.551025,591757.0,0.0,2381.25,23.033,0,0,1,59597.0,60344.0,77662.0,63817.0,40568,0,97,calibration,40308,3.47879,16.50942,1000,/mnt/bak3/lzg/PipeANN-github/experiments/qps_4sets/glove100/recall_workloads/u50/query_labels.spmat,0.088225,39430.08831,154.023782,98.230003,10,32,98.0,nvme1n1,graph,0,graph,241,high,0.5,0.5,0.5,intersect,1,0,1,1
2371,0.090582,403.693226,99.230938,61934.964844,6.800986,0.090582,75080.58671,293.283542,0.346829,0.003079,0.090582,4,,,,,,,,,mixed-bound-evidence,50%,,0.5,u50,1000,,2371,,2371,graph,glove100,nvme1c1n1,remapped static counter nvme1n1 to active counter nvme1c1n1,ok,67108864,nvme1c1n1,63.43183,0,0,pipeann.hybrid.search.v1,1000,True,/mnt/bak3/lzg/PipeANN-github/data/glove100/glove100_qps4_pipeann,,0.092432,1665.223842,100.41929,6.899223,0.092432,76571.115851,299.105921,48144,0,1,23.841021,0.116412,591757.0,0.0,2381.259033,26.589,0,0,1,62010.0,63276.0,83638.0,65160.0,48832,0,97,calibration,48144,6.800986,31.850828,1000,/mnt/bak3/lzg/PipeANN-github/experiments/qps_4sets/glove100/recall_workloads/u50/query_labels.spmat,0.090582,75080.58671,293.283542,98.230003,10,32,98.0,nvme1n1,graph,0,graph,127,high,0.5,0.5,0.5,intersect,2,0,2,1
2371,0.095539,792.328501,98.469194,68588.765625,12.91307,0.095539,135159.384945,527.966347,0.425708,0.004324,0.095539,4,,,,,,,,,mixed-bound-evidence,50%,,0.5,u50,1000,,2371,,2371,graph,glove100,nvme1c1n1,remapped static counter nvme1n1 to active counter nvme1c1n1,ok,67108864,nvme1c1n1,35.235385,0,0,pipeann.hybrid.search.v1,1000,True,/mnt/bak3/lzg/PipeANN-github/data/glove100/glove100_qps4_pipeann,,0.096554,1887.818554,100.605599,13.25292,0.096554,139533.254725,545.051776,61528,0,1,7.946843,0.147451,591757.0,0.0,2381.221924,34.463,0,0,1,68897.0,70340.0,75978.0,71590.0,61360,0,97,calibration,61528,12.91307,57.493687,1000,/mnt/bak3/lzg/PipeANN-github/experiments/qps_4sets/glove100/recall_workloads/u50/query_labels.spmat,0.095539,135159.384945,527.966347,98.230003,10,32,98.0,nvme1n1,graph,0,graph,71,high,0.5,0.5,0.5,intersect,4,0,4,1
2371,0.108679,1540.517767,98.36534,81930.953125,24.480558,0.108678,225255.587226,879.904638,0.851402,0.00813,0.108679,4,,,,,,,,,mixed-bound-evidence,50%,,0.5,u50,1000,,2371,,2371,graph,glove100,nvme1c1n1,remapped static counter nvme1n1 to active counter nvme1c1n1,ok,67108864,nvme1c1n1,21.141593,0,0,pipeann.hybrid.search.v1,1000,True,/mnt/bak3/lzg/PipeANN-github/data/glove100/glove100_qps4_pipeann,,0.109526,2313.6221,100.53543,25.164988,0.109526,231368.708862,903.784019,84548,0,1,11.916552,0.147405,591757.0,0.0,2381.108887,35.404,0,0,1,81948.0,84506.0,91342.0,86437.0,83056,0,97,calibration,84548,24.480558,96.295425,1000,/mnt/bak3/lzg/PipeANN-github/experiments/qps_4sets/glove100/recall_workloads/u50/query_labels.spmat,0.108678,225255.587226,879.904638,98.230003,10,32,98.0,nvme1n1,graph,0,graph,43,high,0.5,0.5,0.5,intersect,8,0,8,1
1672,0.088452,205.736428,99.204415,41063.109375,3.540864,0.088451,40031.140879,156.371644,0.439989,0.003298,0.088452,4,,,,,,,,,mixed-bound-evidence,100%,,1.0,u100,1000,,1672,,1672,graph,glove100,nvme1c1n1,remapped static counter nvme1n1 to active counter nvme1c1n1,ok,67108864,nvme1c1n1,84.093032,0,0,pipeann.hybrid.search.v1,1000,True,/mnt/bak3/lzg/PipeANN-github/data/glove100/glove100_qps4_pipeann,,0.089566,1559.912638,100.138824,3.591695,0.089566,40604.617721,158.604032,40504,0,1,37.738489,0.186217,1183514.0,0.0,1683.177002,21.264,0,0,1,41031.0,41510.0,52299.0,41809.0,40652,0,131,calibration,40504,3.540864,23.985485,1000,/mnt/bak3/lzg/PipeANN-github/experiments/qps_4sets/glove100/recall_workloads/u100/query_labels.spmat,0.088451,40031.140879,156.371644,98.199997,10,32,98.0,nvme1n1,graph,0,graph,168,high,1.0,1.0,1.0,intersect,1,0,1,1
1672,0.08967,400.718802,98.307151,42313.101562,6.814206,0.08967,75991.21568,296.840686,0.519212,0.004674,0.08967,4,,,,,,,,,mixed-bound-evidence,100%,,1.0,u100,1000,,1672,,1672,graph,glove100,nvme1c1n1,remapped static counter nvme1n1 to active counter nvme1c1n1,ok,67108864,nvme1c1n1,44.297896,0,0,pipeann.hybrid.search.v1,1000,True,/mnt/bak3/lzg/PipeANN-github/data/glove100/glove100_qps4_pipeann,,0.091524,1655.146286,100.562047,7.018902,0.091529,79069.010886,308.863324,48812,0,1,19.852898,0.155208,1183514.0,0.0,1683.154053,24.718,0,0,1,42173.0,43851.0,50764.0,44568.0,44860,0,131,calibration,48812,6.814206,46.456226,1000,/mnt/bak3/lzg/PipeANN-github/experiments/qps_4sets/glove100/recall_workloads/u100/query_labels.spmat,0.08967,75991.21568,296.840686,98.190002,10,32,98.0,nvme1n1,graph,0,graph,89,high,1.0,1.0,1.0,intersect,2,0,2,1
1672,0.094753,788.818691,98.375291,47710.921875,12.931218,0.094753,136471.674519,533.092479,0.527068,0.00681,0.094753,4,,,,,,,,,mixed-bound-evidence,100%,,1.0,u100,1000,,1672,,1672,graph,glove100,nvme1c1n1,remapped static counter nvme1n1 to active counter nvme1c1n1,ok,67108864,nvme1c1n1,24.66473,0,0,pipeann.hybrid.search.v1,1000,True,/mnt/bak3/lzg/PipeANN-github/data/glove100/glove100_qps4_pipeann,,0.096473,1851.980862,100.196098,13.401426,0.096473,141271.347151,551.8412,60912,0,1,9.929102,0.163043,1183514.0,0.0,1683.031006,31.225,0,0,1,47352.0,50746.0,60769.0,52599.0,60384,0,131,calibration,60912,12.931218,82.19136,1000,/mnt/bak3/lzg/PipeANN-github/experiments/qps_4sets/glove100/recall_workloads/u100/query_labels.spmat,0.094753,136471.674519,533.092479,98.190002,10,32,98.0,nvme1n1,graph,0,graph,50,high,1.0,1.0,1.0,intersect,4,0,4,1
1672,0.109893,1516.996888,96.923658,57757.300781,24.482755,0.109892,222788.003005,870.265637,0.728053,0.009307,0.109893,4,,,,,,,,,mixed-bound-evidence,100%,,1.0,u100,1000,,1672,,1672,graph,glove100,nvme1c1n1,remapped static counter nvme1n1 to active counter nvme1c1n1,ok,67108864,nvme1c1n1,15.108798,0,0,pipeann.hybrid.search.v1,1000,True,/mnt/bak3/lzg/PipeANN-github/data/glove100/glove100_qps4_pipeann,,0.110621,2310.611471,100.15626,25.538164,0.110621,232106.314319,906.66529,82684,0,1,7.947149,0.162979,1183514.0,0.0,1683.040039,31.887,0,0,1,57672.0,59152.0,67258.0,62337.0,85600,0,131,calibration,82684,24.482755,136.348038,1000,/mnt/bak3/lzg/PipeANN-github/experiments/qps_4sets/glove100/recall_workloads/u100/query_labels.spmat,0.109892,222788.003005,870.265637,98.190002,10,32,98.0,nvme1n1,graph,0,graph,31,high,1.0,1.0,1.0,intersect,8,0,8,1
30082,0.097473,200.101954,99.895639,2280558.5,1.380654,0.097472,14164.51951,104.143172,0.012847,0.000177,0.097473,4,,,,,,,,,mixed-bound-evidence,t4e-03,,0.0040071,real_t4e-03_l600,1000,,30082,,30082,graph,yfcc10m,nvme1c1n1,remapped static counter nvme1n1 to active counter nvme1c1n1,ok,67108864,nvme1c1n1,4514.663555,0,0,pipeann.hybrid.search.v1,1000,True,/mnt/bak3/lzg/PipeANN-github/data/yfcc100M/yfcc10m_pipeann,,0.112533,1557.942497,100.907406,2.19281,0.112533,22770.574153,166.742736,403256,0,1,59.589351,0.752706,40071.0,0.0,30090.974609,171.825,0,0,1,2304006.0,2347290.0,2641326.0,2359276.0,403276,0,,default-heuristic,403256,1.380654,0.437495,1000,/mnt/bak3/lzg/PipeANN-github/experiments/qps_4sets/yfcc10m/recall_workloads/real_t4e-03_l600/query_labels.spmat,0.097472,14164.51951,104.143172,98.0,10,32,98.0,nvme1n1,graph,0,graph,8967,low,0.0040071,0.0040071,0.0040071,intersect,1,0,1,1
30082,0.101286,399.890141,99.983204,2333762.5,2.769517,0.101286,27343.582866,201.040855,0.012828,0.000112,0.101286,4,,,,,,,,,mixed-bound-evidence,t4e-03,,0.0040071,real_t4e-03_l600,1000,,30082,,30082,graph,yfcc10m,nvme1c1n1,remapped static counter nvme1n1 to active counter nvme1c1n1,ok,67108864,nvme1c1n1,2338.684814,0,0,pipeann.hybrid.search.v1,1000,True,/mnt/bak3/lzg/PipeANN-github/data/yfcc100M/yfcc10m_pipeann,,0.120244,1055.417584,100.630923,4.181148,0.120244,41037.194982,302.03451,457516,0,1,11.917044,0.162928,40071.0,0.0,30090.966797,180.77,0,0,1,2358386.0,2400584.0,2494660.0,2415458.0,440212,0,,default-heuristic,457516,2.769517,0.854531,1000,/mnt/bak3/lzg/PipeANN-github/experiments/qps_4sets/yfcc10m/recall_workloads/real_t4e-03_l600/query_labels.spmat,0.101286,27343.582866,201.040855,98.0,10,32,98.0,nvme1n1,graph,0,graph,4645,low,0.0040071,0.0040071,0.0040071,intersect,2,0,2,1
30082,0.102825,798.590045,99.930471,2403370.25,5.454371,0.102825,53045.009132,390.007915,0.031521,0.000243,0.102825,4,,,,,,,,,mixed-bound-evidence,t4e-03,,0.0040071,real_t4e-03_l600,1000,,30082,,30082,graph,yfcc10m,nvme1c1n1,remapped static counter nvme1n1 to active counter nvme1c1n1,ok,67108864,nvme1c1n1,1205.5422,0,0,pipeann.hybrid.search.v1,1000,True,/mnt/bak3/lzg/PipeANN-github/data/yfcc100M/yfcc10m_pipeann,,0.106793,1302.070466,100.605223,7.532052,0.106793,71814.563713,527.705222,565408,0,1,21.848399,0.193963,40071.0,0.0,30090.947266,187.956,0,0,1,2425895.0,2489533.0,2659225.0,2508005.0,525616,0,,default-heuristic,565408,5.454371,1.656453,1000,/mnt/bak3/lzg/PipeANN-github/experiments/qps_4sets/yfcc10m/recall_workloads/real_t4e-03_l600/query_labels.spmat,0.102825,53045.009132,390.007915,98.0,10,32,98.0,nvme1n1,graph,0,graph,2395,low,0.0040071,0.0040071,0.0040071,intersect,4,0,4,1
30082,0.110747,1593.966627,99.898899,2591369.25,10.886451,0.110747,98300.572982,722.744665,0.047653,0.000366,0.110747,4,,,,,,,,,mixed-bound-evidence,t4e-03,,0.0040071,real_t4e-03_l600,1000,,30082,,30082,graph,yfcc10m,nvme1c1n1,remapped static counter nvme1n1 to active counter nvme1c1n1,ok,67108864,nvme1c1n1,650.533695,0,0,pipeann.hybrid.search.v1,1000,True,/mnt/bak3/lzg/PipeANN-github/data/yfcc100M/yfcc10m_pipeann,,0.115931,1659.022855,100.647375,13.753713,0.115931,119712.866052,880.370296,761120,0,1,13.903101,0.162923,40071.0,0.0,30090.863281,202.23,0,0,1,2619158.0,2662114.0,2811222.0,2689586.0,751560,0,,default-heuristic,761120,10.886451,3.067639,1000,/mnt/bak3/lzg/PipeANN-github/experiments/qps_4sets/yfcc10m/recall_workloads/real_t4e-03_l600/query_labels.spmat,0.110747,98300.572982,722.744665,98.0,10,32,98.0,nvme1n1,graph,0,graph,1293,low,0.0040071,0.0040071,0.0040071,intersect,8,0,8,1
18354,0.100838,200.072113,99.975366,1061101.75,1.847071,0.100838,18317.153938,134.681664,0.015489,0.000123,0.100838,4,,,,,,,,,mixed-bound-evidence,t5e-03,,0.0050002,real_t5e-03_l902,1000,,18354,,18354,graph,yfcc10m,nvme1c1n1,remapped static counter nvme1n1 to active counter nvme1c1n1,ok,67108864,nvme1c1n1,2130.476827,0,0,pipeann.hybrid.search.v1,1000,True,/mnt/bak3/lzg/PipeANN-github/data/yfcc100M/yfcc10m_pipeann,,0.104837,924.1008,100.907968,2.545421,0.104837,25152.719969,184.605664,370272,0,1,17.877667,0.178447,50002.0,0.0,18363.914062,177.743,0,0,1,1066775.0,1076932.0,1260292.0,1081164.0,370220,0,,default-heuristic,370272,1.847071,0.939927,1000,/mnt/bak3/lzg/PipeANN-github/experiments/qps_4sets/yfcc10m/recall_workloads/real_t5e-03_l902/query_labels.spmat,0.100838,18317.153938,134.681664,98.0,10,32,98.0,nvme1n1,graph,0,graph,4232,low,0.0050002,0.0050002,0.0050002,intersect,1,0,1,1
18354,0.102862,399.824248,99.930999,1082888.625,3.691998,0.102862,35892.593461,263.909675,0.031272,0.000248,0.102862,4,,,,,,,,,mixed-bound-evidence,t5e-03,,0.0050002,real_t5e-03_l902,1000,,18354,,18354,graph,yfcc10m,nvme1c1n1,remapped static counter nvme1n1 to active counter nvme1c1n1,ok,67108864,nvme1c1n1,1087.250216,0,0,pipeann.hybrid.search.v1,1000,True,/mnt/bak3/lzg/PipeANN-github/data/yfcc100M/yfcc10m_pipeann,,0.104842,1055.817199,100.598908,4.993135,0.104842,48149.790513,353.376274,399456,0,1,13.904212,0.16294,50002.0,0.0,18363.892578,192.19,0,0,1,1088501.0,1099564.0,1298222.0,1104650.0,391332,0,,default-heuristic,399456,3.691998,1.840704,1000,/mnt/bak3/lzg/PipeANN-github/experiments/qps_4sets/yfcc10m/recall_workloads/real_t5e-03_l902/query_labels.spmat,0.102862,35892.593461,263.909675,98.0,10,32,98.0,nvme1n1,graph,0,graph,2160,low,0.0050002,0.0050002,0.0050002,intersect,2,0,2,1
18354,0.106031,798.557086,99.930761,1131242.5,7.278405,0.106031,68643.786356,504.721362,0.056288,0.000467,0.106031,4,,,,,,,,,mixed-bound-evidence,t5e-03,,0.0050002,real_t5e-03_l902,1000,,18354,,18354,graph,yfcc10m,nvme1c1n1,remapped static counter nvme1n1 to active counter nvme1c1n1,ok,67108864,nvme1c1n1,568.501624,0,0,pipeann.hybrid.search.v1,1000,True,/mnt/bak3/lzg/PipeANN-github/data/yfcc100M/yfcc10m_pipeann,,0.117861,1182.744624,100.542314,9.016381,0.117861,83470.790729,613.499302,454736,0,1,15.90525,0.163089,50002.0,0.0,18363.822266,201.709,0,0,1,1133372.0,1163757.0,1397005.0,1177572.0,463112,0,,default-heuristic,454736,7.278405,3.521115,1000,/mnt/bak3/lzg/PipeANN-github/experiments/qps_4sets/yfcc10m/recall_workloads/real_t5e-03_l902/query_labels.spmat,0.106031,68643.786356,504.721362,98.0,10,32,98.0,nvme1n1,graph,0,graph,1130,low,0.0050002,0.0050002,0.0050002,intersect,4,0,4,1
18354,0.117269,1593.243018,99.724845,1204085.0,15.129139,0.117269,129011.66418,948.59187,0.089261,0.000723,0.117269,4,,,,,,,,,mixed-bound-evidence,t5e-03,,0.0050002,real_t5e-03_l902,1000,,18354,,18354,graph,yfcc10m,nvme1c1n1,remapped static counter nvme1n1 to active counter nvme1c1n1,ok,67108864,nvme1c1n1,302.484301,0,0,pipeann.hybrid.search.v1,1000,True,/mnt/bak3/lzg/PipeANN-github/data/yfcc100M/yfcc10m_pipeann,,0.127501,1723.11875,100.707479,17.804914,0.127501,147683.881575,1087.061231,552496,0,1,17.936227,0.155365,50002.0,0.0,18363.791016,209.649,0,0,1,1203397.0,1262024.0,1502671.0,1348725.0,529120,0,,default-heuristic,552496,15.129139,6.605756,1000,/mnt/bak3/lzg/PipeANN-github/experiments/qps_4sets/yfcc10m/recall_workloads/real_t5e-03_l902/query_labels.spmat,0.117269,129011.66418,948.59187,98.0,10,32,98.0,nvme1n1,graph,0,graph,602,low,0.0050002,0.0050002,0.0050002,intersect,8,0,8,1
19418,0.101721,200.154703,99.965014,1164225.875,1.795181,0.101721,17648.121036,129.760952,0.014961,0.000124,0.101721,4,,,,,,,,,mixed-bound-evidence,t1e-02,,0.0097939,real_t1e-02_l0,1000,,19418,,19418,graph,yfcc10m,nvme1c1n1,remapped static counter nvme1n1 to active counter nvme1c1n1,ok,67108864,nvme1c1n1,2339.370459,0,0,pipeann.hybrid.search.v1,1000,True,/mnt/bak3/lzg/PipeANN-github/data/yfcc100M/yfcc10m_pipeann,,0.422824,1337.393619,100.907631,3.191028,0.422824,25878.004043,189.964657,370200,0,1,13.905502,0.178457,97939.0,0.0,19427.78125,245.974,0,0,1,1171142.0,1182128.0,1366490.0,1187206.0,370304,0,,default-heuristic,370200,1.795181,0.856773,1000,/mnt/bak3/lzg/PipeANN-github/experiments/qps_4sets/yfcc10m/recall_workloads/real_t1e-02_l0/query_labels.spmat,0.101721,17648.121036,129.760952,98.0,10,32,98.0,nvme1n1,graph,0,graph,4647,low,0.0097939,0.0097939,0.0097939,intersect,1,0,1,1
19418,0.100806,399.794467,99.936101,1173331.5,3.507745,0.100806,34797.11784,255.852058,0.027814,0.000224,0.100806,4,,,,,,,,,mixed-bound-evidence,t1e-02,,0.0097939,real_t1e-02_l0,1000,,19418,,19418,graph,yfcc10m,nvme1c1n1,remapped static counter nvme1n1 to active counter nvme1c1n1,ok,67108864,nvme1c1n1,1186.462143,0,0,pipeann.hybrid.search.v1,1000,True,/mnt/bak3/lzg/PipeANN-github/data/yfcc100M/yfcc10m_pipeann,,0.105579,975.90121,100.549243,4.806101,0.105579,46518.53623,342.069956,388892,0,1,13.897156,0.162928,97939.0,0.0,19427.755859,253.712,0,0,1,1179792.0,1193729.0,1404883.0,1200560.0,398912,0,,default-heuristic,388892,3.507745,1.698764,1000,/mnt/bak3/lzg/PipeANN-github/experiments/qps_4sets/yfcc10m/recall_workloads/real_t1e-02_l0/query_labels.spmat,0.100806,34797.11784,255.852058,98.0,10,32,98.0,nvme1n1,graph,0,graph,2357,low,0.0097939,0.0097939,0.0097939,intersect,2,0,2,1
19418,0.10646,798.852736,99.913209,1233007.0,7.079476,0.10646,66498.858449,488.944847,0.0451,0.000371,0.10646,4,,,,,,,,,mixed-bound-evidence,t1e-02,,0.0097939,real_t1e-02_l0,1000,,19418,,19418,graph,yfcc10m,nvme1c1n1,remapped static counter nvme1n1 to active counter nvme1c1n1,ok,67108864,nvme1c1n1,620.842838,0,0,pipeann.hybrid.search.v1,1000,True,/mnt/bak3/lzg/PipeANN-github/data/yfcc100M/yfcc10m_pipeann,,0.109002,1518.56493,100.592957,8.828603,0.109002,81249.72362,597.488338,471336,0,1,11.916647,0.155165,97939.0,0.0,19427.697266,259.735,0,0,1,1237980.0,1257226.0,1474984.0,1348095.0,438876,0,,default-heuristic,471336,7.079476,3.228473,1000,/mnt/bak3/lzg/PipeANN-github/experiments/qps_4sets/yfcc10m/recall_workloads/real_t1e-02_l0/query_labels.spmat,0.10646,66498.858449,488.944847,98.0,10,32,98.0,nvme1n1,graph,0,graph,1234,low,0.0097939,0.0097939,0.0097939,intersect,4,0,4,1
19418,0.116243,1592.736235,99.753236,1318418.625,14.417908,0.116243,124032.79086,911.973258,0.096137,0.000728,0.116243,4,,,,,,,,,mixed-bound-evidence,t1e-02,,0.0097939,real_t1e-02_l0,1000,,19418,,19418,graph,yfcc10m,nvme1c1n1,remapped static counter nvme1n1 to active counter nvme1c1n1,ok,67108864,nvme1c1n1,332.857374,0,0,pipeann.hybrid.search.v1,1000,True,/mnt/bak3/lzg/PipeANN-github/data/yfcc100M/yfcc10m_pipeann,,0.120355,1714.236616,100.528327,17.004011,0.120355,141617.277718,1042.28453,554688,0,1,21.846676,0.170672,97939.0,0.0,19427.630859,288.787,0,0,1,1317473.0,1384237.0,1575047.0,1458830.0,557684,0,,default-heuristic,554688,14.417908,6.024233,1000,/mnt/bak3/lzg/PipeANN-github/experiments/qps_4sets/yfcc10m/recall_workloads/real_t1e-02_l0/query_labels.spmat,0.116243,124032.79086,911.973258,98.0,10,32,98.0,nvme1n1,graph,0,graph,662,low,0.0097939,0.0097939,0.0097939,intersect,8,0,8,1
9393,0.099311,200.375888,99.939004,330894.71875,2.94828,0.099311,29687.317748,218.280958,0.054957,0.00047,0.099311,4,,,,,,,,,mixed-bound-evidence,t2e-02,,0.0203896,real_t2e-02_l106,1000,,9393,,9393,graph,yfcc10m,nvme1c1n1,remapped static counter nvme1n1 to active counter nvme1c1n1,ok,67108864,nvme1c1n1,673.254659,0,0,pipeann.hybrid.search.v1,1000,True,/mnt/bak3/lzg/PipeANN-github/data/yfcc100M/yfcc10m_pipeann,,0.104258,1111.009215,100.854961,3.130955,0.104258,31580.102394,232.206436,369444,0,1,17.876474,0.193964,203896.0,0.0,9405.34082,357.811,0,0,1,330511.0,335198.0,388711.0,354461.0,369700,0,,default-heuristic,369444,2.94828,3.005642,1000,/mnt/bak3/lzg/PipeANN-github/experiments/qps_4sets/yfcc10m/recall_workloads/real_t2e-02_l106/query_labels.spmat,0.099311,29687.317748,218.280958,98.0,10,32,98.0,nvme1n1,graph,0,graph,1338,middle,0.0203896,0.0203896,0.0203896,intersect,1,0,1,1
9393,0.102241,400.088088,99.879643,354890.125,5.755715,0.102241,56295.303739,413.920711,0.067598,0.000583,0.102241,4,,,,,,,,,mixed-bound-evidence,t2e-02,,0.0203896,real_t2e-02_l106,1000,,9393,,9393,graph,yfcc10m,nvme1c1n1,remapped static counter nvme1n1 to active counter nvme1c1n1,ok,67108864,nvme1c1n1,355.039314,0,0,pipeann.hybrid.search.v1,1000,True,/mnt/bak3/lzg/PipeANN-github/data/yfcc100M/yfcc10m_pipeann,,0.117632,1267.766845,100.540952,6.027974,0.117632,58753.846482,432.44991,382856,0,1,9.974301,0.155171,203896.0,0.0,9405.330078,393.236,0,0,1,354359.0,359889.0,465119.0,374620.0,400028,0,,default-heuristic,382856,5.755715,5.603589,1000,/mnt/bak3/lzg/PipeANN-github/experiments/qps_4sets/yfcc10m/recall_workloads/real_t2e-02_l106/query_labels.spmat,0.102241,56295.303739,413.920711,98.0,10,32,98.0,nvme1n1,graph,0,graph,706,middle,0.0203896,0.0203896,0.0203896,intersect,2,0,2,1
9393,0.110668,797.043678,99.717606,387516.875,11.206983,0.110668,101266.281102,744.577526,0.146933,0.001108,0.110668,4,,,,,,,,,mixed-bound-evidence,t2e-02,,0.0203896,real_t2e-02_l106,1000,,9393,,9393,graph,yfcc10m,nvme1c1n1,remapped static counter nvme1n1 to active counter nvme1c1n1,ok,67108864,nvme1c1n1,197.369359,0,0,pipeann.hybrid.search.v1,1000,True,/mnt/bak3/lzg/PipeANN-github/data/yfcc100M/yfcc10m_pipeann,,0.113124,1277.793439,100.548559,11.631168,0.113124,104788.088406,770.013255,454552,0,1,11.916545,0.155163,203896.0,0.0,9405.220703,393.744,0,0,1,385059.0,398153.0,459665.0,439186.0,429936,0,,default-heuristic,454552,11.206983,10.242188,1000,/mnt/bak3/lzg/PipeANN-github/experiments/qps_4sets/yfcc10m/recall_workloads/real_t2e-02_l106/query_labels.spmat,0.110668,101266.281102,744.577526,98.0,10,32,98.0,nvme1n1,graph,0,graph,393,middle,0.0203896,0.0203896,0.0203896,intersect,4,0,4,1
9393,0.127084,1585.324197,99.532207,461493.28125,21.739252,0.127084,171062.110012,1257.764388,0.265323,0.002039,0.127084,4,,,,,,,,,mixed-bound-evidence,t2e-02,,0.0203896,real_t2e-02_l106,1000,,9393,,9393,graph,yfcc10m,nvme1c1n1,remapped static counter nvme1n1 to active counter nvme1c1n1,ok,67108864,nvme1c1n1,116.838562,0,0,pipeann.hybrid.search.v1,1000,True,/mnt/bak3/lzg/PipeANN-github/data/yfcc100M/yfcc10m_pipeann,,0.133272,1659.90821,100.208703,22.314098,0.133272,173792.473317,1278.235841,536032,0,1,13.91103,0.170783,203896.0,0.0,9405.132812,432.363,0,0,1,460228.0,476317.0,547366.0,510281.0,509464,0,,default-heuristic,536032,21.739252,17.188324,1000,/mnt/bak3/lzg/PipeANN-github/experiments/qps_4sets/yfcc10m/recall_workloads/real_t2e-02_l106/query_labels.spmat,0.127084,171062.110012,1257.764388,98.0,10,32,98.0,nvme1n1,graph,0,graph,233,middle,0.0203896,0.0203896,0.0203896,intersect,8,0,8,1
3793,0.101565,200.588207,99.780573,114723.359375,3.550624,0.101565,34958.888263,257.04349,0.14697,0.001165,0.101565,4,,,,,,,,,mixed-bound-evidence,t5e-02,,0.0499079,real_t5e-02_l24,1000,,3793,,3793,graph,yfcc10m,nvme1c1n1,remapped static counter nvme1n1 to active counter nvme1c1n1,ok,67108864,nvme1c1n1,231.339622,0,0,pipeann.hybrid.search.v1,1000,True,/mnt/bak3/lzg/PipeANN-github/data/yfcc100M/yfcc10m_pipeann,,0.102969,870.555782,100.707616,3.597271,0.102969,35569.187789,261.464127,351624,0,1,17.894283,0.194165,499079.0,0.0,3805.712891,217.691,0,0,1,114692.0,115948.0,143656.0,119984.0,351692,0,,default-heuristic,351624,3.550624,8.652991,1000,/mnt/bak3/lzg/PipeANN-github/experiments/qps_4sets/yfcc10m/recall_workloads/real_t5e-02_l24/query_labels.spmat,0.101565,34958.888263,257.04349,98.0,10,32,98.0,nvme1n1,graph,0,graph,461,middle,0.0499079,0.0499079,0.0499079,intersect,1,0,1,1
3793,0.104913,399.03173,99.721312,121123.648438,6.904574,0.104913,65812.346938,483.901514,0.211584,0.00178,0.104913,4,,,,,,,,,mixed-bound-evidence,t5e-02,,0.0499079,real_t5e-02_l24,1000,,3793,,3793,graph,yfcc10m,nvme1c1n1,remapped static counter nvme1n1 to active counter nvme1c1n1,ok,67108864,nvme1c1n1,122.882459,0,0,pipeann.hybrid.search.v1,1000,True,/mnt/bak3/lzg/PipeANN-github/data/yfcc100M/yfcc10m_pipeann,,0.107258,963.729565,100.103206,6.996168,0.107258,66997.207532,492.817287,367512,0,1,15.887842,0.162924,499079.0,0.0,3805.61499,286.38,0,0,1,121298.0,124527.0,143938.0,133188.0,369928,0,,default-heuristic,367512,6.904574,16.37994,1000,/mnt/bak3/lzg/PipeANN-github/experiments/qps_4sets/yfcc10m/recall_workloads/real_t5e-02_l24/query_labels.spmat,0.104913,65812.346938,483.901514,98.0,10,32,98.0,nvme1n1,graph,0,graph,245,middle,0.0499079,0.0499079,0.0499079,intersect,2,0,2,1
3793,0.11383,791.797553,98.936456,138008.421875,13.158897,0.113829,115601.485016,849.986239,0.300189,0.002736,0.11383,4,,,,,,,,,mixed-bound-evidence,t5e-02,,0.0499079,real_t5e-02_l24,1000,,3793,,3793,graph,yfcc10m,nvme1c1n1,remapped static counter nvme1n1 to active counter nvme1c1n1,ok,67108864,nvme1c1n1,69.956013,0,0,pipeann.hybrid.search.v1,1000,True,/mnt/bak3/lzg/PipeANN-github/data/yfcc100M/yfcc10m_pipeann,,0.115634,1279.553664,100.328301,13.439366,0.115634,118824.145303,874.215326,386264,0,1,15.898538,0.170675,499079.0,0.0,3805.534912,251.948,0,0,1,137766.0,141468.0,150222.0,144708.0,395212,0,,default-heuristic,386264,13.158897,28.73531,1000,/mnt/bak3/lzg/PipeANN-github/experiments/qps_4sets/yfcc10m/recall_workloads/real_t5e-02_l24/query_labels.spmat,0.113829,115601.485016,849.986239,98.0,10,32,98.0,nvme1n1,graph,0,graph,140,middle,0.0499079,0.0499079,0.0499079,intersect,4,0,4,1
3793,0.132184,1560.58339,99.057343,165602.0625,25.269007,0.132184,191164.314466,1405.58135,0.614617,0.005817,0.132184,4,,,,,,,,,mixed-bound-evidence,t5e-02,,0.0499079,real_t5e-02_l24,1000,,3793,,3793,graph,yfcc10m,nvme1c1n1,remapped static counter nvme1n1 to active counter nvme1c1n1,ok,67108864,nvme1c1n1,42.30277,0,0,pipeann.hybrid.search.v1,1000,True,/mnt/bak3/lzg/PipeANN-github/data/yfcc100M/yfcc10m_pipeann,,0.13348,1604.022421,100.163385,25.76525,0.13348,195046.090678,1434.790316,420452,0,1,19.851655,0.162911,499079.0,0.0,3805.443115,305.352,0,0,1,165654.0,169930.0,177126.0,172370.0,434724,0,,default-heuristic,420452,25.269007,47.908005,1000,/mnt/bak3/lzg/PipeANN-github/experiments/qps_4sets/yfcc10m/recall_workloads/real_t5e-02_l24/query_labels.spmat,0.132184,191164.314466,1405.58135,98.0,10,32,98.0,nvme1n1,graph,0,graph,85,middle,0.0499079,0.0499079,0.0499079,intersect,8,0,8,1
2312,0.101678,202.812623,99.45798,67304.359375,3.682882,0.101678,36220.609589,266.223911,0.27111,0.00229,0.101678,4,,,,,,,,,mixed-bound-evidence,t1e-01,,0.0991156,real_t1e-01_l17,1000,,2312,,2312,graph,yfcc10m,nvme1c1n1,remapped static counter nvme1n1 to active counter nvme1c1n1,ok,67108864,nvme1c1n1,136.475726,0,0,pipeann.hybrid.search.v1,1000,True,/mnt/bak3/lzg/PipeANN-github/data/yfcc100M/yfcc10m_pipeann,,0.104209,1561.715377,100.593455,3.72985,0.104209,37439.733256,276.035114,343432,0,1,37.733018,0.209455,991156.0,0.0,2325.319092,208.005,0,0,1,67350.0,68467.0,82932.0,69132.0,343424,0,,default-heuristic,343432,3.682882,14.735081,1000,/mnt/bak3/lzg/PipeANN-github/experiments/qps_4sets/yfcc10m/recall_workloads/real_t1e-01_l17/query_labels.spmat,0.101678,36220.609589,266.223911,98.25,10,32,98.0,nvme1n1,graph,0,graph,272,middle,0.0991156,0.0991156,0.0991156,intersect,1,0,1,1
2312,0.10621,403.1445,99.151461,72153.664062,7.139781,0.10621,67222.944591,494.094764,0.367187,0.002922,0.10621,4,,,,,,,,,mixed-bound-evidence,t1e-01,,0.0991156,real_t1e-01_l17,1000,,2312,,2312,graph,yfcc10m,nvme1c1n1,remapped static counter nvme1n1 to active counter nvme1c1n1,ok,67108864,nvme1c1n1,73.531947,0,0,pipeann.hybrid.search.v1,1000,True,/mnt/bak3/lzg/PipeANN-github/data/yfcc100M/yfcc10m_pipeann,,0.120433,1662.852988,100.299939,7.260458,0.120433,68527.760417,504.06494,353896,0,1,19.858054,0.155149,991156.0,0.0,2325.24707,226.811,0,0,1,71978.0,73492.0,115947.0,75934.0,354568,0,,default-heuristic,353896,7.139781,27.493473,1000,/mnt/bak3/lzg/PipeANN-github/experiments/qps_4sets/yfcc10m/recall_workloads/real_t1e-01_l17/query_labels.spmat,0.10621,67222.944591,494.094764,98.260002,10,32,98.0,nvme1n1,graph,0,graph,147,middle,0.0991156,0.0991156,0.0991156,intersect,2,0,2,1
2312,0.113812,793.654444,98.29821,82107.195312,13.459466,0.113811,118260.565425,869.225574,0.430671,0.004299,0.113812,4,,,,,,,,,mixed-bound-evidence,t1e-01,,0.0991156,real_t1e-01_l17,1000,,2312,,2312,graph,yfcc10m,nvme1c1n1,remapped static counter nvme1n1 to active counter nvme1c1n1,ok,67108864,nvme1c1n1,41.795268,0,0,pipeann.hybrid.search.v1,1000,True,/mnt/bak3/lzg/PipeANN-github/data/yfcc100M/yfcc10m_pipeann,,0.115887,1885.353204,100.272373,13.87545,0.115887,123071.349444,904.334338,363408,0,1,13.894954,0.147383,991156.0,0.0,2325.083984,254.785,0,0,1,81924.0,84580.0,96404.0,87136.0,364120,0,,default-heuristic,363408,13.459466,48.220959,1000,/mnt/bak3/lzg/PipeANN-github/experiments/qps_4sets/yfcc10m/recall_workloads/real_t1e-01_l17/query_labels.spmat,0.113811,118260.565425,869.225574,98.25,10,32,98.0,nvme1n1,graph,0,graph,84,middle,0.0991156,0.0991156,0.0991156,intersect,4,0,4,1
2312,0.132458,1550.937925,97.757126,98867.554688,25.505447,0.132458,192554.578819,1415.300496,0.428554,0.006087,0.132458,4,,,,,,,,,mixed-bound-evidence,t1e-01,,0.0991156,real_t1e-01_l17,1000,,2312,,2312,graph,yfcc10m,nvme1c1n1,remapped static counter nvme1n1 to active counter nvme1c1n1,ok,67108864,nvme1c1n1,25.667694,0,0,pipeann.hybrid.search.v1,1000,True,/mnt/bak3/lzg/PipeANN-github/data/yfcc100M/yfcc10m_pipeann,,0.134743,2304.940487,100.437232,26.40802,0.134743,199895.656557,1469.843394,395708,0,1,7.954315,0.163126,991156.0,0.0,2324.968994,294.732,0,0,1,98770.0,101303.0,112654.0,105533.0,401676,0,,default-heuristic,395708,25.505447,80.006393,1000,/mnt/bak3/lzg/PipeANN-github/experiments/qps_4sets/yfcc10m/recall_workloads/real_t1e-01_l17/query_labels.spmat,0.132458,192554.578819,1415.300496,98.25,10,32,98.0,nvme1n1,graph,0,graph,52,middle,0.0991156,0.0991156,0.0991156,intersect,8,0,8,1
1273,0.098255,202.234931,99.59685,35495.5,3.734521,0.098255,38007.765992,279.340752,0.430494,0.003743,0.098255,4,,,,,,,,,mixed-bound-evidence,t2e-01,,0.1915985,real_t2e-01_l29,1000,,1273,,1273,graph,yfcc10m,nvme1c1n1,remapped static counter nvme1n1 to active counter nvme1c1n1,ok,67108864,nvme1c1n1,72.01031,0,0,pipeann.hybrid.search.v1,1000,True,/mnt/bak3/lzg/PipeANN-github/data/yfcc100M/yfcc10m_pipeann,,0.102158,920.266644,100.105428,3.791538,0.102158,39132.911535,286.485143,338980,0,1,25.820045,0.170685,1915985.0,0.0,1287.392944,187.455,0,0,1,35402.0,36626.0,72902.0,37484.0,339088,0,,default-heuristic,338980,3.734521,27.909746,1000,/mnt/bak3/lzg/PipeANN-github/experiments/qps_4sets/yfcc10m/recall_workloads/real_t2e-01_l29/query_labels.spmat,0.098255,38007.765992,279.340752,98.0,10,32,98.0,nvme1n1,graph,0,graph,144,high,0.1915985,0.1915985,0.1915985,intersect,1,0,1,1
1273,0.105814,397.864909,99.139449,38990.472656,7.279535,0.105814,68795.286934,505.61881,0.578146,0.0054,0.105814,4,,,,,,,,,mixed-bound-evidence,t2e-01,,0.1915985,real_t2e-01_l29,1000,,1273,,1273,graph,yfcc10m,nvme1c1n1,remapped static counter nvme1n1 to active counter nvme1c1n1,ok,67108864,nvme1c1n1,39.782347,0,0,pipeann.hybrid.search.v1,1000,True,/mnt/bak3/lzg/PipeANN-github/data/yfcc100M/yfcc10m_pipeann,,0.106649,1031.042825,100.204032,7.392452,0.106656,70297.526381,515.762402,345028,0,1,17.893577,0.155161,1915985.0,0.0,1287.328979,197.77,0,0,1,38922.0,40427.0,49893.0,41200.0,344736,0,,default-heuristic,345028,7.279535,50.821686,1000,/mnt/bak3/lzg/PipeANN-github/experiments/qps_4sets/yfcc10m/recall_workloads/real_t2e-01_l29/query_labels.spmat,0.105814,68795.286934,505.61881,98.0,10,32,98.0,nvme1n1,graph,0,graph,80,high,0.1915985,0.1915985,0.1915985,intersect,2,0,2,1
1273,0.114409,778.543242,96.749161,44391.695312,13.515701,0.114409,118134.126967,868.239553,0.56119,0.007757,0.114409,4,,,,,,,,,mixed-bound-evidence,t2e-01,,0.1915985,real_t2e-01_l29,1000,,1273,,1273,graph,yfcc10m,nvme1c1n1,remapped static counter nvme1n1 to active counter nvme1c1n1,ok,67108864,nvme1c1n1,23.165059,0,0,pipeann.hybrid.search.v1,1000,True,/mnt/bak3/lzg/PipeANN-github/data/yfcc100M/yfcc10m_pipeann,,0.116151,1424.424204,100.097295,14.126628,0.116151,123781.272268,908.276544,354940,0,1,11.916097,0.178431,1915985.0,0.0,1287.209961,223.883,0,0,1,44213.0,46066.0,63385.0,47662.0,353240,0,,default-heuristic,354940,13.515701,89.114159,1000,/mnt/bak3/lzg/PipeANN-github/experiments/qps_4sets/yfcc10m/recall_workloads/real_t2e-01_l29/query_labels.spmat,0.114409,118134.126967,868.239553,98.0,10,32,98.0,nvme1n1,graph,0,graph,47,high,0.1915985,0.1915985,0.1915985,intersect,4,0,4,1
1273,0.133702,1433.131488,94.400016,54421.160156,25.069385,0.133702,187500.181964,1378.075948,1.439025,0.013384,0.133702,4,,,,,,,,,mixed-bound-evidence,t2e-01,,0.1915985,real_t2e-01_l29,1000,,1273,,1273,graph,yfcc10m,nvme1c1n1,remapped static counter nvme1n1 to active counter nvme1c1n1,ok,67108864,nvme1c1n1,14.593218,0,0,pipeann.hybrid.search.v1,1000,True,/mnt/bak3/lzg/PipeANN-github/data/yfcc100M/yfcc10m_pipeann,,0.134797,1605.107293,100.207385,26.830466,0.134805,200588.322204,1473.856664,375244,0,1,25.824942,0.163024,1915985.0,0.0,1287.062012,262.933,0,0,1,54345.0,56466.0,67456.0,58013.0,373412,0,,default-heuristic,375244,25.069385,145.461441,1000,/mnt/bak3/lzg/PipeANN-github/experiments/qps_4sets/yfcc10m/recall_workloads/real_t2e-01_l29/query_labels.spmat,0.133702,187500.181964,1378.075948,98.0,10,32,98.0,nvme1n1,graph,0,graph,30,high,0.1915985,0.1915985,0.1915985,intersect,8,0,8,1
