actual_route,avg_latency_us,bucket,candidate_count,chosen_L,cpu_affinity_allowed_cpus,cpu_cap,cpu_cap_enforced,cycle,dest_prefix,elapsed_s,empty_count,fallback_count,flat_build_memory_gb,flat_pq_pivots,flat_threshold,graph_count,insert_threads,layout,layout_variant,layout_version,live_point_count,max_rss_kb,max_threshold,mean_candidate_count,mean_cpu_us,mean_cpu_us1,mean_cpu_us2,mean_io_us,mean_n_4k,mean_n_cmps,mean_n_hops,mean_n_ios,mean_query_total_us,mean_read_size,mean_route_overhead_us,min_threshold,mode,p50_latency_us,p95_cpu_us,p95_io_us,p95_latency_us,p95_n_4k,p95_n_cmps,p95_n_hops,p95_n_ios,p95_query_total_us,p95_read_size,p99_latency_us,per_node_read_request_bytes,phase,physical_read_unit_bytes,points,pq_bytes,prefilter_count,process_max_rss_kb,qps,query_peak_delta_kb,query_peak_rss_kb,raw_command,recall@10,replay_elapsed_s,replay_invocation,route,row_index,rss_after_query_kb,rss_before_query_kb,search_l,selection_policy,selector_type,source_prefix,status,tau_m,threads,threshold_version,v1_source_prefix,v3_source_prefix,variant,wall_s
prefilter,161.224734,u1e-03,1000.0,50,20-27,8,True,phaseC_cycle01_retrain_each_cycle,,0.16131,0,0,1,,10000,0,16,supersector32k,page_aware_slots,3,1000000,281844,110617,1000.0,0.0,0.0,0.0,0.0,110.848,1000.0,0.0,110.848,158.695,454033.408,34.342,110617,measure-dynamic-search,159.702,0.0,0.0,177.67,116.0,1000.0,0.0,116.0,175.0,475136.0,187.896,4096,measure-dynamic-search,4096,1000000,16,1000,281844,6199.231817,1052,281844,/mnt/nvme1n1/PipeANN-github/build_reviewed_20260602_querycache/tests/dynamic_update_suite_driver --mode measure-dynamic-search --source-prefix /mnt/nvme1n1/PipeANN-supersector32k-work/indexes/phaseC_cycle01_retrain_each_cycle_19d7e0229e_super32k_v3 --jsonl-output /mnt/nvme1n1/PipeANN-github/experiments/v100_querycache_optimized_full_replay_v5_20260601T221943Z/tmp/selected_0000.jsonl --insert-threads 16 --search-threads 1 --merge-threads 16 --build-l 220 --build-r 116 --beamwidth 4 --k 10 --cpu-cap 8 --metric l2 --route prefilter --search-l 50 --data-bin experiments/v100_pq_drift_1m_baseline_20260601T043217Z/data/phaseC_cycle01_live_data_by_tag.bin --base-label-file experiments/v100_pq_drift_1m_baseline_20260601T043217Z/labels/base_labels_1000000.spmat --query-bin /mnt/nvme1n1/PipeANN-github/experiments/r116_suite_pq16_aris_20260520_072453/data/sift_query_1000.bin --truthset-bin experiments/v100_pq_drift_1m_baseline_20260601T043217Z/truth/phaseC_cycle01_intersect_u1e-03.bin --query-label-file /mnt/nvme1n1/PipeANN-github/experiments/r116_suite_pq16_aris_20260520_072453/labels/query_1000_u1e-03.spmat --selector-type intersect --query-limit 1000,99.94,1.7463223934173584,taskset -c 20-27 /mnt/nvme1n1/PipeANN-github/build_reviewed_20260602_querycache/tests/dynamic_update_suite_driver --mode measure-dynamic-search --source-prefix /mnt/nvme1n1/PipeANN-supersector32k-work/indexes/phaseC_cycle01_retrain_each_cycle_19d7e0229e_super32k_v3 --jsonl-output /mnt/nvme1n1/PipeANN-github/experiments/v100_querycache_optimized_full_replay_v5_20260601T221943Z/tmp/selected_0000.jsonl --insert-threads 16 --search-threads 1 --merge-threads 16 --build-l 220 --build-r 116 --beamwidth 4 --k 10 --cpu-cap 8 --metric l2 --route prefilter --search-l 50 --data-bin experiments/v100_pq_drift_1m_baseline_20260601T043217Z/data/phaseC_cycle01_live_data_by_tag.bin --base-label-file experiments/v100_pq_drift_1m_baseline_20260601T043217Z/labels/base_labels_1000000.spmat --query-bin /mnt/nvme1n1/PipeANN-github/experiments/r116_suite_pq16_aris_20260520_072453/data/sift_query_1000.bin --truthset-bin experiments/v100_pq_drift_1m_baseline_20260601T043217Z/truth/phaseC_cycle01_intersect_u1e-03.bin --query-label-file /mnt/nvme1n1/PipeANN-github/experiments/r116_suite_pq16_aris_20260520_072453/labels/query_1000_u1e-03.spmat --selector-type intersect --query-limit 1000,prefilter,0,281844,280792,50,post_hoc_retuned_fastest_feasible_recall_ge_98,intersect,/mnt/nvme1n1/PipeANN-supersector32k-work/indexes/phaseC_cycle01_retrain_each_cycle_19d7e0229e_super32k_v3,ok,110617,1,0,/mnt/nvme1n1/PipeANN-github/experiments/v100_pq_drift_1m_baseline_20260601T043217Z/indexes/phaseC_cycle01_retrain_each_cycle,/mnt/nvme1n1/PipeANN-supersector32k-work/indexes/phaseC_cycle01_retrain_each_cycle_19d7e0229e_super32k_v3,retrain_each_cycle,0.16131
prefilter,215.455238,u3e-03,3000.0,50,20-27,8,True,phaseC_cycle01_retrain_each_cycle,,0.215552,0,0,1,,10000,0,16,supersector32k,page_aware_slots,3,1000000,281704,110617,3000.0,0.0,0.0,0.0,0.0,111.449,3000.0,0.0,111.449,212.777,456495.104,38.01,110617,measure-dynamic-search,210.928,0.0,0.0,243.295,118.0,3000.0,0.0,118.0,240.0,483328.0,256.508,4096,measure-dynamic-search,4096,1000000,16,1000,281704,4639.244335,984,281704,/mnt/nvme1n1/PipeANN-github/build_reviewed_20260602_querycache/tests/dynamic_update_suite_driver --mode measure-dynamic-search --source-prefix /mnt/nvme1n1/PipeANN-supersector32k-work/indexes/phaseC_cycle01_retrain_each_cycle_19d7e0229e_super32k_v3 --jsonl-output /mnt/nvme1n1/PipeANN-github/experiments/v100_querycache_optimized_full_replay_v5_20260601T221943Z/tmp/selected_0001.jsonl --insert-threads 16 --search-threads 1 --merge-threads 16 --build-l 220 --build-r 116 --beamwidth 4 --k 10 --cpu-cap 8 --metric l2 --route prefilter --search-l 50 --data-bin experiments/v100_pq_drift_1m_baseline_20260601T043217Z/data/phaseC_cycle01_live_data_by_tag.bin --base-label-file experiments/v100_pq_drift_1m_baseline_20260601T043217Z/labels/base_labels_1000000.spmat --query-bin /mnt/nvme1n1/PipeANN-github/experiments/r116_suite_pq16_aris_20260520_072453/data/sift_query_1000.bin --truthset-bin experiments/v100_pq_drift_1m_baseline_20260601T043217Z/truth/phaseC_cycle01_intersect_u3e-03.bin --query-label-file /mnt/nvme1n1/PipeANN-github/experiments/r116_suite_pq16_aris_20260520_072453/labels/query_1000_u3e-03.spmat --selector-type intersect --query-limit 1000,99.86,1.6497547626495361,taskset -c 20-27 /mnt/nvme1n1/PipeANN-github/build_reviewed_20260602_querycache/tests/dynamic_update_suite_driver --mode measure-dynamic-search --source-prefix /mnt/nvme1n1/PipeANN-supersector32k-work/indexes/phaseC_cycle01_retrain_each_cycle_19d7e0229e_super32k_v3 --jsonl-output /mnt/nvme1n1/PipeANN-github/experiments/v100_querycache_optimized_full_replay_v5_20260601T221943Z/tmp/selected_0001.jsonl --insert-threads 16 --search-threads 1 --merge-threads 16 --build-l 220 --build-r 116 --beamwidth 4 --k 10 --cpu-cap 8 --metric l2 --route prefilter --search-l 50 --data-bin experiments/v100_pq_drift_1m_baseline_20260601T043217Z/data/phaseC_cycle01_live_data_by_tag.bin --base-label-file experiments/v100_pq_drift_1m_baseline_20260601T043217Z/labels/base_labels_1000000.spmat --query-bin /mnt/nvme1n1/PipeANN-github/experiments/r116_suite_pq16_aris_20260520_072453/data/sift_query_1000.bin --truthset-bin experiments/v100_pq_drift_1m_baseline_20260601T043217Z/truth/phaseC_cycle01_intersect_u3e-03.bin --query-label-file /mnt/nvme1n1/PipeANN-github/experiments/r116_suite_pq16_aris_20260520_072453/labels/query_1000_u3e-03.spmat --selector-type intersect --query-limit 1000,prefilter,1,281704,280720,50,post_hoc_retuned_fastest_feasible_recall_ge_98,intersect,/mnt/nvme1n1/PipeANN-supersector32k-work/indexes/phaseC_cycle01_retrain_each_cycle_19d7e0229e_super32k_v3,ok,110617,1,0,/mnt/nvme1n1/PipeANN-github/experiments/v100_pq_drift_1m_baseline_20260601T043217Z/indexes/phaseC_cycle01_retrain_each_cycle,/mnt/nvme1n1/PipeANN-supersector32k-work/indexes/phaseC_cycle01_retrain_each_cycle_19d7e0229e_super32k_v3,retrain_each_cycle,0.215552
prefilter,405.815362,u1e-02,10000.0,75,20-27,8,True,phaseC_cycle01_retrain_each_cycle,,0.40596,0,0,1,,10000,0,16,supersector32k,page_aware_slots,3,1000000,283960,110617,10000.0,0.0,0.0,0.0,0.0,148.376,10000.0,0.0,148.376,402.775,607748.096,47.201,110617,measure-dynamic-search,397.221,0.0,0.0,465.231,155.0,10000.0,0.0,155.0,462.0,634880.0,497.436,4096,measure-dynamic-search,4096,1000000,16,1000,283960,2463.29934,1400,283960,/mnt/nvme1n1/PipeANN-github/build_reviewed_20260602_querycache/tests/dynamic_update_suite_driver --mode measure-dynamic-search --source-prefix /mnt/nvme1n1/PipeANN-supersector32k-work/indexes/phaseC_cycle01_retrain_each_cycle_19d7e0229e_super32k_v3 --jsonl-output /mnt/nvme1n1/PipeANN-github/experiments/v100_querycache_optimized_full_replay_v5_20260601T221943Z/tmp/selected_0002.jsonl --insert-threads 16 --search-threads 1 --merge-threads 16 --build-l 220 --build-r 116 --beamwidth 4 --k 10 --cpu-cap 8 --metric l2 --route prefilter --search-l 75 --data-bin experiments/v100_pq_drift_1m_baseline_20260601T043217Z/data/phaseC_cycle01_live_data_by_tag.bin --base-label-file experiments/v100_pq_drift_1m_baseline_20260601T043217Z/labels/base_labels_1000000.spmat --query-bin /mnt/nvme1n1/PipeANN-github/experiments/r116_suite_pq16_aris_20260520_072453/data/sift_query_1000.bin --truthset-bin experiments/v100_pq_drift_1m_baseline_20260601T043217Z/truth/phaseC_cycle01_intersect_u1e-02.bin --query-label-file /mnt/nvme1n1/PipeANN-github/experiments/r116_suite_pq16_aris_20260520_072453/labels/query_1000_u1e-02.spmat --selector-type intersect --query-limit 1000,99.39,2.452634811401367,taskset -c 20-27 /mnt/nvme1n1/PipeANN-github/build_reviewed_20260602_querycache/tests/dynamic_update_suite_driver --mode measure-dynamic-search --source-prefix /mnt/nvme1n1/PipeANN-supersector32k-work/indexes/phaseC_cycle01_retrain_each_cycle_19d7e0229e_super32k_v3 --jsonl-output /mnt/nvme1n1/PipeANN-github/experiments/v100_querycache_optimized_full_replay_v5_20260601T221943Z/tmp/selected_0002.jsonl --insert-threads 16 --search-threads 1 --merge-threads 16 --build-l 220 --build-r 116 --beamwidth 4 --k 10 --cpu-cap 8 --metric l2 --route prefilter --search-l 75 --data-bin experiments/v100_pq_drift_1m_baseline_20260601T043217Z/data/phaseC_cycle01_live_data_by_tag.bin --base-label-file experiments/v100_pq_drift_1m_baseline_20260601T043217Z/labels/base_labels_1000000.spmat --query-bin /mnt/nvme1n1/PipeANN-github/experiments/r116_suite_pq16_aris_20260520_072453/data/sift_query_1000.bin --truthset-bin experiments/v100_pq_drift_1m_baseline_20260601T043217Z/truth/phaseC_cycle01_intersect_u1e-02.bin --query-label-file /mnt/nvme1n1/PipeANN-github/experiments/r116_suite_pq16_aris_20260520_072453/labels/query_1000_u1e-02.spmat --selector-type intersect --query-limit 1000,prefilter,2,283960,282560,75,post_hoc_retuned_fastest_feasible_recall_ge_98,intersect,/mnt/nvme1n1/PipeANN-supersector32k-work/indexes/phaseC_cycle01_retrain_each_cycle_19d7e0229e_super32k_v3,ok,110617,1,0,/mnt/nvme1n1/PipeANN-github/experiments/v100_pq_drift_1m_baseline_20260601T043217Z/indexes/phaseC_cycle01_retrain_each_cycle,/mnt/nvme1n1/PipeANN-supersector32k-work/indexes/phaseC_cycle01_retrain_each_cycle_19d7e0229e_super32k_v3,retrain_each_cycle,0.40596
prefilter,1154.010696,u5e-02,50000.0,150,20-27,8,True,phaseC_cycle01_retrain_each_cycle,,1.15416,0,0,1,,10000,0,16,supersector32k,page_aware_slots,3,1000000,281856,110617,50000.0,0.0,0.0,0.0,0.0,184.927,50000.0,0.0,184.927,1150.824,757460.992,89.1,110617,measure-dynamic-search,1150.171,0.0,0.0,1196.166,192.0,50000.0,0.0,192.0,1193.0,786432.0,1261.437,4096,measure-dynamic-search,4096,1000000,16,1000,281856,866.430744,1200,281856,/mnt/nvme1n1/PipeANN-github/build_reviewed_20260602_querycache/tests/dynamic_update_suite_driver --mode measure-dynamic-search --source-prefix /mnt/nvme1n1/PipeANN-supersector32k-work/indexes/phaseC_cycle01_retrain_each_cycle_19d7e0229e_super32k_v3 --jsonl-output /mnt/nvme1n1/PipeANN-github/experiments/v100_querycache_optimized_full_replay_v5_20260601T221943Z/tmp/selected_0003.jsonl --insert-threads 16 --search-threads 1 --merge-threads 16 --build-l 220 --build-r 116 --beamwidth 4 --k 10 --cpu-cap 8 --metric l2 --route prefilter --search-l 150 --data-bin experiments/v100_pq_drift_1m_baseline_20260601T043217Z/data/phaseC_cycle01_live_data_by_tag.bin --base-label-file experiments/v100_pq_drift_1m_baseline_20260601T043217Z/labels/base_labels_1000000.spmat --query-bin /mnt/nvme1n1/PipeANN-github/experiments/r116_suite_pq16_aris_20260520_072453/data/sift_query_1000.bin --truthset-bin experiments/v100_pq_drift_1m_baseline_20260601T043217Z/truth/phaseC_cycle01_intersect_u5e-02.bin --query-label-file /mnt/nvme1n1/PipeANN-github/experiments/r116_suite_pq16_aris_20260520_072453/labels/query_1000_u5e-02.spmat --selector-type intersect --query-limit 1000,99.27,2.54335355758667,taskset -c 20-27 /mnt/nvme1n1/PipeANN-github/build_reviewed_20260602_querycache/tests/dynamic_update_suite_driver --mode measure-dynamic-search --source-prefix /mnt/nvme1n1/PipeANN-supersector32k-work/indexes/phaseC_cycle01_retrain_each_cycle_19d7e0229e_super32k_v3 --jsonl-output /mnt/nvme1n1/PipeANN-github/experiments/v100_querycache_optimized_full_replay_v5_20260601T221943Z/tmp/selected_0003.jsonl --insert-threads 16 --search-threads 1 --merge-threads 16 --build-l 220 --build-r 116 --beamwidth 4 --k 10 --cpu-cap 8 --metric l2 --route prefilter --search-l 150 --data-bin experiments/v100_pq_drift_1m_baseline_20260601T043217Z/data/phaseC_cycle01_live_data_by_tag.bin --base-label-file experiments/v100_pq_drift_1m_baseline_20260601T043217Z/labels/base_labels_1000000.spmat --query-bin /mnt/nvme1n1/PipeANN-github/experiments/r116_suite_pq16_aris_20260520_072453/data/sift_query_1000.bin --truthset-bin experiments/v100_pq_drift_1m_baseline_20260601T043217Z/truth/phaseC_cycle01_intersect_u5e-02.bin --query-label-file /mnt/nvme1n1/PipeANN-github/experiments/r116_suite_pq16_aris_20260520_072453/labels/query_1000_u5e-02.spmat --selector-type intersect --query-limit 1000,prefilter,3,281856,280656,150,post_hoc_retuned_fastest_feasible_recall_ge_98,intersect,/mnt/nvme1n1/PipeANN-supersector32k-work/indexes/phaseC_cycle01_retrain_each_cycle_19d7e0229e_super32k_v3,ok,110617,1,0,/mnt/nvme1n1/PipeANN-github/experiments/v100_pq_drift_1m_baseline_20260601T043217Z/indexes/phaseC_cycle01_retrain_each_cycle,/mnt/nvme1n1/PipeANN-supersector32k-work/indexes/phaseC_cycle01_retrain_each_cycle_19d7e0229e_super32k_v3,retrain_each_cycle,1.15416
prefilter,1827.092316,u1e-01,100000.0,100,20-27,8,True,phaseC_cycle01_retrain_each_cycle,,1.827298,0,0,1,,10000,0,16,supersector32k,page_aware_slots,3,1000000,281920,110617,100000.0,0.0,0.0,0.0,0.0,183.483,100000.0,0.0,183.483,1823.683,751546.368,142.033,110617,measure-dynamic-search,1820.429,0.0,0.0,1883.072,191.0,100000.0,0.0,191.0,1880.0,782336.0,2012.448,4096,measure-dynamic-search,4096,1000000,16,1000,281920,547.255992,1140,281920,/mnt/nvme1n1/PipeANN-github/build_reviewed_20260602_querycache/tests/dynamic_update_suite_driver --mode measure-dynamic-search --source-prefix /mnt/nvme1n1/PipeANN-supersector32k-work/indexes/phaseC_cycle01_retrain_each_cycle_19d7e0229e_super32k_v3 --jsonl-output /mnt/nvme1n1/PipeANN-github/experiments/v100_querycache_optimized_full_replay_v5_20260601T221943Z/tmp/selected_0004.jsonl --insert-threads 16 --search-threads 1 --merge-threads 16 --build-l 220 --build-r 116 --beamwidth 4 --k 10 --cpu-cap 8 --metric l2 --route prefilter --search-l 100 --data-bin experiments/v100_pq_drift_1m_baseline_20260601T043217Z/data/phaseC_cycle01_live_data_by_tag.bin --base-label-file experiments/v100_pq_drift_1m_baseline_20260601T043217Z/labels/base_labels_1000000.spmat --query-bin /mnt/nvme1n1/PipeANN-github/experiments/r116_suite_pq16_aris_20260520_072453/data/sift_query_1000.bin --truthset-bin experiments/v100_pq_drift_1m_baseline_20260601T043217Z/truth/phaseC_cycle01_intersect_u1e-01.bin --query-label-file /mnt/nvme1n1/PipeANN-github/experiments/r116_suite_pq16_aris_20260520_072453/labels/query_1000_u1e-01.spmat --selector-type intersect --query-limit 1000,98.03,3.218794107437134,taskset -c 20-27 /mnt/nvme1n1/PipeANN-github/build_reviewed_20260602_querycache/tests/dynamic_update_suite_driver --mode measure-dynamic-search --source-prefix /mnt/nvme1n1/PipeANN-supersector32k-work/indexes/phaseC_cycle01_retrain_each_cycle_19d7e0229e_super32k_v3 --jsonl-output /mnt/nvme1n1/PipeANN-github/experiments/v100_querycache_optimized_full_replay_v5_20260601T221943Z/tmp/selected_0004.jsonl --insert-threads 16 --search-threads 1 --merge-threads 16 --build-l 220 --build-r 116 --beamwidth 4 --k 10 --cpu-cap 8 --metric l2 --route prefilter --search-l 100 --data-bin experiments/v100_pq_drift_1m_baseline_20260601T043217Z/data/phaseC_cycle01_live_data_by_tag.bin --base-label-file experiments/v100_pq_drift_1m_baseline_20260601T043217Z/labels/base_labels_1000000.spmat --query-bin /mnt/nvme1n1/PipeANN-github/experiments/r116_suite_pq16_aris_20260520_072453/data/sift_query_1000.bin --truthset-bin experiments/v100_pq_drift_1m_baseline_20260601T043217Z/truth/phaseC_cycle01_intersect_u1e-01.bin --query-label-file /mnt/nvme1n1/PipeANN-github/experiments/r116_suite_pq16_aris_20260520_072453/labels/query_1000_u1e-01.spmat --selector-type intersect --query-limit 1000,prefilter,4,281920,280780,100,post_hoc_retuned_fastest_feasible_recall_ge_98,intersect,/mnt/nvme1n1/PipeANN-supersector32k-work/indexes/phaseC_cycle01_retrain_each_cycle_19d7e0229e_super32k_v3,ok,110617,1,0,/mnt/nvme1n1/PipeANN-github/experiments/v100_pq_drift_1m_baseline_20260601T043217Z/indexes/phaseC_cycle01_retrain_each_cycle,/mnt/nvme1n1/PipeANN-supersector32k-work/indexes/phaseC_cycle01_retrain_each_cycle_19d7e0229e_super32k_v3,retrain_each_cycle,1.827298
prefilter,4093.13191,u25,250000.0,300,20-27,8,True,phaseC_cycle01_retrain_each_cycle,,4.09341,0,0,1,,10000,0,16,supersector32k,page_aware_slots,3,1000000,281788,110617,250000.0,0.0,0.0,0.0,0.0,344.58,250000.0,0.0,344.58,4089.421,1411399.68,300.192,110617,measure-dynamic-search,4067.36,0.0,0.0,4269.248,354.0,250000.0,0.0,354.0,4265.0,1449984.0,4761.243,4096,measure-dynamic-search,4096,1000000,16,1000,281788,244.295115,1136,281788,/mnt/nvme1n1/PipeANN-github/build_reviewed_20260602_querycache/tests/dynamic_update_suite_driver --mode measure-dynamic-search --source-prefix /mnt/nvme1n1/PipeANN-supersector32k-work/indexes/phaseC_cycle01_retrain_each_cycle_19d7e0229e_super32k_v3 --jsonl-output /mnt/nvme1n1/PipeANN-github/experiments/v100_querycache_optimized_full_replay_v5_20260601T221943Z/tmp/selected_0005.jsonl --insert-threads 16 --search-threads 1 --merge-threads 16 --build-l 220 --build-r 116 --beamwidth 4 --k 10 --cpu-cap 8 --metric l2 --route prefilter --search-l 300 --data-bin experiments/v100_pq_drift_1m_baseline_20260601T043217Z/data/phaseC_cycle01_live_data_by_tag.bin --base-label-file experiments/v100_pq_drift_1m_baseline_20260601T043217Z/labels/base_labels_1000000.spmat --query-bin /mnt/nvme1n1/PipeANN-github/experiments/r116_suite_pq16_aris_20260520_072453/data/sift_query_1000.bin --truthset-bin experiments/v100_pq_drift_1m_baseline_20260601T043217Z/truth/phaseC_cycle01_intersect_u25.bin --query-label-file /mnt/nvme1n1/PipeANN-github/experiments/r116_suite_pq16_aris_20260520_072453/labels/query_1000_u25.spmat --selector-type intersect --query-limit 1000,98.88,5.499089002609253,taskset -c 20-27 /mnt/nvme1n1/PipeANN-github/build_reviewed_20260602_querycache/tests/dynamic_update_suite_driver --mode measure-dynamic-search --source-prefix /mnt/nvme1n1/PipeANN-supersector32k-work/indexes/phaseC_cycle01_retrain_each_cycle_19d7e0229e_super32k_v3 --jsonl-output /mnt/nvme1n1/PipeANN-github/experiments/v100_querycache_optimized_full_replay_v5_20260601T221943Z/tmp/selected_0005.jsonl --insert-threads 16 --search-threads 1 --merge-threads 16 --build-l 220 --build-r 116 --beamwidth 4 --k 10 --cpu-cap 8 --metric l2 --route prefilter --search-l 300 --data-bin experiments/v100_pq_drift_1m_baseline_20260601T043217Z/data/phaseC_cycle01_live_data_by_tag.bin --base-label-file experiments/v100_pq_drift_1m_baseline_20260601T043217Z/labels/base_labels_1000000.spmat --query-bin /mnt/nvme1n1/PipeANN-github/experiments/r116_suite_pq16_aris_20260520_072453/data/sift_query_1000.bin --truthset-bin experiments/v100_pq_drift_1m_baseline_20260601T043217Z/truth/phaseC_cycle01_intersect_u25.bin --query-label-file /mnt/nvme1n1/PipeANN-github/experiments/r116_suite_pq16_aris_20260520_072453/labels/query_1000_u25.spmat --selector-type intersect --query-limit 1000,prefilter,5,281788,280652,300,post_hoc_retuned_fastest_feasible_recall_ge_98,intersect,/mnt/nvme1n1/PipeANN-supersector32k-work/indexes/phaseC_cycle01_retrain_each_cycle_19d7e0229e_super32k_v3,ok,110617,1,0,/mnt/nvme1n1/PipeANN-github/experiments/v100_pq_drift_1m_baseline_20260601T043217Z/indexes/phaseC_cycle01_retrain_each_cycle,/mnt/nvme1n1/PipeANN-supersector32k-work/indexes/phaseC_cycle01_retrain_each_cycle_19d7e0229e_super32k_v3,retrain_each_cycle,4.09341
prefilter,4679.72696,u30,300000.0,250,20-27,8,True,phaseC_cycle01_retrain_each_cycle,,4.679994,0,0,1,,10000,0,16,supersector32k,page_aware_slots,3,1000000,281832,110617,300000.0,0.0,0.0,0.0,0.0,287.575,300000.0,0.0,287.575,4675.749,1177907.2,353.753,110617,measure-dynamic-search,4653.231,0.0,0.0,4872.445,297.0,300000.0,0.0,297.0,4869.0,1216512.0,5118.341,4096,measure-dynamic-search,4096,1000000,16,1000,281832,213.675498,1200,281832,/mnt/nvme1n1/PipeANN-github/build_reviewed_20260602_querycache/tests/dynamic_update_suite_driver --mode measure-dynamic-search --source-prefix /mnt/nvme1n1/PipeANN-supersector32k-work/indexes/phaseC_cycle01_retrain_each_cycle_19d7e0229e_super32k_v3 --jsonl-output /mnt/nvme1n1/PipeANN-github/experiments/v100_querycache_optimized_full_replay_v5_20260601T221943Z/tmp/selected_0006.jsonl --insert-threads 16 --search-threads 1 --merge-threads 16 --build-l 220 --build-r 116 --beamwidth 4 --k 10 --cpu-cap 8 --metric l2 --route prefilter --search-l 250 --data-bin experiments/v100_pq_drift_1m_baseline_20260601T043217Z/data/phaseC_cycle01_live_data_by_tag.bin --base-label-file experiments/v100_pq_drift_1m_baseline_20260601T043217Z/labels/base_labels_1000000.spmat --query-bin /mnt/nvme1n1/PipeANN-github/experiments/r116_suite_pq16_aris_20260520_072453/data/sift_query_1000.bin --truthset-bin experiments/v100_pq_drift_1m_baseline_20260601T043217Z/truth/phaseC_cycle01_intersect_u30.bin --query-label-file /mnt/nvme1n1/PipeANN-github/experiments/r116_suite_pq16_aris_20260520_072453/labels/query_1000_u30.spmat --selector-type intersect --query-limit 1000,98.24,6.150566816329956,taskset -c 20-27 /mnt/nvme1n1/PipeANN-github/build_reviewed_20260602_querycache/tests/dynamic_update_suite_driver --mode measure-dynamic-search --source-prefix /mnt/nvme1n1/PipeANN-supersector32k-work/indexes/phaseC_cycle01_retrain_each_cycle_19d7e0229e_super32k_v3 --jsonl-output /mnt/nvme1n1/PipeANN-github/experiments/v100_querycache_optimized_full_replay_v5_20260601T221943Z/tmp/selected_0006.jsonl --insert-threads 16 --search-threads 1 --merge-threads 16 --build-l 220 --build-r 116 --beamwidth 4 --k 10 --cpu-cap 8 --metric l2 --route prefilter --search-l 250 --data-bin experiments/v100_pq_drift_1m_baseline_20260601T043217Z/data/phaseC_cycle01_live_data_by_tag.bin --base-label-file experiments/v100_pq_drift_1m_baseline_20260601T043217Z/labels/base_labels_1000000.spmat --query-bin /mnt/nvme1n1/PipeANN-github/experiments/r116_suite_pq16_aris_20260520_072453/data/sift_query_1000.bin --truthset-bin experiments/v100_pq_drift_1m_baseline_20260601T043217Z/truth/phaseC_cycle01_intersect_u30.bin --query-label-file /mnt/nvme1n1/PipeANN-github/experiments/r116_suite_pq16_aris_20260520_072453/labels/query_1000_u30.spmat --selector-type intersect --query-limit 1000,prefilter,6,281832,280632,250,post_hoc_retuned_fastest_feasible_recall_ge_98,intersect,/mnt/nvme1n1/PipeANN-supersector32k-work/indexes/phaseC_cycle01_retrain_each_cycle_19d7e0229e_super32k_v3,ok,110617,1,0,/mnt/nvme1n1/PipeANN-github/experiments/v100_pq_drift_1m_baseline_20260601T043217Z/indexes/phaseC_cycle01_retrain_each_cycle,/mnt/nvme1n1/PipeANN-supersector32k-work/indexes/phaseC_cycle01_retrain_each_cycle_19d7e0229e_super32k_v3,retrain_each_cycle,4.679994
prefilter,7515.935837,u50,500000.0,300,20-27,8,True,phaseC_cycle01_retrain_each_cycle,,7.516275,0,0,1,,10000,0,16,supersector32k,page_aware_slots,3,1000000,281780,110617,500000.0,0.0,0.0,0.0,0.0,345.903,500000.0,0.0,345.903,7511.703,1416818.688,568.821,110617,measure-dynamic-search,7442.726,0.0,0.0,8061.142,355.0,500000.0,0.0,355.0,8057.0,1454080.0,8488.172,4096,measure-dynamic-search,4096,1000000,16,1000,281780,133.044633,1084,281668,/mnt/nvme1n1/PipeANN-github/build_reviewed_20260602_querycache/tests/dynamic_update_suite_driver --mode measure-dynamic-search --source-prefix /mnt/nvme1n1/PipeANN-supersector32k-work/indexes/phaseC_cycle01_retrain_each_cycle_19d7e0229e_super32k_v3 --jsonl-output /mnt/nvme1n1/PipeANN-github/experiments/v100_querycache_optimized_full_replay_v5_20260601T221943Z/tmp/selected_0007.jsonl --insert-threads 16 --search-threads 1 --merge-threads 16 --build-l 220 --build-r 116 --beamwidth 4 --k 10 --cpu-cap 8 --metric l2 --route prefilter --search-l 300 --data-bin experiments/v100_pq_drift_1m_baseline_20260601T043217Z/data/phaseC_cycle01_live_data_by_tag.bin --base-label-file experiments/v100_pq_drift_1m_baseline_20260601T043217Z/labels/base_labels_1000000.spmat --query-bin /mnt/nvme1n1/PipeANN-github/experiments/r116_suite_pq16_aris_20260520_072453/data/sift_query_1000.bin --truthset-bin experiments/v100_pq_drift_1m_baseline_20260601T043217Z/truth/phaseC_cycle01_intersect_u50.bin --query-label-file /mnt/nvme1n1/PipeANN-github/experiments/r116_suite_pq16_aris_20260520_072453/labels/query_1000_u50.spmat --selector-type intersect --query-limit 1000,98.47,9.014534950256348,taskset -c 20-27 /mnt/nvme1n1/PipeANN-github/build_reviewed_20260602_querycache/tests/dynamic_update_suite_driver --mode measure-dynamic-search --source-prefix /mnt/nvme1n1/PipeANN-supersector32k-work/indexes/phaseC_cycle01_retrain_each_cycle_19d7e0229e_super32k_v3 --jsonl-output /mnt/nvme1n1/PipeANN-github/experiments/v100_querycache_optimized_full_replay_v5_20260601T221943Z/tmp/selected_0007.jsonl --insert-threads 16 --search-threads 1 --merge-threads 16 --build-l 220 --build-r 116 --beamwidth 4 --k 10 --cpu-cap 8 --metric l2 --route prefilter --search-l 300 --data-bin experiments/v100_pq_drift_1m_baseline_20260601T043217Z/data/phaseC_cycle01_live_data_by_tag.bin --base-label-file experiments/v100_pq_drift_1m_baseline_20260601T043217Z/labels/base_labels_1000000.spmat --query-bin /mnt/nvme1n1/PipeANN-github/experiments/r116_suite_pq16_aris_20260520_072453/data/sift_query_1000.bin --truthset-bin experiments/v100_pq_drift_1m_baseline_20260601T043217Z/truth/phaseC_cycle01_intersect_u50.bin --query-label-file /mnt/nvme1n1/PipeANN-github/experiments/r116_suite_pq16_aris_20260520_072453/labels/query_1000_u50.spmat --selector-type intersect --query-limit 1000,prefilter,7,281668,280584,300,post_hoc_retuned_fastest_feasible_recall_ge_98,intersect,/mnt/nvme1n1/PipeANN-supersector32k-work/indexes/phaseC_cycle01_retrain_each_cycle_19d7e0229e_super32k_v3,ok,110617,1,0,/mnt/nvme1n1/PipeANN-github/experiments/v100_pq_drift_1m_baseline_20260601T043217Z/indexes/phaseC_cycle01_retrain_each_cycle,/mnt/nvme1n1/PipeANN-supersector32k-work/indexes/phaseC_cycle01_retrain_each_cycle_19d7e0229e_super32k_v3,retrain_each_cycle,7.516275
graph,5541.886942,u75,750000.0,400,20-27,8,True,phaseC_cycle01_retrain_each_cycle,,5.542193,0,0,1,,10000,1000,16,supersector32k,page_aware_slots,3,1000000,294708,110617,750000.0,21007.123,0.0,5153.229,0.0,466.275,21007.123,0.0,466.275,5219.84,1909862.4,23.703,110617,measure-dynamic-search,5529.016,26536.0,0.0,5849.057,486.0,26536.0,0.0,486.0,5509.0,1990656.0,6247.739,4096,measure-dynamic-search,4096,1000000,16,0,294708,180.434003,14164,294708,/mnt/nvme1n1/PipeANN-github/build_reviewed_20260602_querycache/tests/dynamic_update_suite_driver --mode measure-dynamic-search --source-prefix /mnt/nvme1n1/PipeANN-supersector32k-work/indexes/phaseC_cycle01_retrain_each_cycle_19d7e0229e_super32k_v3 --jsonl-output /mnt/nvme1n1/PipeANN-github/experiments/v100_querycache_optimized_full_replay_v5_20260601T221943Z/tmp/selected_0008.jsonl --insert-threads 16 --search-threads 1 --merge-threads 16 --build-l 220 --build-r 116 --beamwidth 8 --k 10 --cpu-cap 8 --metric l2 --route graph --search-l 400 --data-bin experiments/v100_pq_drift_1m_baseline_20260601T043217Z/data/phaseC_cycle01_live_data_by_tag.bin --base-label-file experiments/v100_pq_drift_1m_baseline_20260601T043217Z/labels/base_labels_1000000.spmat --query-bin /mnt/nvme1n1/PipeANN-github/experiments/r116_suite_pq16_aris_20260520_072453/data/sift_query_1000.bin --truthset-bin experiments/v100_pq_drift_1m_baseline_20260601T043217Z/truth/phaseC_cycle01_intersect_u75.bin --query-label-file /mnt/nvme1n1/PipeANN-github/experiments/r116_suite_pq16_aris_20260520_072453/labels/query_1000_u75.spmat --selector-type intersect --query-limit 1000,98.16,7.018166780471802,taskset -c 20-27 /mnt/nvme1n1/PipeANN-github/build_reviewed_20260602_querycache/tests/dynamic_update_suite_driver --mode measure-dynamic-search --source-prefix /mnt/nvme1n1/PipeANN-supersector32k-work/indexes/phaseC_cycle01_retrain_each_cycle_19d7e0229e_super32k_v3 --jsonl-output /mnt/nvme1n1/PipeANN-github/experiments/v100_querycache_optimized_full_replay_v5_20260601T221943Z/tmp/selected_0008.jsonl --insert-threads 16 --search-threads 1 --merge-threads 16 --build-l 220 --build-r 116 --beamwidth 8 --k 10 --cpu-cap 8 --metric l2 --route graph --search-l 400 --data-bin experiments/v100_pq_drift_1m_baseline_20260601T043217Z/data/phaseC_cycle01_live_data_by_tag.bin --base-label-file experiments/v100_pq_drift_1m_baseline_20260601T043217Z/labels/base_labels_1000000.spmat --query-bin /mnt/nvme1n1/PipeANN-github/experiments/r116_suite_pq16_aris_20260520_072453/data/sift_query_1000.bin --truthset-bin experiments/v100_pq_drift_1m_baseline_20260601T043217Z/truth/phaseC_cycle01_intersect_u75.bin --query-label-file /mnt/nvme1n1/PipeANN-github/experiments/r116_suite_pq16_aris_20260520_072453/labels/query_1000_u75.spmat --selector-type intersect --query-limit 1000,graph,8,294708,280544,400,querycache_highrisk_beamwidth_8_source_row_8,intersect,/mnt/nvme1n1/PipeANN-supersector32k-work/indexes/phaseC_cycle01_retrain_each_cycle_19d7e0229e_super32k_v3,ok,110617,1,0,/mnt/nvme1n1/PipeANN-github/experiments/v100_pq_drift_1m_baseline_20260601T043217Z/indexes/phaseC_cycle01_retrain_each_cycle,/mnt/nvme1n1/PipeANN-supersector32k-work/indexes/phaseC_cycle01_retrain_each_cycle_19d7e0229e_super32k_v3,retrain_each_cycle,5.542193
graph,5731.452666,u100,1000000.0,400,20-27,8,True,phaseC_cycle01_retrain_each_cycle,,5.731754,0,0,1,,10000,1000,16,supersector32k,page_aware_slots,3,1000000,294624,110617,1000000.0,21001.119,0.0,5342.576,0.0,466.168,21001.119,0.0,466.168,5410.926,1909424.128,18.974,110617,measure-dynamic-search,5692.994,26536.0,0.0,6111.787,486.0,26536.0,0.0,486.0,5764.0,1990656.0,6499.52,4096,measure-dynamic-search,4096,1000000,16,0,294624,174.466653,14016,294624,/mnt/nvme1n1/PipeANN-github/build_reviewed_20260602_querycache/tests/dynamic_update_suite_driver --mode measure-dynamic-search --source-prefix /mnt/nvme1n1/PipeANN-supersector32k-work/indexes/phaseC_cycle01_retrain_each_cycle_19d7e0229e_super32k_v3 --jsonl-output /mnt/nvme1n1/PipeANN-github/experiments/v100_querycache_optimized_full_replay_v5_20260601T221943Z/tmp/selected_0009.jsonl --insert-threads 16 --search-threads 1 --merge-threads 16 --build-l 220 --build-r 116 --beamwidth 8 --k 10 --cpu-cap 8 --metric l2 --route graph --search-l 400 --data-bin experiments/v100_pq_drift_1m_baseline_20260601T043217Z/data/phaseC_cycle01_live_data_by_tag.bin --base-label-file experiments/v100_pq_drift_1m_baseline_20260601T043217Z/labels/base_labels_1000000.spmat --query-bin /mnt/nvme1n1/PipeANN-github/experiments/r116_suite_pq16_aris_20260520_072453/data/sift_query_1000.bin --truthset-bin experiments/v100_pq_drift_1m_baseline_20260601T043217Z/truth/phaseC_cycle01_intersect_u100.bin --query-label-file /mnt/nvme1n1/PipeANN-github/experiments/r116_suite_pq16_aris_20260520_072453/labels/query_1000_u100.spmat --selector-type intersect --query-limit 1000,98.66,7.380144834518433,taskset -c 20-27 /mnt/nvme1n1/PipeANN-github/build_reviewed_20260602_querycache/tests/dynamic_update_suite_driver --mode measure-dynamic-search --source-prefix /mnt/nvme1n1/PipeANN-supersector32k-work/indexes/phaseC_cycle01_retrain_each_cycle_19d7e0229e_super32k_v3 --jsonl-output /mnt/nvme1n1/PipeANN-github/experiments/v100_querycache_optimized_full_replay_v5_20260601T221943Z/tmp/selected_0009.jsonl --insert-threads 16 --search-threads 1 --merge-threads 16 --build-l 220 --build-r 116 --beamwidth 8 --k 10 --cpu-cap 8 --metric l2 --route graph --search-l 400 --data-bin experiments/v100_pq_drift_1m_baseline_20260601T043217Z/data/phaseC_cycle01_live_data_by_tag.bin --base-label-file experiments/v100_pq_drift_1m_baseline_20260601T043217Z/labels/base_labels_1000000.spmat --query-bin /mnt/nvme1n1/PipeANN-github/experiments/r116_suite_pq16_aris_20260520_072453/data/sift_query_1000.bin --truthset-bin experiments/v100_pq_drift_1m_baseline_20260601T043217Z/truth/phaseC_cycle01_intersect_u100.bin --query-label-file /mnt/nvme1n1/PipeANN-github/experiments/r116_suite_pq16_aris_20260520_072453/labels/query_1000_u100.spmat --selector-type intersect --query-limit 1000,graph,9,294624,280608,400,querycache_plus_super32k_beamwidth_8_source_row_9,intersect,/mnt/nvme1n1/PipeANN-supersector32k-work/indexes/phaseC_cycle01_retrain_each_cycle_19d7e0229e_super32k_v3,ok,110617,1,0,/mnt/nvme1n1/PipeANN-github/experiments/v100_pq_drift_1m_baseline_20260601T043217Z/indexes/phaseC_cycle01_retrain_each_cycle,/mnt/nvme1n1/PipeANN-supersector32k-work/indexes/phaseC_cycle01_retrain_each_cycle_19d7e0229e_super32k_v3,retrain_each_cycle,5.731754
prefilter,160.325931,u1e-03,1000.0,50,20-27,8,True,phaseC_cycle01_retrain_each_cycle,,0.160411,0,0,1,,10000,0,16,supersector32k,page_aware_slots,3,1000000,281616,110617,1000.0,0.0,0.0,0.0,0.0,110.848,1000.0,0.0,110.848,157.774,454033.408,35.465,110617,measure-dynamic-search,157.638,0.0,0.0,179.522,116.0,1000.0,0.0,116.0,177.0,475136.0,196.382,4096,measure-dynamic-search,4096,1000000,16,1000,281616,6233.974711,1048,281616,/mnt/nvme1n1/PipeANN-github/build_reviewed_20260602_querycache/tests/dynamic_update_suite_driver --mode measure-dynamic-search --source-prefix /mnt/nvme1n1/PipeANN-supersector32k-work/indexes/phaseC_cycle01_retrain_each_cycle_19d7e0229e_super32k_v3 --jsonl-output /mnt/nvme1n1/PipeANN-github/experiments/v100_querycache_optimized_full_replay_v5_20260601T221943Z/tmp/selected_0010.jsonl --insert-threads 16 --search-threads 1 --merge-threads 16 --build-l 220 --build-r 116 --beamwidth 4 --k 10 --cpu-cap 8 --metric l2 --route prefilter --search-l 50 --data-bin experiments/v100_pq_drift_1m_baseline_20260601T043217Z/data/phaseC_cycle01_live_data_by_tag.bin --base-label-file experiments/v100_pq_drift_1m_baseline_20260601T043217Z/labels/base_labels_1000000.spmat --query-bin /mnt/nvme1n1/PipeANN-github/experiments/r116_suite_pq16_aris_20260520_072453/data/sift_query_1000.bin --truthset-bin experiments/v100_pq_drift_1m_baseline_20260601T043217Z/truth/phaseC_cycle01_range_u1e-03.bin --query-label-file /mnt/nvme1n1/PipeANN-github/experiments/r116_suite_pq16_aris_20260520_072453/labels/query_1000_range_u1e-03.spmat --selector-type range --query-limit 1000,99.94,1.77162766456604,taskset -c 20-27 /mnt/nvme1n1/PipeANN-github/build_reviewed_20260602_querycache/tests/dynamic_update_suite_driver --mode measure-dynamic-search --source-prefix /mnt/nvme1n1/PipeANN-supersector32k-work/indexes/phaseC_cycle01_retrain_each_cycle_19d7e0229e_super32k_v3 --jsonl-output /mnt/nvme1n1/PipeANN-github/experiments/v100_querycache_optimized_full_replay_v5_20260601T221943Z/tmp/selected_0010.jsonl --insert-threads 16 --search-threads 1 --merge-threads 16 --build-l 220 --build-r 116 --beamwidth 4 --k 10 --cpu-cap 8 --metric l2 --route prefilter --search-l 50 --data-bin experiments/v100_pq_drift_1m_baseline_20260601T043217Z/data/phaseC_cycle01_live_data_by_tag.bin --base-label-file experiments/v100_pq_drift_1m_baseline_20260601T043217Z/labels/base_labels_1000000.spmat --query-bin /mnt/nvme1n1/PipeANN-github/experiments/r116_suite_pq16_aris_20260520_072453/data/sift_query_1000.bin --truthset-bin experiments/v100_pq_drift_1m_baseline_20260601T043217Z/truth/phaseC_cycle01_range_u1e-03.bin --query-label-file /mnt/nvme1n1/PipeANN-github/experiments/r116_suite_pq16_aris_20260520_072453/labels/query_1000_range_u1e-03.spmat --selector-type range --query-limit 1000,prefilter,10,281616,280568,50,post_hoc_retuned_fastest_feasible_recall_ge_98,range,/mnt/nvme1n1/PipeANN-supersector32k-work/indexes/phaseC_cycle01_retrain_each_cycle_19d7e0229e_super32k_v3,ok,110617,1,0,/mnt/nvme1n1/PipeANN-github/experiments/v100_pq_drift_1m_baseline_20260601T043217Z/indexes/phaseC_cycle01_retrain_each_cycle,/mnt/nvme1n1/PipeANN-supersector32k-work/indexes/phaseC_cycle01_retrain_each_cycle_19d7e0229e_super32k_v3,retrain_each_cycle,0.160411
prefilter,222.075705,u3e-03,3000.0,75,20-27,8,True,phaseC_cycle01_retrain_each_cycle,,0.222193,0,0,1,,10000,0,16,supersector32k,page_aware_slots,3,1000000,281740,110617,3000.0,0.0,0.0,0.0,0.0,111.449,3000.0,0.0,111.449,219.309,456495.104,43.458,110617,measure-dynamic-search,218.865,0.0,0.0,248.906,118.0,3000.0,0.0,118.0,246.0,483328.0,271.227,4096,measure-dynamic-search,4096,1000000,16,1000,281740,4500.593732,1048,281740,/mnt/nvme1n1/PipeANN-github/build_reviewed_20260602_querycache/tests/dynamic_update_suite_driver --mode measure-dynamic-search --source-prefix /mnt/nvme1n1/PipeANN-supersector32k-work/indexes/phaseC_cycle01_retrain_each_cycle_19d7e0229e_super32k_v3 --jsonl-output /mnt/nvme1n1/PipeANN-github/experiments/v100_querycache_optimized_full_replay_v5_20260601T221943Z/tmp/selected_0011.jsonl --insert-threads 16 --search-threads 1 --merge-threads 16 --build-l 220 --build-r 116 --beamwidth 4 --k 10 --cpu-cap 8 --metric l2 --route prefilter --search-l 75 --data-bin experiments/v100_pq_drift_1m_baseline_20260601T043217Z/data/phaseC_cycle01_live_data_by_tag.bin --base-label-file experiments/v100_pq_drift_1m_baseline_20260601T043217Z/labels/base_labels_1000000.spmat --query-bin /mnt/nvme1n1/PipeANN-github/experiments/r116_suite_pq16_aris_20260520_072453/data/sift_query_1000.bin --truthset-bin experiments/v100_pq_drift_1m_baseline_20260601T043217Z/truth/phaseC_cycle01_range_u3e-03.bin --query-label-file /mnt/nvme1n1/PipeANN-github/experiments/r116_suite_pq16_aris_20260520_072453/labels/query_1000_range_u3e-03.spmat --selector-type range --query-limit 1000,99.86,1.9059796333312988,taskset -c 20-27 /mnt/nvme1n1/PipeANN-github/build_reviewed_20260602_querycache/tests/dynamic_update_suite_driver --mode measure-dynamic-search --source-prefix /mnt/nvme1n1/PipeANN-supersector32k-work/indexes/phaseC_cycle01_retrain_each_cycle_19d7e0229e_super32k_v3 --jsonl-output /mnt/nvme1n1/PipeANN-github/experiments/v100_querycache_optimized_full_replay_v5_20260601T221943Z/tmp/selected_0011.jsonl --insert-threads 16 --search-threads 1 --merge-threads 16 --build-l 220 --build-r 116 --beamwidth 4 --k 10 --cpu-cap 8 --metric l2 --route prefilter --search-l 75 --data-bin experiments/v100_pq_drift_1m_baseline_20260601T043217Z/data/phaseC_cycle01_live_data_by_tag.bin --base-label-file experiments/v100_pq_drift_1m_baseline_20260601T043217Z/labels/base_labels_1000000.spmat --query-bin /mnt/nvme1n1/PipeANN-github/experiments/r116_suite_pq16_aris_20260520_072453/data/sift_query_1000.bin --truthset-bin experiments/v100_pq_drift_1m_baseline_20260601T043217Z/truth/phaseC_cycle01_range_u3e-03.bin --query-label-file /mnt/nvme1n1/PipeANN-github/experiments/r116_suite_pq16_aris_20260520_072453/labels/query_1000_range_u3e-03.spmat --selector-type range --query-limit 1000,prefilter,11,281740,280692,75,post_hoc_retuned_fastest_feasible_recall_ge_98,range,/mnt/nvme1n1/PipeANN-supersector32k-work/indexes/phaseC_cycle01_retrain_each_cycle_19d7e0229e_super32k_v3,ok,110617,1,0,/mnt/nvme1n1/PipeANN-github/experiments/v100_pq_drift_1m_baseline_20260601T043217Z/indexes/phaseC_cycle01_retrain_each_cycle,/mnt/nvme1n1/PipeANN-supersector32k-work/indexes/phaseC_cycle01_retrain_each_cycle_19d7e0229e_super32k_v3,retrain_each_cycle,0.222193
prefilter,415.315652,u1e-02,10000.0,100,20-27,8,True,phaseC_cycle01_retrain_each_cycle,,0.415464,0,0,1,,10000,0,16,supersector32k,page_aware_slots,3,1000000,281640,110617,10000.0,0.0,0.0,0.0,0.0,148.376,10000.0,0.0,148.376,412.303,607748.096,58.01,110617,measure-dynamic-search,413.611,0.0,0.0,442.136,155.0,10000.0,0.0,155.0,439.0,634880.0,480.26,4096,measure-dynamic-search,4096,1000000,16,1000,281640,2406.945356,1104,281640,/mnt/nvme1n1/PipeANN-github/build_reviewed_20260602_querycache/tests/dynamic_update_suite_driver --mode measure-dynamic-search --source-prefix /mnt/nvme1n1/PipeANN-supersector32k-work/indexes/phaseC_cycle01_retrain_each_cycle_19d7e0229e_super32k_v3 --jsonl-output /mnt/nvme1n1/PipeANN-github/experiments/v100_querycache_optimized_full_replay_v5_20260601T221943Z/tmp/selected_0012.jsonl --insert-threads 16 --search-threads 1 --merge-threads 16 --build-l 220 --build-r 116 --beamwidth 4 --k 10 --cpu-cap 8 --metric l2 --route prefilter --search-l 100 --data-bin experiments/v100_pq_drift_1m_baseline_20260601T043217Z/data/phaseC_cycle01_live_data_by_tag.bin --base-label-file experiments/v100_pq_drift_1m_baseline_20260601T043217Z/labels/base_labels_1000000.spmat --query-bin /mnt/nvme1n1/PipeANN-github/experiments/r116_suite_pq16_aris_20260520_072453/data/sift_query_1000.bin --truthset-bin experiments/v100_pq_drift_1m_baseline_20260601T043217Z/truth/phaseC_cycle01_range_u1e-02.bin --query-label-file /mnt/nvme1n1/PipeANN-github/experiments/r116_suite_pq16_aris_20260520_072453/labels/query_1000_range_u1e-02.spmat --selector-type range --query-limit 1000,99.39,1.948848009109497,taskset -c 20-27 /mnt/nvme1n1/PipeANN-github/build_reviewed_20260602_querycache/tests/dynamic_update_suite_driver --mode measure-dynamic-search --source-prefix /mnt/nvme1n1/PipeANN-supersector32k-work/indexes/phaseC_cycle01_retrain_each_cycle_19d7e0229e_super32k_v3 --jsonl-output /mnt/nvme1n1/PipeANN-github/experiments/v100_querycache_optimized_full_replay_v5_20260601T221943Z/tmp/selected_0012.jsonl --insert-threads 16 --search-threads 1 --merge-threads 16 --build-l 220 --build-r 116 --beamwidth 4 --k 10 --cpu-cap 8 --metric l2 --route prefilter --search-l 100 --data-bin experiments/v100_pq_drift_1m_baseline_20260601T043217Z/data/phaseC_cycle01_live_data_by_tag.bin --base-label-file experiments/v100_pq_drift_1m_baseline_20260601T043217Z/labels/base_labels_1000000.spmat --query-bin /mnt/nvme1n1/PipeANN-github/experiments/r116_suite_pq16_aris_20260520_072453/data/sift_query_1000.bin --truthset-bin experiments/v100_pq_drift_1m_baseline_20260601T043217Z/truth/phaseC_cycle01_range_u1e-02.bin --query-label-file /mnt/nvme1n1/PipeANN-github/experiments/r116_suite_pq16_aris_20260520_072453/labels/query_1000_range_u1e-02.spmat --selector-type range --query-limit 1000,prefilter,12,281640,280536,100,post_hoc_retuned_fastest_feasible_recall_ge_98,range,/mnt/nvme1n1/PipeANN-supersector32k-work/indexes/phaseC_cycle01_retrain_each_cycle_19d7e0229e_super32k_v3,ok,110617,1,0,/mnt/nvme1n1/PipeANN-github/experiments/v100_pq_drift_1m_baseline_20260601T043217Z/indexes/phaseC_cycle01_retrain_each_cycle,/mnt/nvme1n1/PipeANN-supersector32k-work/indexes/phaseC_cycle01_retrain_each_cycle_19d7e0229e_super32k_v3,retrain_each_cycle,0.415464
prefilter,1171.195881,u5e-02,50000.0,75,20-27,8,True,phaseC_cycle01_retrain_each_cycle,,1.171348,0,0,1,,10000,0,16,supersector32k,page_aware_slots,3,1000000,283880,110617,50000.0,0.0,0.0,0.0,0.0,184.927,50000.0,0.0,184.927,1167.987,757460.992,106.535,110617,measure-dynamic-search,1169.914,0.0,0.0,1250.45,192.0,50000.0,0.0,192.0,1247.0,786432.0,1323.906,4096,measure-dynamic-search,4096,1000000,16,1000,283880,853.717495,1432,283880,/mnt/nvme1n1/PipeANN-github/build_reviewed_20260602_querycache/tests/dynamic_update_suite_driver --mode measure-dynamic-search --source-prefix /mnt/nvme1n1/PipeANN-supersector32k-work/indexes/phaseC_cycle01_retrain_each_cycle_19d7e0229e_super32k_v3 --jsonl-output /mnt/nvme1n1/PipeANN-github/experiments/v100_querycache_optimized_full_replay_v5_20260601T221943Z/tmp/selected_0013.jsonl --insert-threads 16 --search-threads 1 --merge-threads 16 --build-l 220 --build-r 116 --beamwidth 4 --k 10 --cpu-cap 8 --metric l2 --route prefilter --search-l 75 --data-bin experiments/v100_pq_drift_1m_baseline_20260601T043217Z/data/phaseC_cycle01_live_data_by_tag.bin --base-label-file experiments/v100_pq_drift_1m_baseline_20260601T043217Z/labels/base_labels_1000000.spmat --query-bin /mnt/nvme1n1/PipeANN-github/experiments/r116_suite_pq16_aris_20260520_072453/data/sift_query_1000.bin --truthset-bin experiments/v100_pq_drift_1m_baseline_20260601T043217Z/truth/phaseC_cycle01_range_u5e-02.bin --query-label-file /mnt/nvme1n1/PipeANN-github/experiments/r116_suite_pq16_aris_20260520_072453/labels/query_1000_range_u5e-02.spmat --selector-type range --query-limit 1000,99.27,2.7272145748138428,taskset -c 20-27 /mnt/nvme1n1/PipeANN-github/build_reviewed_20260602_querycache/tests/dynamic_update_suite_driver --mode measure-dynamic-search --source-prefix /mnt/nvme1n1/PipeANN-supersector32k-work/indexes/phaseC_cycle01_retrain_each_cycle_19d7e0229e_super32k_v3 --jsonl-output /mnt/nvme1n1/PipeANN-github/experiments/v100_querycache_optimized_full_replay_v5_20260601T221943Z/tmp/selected_0013.jsonl --insert-threads 16 --search-threads 1 --merge-threads 16 --build-l 220 --build-r 116 --beamwidth 4 --k 10 --cpu-cap 8 --metric l2 --route prefilter --search-l 75 --data-bin experiments/v100_pq_drift_1m_baseline_20260601T043217Z/data/phaseC_cycle01_live_data_by_tag.bin --base-label-file experiments/v100_pq_drift_1m_baseline_20260601T043217Z/labels/base_labels_1000000.spmat --query-bin /mnt/nvme1n1/PipeANN-github/experiments/r116_suite_pq16_aris_20260520_072453/data/sift_query_1000.bin --truthset-bin experiments/v100_pq_drift_1m_baseline_20260601T043217Z/truth/phaseC_cycle01_range_u5e-02.bin --query-label-file /mnt/nvme1n1/PipeANN-github/experiments/r116_suite_pq16_aris_20260520_072453/labels/query_1000_range_u5e-02.spmat --selector-type range --query-limit 1000,prefilter,13,283880,282448,75,post_hoc_retuned_fastest_feasible_recall_ge_98,range,/mnt/nvme1n1/PipeANN-supersector32k-work/indexes/phaseC_cycle01_retrain_each_cycle_19d7e0229e_super32k_v3,ok,110617,1,0,/mnt/nvme1n1/PipeANN-github/experiments/v100_pq_drift_1m_baseline_20260601T043217Z/indexes/phaseC_cycle01_retrain_each_cycle,/mnt/nvme1n1/PipeANN-supersector32k-work/indexes/phaseC_cycle01_retrain_each_cycle_19d7e0229e_super32k_v3,retrain_each_cycle,1.171348
prefilter,1842.578459,u1e-01,100000.0,75,20-27,8,True,phaseC_cycle01_retrain_each_cycle,,1.842804,0,0,1,,10000,0,16,supersector32k,page_aware_slots,3,1000000,281840,110617,100000.0,0.0,0.0,0.0,0.0,183.483,100000.0,0.0,183.483,1838.965,751546.368,166.686,110617,measure-dynamic-search,1834.528,0.0,0.0,1900.299,191.0,100000.0,0.0,191.0,1897.0,782336.0,1964.972,4096,measure-dynamic-search,4096,1000000,16,1000,281840,542.651347,1204,281840,/mnt/nvme1n1/PipeANN-github/build_reviewed_20260602_querycache/tests/dynamic_update_suite_driver --mode measure-dynamic-search --source-prefix /mnt/nvme1n1/PipeANN-supersector32k-work/indexes/phaseC_cycle01_retrain_each_cycle_19d7e0229e_super32k_v3 --jsonl-output /mnt/nvme1n1/PipeANN-github/experiments/v100_querycache_optimized_full_replay_v5_20260601T221943Z/tmp/selected_0014.jsonl --insert-threads 16 --search-threads 1 --merge-threads 16 --build-l 220 --build-r 116 --beamwidth 4 --k 10 --cpu-cap 8 --metric l2 --route prefilter --search-l 75 --data-bin experiments/v100_pq_drift_1m_baseline_20260601T043217Z/data/phaseC_cycle01_live_data_by_tag.bin --base-label-file experiments/v100_pq_drift_1m_baseline_20260601T043217Z/labels/base_labels_1000000.spmat --query-bin /mnt/nvme1n1/PipeANN-github/experiments/r116_suite_pq16_aris_20260520_072453/data/sift_query_1000.bin --truthset-bin experiments/v100_pq_drift_1m_baseline_20260601T043217Z/truth/phaseC_cycle01_range_u1e-01.bin --query-label-file /mnt/nvme1n1/PipeANN-github/experiments/r116_suite_pq16_aris_20260520_072453/labels/query_1000_range_u1e-01.spmat --selector-type range --query-limit 1000,98.03,3.2766573429107666,taskset -c 20-27 /mnt/nvme1n1/PipeANN-github/build_reviewed_20260602_querycache/tests/dynamic_update_suite_driver --mode measure-dynamic-search --source-prefix /mnt/nvme1n1/PipeANN-supersector32k-work/indexes/phaseC_cycle01_retrain_each_cycle_19d7e0229e_super32k_v3 --jsonl-output /mnt/nvme1n1/PipeANN-github/experiments/v100_querycache_optimized_full_replay_v5_20260601T221943Z/tmp/selected_0014.jsonl --insert-threads 16 --search-threads 1 --merge-threads 16 --build-l 220 --build-r 116 --beamwidth 4 --k 10 --cpu-cap 8 --metric l2 --route prefilter --search-l 75 --data-bin experiments/v100_pq_drift_1m_baseline_20260601T043217Z/data/phaseC_cycle01_live_data_by_tag.bin --base-label-file experiments/v100_pq_drift_1m_baseline_20260601T043217Z/labels/base_labels_1000000.spmat --query-bin /mnt/nvme1n1/PipeANN-github/experiments/r116_suite_pq16_aris_20260520_072453/data/sift_query_1000.bin --truthset-bin experiments/v100_pq_drift_1m_baseline_20260601T043217Z/truth/phaseC_cycle01_range_u1e-01.bin --query-label-file /mnt/nvme1n1/PipeANN-github/experiments/r116_suite_pq16_aris_20260520_072453/labels/query_1000_range_u1e-01.spmat --selector-type range --query-limit 1000,prefilter,14,281840,280636,75,post_hoc_retuned_fastest_feasible_recall_ge_98,range,/mnt/nvme1n1/PipeANN-supersector32k-work/indexes/phaseC_cycle01_retrain_each_cycle_19d7e0229e_super32k_v3,ok,110617,1,0,/mnt/nvme1n1/PipeANN-github/experiments/v100_pq_drift_1m_baseline_20260601T043217Z/indexes/phaseC_cycle01_retrain_each_cycle,/mnt/nvme1n1/PipeANN-supersector32k-work/indexes/phaseC_cycle01_retrain_each_cycle_19d7e0229e_super32k_v3,retrain_each_cycle,1.842804
prefilter,3996.496044,u25,250000.0,250,20-27,8,True,phaseC_cycle01_retrain_each_cycle,,3.996804,0,0,1,,10000,0,16,supersector32k,page_aware_slots,3,1000000,281704,110617,250000.0,0.0,0.0,0.0,0.0,287.112,250000.0,0.0,287.112,3992.635,1176010.752,328.375,110617,measure-dynamic-search,3984.973,0.0,0.0,4095.14,296.0,250000.0,0.0,296.0,4092.0,1212416.0,4275.539,4096,measure-dynamic-search,4096,1000000,16,1000,281704,250.19991,1076,281704,/mnt/nvme1n1/PipeANN-github/build_reviewed_20260602_querycache/tests/dynamic_update_suite_driver --mode measure-dynamic-search --source-prefix /mnt/nvme1n1/PipeANN-supersector32k-work/indexes/phaseC_cycle01_retrain_each_cycle_19d7e0229e_super32k_v3 --jsonl-output /mnt/nvme1n1/PipeANN-github/experiments/v100_querycache_optimized_full_replay_v5_20260601T221943Z/tmp/selected_0015.jsonl --insert-threads 16 --search-threads 1 --merge-threads 16 --build-l 220 --build-r 116 --beamwidth 4 --k 10 --cpu-cap 8 --metric l2 --route prefilter --search-l 250 --data-bin experiments/v100_pq_drift_1m_baseline_20260601T043217Z/data/phaseC_cycle01_live_data_by_tag.bin --base-label-file experiments/v100_pq_drift_1m_baseline_20260601T043217Z/labels/base_labels_1000000.spmat --query-bin /mnt/nvme1n1/PipeANN-github/experiments/r116_suite_pq16_aris_20260520_072453/data/sift_query_1000.bin --truthset-bin experiments/v100_pq_drift_1m_baseline_20260601T043217Z/truth/phaseC_cycle01_range_u25.bin --query-label-file /mnt/nvme1n1/PipeANN-github/experiments/r116_suite_pq16_aris_20260520_072453/labels/query_1000_range_u25.spmat --selector-type range --query-limit 1000,98.51,5.3917930126190186,taskset -c 20-27 /mnt/nvme1n1/PipeANN-github/build_reviewed_20260602_querycache/tests/dynamic_update_suite_driver --mode measure-dynamic-search --source-prefix /mnt/nvme1n1/PipeANN-supersector32k-work/indexes/phaseC_cycle01_retrain_each_cycle_19d7e0229e_super32k_v3 --jsonl-output /mnt/nvme1n1/PipeANN-github/experiments/v100_querycache_optimized_full_replay_v5_20260601T221943Z/tmp/selected_0015.jsonl --insert-threads 16 --search-threads 1 --merge-threads 16 --build-l 220 --build-r 116 --beamwidth 4 --k 10 --cpu-cap 8 --metric l2 --route prefilter --search-l 250 --data-bin experiments/v100_pq_drift_1m_baseline_20260601T043217Z/data/phaseC_cycle01_live_data_by_tag.bin --base-label-file experiments/v100_pq_drift_1m_baseline_20260601T043217Z/labels/base_labels_1000000.spmat --query-bin /mnt/nvme1n1/PipeANN-github/experiments/r116_suite_pq16_aris_20260520_072453/data/sift_query_1000.bin --truthset-bin experiments/v100_pq_drift_1m_baseline_20260601T043217Z/truth/phaseC_cycle01_range_u25.bin --query-label-file /mnt/nvme1n1/PipeANN-github/experiments/r116_suite_pq16_aris_20260520_072453/labels/query_1000_range_u25.spmat --selector-type range --query-limit 1000,prefilter,15,281704,280628,250,post_hoc_retuned_fastest_feasible_recall_ge_98,range,/mnt/nvme1n1/PipeANN-supersector32k-work/indexes/phaseC_cycle01_retrain_each_cycle_19d7e0229e_super32k_v3,ok,110617,1,0,/mnt/nvme1n1/PipeANN-github/experiments/v100_pq_drift_1m_baseline_20260601T043217Z/indexes/phaseC_cycle01_retrain_each_cycle,/mnt/nvme1n1/PipeANN-supersector32k-work/indexes/phaseC_cycle01_retrain_each_cycle_19d7e0229e_super32k_v3,retrain_each_cycle,3.996804
prefilter,4761.522495,u30,300000.0,250,20-27,8,True,phaseC_cycle01_retrain_each_cycle,,4.761893,0,0,1,,10000,0,16,supersector32k,page_aware_slots,3,1000000,281864,110617,300000.0,0.0,0.0,0.0,0.0,287.575,300000.0,0.0,287.575,4757.324,1177907.2,390.787,110617,measure-dynamic-search,4736.282,0.0,0.0,5061.566,297.0,300000.0,0.0,297.0,5057.0,1216512.0,5516.122,4096,measure-dynamic-search,4096,1000000,16,1000,281864,210.000508,1204,281864,/mnt/nvme1n1/PipeANN-github/build_reviewed_20260602_querycache/tests/dynamic_update_suite_driver --mode measure-dynamic-search --source-prefix /mnt/nvme1n1/PipeANN-supersector32k-work/indexes/phaseC_cycle01_retrain_each_cycle_19d7e0229e_super32k_v3 --jsonl-output /mnt/nvme1n1/PipeANN-github/experiments/v100_querycache_optimized_full_replay_v5_20260601T221943Z/tmp/selected_0016.jsonl --insert-threads 16 --search-threads 1 --merge-threads 16 --build-l 220 --build-r 116 --beamwidth 4 --k 10 --cpu-cap 8 --metric l2 --route prefilter --search-l 250 --data-bin experiments/v100_pq_drift_1m_baseline_20260601T043217Z/data/phaseC_cycle01_live_data_by_tag.bin --base-label-file experiments/v100_pq_drift_1m_baseline_20260601T043217Z/labels/base_labels_1000000.spmat --query-bin /mnt/nvme1n1/PipeANN-github/experiments/r116_suite_pq16_aris_20260520_072453/data/sift_query_1000.bin --truthset-bin experiments/v100_pq_drift_1m_baseline_20260601T043217Z/truth/phaseC_cycle01_range_u30.bin --query-label-file /mnt/nvme1n1/PipeANN-github/experiments/r116_suite_pq16_aris_20260520_072453/labels/query_1000_range_u30.spmat --selector-type range --query-limit 1000,98.24,6.382112979888916,taskset -c 20-27 /mnt/nvme1n1/PipeANN-github/build_reviewed_20260602_querycache/tests/dynamic_update_suite_driver --mode measure-dynamic-search --source-prefix /mnt/nvme1n1/PipeANN-supersector32k-work/indexes/phaseC_cycle01_retrain_each_cycle_19d7e0229e_super32k_v3 --jsonl-output /mnt/nvme1n1/PipeANN-github/experiments/v100_querycache_optimized_full_replay_v5_20260601T221943Z/tmp/selected_0016.jsonl --insert-threads 16 --search-threads 1 --merge-threads 16 --build-l 220 --build-r 116 --beamwidth 4 --k 10 --cpu-cap 8 --metric l2 --route prefilter --search-l 250 --data-bin experiments/v100_pq_drift_1m_baseline_20260601T043217Z/data/phaseC_cycle01_live_data_by_tag.bin --base-label-file experiments/v100_pq_drift_1m_baseline_20260601T043217Z/labels/base_labels_1000000.spmat --query-bin /mnt/nvme1n1/PipeANN-github/experiments/r116_suite_pq16_aris_20260520_072453/data/sift_query_1000.bin --truthset-bin experiments/v100_pq_drift_1m_baseline_20260601T043217Z/truth/phaseC_cycle01_range_u30.bin --query-label-file /mnt/nvme1n1/PipeANN-github/experiments/r116_suite_pq16_aris_20260520_072453/labels/query_1000_range_u30.spmat --selector-type range --query-limit 1000,prefilter,16,281864,280660,250,post_hoc_retuned_fastest_feasible_recall_ge_98,range,/mnt/nvme1n1/PipeANN-supersector32k-work/indexes/phaseC_cycle01_retrain_each_cycle_19d7e0229e_super32k_v3,ok,110617,1,0,/mnt/nvme1n1/PipeANN-github/experiments/v100_pq_drift_1m_baseline_20260601T043217Z/indexes/phaseC_cycle01_retrain_each_cycle,/mnt/nvme1n1/PipeANN-supersector32k-work/indexes/phaseC_cycle01_retrain_each_cycle_19d7e0229e_super32k_v3,retrain_each_cycle,4.761893
prefilter,7379.705049,u50,500000.0,300,20-27,8,True,phaseC_cycle01_retrain_each_cycle,,7.38007,0,0,1,,10000,0,16,supersector32k,page_aware_slots,3,1000000,281676,110617,500000.0,0.0,0.0,0.0,0.0,345.903,500000.0,0.0,345.903,7374.33,1416818.688,595.749,110617,measure-dynamic-search,7363.337,0.0,0.0,7736.51,355.0,500000.0,0.0,355.0,7726.0,1454080.0,8087.995,4096,measure-dynamic-search,4096,1000000,16,1000,281676,135.500072,1004,281676,/mnt/nvme1n1/PipeANN-github/build_reviewed_20260602_querycache/tests/dynamic_update_suite_driver --mode measure-dynamic-search --source-prefix /mnt/nvme1n1/PipeANN-supersector32k-work/indexes/phaseC_cycle01_retrain_each_cycle_19d7e0229e_super32k_v3 --jsonl-output /mnt/nvme1n1/PipeANN-github/experiments/v100_querycache_optimized_full_replay_v5_20260601T221943Z/tmp/selected_0017.jsonl --insert-threads 16 --search-threads 1 --merge-threads 16 --build-l 220 --build-r 116 --beamwidth 4 --k 10 --cpu-cap 8 --metric l2 --route prefilter --search-l 300 --data-bin experiments/v100_pq_drift_1m_baseline_20260601T043217Z/data/phaseC_cycle01_live_data_by_tag.bin --base-label-file experiments/v100_pq_drift_1m_baseline_20260601T043217Z/labels/base_labels_1000000.spmat --query-bin /mnt/nvme1n1/PipeANN-github/experiments/r116_suite_pq16_aris_20260520_072453/data/sift_query_1000.bin --truthset-bin experiments/v100_pq_drift_1m_baseline_20260601T043217Z/truth/phaseC_cycle01_range_u50.bin --query-label-file /mnt/nvme1n1/PipeANN-github/experiments/r116_suite_pq16_aris_20260520_072453/labels/query_1000_range_u50.spmat --selector-type range --query-limit 1000,98.47,9.024282932281494,taskset -c 20-27 /mnt/nvme1n1/PipeANN-github/build_reviewed_20260602_querycache/tests/dynamic_update_suite_driver --mode measure-dynamic-search --source-prefix /mnt/nvme1n1/PipeANN-supersector32k-work/indexes/phaseC_cycle01_retrain_each_cycle_19d7e0229e_super32k_v3 --jsonl-output /mnt/nvme1n1/PipeANN-github/experiments/v100_querycache_optimized_full_replay_v5_20260601T221943Z/tmp/selected_0017.jsonl --insert-threads 16 --search-threads 1 --merge-threads 16 --build-l 220 --build-r 116 --beamwidth 4 --k 10 --cpu-cap 8 --metric l2 --route prefilter --search-l 300 --data-bin experiments/v100_pq_drift_1m_baseline_20260601T043217Z/data/phaseC_cycle01_live_data_by_tag.bin --base-label-file experiments/v100_pq_drift_1m_baseline_20260601T043217Z/labels/base_labels_1000000.spmat --query-bin /mnt/nvme1n1/PipeANN-github/experiments/r116_suite_pq16_aris_20260520_072453/data/sift_query_1000.bin --truthset-bin experiments/v100_pq_drift_1m_baseline_20260601T043217Z/truth/phaseC_cycle01_range_u50.bin --query-label-file /mnt/nvme1n1/PipeANN-github/experiments/r116_suite_pq16_aris_20260520_072453/labels/query_1000_range_u50.spmat --selector-type range --query-limit 1000,prefilter,17,257128,280672,300,post_hoc_retuned_fastest_feasible_recall_ge_98,range,/mnt/nvme1n1/PipeANN-supersector32k-work/indexes/phaseC_cycle01_retrain_each_cycle_19d7e0229e_super32k_v3,ok,110617,1,0,/mnt/nvme1n1/PipeANN-github/experiments/v100_pq_drift_1m_baseline_20260601T043217Z/indexes/phaseC_cycle01_retrain_each_cycle,/mnt/nvme1n1/PipeANN-supersector32k-work/indexes/phaseC_cycle01_retrain_each_cycle_19d7e0229e_super32k_v3,retrain_each_cycle,7.38007
mixed,5760.93429,u75,750000.0,400,20-27,8,True,phaseC_cycle01_retrain_each_cycle,,5.761201,0,1000,1,,10000,0,16,supersector32k,page_aware_slots,3,1000000,294736,110617,750000.0,21001.54,0.0,5328.923,0.0,466.193,21001.54,0.0,466.193,5438.626,1909526.528,67.643,110617,measure-dynamic-search,5725.796,26536.0,0.0,6099.197,486.0,26536.0,0.0,486.0,5749.0,1990656.0,6564.305,4096,measure-dynamic-search,4096,1000000,16,0,294736,173.574908,14108,294736,/mnt/nvme1n1/PipeANN-github/build_reviewed_20260602_querycache/tests/dynamic_update_suite_driver --mode measure-dynamic-search --source-prefix /mnt/nvme1n1/PipeANN-supersector32k-work/indexes/phaseC_cycle01_retrain_each_cycle_19d7e0229e_super32k_v3 --jsonl-output /mnt/nvme1n1/PipeANN-github/experiments/v100_querycache_optimized_full_replay_v5_20260601T221943Z/tmp/selected_0018.jsonl --insert-threads 16 --search-threads 1 --merge-threads 16 --build-l 220 --build-r 116 --beamwidth 8 --k 10 --cpu-cap 8 --metric l2 --route graph --search-l 400 --data-bin experiments/v100_pq_drift_1m_baseline_20260601T043217Z/data/phaseC_cycle01_live_data_by_tag.bin --base-label-file experiments/v100_pq_drift_1m_baseline_20260601T043217Z/labels/base_labels_1000000.spmat --query-bin /mnt/nvme1n1/PipeANN-github/experiments/r116_suite_pq16_aris_20260520_072453/data/sift_query_1000.bin --truthset-bin experiments/v100_pq_drift_1m_baseline_20260601T043217Z/truth/phaseC_cycle01_range_u75.bin --query-label-file /mnt/nvme1n1/PipeANN-github/experiments/r116_suite_pq16_aris_20260520_072453/labels/query_1000_range_u75.spmat --selector-type range --query-limit 1000,98.16,7.3988072872161865,taskset -c 20-27 /mnt/nvme1n1/PipeANN-github/build_reviewed_20260602_querycache/tests/dynamic_update_suite_driver --mode measure-dynamic-search --source-prefix /mnt/nvme1n1/PipeANN-supersector32k-work/indexes/phaseC_cycle01_retrain_each_cycle_19d7e0229e_super32k_v3 --jsonl-output /mnt/nvme1n1/PipeANN-github/experiments/v100_querycache_optimized_full_replay_v5_20260601T221943Z/tmp/selected_0018.jsonl --insert-threads 16 --search-threads 1 --merge-threads 16 --build-l 220 --build-r 116 --beamwidth 8 --k 10 --cpu-cap 8 --metric l2 --route graph --search-l 400 --data-bin experiments/v100_pq_drift_1m_baseline_20260601T043217Z/data/phaseC_cycle01_live_data_by_tag.bin --base-label-file experiments/v100_pq_drift_1m_baseline_20260601T043217Z/labels/base_labels_1000000.spmat --query-bin /mnt/nvme1n1/PipeANN-github/experiments/r116_suite_pq16_aris_20260520_072453/data/sift_query_1000.bin --truthset-bin experiments/v100_pq_drift_1m_baseline_20260601T043217Z/truth/phaseC_cycle01_range_u75.bin --query-label-file /mnt/nvme1n1/PipeANN-github/experiments/r116_suite_pq16_aris_20260520_072453/labels/query_1000_range_u75.spmat --selector-type range --query-limit 1000,graph,18,294736,280628,400,querycache_highrisk_beamwidth_8_source_row_18,range,/mnt/nvme1n1/PipeANN-supersector32k-work/indexes/phaseC_cycle01_retrain_each_cycle_19d7e0229e_super32k_v3,ok,110617,1,0,/mnt/nvme1n1/PipeANN-github/experiments/v100_pq_drift_1m_baseline_20260601T043217Z/indexes/phaseC_cycle01_retrain_each_cycle,/mnt/nvme1n1/PipeANN-supersector32k-work/indexes/phaseC_cycle01_retrain_each_cycle_19d7e0229e_super32k_v3,retrain_each_cycle,5.761201
mixed,5674.877423,u100,1000000.0,400,20-27,8,True,phaseC_cycle01_retrain_each_cycle,,5.67518,0,1000,1,,10000,0,16,supersector32k,page_aware_slots,3,1000000,294652,110617,1000000.0,21004.258,0.0,5211.228,0.0,466.242,21004.258,0.0,466.242,5345.797,1909727.232,82.277,110617,measure-dynamic-search,5624.535,26536.0,0.0,6005.98,486.0,26536.0,0.0,486.0,5630.0,1990656.0,6563.357,4096,measure-dynamic-search,4096,1000000,16,0,294652,176.205851,14108,294652,/mnt/nvme1n1/PipeANN-github/build_reviewed_20260602_querycache/tests/dynamic_update_suite_driver --mode measure-dynamic-search --source-prefix /mnt/nvme1n1/PipeANN-supersector32k-work/indexes/phaseC_cycle01_retrain_each_cycle_19d7e0229e_super32k_v3 --jsonl-output /mnt/nvme1n1/PipeANN-github/experiments/v100_querycache_optimized_full_replay_v5_20260601T221943Z/tmp/selected_0019.jsonl --insert-threads 16 --search-threads 1 --merge-threads 16 --build-l 220 --build-r 116 --beamwidth 8 --k 10 --cpu-cap 8 --metric l2 --route graph --search-l 400 --data-bin experiments/v100_pq_drift_1m_baseline_20260601T043217Z/data/phaseC_cycle01_live_data_by_tag.bin --base-label-file experiments/v100_pq_drift_1m_baseline_20260601T043217Z/labels/base_labels_1000000.spmat --query-bin /mnt/nvme1n1/PipeANN-github/experiments/r116_suite_pq16_aris_20260520_072453/data/sift_query_1000.bin --truthset-bin experiments/v100_pq_drift_1m_baseline_20260601T043217Z/truth/phaseC_cycle01_range_u100.bin --query-label-file /mnt/nvme1n1/PipeANN-github/experiments/r116_suite_pq16_aris_20260520_072453/labels/query_1000_range_u100.spmat --selector-type range --query-limit 1000,98.66,7.323886156082153,taskset -c 20-27 /mnt/nvme1n1/PipeANN-github/build_reviewed_20260602_querycache/tests/dynamic_update_suite_driver --mode measure-dynamic-search --source-prefix /mnt/nvme1n1/PipeANN-supersector32k-work/indexes/phaseC_cycle01_retrain_each_cycle_19d7e0229e_super32k_v3 --jsonl-output /mnt/nvme1n1/PipeANN-github/experiments/v100_querycache_optimized_full_replay_v5_20260601T221943Z/tmp/selected_0019.jsonl --insert-threads 16 --search-threads 1 --merge-threads 16 --build-l 220 --build-r 116 --beamwidth 8 --k 10 --cpu-cap 8 --metric l2 --route graph --search-l 400 --data-bin experiments/v100_pq_drift_1m_baseline_20260601T043217Z/data/phaseC_cycle01_live_data_by_tag.bin --base-label-file experiments/v100_pq_drift_1m_baseline_20260601T043217Z/labels/base_labels_1000000.spmat --query-bin /mnt/nvme1n1/PipeANN-github/experiments/r116_suite_pq16_aris_20260520_072453/data/sift_query_1000.bin --truthset-bin experiments/v100_pq_drift_1m_baseline_20260601T043217Z/truth/phaseC_cycle01_range_u100.bin --query-label-file /mnt/nvme1n1/PipeANN-github/experiments/r116_suite_pq16_aris_20260520_072453/labels/query_1000_range_u100.spmat --selector-type range --query-limit 1000,graph,19,294652,280544,400,querycache_highrisk_beamwidth_8_source_row_19,range,/mnt/nvme1n1/PipeANN-supersector32k-work/indexes/phaseC_cycle01_retrain_each_cycle_19d7e0229e_super32k_v3,ok,110617,1,0,/mnt/nvme1n1/PipeANN-github/experiments/v100_pq_drift_1m_baseline_20260601T043217Z/indexes/phaseC_cycle01_retrain_each_cycle,/mnt/nvme1n1/PipeANN-supersector32k-work/indexes/phaseC_cycle01_retrain_each_cycle_19d7e0229e_super32k_v3,retrain_each_cycle,5.67518
prefilter,199.51558,u1e-03,1000.0,50,20-27,8,True,phaseC_cycle01_no_retrain_across_cycles,,0.199654,0,0,1,,10000,0,16,supersector32k,page_aware_slots,3,1000000,285276,98030,1000.0,0.0,0.0,0.0,0.0,112.516,1000.0,0.0,112.516,196.692,460865.536,51.325,98030,measure-dynamic-search,196.174,0.0,0.0,225.878,117.0,1000.0,0.0,117.0,223.0,479232.0,253.682,4096,measure-dynamic-search,4096,1000000,16,1000,285276,5008.672215,984,285276,/mnt/nvme1n1/PipeANN-github/build_reviewed_20260602_querycache/tests/dynamic_update_suite_driver --mode measure-dynamic-search --source-prefix /mnt/nvme1n1/PipeANN-supersector32k-work/indexes/phaseC_cycle01_no_retrain_after_insert_cdee2b1456_super32k_v3 --jsonl-output /mnt/nvme1n1/PipeANN-github/experiments/v100_querycache_optimized_full_replay_v5_20260601T221943Z/tmp/selected_0020.jsonl --insert-threads 16 --search-threads 1 --merge-threads 16 --build-l 220 --build-r 116 --beamwidth 4 --k 10 --cpu-cap 8 --metric l2 --route prefilter --search-l 50 --data-bin experiments/v100_pq_drift_1m_baseline_20260601T043217Z/data/phaseC_cycle01_live_data_by_tag.bin --base-label-file experiments/v100_pq_drift_1m_baseline_20260601T043217Z/labels/base_labels_1000000.spmat --query-bin /mnt/nvme1n1/PipeANN-github/experiments/r116_suite_pq16_aris_20260520_072453/data/sift_query_1000.bin --truthset-bin experiments/v100_pq_drift_1m_baseline_20260601T043217Z/truth/phaseC_cycle01_intersect_u1e-03.bin --query-label-file /mnt/nvme1n1/PipeANN-github/experiments/r116_suite_pq16_aris_20260520_072453/labels/query_1000_u1e-03.spmat --selector-type intersect --query-limit 1000,99.96,2.792012929916382,taskset -c 20-27 /mnt/nvme1n1/PipeANN-github/build_reviewed_20260602_querycache/tests/dynamic_update_suite_driver --mode measure-dynamic-search --source-prefix /mnt/nvme1n1/PipeANN-supersector32k-work/indexes/phaseC_cycle01_no_retrain_after_insert_cdee2b1456_super32k_v3 --jsonl-output /mnt/nvme1n1/PipeANN-github/experiments/v100_querycache_optimized_full_replay_v5_20260601T221943Z/tmp/selected_0020.jsonl --insert-threads 16 --search-threads 1 --merge-threads 16 --build-l 220 --build-r 116 --beamwidth 4 --k 10 --cpu-cap 8 --metric l2 --route prefilter --search-l 50 --data-bin experiments/v100_pq_drift_1m_baseline_20260601T043217Z/data/phaseC_cycle01_live_data_by_tag.bin --base-label-file experiments/v100_pq_drift_1m_baseline_20260601T043217Z/labels/base_labels_1000000.spmat --query-bin /mnt/nvme1n1/PipeANN-github/experiments/r116_suite_pq16_aris_20260520_072453/data/sift_query_1000.bin --truthset-bin experiments/v100_pq_drift_1m_baseline_20260601T043217Z/truth/phaseC_cycle01_intersect_u1e-03.bin --query-label-file /mnt/nvme1n1/PipeANN-github/experiments/r116_suite_pq16_aris_20260520_072453/labels/query_1000_u1e-03.spmat --selector-type intersect --query-limit 1000,prefilter,20,285276,284292,50,post_hoc_retuned_fastest_feasible_recall_ge_98,intersect,/mnt/nvme1n1/PipeANN-supersector32k-work/indexes/phaseC_cycle01_no_retrain_after_insert_cdee2b1456_super32k_v3,ok,98030,1,0,/mnt/nvme1n1/PipeANN-github/experiments/v100_pq_drift_1m_baseline_20260601T043217Z/indexes/phaseC_cycle01_no_retrain_after_insert,/mnt/nvme1n1/PipeANN-supersector32k-work/indexes/phaseC_cycle01_no_retrain_after_insert_cdee2b1456_super32k_v3,no_retrain_across_cycles,0.199654
prefilter,292.757766,u3e-03,3000.0,75,20-27,8,True,phaseC_cycle01_no_retrain_across_cycles,,0.292918,0,0,1,,10000,0,16,supersector32k,page_aware_slots,3,1000000,285692,98030,3000.0,0.0,0.0,0.0,0.0,112.038,3000.0,0.0,112.038,289.7,458907.648,83.261,98030,measure-dynamic-search,288.329,0.0,0.0,328.001,117.0,3000.0,0.0,117.0,324.0,479232.0,351.184,4096,measure-dynamic-search,4096,1000000,16,1000,285428,3413.92228,1112,285428,/mnt/nvme1n1/PipeANN-github/build_reviewed_20260602_querycache/tests/dynamic_update_suite_driver --mode measure-dynamic-search --source-prefix /mnt/nvme1n1/PipeANN-supersector32k-work/indexes/phaseC_cycle01_no_retrain_after_insert_cdee2b1456_super32k_v3 --jsonl-output /mnt/nvme1n1/PipeANN-github/experiments/v100_querycache_optimized_full_replay_v5_20260601T221943Z/tmp/selected_0021.jsonl --insert-threads 16 --search-threads 1 --merge-threads 16 --build-l 220 --build-r 116 --beamwidth 4 --k 10 --cpu-cap 8 --metric l2 --route prefilter --search-l 75 --data-bin experiments/v100_pq_drift_1m_baseline_20260601T043217Z/data/phaseC_cycle01_live_data_by_tag.bin --base-label-file experiments/v100_pq_drift_1m_baseline_20260601T043217Z/labels/base_labels_1000000.spmat --query-bin /mnt/nvme1n1/PipeANN-github/experiments/r116_suite_pq16_aris_20260520_072453/data/sift_query_1000.bin --truthset-bin experiments/v100_pq_drift_1m_baseline_20260601T043217Z/truth/phaseC_cycle01_intersect_u3e-03.bin --query-label-file /mnt/nvme1n1/PipeANN-github/experiments/r116_suite_pq16_aris_20260520_072453/labels/query_1000_u3e-03.spmat --selector-type intersect --query-limit 1000,99.69,2.326324462890625,taskset -c 20-27 /mnt/nvme1n1/PipeANN-github/build_reviewed_20260602_querycache/tests/dynamic_update_suite_driver --mode measure-dynamic-search --source-prefix /mnt/nvme1n1/PipeANN-supersector32k-work/indexes/phaseC_cycle01_no_retrain_after_insert_cdee2b1456_super32k_v3 --jsonl-output /mnt/nvme1n1/PipeANN-github/experiments/v100_querycache_optimized_full_replay_v5_20260601T221943Z/tmp/selected_0021.jsonl --insert-threads 16 --search-threads 1 --merge-threads 16 --build-l 220 --build-r 116 --beamwidth 4 --k 10 --cpu-cap 8 --metric l2 --route prefilter --search-l 75 --data-bin experiments/v100_pq_drift_1m_baseline_20260601T043217Z/data/phaseC_cycle01_live_data_by_tag.bin --base-label-file experiments/v100_pq_drift_1m_baseline_20260601T043217Z/labels/base_labels_1000000.spmat --query-bin /mnt/nvme1n1/PipeANN-github/experiments/r116_suite_pq16_aris_20260520_072453/data/sift_query_1000.bin --truthset-bin experiments/v100_pq_drift_1m_baseline_20260601T043217Z/truth/phaseC_cycle01_intersect_u3e-03.bin --query-label-file /mnt/nvme1n1/PipeANN-github/experiments/r116_suite_pq16_aris_20260520_072453/labels/query_1000_u3e-03.spmat --selector-type intersect --query-limit 1000,prefilter,21,285428,284316,75,post_hoc_retuned_fastest_feasible_recall_ge_98,intersect,/mnt/nvme1n1/PipeANN-supersector32k-work/indexes/phaseC_cycle01_no_retrain_after_insert_cdee2b1456_super32k_v3,ok,98030,1,0,/mnt/nvme1n1/PipeANN-github/experiments/v100_pq_drift_1m_baseline_20260601T043217Z/indexes/phaseC_cycle01_no_retrain_after_insert,/mnt/nvme1n1/PipeANN-supersector32k-work/indexes/phaseC_cycle01_no_retrain_after_insert_cdee2b1456_super32k_v3,no_retrain_across_cycles,0.292918
prefilter,583.489705,u1e-02,10000.0,75,20-27,8,True,phaseC_cycle01_no_retrain_across_cycles,,0.583667,0,0,1,,10000,0,16,supersector32k,page_aware_slots,3,1000000,285772,98030,10000.0,0.0,0.0,0.0,0.0,148.637,10000.0,0.0,148.637,580.121,608817.152,165.768,98030,measure-dynamic-search,575.996,0.0,0.0,647.428,155.0,10000.0,0.0,155.0,644.0,634880.0,687.198,4096,measure-dynamic-search,4096,1000000,16,1000,285508,1713.304961,1052,285508,/mnt/nvme1n1/PipeANN-github/build_reviewed_20260602_querycache/tests/dynamic_update_suite_driver --mode measure-dynamic-search --source-prefix /mnt/nvme1n1/PipeANN-supersector32k-work/indexes/phaseC_cycle01_no_retrain_after_insert_cdee2b1456_super32k_v3 --jsonl-output /mnt/nvme1n1/PipeANN-github/experiments/v100_querycache_optimized_full_replay_v5_20260601T221943Z/tmp/selected_0022.jsonl --insert-threads 16 --search-threads 1 --merge-threads 16 --build-l 220 --build-r 116 --beamwidth 4 --k 10 --cpu-cap 8 --metric l2 --route prefilter --search-l 75 --data-bin experiments/v100_pq_drift_1m_baseline_20260601T043217Z/data/phaseC_cycle01_live_data_by_tag.bin --base-label-file experiments/v100_pq_drift_1m_baseline_20260601T043217Z/labels/base_labels_1000000.spmat --query-bin /mnt/nvme1n1/PipeANN-github/experiments/r116_suite_pq16_aris_20260520_072453/data/sift_query_1000.bin --truthset-bin experiments/v100_pq_drift_1m_baseline_20260601T043217Z/truth/phaseC_cycle01_intersect_u1e-02.bin --query-label-file /mnt/nvme1n1/PipeANN-github/experiments/r116_suite_pq16_aris_20260520_072453/labels/query_1000_u1e-02.spmat --selector-type intersect --query-limit 1000,99.64,2.6059012413024902,taskset -c 20-27 /mnt/nvme1n1/PipeANN-github/build_reviewed_20260602_querycache/tests/dynamic_update_suite_driver --mode measure-dynamic-search --source-prefix /mnt/nvme1n1/PipeANN-supersector32k-work/indexes/phaseC_cycle01_no_retrain_after_insert_cdee2b1456_super32k_v3 --jsonl-output /mnt/nvme1n1/PipeANN-github/experiments/v100_querycache_optimized_full_replay_v5_20260601T221943Z/tmp/selected_0022.jsonl --insert-threads 16 --search-threads 1 --merge-threads 16 --build-l 220 --build-r 116 --beamwidth 4 --k 10 --cpu-cap 8 --metric l2 --route prefilter --search-l 75 --data-bin experiments/v100_pq_drift_1m_baseline_20260601T043217Z/data/phaseC_cycle01_live_data_by_tag.bin --base-label-file experiments/v100_pq_drift_1m_baseline_20260601T043217Z/labels/base_labels_1000000.spmat --query-bin /mnt/nvme1n1/PipeANN-github/experiments/r116_suite_pq16_aris_20260520_072453/data/sift_query_1000.bin --truthset-bin experiments/v100_pq_drift_1m_baseline_20260601T043217Z/truth/phaseC_cycle01_intersect_u1e-02.bin --query-label-file /mnt/nvme1n1/PipeANN-github/experiments/r116_suite_pq16_aris_20260520_072453/labels/query_1000_u1e-02.spmat --selector-type intersect --query-limit 1000,prefilter,22,285508,284456,75,post_hoc_retuned_fastest_feasible_recall_ge_98,intersect,/mnt/nvme1n1/PipeANN-supersector32k-work/indexes/phaseC_cycle01_no_retrain_after_insert_cdee2b1456_super32k_v3,ok,98030,1,0,/mnt/nvme1n1/PipeANN-github/experiments/v100_pq_drift_1m_baseline_20260601T043217Z/indexes/phaseC_cycle01_no_retrain_after_insert,/mnt/nvme1n1/PipeANN-supersector32k-work/indexes/phaseC_cycle01_no_retrain_after_insert_cdee2b1456_super32k_v3,no_retrain_across_cycles,0.583667
prefilter,1473.742503,u5e-02,50000.0,100,20-27,8,True,phaseC_cycle01_no_retrain_across_cycles,,1.473935,0,0,1,,10000,0,16,supersector32k,page_aware_slots,3,1000000,285768,98030,50000.0,0.0,0.0,0.0,0.0,184.734,50000.0,0.0,184.734,1470.289,756670.464,261.647,98030,measure-dynamic-search,1464.351,0.0,0.0,1556.344,192.0,50000.0,0.0,192.0,1553.0,786432.0,1629.354,4096,measure-dynamic-search,4096,1000000,16,1000,285768,678.456091,1440,285768,/mnt/nvme1n1/PipeANN-github/build_reviewed_20260602_querycache/tests/dynamic_update_suite_driver --mode measure-dynamic-search --source-prefix /mnt/nvme1n1/PipeANN-supersector32k-work/indexes/phaseC_cycle01_no_retrain_after_insert_cdee2b1456_super32k_v3 --jsonl-output /mnt/nvme1n1/PipeANN-github/experiments/v100_querycache_optimized_full_replay_v5_20260601T221943Z/tmp/selected_0023.jsonl --insert-threads 16 --search-threads 1 --merge-threads 16 --build-l 220 --build-r 116 --beamwidth 4 --k 10 --cpu-cap 8 --metric l2 --route prefilter --search-l 100 --data-bin experiments/v100_pq_drift_1m_baseline_20260601T043217Z/data/phaseC_cycle01_live_data_by_tag.bin --base-label-file experiments/v100_pq_drift_1m_baseline_20260601T043217Z/labels/base_labels_1000000.spmat --query-bin /mnt/nvme1n1/PipeANN-github/experiments/r116_suite_pq16_aris_20260520_072453/data/sift_query_1000.bin --truthset-bin experiments/v100_pq_drift_1m_baseline_20260601T043217Z/truth/phaseC_cycle01_intersect_u5e-02.bin --query-label-file /mnt/nvme1n1/PipeANN-github/experiments/r116_suite_pq16_aris_20260520_072453/labels/query_1000_u5e-02.spmat --selector-type intersect --query-limit 1000,99.44,3.541123390197754,taskset -c 20-27 /mnt/nvme1n1/PipeANN-github/build_reviewed_20260602_querycache/tests/dynamic_update_suite_driver --mode measure-dynamic-search --source-prefix /mnt/nvme1n1/PipeANN-supersector32k-work/indexes/phaseC_cycle01_no_retrain_after_insert_cdee2b1456_super32k_v3 --jsonl-output /mnt/nvme1n1/PipeANN-github/experiments/v100_querycache_optimized_full_replay_v5_20260601T221943Z/tmp/selected_0023.jsonl --insert-threads 16 --search-threads 1 --merge-threads 16 --build-l 220 --build-r 116 --beamwidth 4 --k 10 --cpu-cap 8 --metric l2 --route prefilter --search-l 100 --data-bin experiments/v100_pq_drift_1m_baseline_20260601T043217Z/data/phaseC_cycle01_live_data_by_tag.bin --base-label-file experiments/v100_pq_drift_1m_baseline_20260601T043217Z/labels/base_labels_1000000.spmat --query-bin /mnt/nvme1n1/PipeANN-github/experiments/r116_suite_pq16_aris_20260520_072453/data/sift_query_1000.bin --truthset-bin experiments/v100_pq_drift_1m_baseline_20260601T043217Z/truth/phaseC_cycle01_intersect_u5e-02.bin --query-label-file /mnt/nvme1n1/PipeANN-github/experiments/r116_suite_pq16_aris_20260520_072453/labels/query_1000_u5e-02.spmat --selector-type intersect --query-limit 1000,prefilter,23,285768,284328,100,post_hoc_retuned_fastest_feasible_recall_ge_98,intersect,/mnt/nvme1n1/PipeANN-supersector32k-work/indexes/phaseC_cycle01_no_retrain_after_insert_cdee2b1456_super32k_v3,ok,98030,1,0,/mnt/nvme1n1/PipeANN-github/experiments/v100_pq_drift_1m_baseline_20260601T043217Z/indexes/phaseC_cycle01_no_retrain_after_insert,/mnt/nvme1n1/PipeANN-supersector32k-work/indexes/phaseC_cycle01_no_retrain_after_insert_cdee2b1456_super32k_v3,no_retrain_across_cycles,1.473935
prefilter,2237.998354,u1e-01,100000.0,150,20-27,8,True,phaseC_cycle01_no_retrain_across_cycles,,2.238454,0,0,1,,10000,0,16,supersector32k,page_aware_slots,3,1000000,287744,98030,100000.0,0.0,0.0,0.0,0.0,184.69,100000.0,0.0,184.69,2233.965,756490.24,287.165,98030,measure-dynamic-search,2208.589,0.0,0.0,2390.779,192.0,100000.0,0.0,192.0,2387.0,786432.0,2840.371,4096,measure-dynamic-search,4096,1000000,16,1000,287744,446.73691,1188,287744,/mnt/nvme1n1/PipeANN-github/build_reviewed_20260602_querycache/tests/dynamic_update_suite_driver --mode measure-dynamic-search --source-prefix /mnt/nvme1n1/PipeANN-supersector32k-work/indexes/phaseC_cycle01_no_retrain_after_insert_cdee2b1456_super32k_v3 --jsonl-output /mnt/nvme1n1/PipeANN-github/experiments/v100_querycache_optimized_full_replay_v5_20260601T221943Z/tmp/selected_0024.jsonl --insert-threads 16 --search-threads 1 --merge-threads 16 --build-l 220 --build-r 116 --beamwidth 4 --k 10 --cpu-cap 8 --metric l2 --route prefilter --search-l 150 --data-bin experiments/v100_pq_drift_1m_baseline_20260601T043217Z/data/phaseC_cycle01_live_data_by_tag.bin --base-label-file experiments/v100_pq_drift_1m_baseline_20260601T043217Z/labels/base_labels_1000000.spmat --query-bin /mnt/nvme1n1/PipeANN-github/experiments/r116_suite_pq16_aris_20260520_072453/data/sift_query_1000.bin --truthset-bin experiments/v100_pq_drift_1m_baseline_20260601T043217Z/truth/phaseC_cycle01_intersect_u1e-01.bin --query-label-file /mnt/nvme1n1/PipeANN-github/experiments/r116_suite_pq16_aris_20260520_072453/labels/query_1000_u1e-01.spmat --selector-type intersect --query-limit 1000,98.23,4.508251667022705,taskset -c 20-27 /mnt/nvme1n1/PipeANN-github/build_reviewed_20260602_querycache/tests/dynamic_update_suite_driver --mode measure-dynamic-search --source-prefix /mnt/nvme1n1/PipeANN-supersector32k-work/indexes/phaseC_cycle01_no_retrain_after_insert_cdee2b1456_super32k_v3 --jsonl-output /mnt/nvme1n1/PipeANN-github/experiments/v100_querycache_optimized_full_replay_v5_20260601T221943Z/tmp/selected_0024.jsonl --insert-threads 16 --search-threads 1 --merge-threads 16 --build-l 220 --build-r 116 --beamwidth 4 --k 10 --cpu-cap 8 --metric l2 --route prefilter --search-l 150 --data-bin experiments/v100_pq_drift_1m_baseline_20260601T043217Z/data/phaseC_cycle01_live_data_by_tag.bin --base-label-file experiments/v100_pq_drift_1m_baseline_20260601T043217Z/labels/base_labels_1000000.spmat --query-bin /mnt/nvme1n1/PipeANN-github/experiments/r116_suite_pq16_aris_20260520_072453/data/sift_query_1000.bin --truthset-bin experiments/v100_pq_drift_1m_baseline_20260601T043217Z/truth/phaseC_cycle01_intersect_u1e-01.bin --query-label-file /mnt/nvme1n1/PipeANN-github/experiments/r116_suite_pq16_aris_20260520_072453/labels/query_1000_u1e-01.spmat --selector-type intersect --query-limit 1000,prefilter,24,287744,286556,150,post_hoc_retuned_fastest_feasible_recall_ge_98,intersect,/mnt/nvme1n1/PipeANN-supersector32k-work/indexes/phaseC_cycle01_no_retrain_after_insert_cdee2b1456_super32k_v3,ok,98030,1,0,/mnt/nvme1n1/PipeANN-github/experiments/v100_pq_drift_1m_baseline_20260601T043217Z/indexes/phaseC_cycle01_no_retrain_after_insert,/mnt/nvme1n1/PipeANN-supersector32k-work/indexes/phaseC_cycle01_no_retrain_after_insert_cdee2b1456_super32k_v3,no_retrain_across_cycles,2.238454
prefilter,4231.606277,u25,250000.0,250,20-27,8,True,phaseC_cycle01_no_retrain_across_cycles,,4.23191,0,0,1,,10000,0,16,supersector32k,page_aware_slots,3,1000000,285764,98030,250000.0,0.0,0.0,0.0,0.0,288.426,250000.0,0.0,288.426,4227.58,1181392.896,404.249,98030,measure-dynamic-search,4217.052,0.0,0.0,4425.69,298.0,250000.0,0.0,298.0,4421.0,1220608.0,4681.587,4096,measure-dynamic-search,4096,1000000,16,1000,285764,236.299949,1440,285764,/mnt/nvme1n1/PipeANN-github/build_reviewed_20260602_querycache/tests/dynamic_update_suite_driver --mode measure-dynamic-search --source-prefix /mnt/nvme1n1/PipeANN-supersector32k-work/indexes/phaseC_cycle01_no_retrain_after_insert_cdee2b1456_super32k_v3 --jsonl-output /mnt/nvme1n1/PipeANN-github/experiments/v100_querycache_optimized_full_replay_v5_20260601T221943Z/tmp/selected_0025.jsonl --insert-threads 16 --search-threads 1 --merge-threads 16 --build-l 220 --build-r 116 --beamwidth 4 --k 10 --cpu-cap 8 --metric l2 --route prefilter --search-l 250 --data-bin experiments/v100_pq_drift_1m_baseline_20260601T043217Z/data/phaseC_cycle01_live_data_by_tag.bin --base-label-file experiments/v100_pq_drift_1m_baseline_20260601T043217Z/labels/base_labels_1000000.spmat --query-bin /mnt/nvme1n1/PipeANN-github/experiments/r116_suite_pq16_aris_20260520_072453/data/sift_query_1000.bin --truthset-bin experiments/v100_pq_drift_1m_baseline_20260601T043217Z/truth/phaseC_cycle01_intersect_u25.bin --query-label-file /mnt/nvme1n1/PipeANN-github/experiments/r116_suite_pq16_aris_20260520_072453/labels/query_1000_u25.spmat --selector-type intersect --query-limit 1000,98.65,6.358727216720581,taskset -c 20-27 /mnt/nvme1n1/PipeANN-github/build_reviewed_20260602_querycache/tests/dynamic_update_suite_driver --mode measure-dynamic-search --source-prefix /mnt/nvme1n1/PipeANN-supersector32k-work/indexes/phaseC_cycle01_no_retrain_after_insert_cdee2b1456_super32k_v3 --jsonl-output /mnt/nvme1n1/PipeANN-github/experiments/v100_querycache_optimized_full_replay_v5_20260601T221943Z/tmp/selected_0025.jsonl --insert-threads 16 --search-threads 1 --merge-threads 16 --build-l 220 --build-r 116 --beamwidth 4 --k 10 --cpu-cap 8 --metric l2 --route prefilter --search-l 250 --data-bin experiments/v100_pq_drift_1m_baseline_20260601T043217Z/data/phaseC_cycle01_live_data_by_tag.bin --base-label-file experiments/v100_pq_drift_1m_baseline_20260601T043217Z/labels/base_labels_1000000.spmat --query-bin /mnt/nvme1n1/PipeANN-github/experiments/r116_suite_pq16_aris_20260520_072453/data/sift_query_1000.bin --truthset-bin experiments/v100_pq_drift_1m_baseline_20260601T043217Z/truth/phaseC_cycle01_intersect_u25.bin --query-label-file /mnt/nvme1n1/PipeANN-github/experiments/r116_suite_pq16_aris_20260520_072453/labels/query_1000_u25.spmat --selector-type intersect --query-limit 1000,prefilter,25,285764,284324,250,post_hoc_retuned_fastest_feasible_recall_ge_98,intersect,/mnt/nvme1n1/PipeANN-supersector32k-work/indexes/phaseC_cycle01_no_retrain_after_insert_cdee2b1456_super32k_v3,ok,98030,1,0,/mnt/nvme1n1/PipeANN-github/experiments/v100_pq_drift_1m_baseline_20260601T043217Z/indexes/phaseC_cycle01_no_retrain_after_insert,/mnt/nvme1n1/PipeANN-supersector32k-work/indexes/phaseC_cycle01_no_retrain_after_insert_cdee2b1456_super32k_v3,no_retrain_across_cycles,4.23191
prefilter,4855.495174,u30,300000.0,250,20-27,8,True,phaseC_cycle01_no_retrain_across_cycles,,4.855871,0,0,1,,10000,0,16,supersector32k,page_aware_slots,3,1000000,285708,98030,300000.0,0.0,0.0,0.0,0.0,288.355,300000.0,0.0,288.355,4851.328,1181102.08,443.531,98030,measure-dynamic-search,4844.431,0.0,0.0,5054.313,297.0,300000.0,0.0,297.0,5050.0,1216512.0,5279.518,4096,measure-dynamic-search,4096,1000000,16,1000,285708,205.936273,1312,285708,/mnt/nvme1n1/PipeANN-github/build_reviewed_20260602_querycache/tests/dynamic_update_suite_driver --mode measure-dynamic-search --source-prefix /mnt/nvme1n1/PipeANN-supersector32k-work/indexes/phaseC_cycle01_no_retrain_after_insert_cdee2b1456_super32k_v3 --jsonl-output /mnt/nvme1n1/PipeANN-github/experiments/v100_querycache_optimized_full_replay_v5_20260601T221943Z/tmp/selected_0026.jsonl --insert-threads 16 --search-threads 1 --merge-threads 16 --build-l 220 --build-r 116 --beamwidth 4 --k 10 --cpu-cap 8 --metric l2 --route prefilter --search-l 250 --data-bin experiments/v100_pq_drift_1m_baseline_20260601T043217Z/data/phaseC_cycle01_live_data_by_tag.bin --base-label-file experiments/v100_pq_drift_1m_baseline_20260601T043217Z/labels/base_labels_1000000.spmat --query-bin /mnt/nvme1n1/PipeANN-github/experiments/r116_suite_pq16_aris_20260520_072453/data/sift_query_1000.bin --truthset-bin experiments/v100_pq_drift_1m_baseline_20260601T043217Z/truth/phaseC_cycle01_intersect_u30.bin --query-label-file /mnt/nvme1n1/PipeANN-github/experiments/r116_suite_pq16_aris_20260520_072453/labels/query_1000_u30.spmat --selector-type intersect --query-limit 1000,98.32,6.99885368347168,taskset -c 20-27 /mnt/nvme1n1/PipeANN-github/build_reviewed_20260602_querycache/tests/dynamic_update_suite_driver --mode measure-dynamic-search --source-prefix /mnt/nvme1n1/PipeANN-supersector32k-work/indexes/phaseC_cycle01_no_retrain_after_insert_cdee2b1456_super32k_v3 --jsonl-output /mnt/nvme1n1/PipeANN-github/experiments/v100_querycache_optimized_full_replay_v5_20260601T221943Z/tmp/selected_0026.jsonl --insert-threads 16 --search-threads 1 --merge-threads 16 --build-l 220 --build-r 116 --beamwidth 4 --k 10 --cpu-cap 8 --metric l2 --route prefilter --search-l 250 --data-bin experiments/v100_pq_drift_1m_baseline_20260601T043217Z/data/phaseC_cycle01_live_data_by_tag.bin --base-label-file experiments/v100_pq_drift_1m_baseline_20260601T043217Z/labels/base_labels_1000000.spmat --query-bin /mnt/nvme1n1/PipeANN-github/experiments/r116_suite_pq16_aris_20260520_072453/data/sift_query_1000.bin --truthset-bin experiments/v100_pq_drift_1m_baseline_20260601T043217Z/truth/phaseC_cycle01_intersect_u30.bin --query-label-file /mnt/nvme1n1/PipeANN-github/experiments/r116_suite_pq16_aris_20260520_072453/labels/query_1000_u30.spmat --selector-type intersect --query-limit 1000,prefilter,26,285708,284396,250,post_hoc_retuned_fastest_feasible_recall_ge_98,intersect,/mnt/nvme1n1/PipeANN-supersector32k-work/indexes/phaseC_cycle01_no_retrain_after_insert_cdee2b1456_super32k_v3,ok,98030,1,0,/mnt/nvme1n1/PipeANN-github/experiments/v100_pq_drift_1m_baseline_20260601T043217Z/indexes/phaseC_cycle01_no_retrain_after_insert,/mnt/nvme1n1/PipeANN-supersector32k-work/indexes/phaseC_cycle01_no_retrain_after_insert_cdee2b1456_super32k_v3,no_retrain_across_cycles,4.855871
prefilter,7545.599108,u50,500000.0,300,20-27,8,True,phaseC_cycle01_no_retrain_across_cycles,,7.545971,0,0,1,,10000,0,16,supersector32k,page_aware_slots,3,1000000,287664,98030,500000.0,0.0,0.0,0.0,0.0,346.13,500000.0,0.0,346.13,7541.18,1417748.48,614.838,98030,measure-dynamic-search,7506.286,0.0,0.0,7858.547,357.0,500000.0,0.0,357.0,7854.0,1462272.0,8463.209,4096,measure-dynamic-search,4096,1000000,16,1000,287664,132.521048,1308,287664,/mnt/nvme1n1/PipeANN-github/build_reviewed_20260602_querycache/tests/dynamic_update_suite_driver --mode measure-dynamic-search --source-prefix /mnt/nvme1n1/PipeANN-supersector32k-work/indexes/phaseC_cycle01_no_retrain_after_insert_cdee2b1456_super32k_v3 --jsonl-output /mnt/nvme1n1/PipeANN-github/experiments/v100_querycache_optimized_full_replay_v5_20260601T221943Z/tmp/selected_0027.jsonl --insert-threads 16 --search-threads 1 --merge-threads 16 --build-l 220 --build-r 116 --beamwidth 4 --k 10 --cpu-cap 8 --metric l2 --route prefilter --search-l 300 --data-bin experiments/v100_pq_drift_1m_baseline_20260601T043217Z/data/phaseC_cycle01_live_data_by_tag.bin --base-label-file experiments/v100_pq_drift_1m_baseline_20260601T043217Z/labels/base_labels_1000000.spmat --query-bin /mnt/nvme1n1/PipeANN-github/experiments/r116_suite_pq16_aris_20260520_072453/data/sift_query_1000.bin --truthset-bin experiments/v100_pq_drift_1m_baseline_20260601T043217Z/truth/phaseC_cycle01_intersect_u50.bin --query-label-file /mnt/nvme1n1/PipeANN-github/experiments/r116_suite_pq16_aris_20260520_072453/labels/query_1000_u50.spmat --selector-type intersect --query-limit 1000,98.48,9.645983934402466,taskset -c 20-27 /mnt/nvme1n1/PipeANN-github/build_reviewed_20260602_querycache/tests/dynamic_update_suite_driver --mode measure-dynamic-search --source-prefix /mnt/nvme1n1/PipeANN-supersector32k-work/indexes/phaseC_cycle01_no_retrain_after_insert_cdee2b1456_super32k_v3 --jsonl-output /mnt/nvme1n1/PipeANN-github/experiments/v100_querycache_optimized_full_replay_v5_20260601T221943Z/tmp/selected_0027.jsonl --insert-threads 16 --search-threads 1 --merge-threads 16 --build-l 220 --build-r 116 --beamwidth 4 --k 10 --cpu-cap 8 --metric l2 --route prefilter --search-l 300 --data-bin experiments/v100_pq_drift_1m_baseline_20260601T043217Z/data/phaseC_cycle01_live_data_by_tag.bin --base-label-file experiments/v100_pq_drift_1m_baseline_20260601T043217Z/labels/base_labels_1000000.spmat --query-bin /mnt/nvme1n1/PipeANN-github/experiments/r116_suite_pq16_aris_20260520_072453/data/sift_query_1000.bin --truthset-bin experiments/v100_pq_drift_1m_baseline_20260601T043217Z/truth/phaseC_cycle01_intersect_u50.bin --query-label-file /mnt/nvme1n1/PipeANN-github/experiments/r116_suite_pq16_aris_20260520_072453/labels/query_1000_u50.spmat --selector-type intersect --query-limit 1000,prefilter,27,287664,286356,300,post_hoc_retuned_fastest_feasible_recall_ge_98,intersect,/mnt/nvme1n1/PipeANN-supersector32k-work/indexes/phaseC_cycle01_no_retrain_after_insert_cdee2b1456_super32k_v3,ok,98030,1,0,/mnt/nvme1n1/PipeANN-github/experiments/v100_pq_drift_1m_baseline_20260601T043217Z/indexes/phaseC_cycle01_no_retrain_after_insert,/mnt/nvme1n1/PipeANN-supersector32k-work/indexes/phaseC_cycle01_no_retrain_after_insert_cdee2b1456_super32k_v3,no_retrain_across_cycles,7.545971
graph,6200.422543,u75,750000.0,450,20-27,8,True,phaseC_cycle01_no_retrain_across_cycles,,6.200736,0,0,1,,10000,1000,16,supersector32k,page_aware_slots,3,1000000,300152,98030,750000.0,19833.136,0.0,5788.658,0.0,527.63,19833.136,0.0,527.63,5876.933,2161172.48,24.362,98030,measure-dynamic-search,6167.082,25286.0,0.0,6527.369,548.0,25286.0,0.0,548.0,6237.0,2244608.0,7012.734,4096,measure-dynamic-search,4096,1000000,16,0,300152,161.271189,15864,300152,/mnt/nvme1n1/PipeANN-github/build_reviewed_20260602_querycache/tests/dynamic_update_suite_driver --mode measure-dynamic-search --source-prefix /mnt/nvme1n1/PipeANN-supersector32k-work/indexes/phaseC_cycle01_no_retrain_after_insert_cdee2b1456_super32k_v3 --jsonl-output /mnt/nvme1n1/PipeANN-github/experiments/v100_querycache_optimized_full_replay_v5_20260601T221943Z/tmp/selected_0028.jsonl --insert-threads 16 --search-threads 1 --merge-threads 16 --build-l 220 --build-r 116 --beamwidth 8 --k 10 --cpu-cap 8 --metric l2 --route graph --search-l 450 --data-bin experiments/v100_pq_drift_1m_baseline_20260601T043217Z/data/phaseC_cycle01_live_data_by_tag.bin --base-label-file experiments/v100_pq_drift_1m_baseline_20260601T043217Z/labels/base_labels_1000000.spmat --query-bin /mnt/nvme1n1/PipeANN-github/experiments/r116_suite_pq16_aris_20260520_072453/data/sift_query_1000.bin --truthset-bin experiments/v100_pq_drift_1m_baseline_20260601T043217Z/truth/phaseC_cycle01_intersect_u75.bin --query-label-file /mnt/nvme1n1/PipeANN-github/experiments/r116_suite_pq16_aris_20260520_072453/labels/query_1000_u75.spmat --selector-type intersect --query-limit 1000,98.36,8.269742250442505,taskset -c 20-27 /mnt/nvme1n1/PipeANN-github/build_reviewed_20260602_querycache/tests/dynamic_update_suite_driver --mode measure-dynamic-search --source-prefix /mnt/nvme1n1/PipeANN-supersector32k-work/indexes/phaseC_cycle01_no_retrain_after_insert_cdee2b1456_super32k_v3 --jsonl-output /mnt/nvme1n1/PipeANN-github/experiments/v100_querycache_optimized_full_replay_v5_20260601T221943Z/tmp/selected_0028.jsonl --insert-threads 16 --search-threads 1 --merge-threads 16 --build-l 220 --build-r 116 --beamwidth 8 --k 10 --cpu-cap 8 --metric l2 --route graph --search-l 450 --data-bin experiments/v100_pq_drift_1m_baseline_20260601T043217Z/data/phaseC_cycle01_live_data_by_tag.bin --base-label-file experiments/v100_pq_drift_1m_baseline_20260601T043217Z/labels/base_labels_1000000.spmat --query-bin /mnt/nvme1n1/PipeANN-github/experiments/r116_suite_pq16_aris_20260520_072453/data/sift_query_1000.bin --truthset-bin experiments/v100_pq_drift_1m_baseline_20260601T043217Z/truth/phaseC_cycle01_intersect_u75.bin --query-label-file /mnt/nvme1n1/PipeANN-github/experiments/r116_suite_pq16_aris_20260520_072453/labels/query_1000_u75.spmat --selector-type intersect --query-limit 1000,graph,28,300152,284288,450,querycache_plus_super32k_beamwidth_8_source_row_28,intersect,/mnt/nvme1n1/PipeANN-supersector32k-work/indexes/phaseC_cycle01_no_retrain_after_insert_cdee2b1456_super32k_v3,ok,98030,1,0,/mnt/nvme1n1/PipeANN-github/experiments/v100_pq_drift_1m_baseline_20260601T043217Z/indexes/phaseC_cycle01_no_retrain_after_insert,/mnt/nvme1n1/PipeANN-supersector32k-work/indexes/phaseC_cycle01_no_retrain_after_insert_cdee2b1456_super32k_v3,no_retrain_across_cycles,6.200736
graph,6201.34419,u100,1000000.0,400,20-27,8,True,phaseC_cycle01_no_retrain_across_cycles,,6.20161,0,0,1,,10000,1000,16,supersector32k,page_aware_slots,3,1000000,297084,98030,1000000.0,18234.651,0.0,5819.748,0.0,471.435,18234.651,0.0,471.435,5903.049,1930997.76,18.743,98030,measure-dynamic-search,5670.672,23167.0,0.0,6118.239,492.0,23167.0,0.0,492.0,5818.0,2015232.0,7053.816,4096,measure-dynamic-search,4096,1000000,16,0,297084,161.248454,12740,297084,/mnt/nvme1n1/PipeANN-github/build_reviewed_20260602_querycache/tests/dynamic_update_suite_driver --mode measure-dynamic-search --source-prefix /mnt/nvme1n1/PipeANN-supersector32k-work/indexes/phaseC_cycle01_no_retrain_after_insert_cdee2b1456_super32k_v3 --jsonl-output /mnt/nvme1n1/PipeANN-github/experiments/v100_querycache_optimized_full_replay_v5_20260601T221943Z/tmp/selected_0029.jsonl --insert-threads 16 --search-threads 1 --merge-threads 16 --build-l 220 --build-r 116 --beamwidth 8 --k 10 --cpu-cap 8 --metric l2 --route graph --search-l 400 --data-bin experiments/v100_pq_drift_1m_baseline_20260601T043217Z/data/phaseC_cycle01_live_data_by_tag.bin --base-label-file experiments/v100_pq_drift_1m_baseline_20260601T043217Z/labels/base_labels_1000000.spmat --query-bin /mnt/nvme1n1/PipeANN-github/experiments/r116_suite_pq16_aris_20260520_072453/data/sift_query_1000.bin --truthset-bin experiments/v100_pq_drift_1m_baseline_20260601T043217Z/truth/phaseC_cycle01_intersect_u100.bin --query-label-file /mnt/nvme1n1/PipeANN-github/experiments/r116_suite_pq16_aris_20260520_072453/labels/query_1000_u100.spmat --selector-type intersect --query-limit 1000,98.41,8.438396453857422,taskset -c 20-27 /mnt/nvme1n1/PipeANN-github/build_reviewed_20260602_querycache/tests/dynamic_update_suite_driver --mode measure-dynamic-search --source-prefix /mnt/nvme1n1/PipeANN-supersector32k-work/indexes/phaseC_cycle01_no_retrain_after_insert_cdee2b1456_super32k_v3 --jsonl-output /mnt/nvme1n1/PipeANN-github/experiments/v100_querycache_optimized_full_replay_v5_20260601T221943Z/tmp/selected_0029.jsonl --insert-threads 16 --search-threads 1 --merge-threads 16 --build-l 220 --build-r 116 --beamwidth 8 --k 10 --cpu-cap 8 --metric l2 --route graph --search-l 400 --data-bin experiments/v100_pq_drift_1m_baseline_20260601T043217Z/data/phaseC_cycle01_live_data_by_tag.bin --base-label-file experiments/v100_pq_drift_1m_baseline_20260601T043217Z/labels/base_labels_1000000.spmat --query-bin /mnt/nvme1n1/PipeANN-github/experiments/r116_suite_pq16_aris_20260520_072453/data/sift_query_1000.bin --truthset-bin experiments/v100_pq_drift_1m_baseline_20260601T043217Z/truth/phaseC_cycle01_intersect_u100.bin --query-label-file /mnt/nvme1n1/PipeANN-github/experiments/r116_suite_pq16_aris_20260520_072453/labels/query_1000_u100.spmat --selector-type intersect --query-limit 1000,graph,29,297084,284344,400,querycache_highrisk_beamwidth_8_source_row_29,intersect,/mnt/nvme1n1/PipeANN-supersector32k-work/indexes/phaseC_cycle01_no_retrain_after_insert_cdee2b1456_super32k_v3,ok,98030,1,0,/mnt/nvme1n1/PipeANN-github/experiments/v100_pq_drift_1m_baseline_20260601T043217Z/indexes/phaseC_cycle01_no_retrain_after_insert,/mnt/nvme1n1/PipeANN-supersector32k-work/indexes/phaseC_cycle01_no_retrain_after_insert_cdee2b1456_super32k_v3,no_retrain_across_cycles,6.20161
prefilter,204.402348,u1e-03,1000.0,75,20-27,8,True,phaseC_cycle01_no_retrain_across_cycles,,0.204563,0,0,1,,10000,0,16,supersector32k,page_aware_slots,3,1000000,285732,98030,1000.0,0.0,0.0,0.0,0.0,112.516,1000.0,0.0,112.516,201.544,460865.536,52.601,98030,measure-dynamic-search,201.05,0.0,0.0,223.077,117.0,1000.0,0.0,117.0,220.0,479232.0,278.387,4096,measure-dynamic-search,4096,1000000,16,1000,285732,4888.458598,1436,285732,/mnt/nvme1n1/PipeANN-github/build_reviewed_20260602_querycache/tests/dynamic_update_suite_driver --mode measure-dynamic-search --source-prefix /mnt/nvme1n1/PipeANN-supersector32k-work/indexes/phaseC_cycle01_no_retrain_after_insert_cdee2b1456_super32k_v3 --jsonl-output /mnt/nvme1n1/PipeANN-github/experiments/v100_querycache_optimized_full_replay_v5_20260601T221943Z/tmp/selected_0030.jsonl --insert-threads 16 --search-threads 1 --merge-threads 16 --build-l 220 --build-r 116 --beamwidth 4 --k 10 --cpu-cap 8 --metric l2 --route prefilter --search-l 75 --data-bin experiments/v100_pq_drift_1m_baseline_20260601T043217Z/data/phaseC_cycle01_live_data_by_tag.bin --base-label-file experiments/v100_pq_drift_1m_baseline_20260601T043217Z/labels/base_labels_1000000.spmat --query-bin /mnt/nvme1n1/PipeANN-github/experiments/r116_suite_pq16_aris_20260520_072453/data/sift_query_1000.bin --truthset-bin experiments/v100_pq_drift_1m_baseline_20260601T043217Z/truth/phaseC_cycle01_range_u1e-03.bin --query-label-file /mnt/nvme1n1/PipeANN-github/experiments/r116_suite_pq16_aris_20260520_072453/labels/query_1000_range_u1e-03.spmat --selector-type range --query-limit 1000,99.96,2.3952269554138184,taskset -c 20-27 /mnt/nvme1n1/PipeANN-github/build_reviewed_20260602_querycache/tests/dynamic_update_suite_driver --mode measure-dynamic-search --source-prefix /mnt/nvme1n1/PipeANN-supersector32k-work/indexes/phaseC_cycle01_no_retrain_after_insert_cdee2b1456_super32k_v3 --jsonl-output /mnt/nvme1n1/PipeANN-github/experiments/v100_querycache_optimized_full_replay_v5_20260601T221943Z/tmp/selected_0030.jsonl --insert-threads 16 --search-threads 1 --merge-threads 16 --build-l 220 --build-r 116 --beamwidth 4 --k 10 --cpu-cap 8 --metric l2 --route prefilter --search-l 75 --data-bin experiments/v100_pq_drift_1m_baseline_20260601T043217Z/data/phaseC_cycle01_live_data_by_tag.bin --base-label-file experiments/v100_pq_drift_1m_baseline_20260601T043217Z/labels/base_labels_1000000.spmat --query-bin /mnt/nvme1n1/PipeANN-github/experiments/r116_suite_pq16_aris_20260520_072453/data/sift_query_1000.bin --truthset-bin experiments/v100_pq_drift_1m_baseline_20260601T043217Z/truth/phaseC_cycle01_range_u1e-03.bin --query-label-file /mnt/nvme1n1/PipeANN-github/experiments/r116_suite_pq16_aris_20260520_072453/labels/query_1000_range_u1e-03.spmat --selector-type range --query-limit 1000,prefilter,30,285732,284296,75,post_hoc_retuned_fastest_feasible_recall_ge_98,range,/mnt/nvme1n1/PipeANN-supersector32k-work/indexes/phaseC_cycle01_no_retrain_after_insert_cdee2b1456_super32k_v3,ok,98030,1,0,/mnt/nvme1n1/PipeANN-github/experiments/v100_pq_drift_1m_baseline_20260601T043217Z/indexes/phaseC_cycle01_no_retrain_after_insert,/mnt/nvme1n1/PipeANN-supersector32k-work/indexes/phaseC_cycle01_no_retrain_after_insert_cdee2b1456_super32k_v3,no_retrain_across_cycles,0.204563
prefilter,338.900436,u3e-03,3000.0,100,20-27,8,True,phaseC_cycle01_no_retrain_across_cycles,,0.33912,0,0,1,,10000,0,16,supersector32k,page_aware_slots,3,1000000,285796,98030,3000.0,0.0,0.0,0.0,0.0,116.645,3000.0,0.0,116.645,335.45,477777.92,96.494,98030,measure-dynamic-search,324.5,0.0,0.0,393.648,122.0,3000.0,0.0,122.0,390.0,499712.0,445.205,4096,measure-dynamic-search,4096,1000000,16,1000,285796,2948.807342,1380,285796,/mnt/nvme1n1/PipeANN-github/build_reviewed_20260602_querycache/tests/dynamic_update_suite_driver --mode measure-dynamic-search --source-prefix /mnt/nvme1n1/PipeANN-supersector32k-work/indexes/phaseC_cycle01_no_retrain_after_insert_cdee2b1456_super32k_v3 --jsonl-output /mnt/nvme1n1/PipeANN-github/experiments/v100_querycache_optimized_full_replay_v5_20260601T221943Z/tmp/selected_0031.jsonl --insert-threads 16 --search-threads 1 --merge-threads 16 --build-l 220 --build-r 116 --beamwidth 4 --k 10 --cpu-cap 8 --metric l2 --route prefilter --search-l 100 --data-bin experiments/v100_pq_drift_1m_baseline_20260601T043217Z/data/phaseC_cycle01_live_data_by_tag.bin --base-label-file experiments/v100_pq_drift_1m_baseline_20260601T043217Z/labels/base_labels_1000000.spmat --query-bin /mnt/nvme1n1/PipeANN-github/experiments/r116_suite_pq16_aris_20260520_072453/data/sift_query_1000.bin --truthset-bin experiments/v100_pq_drift_1m_baseline_20260601T043217Z/truth/phaseC_cycle01_range_u3e-03.bin --query-label-file /mnt/nvme1n1/PipeANN-github/experiments/r116_suite_pq16_aris_20260520_072453/labels/query_1000_range_u3e-03.spmat --selector-type range --query-limit 1000,99.72,2.4445748329162598,taskset -c 20-27 /mnt/nvme1n1/PipeANN-github/build_reviewed_20260602_querycache/tests/dynamic_update_suite_driver --mode measure-dynamic-search --source-prefix /mnt/nvme1n1/PipeANN-supersector32k-work/indexes/phaseC_cycle01_no_retrain_after_insert_cdee2b1456_super32k_v3 --jsonl-output /mnt/nvme1n1/PipeANN-github/experiments/v100_querycache_optimized_full_replay_v5_20260601T221943Z/tmp/selected_0031.jsonl --insert-threads 16 --search-threads 1 --merge-threads 16 --build-l 220 --build-r 116 --beamwidth 4 --k 10 --cpu-cap 8 --metric l2 --route prefilter --search-l 100 --data-bin experiments/v100_pq_drift_1m_baseline_20260601T043217Z/data/phaseC_cycle01_live_data_by_tag.bin --base-label-file experiments/v100_pq_drift_1m_baseline_20260601T043217Z/labels/base_labels_1000000.spmat --query-bin /mnt/nvme1n1/PipeANN-github/experiments/r116_suite_pq16_aris_20260520_072453/data/sift_query_1000.bin --truthset-bin experiments/v100_pq_drift_1m_baseline_20260601T043217Z/truth/phaseC_cycle01_range_u3e-03.bin --query-label-file /mnt/nvme1n1/PipeANN-github/experiments/r116_suite_pq16_aris_20260520_072453/labels/query_1000_range_u3e-03.spmat --selector-type range --query-limit 1000,prefilter,31,285796,284416,100,post_hoc_retuned_fastest_feasible_recall_ge_98,range,/mnt/nvme1n1/PipeANN-supersector32k-work/indexes/phaseC_cycle01_no_retrain_after_insert_cdee2b1456_super32k_v3,ok,98030,1,0,/mnt/nvme1n1/PipeANN-github/experiments/v100_pq_drift_1m_baseline_20260601T043217Z/indexes/phaseC_cycle01_no_retrain_after_insert,/mnt/nvme1n1/PipeANN-supersector32k-work/indexes/phaseC_cycle01_no_retrain_after_insert_cdee2b1456_super32k_v3,no_retrain_across_cycles,0.33912
prefilter,604.569207,u1e-02,10000.0,50,20-27,8,True,phaseC_cycle01_no_retrain_across_cycles,,0.604814,0,0,1,,10000,0,16,supersector32k,page_aware_slots,3,1000000,285712,98030,10000.0,0.0,0.0,0.0,0.0,148.637,10000.0,0.0,148.637,600.973,608817.152,178.298,98030,measure-dynamic-search,590.312,0.0,0.0,667.159,155.0,10000.0,0.0,155.0,663.0,634880.0,714.763,4096,measure-dynamic-search,4096,1000000,16,1000,285712,1653.400752,1312,285712,/mnt/nvme1n1/PipeANN-github/build_reviewed_20260602_querycache/tests/dynamic_update_suite_driver --mode measure-dynamic-search --source-prefix /mnt/nvme1n1/PipeANN-supersector32k-work/indexes/phaseC_cycle01_no_retrain_after_insert_cdee2b1456_super32k_v3 --jsonl-output /mnt/nvme1n1/PipeANN-github/experiments/v100_querycache_optimized_full_replay_v5_20260601T221943Z/tmp/selected_0032.jsonl --insert-threads 16 --search-threads 1 --merge-threads 16 --build-l 220 --build-r 116 --beamwidth 4 --k 10 --cpu-cap 8 --metric l2 --route prefilter --search-l 50 --data-bin experiments/v100_pq_drift_1m_baseline_20260601T043217Z/data/phaseC_cycle01_live_data_by_tag.bin --base-label-file experiments/v100_pq_drift_1m_baseline_20260601T043217Z/labels/base_labels_1000000.spmat --query-bin /mnt/nvme1n1/PipeANN-github/experiments/r116_suite_pq16_aris_20260520_072453/data/sift_query_1000.bin --truthset-bin experiments/v100_pq_drift_1m_baseline_20260601T043217Z/truth/phaseC_cycle01_range_u1e-02.bin --query-label-file /mnt/nvme1n1/PipeANN-github/experiments/r116_suite_pq16_aris_20260520_072453/labels/query_1000_range_u1e-02.spmat --selector-type range --query-limit 1000,99.64,2.6492817401885986,taskset -c 20-27 /mnt/nvme1n1/PipeANN-github/build_reviewed_20260602_querycache/tests/dynamic_update_suite_driver --mode measure-dynamic-search --source-prefix /mnt/nvme1n1/PipeANN-supersector32k-work/indexes/phaseC_cycle01_no_retrain_after_insert_cdee2b1456_super32k_v3 --jsonl-output /mnt/nvme1n1/PipeANN-github/experiments/v100_querycache_optimized_full_replay_v5_20260601T221943Z/tmp/selected_0032.jsonl --insert-threads 16 --search-threads 1 --merge-threads 16 --build-l 220 --build-r 116 --beamwidth 4 --k 10 --cpu-cap 8 --metric l2 --route prefilter --search-l 50 --data-bin experiments/v100_pq_drift_1m_baseline_20260601T043217Z/data/phaseC_cycle01_live_data_by_tag.bin --base-label-file experiments/v100_pq_drift_1m_baseline_20260601T043217Z/labels/base_labels_1000000.spmat --query-bin /mnt/nvme1n1/PipeANN-github/experiments/r116_suite_pq16_aris_20260520_072453/data/sift_query_1000.bin --truthset-bin experiments/v100_pq_drift_1m_baseline_20260601T043217Z/truth/phaseC_cycle01_range_u1e-02.bin --query-label-file /mnt/nvme1n1/PipeANN-github/experiments/r116_suite_pq16_aris_20260520_072453/labels/query_1000_range_u1e-02.spmat --selector-type range --query-limit 1000,prefilter,32,285712,284400,50,post_hoc_retuned_fastest_feasible_recall_ge_98,range,/mnt/nvme1n1/PipeANN-supersector32k-work/indexes/phaseC_cycle01_no_retrain_after_insert_cdee2b1456_super32k_v3,ok,98030,1,0,/mnt/nvme1n1/PipeANN-github/experiments/v100_pq_drift_1m_baseline_20260601T043217Z/indexes/phaseC_cycle01_no_retrain_after_insert,/mnt/nvme1n1/PipeANN-supersector32k-work/indexes/phaseC_cycle01_no_retrain_after_insert_cdee2b1456_super32k_v3,no_retrain_across_cycles,0.604814
prefilter,1509.541674,u5e-02,50000.0,50,20-27,8,True,phaseC_cycle01_no_retrain_across_cycles,,1.509785,0,0,1,,10000,0,16,supersector32k,page_aware_slots,3,1000000,285828,98030,50000.0,0.0,0.0,0.0,0.0,184.734,50000.0,0.0,184.734,1505.994,756670.464,284.322,98030,measure-dynamic-search,1493.446,0.0,0.0,1606.162,192.0,50000.0,0.0,192.0,1602.0,786432.0,1718.65,4096,measure-dynamic-search,4096,1000000,16,1000,285828,662.34593,1380,285828,/mnt/nvme1n1/PipeANN-github/build_reviewed_20260602_querycache/tests/dynamic_update_suite_driver --mode measure-dynamic-search --source-prefix /mnt/nvme1n1/PipeANN-supersector32k-work/indexes/phaseC_cycle01_no_retrain_after_insert_cdee2b1456_super32k_v3 --jsonl-output /mnt/nvme1n1/PipeANN-github/experiments/v100_querycache_optimized_full_replay_v5_20260601T221943Z/tmp/selected_0033.jsonl --insert-threads 16 --search-threads 1 --merge-threads 16 --build-l 220 --build-r 116 --beamwidth 4 --k 10 --cpu-cap 8 --metric l2 --route prefilter --search-l 50 --data-bin experiments/v100_pq_drift_1m_baseline_20260601T043217Z/data/phaseC_cycle01_live_data_by_tag.bin --base-label-file experiments/v100_pq_drift_1m_baseline_20260601T043217Z/labels/base_labels_1000000.spmat --query-bin /mnt/nvme1n1/PipeANN-github/experiments/r116_suite_pq16_aris_20260520_072453/data/sift_query_1000.bin --truthset-bin experiments/v100_pq_drift_1m_baseline_20260601T043217Z/truth/phaseC_cycle01_range_u5e-02.bin --query-label-file /mnt/nvme1n1/PipeANN-github/experiments/r116_suite_pq16_aris_20260520_072453/labels/query_1000_range_u5e-02.spmat --selector-type range --query-limit 1000,99.44,3.6121113300323486,taskset -c 20-27 /mnt/nvme1n1/PipeANN-github/build_reviewed_20260602_querycache/tests/dynamic_update_suite_driver --mode measure-dynamic-search --source-prefix /mnt/nvme1n1/PipeANN-supersector32k-work/indexes/phaseC_cycle01_no_retrain_after_insert_cdee2b1456_super32k_v3 --jsonl-output /mnt/nvme1n1/PipeANN-github/experiments/v100_querycache_optimized_full_replay_v5_20260601T221943Z/tmp/selected_0033.jsonl --insert-threads 16 --search-threads 1 --merge-threads 16 --build-l 220 --build-r 116 --beamwidth 4 --k 10 --cpu-cap 8 --metric l2 --route prefilter --search-l 50 --data-bin experiments/v100_pq_drift_1m_baseline_20260601T043217Z/data/phaseC_cycle01_live_data_by_tag.bin --base-label-file experiments/v100_pq_drift_1m_baseline_20260601T043217Z/labels/base_labels_1000000.spmat --query-bin /mnt/nvme1n1/PipeANN-github/experiments/r116_suite_pq16_aris_20260520_072453/data/sift_query_1000.bin --truthset-bin experiments/v100_pq_drift_1m_baseline_20260601T043217Z/truth/phaseC_cycle01_range_u5e-02.bin --query-label-file /mnt/nvme1n1/PipeANN-github/experiments/r116_suite_pq16_aris_20260520_072453/labels/query_1000_range_u5e-02.spmat --selector-type range --query-limit 1000,prefilter,33,285828,284448,50,post_hoc_retuned_fastest_feasible_recall_ge_98,range,/mnt/nvme1n1/PipeANN-supersector32k-work/indexes/phaseC_cycle01_no_retrain_after_insert_cdee2b1456_super32k_v3,ok,98030,1,0,/mnt/nvme1n1/PipeANN-github/experiments/v100_pq_drift_1m_baseline_20260601T043217Z/indexes/phaseC_cycle01_no_retrain_after_insert,/mnt/nvme1n1/PipeANN-supersector32k-work/indexes/phaseC_cycle01_no_retrain_after_insert_cdee2b1456_super32k_v3,no_retrain_across_cycles,1.509785
prefilter,2223.08754,u1e-01,100000.0,150,20-27,8,True,phaseC_cycle01_no_retrain_across_cycles,,2.223366,0,0,1,,10000,0,16,supersector32k,page_aware_slots,3,1000000,285736,98030,100000.0,0.0,0.0,0.0,0.0,184.69,100000.0,0.0,184.69,2219.425,756490.24,317.249,98030,measure-dynamic-search,2208.206,0.0,0.0,2385.315,192.0,100000.0,0.0,192.0,2382.0,786432.0,2541.852,4096,measure-dynamic-search,4096,1000000,16,1000,285736,449.76855,1376,285736,/mnt/nvme1n1/PipeANN-github/build_reviewed_20260602_querycache/tests/dynamic_update_suite_driver --mode measure-dynamic-search --source-prefix /mnt/nvme1n1/PipeANN-supersector32k-work/indexes/phaseC_cycle01_no_retrain_after_insert_cdee2b1456_super32k_v3 --jsonl-output /mnt/nvme1n1/PipeANN-github/experiments/v100_querycache_optimized_full_replay_v5_20260601T221943Z/tmp/selected_0034.jsonl --insert-threads 16 --search-threads 1 --merge-threads 16 --build-l 220 --build-r 116 --beamwidth 4 --k 10 --cpu-cap 8 --metric l2 --route prefilter --search-l 150 --data-bin experiments/v100_pq_drift_1m_baseline_20260601T043217Z/data/phaseC_cycle01_live_data_by_tag.bin --base-label-file experiments/v100_pq_drift_1m_baseline_20260601T043217Z/labels/base_labels_1000000.spmat --query-bin /mnt/nvme1n1/PipeANN-github/experiments/r116_suite_pq16_aris_20260520_072453/data/sift_query_1000.bin --truthset-bin experiments/v100_pq_drift_1m_baseline_20260601T043217Z/truth/phaseC_cycle01_range_u1e-01.bin --query-label-file /mnt/nvme1n1/PipeANN-github/experiments/r116_suite_pq16_aris_20260520_072453/labels/query_1000_range_u1e-01.spmat --selector-type range --query-limit 1000,98.23,4.314647436141968,taskset -c 20-27 /mnt/nvme1n1/PipeANN-github/build_reviewed_20260602_querycache/tests/dynamic_update_suite_driver --mode measure-dynamic-search --source-prefix /mnt/nvme1n1/PipeANN-supersector32k-work/indexes/phaseC_cycle01_no_retrain_after_insert_cdee2b1456_super32k_v3 --jsonl-output /mnt/nvme1n1/PipeANN-github/experiments/v100_querycache_optimized_full_replay_v5_20260601T221943Z/tmp/selected_0034.jsonl --insert-threads 16 --search-threads 1 --merge-threads 16 --build-l 220 --build-r 116 --beamwidth 4 --k 10 --cpu-cap 8 --metric l2 --route prefilter --search-l 150 --data-bin experiments/v100_pq_drift_1m_baseline_20260601T043217Z/data/phaseC_cycle01_live_data_by_tag.bin --base-label-file experiments/v100_pq_drift_1m_baseline_20260601T043217Z/labels/base_labels_1000000.spmat --query-bin /mnt/nvme1n1/PipeANN-github/experiments/r116_suite_pq16_aris_20260520_072453/data/sift_query_1000.bin --truthset-bin experiments/v100_pq_drift_1m_baseline_20260601T043217Z/truth/phaseC_cycle01_range_u1e-01.bin --query-label-file /mnt/nvme1n1/PipeANN-github/experiments/r116_suite_pq16_aris_20260520_072453/labels/query_1000_range_u1e-01.spmat --selector-type range --query-limit 1000,prefilter,34,285736,284360,150,post_hoc_retuned_fastest_feasible_recall_ge_98,range,/mnt/nvme1n1/PipeANN-supersector32k-work/indexes/phaseC_cycle01_no_retrain_after_insert_cdee2b1456_super32k_v3,ok,98030,1,0,/mnt/nvme1n1/PipeANN-github/experiments/v100_pq_drift_1m_baseline_20260601T043217Z/indexes/phaseC_cycle01_no_retrain_after_insert,/mnt/nvme1n1/PipeANN-supersector32k-work/indexes/phaseC_cycle01_no_retrain_after_insert_cdee2b1456_super32k_v3,no_retrain_across_cycles,2.223366
prefilter,4405.82561,u25,250000.0,250,20-27,8,True,phaseC_cycle01_no_retrain_across_cycles,,4.406185,0,0,1,,10000,0,16,supersector32k,page_aware_slots,3,1000000,285680,98030,250000.0,0.0,0.0,0.0,0.0,288.426,250000.0,0.0,288.426,4401.557,1181392.896,453.454,98030,measure-dynamic-search,4355.542,0.0,0.0,4690.489,298.0,250000.0,0.0,298.0,4687.0,1220608.0,5006.916,4096,measure-dynamic-search,4096,1000000,16,1000,285680,226.953695,1376,285680,/mnt/nvme1n1/PipeANN-github/build_reviewed_20260602_querycache/tests/dynamic_update_suite_driver --mode measure-dynamic-search --source-prefix /mnt/nvme1n1/PipeANN-supersector32k-work/indexes/phaseC_cycle01_no_retrain_after_insert_cdee2b1456_super32k_v3 --jsonl-output /mnt/nvme1n1/PipeANN-github/experiments/v100_querycache_optimized_full_replay_v5_20260601T221943Z/tmp/selected_0035.jsonl --insert-threads 16 --search-threads 1 --merge-threads 16 --build-l 220 --build-r 116 --beamwidth 4 --k 10 --cpu-cap 8 --metric l2 --route prefilter --search-l 250 --data-bin experiments/v100_pq_drift_1m_baseline_20260601T043217Z/data/phaseC_cycle01_live_data_by_tag.bin --base-label-file experiments/v100_pq_drift_1m_baseline_20260601T043217Z/labels/base_labels_1000000.spmat --query-bin /mnt/nvme1n1/PipeANN-github/experiments/r116_suite_pq16_aris_20260520_072453/data/sift_query_1000.bin --truthset-bin experiments/v100_pq_drift_1m_baseline_20260601T043217Z/truth/phaseC_cycle01_range_u25.bin --query-label-file /mnt/nvme1n1/PipeANN-github/experiments/r116_suite_pq16_aris_20260520_072453/labels/query_1000_range_u25.spmat --selector-type range --query-limit 1000,98.65,6.462281703948975,taskset -c 20-27 /mnt/nvme1n1/PipeANN-github/build_reviewed_20260602_querycache/tests/dynamic_update_suite_driver --mode measure-dynamic-search --source-prefix /mnt/nvme1n1/PipeANN-supersector32k-work/indexes/phaseC_cycle01_no_retrain_after_insert_cdee2b1456_super32k_v3 --jsonl-output /mnt/nvme1n1/PipeANN-github/experiments/v100_querycache_optimized_full_replay_v5_20260601T221943Z/tmp/selected_0035.jsonl --insert-threads 16 --search-threads 1 --merge-threads 16 --build-l 220 --build-r 116 --beamwidth 4 --k 10 --cpu-cap 8 --metric l2 --route prefilter --search-l 250 --data-bin experiments/v100_pq_drift_1m_baseline_20260601T043217Z/data/phaseC_cycle01_live_data_by_tag.bin --base-label-file experiments/v100_pq_drift_1m_baseline_20260601T043217Z/labels/base_labels_1000000.spmat --query-bin /mnt/nvme1n1/PipeANN-github/experiments/r116_suite_pq16_aris_20260520_072453/data/sift_query_1000.bin --truthset-bin experiments/v100_pq_drift_1m_baseline_20260601T043217Z/truth/phaseC_cycle01_range_u25.bin --query-label-file /mnt/nvme1n1/PipeANN-github/experiments/r116_suite_pq16_aris_20260520_072453/labels/query_1000_range_u25.spmat --selector-type range --query-limit 1000,prefilter,35,285680,284304,250,post_hoc_retuned_fastest_feasible_recall_ge_98,range,/mnt/nvme1n1/PipeANN-supersector32k-work/indexes/phaseC_cycle01_no_retrain_after_insert_cdee2b1456_super32k_v3,ok,98030,1,0,/mnt/nvme1n1/PipeANN-github/experiments/v100_pq_drift_1m_baseline_20260601T043217Z/indexes/phaseC_cycle01_no_retrain_after_insert,/mnt/nvme1n1/PipeANN-supersector32k-work/indexes/phaseC_cycle01_no_retrain_after_insert_cdee2b1456_super32k_v3,no_retrain_across_cycles,4.406185
prefilter,5032.73494,u30,300000.0,300,20-27,8,True,phaseC_cycle01_no_retrain_across_cycles,,5.033103,0,0,1,,10000,0,16,supersector32k,page_aware_slots,3,1000000,285668,98030,300000.0,0.0,0.0,0.0,0.0,345.812,300000.0,0.0,345.812,5027.894,1416445.952,486.472,98030,measure-dynamic-search,5017.069,0.0,0.0,5309.568,356.0,300000.0,0.0,356.0,5304.0,1458176.0,5524.09,4096,measure-dynamic-search,4096,1000000,16,1000,285668,198.68459,1376,285668,/mnt/nvme1n1/PipeANN-github/build_reviewed_20260602_querycache/tests/dynamic_update_suite_driver --mode measure-dynamic-search --source-prefix /mnt/nvme1n1/PipeANN-supersector32k-work/indexes/phaseC_cycle01_no_retrain_after_insert_cdee2b1456_super32k_v3 --jsonl-output /mnt/nvme1n1/PipeANN-github/experiments/v100_querycache_optimized_full_replay_v5_20260601T221943Z/tmp/selected_0036.jsonl --insert-threads 16 --search-threads 1 --merge-threads 16 --build-l 220 --build-r 116 --beamwidth 4 --k 10 --cpu-cap 8 --metric l2 --route prefilter --search-l 300 --data-bin experiments/v100_pq_drift_1m_baseline_20260601T043217Z/data/phaseC_cycle01_live_data_by_tag.bin --base-label-file experiments/v100_pq_drift_1m_baseline_20260601T043217Z/labels/base_labels_1000000.spmat --query-bin /mnt/nvme1n1/PipeANN-github/experiments/r116_suite_pq16_aris_20260520_072453/data/sift_query_1000.bin --truthset-bin experiments/v100_pq_drift_1m_baseline_20260601T043217Z/truth/phaseC_cycle01_range_u30.bin --query-label-file /mnt/nvme1n1/PipeANN-github/experiments/r116_suite_pq16_aris_20260520_072453/labels/query_1000_range_u30.spmat --selector-type range --query-limit 1000,98.9,7.118772268295288,taskset -c 20-27 /mnt/nvme1n1/PipeANN-github/build_reviewed_20260602_querycache/tests/dynamic_update_suite_driver --mode measure-dynamic-search --source-prefix /mnt/nvme1n1/PipeANN-supersector32k-work/indexes/phaseC_cycle01_no_retrain_after_insert_cdee2b1456_super32k_v3 --jsonl-output /mnt/nvme1n1/PipeANN-github/experiments/v100_querycache_optimized_full_replay_v5_20260601T221943Z/tmp/selected_0036.jsonl --insert-threads 16 --search-threads 1 --merge-threads 16 --build-l 220 --build-r 116 --beamwidth 4 --k 10 --cpu-cap 8 --metric l2 --route prefilter --search-l 300 --data-bin experiments/v100_pq_drift_1m_baseline_20260601T043217Z/data/phaseC_cycle01_live_data_by_tag.bin --base-label-file experiments/v100_pq_drift_1m_baseline_20260601T043217Z/labels/base_labels_1000000.spmat --query-bin /mnt/nvme1n1/PipeANN-github/experiments/r116_suite_pq16_aris_20260520_072453/data/sift_query_1000.bin --truthset-bin experiments/v100_pq_drift_1m_baseline_20260601T043217Z/truth/phaseC_cycle01_range_u30.bin --query-label-file /mnt/nvme1n1/PipeANN-github/experiments/r116_suite_pq16_aris_20260520_072453/labels/query_1000_range_u30.spmat --selector-type range --query-limit 1000,prefilter,36,285668,284292,300,post_hoc_retuned_fastest_feasible_recall_ge_98,range,/mnt/nvme1n1/PipeANN-supersector32k-work/indexes/phaseC_cycle01_no_retrain_after_insert_cdee2b1456_super32k_v3,ok,98030,1,0,/mnt/nvme1n1/PipeANN-github/experiments/v100_pq_drift_1m_baseline_20260601T043217Z/indexes/phaseC_cycle01_no_retrain_after_insert,/mnt/nvme1n1/PipeANN-supersector32k-work/indexes/phaseC_cycle01_no_retrain_after_insert_cdee2b1456_super32k_v3,no_retrain_across_cycles,5.033103
prefilter,7635.624308,u50,500000.0,300,20-27,8,True,phaseC_cycle01_no_retrain_across_cycles,,7.636032,0,0,1,,10000,0,16,supersector32k,page_aware_slots,3,1000000,285648,98030,500000.0,0.0,0.0,0.0,0.0,346.13,500000.0,0.0,346.13,7630.721,1417748.48,658.598,98030,measure-dynamic-search,7583.372,0.0,0.0,7972.24,357.0,500000.0,0.0,357.0,7967.0,1462272.0,8562.524,4096,measure-dynamic-search,4096,1000000,16,1000,285648,130.958069,1308,285648,/mnt/nvme1n1/PipeANN-github/build_reviewed_20260602_querycache/tests/dynamic_update_suite_driver --mode measure-dynamic-search --source-prefix /mnt/nvme1n1/PipeANN-supersector32k-work/indexes/phaseC_cycle01_no_retrain_after_insert_cdee2b1456_super32k_v3 --jsonl-output /mnt/nvme1n1/PipeANN-github/experiments/v100_querycache_optimized_full_replay_v5_20260601T221943Z/tmp/selected_0037.jsonl --insert-threads 16 --search-threads 1 --merge-threads 16 --build-l 220 --build-r 116 --beamwidth 4 --k 10 --cpu-cap 8 --metric l2 --route prefilter --search-l 300 --data-bin experiments/v100_pq_drift_1m_baseline_20260601T043217Z/data/phaseC_cycle01_live_data_by_tag.bin --base-label-file experiments/v100_pq_drift_1m_baseline_20260601T043217Z/labels/base_labels_1000000.spmat --query-bin /mnt/nvme1n1/PipeANN-github/experiments/r116_suite_pq16_aris_20260520_072453/data/sift_query_1000.bin --truthset-bin experiments/v100_pq_drift_1m_baseline_20260601T043217Z/truth/phaseC_cycle01_range_u50.bin --query-label-file /mnt/nvme1n1/PipeANN-github/experiments/r116_suite_pq16_aris_20260520_072453/labels/query_1000_range_u50.spmat --selector-type range --query-limit 1000,98.48,9.74048376083374,taskset -c 20-27 /mnt/nvme1n1/PipeANN-github/build_reviewed_20260602_querycache/tests/dynamic_update_suite_driver --mode measure-dynamic-search --source-prefix /mnt/nvme1n1/PipeANN-supersector32k-work/indexes/phaseC_cycle01_no_retrain_after_insert_cdee2b1456_super32k_v3 --jsonl-output /mnt/nvme1n1/PipeANN-github/experiments/v100_querycache_optimized_full_replay_v5_20260601T221943Z/tmp/selected_0037.jsonl --insert-threads 16 --search-threads 1 --merge-threads 16 --build-l 220 --build-r 116 --beamwidth 4 --k 10 --cpu-cap 8 --metric l2 --route prefilter --search-l 300 --data-bin experiments/v100_pq_drift_1m_baseline_20260601T043217Z/data/phaseC_cycle01_live_data_by_tag.bin --base-label-file experiments/v100_pq_drift_1m_baseline_20260601T043217Z/labels/base_labels_1000000.spmat --query-bin /mnt/nvme1n1/PipeANN-github/experiments/r116_suite_pq16_aris_20260520_072453/data/sift_query_1000.bin --truthset-bin experiments/v100_pq_drift_1m_baseline_20260601T043217Z/truth/phaseC_cycle01_range_u50.bin --query-label-file /mnt/nvme1n1/PipeANN-github/experiments/r116_suite_pq16_aris_20260520_072453/labels/query_1000_range_u50.spmat --selector-type range --query-limit 1000,prefilter,37,285648,284340,300,post_hoc_retuned_fastest_feasible_recall_ge_98,range,/mnt/nvme1n1/PipeANN-supersector32k-work/indexes/phaseC_cycle01_no_retrain_after_insert_cdee2b1456_super32k_v3,ok,98030,1,0,/mnt/nvme1n1/PipeANN-github/experiments/v100_pq_drift_1m_baseline_20260601T043217Z/indexes/phaseC_cycle01_no_retrain_after_insert,/mnt/nvme1n1/PipeANN-supersector32k-work/indexes/phaseC_cycle01_no_retrain_after_insert_cdee2b1456_super32k_v3,no_retrain_across_cycles,7.636032
mixed,6712.899124,u75,750000.0,450,20-27,8,True,phaseC_cycle01_no_retrain_across_cycles,,6.713247,0,1000,1,,10000,0,16,supersector32k,page_aware_slots,3,1000000,300016,98030,750000.0,19831.489,0.0,6247.091,0.0,527.563,19831.489,0.0,527.563,6387.611,2160898.048,76.583,98030,measure-dynamic-search,6236.639,25286.0,0.0,6690.736,548.0,25286.0,0.0,548.0,6290.0,2244608.0,8413.735,4096,measure-dynamic-search,4096,1000000,16,0,300016,148.959204,15656,300016,/mnt/nvme1n1/PipeANN-github/build_reviewed_20260602_querycache/tests/dynamic_update_suite_driver --mode measure-dynamic-search --source-prefix /mnt/nvme1n1/PipeANN-supersector32k-work/indexes/phaseC_cycle01_no_retrain_after_insert_cdee2b1456_super32k_v3 --jsonl-output /mnt/nvme1n1/PipeANN-github/experiments/v100_querycache_optimized_full_replay_v5_20260601T221943Z/tmp/selected_0038.jsonl --insert-threads 16 --search-threads 1 --merge-threads 16 --build-l 220 --build-r 116 --beamwidth 8 --k 10 --cpu-cap 8 --metric l2 --route graph --search-l 450 --data-bin experiments/v100_pq_drift_1m_baseline_20260601T043217Z/data/phaseC_cycle01_live_data_by_tag.bin --base-label-file experiments/v100_pq_drift_1m_baseline_20260601T043217Z/labels/base_labels_1000000.spmat --query-bin /mnt/nvme1n1/PipeANN-github/experiments/r116_suite_pq16_aris_20260520_072453/data/sift_query_1000.bin --truthset-bin experiments/v100_pq_drift_1m_baseline_20260601T043217Z/truth/phaseC_cycle01_range_u75.bin --query-label-file /mnt/nvme1n1/PipeANN-github/experiments/r116_suite_pq16_aris_20260520_072453/labels/query_1000_range_u75.spmat --selector-type range --query-limit 1000,98.36,8.831259965896606,taskset -c 20-27 /mnt/nvme1n1/PipeANN-github/build_reviewed_20260602_querycache/tests/dynamic_update_suite_driver --mode measure-dynamic-search --source-prefix /mnt/nvme1n1/PipeANN-supersector32k-work/indexes/phaseC_cycle01_no_retrain_after_insert_cdee2b1456_super32k_v3 --jsonl-output /mnt/nvme1n1/PipeANN-github/experiments/v100_querycache_optimized_full_replay_v5_20260601T221943Z/tmp/selected_0038.jsonl --insert-threads 16 --search-threads 1 --merge-threads 16 --build-l 220 --build-r 116 --beamwidth 8 --k 10 --cpu-cap 8 --metric l2 --route graph --search-l 450 --data-bin experiments/v100_pq_drift_1m_baseline_20260601T043217Z/data/phaseC_cycle01_live_data_by_tag.bin --base-label-file experiments/v100_pq_drift_1m_baseline_20260601T043217Z/labels/base_labels_1000000.spmat --query-bin /mnt/nvme1n1/PipeANN-github/experiments/r116_suite_pq16_aris_20260520_072453/data/sift_query_1000.bin --truthset-bin experiments/v100_pq_drift_1m_baseline_20260601T043217Z/truth/phaseC_cycle01_range_u75.bin --query-label-file /mnt/nvme1n1/PipeANN-github/experiments/r116_suite_pq16_aris_20260520_072453/labels/query_1000_range_u75.spmat --selector-type range --query-limit 1000,graph,38,300016,284360,450,querycache_plus_super32k_beamwidth_8_source_row_38,range,/mnt/nvme1n1/PipeANN-supersector32k-work/indexes/phaseC_cycle01_no_retrain_after_insert_cdee2b1456_super32k_v3,ok,98030,1,0,/mnt/nvme1n1/PipeANN-github/experiments/v100_pq_drift_1m_baseline_20260601T043217Z/indexes/phaseC_cycle01_no_retrain_after_insert,/mnt/nvme1n1/PipeANN-supersector32k-work/indexes/phaseC_cycle01_no_retrain_after_insert_cdee2b1456_super32k_v3,no_retrain_across_cycles,6.713247
mixed,5652.233662,u100,1000000.0,400,20-27,8,True,phaseC_cycle01_no_retrain_across_cycles,,5.652523,0,1000,1,,10000,0,16,supersector32k,page_aware_slots,3,1000000,297088,98030,1000000.0,18237.347,0.0,5199.606,0.0,471.48,18237.347,0.0,471.48,5347.926,1931182.08,80.515,98030,measure-dynamic-search,5629.859,23197.0,0.0,6014.028,493.0,23197.0,0.0,493.0,5695.0,2019328.0,6369.648,4096,measure-dynamic-search,4096,1000000,16,0,297088,176.912161,12792,297088,/mnt/nvme1n1/PipeANN-github/build_reviewed_20260602_querycache/tests/dynamic_update_suite_driver --mode measure-dynamic-search --source-prefix /mnt/nvme1n1/PipeANN-supersector32k-work/indexes/phaseC_cycle01_no_retrain_after_insert_cdee2b1456_super32k_v3 --jsonl-output /mnt/nvme1n1/PipeANN-github/experiments/v100_querycache_optimized_full_replay_v5_20260601T221943Z/tmp/selected_0039.jsonl --insert-threads 16 --search-threads 1 --merge-threads 16 --build-l 220 --build-r 116 --beamwidth 8 --k 10 --cpu-cap 8 --metric l2 --route graph --search-l 400 --data-bin experiments/v100_pq_drift_1m_baseline_20260601T043217Z/data/phaseC_cycle01_live_data_by_tag.bin --base-label-file experiments/v100_pq_drift_1m_baseline_20260601T043217Z/labels/base_labels_1000000.spmat --query-bin /mnt/nvme1n1/PipeANN-github/experiments/r116_suite_pq16_aris_20260520_072453/data/sift_query_1000.bin --truthset-bin experiments/v100_pq_drift_1m_baseline_20260601T043217Z/truth/phaseC_cycle01_range_u100.bin --query-label-file /mnt/nvme1n1/PipeANN-github/experiments/r116_suite_pq16_aris_20260520_072453/labels/query_1000_range_u100.spmat --selector-type range --query-limit 1000,98.41,7.790323734283447,taskset -c 20-27 /mnt/nvme1n1/PipeANN-github/build_reviewed_20260602_querycache/tests/dynamic_update_suite_driver --mode measure-dynamic-search --source-prefix /mnt/nvme1n1/PipeANN-supersector32k-work/indexes/phaseC_cycle01_no_retrain_after_insert_cdee2b1456_super32k_v3 --jsonl-output /mnt/nvme1n1/PipeANN-github/experiments/v100_querycache_optimized_full_replay_v5_20260601T221943Z/tmp/selected_0039.jsonl --insert-threads 16 --search-threads 1 --merge-threads 16 --build-l 220 --build-r 116 --beamwidth 8 --k 10 --cpu-cap 8 --metric l2 --route graph --search-l 400 --data-bin experiments/v100_pq_drift_1m_baseline_20260601T043217Z/data/phaseC_cycle01_live_data_by_tag.bin --base-label-file experiments/v100_pq_drift_1m_baseline_20260601T043217Z/labels/base_labels_1000000.spmat --query-bin /mnt/nvme1n1/PipeANN-github/experiments/r116_suite_pq16_aris_20260520_072453/data/sift_query_1000.bin --truthset-bin experiments/v100_pq_drift_1m_baseline_20260601T043217Z/truth/phaseC_cycle01_range_u100.bin --query-label-file /mnt/nvme1n1/PipeANN-github/experiments/r116_suite_pq16_aris_20260520_072453/labels/query_1000_range_u100.spmat --selector-type range --query-limit 1000,graph,39,297088,284296,400,querycache_highrisk_beamwidth_8_source_row_39,range,/mnt/nvme1n1/PipeANN-supersector32k-work/indexes/phaseC_cycle01_no_retrain_after_insert_cdee2b1456_super32k_v3,ok,98030,1,0,/mnt/nvme1n1/PipeANN-github/experiments/v100_pq_drift_1m_baseline_20260601T043217Z/indexes/phaseC_cycle01_no_retrain_after_insert,/mnt/nvme1n1/PipeANN-supersector32k-work/indexes/phaseC_cycle01_no_retrain_after_insert_cdee2b1456_super32k_v3,no_retrain_across_cycles,5.652523
prefilter,163.054816,u1e-03,1000.0,50,20-27,8,True,phaseC_cycle02_retrain_each_cycle,,0.16315,0,0,1,,10000,0,16,supersector32k,page_aware_slots,3,1000000,281732,117774,1000.0,0.0,0.0,0.0,0.0,111.653,1000.0,0.0,111.653,160.475,457330.688,35.276,117774,measure-dynamic-search,157.565,0.0,0.0,194.163,117.0,1000.0,0.0,117.0,191.0,479232.0,207.14,4096,measure-dynamic-search,4096,1000000,16,1000,281732,6129.338043,1048,281732,/mnt/nvme1n1/PipeANN-github/build_reviewed_20260602_querycache/tests/dynamic_update_suite_driver --mode measure-dynamic-search --source-prefix /mnt/nvme1n1/PipeANN-supersector32k-work/indexes/phaseC_cycle02_retrain_each_cycle_b0c87857b1_super32k_v3 --jsonl-output /mnt/nvme1n1/PipeANN-github/experiments/v100_querycache_optimized_full_replay_v5_20260601T221943Z/tmp/selected_0040.jsonl --insert-threads 16 --search-threads 1 --merge-threads 16 --build-l 220 --build-r 116 --beamwidth 4 --k 10 --cpu-cap 8 --metric l2 --route prefilter --search-l 50 --data-bin experiments/v100_pq_drift_1m_baseline_20260601T043217Z/data/phaseC_cycle02_live_data_by_tag.bin --base-label-file experiments/v100_pq_drift_1m_baseline_20260601T043217Z/labels/base_labels_1000000.spmat --query-bin /mnt/nvme1n1/PipeANN-github/experiments/r116_suite_pq16_aris_20260520_072453/data/sift_query_1000.bin --truthset-bin experiments/v100_pq_drift_1m_baseline_20260601T043217Z/truth/phaseC_cycle02_intersect_u1e-03.bin --query-label-file /mnt/nvme1n1/PipeANN-github/experiments/r116_suite_pq16_aris_20260520_072453/labels/query_1000_u1e-03.spmat --selector-type intersect --query-limit 1000,99.92,1.668034553527832,taskset -c 20-27 /mnt/nvme1n1/PipeANN-github/build_reviewed_20260602_querycache/tests/dynamic_update_suite_driver --mode measure-dynamic-search --source-prefix /mnt/nvme1n1/PipeANN-supersector32k-work/indexes/phaseC_cycle02_retrain_each_cycle_b0c87857b1_super32k_v3 --jsonl-output /mnt/nvme1n1/PipeANN-github/experiments/v100_querycache_optimized_full_replay_v5_20260601T221943Z/tmp/selected_0040.jsonl --insert-threads 16 --search-threads 1 --merge-threads 16 --build-l 220 --build-r 116 --beamwidth 4 --k 10 --cpu-cap 8 --metric l2 --route prefilter --search-l 50 --data-bin experiments/v100_pq_drift_1m_baseline_20260601T043217Z/data/phaseC_cycle02_live_data_by_tag.bin --base-label-file experiments/v100_pq_drift_1m_baseline_20260601T043217Z/labels/base_labels_1000000.spmat --query-bin /mnt/nvme1n1/PipeANN-github/experiments/r116_suite_pq16_aris_20260520_072453/data/sift_query_1000.bin --truthset-bin experiments/v100_pq_drift_1m_baseline_20260601T043217Z/truth/phaseC_cycle02_intersect_u1e-03.bin --query-label-file /mnt/nvme1n1/PipeANN-github/experiments/r116_suite_pq16_aris_20260520_072453/labels/query_1000_u1e-03.spmat --selector-type intersect --query-limit 1000,prefilter,40,281732,280684,50,post_hoc_retuned_fastest_feasible_recall_ge_98,intersect,/mnt/nvme1n1/PipeANN-supersector32k-work/indexes/phaseC_cycle02_retrain_each_cycle_b0c87857b1_super32k_v3,ok,117774,1,0,/mnt/nvme1n1/PipeANN-github/experiments/v100_pq_drift_1m_baseline_20260601T043217Z/indexes/phaseC_cycle02_retrain_each_cycle,/mnt/nvme1n1/PipeANN-supersector32k-work/indexes/phaseC_cycle02_retrain_each_cycle_b0c87857b1_super32k_v3,retrain_each_cycle,0.16315
prefilter,208.540061,u3e-03,3000.0,50,20-27,8,True,phaseC_cycle02_retrain_each_cycle,,0.208638,0,0,1,,10000,0,16,supersector32k,page_aware_slots,3,1000000,283788,117774,3000.0,0.0,0.0,0.0,0.0,111.555,3000.0,0.0,111.555,205.828,456929.28,36.644,117774,measure-dynamic-search,207.037,0.0,0.0,223.78,118.0,3000.0,0.0,118.0,221.0,483328.0,244.014,4096,measure-dynamic-search,4096,1000000,16,1000,283788,4792.985929,1376,283788,/mnt/nvme1n1/PipeANN-github/build_reviewed_20260602_querycache/tests/dynamic_update_suite_driver --mode measure-dynamic-search --source-prefix /mnt/nvme1n1/PipeANN-supersector32k-work/indexes/phaseC_cycle02_retrain_each_cycle_b0c87857b1_super32k_v3 --jsonl-output /mnt/nvme1n1/PipeANN-github/experiments/v100_querycache_optimized_full_replay_v5_20260601T221943Z/tmp/selected_0041.jsonl --insert-threads 16 --search-threads 1 --merge-threads 16 --build-l 220 --build-r 116 --beamwidth 4 --k 10 --cpu-cap 8 --metric l2 --route prefilter --search-l 50 --data-bin experiments/v100_pq_drift_1m_baseline_20260601T043217Z/data/phaseC_cycle02_live_data_by_tag.bin --base-label-file experiments/v100_pq_drift_1m_baseline_20260601T043217Z/labels/base_labels_1000000.spmat --query-bin /mnt/nvme1n1/PipeANN-github/experiments/r116_suite_pq16_aris_20260520_072453/data/sift_query_1000.bin --truthset-bin experiments/v100_pq_drift_1m_baseline_20260601T043217Z/truth/phaseC_cycle02_intersect_u3e-03.bin --query-label-file /mnt/nvme1n1/PipeANN-github/experiments/r116_suite_pq16_aris_20260520_072453/labels/query_1000_u3e-03.spmat --selector-type intersect --query-limit 1000,99.73,1.6902689933776855,taskset -c 20-27 /mnt/nvme1n1/PipeANN-github/build_reviewed_20260602_querycache/tests/dynamic_update_suite_driver --mode measure-dynamic-search --source-prefix /mnt/nvme1n1/PipeANN-supersector32k-work/indexes/phaseC_cycle02_retrain_each_cycle_b0c87857b1_super32k_v3 --jsonl-output /mnt/nvme1n1/PipeANN-github/experiments/v100_querycache_optimized_full_replay_v5_20260601T221943Z/tmp/selected_0041.jsonl --insert-threads 16 --search-threads 1 --merge-threads 16 --build-l 220 --build-r 116 --beamwidth 4 --k 10 --cpu-cap 8 --metric l2 --route prefilter --search-l 50 --data-bin experiments/v100_pq_drift_1m_baseline_20260601T043217Z/data/phaseC_cycle02_live_data_by_tag.bin --base-label-file experiments/v100_pq_drift_1m_baseline_20260601T043217Z/labels/base_labels_1000000.spmat --query-bin /mnt/nvme1n1/PipeANN-github/experiments/r116_suite_pq16_aris_20260520_072453/data/sift_query_1000.bin --truthset-bin experiments/v100_pq_drift_1m_baseline_20260601T043217Z/truth/phaseC_cycle02_intersect_u3e-03.bin --query-label-file /mnt/nvme1n1/PipeANN-github/experiments/r116_suite_pq16_aris_20260520_072453/labels/query_1000_u3e-03.spmat --selector-type intersect --query-limit 1000,prefilter,41,283788,282412,50,post_hoc_retuned_fastest_feasible_recall_ge_98,intersect,/mnt/nvme1n1/PipeANN-supersector32k-work/indexes/phaseC_cycle02_retrain_each_cycle_b0c87857b1_super32k_v3,ok,117774,1,0,/mnt/nvme1n1/PipeANN-github/experiments/v100_pq_drift_1m_baseline_20260601T043217Z/indexes/phaseC_cycle02_retrain_each_cycle,/mnt/nvme1n1/PipeANN-supersector32k-work/indexes/phaseC_cycle02_retrain_each_cycle_b0c87857b1_super32k_v3,retrain_each_cycle,0.208638
prefilter,401.107473,u1e-02,10000.0,100,20-27,8,True,phaseC_cycle02_retrain_each_cycle,,0.401226,0,0,1,,10000,0,16,supersector32k,page_aware_slots,3,1000000,281836,117774,10000.0,0.0,0.0,0.0,0.0,148.876,10000.0,0.0,148.876,398.212,609796.096,46.375,117774,measure-dynamic-search,398.014,0.0,0.0,442.145,156.0,10000.0,0.0,156.0,439.0,638976.0,466.895,4096,measure-dynamic-search,4096,1000000,16,1000,281836,2492.360734,1232,281836,/mnt/nvme1n1/PipeANN-github/build_reviewed_20260602_querycache/tests/dynamic_update_suite_driver --mode measure-dynamic-search --source-prefix /mnt/nvme1n1/PipeANN-supersector32k-work/indexes/phaseC_cycle02_retrain_each_cycle_b0c87857b1_super32k_v3 --jsonl-output /mnt/nvme1n1/PipeANN-github/experiments/v100_querycache_optimized_full_replay_v5_20260601T221943Z/tmp/selected_0042.jsonl --insert-threads 16 --search-threads 1 --merge-threads 16 --build-l 220 --build-r 116 --beamwidth 4 --k 10 --cpu-cap 8 --metric l2 --route prefilter --search-l 100 --data-bin experiments/v100_pq_drift_1m_baseline_20260601T043217Z/data/phaseC_cycle02_live_data_by_tag.bin --base-label-file experiments/v100_pq_drift_1m_baseline_20260601T043217Z/labels/base_labels_1000000.spmat --query-bin /mnt/nvme1n1/PipeANN-github/experiments/r116_suite_pq16_aris_20260520_072453/data/sift_query_1000.bin --truthset-bin experiments/v100_pq_drift_1m_baseline_20260601T043217Z/truth/phaseC_cycle02_intersect_u1e-02.bin --query-label-file /mnt/nvme1n1/PipeANN-github/experiments/r116_suite_pq16_aris_20260520_072453/labels/query_1000_u1e-02.spmat --selector-type intersect --query-limit 1000,99.55,1.8625855445861816,taskset -c 20-27 /mnt/nvme1n1/PipeANN-github/build_reviewed_20260602_querycache/tests/dynamic_update_suite_driver --mode measure-dynamic-search --source-prefix /mnt/nvme1n1/PipeANN-supersector32k-work/indexes/phaseC_cycle02_retrain_each_cycle_b0c87857b1_super32k_v3 --jsonl-output /mnt/nvme1n1/PipeANN-github/experiments/v100_querycache_optimized_full_replay_v5_20260601T221943Z/tmp/selected_0042.jsonl --insert-threads 16 --search-threads 1 --merge-threads 16 --build-l 220 --build-r 116 --beamwidth 4 --k 10 --cpu-cap 8 --metric l2 --route prefilter --search-l 100 --data-bin experiments/v100_pq_drift_1m_baseline_20260601T043217Z/data/phaseC_cycle02_live_data_by_tag.bin --base-label-file experiments/v100_pq_drift_1m_baseline_20260601T043217Z/labels/base_labels_1000000.spmat --query-bin /mnt/nvme1n1/PipeANN-github/experiments/r116_suite_pq16_aris_20260520_072453/data/sift_query_1000.bin --truthset-bin experiments/v100_pq_drift_1m_baseline_20260601T043217Z/truth/phaseC_cycle02_intersect_u1e-02.bin --query-label-file /mnt/nvme1n1/PipeANN-github/experiments/r116_suite_pq16_aris_20260520_072453/labels/query_1000_u1e-02.spmat --selector-type intersect --query-limit 1000,prefilter,42,281836,280604,100,post_hoc_retuned_fastest_feasible_recall_ge_98,intersect,/mnt/nvme1n1/PipeANN-supersector32k-work/indexes/phaseC_cycle02_retrain_each_cycle_b0c87857b1_super32k_v3,ok,117774,1,0,/mnt/nvme1n1/PipeANN-github/experiments/v100_pq_drift_1m_baseline_20260601T043217Z/indexes/phaseC_cycle02_retrain_each_cycle,/mnt/nvme1n1/PipeANN-supersector32k-work/indexes/phaseC_cycle02_retrain_each_cycle_b0c87857b1_super32k_v3,retrain_each_cycle,0.401226
prefilter,1176.009461,u5e-02,50000.0,75,20-27,8,True,phaseC_cycle02_retrain_each_cycle,,1.176186,0,0,1,,10000,0,16,supersector32k,page_aware_slots,3,1000000,281832,117774,50000.0,0.0,0.0,0.0,0.0,186.434,50000.0,0.0,186.434,1172.747,763633.664,90.513,117774,measure-dynamic-search,1169.767,0.0,0.0,1268.341,194.0,50000.0,0.0,194.0,1265.0,794624.0,1336.153,4096,measure-dynamic-search,4096,1000000,16,1000,281832,850.20602,1232,281832,/mnt/nvme1n1/PipeANN-github/build_reviewed_20260602_querycache/tests/dynamic_update_suite_driver --mode measure-dynamic-search --source-prefix /mnt/nvme1n1/PipeANN-supersector32k-work/indexes/phaseC_cycle02_retrain_each_cycle_b0c87857b1_super32k_v3 --jsonl-output /mnt/nvme1n1/PipeANN-github/experiments/v100_querycache_optimized_full_replay_v5_20260601T221943Z/tmp/selected_0043.jsonl --insert-threads 16 --search-threads 1 --merge-threads 16 --build-l 220 --build-r 116 --beamwidth 4 --k 10 --cpu-cap 8 --metric l2 --route prefilter --search-l 75 --data-bin experiments/v100_pq_drift_1m_baseline_20260601T043217Z/data/phaseC_cycle02_live_data_by_tag.bin --base-label-file experiments/v100_pq_drift_1m_baseline_20260601T043217Z/labels/base_labels_1000000.spmat --query-bin /mnt/nvme1n1/PipeANN-github/experiments/r116_suite_pq16_aris_20260520_072453/data/sift_query_1000.bin --truthset-bin experiments/v100_pq_drift_1m_baseline_20260601T043217Z/truth/phaseC_cycle02_intersect_u5e-02.bin --query-label-file /mnt/nvme1n1/PipeANN-github/experiments/r116_suite_pq16_aris_20260520_072453/labels/query_1000_u5e-02.spmat --selector-type intersect --query-limit 1000,99.3,3.2965900897979736,taskset -c 20-27 /mnt/nvme1n1/PipeANN-github/build_reviewed_20260602_querycache/tests/dynamic_update_suite_driver --mode measure-dynamic-search --source-prefix /mnt/nvme1n1/PipeANN-supersector32k-work/indexes/phaseC_cycle02_retrain_each_cycle_b0c87857b1_super32k_v3 --jsonl-output /mnt/nvme1n1/PipeANN-github/experiments/v100_querycache_optimized_full_replay_v5_20260601T221943Z/tmp/selected_0043.jsonl --insert-threads 16 --search-threads 1 --merge-threads 16 --build-l 220 --build-r 116 --beamwidth 4 --k 10 --cpu-cap 8 --metric l2 --route prefilter --search-l 75 --data-bin experiments/v100_pq_drift_1m_baseline_20260601T043217Z/data/phaseC_cycle02_live_data_by_tag.bin --base-label-file experiments/v100_pq_drift_1m_baseline_20260601T043217Z/labels/base_labels_1000000.spmat --query-bin /mnt/nvme1n1/PipeANN-github/experiments/r116_suite_pq16_aris_20260520_072453/data/sift_query_1000.bin --truthset-bin experiments/v100_pq_drift_1m_baseline_20260601T043217Z/truth/phaseC_cycle02_intersect_u5e-02.bin --query-label-file /mnt/nvme1n1/PipeANN-github/experiments/r116_suite_pq16_aris_20260520_072453/labels/query_1000_u5e-02.spmat --selector-type intersect --query-limit 1000,prefilter,43,281832,280600,75,post_hoc_retuned_fastest_feasible_recall_ge_98,intersect,/mnt/nvme1n1/PipeANN-supersector32k-work/indexes/phaseC_cycle02_retrain_each_cycle_b0c87857b1_super32k_v3,ok,117774,1,0,/mnt/nvme1n1/PipeANN-github/experiments/v100_pq_drift_1m_baseline_20260601T043217Z/indexes/phaseC_cycle02_retrain_each_cycle,/mnt/nvme1n1/PipeANN-supersector32k-work/indexes/phaseC_cycle02_retrain_each_cycle_b0c87857b1_super32k_v3,retrain_each_cycle,1.176186
prefilter,1869.235554,u1e-01,100000.0,50,20-27,8,True,phaseC_cycle02_retrain_each_cycle,,1.869443,0,0,1,,10000,0,16,supersector32k,page_aware_slots,3,1000000,281800,117774,100000.0,0.0,0.0,0.0,0.0,184.611,100000.0,0.0,184.611,1865.723,756166.656,147.711,117774,measure-dynamic-search,1854.069,0.0,0.0,2001.919,192.0,100000.0,0.0,192.0,1997.0,786432.0,2121.19,4096,measure-dynamic-search,4096,1000000,16,1000,281800,534.918614,1140,281800,/mnt/nvme1n1/PipeANN-github/build_reviewed_20260602_querycache/tests/dynamic_update_suite_driver --mode measure-dynamic-search --source-prefix /mnt/nvme1n1/PipeANN-supersector32k-work/indexes/phaseC_cycle02_retrain_each_cycle_b0c87857b1_super32k_v3 --jsonl-output /mnt/nvme1n1/PipeANN-github/experiments/v100_querycache_optimized_full_replay_v5_20260601T221943Z/tmp/selected_0044.jsonl --insert-threads 16 --search-threads 1 --merge-threads 16 --build-l 220 --build-r 116 --beamwidth 4 --k 10 --cpu-cap 8 --metric l2 --route prefilter --search-l 50 --data-bin experiments/v100_pq_drift_1m_baseline_20260601T043217Z/data/phaseC_cycle02_live_data_by_tag.bin --base-label-file experiments/v100_pq_drift_1m_baseline_20260601T043217Z/labels/base_labels_1000000.spmat --query-bin /mnt/nvme1n1/PipeANN-github/experiments/r116_suite_pq16_aris_20260520_072453/data/sift_query_1000.bin --truthset-bin experiments/v100_pq_drift_1m_baseline_20260601T043217Z/truth/phaseC_cycle02_intersect_u1e-01.bin --query-label-file /mnt/nvme1n1/PipeANN-github/experiments/r116_suite_pq16_aris_20260520_072453/labels/query_1000_u1e-01.spmat --selector-type intersect --query-limit 1000,98.34,3.583975315093994,taskset -c 20-27 /mnt/nvme1n1/PipeANN-github/build_reviewed_20260602_querycache/tests/dynamic_update_suite_driver --mode measure-dynamic-search --source-prefix /mnt/nvme1n1/PipeANN-supersector32k-work/indexes/phaseC_cycle02_retrain_each_cycle_b0c87857b1_super32k_v3 --jsonl-output /mnt/nvme1n1/PipeANN-github/experiments/v100_querycache_optimized_full_replay_v5_20260601T221943Z/tmp/selected_0044.jsonl --insert-threads 16 --search-threads 1 --merge-threads 16 --build-l 220 --build-r 116 --beamwidth 4 --k 10 --cpu-cap 8 --metric l2 --route prefilter --search-l 50 --data-bin experiments/v100_pq_drift_1m_baseline_20260601T043217Z/data/phaseC_cycle02_live_data_by_tag.bin --base-label-file experiments/v100_pq_drift_1m_baseline_20260601T043217Z/labels/base_labels_1000000.spmat --query-bin /mnt/nvme1n1/PipeANN-github/experiments/r116_suite_pq16_aris_20260520_072453/data/sift_query_1000.bin --truthset-bin experiments/v100_pq_drift_1m_baseline_20260601T043217Z/truth/phaseC_cycle02_intersect_u1e-01.bin --query-label-file /mnt/nvme1n1/PipeANN-github/experiments/r116_suite_pq16_aris_20260520_072453/labels/query_1000_u1e-01.spmat --selector-type intersect --query-limit 1000,prefilter,44,281800,280660,50,post_hoc_retuned_fastest_feasible_recall_ge_98,intersect,/mnt/nvme1n1/PipeANN-supersector32k-work/indexes/phaseC_cycle02_retrain_each_cycle_b0c87857b1_super32k_v3,ok,117774,1,0,/mnt/nvme1n1/PipeANN-github/experiments/v100_pq_drift_1m_baseline_20260601T043217Z/indexes/phaseC_cycle02_retrain_each_cycle,/mnt/nvme1n1/PipeANN-supersector32k-work/indexes/phaseC_cycle02_retrain_each_cycle_b0c87857b1_super32k_v3,retrain_each_cycle,1.869443
prefilter,3912.190502,u25,250000.0,200,20-27,8,True,phaseC_cycle02_retrain_each_cycle,,3.912474,0,0,1,,10000,0,16,supersector32k,page_aware_slots,3,1000000,281780,117774,250000.0,0.0,0.0,0.0,0.0,230.233,250000.0,0.0,230.233,3908.313,943034.368,295.009,117774,measure-dynamic-search,3906.859,0.0,0.0,4145.279,239.0,250000.0,0.0,239.0,4141.0,978944.0,4436.412,4096,measure-dynamic-search,4096,1000000,16,1000,281780,255.592762,1200,281780,/mnt/nvme1n1/PipeANN-github/build_reviewed_20260602_querycache/tests/dynamic_update_suite_driver --mode measure-dynamic-search --source-prefix /mnt/nvme1n1/PipeANN-supersector32k-work/indexes/phaseC_cycle02_retrain_each_cycle_b0c87857b1_super32k_v3 --jsonl-output /mnt/nvme1n1/PipeANN-github/experiments/v100_querycache_optimized_full_replay_v5_20260601T221943Z/tmp/selected_0045.jsonl --insert-threads 16 --search-threads 1 --merge-threads 16 --build-l 220 --build-r 116 --beamwidth 4 --k 10 --cpu-cap 8 --metric l2 --route prefilter --search-l 200 --data-bin experiments/v100_pq_drift_1m_baseline_20260601T043217Z/data/phaseC_cycle02_live_data_by_tag.bin --base-label-file experiments/v100_pq_drift_1m_baseline_20260601T043217Z/labels/base_labels_1000000.spmat --query-bin /mnt/nvme1n1/PipeANN-github/experiments/r116_suite_pq16_aris_20260520_072453/data/sift_query_1000.bin --truthset-bin experiments/v100_pq_drift_1m_baseline_20260601T043217Z/truth/phaseC_cycle02_intersect_u25.bin --query-label-file /mnt/nvme1n1/PipeANN-github/experiments/r116_suite_pq16_aris_20260520_072453/labels/query_1000_u25.spmat --selector-type intersect --query-limit 1000,98.01,5.608952522277832,taskset -c 20-27 /mnt/nvme1n1/PipeANN-github/build_reviewed_20260602_querycache/tests/dynamic_update_suite_driver --mode measure-dynamic-search --source-prefix /mnt/nvme1n1/PipeANN-supersector32k-work/indexes/phaseC_cycle02_retrain_each_cycle_b0c87857b1_super32k_v3 --jsonl-output /mnt/nvme1n1/PipeANN-github/experiments/v100_querycache_optimized_full_replay_v5_20260601T221943Z/tmp/selected_0045.jsonl --insert-threads 16 --search-threads 1 --merge-threads 16 --build-l 220 --build-r 116 --beamwidth 4 --k 10 --cpu-cap 8 --metric l2 --route prefilter --search-l 200 --data-bin experiments/v100_pq_drift_1m_baseline_20260601T043217Z/data/phaseC_cycle02_live_data_by_tag.bin --base-label-file experiments/v100_pq_drift_1m_baseline_20260601T043217Z/labels/base_labels_1000000.spmat --query-bin /mnt/nvme1n1/PipeANN-github/experiments/r116_suite_pq16_aris_20260520_072453/data/sift_query_1000.bin --truthset-bin experiments/v100_pq_drift_1m_baseline_20260601T043217Z/truth/phaseC_cycle02_intersect_u25.bin --query-label-file /mnt/nvme1n1/PipeANN-github/experiments/r116_suite_pq16_aris_20260520_072453/labels/query_1000_u25.spmat --selector-type intersect --query-limit 1000,prefilter,45,281780,280580,200,post_hoc_retuned_fastest_feasible_recall_ge_98,intersect,/mnt/nvme1n1/PipeANN-supersector32k-work/indexes/phaseC_cycle02_retrain_each_cycle_b0c87857b1_super32k_v3,ok,117774,1,0,/mnt/nvme1n1/PipeANN-github/experiments/v100_pq_drift_1m_baseline_20260601T043217Z/indexes/phaseC_cycle02_retrain_each_cycle,/mnt/nvme1n1/PipeANN-supersector32k-work/indexes/phaseC_cycle02_retrain_each_cycle_b0c87857b1_super32k_v3,retrain_each_cycle,3.912474
prefilter,4733.708629,u30,300000.0,250,20-27,8,True,phaseC_cycle02_retrain_each_cycle,,4.734017,0,0,1,,10000,0,16,supersector32k,page_aware_slots,3,1000000,281760,117774,300000.0,0.0,0.0,0.0,0.0,287.701,300000.0,0.0,287.701,4729.736,1178423.296,353.19,117774,measure-dynamic-search,4708.157,0.0,0.0,4952.7,297.0,300000.0,0.0,297.0,4949.0,1216512.0,5182.625,4096,measure-dynamic-search,4096,1000000,16,1000,281760,211.237076,1200,281760,/mnt/nvme1n1/PipeANN-github/build_reviewed_20260602_querycache/tests/dynamic_update_suite_driver --mode measure-dynamic-search --source-prefix /mnt/nvme1n1/PipeANN-supersector32k-work/indexes/phaseC_cycle02_retrain_each_cycle_b0c87857b1_super32k_v3 --jsonl-output /mnt/nvme1n1/PipeANN-github/experiments/v100_querycache_optimized_full_replay_v5_20260601T221943Z/tmp/selected_0046.jsonl --insert-threads 16 --search-threads 1 --merge-threads 16 --build-l 220 --build-r 116 --beamwidth 4 --k 10 --cpu-cap 8 --metric l2 --route prefilter --search-l 250 --data-bin experiments/v100_pq_drift_1m_baseline_20260601T043217Z/data/phaseC_cycle02_live_data_by_tag.bin --base-label-file experiments/v100_pq_drift_1m_baseline_20260601T043217Z/labels/base_labels_1000000.spmat --query-bin /mnt/nvme1n1/PipeANN-github/experiments/r116_suite_pq16_aris_20260520_072453/data/sift_query_1000.bin --truthset-bin experiments/v100_pq_drift_1m_baseline_20260601T043217Z/truth/phaseC_cycle02_intersect_u30.bin --query-label-file /mnt/nvme1n1/PipeANN-github/experiments/r116_suite_pq16_aris_20260520_072453/labels/query_1000_u30.spmat --selector-type intersect --query-limit 1000,98.52,6.448349714279175,taskset -c 20-27 /mnt/nvme1n1/PipeANN-github/build_reviewed_20260602_querycache/tests/dynamic_update_suite_driver --mode measure-dynamic-search --source-prefix /mnt/nvme1n1/PipeANN-supersector32k-work/indexes/phaseC_cycle02_retrain_each_cycle_b0c87857b1_super32k_v3 --jsonl-output /mnt/nvme1n1/PipeANN-github/experiments/v100_querycache_optimized_full_replay_v5_20260601T221943Z/tmp/selected_0046.jsonl --insert-threads 16 --search-threads 1 --merge-threads 16 --build-l 220 --build-r 116 --beamwidth 4 --k 10 --cpu-cap 8 --metric l2 --route prefilter --search-l 250 --data-bin experiments/v100_pq_drift_1m_baseline_20260601T043217Z/data/phaseC_cycle02_live_data_by_tag.bin --base-label-file experiments/v100_pq_drift_1m_baseline_20260601T043217Z/labels/base_labels_1000000.spmat --query-bin /mnt/nvme1n1/PipeANN-github/experiments/r116_suite_pq16_aris_20260520_072453/data/sift_query_1000.bin --truthset-bin experiments/v100_pq_drift_1m_baseline_20260601T043217Z/truth/phaseC_cycle02_intersect_u30.bin --query-label-file /mnt/nvme1n1/PipeANN-github/experiments/r116_suite_pq16_aris_20260520_072453/labels/query_1000_u30.spmat --selector-type intersect --query-limit 1000,prefilter,46,281760,280560,250,post_hoc_retuned_fastest_feasible_recall_ge_98,intersect,/mnt/nvme1n1/PipeANN-supersector32k-work/indexes/phaseC_cycle02_retrain_each_cycle_b0c87857b1_super32k_v3,ok,117774,1,0,/mnt/nvme1n1/PipeANN-github/experiments/v100_pq_drift_1m_baseline_20260601T043217Z/indexes/phaseC_cycle02_retrain_each_cycle,/mnt/nvme1n1/PipeANN-supersector32k-work/indexes/phaseC_cycle02_retrain_each_cycle_b0c87857b1_super32k_v3,retrain_each_cycle,4.734017
prefilter,7537.35845,u50,500000.0,250,20-27,8,True,phaseC_cycle02_retrain_each_cycle,,7.537671,0,0,1,,10000,0,16,supersector32k,page_aware_slots,3,1000000,281628,117774,500000.0,0.0,0.0,0.0,0.0,288.587,500000.0,0.0,288.587,7533.217,1182052.352,573.897,117774,measure-dynamic-search,7428.345,0.0,0.0,8112.464,298.0,500000.0,0.0,298.0,8109.0,1220608.0,8674.518,4096,measure-dynamic-search,4096,1000000,16,1000,281628,132.666975,1068,281628,/mnt/nvme1n1/PipeANN-github/build_reviewed_20260602_querycache/tests/dynamic_update_suite_driver --mode measure-dynamic-search --source-prefix /mnt/nvme1n1/PipeANN-supersector32k-work/indexes/phaseC_cycle02_retrain_each_cycle_b0c87857b1_super32k_v3 --jsonl-output /mnt/nvme1n1/PipeANN-github/experiments/v100_querycache_optimized_full_replay_v5_20260601T221943Z/tmp/selected_0047.jsonl --insert-threads 16 --search-threads 1 --merge-threads 16 --build-l 220 --build-r 116 --beamwidth 4 --k 10 --cpu-cap 8 --metric l2 --route prefilter --search-l 250 --data-bin experiments/v100_pq_drift_1m_baseline_20260601T043217Z/data/phaseC_cycle02_live_data_by_tag.bin --base-label-file experiments/v100_pq_drift_1m_baseline_20260601T043217Z/labels/base_labels_1000000.spmat --query-bin /mnt/nvme1n1/PipeANN-github/experiments/r116_suite_pq16_aris_20260520_072453/data/sift_query_1000.bin --truthset-bin experiments/v100_pq_drift_1m_baseline_20260601T043217Z/truth/phaseC_cycle02_intersect_u50.bin --query-label-file /mnt/nvme1n1/PipeANN-github/experiments/r116_suite_pq16_aris_20260520_072453/labels/query_1000_u50.spmat --selector-type intersect --query-limit 1000,98.15,9.2362961769104,taskset -c 20-27 /mnt/nvme1n1/PipeANN-github/build_reviewed_20260602_querycache/tests/dynamic_update_suite_driver --mode measure-dynamic-search --source-prefix /mnt/nvme1n1/PipeANN-supersector32k-work/indexes/phaseC_cycle02_retrain_each_cycle_b0c87857b1_super32k_v3 --jsonl-output /mnt/nvme1n1/PipeANN-github/experiments/v100_querycache_optimized_full_replay_v5_20260601T221943Z/tmp/selected_0047.jsonl --insert-threads 16 --search-threads 1 --merge-threads 16 --build-l 220 --build-r 116 --beamwidth 4 --k 10 --cpu-cap 8 --metric l2 --route prefilter --search-l 250 --data-bin experiments/v100_pq_drift_1m_baseline_20260601T043217Z/data/phaseC_cycle02_live_data_by_tag.bin --base-label-file experiments/v100_pq_drift_1m_baseline_20260601T043217Z/labels/base_labels_1000000.spmat --query-bin /mnt/nvme1n1/PipeANN-github/experiments/r116_suite_pq16_aris_20260520_072453/data/sift_query_1000.bin --truthset-bin experiments/v100_pq_drift_1m_baseline_20260601T043217Z/truth/phaseC_cycle02_intersect_u50.bin --query-label-file /mnt/nvme1n1/PipeANN-github/experiments/r116_suite_pq16_aris_20260520_072453/labels/query_1000_u50.spmat --selector-type intersect --query-limit 1000,prefilter,47,281628,280560,250,post_hoc_retuned_fastest_feasible_recall_ge_98,intersect,/mnt/nvme1n1/PipeANN-supersector32k-work/indexes/phaseC_cycle02_retrain_each_cycle_b0c87857b1_super32k_v3,ok,117774,1,0,/mnt/nvme1n1/PipeANN-github/experiments/v100_pq_drift_1m_baseline_20260601T043217Z/indexes/phaseC_cycle02_retrain_each_cycle,/mnt/nvme1n1/PipeANN-supersector32k-work/indexes/phaseC_cycle02_retrain_each_cycle_b0c87857b1_super32k_v3,retrain_each_cycle,7.537671
graph,5620.208885,u75,750000.0,400,20-27,8,True,phaseC_cycle02_retrain_each_cycle,,5.620508,0,0,1,,10000,1000,16,supersector32k,page_aware_slots,3,1000000,295792,117774,750000.0,21219.616,0.0,5219.064,0.0,467.896,21219.616,0.0,467.896,5292.52,1916502.016,27.906,117774,measure-dynamic-search,5551.019,27189.0,0.0,5928.149,486.0,27189.0,0.0,486.0,5574.0,1990656.0,6392.175,4096,measure-dynamic-search,4096,1000000,16,0,295792,177.919848,13204,295792,/mnt/nvme1n1/PipeANN-github/build_reviewed_20260602_querycache/tests/dynamic_update_suite_driver --mode measure-dynamic-search --source-prefix /mnt/nvme1n1/PipeANN-supersector32k-work/indexes/phaseC_cycle02_retrain_each_cycle_b0c87857b1_super32k_v3 --jsonl-output /mnt/nvme1n1/PipeANN-github/experiments/v100_querycache_optimized_full_replay_v5_20260601T221943Z/tmp/selected_0048.jsonl --insert-threads 16 --search-threads 1 --merge-threads 16 --build-l 220 --build-r 116 --beamwidth 8 --k 10 --cpu-cap 8 --metric l2 --route graph --search-l 400 --data-bin experiments/v100_pq_drift_1m_baseline_20260601T043217Z/data/phaseC_cycle02_live_data_by_tag.bin --base-label-file experiments/v100_pq_drift_1m_baseline_20260601T043217Z/labels/base_labels_1000000.spmat --query-bin /mnt/nvme1n1/PipeANN-github/experiments/r116_suite_pq16_aris_20260520_072453/data/sift_query_1000.bin --truthset-bin experiments/v100_pq_drift_1m_baseline_20260601T043217Z/truth/phaseC_cycle02_intersect_u75.bin --query-label-file /mnt/nvme1n1/PipeANN-github/experiments/r116_suite_pq16_aris_20260520_072453/labels/query_1000_u75.spmat --selector-type intersect --query-limit 1000,98.43,7.185108184814453,taskset -c 20-27 /mnt/nvme1n1/PipeANN-github/build_reviewed_20260602_querycache/tests/dynamic_update_suite_driver --mode measure-dynamic-search --source-prefix /mnt/nvme1n1/PipeANN-supersector32k-work/indexes/phaseC_cycle02_retrain_each_cycle_b0c87857b1_super32k_v3 --jsonl-output /mnt/nvme1n1/PipeANN-github/experiments/v100_querycache_optimized_full_replay_v5_20260601T221943Z/tmp/selected_0048.jsonl --insert-threads 16 --search-threads 1 --merge-threads 16 --build-l 220 --build-r 116 --beamwidth 8 --k 10 --cpu-cap 8 --metric l2 --route graph --search-l 400 --data-bin experiments/v100_pq_drift_1m_baseline_20260601T043217Z/data/phaseC_cycle02_live_data_by_tag.bin --base-label-file experiments/v100_pq_drift_1m_baseline_20260601T043217Z/labels/base_labels_1000000.spmat --query-bin /mnt/nvme1n1/PipeANN-github/experiments/r116_suite_pq16_aris_20260520_072453/data/sift_query_1000.bin --truthset-bin experiments/v100_pq_drift_1m_baseline_20260601T043217Z/truth/phaseC_cycle02_intersect_u75.bin --query-label-file /mnt/nvme1n1/PipeANN-github/experiments/r116_suite_pq16_aris_20260520_072453/labels/query_1000_u75.spmat --selector-type intersect --query-limit 1000,graph,48,295792,282588,400,querycache_highrisk_beamwidth_8_source_row_48,intersect,/mnt/nvme1n1/PipeANN-supersector32k-work/indexes/phaseC_cycle02_retrain_each_cycle_b0c87857b1_super32k_v3,ok,117774,1,0,/mnt/nvme1n1/PipeANN-github/experiments/v100_pq_drift_1m_baseline_20260601T043217Z/indexes/phaseC_cycle02_retrain_each_cycle,/mnt/nvme1n1/PipeANN-supersector32k-work/indexes/phaseC_cycle02_retrain_each_cycle_b0c87857b1_super32k_v3,retrain_each_cycle,5.620508
graph,6919.895532,u100,1000000.0,300,20-27,8,True,phaseC_cycle02_retrain_each_cycle,,6.92019,0,0,1,,10000,1000,16,supersector32k,page_aware_slots,3,1000000,295360,117774,1000000.0,17249.11,0.0,6557.914,0.0,353.746,17249.11,0.0,353.746,6624.393,1448943.616,24.17,117774,measure-dynamic-search,6888.974,21787.0,0.0,7250.984,370.0,21787.0,0.0,370.0,6947.0,1515520.0,7654.663,4096,measure-dynamic-search,4096,1000000,16,0,295360,144.504706,14716,295360,/mnt/nvme1n1/PipeANN-github/build_reviewed_20260602_querycache/tests/dynamic_update_suite_driver --mode measure-dynamic-search --source-prefix /mnt/nvme1n1/PipeANN-supersector32k-work/indexes/phaseC_cycle02_retrain_each_cycle_b0c87857b1_super32k_v3 --jsonl-output /mnt/nvme1n1/PipeANN-github/experiments/v100_querycache_optimized_full_replay_v5_20260601T221943Z/tmp/selected_0049.jsonl --insert-threads 16 --search-threads 1 --merge-threads 16 --build-l 220 --build-r 116 --beamwidth 4 --k 10 --cpu-cap 8 --metric l2 --route graph --search-l 300 --data-bin experiments/v100_pq_drift_1m_baseline_20260601T043217Z/data/phaseC_cycle02_live_data_by_tag.bin --base-label-file experiments/v100_pq_drift_1m_baseline_20260601T043217Z/labels/base_labels_1000000.spmat --query-bin /mnt/nvme1n1/PipeANN-github/experiments/r116_suite_pq16_aris_20260520_072453/data/sift_query_1000.bin --truthset-bin experiments/v100_pq_drift_1m_baseline_20260601T043217Z/truth/phaseC_cycle02_intersect_u100.bin --query-label-file /mnt/nvme1n1/PipeANN-github/experiments/r116_suite_pq16_aris_20260520_072453/labels/query_1000_u100.spmat --selector-type intersect --query-limit 1000,98.24,8.441047430038452,taskset -c 20-27 /mnt/nvme1n1/PipeANN-github/build_reviewed_20260602_querycache/tests/dynamic_update_suite_driver --mode measure-dynamic-search --source-prefix /mnt/nvme1n1/PipeANN-supersector32k-work/indexes/phaseC_cycle02_retrain_each_cycle_b0c87857b1_super32k_v3 --jsonl-output /mnt/nvme1n1/PipeANN-github/experiments/v100_querycache_optimized_full_replay_v5_20260601T221943Z/tmp/selected_0049.jsonl --insert-threads 16 --search-threads 1 --merge-threads 16 --build-l 220 --build-r 116 --beamwidth 4 --k 10 --cpu-cap 8 --metric l2 --route graph --search-l 300 --data-bin experiments/v100_pq_drift_1m_baseline_20260601T043217Z/data/phaseC_cycle02_live_data_by_tag.bin --base-label-file experiments/v100_pq_drift_1m_baseline_20260601T043217Z/labels/base_labels_1000000.spmat --query-bin /mnt/nvme1n1/PipeANN-github/experiments/r116_suite_pq16_aris_20260520_072453/data/sift_query_1000.bin --truthset-bin experiments/v100_pq_drift_1m_baseline_20260601T043217Z/truth/phaseC_cycle02_intersect_u100.bin --query-label-file /mnt/nvme1n1/PipeANN-github/experiments/r116_suite_pq16_aris_20260520_072453/labels/query_1000_u100.spmat --selector-type intersect --query-limit 1000,graph,49,295360,280644,300,post_hoc_retuned_fastest_feasible_recall_ge_98,intersect,/mnt/nvme1n1/PipeANN-supersector32k-work/indexes/phaseC_cycle02_retrain_each_cycle_b0c87857b1_super32k_v3,ok,117774,1,0,/mnt/nvme1n1/PipeANN-github/experiments/v100_pq_drift_1m_baseline_20260601T043217Z/indexes/phaseC_cycle02_retrain_each_cycle,/mnt/nvme1n1/PipeANN-supersector32k-work/indexes/phaseC_cycle02_retrain_each_cycle_b0c87857b1_super32k_v3,retrain_each_cycle,6.92019
prefilter,161.71274,u1e-03,1000.0,50,20-27,8,True,phaseC_cycle02_retrain_each_cycle,,0.161803,0,0,1,,10000,0,16,supersector32k,page_aware_slots,3,1000000,281616,117774,1000.0,0.0,0.0,0.0,0.0,111.653,1000.0,0.0,111.653,159.078,457330.688,35.313,117774,measure-dynamic-search,159.038,0.0,0.0,181.175,117.0,1000.0,0.0,117.0,179.0,479232.0,194.519,4096,measure-dynamic-search,4096,1000000,16,1000,281616,6180.372885,1112,281616,/mnt/nvme1n1/PipeANN-github/build_reviewed_20260602_querycache/tests/dynamic_update_suite_driver --mode measure-dynamic-search --source-prefix /mnt/nvme1n1/PipeANN-supersector32k-work/indexes/phaseC_cycle02_retrain_each_cycle_b0c87857b1_super32k_v3 --jsonl-output /mnt/nvme1n1/PipeANN-github/experiments/v100_querycache_optimized_full_replay_v5_20260601T221943Z/tmp/selected_0050.jsonl --insert-threads 16 --search-threads 1 --merge-threads 16 --build-l 220 --build-r 116 --beamwidth 4 --k 10 --cpu-cap 8 --metric l2 --route prefilter --search-l 50 --data-bin experiments/v100_pq_drift_1m_baseline_20260601T043217Z/data/phaseC_cycle02_live_data_by_tag.bin --base-label-file experiments/v100_pq_drift_1m_baseline_20260601T043217Z/labels/base_labels_1000000.spmat --query-bin /mnt/nvme1n1/PipeANN-github/experiments/r116_suite_pq16_aris_20260520_072453/data/sift_query_1000.bin --truthset-bin experiments/v100_pq_drift_1m_baseline_20260601T043217Z/truth/phaseC_cycle02_range_u1e-03.bin --query-label-file /mnt/nvme1n1/PipeANN-github/experiments/r116_suite_pq16_aris_20260520_072453/labels/query_1000_range_u1e-03.spmat --selector-type range --query-limit 1000,99.92,2.0084118843078613,taskset -c 20-27 /mnt/nvme1n1/PipeANN-github/build_reviewed_20260602_querycache/tests/dynamic_update_suite_driver --mode measure-dynamic-search --source-prefix /mnt/nvme1n1/PipeANN-supersector32k-work/indexes/phaseC_cycle02_retrain_each_cycle_b0c87857b1_super32k_v3 --jsonl-output /mnt/nvme1n1/PipeANN-github/experiments/v100_querycache_optimized_full_replay_v5_20260601T221943Z/tmp/selected_0050.jsonl --insert-threads 16 --search-threads 1 --merge-threads 16 --build-l 220 --build-r 116 --beamwidth 4 --k 10 --cpu-cap 8 --metric l2 --route prefilter --search-l 50 --data-bin experiments/v100_pq_drift_1m_baseline_20260601T043217Z/data/phaseC_cycle02_live_data_by_tag.bin --base-label-file experiments/v100_pq_drift_1m_baseline_20260601T043217Z/labels/base_labels_1000000.spmat --query-bin /mnt/nvme1n1/PipeANN-github/experiments/r116_suite_pq16_aris_20260520_072453/data/sift_query_1000.bin --truthset-bin experiments/v100_pq_drift_1m_baseline_20260601T043217Z/truth/phaseC_cycle02_range_u1e-03.bin --query-label-file /mnt/nvme1n1/PipeANN-github/experiments/r116_suite_pq16_aris_20260520_072453/labels/query_1000_range_u1e-03.spmat --selector-type range --query-limit 1000,prefilter,50,281616,280504,50,post_hoc_retuned_fastest_feasible_recall_ge_98,range,/mnt/nvme1n1/PipeANN-supersector32k-work/indexes/phaseC_cycle02_retrain_each_cycle_b0c87857b1_super32k_v3,ok,117774,1,0,/mnt/nvme1n1/PipeANN-github/experiments/v100_pq_drift_1m_baseline_20260601T043217Z/indexes/phaseC_cycle02_retrain_each_cycle,/mnt/nvme1n1/PipeANN-supersector32k-work/indexes/phaseC_cycle02_retrain_each_cycle_b0c87857b1_super32k_v3,retrain_each_cycle,0.161803
prefilter,215.112229,u3e-03,3000.0,50,20-27,8,True,phaseC_cycle02_retrain_each_cycle,,0.215208,0,0,1,,10000,0,16,supersector32k,page_aware_slots,3,1000000,281596,117774,3000.0,0.0,0.0,0.0,0.0,111.555,3000.0,0.0,111.555,212.413,456929.28,42.368,117774,measure-dynamic-search,212.899,0.0,0.0,232.769,118.0,3000.0,0.0,118.0,230.0,483328.0,248.06,4096,measure-dynamic-search,4096,1000000,16,1000,281596,4646.670541,984,281596,/mnt/nvme1n1/PipeANN-github/build_reviewed_20260602_querycache/tests/dynamic_update_suite_driver --mode measure-dynamic-search --source-prefix /mnt/nvme1n1/PipeANN-supersector32k-work/indexes/phaseC_cycle02_retrain_each_cycle_b0c87857b1_super32k_v3 --jsonl-output /mnt/nvme1n1/PipeANN-github/experiments/v100_querycache_optimized_full_replay_v5_20260601T221943Z/tmp/selected_0051.jsonl --insert-threads 16 --search-threads 1 --merge-threads 16 --build-l 220 --build-r 116 --beamwidth 4 --k 10 --cpu-cap 8 --metric l2 --route prefilter --search-l 50 --data-bin experiments/v100_pq_drift_1m_baseline_20260601T043217Z/data/phaseC_cycle02_live_data_by_tag.bin --base-label-file experiments/v100_pq_drift_1m_baseline_20260601T043217Z/labels/base_labels_1000000.spmat --query-bin /mnt/nvme1n1/PipeANN-github/experiments/r116_suite_pq16_aris_20260520_072453/data/sift_query_1000.bin --truthset-bin experiments/v100_pq_drift_1m_baseline_20260601T043217Z/truth/phaseC_cycle02_range_u3e-03.bin --query-label-file /mnt/nvme1n1/PipeANN-github/experiments/r116_suite_pq16_aris_20260520_072453/labels/query_1000_range_u3e-03.spmat --selector-type range --query-limit 1000,99.73,1.8702709674835205,taskset -c 20-27 /mnt/nvme1n1/PipeANN-github/build_reviewed_20260602_querycache/tests/dynamic_update_suite_driver --mode measure-dynamic-search --source-prefix /mnt/nvme1n1/PipeANN-supersector32k-work/indexes/phaseC_cycle02_retrain_each_cycle_b0c87857b1_super32k_v3 --jsonl-output /mnt/nvme1n1/PipeANN-github/experiments/v100_querycache_optimized_full_replay_v5_20260601T221943Z/tmp/selected_0051.jsonl --insert-threads 16 --search-threads 1 --merge-threads 16 --build-l 220 --build-r 116 --beamwidth 4 --k 10 --cpu-cap 8 --metric l2 --route prefilter --search-l 50 --data-bin experiments/v100_pq_drift_1m_baseline_20260601T043217Z/data/phaseC_cycle02_live_data_by_tag.bin --base-label-file experiments/v100_pq_drift_1m_baseline_20260601T043217Z/labels/base_labels_1000000.spmat --query-bin /mnt/nvme1n1/PipeANN-github/experiments/r116_suite_pq16_aris_20260520_072453/data/sift_query_1000.bin --truthset-bin experiments/v100_pq_drift_1m_baseline_20260601T043217Z/truth/phaseC_cycle02_range_u3e-03.bin --query-label-file /mnt/nvme1n1/PipeANN-github/experiments/r116_suite_pq16_aris_20260520_072453/labels/query_1000_range_u3e-03.spmat --selector-type range --query-limit 1000,prefilter,51,281596,280612,50,post_hoc_retuned_fastest_feasible_recall_ge_98,range,/mnt/nvme1n1/PipeANN-supersector32k-work/indexes/phaseC_cycle02_retrain_each_cycle_b0c87857b1_super32k_v3,ok,117774,1,0,/mnt/nvme1n1/PipeANN-github/experiments/v100_pq_drift_1m_baseline_20260601T043217Z/indexes/phaseC_cycle02_retrain_each_cycle,/mnt/nvme1n1/PipeANN-supersector32k-work/indexes/phaseC_cycle02_retrain_each_cycle_b0c87857b1_super32k_v3,retrain_each_cycle,0.215208
prefilter,411.730252,u1e-02,10000.0,75,20-27,8,True,phaseC_cycle02_retrain_each_cycle,,0.411863,0,0,1,,10000,0,16,supersector32k,page_aware_slots,3,1000000,281516,117774,10000.0,0.0,0.0,0.0,0.0,148.876,10000.0,0.0,148.876,408.661,609796.096,58.479,117774,measure-dynamic-search,404.864,0.0,0.0,452.57,156.0,10000.0,0.0,156.0,450.0,638976.0,509.193,4096,measure-dynamic-search,4096,1000000,16,1000,281516,2427.990783,984,281516,/mnt/nvme1n1/PipeANN-github/build_reviewed_20260602_querycache/tests/dynamic_update_suite_driver --mode measure-dynamic-search --source-prefix /mnt/nvme1n1/PipeANN-supersector32k-work/indexes/phaseC_cycle02_retrain_each_cycle_b0c87857b1_super32k_v3 --jsonl-output /mnt/nvme1n1/PipeANN-github/experiments/v100_querycache_optimized_full_replay_v5_20260601T221943Z/tmp/selected_0052.jsonl --insert-threads 16 --search-threads 1 --merge-threads 16 --build-l 220 --build-r 116 --beamwidth 4 --k 10 --cpu-cap 8 --metric l2 --route prefilter --search-l 75 --data-bin experiments/v100_pq_drift_1m_baseline_20260601T043217Z/data/phaseC_cycle02_live_data_by_tag.bin --base-label-file experiments/v100_pq_drift_1m_baseline_20260601T043217Z/labels/base_labels_1000000.spmat --query-bin /mnt/nvme1n1/PipeANN-github/experiments/r116_suite_pq16_aris_20260520_072453/data/sift_query_1000.bin --truthset-bin experiments/v100_pq_drift_1m_baseline_20260601T043217Z/truth/phaseC_cycle02_range_u1e-02.bin --query-label-file /mnt/nvme1n1/PipeANN-github/experiments/r116_suite_pq16_aris_20260520_072453/labels/query_1000_range_u1e-02.spmat --selector-type range --query-limit 1000,99.55,2.044276237487793,taskset -c 20-27 /mnt/nvme1n1/PipeANN-github/build_reviewed_20260602_querycache/tests/dynamic_update_suite_driver --mode measure-dynamic-search --source-prefix /mnt/nvme1n1/PipeANN-supersector32k-work/indexes/phaseC_cycle02_retrain_each_cycle_b0c87857b1_super32k_v3 --jsonl-output /mnt/nvme1n1/PipeANN-github/experiments/v100_querycache_optimized_full_replay_v5_20260601T221943Z/tmp/selected_0052.jsonl --insert-threads 16 --search-threads 1 --merge-threads 16 --build-l 220 --build-r 116 --beamwidth 4 --k 10 --cpu-cap 8 --metric l2 --route prefilter --search-l 75 --data-bin experiments/v100_pq_drift_1m_baseline_20260601T043217Z/data/phaseC_cycle02_live_data_by_tag.bin --base-label-file experiments/v100_pq_drift_1m_baseline_20260601T043217Z/labels/base_labels_1000000.spmat --query-bin /mnt/nvme1n1/PipeANN-github/experiments/r116_suite_pq16_aris_20260520_072453/data/sift_query_1000.bin --truthset-bin experiments/v100_pq_drift_1m_baseline_20260601T043217Z/truth/phaseC_cycle02_range_u1e-02.bin --query-label-file /mnt/nvme1n1/PipeANN-github/experiments/r116_suite_pq16_aris_20260520_072453/labels/query_1000_range_u1e-02.spmat --selector-type range --query-limit 1000,prefilter,52,281516,280532,75,post_hoc_retuned_fastest_feasible_recall_ge_98,range,/mnt/nvme1n1/PipeANN-supersector32k-work/indexes/phaseC_cycle02_retrain_each_cycle_b0c87857b1_super32k_v3,ok,117774,1,0,/mnt/nvme1n1/PipeANN-github/experiments/v100_pq_drift_1m_baseline_20260601T043217Z/indexes/phaseC_cycle02_retrain_each_cycle,/mnt/nvme1n1/PipeANN-supersector32k-work/indexes/phaseC_cycle02_retrain_each_cycle_b0c87857b1_super32k_v3,retrain_each_cycle,0.411863
prefilter,1186.079018,u5e-02,50000.0,50,20-27,8,True,phaseC_cycle02_retrain_each_cycle,,1.186259,0,0,1,,10000,0,16,supersector32k,page_aware_slots,3,1000000,281676,117774,50000.0,0.0,0.0,0.0,0.0,186.434,50000.0,0.0,186.434,1182.794,763633.664,106.634,117774,measure-dynamic-search,1176.705,0.0,0.0,1309.069,194.0,50000.0,0.0,194.0,1305.0,794624.0,1379.539,4096,measure-dynamic-search,4096,1000000,16,1000,281676,842.986269,1112,281676,/mnt/nvme1n1/PipeANN-github/build_reviewed_20260602_querycache/tests/dynamic_update_suite_driver --mode measure-dynamic-search --source-prefix /mnt/nvme1n1/PipeANN-supersector32k-work/indexes/phaseC_cycle02_retrain_each_cycle_b0c87857b1_super32k_v3 --jsonl-output /mnt/nvme1n1/PipeANN-github/experiments/v100_querycache_optimized_full_replay_v5_20260601T221943Z/tmp/selected_0053.jsonl --insert-threads 16 --search-threads 1 --merge-threads 16 --build-l 220 --build-r 116 --beamwidth 4 --k 10 --cpu-cap 8 --metric l2 --route prefilter --search-l 50 --data-bin experiments/v100_pq_drift_1m_baseline_20260601T043217Z/data/phaseC_cycle02_live_data_by_tag.bin --base-label-file experiments/v100_pq_drift_1m_baseline_20260601T043217Z/labels/base_labels_1000000.spmat --query-bin /mnt/nvme1n1/PipeANN-github/experiments/r116_suite_pq16_aris_20260520_072453/data/sift_query_1000.bin --truthset-bin experiments/v100_pq_drift_1m_baseline_20260601T043217Z/truth/phaseC_cycle02_range_u5e-02.bin --query-label-file /mnt/nvme1n1/PipeANN-github/experiments/r116_suite_pq16_aris_20260520_072453/labels/query_1000_range_u5e-02.spmat --selector-type range --query-limit 1000,99.3,2.803529977798462,taskset -c 20-27 /mnt/nvme1n1/PipeANN-github/build_reviewed_20260602_querycache/tests/dynamic_update_suite_driver --mode measure-dynamic-search --source-prefix /mnt/nvme1n1/PipeANN-supersector32k-work/indexes/phaseC_cycle02_retrain_each_cycle_b0c87857b1_super32k_v3 --jsonl-output /mnt/nvme1n1/PipeANN-github/experiments/v100_querycache_optimized_full_replay_v5_20260601T221943Z/tmp/selected_0053.jsonl --insert-threads 16 --search-threads 1 --merge-threads 16 --build-l 220 --build-r 116 --beamwidth 4 --k 10 --cpu-cap 8 --metric l2 --route prefilter --search-l 50 --data-bin experiments/v100_pq_drift_1m_baseline_20260601T043217Z/data/phaseC_cycle02_live_data_by_tag.bin --base-label-file experiments/v100_pq_drift_1m_baseline_20260601T043217Z/labels/base_labels_1000000.spmat --query-bin /mnt/nvme1n1/PipeANN-github/experiments/r116_suite_pq16_aris_20260520_072453/data/sift_query_1000.bin --truthset-bin experiments/v100_pq_drift_1m_baseline_20260601T043217Z/truth/phaseC_cycle02_range_u5e-02.bin --query-label-file /mnt/nvme1n1/PipeANN-github/experiments/r116_suite_pq16_aris_20260520_072453/labels/query_1000_range_u5e-02.spmat --selector-type range --query-limit 1000,prefilter,53,281676,280564,50,post_hoc_retuned_fastest_feasible_recall_ge_98,range,/mnt/nvme1n1/PipeANN-supersector32k-work/indexes/phaseC_cycle02_retrain_each_cycle_b0c87857b1_super32k_v3,ok,117774,1,0,/mnt/nvme1n1/PipeANN-github/experiments/v100_pq_drift_1m_baseline_20260601T043217Z/indexes/phaseC_cycle02_retrain_each_cycle,/mnt/nvme1n1/PipeANN-supersector32k-work/indexes/phaseC_cycle02_retrain_each_cycle_b0c87857b1_super32k_v3,retrain_each_cycle,1.186259
prefilter,1881.645666,u1e-01,100000.0,75,20-27,8,True,phaseC_cycle02_retrain_each_cycle,,1.881845,0,0,1,,10000,0,16,supersector32k,page_aware_slots,3,1000000,281956,117774,100000.0,0.0,0.0,0.0,0.0,184.611,100000.0,0.0,184.611,1877.909,756166.656,165.898,117774,measure-dynamic-search,1869.501,0.0,0.0,2083.954,192.0,100000.0,0.0,192.0,2079.0,786432.0,2212.559,4096,measure-dynamic-search,4096,1000000,16,1000,281956,531.393327,1208,281956,/mnt/nvme1n1/PipeANN-github/build_reviewed_20260602_querycache/tests/dynamic_update_suite_driver --mode measure-dynamic-search --source-prefix /mnt/nvme1n1/PipeANN-supersector32k-work/indexes/phaseC_cycle02_retrain_each_cycle_b0c87857b1_super32k_v3 --jsonl-output /mnt/nvme1n1/PipeANN-github/experiments/v100_querycache_optimized_full_replay_v5_20260601T221943Z/tmp/selected_0054.jsonl --insert-threads 16 --search-threads 1 --merge-threads 16 --build-l 220 --build-r 116 --beamwidth 4 --k 10 --cpu-cap 8 --metric l2 --route prefilter --search-l 75 --data-bin experiments/v100_pq_drift_1m_baseline_20260601T043217Z/data/phaseC_cycle02_live_data_by_tag.bin --base-label-file experiments/v100_pq_drift_1m_baseline_20260601T043217Z/labels/base_labels_1000000.spmat --query-bin /mnt/nvme1n1/PipeANN-github/experiments/r116_suite_pq16_aris_20260520_072453/data/sift_query_1000.bin --truthset-bin experiments/v100_pq_drift_1m_baseline_20260601T043217Z/truth/phaseC_cycle02_range_u1e-01.bin --query-label-file /mnt/nvme1n1/PipeANN-github/experiments/r116_suite_pq16_aris_20260520_072453/labels/query_1000_range_u1e-01.spmat --selector-type range --query-limit 1000,98.34,3.5770020484924316,taskset -c 20-27 /mnt/nvme1n1/PipeANN-github/build_reviewed_20260602_querycache/tests/dynamic_update_suite_driver --mode measure-dynamic-search --source-prefix /mnt/nvme1n1/PipeANN-supersector32k-work/indexes/phaseC_cycle02_retrain_each_cycle_b0c87857b1_super32k_v3 --jsonl-output /mnt/nvme1n1/PipeANN-github/experiments/v100_querycache_optimized_full_replay_v5_20260601T221943Z/tmp/selected_0054.jsonl --insert-threads 16 --search-threads 1 --merge-threads 16 --build-l 220 --build-r 116 --beamwidth 4 --k 10 --cpu-cap 8 --metric l2 --route prefilter --search-l 75 --data-bin experiments/v100_pq_drift_1m_baseline_20260601T043217Z/data/phaseC_cycle02_live_data_by_tag.bin --base-label-file experiments/v100_pq_drift_1m_baseline_20260601T043217Z/labels/base_labels_1000000.spmat --query-bin /mnt/nvme1n1/PipeANN-github/experiments/r116_suite_pq16_aris_20260520_072453/data/sift_query_1000.bin --truthset-bin experiments/v100_pq_drift_1m_baseline_20260601T043217Z/truth/phaseC_cycle02_range_u1e-01.bin --query-label-file /mnt/nvme1n1/PipeANN-github/experiments/r116_suite_pq16_aris_20260520_072453/labels/query_1000_range_u1e-01.spmat --selector-type range --query-limit 1000,prefilter,54,281956,280748,75,post_hoc_retuned_fastest_feasible_recall_ge_98,range,/mnt/nvme1n1/PipeANN-supersector32k-work/indexes/phaseC_cycle02_retrain_each_cycle_b0c87857b1_super32k_v3,ok,117774,1,0,/mnt/nvme1n1/PipeANN-github/experiments/v100_pq_drift_1m_baseline_20260601T043217Z/indexes/phaseC_cycle02_retrain_each_cycle,/mnt/nvme1n1/PipeANN-supersector32k-work/indexes/phaseC_cycle02_retrain_each_cycle_b0c87857b1_super32k_v3,retrain_each_cycle,1.881845
prefilter,3960.56251,u25,250000.0,200,20-27,8,True,phaseC_cycle02_retrain_each_cycle,,3.960817,0,0,1,,10000,0,16,supersector32k,page_aware_slots,3,1000000,281788,117774,250000.0,0.0,0.0,0.0,0.0,230.233,250000.0,0.0,230.233,3956.517,943034.368,330.565,117774,measure-dynamic-search,3944.515,0.0,0.0,4113.261,239.0,250000.0,0.0,239.0,4110.0,978944.0,4316.711,4096,measure-dynamic-search,4096,1000000,16,1000,281788,252.473139,1204,281788,/mnt/nvme1n1/PipeANN-github/build_reviewed_20260602_querycache/tests/dynamic_update_suite_driver --mode measure-dynamic-search --source-prefix /mnt/nvme1n1/PipeANN-supersector32k-work/indexes/phaseC_cycle02_retrain_each_cycle_b0c87857b1_super32k_v3 --jsonl-output /mnt/nvme1n1/PipeANN-github/experiments/v100_querycache_optimized_full_replay_v5_20260601T221943Z/tmp/selected_0055.jsonl --insert-threads 16 --search-threads 1 --merge-threads 16 --build-l 220 --build-r 116 --beamwidth 4 --k 10 --cpu-cap 8 --metric l2 --route prefilter --search-l 200 --data-bin experiments/v100_pq_drift_1m_baseline_20260601T043217Z/data/phaseC_cycle02_live_data_by_tag.bin --base-label-file experiments/v100_pq_drift_1m_baseline_20260601T043217Z/labels/base_labels_1000000.spmat --query-bin /mnt/nvme1n1/PipeANN-github/experiments/r116_suite_pq16_aris_20260520_072453/data/sift_query_1000.bin --truthset-bin experiments/v100_pq_drift_1m_baseline_20260601T043217Z/truth/phaseC_cycle02_range_u25.bin --query-label-file /mnt/nvme1n1/PipeANN-github/experiments/r116_suite_pq16_aris_20260520_072453/labels/query_1000_range_u25.spmat --selector-type range --query-limit 1000,98.01,5.683816194534302,taskset -c 20-27 /mnt/nvme1n1/PipeANN-github/build_reviewed_20260602_querycache/tests/dynamic_update_suite_driver --mode measure-dynamic-search --source-prefix /mnt/nvme1n1/PipeANN-supersector32k-work/indexes/phaseC_cycle02_retrain_each_cycle_b0c87857b1_super32k_v3 --jsonl-output /mnt/nvme1n1/PipeANN-github/experiments/v100_querycache_optimized_full_replay_v5_20260601T221943Z/tmp/selected_0055.jsonl --insert-threads 16 --search-threads 1 --merge-threads 16 --build-l 220 --build-r 116 --beamwidth 4 --k 10 --cpu-cap 8 --metric l2 --route prefilter --search-l 200 --data-bin experiments/v100_pq_drift_1m_baseline_20260601T043217Z/data/phaseC_cycle02_live_data_by_tag.bin --base-label-file experiments/v100_pq_drift_1m_baseline_20260601T043217Z/labels/base_labels_1000000.spmat --query-bin /mnt/nvme1n1/PipeANN-github/experiments/r116_suite_pq16_aris_20260520_072453/data/sift_query_1000.bin --truthset-bin experiments/v100_pq_drift_1m_baseline_20260601T043217Z/truth/phaseC_cycle02_range_u25.bin --query-label-file /mnt/nvme1n1/PipeANN-github/experiments/r116_suite_pq16_aris_20260520_072453/labels/query_1000_range_u25.spmat --selector-type range --query-limit 1000,prefilter,55,281788,280584,200,post_hoc_retuned_fastest_feasible_recall_ge_98,range,/mnt/nvme1n1/PipeANN-supersector32k-work/indexes/phaseC_cycle02_retrain_each_cycle_b0c87857b1_super32k_v3,ok,117774,1,0,/mnt/nvme1n1/PipeANN-github/experiments/v100_pq_drift_1m_baseline_20260601T043217Z/indexes/phaseC_cycle02_retrain_each_cycle,/mnt/nvme1n1/PipeANN-supersector32k-work/indexes/phaseC_cycle02_retrain_each_cycle_b0c87857b1_super32k_v3,retrain_each_cycle,3.960817
prefilter,4880.653754,u30,300000.0,300,20-27,8,True,phaseC_cycle02_retrain_each_cycle,,4.881005,0,0,1,,10000,0,16,supersector32k,page_aware_slots,3,1000000,283784,117774,300000.0,0.0,0.0,0.0,0.0,345.178,300000.0,0.0,345.178,4876.472,1413849.088,394.002,117774,measure-dynamic-search,4850.945,0.0,0.0,5121.842,355.0,300000.0,0.0,355.0,5117.0,1454080.0,5319.173,4096,measure-dynamic-search,4096,1000000,16,1000,283784,204.875824,1140,283784,/mnt/nvme1n1/PipeANN-github/build_reviewed_20260602_querycache/tests/dynamic_update_suite_driver --mode measure-dynamic-search --source-prefix /mnt/nvme1n1/PipeANN-supersector32k-work/indexes/phaseC_cycle02_retrain_each_cycle_b0c87857b1_super32k_v3 --jsonl-output /mnt/nvme1n1/PipeANN-github/experiments/v100_querycache_optimized_full_replay_v5_20260601T221943Z/tmp/selected_0056.jsonl --insert-threads 16 --search-threads 1 --merge-threads 16 --build-l 220 --build-r 116 --beamwidth 4 --k 10 --cpu-cap 8 --metric l2 --route prefilter --search-l 300 --data-bin experiments/v100_pq_drift_1m_baseline_20260601T043217Z/data/phaseC_cycle02_live_data_by_tag.bin --base-label-file experiments/v100_pq_drift_1m_baseline_20260601T043217Z/labels/base_labels_1000000.spmat --query-bin /mnt/nvme1n1/PipeANN-github/experiments/r116_suite_pq16_aris_20260520_072453/data/sift_query_1000.bin --truthset-bin experiments/v100_pq_drift_1m_baseline_20260601T043217Z/truth/phaseC_cycle02_range_u30.bin --query-label-file /mnt/nvme1n1/PipeANN-github/experiments/r116_suite_pq16_aris_20260520_072453/labels/query_1000_range_u30.spmat --selector-type range --query-limit 1000,99.0,6.621707439422607,taskset -c 20-27 /mnt/nvme1n1/PipeANN-github/build_reviewed_20260602_querycache/tests/dynamic_update_suite_driver --mode measure-dynamic-search --source-prefix /mnt/nvme1n1/PipeANN-supersector32k-work/indexes/phaseC_cycle02_retrain_each_cycle_b0c87857b1_super32k_v3 --jsonl-output /mnt/nvme1n1/PipeANN-github/experiments/v100_querycache_optimized_full_replay_v5_20260601T221943Z/tmp/selected_0056.jsonl --insert-threads 16 --search-threads 1 --merge-threads 16 --build-l 220 --build-r 116 --beamwidth 4 --k 10 --cpu-cap 8 --metric l2 --route prefilter --search-l 300 --data-bin experiments/v100_pq_drift_1m_baseline_20260601T043217Z/data/phaseC_cycle02_live_data_by_tag.bin --base-label-file experiments/v100_pq_drift_1m_baseline_20260601T043217Z/labels/base_labels_1000000.spmat --query-bin /mnt/nvme1n1/PipeANN-github/experiments/r116_suite_pq16_aris_20260520_072453/data/sift_query_1000.bin --truthset-bin experiments/v100_pq_drift_1m_baseline_20260601T043217Z/truth/phaseC_cycle02_range_u30.bin --query-label-file /mnt/nvme1n1/PipeANN-github/experiments/r116_suite_pq16_aris_20260520_072453/labels/query_1000_range_u30.spmat --selector-type range --query-limit 1000,prefilter,56,283784,282644,300,post_hoc_retuned_fastest_feasible_recall_ge_98,range,/mnt/nvme1n1/PipeANN-supersector32k-work/indexes/phaseC_cycle02_retrain_each_cycle_b0c87857b1_super32k_v3,ok,117774,1,0,/mnt/nvme1n1/PipeANN-github/experiments/v100_pq_drift_1m_baseline_20260601T043217Z/indexes/phaseC_cycle02_retrain_each_cycle,/mnt/nvme1n1/PipeANN-supersector32k-work/indexes/phaseC_cycle02_retrain_each_cycle_b0c87857b1_super32k_v3,retrain_each_cycle,4.881005
prefilter,7402.378253,u50,500000.0,250,20-27,8,True,phaseC_cycle02_retrain_each_cycle,,7.402749,0,0,1,,10000,0,16,supersector32k,page_aware_slots,3,1000000,281668,117774,500000.0,0.0,0.0,0.0,0.0,288.587,500000.0,0.0,288.587,7397.188,1182052.352,611.547,117774,measure-dynamic-search,7366.833,0.0,0.0,7705.121,298.0,500000.0,0.0,298.0,7701.0,1220608.0,8047.436,4096,measure-dynamic-search,4096,1000000,16,1000,281668,135.084953,1004,281668,/mnt/nvme1n1/PipeANN-github/build_reviewed_20260602_querycache/tests/dynamic_update_suite_driver --mode measure-dynamic-search --source-prefix /mnt/nvme1n1/PipeANN-supersector32k-work/indexes/phaseC_cycle02_retrain_each_cycle_b0c87857b1_super32k_v3 --jsonl-output /mnt/nvme1n1/PipeANN-github/experiments/v100_querycache_optimized_full_replay_v5_20260601T221943Z/tmp/selected_0057.jsonl --insert-threads 16 --search-threads 1 --merge-threads 16 --build-l 220 --build-r 116 --beamwidth 4 --k 10 --cpu-cap 8 --metric l2 --route prefilter --search-l 250 --data-bin experiments/v100_pq_drift_1m_baseline_20260601T043217Z/data/phaseC_cycle02_live_data_by_tag.bin --base-label-file experiments/v100_pq_drift_1m_baseline_20260601T043217Z/labels/base_labels_1000000.spmat --query-bin /mnt/nvme1n1/PipeANN-github/experiments/r116_suite_pq16_aris_20260520_072453/data/sift_query_1000.bin --truthset-bin experiments/v100_pq_drift_1m_baseline_20260601T043217Z/truth/phaseC_cycle02_range_u50.bin --query-label-file /mnt/nvme1n1/PipeANN-github/experiments/r116_suite_pq16_aris_20260520_072453/labels/query_1000_range_u50.spmat --selector-type range --query-limit 1000,98.15,9.087880373001099,taskset -c 20-27 /mnt/nvme1n1/PipeANN-github/build_reviewed_20260602_querycache/tests/dynamic_update_suite_driver --mode measure-dynamic-search --source-prefix /mnt/nvme1n1/PipeANN-supersector32k-work/indexes/phaseC_cycle02_retrain_each_cycle_b0c87857b1_super32k_v3 --jsonl-output /mnt/nvme1n1/PipeANN-github/experiments/v100_querycache_optimized_full_replay_v5_20260601T221943Z/tmp/selected_0057.jsonl --insert-threads 16 --search-threads 1 --merge-threads 16 --build-l 220 --build-r 116 --beamwidth 4 --k 10 --cpu-cap 8 --metric l2 --route prefilter --search-l 250 --data-bin experiments/v100_pq_drift_1m_baseline_20260601T043217Z/data/phaseC_cycle02_live_data_by_tag.bin --base-label-file experiments/v100_pq_drift_1m_baseline_20260601T043217Z/labels/base_labels_1000000.spmat --query-bin /mnt/nvme1n1/PipeANN-github/experiments/r116_suite_pq16_aris_20260520_072453/data/sift_query_1000.bin --truthset-bin experiments/v100_pq_drift_1m_baseline_20260601T043217Z/truth/phaseC_cycle02_range_u50.bin --query-label-file /mnt/nvme1n1/PipeANN-github/experiments/r116_suite_pq16_aris_20260520_072453/labels/query_1000_range_u50.spmat --selector-type range --query-limit 1000,prefilter,57,257236,280664,250,post_hoc_retuned_fastest_feasible_recall_ge_98,range,/mnt/nvme1n1/PipeANN-supersector32k-work/indexes/phaseC_cycle02_retrain_each_cycle_b0c87857b1_super32k_v3,ok,117774,1,0,/mnt/nvme1n1/PipeANN-github/experiments/v100_pq_drift_1m_baseline_20260601T043217Z/indexes/phaseC_cycle02_retrain_each_cycle,/mnt/nvme1n1/PipeANN-supersector32k-work/indexes/phaseC_cycle02_retrain_each_cycle_b0c87857b1_super32k_v3,retrain_each_cycle,7.402749
mixed,5659.508054,u75,750000.0,400,20-27,8,True,phaseC_cycle02_retrain_each_cycle,,5.659775,0,1000,1,,10000,0,16,supersector32k,page_aware_slots,3,1000000,293696,117774,750000.0,21219.05,0.0,5210.347,0.0,467.882,21219.05,0.0,467.882,5330.868,1916444.672,76.995,117774,measure-dynamic-search,5604.77,27189.0,0.0,5930.931,486.0,27189.0,0.0,486.0,5614.0,1990656.0,6326.06,4096,measure-dynamic-search,4096,1000000,16,0,293696,176.685466,13160,293696,/mnt/nvme1n1/PipeANN-github/build_reviewed_20260602_querycache/tests/dynamic_update_suite_driver --mode measure-dynamic-search --source-prefix /mnt/nvme1n1/PipeANN-supersector32k-work/indexes/phaseC_cycle02_retrain_each_cycle_b0c87857b1_super32k_v3 --jsonl-output /mnt/nvme1n1/PipeANN-github/experiments/v100_querycache_optimized_full_replay_v5_20260601T221943Z/tmp/selected_0058.jsonl --insert-threads 16 --search-threads 1 --merge-threads 16 --build-l 220 --build-r 116 --beamwidth 8 --k 10 --cpu-cap 8 --metric l2 --route graph --search-l 400 --data-bin experiments/v100_pq_drift_1m_baseline_20260601T043217Z/data/phaseC_cycle02_live_data_by_tag.bin --base-label-file experiments/v100_pq_drift_1m_baseline_20260601T043217Z/labels/base_labels_1000000.spmat --query-bin /mnt/nvme1n1/PipeANN-github/experiments/r116_suite_pq16_aris_20260520_072453/data/sift_query_1000.bin --truthset-bin experiments/v100_pq_drift_1m_baseline_20260601T043217Z/truth/phaseC_cycle02_range_u75.bin --query-label-file /mnt/nvme1n1/PipeANN-github/experiments/r116_suite_pq16_aris_20260520_072453/labels/query_1000_range_u75.spmat --selector-type range --query-limit 1000,98.43,7.1971049308776855,taskset -c 20-27 /mnt/nvme1n1/PipeANN-github/build_reviewed_20260602_querycache/tests/dynamic_update_suite_driver --mode measure-dynamic-search --source-prefix /mnt/nvme1n1/PipeANN-supersector32k-work/indexes/phaseC_cycle02_retrain_each_cycle_b0c87857b1_super32k_v3 --jsonl-output /mnt/nvme1n1/PipeANN-github/experiments/v100_querycache_optimized_full_replay_v5_20260601T221943Z/tmp/selected_0058.jsonl --insert-threads 16 --search-threads 1 --merge-threads 16 --build-l 220 --build-r 116 --beamwidth 8 --k 10 --cpu-cap 8 --metric l2 --route graph --search-l 400 --data-bin experiments/v100_pq_drift_1m_baseline_20260601T043217Z/data/phaseC_cycle02_live_data_by_tag.bin --base-label-file experiments/v100_pq_drift_1m_baseline_20260601T043217Z/labels/base_labels_1000000.spmat --query-bin /mnt/nvme1n1/PipeANN-github/experiments/r116_suite_pq16_aris_20260520_072453/data/sift_query_1000.bin --truthset-bin experiments/v100_pq_drift_1m_baseline_20260601T043217Z/truth/phaseC_cycle02_range_u75.bin --query-label-file /mnt/nvme1n1/PipeANN-github/experiments/r116_suite_pq16_aris_20260520_072453/labels/query_1000_range_u75.spmat --selector-type range --query-limit 1000,graph,58,293696,280536,400,querycache_highrisk_beamwidth_8_source_row_58,range,/mnt/nvme1n1/PipeANN-supersector32k-work/indexes/phaseC_cycle02_retrain_each_cycle_b0c87857b1_super32k_v3,ok,117774,1,0,/mnt/nvme1n1/PipeANN-github/experiments/v100_pq_drift_1m_baseline_20260601T043217Z/indexes/phaseC_cycle02_retrain_each_cycle,/mnt/nvme1n1/PipeANN-supersector32k-work/indexes/phaseC_cycle02_retrain_each_cycle_b0c87857b1_super32k_v3,retrain_each_cycle,5.659775
mixed,6983.993058,u100,1000000.0,300,20-27,8,True,phaseC_cycle02_retrain_each_cycle,,6.984252,0,1000,1,,10000,0,16,supersector32k,page_aware_slots,3,1000000,294752,117774,1000000.0,17250.08,0.0,6571.553,0.0,353.752,17250.08,0.0,353.752,6692.922,1448968.192,80.023,117774,measure-dynamic-search,6932.382,21787.0,0.0,7326.913,370.0,21787.0,0.0,370.0,7008.0,1515520.0,9397.981,4096,measure-dynamic-search,4096,1000000,16,0,294752,143.179245,14156,294752,/mnt/nvme1n1/PipeANN-github/build_reviewed_20260602_querycache/tests/dynamic_update_suite_driver --mode measure-dynamic-search --source-prefix /mnt/nvme1n1/PipeANN-supersector32k-work/indexes/phaseC_cycle02_retrain_each_cycle_b0c87857b1_super32k_v3 --jsonl-output /mnt/nvme1n1/PipeANN-github/experiments/v100_querycache_optimized_full_replay_v5_20260601T221943Z/tmp/selected_0059.jsonl --insert-threads 16 --search-threads 1 --merge-threads 16 --build-l 220 --build-r 116 --beamwidth 4 --k 10 --cpu-cap 8 --metric l2 --route graph --search-l 300 --data-bin experiments/v100_pq_drift_1m_baseline_20260601T043217Z/data/phaseC_cycle02_live_data_by_tag.bin --base-label-file experiments/v100_pq_drift_1m_baseline_20260601T043217Z/labels/base_labels_1000000.spmat --query-bin /mnt/nvme1n1/PipeANN-github/experiments/r116_suite_pq16_aris_20260520_072453/data/sift_query_1000.bin --truthset-bin experiments/v100_pq_drift_1m_baseline_20260601T043217Z/truth/phaseC_cycle02_range_u100.bin --query-label-file /mnt/nvme1n1/PipeANN-github/experiments/r116_suite_pq16_aris_20260520_072453/labels/query_1000_range_u100.spmat --selector-type range --query-limit 1000,98.23,9.098949432373047,taskset -c 20-27 /mnt/nvme1n1/PipeANN-github/build_reviewed_20260602_querycache/tests/dynamic_update_suite_driver --mode measure-dynamic-search --source-prefix /mnt/nvme1n1/PipeANN-supersector32k-work/indexes/phaseC_cycle02_retrain_each_cycle_b0c87857b1_super32k_v3 --jsonl-output /mnt/nvme1n1/PipeANN-github/experiments/v100_querycache_optimized_full_replay_v5_20260601T221943Z/tmp/selected_0059.jsonl --insert-threads 16 --search-threads 1 --merge-threads 16 --build-l 220 --build-r 116 --beamwidth 4 --k 10 --cpu-cap 8 --metric l2 --route graph --search-l 300 --data-bin experiments/v100_pq_drift_1m_baseline_20260601T043217Z/data/phaseC_cycle02_live_data_by_tag.bin --base-label-file experiments/v100_pq_drift_1m_baseline_20260601T043217Z/labels/base_labels_1000000.spmat --query-bin /mnt/nvme1n1/PipeANN-github/experiments/r116_suite_pq16_aris_20260520_072453/data/sift_query_1000.bin --truthset-bin experiments/v100_pq_drift_1m_baseline_20260601T043217Z/truth/phaseC_cycle02_range_u100.bin --query-label-file /mnt/nvme1n1/PipeANN-github/experiments/r116_suite_pq16_aris_20260520_072453/labels/query_1000_range_u100.spmat --selector-type range --query-limit 1000,graph,59,294752,280596,300,post_hoc_retuned_fastest_feasible_recall_ge_98,range,/mnt/nvme1n1/PipeANN-supersector32k-work/indexes/phaseC_cycle02_retrain_each_cycle_b0c87857b1_super32k_v3,ok,117774,1,0,/mnt/nvme1n1/PipeANN-github/experiments/v100_pq_drift_1m_baseline_20260601T043217Z/indexes/phaseC_cycle02_retrain_each_cycle,/mnt/nvme1n1/PipeANN-supersector32k-work/indexes/phaseC_cycle02_retrain_each_cycle_b0c87857b1_super32k_v3,retrain_each_cycle,6.984252
prefilter,203.83389,u1e-03,1000.0,50,20-27,8,True,phaseC_cycle02_no_retrain_across_cycles,,0.203971,0,0,1,,10000,0,16,supersector32k,page_aware_slots,3,1000000,287576,98030,1000.0,0.0,0.0,0.0,0.0,110.714,1000.0,0.0,110.714,200.823,453484.544,52.312,98030,measure-dynamic-search,199.784,0.0,0.0,225.838,115.0,1000.0,0.0,115.0,223.0,471040.0,276.788,4096,measure-dynamic-search,4096,1000000,16,1000,287576,4902.666264,1132,287576,/mnt/nvme1n1/PipeANN-github/build_reviewed_20260602_querycache/tests/dynamic_update_suite_driver --mode measure-dynamic-search --source-prefix /mnt/nvme1n1/PipeANN-supersector32k-work/indexes/phaseC_cycle02_no_retrain_after_insert_ffe0b288c9_super32k_v3 --jsonl-output /mnt/nvme1n1/PipeANN-github/experiments/v100_querycache_optimized_full_replay_v5_20260601T221943Z/tmp/selected_0060.jsonl --insert-threads 16 --search-threads 1 --merge-threads 16 --build-l 220 --build-r 116 --beamwidth 4 --k 10 --cpu-cap 8 --metric l2 --route prefilter --search-l 50 --data-bin experiments/v100_pq_drift_1m_baseline_20260601T043217Z/data/phaseC_cycle02_live_data_by_tag.bin --base-label-file experiments/v100_pq_drift_1m_baseline_20260601T043217Z/labels/base_labels_1000000.spmat --query-bin /mnt/nvme1n1/PipeANN-github/experiments/r116_suite_pq16_aris_20260520_072453/data/sift_query_1000.bin --truthset-bin experiments/v100_pq_drift_1m_baseline_20260601T043217Z/truth/phaseC_cycle02_intersect_u1e-03.bin --query-label-file /mnt/nvme1n1/PipeANN-github/experiments/r116_suite_pq16_aris_20260520_072453/labels/query_1000_u1e-03.spmat --selector-type intersect --query-limit 1000,99.97,2.891369342803955,taskset -c 20-27 /mnt/nvme1n1/PipeANN-github/build_reviewed_20260602_querycache/tests/dynamic_update_suite_driver --mode measure-dynamic-search --source-prefix /mnt/nvme1n1/PipeANN-supersector32k-work/indexes/phaseC_cycle02_no_retrain_after_insert_ffe0b288c9_super32k_v3 --jsonl-output /mnt/nvme1n1/PipeANN-github/experiments/v100_querycache_optimized_full_replay_v5_20260601T221943Z/tmp/selected_0060.jsonl --insert-threads 16 --search-threads 1 --merge-threads 16 --build-l 220 --build-r 116 --beamwidth 4 --k 10 --cpu-cap 8 --metric l2 --route prefilter --search-l 50 --data-bin experiments/v100_pq_drift_1m_baseline_20260601T043217Z/data/phaseC_cycle02_live_data_by_tag.bin --base-label-file experiments/v100_pq_drift_1m_baseline_20260601T043217Z/labels/base_labels_1000000.spmat --query-bin /mnt/nvme1n1/PipeANN-github/experiments/r116_suite_pq16_aris_20260520_072453/data/sift_query_1000.bin --truthset-bin experiments/v100_pq_drift_1m_baseline_20260601T043217Z/truth/phaseC_cycle02_intersect_u1e-03.bin --query-label-file /mnt/nvme1n1/PipeANN-github/experiments/r116_suite_pq16_aris_20260520_072453/labels/query_1000_u1e-03.spmat --selector-type intersect --query-limit 1000,prefilter,60,287576,286444,50,post_hoc_retuned_fastest_feasible_recall_ge_98,intersect,/mnt/nvme1n1/PipeANN-supersector32k-work/indexes/phaseC_cycle02_no_retrain_after_insert_ffe0b288c9_super32k_v3,ok,98030,1,0,/mnt/nvme1n1/PipeANN-github/experiments/v100_pq_drift_1m_baseline_20260601T043217Z/indexes/phaseC_cycle02_no_retrain_after_insert,/mnt/nvme1n1/PipeANN-supersector32k-work/indexes/phaseC_cycle02_no_retrain_after_insert_ffe0b288c9_super32k_v3,no_retrain_across_cycles,0.203971
prefilter,296.790426,u3e-03,3000.0,75,20-27,8,True,phaseC_cycle02_no_retrain_across_cycles,,0.296969,0,0,1,,10000,0,16,supersector32k,page_aware_slots,3,1000000,285484,98030,3000.0,0.0,0.0,0.0,0.0,110.799,3000.0,0.0,110.799,293.428,453832.704,83.067,98030,measure-dynamic-search,291.255,0.0,0.0,331.823,117.0,3000.0,0.0,117.0,328.0,479232.0,390.361,4096,measure-dynamic-search,4096,1000000,16,1000,285484,3367.36033,924,285484,/mnt/nvme1n1/PipeANN-github/build_reviewed_20260602_querycache/tests/dynamic_update_suite_driver --mode measure-dynamic-search --source-prefix /mnt/nvme1n1/PipeANN-supersector32k-work/indexes/phaseC_cycle02_no_retrain_after_insert_ffe0b288c9_super32k_v3 --jsonl-output /mnt/nvme1n1/PipeANN-github/experiments/v100_querycache_optimized_full_replay_v5_20260601T221943Z/tmp/selected_0061.jsonl --insert-threads 16 --search-threads 1 --merge-threads 16 --build-l 220 --build-r 116 --beamwidth 4 --k 10 --cpu-cap 8 --metric l2 --route prefilter --search-l 75 --data-bin experiments/v100_pq_drift_1m_baseline_20260601T043217Z/data/phaseC_cycle02_live_data_by_tag.bin --base-label-file experiments/v100_pq_drift_1m_baseline_20260601T043217Z/labels/base_labels_1000000.spmat --query-bin /mnt/nvme1n1/PipeANN-github/experiments/r116_suite_pq16_aris_20260520_072453/data/sift_query_1000.bin --truthset-bin experiments/v100_pq_drift_1m_baseline_20260601T043217Z/truth/phaseC_cycle02_intersect_u3e-03.bin --query-label-file /mnt/nvme1n1/PipeANN-github/experiments/r116_suite_pq16_aris_20260520_072453/labels/query_1000_u3e-03.spmat --selector-type intersect --query-limit 1000,99.68,2.955190420150757,taskset -c 20-27 /mnt/nvme1n1/PipeANN-github/build_reviewed_20260602_querycache/tests/dynamic_update_suite_driver --mode measure-dynamic-search --source-prefix /mnt/nvme1n1/PipeANN-supersector32k-work/indexes/phaseC_cycle02_no_retrain_after_insert_ffe0b288c9_super32k_v3 --jsonl-output /mnt/nvme1n1/PipeANN-github/experiments/v100_querycache_optimized_full_replay_v5_20260601T221943Z/tmp/selected_0061.jsonl --insert-threads 16 --search-threads 1 --merge-threads 16 --build-l 220 --build-r 116 --beamwidth 4 --k 10 --cpu-cap 8 --metric l2 --route prefilter --search-l 75 --data-bin experiments/v100_pq_drift_1m_baseline_20260601T043217Z/data/phaseC_cycle02_live_data_by_tag.bin --base-label-file experiments/v100_pq_drift_1m_baseline_20260601T043217Z/labels/base_labels_1000000.spmat --query-bin /mnt/nvme1n1/PipeANN-github/experiments/r116_suite_pq16_aris_20260520_072453/data/sift_query_1000.bin --truthset-bin experiments/v100_pq_drift_1m_baseline_20260601T043217Z/truth/phaseC_cycle02_intersect_u3e-03.bin --query-label-file /mnt/nvme1n1/PipeANN-github/experiments/r116_suite_pq16_aris_20260520_072453/labels/query_1000_u3e-03.spmat --selector-type intersect --query-limit 1000,prefilter,61,285484,284560,75,post_hoc_retuned_fastest_feasible_recall_ge_98,intersect,/mnt/nvme1n1/PipeANN-supersector32k-work/indexes/phaseC_cycle02_no_retrain_after_insert_ffe0b288c9_super32k_v3,ok,98030,1,0,/mnt/nvme1n1/PipeANN-github/experiments/v100_pq_drift_1m_baseline_20260601T043217Z/indexes/phaseC_cycle02_no_retrain_after_insert,/mnt/nvme1n1/PipeANN-supersector32k-work/indexes/phaseC_cycle02_no_retrain_after_insert_ffe0b288c9_super32k_v3,no_retrain_across_cycles,0.296969
prefilter,587.216796,u1e-02,10000.0,50,20-27,8,True,phaseC_cycle02_no_retrain_across_cycles,,0.587396,0,0,1,,10000,0,16,supersector32k,page_aware_slots,3,1000000,285776,98030,10000.0,0.0,0.0,0.0,0.0,148.039,10000.0,0.0,148.039,583.6,606367.744,162.02,98030,measure-dynamic-search,580.187,0.0,0.0,642.855,156.0,10000.0,0.0,156.0,640.0,638976.0,715.926,4096,measure-dynamic-search,4096,1000000,16,1000,285512,1702.428597,1052,285512,/mnt/nvme1n1/PipeANN-github/build_reviewed_20260602_querycache/tests/dynamic_update_suite_driver --mode measure-dynamic-search --source-prefix /mnt/nvme1n1/PipeANN-supersector32k-work/indexes/phaseC_cycle02_no_retrain_after_insert_ffe0b288c9_super32k_v3 --jsonl-output /mnt/nvme1n1/PipeANN-github/experiments/v100_querycache_optimized_full_replay_v5_20260601T221943Z/tmp/selected_0062.jsonl --insert-threads 16 --search-threads 1 --merge-threads 16 --build-l 220 --build-r 116 --beamwidth 4 --k 10 --cpu-cap 8 --metric l2 --route prefilter --search-l 50 --data-bin experiments/v100_pq_drift_1m_baseline_20260601T043217Z/data/phaseC_cycle02_live_data_by_tag.bin --base-label-file experiments/v100_pq_drift_1m_baseline_20260601T043217Z/labels/base_labels_1000000.spmat --query-bin /mnt/nvme1n1/PipeANN-github/experiments/r116_suite_pq16_aris_20260520_072453/data/sift_query_1000.bin --truthset-bin experiments/v100_pq_drift_1m_baseline_20260601T043217Z/truth/phaseC_cycle02_intersect_u1e-02.bin --query-label-file /mnt/nvme1n1/PipeANN-github/experiments/r116_suite_pq16_aris_20260520_072453/labels/query_1000_u1e-02.spmat --selector-type intersect --query-limit 1000,99.53,3.280064344406128,taskset -c 20-27 /mnt/nvme1n1/PipeANN-github/build_reviewed_20260602_querycache/tests/dynamic_update_suite_driver --mode measure-dynamic-search --source-prefix /mnt/nvme1n1/PipeANN-supersector32k-work/indexes/phaseC_cycle02_no_retrain_after_insert_ffe0b288c9_super32k_v3 --jsonl-output /mnt/nvme1n1/PipeANN-github/experiments/v100_querycache_optimized_full_replay_v5_20260601T221943Z/tmp/selected_0062.jsonl --insert-threads 16 --search-threads 1 --merge-threads 16 --build-l 220 --build-r 116 --beamwidth 4 --k 10 --cpu-cap 8 --metric l2 --route prefilter --search-l 50 --data-bin experiments/v100_pq_drift_1m_baseline_20260601T043217Z/data/phaseC_cycle02_live_data_by_tag.bin --base-label-file experiments/v100_pq_drift_1m_baseline_20260601T043217Z/labels/base_labels_1000000.spmat --query-bin /mnt/nvme1n1/PipeANN-github/experiments/r116_suite_pq16_aris_20260520_072453/data/sift_query_1000.bin --truthset-bin experiments/v100_pq_drift_1m_baseline_20260601T043217Z/truth/phaseC_cycle02_intersect_u1e-02.bin --query-label-file /mnt/nvme1n1/PipeANN-github/experiments/r116_suite_pq16_aris_20260520_072453/labels/query_1000_u1e-02.spmat --selector-type intersect --query-limit 1000,prefilter,62,285512,284460,50,post_hoc_retuned_fastest_feasible_recall_ge_98,intersect,/mnt/nvme1n1/PipeANN-supersector32k-work/indexes/phaseC_cycle02_no_retrain_after_insert_ffe0b288c9_super32k_v3,ok,98030,1,0,/mnt/nvme1n1/PipeANN-github/experiments/v100_pq_drift_1m_baseline_20260601T043217Z/indexes/phaseC_cycle02_no_retrain_after_insert,/mnt/nvme1n1/PipeANN-supersector32k-work/indexes/phaseC_cycle02_no_retrain_after_insert_ffe0b288c9_super32k_v3,no_retrain_across_cycles,0.587396
prefilter,1493.935219,u5e-02,50000.0,50,20-27,8,True,phaseC_cycle02_no_retrain_across_cycles,,1.494206,0,0,1,,10000,0,16,supersector32k,page_aware_slots,3,1000000,285692,98030,50000.0,0.0,0.0,0.0,0.0,184.267,50000.0,0.0,184.267,1490.332,754757.632,254.917,98030,measure-dynamic-search,1487.802,0.0,0.0,1572.921,191.0,50000.0,0.0,191.0,1570.0,782336.0,1667.066,4096,measure-dynamic-search,4096,1000000,16,1000,285692,669.251916,1188,285692,/mnt/nvme1n1/PipeANN-github/build_reviewed_20260602_querycache/tests/dynamic_update_suite_driver --mode measure-dynamic-search --source-prefix /mnt/nvme1n1/PipeANN-supersector32k-work/indexes/phaseC_cycle02_no_retrain_after_insert_ffe0b288c9_super32k_v3 --jsonl-output /mnt/nvme1n1/PipeANN-github/experiments/v100_querycache_optimized_full_replay_v5_20260601T221943Z/tmp/selected_0063.jsonl --insert-threads 16 --search-threads 1 --merge-threads 16 --build-l 220 --build-r 116 --beamwidth 4 --k 10 --cpu-cap 8 --metric l2 --route prefilter --search-l 50 --data-bin experiments/v100_pq_drift_1m_baseline_20260601T043217Z/data/phaseC_cycle02_live_data_by_tag.bin --base-label-file experiments/v100_pq_drift_1m_baseline_20260601T043217Z/labels/base_labels_1000000.spmat --query-bin /mnt/nvme1n1/PipeANN-github/experiments/r116_suite_pq16_aris_20260520_072453/data/sift_query_1000.bin --truthset-bin experiments/v100_pq_drift_1m_baseline_20260601T043217Z/truth/phaseC_cycle02_intersect_u5e-02.bin --query-label-file /mnt/nvme1n1/PipeANN-github/experiments/r116_suite_pq16_aris_20260520_072453/labels/query_1000_u5e-02.spmat --selector-type intersect --query-limit 1000,99.19,4.183954238891602,taskset -c 20-27 /mnt/nvme1n1/PipeANN-github/build_reviewed_20260602_querycache/tests/dynamic_update_suite_driver --mode measure-dynamic-search --source-prefix /mnt/nvme1n1/PipeANN-supersector32k-work/indexes/phaseC_cycle02_no_retrain_after_insert_ffe0b288c9_super32k_v3 --jsonl-output /mnt/nvme1n1/PipeANN-github/experiments/v100_querycache_optimized_full_replay_v5_20260601T221943Z/tmp/selected_0063.jsonl --insert-threads 16 --search-threads 1 --merge-threads 16 --build-l 220 --build-r 116 --beamwidth 4 --k 10 --cpu-cap 8 --metric l2 --route prefilter --search-l 50 --data-bin experiments/v100_pq_drift_1m_baseline_20260601T043217Z/data/phaseC_cycle02_live_data_by_tag.bin --base-label-file experiments/v100_pq_drift_1m_baseline_20260601T043217Z/labels/base_labels_1000000.spmat --query-bin /mnt/nvme1n1/PipeANN-github/experiments/r116_suite_pq16_aris_20260520_072453/data/sift_query_1000.bin --truthset-bin experiments/v100_pq_drift_1m_baseline_20260601T043217Z/truth/phaseC_cycle02_intersect_u5e-02.bin --query-label-file /mnt/nvme1n1/PipeANN-github/experiments/r116_suite_pq16_aris_20260520_072453/labels/query_1000_u5e-02.spmat --selector-type intersect --query-limit 1000,prefilter,63,285692,284504,50,post_hoc_retuned_fastest_feasible_recall_ge_98,intersect,/mnt/nvme1n1/PipeANN-supersector32k-work/indexes/phaseC_cycle02_no_retrain_after_insert_ffe0b288c9_super32k_v3,ok,98030,1,0,/mnt/nvme1n1/PipeANN-github/experiments/v100_pq_drift_1m_baseline_20260601T043217Z/indexes/phaseC_cycle02_no_retrain_after_insert,/mnt/nvme1n1/PipeANN-supersector32k-work/indexes/phaseC_cycle02_no_retrain_after_insert_ffe0b288c9_super32k_v3,no_retrain_across_cycles,1.494206
prefilter,2258.376606,u1e-01,100000.0,50,20-27,8,True,phaseC_cycle02_no_retrain_across_cycles,,2.258687,0,0,1,,10000,0,16,supersector32k,page_aware_slots,3,1000000,285660,98030,100000.0,0.0,0.0,0.0,0.0,184.323,100000.0,0.0,184.323,2254.3,754987.008,292.415,98030,measure-dynamic-search,2236.816,0.0,0.0,2370.646,192.0,100000.0,0.0,192.0,2367.0,786432.0,2600.722,4096,measure-dynamic-search,4096,1000000,16,1000,285660,442.73513,1188,285660,/mnt/nvme1n1/PipeANN-github/build_reviewed_20260602_querycache/tests/dynamic_update_suite_driver --mode measure-dynamic-search --source-prefix /mnt/nvme1n1/PipeANN-supersector32k-work/indexes/phaseC_cycle02_no_retrain_after_insert_ffe0b288c9_super32k_v3 --jsonl-output /mnt/nvme1n1/PipeANN-github/experiments/v100_querycache_optimized_full_replay_v5_20260601T221943Z/tmp/selected_0064.jsonl --insert-threads 16 --search-threads 1 --merge-threads 16 --build-l 220 --build-r 116 --beamwidth 4 --k 10 --cpu-cap 8 --metric l2 --route prefilter --search-l 50 --data-bin experiments/v100_pq_drift_1m_baseline_20260601T043217Z/data/phaseC_cycle02_live_data_by_tag.bin --base-label-file experiments/v100_pq_drift_1m_baseline_20260601T043217Z/labels/base_labels_1000000.spmat --query-bin /mnt/nvme1n1/PipeANN-github/experiments/r116_suite_pq16_aris_20260520_072453/data/sift_query_1000.bin --truthset-bin experiments/v100_pq_drift_1m_baseline_20260601T043217Z/truth/phaseC_cycle02_intersect_u1e-01.bin --query-label-file /mnt/nvme1n1/PipeANN-github/experiments/r116_suite_pq16_aris_20260520_072453/labels/query_1000_u1e-01.spmat --selector-type intersect --query-limit 1000,98.69,4.943878412246704,taskset -c 20-27 /mnt/nvme1n1/PipeANN-github/build_reviewed_20260602_querycache/tests/dynamic_update_suite_driver --mode measure-dynamic-search --source-prefix /mnt/nvme1n1/PipeANN-supersector32k-work/indexes/phaseC_cycle02_no_retrain_after_insert_ffe0b288c9_super32k_v3 --jsonl-output /mnt/nvme1n1/PipeANN-github/experiments/v100_querycache_optimized_full_replay_v5_20260601T221943Z/tmp/selected_0064.jsonl --insert-threads 16 --search-threads 1 --merge-threads 16 --build-l 220 --build-r 116 --beamwidth 4 --k 10 --cpu-cap 8 --metric l2 --route prefilter --search-l 50 --data-bin experiments/v100_pq_drift_1m_baseline_20260601T043217Z/data/phaseC_cycle02_live_data_by_tag.bin --base-label-file experiments/v100_pq_drift_1m_baseline_20260601T043217Z/labels/base_labels_1000000.spmat --query-bin /mnt/nvme1n1/PipeANN-github/experiments/r116_suite_pq16_aris_20260520_072453/data/sift_query_1000.bin --truthset-bin experiments/v100_pq_drift_1m_baseline_20260601T043217Z/truth/phaseC_cycle02_intersect_u1e-01.bin --query-label-file /mnt/nvme1n1/PipeANN-github/experiments/r116_suite_pq16_aris_20260520_072453/labels/query_1000_u1e-01.spmat --selector-type intersect --query-limit 1000,prefilter,64,285660,284472,50,post_hoc_retuned_fastest_feasible_recall_ge_98,intersect,/mnt/nvme1n1/PipeANN-supersector32k-work/indexes/phaseC_cycle02_no_retrain_after_insert_ffe0b288c9_super32k_v3,ok,98030,1,0,/mnt/nvme1n1/PipeANN-github/experiments/v100_pq_drift_1m_baseline_20260601T043217Z/indexes/phaseC_cycle02_no_retrain_after_insert,/mnt/nvme1n1/PipeANN-supersector32k-work/indexes/phaseC_cycle02_no_retrain_after_insert_ffe0b288c9_super32k_v3,no_retrain_across_cycles,2.258687
prefilter,4480.409896,u25,250000.0,150,20-27,8,True,phaseC_cycle02_no_retrain_across_cycles,,4.480833,0,0,1,,10000,0,16,supersector32k,page_aware_slots,3,1000000,285672,98030,250000.0,0.0,0.0,0.0,0.0,222.434,250000.0,0.0,222.434,4475.991,911089.664,422.684,98030,measure-dynamic-search,4389.922,0.0,0.0,4830.633,231.0,250000.0,0.0,231.0,4825.0,946176.0,5433.38,4096,measure-dynamic-search,4096,1000000,16,1000,285672,223.172799,1376,285672,/mnt/nvme1n1/PipeANN-github/build_reviewed_20260602_querycache/tests/dynamic_update_suite_driver --mode measure-dynamic-search --source-prefix /mnt/nvme1n1/PipeANN-supersector32k-work/indexes/phaseC_cycle02_no_retrain_after_insert_ffe0b288c9_super32k_v3 --jsonl-output /mnt/nvme1n1/PipeANN-github/experiments/v100_querycache_optimized_full_replay_v5_20260601T221943Z/tmp/selected_0065.jsonl --insert-threads 16 --search-threads 1 --merge-threads 16 --build-l 220 --build-r 116 --beamwidth 4 --k 10 --cpu-cap 8 --metric l2 --route prefilter --search-l 150 --data-bin experiments/v100_pq_drift_1m_baseline_20260601T043217Z/data/phaseC_cycle02_live_data_by_tag.bin --base-label-file experiments/v100_pq_drift_1m_baseline_20260601T043217Z/labels/base_labels_1000000.spmat --query-bin /mnt/nvme1n1/PipeANN-github/experiments/r116_suite_pq16_aris_20260520_072453/data/sift_query_1000.bin --truthset-bin experiments/v100_pq_drift_1m_baseline_20260601T043217Z/truth/phaseC_cycle02_intersect_u25.bin --query-label-file /mnt/nvme1n1/PipeANN-github/experiments/r116_suite_pq16_aris_20260520_072453/labels/query_1000_u25.spmat --selector-type intersect --query-limit 1000,98.26,7.218191385269165,taskset -c 20-27 /mnt/nvme1n1/PipeANN-github/build_reviewed_20260602_querycache/tests/dynamic_update_suite_driver --mode measure-dynamic-search --source-prefix /mnt/nvme1n1/PipeANN-supersector32k-work/indexes/phaseC_cycle02_no_retrain_after_insert_ffe0b288c9_super32k_v3 --jsonl-output /mnt/nvme1n1/PipeANN-github/experiments/v100_querycache_optimized_full_replay_v5_20260601T221943Z/tmp/selected_0065.jsonl --insert-threads 16 --search-threads 1 --merge-threads 16 --build-l 220 --build-r 116 --beamwidth 4 --k 10 --cpu-cap 8 --metric l2 --route prefilter --search-l 150 --data-bin experiments/v100_pq_drift_1m_baseline_20260601T043217Z/data/phaseC_cycle02_live_data_by_tag.bin --base-label-file experiments/v100_pq_drift_1m_baseline_20260601T043217Z/labels/base_labels_1000000.spmat --query-bin /mnt/nvme1n1/PipeANN-github/experiments/r116_suite_pq16_aris_20260520_072453/data/sift_query_1000.bin --truthset-bin experiments/v100_pq_drift_1m_baseline_20260601T043217Z/truth/phaseC_cycle02_intersect_u25.bin --query-label-file /mnt/nvme1n1/PipeANN-github/experiments/r116_suite_pq16_aris_20260520_072453/labels/query_1000_u25.spmat --selector-type intersect --query-limit 1000,prefilter,65,285672,284296,150,post_hoc_retuned_fastest_feasible_recall_ge_98,intersect,/mnt/nvme1n1/PipeANN-supersector32k-work/indexes/phaseC_cycle02_no_retrain_after_insert_ffe0b288c9_super32k_v3,ok,98030,1,0,/mnt/nvme1n1/PipeANN-github/experiments/v100_pq_drift_1m_baseline_20260601T043217Z/indexes/phaseC_cycle02_no_retrain_after_insert,/mnt/nvme1n1/PipeANN-supersector32k-work/indexes/phaseC_cycle02_no_retrain_after_insert_ffe0b288c9_super32k_v3,no_retrain_across_cycles,4.480833
prefilter,4926.075857,u30,300000.0,75,20-27,8,True,phaseC_cycle02_no_retrain_across_cycles,,4.926375,0,0,1,,10000,0,16,supersector32k,page_aware_slots,3,1000000,285708,98030,300000.0,0.0,0.0,0.0,0.0,222.366,300000.0,0.0,222.366,4921.578,910811.136,455.859,98030,measure-dynamic-search,4890.069,0.0,0.0,5186.815,231.0,300000.0,0.0,231.0,5182.0,946176.0,5472.226,4096,measure-dynamic-search,4096,1000000,16,1000,285708,202.989032,1312,285708,/mnt/nvme1n1/PipeANN-github/build_reviewed_20260602_querycache/tests/dynamic_update_suite_driver --mode measure-dynamic-search --source-prefix /mnt/nvme1n1/PipeANN-supersector32k-work/indexes/phaseC_cycle02_no_retrain_after_insert_ffe0b288c9_super32k_v3 --jsonl-output /mnt/nvme1n1/PipeANN-github/experiments/v100_querycache_optimized_full_replay_v5_20260601T221943Z/tmp/selected_0066.jsonl --insert-threads 16 --search-threads 1 --merge-threads 16 --build-l 220 --build-r 116 --beamwidth 4 --k 10 --cpu-cap 8 --metric l2 --route prefilter --search-l 75 --data-bin experiments/v100_pq_drift_1m_baseline_20260601T043217Z/data/phaseC_cycle02_live_data_by_tag.bin --base-label-file experiments/v100_pq_drift_1m_baseline_20260601T043217Z/labels/base_labels_1000000.spmat --query-bin /mnt/nvme1n1/PipeANN-github/experiments/r116_suite_pq16_aris_20260520_072453/data/sift_query_1000.bin --truthset-bin experiments/v100_pq_drift_1m_baseline_20260601T043217Z/truth/phaseC_cycle02_intersect_u30.bin --query-label-file /mnt/nvme1n1/PipeANN-github/experiments/r116_suite_pq16_aris_20260520_072453/labels/query_1000_u30.spmat --selector-type intersect --query-limit 1000,98.06,7.162705659866333,taskset -c 20-27 /mnt/nvme1n1/PipeANN-github/build_reviewed_20260602_querycache/tests/dynamic_update_suite_driver --mode measure-dynamic-search --source-prefix /mnt/nvme1n1/PipeANN-supersector32k-work/indexes/phaseC_cycle02_no_retrain_after_insert_ffe0b288c9_super32k_v3 --jsonl-output /mnt/nvme1n1/PipeANN-github/experiments/v100_querycache_optimized_full_replay_v5_20260601T221943Z/tmp/selected_0066.jsonl --insert-threads 16 --search-threads 1 --merge-threads 16 --build-l 220 --build-r 116 --beamwidth 4 --k 10 --cpu-cap 8 --metric l2 --route prefilter --search-l 75 --data-bin experiments/v100_pq_drift_1m_baseline_20260601T043217Z/data/phaseC_cycle02_live_data_by_tag.bin --base-label-file experiments/v100_pq_drift_1m_baseline_20260601T043217Z/labels/base_labels_1000000.spmat --query-bin /mnt/nvme1n1/PipeANN-github/experiments/r116_suite_pq16_aris_20260520_072453/data/sift_query_1000.bin --truthset-bin experiments/v100_pq_drift_1m_baseline_20260601T043217Z/truth/phaseC_cycle02_intersect_u30.bin --query-label-file /mnt/nvme1n1/PipeANN-github/experiments/r116_suite_pq16_aris_20260520_072453/labels/query_1000_u30.spmat --selector-type intersect --query-limit 1000,prefilter,66,285708,284396,75,post_hoc_retuned_fastest_feasible_recall_ge_98,intersect,/mnt/nvme1n1/PipeANN-supersector32k-work/indexes/phaseC_cycle02_no_retrain_after_insert_ffe0b288c9_super32k_v3,ok,98030,1,0,/mnt/nvme1n1/PipeANN-github/experiments/v100_pq_drift_1m_baseline_20260601T043217Z/indexes/phaseC_cycle02_no_retrain_after_insert,/mnt/nvme1n1/PipeANN-supersector32k-work/indexes/phaseC_cycle02_no_retrain_after_insert_ffe0b288c9_super32k_v3,no_retrain_across_cycles,4.926375
prefilter,7600.204044,u50,500000.0,250,20-27,8,True,phaseC_cycle02_no_retrain_across_cycles,,7.600621,0,0,1,,10000,0,16,supersector32k,page_aware_slots,3,1000000,285736,98030,500000.0,0.0,0.0,0.0,0.0,288.608,500000.0,0.0,288.608,7594.325,1182138.368,622.369,98030,measure-dynamic-search,7553.849,0.0,0.0,7966.954,298.0,500000.0,0.0,298.0,7961.0,1220608.0,8380.36,4096,measure-dynamic-search,4096,1000000,16,1000,285736,131.568196,1184,285736,/mnt/nvme1n1/PipeANN-github/build_reviewed_20260602_querycache/tests/dynamic_update_suite_driver --mode measure-dynamic-search --source-prefix /mnt/nvme1n1/PipeANN-supersector32k-work/indexes/phaseC_cycle02_no_retrain_after_insert_ffe0b288c9_super32k_v3 --jsonl-output /mnt/nvme1n1/PipeANN-github/experiments/v100_querycache_optimized_full_replay_v5_20260601T221943Z/tmp/selected_0067.jsonl --insert-threads 16 --search-threads 1 --merge-threads 16 --build-l 220 --build-r 116 --beamwidth 4 --k 10 --cpu-cap 8 --metric l2 --route prefilter --search-l 250 --data-bin experiments/v100_pq_drift_1m_baseline_20260601T043217Z/data/phaseC_cycle02_live_data_by_tag.bin --base-label-file experiments/v100_pq_drift_1m_baseline_20260601T043217Z/labels/base_labels_1000000.spmat --query-bin /mnt/nvme1n1/PipeANN-github/experiments/r116_suite_pq16_aris_20260520_072453/data/sift_query_1000.bin --truthset-bin experiments/v100_pq_drift_1m_baseline_20260601T043217Z/truth/phaseC_cycle02_intersect_u50.bin --query-label-file /mnt/nvme1n1/PipeANN-github/experiments/r116_suite_pq16_aris_20260520_072453/labels/query_1000_u50.spmat --selector-type intersect --query-limit 1000,98.3,9.712130069732666,taskset -c 20-27 /mnt/nvme1n1/PipeANN-github/build_reviewed_20260602_querycache/tests/dynamic_update_suite_driver --mode measure-dynamic-search --source-prefix /mnt/nvme1n1/PipeANN-supersector32k-work/indexes/phaseC_cycle02_no_retrain_after_insert_ffe0b288c9_super32k_v3 --jsonl-output /mnt/nvme1n1/PipeANN-github/experiments/v100_querycache_optimized_full_replay_v5_20260601T221943Z/tmp/selected_0067.jsonl --insert-threads 16 --search-threads 1 --merge-threads 16 --build-l 220 --build-r 116 --beamwidth 4 --k 10 --cpu-cap 8 --metric l2 --route prefilter --search-l 250 --data-bin experiments/v100_pq_drift_1m_baseline_20260601T043217Z/data/phaseC_cycle02_live_data_by_tag.bin --base-label-file experiments/v100_pq_drift_1m_baseline_20260601T043217Z/labels/base_labels_1000000.spmat --query-bin /mnt/nvme1n1/PipeANN-github/experiments/r116_suite_pq16_aris_20260520_072453/data/sift_query_1000.bin --truthset-bin experiments/v100_pq_drift_1m_baseline_20260601T043217Z/truth/phaseC_cycle02_intersect_u50.bin --query-label-file /mnt/nvme1n1/PipeANN-github/experiments/r116_suite_pq16_aris_20260520_072453/labels/query_1000_u50.spmat --selector-type intersect --query-limit 1000,prefilter,67,285736,284552,250,post_hoc_retuned_fastest_feasible_recall_ge_98,intersect,/mnt/nvme1n1/PipeANN-supersector32k-work/indexes/phaseC_cycle02_no_retrain_after_insert_ffe0b288c9_super32k_v3,ok,98030,1,0,/mnt/nvme1n1/PipeANN-github/experiments/v100_pq_drift_1m_baseline_20260601T043217Z/indexes/phaseC_cycle02_no_retrain_after_insert,/mnt/nvme1n1/PipeANN-supersector32k-work/indexes/phaseC_cycle02_no_retrain_after_insert_ffe0b288c9_super32k_v3,no_retrain_across_cycles,7.600621
graph,6608.314985,u75,750000.0,470,20-27,8,True,phaseC_cycle02_no_retrain_across_cycles,,6.608587,0,0,1,,10000,1000,16,supersector32k,page_aware_slots,3,1000000,300584,98030,750000.0,21055.731,0.0,6187.917,0.0,551.965,21055.731,0.0,551.965,6270.951,2260848.64,19.612,98030,measure-dynamic-search,6569.191,27410.0,0.0,6930.452,570.0,27410.0,0.0,570.0,6580.0,2334720.0,7403.972,4096,measure-dynamic-search,4096,1000000,16,0,300584,151.318267,16248,300584,/mnt/nvme1n1/PipeANN-github/build_reviewed_20260602_querycache/tests/dynamic_update_suite_driver --mode measure-dynamic-search --source-prefix /mnt/nvme1n1/PipeANN-supersector32k-work/indexes/phaseC_cycle02_no_retrain_after_insert_ffe0b288c9_super32k_v3 --jsonl-output /mnt/nvme1n1/PipeANN-github/experiments/v100_querycache_optimized_full_replay_v5_20260601T221943Z/tmp/selected_0068.jsonl --insert-threads 16 --search-threads 1 --merge-threads 16 --build-l 220 --build-r 116 --beamwidth 8 --k 10 --cpu-cap 8 --metric l2 --route graph --search-l 470 --data-bin experiments/v100_pq_drift_1m_baseline_20260601T043217Z/data/phaseC_cycle02_live_data_by_tag.bin --base-label-file experiments/v100_pq_drift_1m_baseline_20260601T043217Z/labels/base_labels_1000000.spmat --query-bin /mnt/nvme1n1/PipeANN-github/experiments/r116_suite_pq16_aris_20260520_072453/data/sift_query_1000.bin --truthset-bin experiments/v100_pq_drift_1m_baseline_20260601T043217Z/truth/phaseC_cycle02_intersect_u75.bin --query-label-file /mnt/nvme1n1/PipeANN-github/experiments/r116_suite_pq16_aris_20260520_072453/labels/query_1000_u75.spmat --selector-type intersect --query-limit 1000,98.41,8.759694337844849,taskset -c 20-27 /mnt/nvme1n1/PipeANN-github/build_reviewed_20260602_querycache/tests/dynamic_update_suite_driver --mode measure-dynamic-search --source-prefix /mnt/nvme1n1/PipeANN-supersector32k-work/indexes/phaseC_cycle02_no_retrain_after_insert_ffe0b288c9_super32k_v3 --jsonl-output /mnt/nvme1n1/PipeANN-github/experiments/v100_querycache_optimized_full_replay_v5_20260601T221943Z/tmp/selected_0068.jsonl --insert-threads 16 --search-threads 1 --merge-threads 16 --build-l 220 --build-r 116 --beamwidth 8 --k 10 --cpu-cap 8 --metric l2 --route graph --search-l 470 --data-bin experiments/v100_pq_drift_1m_baseline_20260601T043217Z/data/phaseC_cycle02_live_data_by_tag.bin --base-label-file experiments/v100_pq_drift_1m_baseline_20260601T043217Z/labels/base_labels_1000000.spmat --query-bin /mnt/nvme1n1/PipeANN-github/experiments/r116_suite_pq16_aris_20260520_072453/data/sift_query_1000.bin --truthset-bin experiments/v100_pq_drift_1m_baseline_20260601T043217Z/truth/phaseC_cycle02_intersect_u75.bin --query-label-file /mnt/nvme1n1/PipeANN-github/experiments/r116_suite_pq16_aris_20260520_072453/labels/query_1000_u75.spmat --selector-type intersect --query-limit 1000,graph,68,300584,284336,470,querycache_plus_super32k_beamwidth_8_source_row_68,intersect,/mnt/nvme1n1/PipeANN-supersector32k-work/indexes/phaseC_cycle02_no_retrain_after_insert_ffe0b288c9_super32k_v3,ok,98030,1,0,/mnt/nvme1n1/PipeANN-github/experiments/v100_pq_drift_1m_baseline_20260601T043217Z/indexes/phaseC_cycle02_no_retrain_after_insert,/mnt/nvme1n1/PipeANN-supersector32k-work/indexes/phaseC_cycle02_no_retrain_after_insert_ffe0b288c9_super32k_v3,no_retrain_across_cycles,6.608587
graph,5715.789605,u100,1000000.0,400,20-27,8,True,phaseC_cycle02_no_retrain_across_cycles,,5.716059,0,0,1,,10000,1000,16,supersector32k,page_aware_slots,3,1000000,298784,98030,1000000.0,18791.769,0.0,5316.192,0.0,472.974,18791.769,0.0,472.974,5401.829,1937301.504,19.237,98030,measure-dynamic-search,5673.562,24220.0,0.0,6096.132,491.0,24220.0,0.0,491.0,5788.0,2011136.0,6624.269,4096,measure-dynamic-search,4096,1000000,16,0,298784,174.945717,14400,298784,/mnt/nvme1n1/PipeANN-github/build_reviewed_20260602_querycache/tests/dynamic_update_suite_driver --mode measure-dynamic-search --source-prefix /mnt/nvme1n1/PipeANN-supersector32k-work/indexes/phaseC_cycle02_no_retrain_after_insert_ffe0b288c9_super32k_v3 --jsonl-output /mnt/nvme1n1/PipeANN-github/experiments/v100_querycache_optimized_full_replay_v5_20260601T221943Z/tmp/selected_0069.jsonl --insert-threads 16 --search-threads 1 --merge-threads 16 --build-l 220 --build-r 116 --beamwidth 8 --k 10 --cpu-cap 8 --metric l2 --route graph --search-l 400 --data-bin experiments/v100_pq_drift_1m_baseline_20260601T043217Z/data/phaseC_cycle02_live_data_by_tag.bin --base-label-file experiments/v100_pq_drift_1m_baseline_20260601T043217Z/labels/base_labels_1000000.spmat --query-bin /mnt/nvme1n1/PipeANN-github/experiments/r116_suite_pq16_aris_20260520_072453/data/sift_query_1000.bin --truthset-bin experiments/v100_pq_drift_1m_baseline_20260601T043217Z/truth/phaseC_cycle02_intersect_u100.bin --query-label-file /mnt/nvme1n1/PipeANN-github/experiments/r116_suite_pq16_aris_20260520_072453/labels/query_1000_u100.spmat --selector-type intersect --query-limit 1000,98.53,8.1454598903656,taskset -c 20-27 /mnt/nvme1n1/PipeANN-github/build_reviewed_20260602_querycache/tests/dynamic_update_suite_driver --mode measure-dynamic-search --source-prefix /mnt/nvme1n1/PipeANN-supersector32k-work/indexes/phaseC_cycle02_no_retrain_after_insert_ffe0b288c9_super32k_v3 --jsonl-output /mnt/nvme1n1/PipeANN-github/experiments/v100_querycache_optimized_full_replay_v5_20260601T221943Z/tmp/selected_0069.jsonl --insert-threads 16 --search-threads 1 --merge-threads 16 --build-l 220 --build-r 116 --beamwidth 8 --k 10 --cpu-cap 8 --metric l2 --route graph --search-l 400 --data-bin experiments/v100_pq_drift_1m_baseline_20260601T043217Z/data/phaseC_cycle02_live_data_by_tag.bin --base-label-file experiments/v100_pq_drift_1m_baseline_20260601T043217Z/labels/base_labels_1000000.spmat --query-bin /mnt/nvme1n1/PipeANN-github/experiments/r116_suite_pq16_aris_20260520_072453/data/sift_query_1000.bin --truthset-bin experiments/v100_pq_drift_1m_baseline_20260601T043217Z/truth/phaseC_cycle02_intersect_u100.bin --query-label-file /mnt/nvme1n1/PipeANN-github/experiments/r116_suite_pq16_aris_20260520_072453/labels/query_1000_u100.spmat --selector-type intersect --query-limit 1000,graph,69,298784,284384,400,querycache_highrisk_beamwidth_8_source_row_69,intersect,/mnt/nvme1n1/PipeANN-supersector32k-work/indexes/phaseC_cycle02_no_retrain_after_insert_ffe0b288c9_super32k_v3,ok,98030,1,0,/mnt/nvme1n1/PipeANN-github/experiments/v100_pq_drift_1m_baseline_20260601T043217Z/indexes/phaseC_cycle02_no_retrain_after_insert,/mnt/nvme1n1/PipeANN-supersector32k-work/indexes/phaseC_cycle02_no_retrain_after_insert_ffe0b288c9_super32k_v3,no_retrain_across_cycles,5.716059
prefilter,203.93962,u1e-03,1000.0,75,20-27,8,True,phaseC_cycle02_no_retrain_across_cycles,,0.204077,0,0,1,,10000,0,16,supersector32k,page_aware_slots,3,1000000,285776,98030,1000.0,0.0,0.0,0.0,0.0,110.714,1000.0,0.0,110.714,201.114,453484.544,52.13,98030,measure-dynamic-search,201.15,0.0,0.0,223.119,115.0,1000.0,0.0,115.0,220.0,471040.0,254.008,4096,measure-dynamic-search,4096,1000000,16,1000,285776,4900.122974,1460,285776,/mnt/nvme1n1/PipeANN-github/build_reviewed_20260602_querycache/tests/dynamic_update_suite_driver --mode measure-dynamic-search --source-prefix /mnt/nvme1n1/PipeANN-supersector32k-work/indexes/phaseC_cycle02_no_retrain_after_insert_ffe0b288c9_super32k_v3 --jsonl-output /mnt/nvme1n1/PipeANN-github/experiments/v100_querycache_optimized_full_replay_v5_20260601T221943Z/tmp/selected_0070.jsonl --insert-threads 16 --search-threads 1 --merge-threads 16 --build-l 220 --build-r 116 --beamwidth 4 --k 10 --cpu-cap 8 --metric l2 --route prefilter --search-l 75 --data-bin experiments/v100_pq_drift_1m_baseline_20260601T043217Z/data/phaseC_cycle02_live_data_by_tag.bin --base-label-file experiments/v100_pq_drift_1m_baseline_20260601T043217Z/labels/base_labels_1000000.spmat --query-bin /mnt/nvme1n1/PipeANN-github/experiments/r116_suite_pq16_aris_20260520_072453/data/sift_query_1000.bin --truthset-bin experiments/v100_pq_drift_1m_baseline_20260601T043217Z/truth/phaseC_cycle02_range_u1e-03.bin --query-label-file /mnt/nvme1n1/PipeANN-github/experiments/r116_suite_pq16_aris_20260520_072453/labels/query_1000_range_u1e-03.spmat --selector-type range --query-limit 1000,99.97,2.312906265258789,taskset -c 20-27 /mnt/nvme1n1/PipeANN-github/build_reviewed_20260602_querycache/tests/dynamic_update_suite_driver --mode measure-dynamic-search --source-prefix /mnt/nvme1n1/PipeANN-supersector32k-work/indexes/phaseC_cycle02_no_retrain_after_insert_ffe0b288c9_super32k_v3 --jsonl-output /mnt/nvme1n1/PipeANN-github/experiments/v100_querycache_optimized_full_replay_v5_20260601T221943Z/tmp/selected_0070.jsonl --insert-threads 16 --search-threads 1 --merge-threads 16 --build-l 220 --build-r 116 --beamwidth 4 --k 10 --cpu-cap 8 --metric l2 --route prefilter --search-l 75 --data-bin experiments/v100_pq_drift_1m_baseline_20260601T043217Z/data/phaseC_cycle02_live_data_by_tag.bin --base-label-file experiments/v100_pq_drift_1m_baseline_20260601T043217Z/labels/base_labels_1000000.spmat --query-bin /mnt/nvme1n1/PipeANN-github/experiments/r116_suite_pq16_aris_20260520_072453/data/sift_query_1000.bin --truthset-bin experiments/v100_pq_drift_1m_baseline_20260601T043217Z/truth/phaseC_cycle02_range_u1e-03.bin --query-label-file /mnt/nvme1n1/PipeANN-github/experiments/r116_suite_pq16_aris_20260520_072453/labels/query_1000_range_u1e-03.spmat --selector-type range --query-limit 1000,prefilter,70,285776,284316,75,post_hoc_retuned_fastest_feasible_recall_ge_98,range,/mnt/nvme1n1/PipeANN-supersector32k-work/indexes/phaseC_cycle02_no_retrain_after_insert_ffe0b288c9_super32k_v3,ok,98030,1,0,/mnt/nvme1n1/PipeANN-github/experiments/v100_pq_drift_1m_baseline_20260601T043217Z/indexes/phaseC_cycle02_no_retrain_after_insert,/mnt/nvme1n1/PipeANN-supersector32k-work/indexes/phaseC_cycle02_no_retrain_after_insert_ffe0b288c9_super32k_v3,no_retrain_across_cycles,0.204077
prefilter,303.684572,u3e-03,3000.0,50,20-27,8,True,phaseC_cycle02_no_retrain_across_cycles,,0.30386,0,0,1,,10000,0,16,supersector32k,page_aware_slots,3,1000000,285240,98030,3000.0,0.0,0.0,0.0,0.0,110.799,3000.0,0.0,110.799,300.519,453832.704,89.832,98030,measure-dynamic-search,299.317,0.0,0.0,336.719,117.0,3000.0,0.0,117.0,334.0,479232.0,368.708,4096,measure-dynamic-search,4096,1000000,16,1000,285240,3290.992867,984,285240,/mnt/nvme1n1/PipeANN-github/build_reviewed_20260602_querycache/tests/dynamic_update_suite_driver --mode measure-dynamic-search --source-prefix /mnt/nvme1n1/PipeANN-supersector32k-work/indexes/phaseC_cycle02_no_retrain_after_insert_ffe0b288c9_super32k_v3 --jsonl-output /mnt/nvme1n1/PipeANN-github/experiments/v100_querycache_optimized_full_replay_v5_20260601T221943Z/tmp/selected_0071.jsonl --insert-threads 16 --search-threads 1 --merge-threads 16 --build-l 220 --build-r 116 --beamwidth 4 --k 10 --cpu-cap 8 --metric l2 --route prefilter --search-l 50 --data-bin experiments/v100_pq_drift_1m_baseline_20260601T043217Z/data/phaseC_cycle02_live_data_by_tag.bin --base-label-file experiments/v100_pq_drift_1m_baseline_20260601T043217Z/labels/base_labels_1000000.spmat --query-bin /mnt/nvme1n1/PipeANN-github/experiments/r116_suite_pq16_aris_20260520_072453/data/sift_query_1000.bin --truthset-bin experiments/v100_pq_drift_1m_baseline_20260601T043217Z/truth/phaseC_cycle02_range_u3e-03.bin --query-label-file /mnt/nvme1n1/PipeANN-github/experiments/r116_suite_pq16_aris_20260520_072453/labels/query_1000_range_u3e-03.spmat --selector-type range --query-limit 1000,99.68,2.4109301567077637,taskset -c 20-27 /mnt/nvme1n1/PipeANN-github/build_reviewed_20260602_querycache/tests/dynamic_update_suite_driver --mode measure-dynamic-search --source-prefix /mnt/nvme1n1/PipeANN-supersector32k-work/indexes/phaseC_cycle02_no_retrain_after_insert_ffe0b288c9_super32k_v3 --jsonl-output /mnt/nvme1n1/PipeANN-github/experiments/v100_querycache_optimized_full_replay_v5_20260601T221943Z/tmp/selected_0071.jsonl --insert-threads 16 --search-threads 1 --merge-threads 16 --build-l 220 --build-r 116 --beamwidth 4 --k 10 --cpu-cap 8 --metric l2 --route prefilter --search-l 50 --data-bin experiments/v100_pq_drift_1m_baseline_20260601T043217Z/data/phaseC_cycle02_live_data_by_tag.bin --base-label-file experiments/v100_pq_drift_1m_baseline_20260601T043217Z/labels/base_labels_1000000.spmat --query-bin /mnt/nvme1n1/PipeANN-github/experiments/r116_suite_pq16_aris_20260520_072453/data/sift_query_1000.bin --truthset-bin experiments/v100_pq_drift_1m_baseline_20260601T043217Z/truth/phaseC_cycle02_range_u3e-03.bin --query-label-file /mnt/nvme1n1/PipeANN-github/experiments/r116_suite_pq16_aris_20260520_072453/labels/query_1000_range_u3e-03.spmat --selector-type range --query-limit 1000,prefilter,71,285240,284256,50,post_hoc_retuned_fastest_feasible_recall_ge_98,range,/mnt/nvme1n1/PipeANN-supersector32k-work/indexes/phaseC_cycle02_no_retrain_after_insert_ffe0b288c9_super32k_v3,ok,98030,1,0,/mnt/nvme1n1/PipeANN-github/experiments/v100_pq_drift_1m_baseline_20260601T043217Z/indexes/phaseC_cycle02_no_retrain_after_insert,/mnt/nvme1n1/PipeANN-supersector32k-work/indexes/phaseC_cycle02_no_retrain_after_insert_ffe0b288c9_super32k_v3,no_retrain_across_cycles,0.30386
prefilter,589.288463,u1e-02,10000.0,50,20-27,8,True,phaseC_cycle02_no_retrain_across_cycles,,0.589493,0,0,1,,10000,0,16,supersector32k,page_aware_slots,3,1000000,287312,98030,10000.0,0.0,0.0,0.0,0.0,148.039,10000.0,0.0,148.039,585.791,606367.744,174.782,98030,measure-dynamic-search,583.511,0.0,0.0,637.776,156.0,10000.0,0.0,156.0,634.0,638976.0,696.043,4096,measure-dynamic-search,4096,1000000,16,1000,287312,1696.374142,984,287312,/mnt/nvme1n1/PipeANN-github/build_reviewed_20260602_querycache/tests/dynamic_update_suite_driver --mode measure-dynamic-search --source-prefix /mnt/nvme1n1/PipeANN-supersector32k-work/indexes/phaseC_cycle02_no_retrain_after_insert_ffe0b288c9_super32k_v3 --jsonl-output /mnt/nvme1n1/PipeANN-github/experiments/v100_querycache_optimized_full_replay_v5_20260601T221943Z/tmp/selected_0072.jsonl --insert-threads 16 --search-threads 1 --merge-threads 16 --build-l 220 --build-r 116 --beamwidth 4 --k 10 --cpu-cap 8 --metric l2 --route prefilter --search-l 50 --data-bin experiments/v100_pq_drift_1m_baseline_20260601T043217Z/data/phaseC_cycle02_live_data_by_tag.bin --base-label-file experiments/v100_pq_drift_1m_baseline_20260601T043217Z/labels/base_labels_1000000.spmat --query-bin /mnt/nvme1n1/PipeANN-github/experiments/r116_suite_pq16_aris_20260520_072453/data/sift_query_1000.bin --truthset-bin experiments/v100_pq_drift_1m_baseline_20260601T043217Z/truth/phaseC_cycle02_range_u1e-02.bin --query-label-file /mnt/nvme1n1/PipeANN-github/experiments/r116_suite_pq16_aris_20260520_072453/labels/query_1000_range_u1e-02.spmat --selector-type range --query-limit 1000,99.53,2.6750452518463135,taskset -c 20-27 /mnt/nvme1n1/PipeANN-github/build_reviewed_20260602_querycache/tests/dynamic_update_suite_driver --mode measure-dynamic-search --source-prefix /mnt/nvme1n1/PipeANN-supersector32k-work/indexes/phaseC_cycle02_no_retrain_after_insert_ffe0b288c9_super32k_v3 --jsonl-output /mnt/nvme1n1/PipeANN-github/experiments/v100_querycache_optimized_full_replay_v5_20260601T221943Z/tmp/selected_0072.jsonl --insert-threads 16 --search-threads 1 --merge-threads 16 --build-l 220 --build-r 116 --beamwidth 4 --k 10 --cpu-cap 8 --metric l2 --route prefilter --search-l 50 --data-bin experiments/v100_pq_drift_1m_baseline_20260601T043217Z/data/phaseC_cycle02_live_data_by_tag.bin --base-label-file experiments/v100_pq_drift_1m_baseline_20260601T043217Z/labels/base_labels_1000000.spmat --query-bin /mnt/nvme1n1/PipeANN-github/experiments/r116_suite_pq16_aris_20260520_072453/data/sift_query_1000.bin --truthset-bin experiments/v100_pq_drift_1m_baseline_20260601T043217Z/truth/phaseC_cycle02_range_u1e-02.bin --query-label-file /mnt/nvme1n1/PipeANN-github/experiments/r116_suite_pq16_aris_20260520_072453/labels/query_1000_range_u1e-02.spmat --selector-type range --query-limit 1000,prefilter,72,287312,286328,50,post_hoc_retuned_fastest_feasible_recall_ge_98,range,/mnt/nvme1n1/PipeANN-supersector32k-work/indexes/phaseC_cycle02_no_retrain_after_insert_ffe0b288c9_super32k_v3,ok,98030,1,0,/mnt/nvme1n1/PipeANN-github/experiments/v100_pq_drift_1m_baseline_20260601T043217Z/indexes/phaseC_cycle02_no_retrain_after_insert,/mnt/nvme1n1/PipeANN-supersector32k-work/indexes/phaseC_cycle02_no_retrain_after_insert_ffe0b288c9_super32k_v3,no_retrain_across_cycles,0.589493
prefilter,1484.186684,u5e-02,50000.0,75,20-27,8,True,phaseC_cycle02_no_retrain_across_cycles,,1.484425,0,0,1,,10000,0,16,supersector32k,page_aware_slots,3,1000000,285772,98030,50000.0,0.0,0.0,0.0,0.0,184.267,50000.0,0.0,184.267,1480.758,754757.632,275.562,98030,measure-dynamic-search,1475.404,0.0,0.0,1536.285,191.0,50000.0,0.0,191.0,1533.0,782336.0,1604.667,4096,measure-dynamic-search,4096,1000000,16,1000,285772,673.661622,1440,285772,/mnt/nvme1n1/PipeANN-github/build_reviewed_20260602_querycache/tests/dynamic_update_suite_driver --mode measure-dynamic-search --source-prefix /mnt/nvme1n1/PipeANN-supersector32k-work/indexes/phaseC_cycle02_no_retrain_after_insert_ffe0b288c9_super32k_v3 --jsonl-output /mnt/nvme1n1/PipeANN-github/experiments/v100_querycache_optimized_full_replay_v5_20260601T221943Z/tmp/selected_0073.jsonl --insert-threads 16 --search-threads 1 --merge-threads 16 --build-l 220 --build-r 116 --beamwidth 4 --k 10 --cpu-cap 8 --metric l2 --route prefilter --search-l 75 --data-bin experiments/v100_pq_drift_1m_baseline_20260601T043217Z/data/phaseC_cycle02_live_data_by_tag.bin --base-label-file experiments/v100_pq_drift_1m_baseline_20260601T043217Z/labels/base_labels_1000000.spmat --query-bin /mnt/nvme1n1/PipeANN-github/experiments/r116_suite_pq16_aris_20260520_072453/data/sift_query_1000.bin --truthset-bin experiments/v100_pq_drift_1m_baseline_20260601T043217Z/truth/phaseC_cycle02_range_u5e-02.bin --query-label-file /mnt/nvme1n1/PipeANN-github/experiments/r116_suite_pq16_aris_20260520_072453/labels/query_1000_range_u5e-02.spmat --selector-type range --query-limit 1000,99.19,3.601999521255493,taskset -c 20-27 /mnt/nvme1n1/PipeANN-github/build_reviewed_20260602_querycache/tests/dynamic_update_suite_driver --mode measure-dynamic-search --source-prefix /mnt/nvme1n1/PipeANN-supersector32k-work/indexes/phaseC_cycle02_no_retrain_after_insert_ffe0b288c9_super32k_v3 --jsonl-output /mnt/nvme1n1/PipeANN-github/experiments/v100_querycache_optimized_full_replay_v5_20260601T221943Z/tmp/selected_0073.jsonl --insert-threads 16 --search-threads 1 --merge-threads 16 --build-l 220 --build-r 116 --beamwidth 4 --k 10 --cpu-cap 8 --metric l2 --route prefilter --search-l 75 --data-bin experiments/v100_pq_drift_1m_baseline_20260601T043217Z/data/phaseC_cycle02_live_data_by_tag.bin --base-label-file experiments/v100_pq_drift_1m_baseline_20260601T043217Z/labels/base_labels_1000000.spmat --query-bin /mnt/nvme1n1/PipeANN-github/experiments/r116_suite_pq16_aris_20260520_072453/data/sift_query_1000.bin --truthset-bin experiments/v100_pq_drift_1m_baseline_20260601T043217Z/truth/phaseC_cycle02_range_u5e-02.bin --query-label-file /mnt/nvme1n1/PipeANN-github/experiments/r116_suite_pq16_aris_20260520_072453/labels/query_1000_range_u5e-02.spmat --selector-type range --query-limit 1000,prefilter,73,285772,284332,75,post_hoc_retuned_fastest_feasible_recall_ge_98,range,/mnt/nvme1n1/PipeANN-supersector32k-work/indexes/phaseC_cycle02_no_retrain_after_insert_ffe0b288c9_super32k_v3,ok,98030,1,0,/mnt/nvme1n1/PipeANN-github/experiments/v100_pq_drift_1m_baseline_20260601T043217Z/indexes/phaseC_cycle02_no_retrain_after_insert,/mnt/nvme1n1/PipeANN-supersector32k-work/indexes/phaseC_cycle02_no_retrain_after_insert_ffe0b288c9_super32k_v3,no_retrain_across_cycles,1.484425
prefilter,2250.633067,u1e-01,100000.0,50,20-27,8,True,phaseC_cycle02_no_retrain_across_cycles,,2.250915,0,0,1,,10000,0,16,supersector32k,page_aware_slots,3,1000000,285672,98030,100000.0,0.0,0.0,0.0,0.0,184.323,100000.0,0.0,184.323,2246.401,754987.008,318.136,98030,measure-dynamic-search,2216.983,0.0,0.0,2345.89,192.0,100000.0,0.0,192.0,2342.0,786432.0,2972.02,4096,measure-dynamic-search,4096,1000000,16,1000,285672,444.263836,1344,285672,/mnt/nvme1n1/PipeANN-github/build_reviewed_20260602_querycache/tests/dynamic_update_suite_driver --mode measure-dynamic-search --source-prefix /mnt/nvme1n1/PipeANN-supersector32k-work/indexes/phaseC_cycle02_no_retrain_after_insert_ffe0b288c9_super32k_v3 --jsonl-output /mnt/nvme1n1/PipeANN-github/experiments/v100_querycache_optimized_full_replay_v5_20260601T221943Z/tmp/selected_0074.jsonl --insert-threads 16 --search-threads 1 --merge-threads 16 --build-l 220 --build-r 116 --beamwidth 4 --k 10 --cpu-cap 8 --metric l2 --route prefilter --search-l 50 --data-bin experiments/v100_pq_drift_1m_baseline_20260601T043217Z/data/phaseC_cycle02_live_data_by_tag.bin --base-label-file experiments/v100_pq_drift_1m_baseline_20260601T043217Z/labels/base_labels_1000000.spmat --query-bin /mnt/nvme1n1/PipeANN-github/experiments/r116_suite_pq16_aris_20260520_072453/data/sift_query_1000.bin --truthset-bin experiments/v100_pq_drift_1m_baseline_20260601T043217Z/truth/phaseC_cycle02_range_u1e-01.bin --query-label-file /mnt/nvme1n1/PipeANN-github/experiments/r116_suite_pq16_aris_20260520_072453/labels/query_1000_range_u1e-01.spmat --selector-type range --query-limit 1000,98.69,4.3859124183654785,taskset -c 20-27 /mnt/nvme1n1/PipeANN-github/build_reviewed_20260602_querycache/tests/dynamic_update_suite_driver --mode measure-dynamic-search --source-prefix /mnt/nvme1n1/PipeANN-supersector32k-work/indexes/phaseC_cycle02_no_retrain_after_insert_ffe0b288c9_super32k_v3 --jsonl-output /mnt/nvme1n1/PipeANN-github/experiments/v100_querycache_optimized_full_replay_v5_20260601T221943Z/tmp/selected_0074.jsonl --insert-threads 16 --search-threads 1 --merge-threads 16 --build-l 220 --build-r 116 --beamwidth 4 --k 10 --cpu-cap 8 --metric l2 --route prefilter --search-l 50 --data-bin experiments/v100_pq_drift_1m_baseline_20260601T043217Z/data/phaseC_cycle02_live_data_by_tag.bin --base-label-file experiments/v100_pq_drift_1m_baseline_20260601T043217Z/labels/base_labels_1000000.spmat --query-bin /mnt/nvme1n1/PipeANN-github/experiments/r116_suite_pq16_aris_20260520_072453/data/sift_query_1000.bin --truthset-bin experiments/v100_pq_drift_1m_baseline_20260601T043217Z/truth/phaseC_cycle02_range_u1e-01.bin --query-label-file /mnt/nvme1n1/PipeANN-github/experiments/r116_suite_pq16_aris_20260520_072453/labels/query_1000_range_u1e-01.spmat --selector-type range --query-limit 1000,prefilter,74,285672,284328,50,post_hoc_retuned_fastest_feasible_recall_ge_98,range,/mnt/nvme1n1/PipeANN-supersector32k-work/indexes/phaseC_cycle02_no_retrain_after_insert_ffe0b288c9_super32k_v3,ok,98030,1,0,/mnt/nvme1n1/PipeANN-github/experiments/v100_pq_drift_1m_baseline_20260601T043217Z/indexes/phaseC_cycle02_no_retrain_after_insert,/mnt/nvme1n1/PipeANN-supersector32k-work/indexes/phaseC_cycle02_no_retrain_after_insert_ffe0b288c9_super32k_v3,no_retrain_across_cycles,2.250915
prefilter,4436.75663,u25,250000.0,50,20-27,8,True,phaseC_cycle02_no_retrain_across_cycles,,4.437135,0,0,1,,10000,0,16,supersector32k,page_aware_slots,3,1000000,285636,98030,250000.0,0.0,0.0,0.0,0.0,222.434,250000.0,0.0,222.434,4431.719,911089.664,456.138,98030,measure-dynamic-search,4375.888,0.0,0.0,4676.561,231.0,250000.0,0.0,231.0,4672.0,946176.0,5057.916,4096,measure-dynamic-search,4096,1000000,16,1000,285636,225.37066,1248,285636,/mnt/nvme1n1/PipeANN-github/build_reviewed_20260602_querycache/tests/dynamic_update_suite_driver --mode measure-dynamic-search --source-prefix /mnt/nvme1n1/PipeANN-supersector32k-work/indexes/phaseC_cycle02_no_retrain_after_insert_ffe0b288c9_super32k_v3 --jsonl-output /mnt/nvme1n1/PipeANN-github/experiments/v100_querycache_optimized_full_replay_v5_20260601T221943Z/tmp/selected_0075.jsonl --insert-threads 16 --search-threads 1 --merge-threads 16 --build-l 220 --build-r 116 --beamwidth 4 --k 10 --cpu-cap 8 --metric l2 --route prefilter --search-l 50 --data-bin experiments/v100_pq_drift_1m_baseline_20260601T043217Z/data/phaseC_cycle02_live_data_by_tag.bin --base-label-file experiments/v100_pq_drift_1m_baseline_20260601T043217Z/labels/base_labels_1000000.spmat --query-bin /mnt/nvme1n1/PipeANN-github/experiments/r116_suite_pq16_aris_20260520_072453/data/sift_query_1000.bin --truthset-bin experiments/v100_pq_drift_1m_baseline_20260601T043217Z/truth/phaseC_cycle02_range_u25.bin --query-label-file /mnt/nvme1n1/PipeANN-github/experiments/r116_suite_pq16_aris_20260520_072453/labels/query_1000_range_u25.spmat --selector-type range --query-limit 1000,98.26,7.172679901123047,taskset -c 20-27 /mnt/nvme1n1/PipeANN-github/build_reviewed_20260602_querycache/tests/dynamic_update_suite_driver --mode measure-dynamic-search --source-prefix /mnt/nvme1n1/PipeANN-supersector32k-work/indexes/phaseC_cycle02_no_retrain_after_insert_ffe0b288c9_super32k_v3 --jsonl-output /mnt/nvme1n1/PipeANN-github/experiments/v100_querycache_optimized_full_replay_v5_20260601T221943Z/tmp/selected_0075.jsonl --insert-threads 16 --search-threads 1 --merge-threads 16 --build-l 220 --build-r 116 --beamwidth 4 --k 10 --cpu-cap 8 --metric l2 --route prefilter --search-l 50 --data-bin experiments/v100_pq_drift_1m_baseline_20260601T043217Z/data/phaseC_cycle02_live_data_by_tag.bin --base-label-file experiments/v100_pq_drift_1m_baseline_20260601T043217Z/labels/base_labels_1000000.spmat --query-bin /mnt/nvme1n1/PipeANN-github/experiments/r116_suite_pq16_aris_20260520_072453/data/sift_query_1000.bin --truthset-bin experiments/v100_pq_drift_1m_baseline_20260601T043217Z/truth/phaseC_cycle02_range_u25.bin --query-label-file /mnt/nvme1n1/PipeANN-github/experiments/r116_suite_pq16_aris_20260520_072453/labels/query_1000_range_u25.spmat --selector-type range --query-limit 1000,prefilter,75,285636,284388,50,post_hoc_retuned_fastest_feasible_recall_ge_98,range,/mnt/nvme1n1/PipeANN-supersector32k-work/indexes/phaseC_cycle02_no_retrain_after_insert_ffe0b288c9_super32k_v3,ok,98030,1,0,/mnt/nvme1n1/PipeANN-github/experiments/v100_pq_drift_1m_baseline_20260601T043217Z/indexes/phaseC_cycle02_no_retrain_after_insert,/mnt/nvme1n1/PipeANN-supersector32k-work/indexes/phaseC_cycle02_no_retrain_after_insert_ffe0b288c9_super32k_v3,no_retrain_across_cycles,4.437135
prefilter,5062.125899,u30,300000.0,150,20-27,8,True,phaseC_cycle02_no_retrain_across_cycles,,5.062537,0,0,1,,10000,0,16,supersector32k,page_aware_slots,3,1000000,285828,98030,300000.0,0.0,0.0,0.0,0.0,222.366,300000.0,0.0,222.366,5057.211,910811.136,501.933,98030,measure-dynamic-search,5014.302,0.0,0.0,5347.225,231.0,300000.0,0.0,231.0,5342.0,946176.0,5776.87,4096,measure-dynamic-search,4096,1000000,16,1000,285828,197.529403,1316,285828,/mnt/nvme1n1/PipeANN-github/build_reviewed_20260602_querycache/tests/dynamic_update_suite_driver --mode measure-dynamic-search --source-prefix /mnt/nvme1n1/PipeANN-supersector32k-work/indexes/phaseC_cycle02_no_retrain_after_insert_ffe0b288c9_super32k_v3 --jsonl-output /mnt/nvme1n1/PipeANN-github/experiments/v100_querycache_optimized_full_replay_v5_20260601T221943Z/tmp/selected_0076.jsonl --insert-threads 16 --search-threads 1 --merge-threads 16 --build-l 220 --build-r 116 --beamwidth 4 --k 10 --cpu-cap 8 --metric l2 --route prefilter --search-l 150 --data-bin experiments/v100_pq_drift_1m_baseline_20260601T043217Z/data/phaseC_cycle02_live_data_by_tag.bin --base-label-file experiments/v100_pq_drift_1m_baseline_20260601T043217Z/labels/base_labels_1000000.spmat --query-bin /mnt/nvme1n1/PipeANN-github/experiments/r116_suite_pq16_aris_20260520_072453/data/sift_query_1000.bin --truthset-bin experiments/v100_pq_drift_1m_baseline_20260601T043217Z/truth/phaseC_cycle02_range_u30.bin --query-label-file /mnt/nvme1n1/PipeANN-github/experiments/r116_suite_pq16_aris_20260520_072453/labels/query_1000_range_u30.spmat --selector-type range --query-limit 1000,98.06,7.323705673217773,taskset -c 20-27 /mnt/nvme1n1/PipeANN-github/build_reviewed_20260602_querycache/tests/dynamic_update_suite_driver --mode measure-dynamic-search --source-prefix /mnt/nvme1n1/PipeANN-supersector32k-work/indexes/phaseC_cycle02_no_retrain_after_insert_ffe0b288c9_super32k_v3 --jsonl-output /mnt/nvme1n1/PipeANN-github/experiments/v100_querycache_optimized_full_replay_v5_20260601T221943Z/tmp/selected_0076.jsonl --insert-threads 16 --search-threads 1 --merge-threads 16 --build-l 220 --build-r 116 --beamwidth 4 --k 10 --cpu-cap 8 --metric l2 --route prefilter --search-l 150 --data-bin experiments/v100_pq_drift_1m_baseline_20260601T043217Z/data/phaseC_cycle02_live_data_by_tag.bin --base-label-file experiments/v100_pq_drift_1m_baseline_20260601T043217Z/labels/base_labels_1000000.spmat --query-bin /mnt/nvme1n1/PipeANN-github/experiments/r116_suite_pq16_aris_20260520_072453/data/sift_query_1000.bin --truthset-bin experiments/v100_pq_drift_1m_baseline_20260601T043217Z/truth/phaseC_cycle02_range_u30.bin --query-label-file /mnt/nvme1n1/PipeANN-github/experiments/r116_suite_pq16_aris_20260520_072453/labels/query_1000_range_u30.spmat --selector-type range --query-limit 1000,prefilter,76,285828,284512,150,post_hoc_retuned_fastest_feasible_recall_ge_98,range,/mnt/nvme1n1/PipeANN-supersector32k-work/indexes/phaseC_cycle02_no_retrain_after_insert_ffe0b288c9_super32k_v3,ok,98030,1,0,/mnt/nvme1n1/PipeANN-github/experiments/v100_pq_drift_1m_baseline_20260601T043217Z/indexes/phaseC_cycle02_no_retrain_after_insert,/mnt/nvme1n1/PipeANN-supersector32k-work/indexes/phaseC_cycle02_no_retrain_after_insert_ffe0b288c9_super32k_v3,no_retrain_across_cycles,5.062537
prefilter,7836.951616,u50,500000.0,300,20-27,8,True,phaseC_cycle02_no_retrain_across_cycles,,7.837466,0,0,1,,10000,0,16,supersector32k,page_aware_slots,3,1000000,285632,98030,500000.0,0.0,0.0,0.0,0.0,346.219,500000.0,0.0,346.219,7830.903,1418113.024,672.627,98030,measure-dynamic-search,7783.382,0.0,0.0,8201.69,357.0,500000.0,0.0,357.0,8196.0,1462272.0,8781.394,4096,measure-dynamic-search,4096,1000000,16,1000,285632,127.592259,1260,285520,/mnt/nvme1n1/PipeANN-github/build_reviewed_20260602_querycache/tests/dynamic_update_suite_driver --mode measure-dynamic-search --source-prefix /mnt/nvme1n1/PipeANN-supersector32k-work/indexes/phaseC_cycle02_no_retrain_after_insert_ffe0b288c9_super32k_v3 --jsonl-output /mnt/nvme1n1/PipeANN-github/experiments/v100_querycache_optimized_full_replay_v5_20260601T221943Z/tmp/selected_0077.jsonl --insert-threads 16 --search-threads 1 --merge-threads 16 --build-l 220 --build-r 116 --beamwidth 4 --k 10 --cpu-cap 8 --metric l2 --route prefilter --search-l 300 --data-bin experiments/v100_pq_drift_1m_baseline_20260601T043217Z/data/phaseC_cycle02_live_data_by_tag.bin --base-label-file experiments/v100_pq_drift_1m_baseline_20260601T043217Z/labels/base_labels_1000000.spmat --query-bin /mnt/nvme1n1/PipeANN-github/experiments/r116_suite_pq16_aris_20260520_072453/data/sift_query_1000.bin --truthset-bin experiments/v100_pq_drift_1m_baseline_20260601T043217Z/truth/phaseC_cycle02_range_u50.bin --query-label-file /mnt/nvme1n1/PipeANN-github/experiments/r116_suite_pq16_aris_20260520_072453/labels/query_1000_range_u50.spmat --selector-type range --query-limit 1000,98.84,9.990876197814941,taskset -c 20-27 /mnt/nvme1n1/PipeANN-github/build_reviewed_20260602_querycache/tests/dynamic_update_suite_driver --mode measure-dynamic-search --source-prefix /mnt/nvme1n1/PipeANN-supersector32k-work/indexes/phaseC_cycle02_no_retrain_after_insert_ffe0b288c9_super32k_v3 --jsonl-output /mnt/nvme1n1/PipeANN-github/experiments/v100_querycache_optimized_full_replay_v5_20260601T221943Z/tmp/selected_0077.jsonl --insert-threads 16 --search-threads 1 --merge-threads 16 --build-l 220 --build-r 116 --beamwidth 4 --k 10 --cpu-cap 8 --metric l2 --route prefilter --search-l 300 --data-bin experiments/v100_pq_drift_1m_baseline_20260601T043217Z/data/phaseC_cycle02_live_data_by_tag.bin --base-label-file experiments/v100_pq_drift_1m_baseline_20260601T043217Z/labels/base_labels_1000000.spmat --query-bin /mnt/nvme1n1/PipeANN-github/experiments/r116_suite_pq16_aris_20260520_072453/data/sift_query_1000.bin --truthset-bin experiments/v100_pq_drift_1m_baseline_20260601T043217Z/truth/phaseC_cycle02_range_u50.bin --query-label-file /mnt/nvme1n1/PipeANN-github/experiments/r116_suite_pq16_aris_20260520_072453/labels/query_1000_range_u50.spmat --selector-type range --query-limit 1000,prefilter,77,285520,284260,300,post_hoc_retuned_fastest_feasible_recall_ge_98,range,/mnt/nvme1n1/PipeANN-supersector32k-work/indexes/phaseC_cycle02_no_retrain_after_insert_ffe0b288c9_super32k_v3,ok,98030,1,0,/mnt/nvme1n1/PipeANN-github/experiments/v100_pq_drift_1m_baseline_20260601T043217Z/indexes/phaseC_cycle02_no_retrain_after_insert,/mnt/nvme1n1/PipeANN-supersector32k-work/indexes/phaseC_cycle02_no_retrain_after_insert_ffe0b288c9_super32k_v3,no_retrain_across_cycles,7.837466
mixed,6361.046069,u75,750000.0,450,20-27,8,True,phaseC_cycle02_no_retrain_across_cycles,,6.361275,0,1000,1,,10000,0,16,supersector32k,page_aware_slots,3,1000000,299244,98030,750000.0,20417.751,0.0,5904.103,0.0,529.215,20417.751,0.0,529.215,6030.76,2167664.64,66.241,98030,measure-dynamic-search,6320.333,26440.0,0.0,6698.158,547.0,26440.0,0.0,547.0,6350.0,2240512.0,7226.478,4096,measure-dynamic-search,4096,1000000,16,0,299244,157.201186,14912,299244,/mnt/nvme1n1/PipeANN-github/build_reviewed_20260602_querycache/tests/dynamic_update_suite_driver --mode measure-dynamic-search --source-prefix /mnt/nvme1n1/PipeANN-supersector32k-work/indexes/phaseC_cycle02_no_retrain_after_insert_ffe0b288c9_super32k_v3 --jsonl-output /mnt/nvme1n1/PipeANN-github/experiments/v100_querycache_optimized_full_replay_v5_20260601T221943Z/tmp/selected_0078.jsonl --insert-threads 16 --search-threads 1 --merge-threads 16 --build-l 220 --build-r 116 --beamwidth 8 --k 10 --cpu-cap 8 --metric l2 --route graph --search-l 450 --data-bin experiments/v100_pq_drift_1m_baseline_20260601T043217Z/data/phaseC_cycle02_live_data_by_tag.bin --base-label-file experiments/v100_pq_drift_1m_baseline_20260601T043217Z/labels/base_labels_1000000.spmat --query-bin /mnt/nvme1n1/PipeANN-github/experiments/r116_suite_pq16_aris_20260520_072453/data/sift_query_1000.bin --truthset-bin experiments/v100_pq_drift_1m_baseline_20260601T043217Z/truth/phaseC_cycle02_range_u75.bin --query-label-file /mnt/nvme1n1/PipeANN-github/experiments/r116_suite_pq16_aris_20260520_072453/labels/query_1000_range_u75.spmat --selector-type range --query-limit 1000,98.33,8.447316646575928,taskset -c 20-27 /mnt/nvme1n1/PipeANN-github/build_reviewed_20260602_querycache/tests/dynamic_update_suite_driver --mode measure-dynamic-search --source-prefix /mnt/nvme1n1/PipeANN-supersector32k-work/indexes/phaseC_cycle02_no_retrain_after_insert_ffe0b288c9_super32k_v3 --jsonl-output /mnt/nvme1n1/PipeANN-github/experiments/v100_querycache_optimized_full_replay_v5_20260601T221943Z/tmp/selected_0078.jsonl --insert-threads 16 --search-threads 1 --merge-threads 16 --build-l 220 --build-r 116 --beamwidth 8 --k 10 --cpu-cap 8 --metric l2 --route graph --search-l 450 --data-bin experiments/v100_pq_drift_1m_baseline_20260601T043217Z/data/phaseC_cycle02_live_data_by_tag.bin --base-label-file experiments/v100_pq_drift_1m_baseline_20260601T043217Z/labels/base_labels_1000000.spmat --query-bin /mnt/nvme1n1/PipeANN-github/experiments/r116_suite_pq16_aris_20260520_072453/data/sift_query_1000.bin --truthset-bin experiments/v100_pq_drift_1m_baseline_20260601T043217Z/truth/phaseC_cycle02_range_u75.bin --query-label-file /mnt/nvme1n1/PipeANN-github/experiments/r116_suite_pq16_aris_20260520_072453/labels/query_1000_range_u75.spmat --selector-type range --query-limit 1000,graph,78,299244,284332,450,querycache_plus_super32k_beamwidth_8_source_row_78,range,/mnt/nvme1n1/PipeANN-supersector32k-work/indexes/phaseC_cycle02_no_retrain_after_insert_ffe0b288c9_super32k_v3,ok,98030,1,0,/mnt/nvme1n1/PipeANN-github/experiments/v100_pq_drift_1m_baseline_20260601T043217Z/indexes/phaseC_cycle02_no_retrain_after_insert,/mnt/nvme1n1/PipeANN-supersector32k-work/indexes/phaseC_cycle02_no_retrain_after_insert_ffe0b288c9_super32k_v3,no_retrain_across_cycles,6.361275
mixed,5772.830883,u100,1000000.0,400,20-27,8,True,phaseC_cycle02_no_retrain_across_cycles,,5.773077,0,1000,1,,10000,0,16,supersector32k,page_aware_slots,3,1000000,300800,98030,1000000.0,18791.001,0.0,5316.358,0.0,472.973,18791.001,0.0,472.973,5455.167,1937297.408,72.257,98030,measure-dynamic-search,5731.63,24220.0,0.0,6174.303,491.0,24220.0,0.0,491.0,5826.0,2011136.0,6643.15,4096,measure-dynamic-search,4096,1000000,16,0,300800,173.217854,14336,300800,/mnt/nvme1n1/PipeANN-github/build_reviewed_20260602_querycache/tests/dynamic_update_suite_driver --mode measure-dynamic-search --source-prefix /mnt/nvme1n1/PipeANN-supersector32k-work/indexes/phaseC_cycle02_no_retrain_after_insert_ffe0b288c9_super32k_v3 --jsonl-output /mnt/nvme1n1/PipeANN-github/experiments/v100_querycache_optimized_full_replay_v5_20260601T221943Z/tmp/selected_0079.jsonl --insert-threads 16 --search-threads 1 --merge-threads 16 --build-l 220 --build-r 116 --beamwidth 8 --k 10 --cpu-cap 8 --metric l2 --route graph --search-l 400 --data-bin experiments/v100_pq_drift_1m_baseline_20260601T043217Z/data/phaseC_cycle02_live_data_by_tag.bin --base-label-file experiments/v100_pq_drift_1m_baseline_20260601T043217Z/labels/base_labels_1000000.spmat --query-bin /mnt/nvme1n1/PipeANN-github/experiments/r116_suite_pq16_aris_20260520_072453/data/sift_query_1000.bin --truthset-bin experiments/v100_pq_drift_1m_baseline_20260601T043217Z/truth/phaseC_cycle02_range_u100.bin --query-label-file /mnt/nvme1n1/PipeANN-github/experiments/r116_suite_pq16_aris_20260520_072453/labels/query_1000_range_u100.spmat --selector-type range --query-limit 1000,98.53,7.939458131790161,taskset -c 20-27 /mnt/nvme1n1/PipeANN-github/build_reviewed_20260602_querycache/tests/dynamic_update_suite_driver --mode measure-dynamic-search --source-prefix /mnt/nvme1n1/PipeANN-supersector32k-work/indexes/phaseC_cycle02_no_retrain_after_insert_ffe0b288c9_super32k_v3 --jsonl-output /mnt/nvme1n1/PipeANN-github/experiments/v100_querycache_optimized_full_replay_v5_20260601T221943Z/tmp/selected_0079.jsonl --insert-threads 16 --search-threads 1 --merge-threads 16 --build-l 220 --build-r 116 --beamwidth 8 --k 10 --cpu-cap 8 --metric l2 --route graph --search-l 400 --data-bin experiments/v100_pq_drift_1m_baseline_20260601T043217Z/data/phaseC_cycle02_live_data_by_tag.bin --base-label-file experiments/v100_pq_drift_1m_baseline_20260601T043217Z/labels/base_labels_1000000.spmat --query-bin /mnt/nvme1n1/PipeANN-github/experiments/r116_suite_pq16_aris_20260520_072453/data/sift_query_1000.bin --truthset-bin experiments/v100_pq_drift_1m_baseline_20260601T043217Z/truth/phaseC_cycle02_range_u100.bin --query-label-file /mnt/nvme1n1/PipeANN-github/experiments/r116_suite_pq16_aris_20260520_072453/labels/query_1000_range_u100.spmat --selector-type range --query-limit 1000,graph,79,300800,286464,400,querycache_highrisk_beamwidth_8_source_row_79,range,/mnt/nvme1n1/PipeANN-supersector32k-work/indexes/phaseC_cycle02_no_retrain_after_insert_ffe0b288c9_super32k_v3,ok,98030,1,0,/mnt/nvme1n1/PipeANN-github/experiments/v100_pq_drift_1m_baseline_20260601T043217Z/indexes/phaseC_cycle02_no_retrain_after_insert,/mnt/nvme1n1/PipeANN-supersector32k-work/indexes/phaseC_cycle02_no_retrain_after_insert_ffe0b288c9_super32k_v3,no_retrain_across_cycles,5.773077
prefilter,163.355656,u1e-03,1000.0,50,20-27,8,True,phaseC_cycle03_retrain_each_cycle,,0.163466,0,0,1,,10000,0,16,supersector32k,page_aware_slots,3,1000000,281692,128010,1000.0,0.0,0.0,0.0,0.0,111.287,1000.0,0.0,111.287,160.808,455831.552,35.348,128010,measure-dynamic-search,159.638,0.0,0.0,186.002,117.0,1000.0,0.0,117.0,183.0,479232.0,201.436,4096,measure-dynamic-search,4096,1000000,16,1000,281692,6117.48892,1048,281692,/mnt/nvme1n1/PipeANN-github/build_reviewed_20260602_querycache/tests/dynamic_update_suite_driver --mode measure-dynamic-search --source-prefix /mnt/nvme1n1/PipeANN-supersector32k-work/indexes/phaseC_cycle03_retrain_each_cycle_4302719af5_super32k_v3 --jsonl-output /mnt/nvme1n1/PipeANN-github/experiments/v100_querycache_optimized_full_replay_v5_20260601T221943Z/tmp/selected_0080.jsonl --insert-threads 16 --search-threads 1 --merge-threads 16 --build-l 220 --build-r 116 --beamwidth 4 --k 10 --cpu-cap 8 --metric l2 --route prefilter --search-l 50 --data-bin experiments/v100_pq_drift_1m_baseline_20260601T043217Z/data/phaseC_cycle03_live_data_by_tag.bin --base-label-file experiments/v100_pq_drift_1m_baseline_20260601T043217Z/labels/base_labels_1000000.spmat --query-bin /mnt/nvme1n1/PipeANN-github/experiments/r116_suite_pq16_aris_20260520_072453/data/sift_query_1000.bin --truthset-bin experiments/v100_pq_drift_1m_baseline_20260601T043217Z/truth/phaseC_cycle03_intersect_u1e-03.bin --query-label-file /mnt/nvme1n1/PipeANN-github/experiments/r116_suite_pq16_aris_20260520_072453/labels/query_1000_u1e-03.spmat --selector-type intersect --query-limit 1000,99.9,1.7958331108093262,taskset -c 20-27 /mnt/nvme1n1/PipeANN-github/build_reviewed_20260602_querycache/tests/dynamic_update_suite_driver --mode measure-dynamic-search --source-prefix /mnt/nvme1n1/PipeANN-supersector32k-work/indexes/phaseC_cycle03_retrain_each_cycle_4302719af5_super32k_v3 --jsonl-output /mnt/nvme1n1/PipeANN-github/experiments/v100_querycache_optimized_full_replay_v5_20260601T221943Z/tmp/selected_0080.jsonl --insert-threads 16 --search-threads 1 --merge-threads 16 --build-l 220 --build-r 116 --beamwidth 4 --k 10 --cpu-cap 8 --metric l2 --route prefilter --search-l 50 --data-bin experiments/v100_pq_drift_1m_baseline_20260601T043217Z/data/phaseC_cycle03_live_data_by_tag.bin --base-label-file experiments/v100_pq_drift_1m_baseline_20260601T043217Z/labels/base_labels_1000000.spmat --query-bin /mnt/nvme1n1/PipeANN-github/experiments/r116_suite_pq16_aris_20260520_072453/data/sift_query_1000.bin --truthset-bin experiments/v100_pq_drift_1m_baseline_20260601T043217Z/truth/phaseC_cycle03_intersect_u1e-03.bin --query-label-file /mnt/nvme1n1/PipeANN-github/experiments/r116_suite_pq16_aris_20260520_072453/labels/query_1000_u1e-03.spmat --selector-type intersect --query-limit 1000,prefilter,80,281692,280644,50,post_hoc_retuned_fastest_feasible_recall_ge_98,intersect,/mnt/nvme1n1/PipeANN-supersector32k-work/indexes/phaseC_cycle03_retrain_each_cycle_4302719af5_super32k_v3,ok,128010,1,0,/mnt/nvme1n1/PipeANN-github/experiments/v100_pq_drift_1m_baseline_20260601T043217Z/indexes/phaseC_cycle03_retrain_each_cycle,/mnt/nvme1n1/PipeANN-supersector32k-work/indexes/phaseC_cycle03_retrain_each_cycle_4302719af5_super32k_v3,retrain_each_cycle,0.163466
prefilter,214.884954,u3e-03,3000.0,75,20-27,8,True,phaseC_cycle03_retrain_each_cycle,,0.214977,0,0,1,,10000,0,16,supersector32k,page_aware_slots,3,1000000,283780,128010,3000.0,0.0,0.0,0.0,0.0,110.778,3000.0,0.0,110.778,212.178,453746.688,37.362,128010,measure-dynamic-search,211.838,0.0,0.0,241.091,118.0,3000.0,0.0,118.0,239.0,483328.0,257.906,4096,measure-dynamic-search,4096,1000000,16,1000,283780,4651.654871,1376,283780,/mnt/nvme1n1/PipeANN-github/build_reviewed_20260602_querycache/tests/dynamic_update_suite_driver --mode measure-dynamic-search --source-prefix /mnt/nvme1n1/PipeANN-supersector32k-work/indexes/phaseC_cycle03_retrain_each_cycle_4302719af5_super32k_v3 --jsonl-output /mnt/nvme1n1/PipeANN-github/experiments/v100_querycache_optimized_full_replay_v5_20260601T221943Z/tmp/selected_0081.jsonl --insert-threads 16 --search-threads 1 --merge-threads 16 --build-l 220 --build-r 116 --beamwidth 4 --k 10 --cpu-cap 8 --metric l2 --route prefilter --search-l 75 --data-bin experiments/v100_pq_drift_1m_baseline_20260601T043217Z/data/phaseC_cycle03_live_data_by_tag.bin --base-label-file experiments/v100_pq_drift_1m_baseline_20260601T043217Z/labels/base_labels_1000000.spmat --query-bin /mnt/nvme1n1/PipeANN-github/experiments/r116_suite_pq16_aris_20260520_072453/data/sift_query_1000.bin --truthset-bin experiments/v100_pq_drift_1m_baseline_20260601T043217Z/truth/phaseC_cycle03_intersect_u3e-03.bin --query-label-file /mnt/nvme1n1/PipeANN-github/experiments/r116_suite_pq16_aris_20260520_072453/labels/query_1000_u3e-03.spmat --selector-type intersect --query-limit 1000,99.68,1.7918670177459717,taskset -c 20-27 /mnt/nvme1n1/PipeANN-github/build_reviewed_20260602_querycache/tests/dynamic_update_suite_driver --mode measure-dynamic-search --source-prefix /mnt/nvme1n1/PipeANN-supersector32k-work/indexes/phaseC_cycle03_retrain_each_cycle_4302719af5_super32k_v3 --jsonl-output /mnt/nvme1n1/PipeANN-github/experiments/v100_querycache_optimized_full_replay_v5_20260601T221943Z/tmp/selected_0081.jsonl --insert-threads 16 --search-threads 1 --merge-threads 16 --build-l 220 --build-r 116 --beamwidth 4 --k 10 --cpu-cap 8 --metric l2 --route prefilter --search-l 75 --data-bin experiments/v100_pq_drift_1m_baseline_20260601T043217Z/data/phaseC_cycle03_live_data_by_tag.bin --base-label-file experiments/v100_pq_drift_1m_baseline_20260601T043217Z/labels/base_labels_1000000.spmat --query-bin /mnt/nvme1n1/PipeANN-github/experiments/r116_suite_pq16_aris_20260520_072453/data/sift_query_1000.bin --truthset-bin experiments/v100_pq_drift_1m_baseline_20260601T043217Z/truth/phaseC_cycle03_intersect_u3e-03.bin --query-label-file /mnt/nvme1n1/PipeANN-github/experiments/r116_suite_pq16_aris_20260520_072453/labels/query_1000_u3e-03.spmat --selector-type intersect --query-limit 1000,prefilter,81,283780,282404,75,post_hoc_retuned_fastest_feasible_recall_ge_98,intersect,/mnt/nvme1n1/PipeANN-supersector32k-work/indexes/phaseC_cycle03_retrain_each_cycle_4302719af5_super32k_v3,ok,128010,1,0,/mnt/nvme1n1/PipeANN-github/experiments/v100_pq_drift_1m_baseline_20260601T043217Z/indexes/phaseC_cycle03_retrain_each_cycle,/mnt/nvme1n1/PipeANN-supersector32k-work/indexes/phaseC_cycle03_retrain_each_cycle_4302719af5_super32k_v3,retrain_each_cycle,0.214977
prefilter,399.922277,u1e-02,10000.0,100,20-27,8,True,phaseC_cycle03_retrain_each_cycle,,0.400059,0,0,1,,10000,0,16,supersector32k,page_aware_slots,3,1000000,281772,128010,10000.0,0.0,0.0,0.0,0.0,147.923,10000.0,0.0,147.923,396.935,605892.608,46.259,128010,measure-dynamic-search,397.379,0.0,0.0,430.509,155.0,10000.0,0.0,155.0,428.0,634880.0,471.345,4096,measure-dynamic-search,4096,1000000,16,1000,281772,2499.631804,1112,281772,/mnt/nvme1n1/PipeANN-github/build_reviewed_20260602_querycache/tests/dynamic_update_suite_driver --mode measure-dynamic-search --source-prefix /mnt/nvme1n1/PipeANN-supersector32k-work/indexes/phaseC_cycle03_retrain_each_cycle_4302719af5_super32k_v3 --jsonl-output /mnt/nvme1n1/PipeANN-github/experiments/v100_querycache_optimized_full_replay_v5_20260601T221943Z/tmp/selected_0082.jsonl --insert-threads 16 --search-threads 1 --merge-threads 16 --build-l 220 --build-r 116 --beamwidth 4 --k 10 --cpu-cap 8 --metric l2 --route prefilter --search-l 100 --data-bin experiments/v100_pq_drift_1m_baseline_20260601T043217Z/data/phaseC_cycle03_live_data_by_tag.bin --base-label-file experiments/v100_pq_drift_1m_baseline_20260601T043217Z/labels/base_labels_1000000.spmat --query-bin /mnt/nvme1n1/PipeANN-github/experiments/r116_suite_pq16_aris_20260520_072453/data/sift_query_1000.bin --truthset-bin experiments/v100_pq_drift_1m_baseline_20260601T043217Z/truth/phaseC_cycle03_intersect_u1e-02.bin --query-label-file /mnt/nvme1n1/PipeANN-github/experiments/r116_suite_pq16_aris_20260520_072453/labels/query_1000_u1e-02.spmat --selector-type intersect --query-limit 1000,99.67,1.9455866813659668,taskset -c 20-27 /mnt/nvme1n1/PipeANN-github/build_reviewed_20260602_querycache/tests/dynamic_update_suite_driver --mode measure-dynamic-search --source-prefix /mnt/nvme1n1/PipeANN-supersector32k-work/indexes/phaseC_cycle03_retrain_each_cycle_4302719af5_super32k_v3 --jsonl-output /mnt/nvme1n1/PipeANN-github/experiments/v100_querycache_optimized_full_replay_v5_20260601T221943Z/tmp/selected_0082.jsonl --insert-threads 16 --search-threads 1 --merge-threads 16 --build-l 220 --build-r 116 --beamwidth 4 --k 10 --cpu-cap 8 --metric l2 --route prefilter --search-l 100 --data-bin experiments/v100_pq_drift_1m_baseline_20260601T043217Z/data/phaseC_cycle03_live_data_by_tag.bin --base-label-file experiments/v100_pq_drift_1m_baseline_20260601T043217Z/labels/base_labels_1000000.spmat --query-bin /mnt/nvme1n1/PipeANN-github/experiments/r116_suite_pq16_aris_20260520_072453/data/sift_query_1000.bin --truthset-bin experiments/v100_pq_drift_1m_baseline_20260601T043217Z/truth/phaseC_cycle03_intersect_u1e-02.bin --query-label-file /mnt/nvme1n1/PipeANN-github/experiments/r116_suite_pq16_aris_20260520_072453/labels/query_1000_u1e-02.spmat --selector-type intersect --query-limit 1000,prefilter,82,281772,280660,100,post_hoc_retuned_fastest_feasible_recall_ge_98,intersect,/mnt/nvme1n1/PipeANN-supersector32k-work/indexes/phaseC_cycle03_retrain_each_cycle_4302719af5_super32k_v3,ok,128010,1,0,/mnt/nvme1n1/PipeANN-github/experiments/v100_pq_drift_1m_baseline_20260601T043217Z/indexes/phaseC_cycle03_retrain_each_cycle,/mnt/nvme1n1/PipeANN-supersector32k-work/indexes/phaseC_cycle03_retrain_each_cycle_4302719af5_super32k_v3,retrain_each_cycle,0.400059
prefilter,1166.866153,u5e-02,50000.0,150,20-27,8,True,phaseC_cycle03_retrain_each_cycle,,1.167029,0,0,1,,10000,0,16,supersector32k,page_aware_slots,3,1000000,281700,128010,50000.0,0.0,0.0,0.0,0.0,185.625,50000.0,0.0,185.625,1163.731,760320.0,89.875,128010,measure-dynamic-search,1163.874,0.0,0.0,1214.716,193.0,50000.0,0.0,193.0,1212.0,790528.0,1290.779,4096,measure-dynamic-search,4096,1000000,16,1000,281700,856.876879,924,281700,/mnt/nvme1n1/PipeANN-github/build_reviewed_20260602_querycache/tests/dynamic_update_suite_driver --mode measure-dynamic-search --source-prefix /mnt/nvme1n1/PipeANN-supersector32k-work/indexes/phaseC_cycle03_retrain_each_cycle_4302719af5_super32k_v3 --jsonl-output /mnt/nvme1n1/PipeANN-github/experiments/v100_querycache_optimized_full_replay_v5_20260601T221943Z/tmp/selected_0083.jsonl --insert-threads 16 --search-threads 1 --merge-threads 16 --build-l 220 --build-r 116 --beamwidth 4 --k 10 --cpu-cap 8 --metric l2 --route prefilter --search-l 150 --data-bin experiments/v100_pq_drift_1m_baseline_20260601T043217Z/data/phaseC_cycle03_live_data_by_tag.bin --base-label-file experiments/v100_pq_drift_1m_baseline_20260601T043217Z/labels/base_labels_1000000.spmat --query-bin /mnt/nvme1n1/PipeANN-github/experiments/r116_suite_pq16_aris_20260520_072453/data/sift_query_1000.bin --truthset-bin experiments/v100_pq_drift_1m_baseline_20260601T043217Z/truth/phaseC_cycle03_intersect_u5e-02.bin --query-label-file /mnt/nvme1n1/PipeANN-github/experiments/r116_suite_pq16_aris_20260520_072453/labels/query_1000_u5e-02.spmat --selector-type intersect --query-limit 1000,99.31,2.7230217456817627,taskset -c 20-27 /mnt/nvme1n1/PipeANN-github/build_reviewed_20260602_querycache/tests/dynamic_update_suite_driver --mode measure-dynamic-search --source-prefix /mnt/nvme1n1/PipeANN-supersector32k-work/indexes/phaseC_cycle03_retrain_each_cycle_4302719af5_super32k_v3 --jsonl-output /mnt/nvme1n1/PipeANN-github/experiments/v100_querycache_optimized_full_replay_v5_20260601T221943Z/tmp/selected_0083.jsonl --insert-threads 16 --search-threads 1 --merge-threads 16 --build-l 220 --build-r 116 --beamwidth 4 --k 10 --cpu-cap 8 --metric l2 --route prefilter --search-l 150 --data-bin experiments/v100_pq_drift_1m_baseline_20260601T043217Z/data/phaseC_cycle03_live_data_by_tag.bin --base-label-file experiments/v100_pq_drift_1m_baseline_20260601T043217Z/labels/base_labels_1000000.spmat --query-bin /mnt/nvme1n1/PipeANN-github/experiments/r116_suite_pq16_aris_20260520_072453/data/sift_query_1000.bin --truthset-bin experiments/v100_pq_drift_1m_baseline_20260601T043217Z/truth/phaseC_cycle03_intersect_u5e-02.bin --query-label-file /mnt/nvme1n1/PipeANN-github/experiments/r116_suite_pq16_aris_20260520_072453/labels/query_1000_u5e-02.spmat --selector-type intersect --query-limit 1000,prefilter,83,281700,280776,150,post_hoc_retuned_fastest_feasible_recall_ge_98,intersect,/mnt/nvme1n1/PipeANN-supersector32k-work/indexes/phaseC_cycle03_retrain_each_cycle_4302719af5_super32k_v3,ok,128010,1,0,/mnt/nvme1n1/PipeANN-github/experiments/v100_pq_drift_1m_baseline_20260601T043217Z/indexes/phaseC_cycle03_retrain_each_cycle,/mnt/nvme1n1/PipeANN-supersector32k-work/indexes/phaseC_cycle03_retrain_each_cycle_4302719af5_super32k_v3,retrain_each_cycle,1.167029
prefilter,1847.081767,u1e-01,100000.0,150,20-27,8,True,phaseC_cycle03_retrain_each_cycle,,1.847254,0,0,1,,10000,0,16,supersector32k,page_aware_slots,3,1000000,281840,128010,100000.0,0.0,0.0,0.0,0.0,185.1,100000.0,0.0,185.1,1843.636,758169.6,142.639,128010,measure-dynamic-search,1841.837,0.0,0.0,1906.626,192.0,100000.0,0.0,192.0,1902.0,786432.0,2045.512,4096,measure-dynamic-search,4096,1000000,16,1000,281840,541.344137,1200,281840,/mnt/nvme1n1/PipeANN-github/build_reviewed_20260602_querycache/tests/dynamic_update_suite_driver --mode measure-dynamic-search --source-prefix /mnt/nvme1n1/PipeANN-supersector32k-work/indexes/phaseC_cycle03_retrain_each_cycle_4302719af5_super32k_v3 --jsonl-output /mnt/nvme1n1/PipeANN-github/experiments/v100_querycache_optimized_full_replay_v5_20260601T221943Z/tmp/selected_0084.jsonl --insert-threads 16 --search-threads 1 --merge-threads 16 --build-l 220 --build-r 116 --beamwidth 4 --k 10 --cpu-cap 8 --metric l2 --route prefilter --search-l 150 --data-bin experiments/v100_pq_drift_1m_baseline_20260601T043217Z/data/phaseC_cycle03_live_data_by_tag.bin --base-label-file experiments/v100_pq_drift_1m_baseline_20260601T043217Z/labels/base_labels_1000000.spmat --query-bin /mnt/nvme1n1/PipeANN-github/experiments/r116_suite_pq16_aris_20260520_072453/data/sift_query_1000.bin --truthset-bin experiments/v100_pq_drift_1m_baseline_20260601T043217Z/truth/phaseC_cycle03_intersect_u1e-01.bin --query-label-file /mnt/nvme1n1/PipeANN-github/experiments/r116_suite_pq16_aris_20260520_072453/labels/query_1000_u1e-01.spmat --selector-type intersect --query-limit 1000,98.66,3.3925347328186035,taskset -c 20-27 /mnt/nvme1n1/PipeANN-github/build_reviewed_20260602_querycache/tests/dynamic_update_suite_driver --mode measure-dynamic-search --source-prefix /mnt/nvme1n1/PipeANN-supersector32k-work/indexes/phaseC_cycle03_retrain_each_cycle_4302719af5_super32k_v3 --jsonl-output /mnt/nvme1n1/PipeANN-github/experiments/v100_querycache_optimized_full_replay_v5_20260601T221943Z/tmp/selected_0084.jsonl --insert-threads 16 --search-threads 1 --merge-threads 16 --build-l 220 --build-r 116 --beamwidth 4 --k 10 --cpu-cap 8 --metric l2 --route prefilter --search-l 150 --data-bin experiments/v100_pq_drift_1m_baseline_20260601T043217Z/data/phaseC_cycle03_live_data_by_tag.bin --base-label-file experiments/v100_pq_drift_1m_baseline_20260601T043217Z/labels/base_labels_1000000.spmat --query-bin /mnt/nvme1n1/PipeANN-github/experiments/r116_suite_pq16_aris_20260520_072453/data/sift_query_1000.bin --truthset-bin experiments/v100_pq_drift_1m_baseline_20260601T043217Z/truth/phaseC_cycle03_intersect_u1e-01.bin --query-label-file /mnt/nvme1n1/PipeANN-github/experiments/r116_suite_pq16_aris_20260520_072453/labels/query_1000_u1e-01.spmat --selector-type intersect --query-limit 1000,prefilter,84,281840,280640,150,post_hoc_retuned_fastest_feasible_recall_ge_98,intersect,/mnt/nvme1n1/PipeANN-supersector32k-work/indexes/phaseC_cycle03_retrain_each_cycle_4302719af5_super32k_v3,ok,128010,1,0,/mnt/nvme1n1/PipeANN-github/experiments/v100_pq_drift_1m_baseline_20260601T043217Z/indexes/phaseC_cycle03_retrain_each_cycle,/mnt/nvme1n1/PipeANN-supersector32k-work/indexes/phaseC_cycle03_retrain_each_cycle_4302719af5_super32k_v3,retrain_each_cycle,1.847254
prefilter,4387.460462,u25,250000.0,450,20-27,8,True,phaseC_cycle03_retrain_each_cycle,,4.387752,0,0,1,,10000,0,16,supersector32k,page_aware_slots,3,1000000,281800,128010,250000.0,0.0,0.0,0.0,0.0,519.232,250000.0,0.0,519.232,4383.868,2126774.272,301.334,128010,measure-dynamic-search,4375.997,0.0,0.0,4520.335,532.0,250000.0,0.0,532.0,4517.0,2179072.0,4738.932,4096,measure-dynamic-search,4096,1000000,16,1000,281800,227.90715,1200,281800,/mnt/nvme1n1/PipeANN-github/build_reviewed_20260602_querycache/tests/dynamic_update_suite_driver --mode measure-dynamic-search --source-prefix /mnt/nvme1n1/PipeANN-supersector32k-work/indexes/phaseC_cycle03_retrain_each_cycle_4302719af5_super32k_v3 --jsonl-output /mnt/nvme1n1/PipeANN-github/experiments/v100_querycache_optimized_full_replay_v5_20260601T221943Z/tmp/selected_0085.jsonl --insert-threads 16 --search-threads 1 --merge-threads 16 --build-l 220 --build-r 116 --beamwidth 4 --k 10 --cpu-cap 8 --metric l2 --route prefilter --search-l 450 --data-bin experiments/v100_pq_drift_1m_baseline_20260601T043217Z/data/phaseC_cycle03_live_data_by_tag.bin --base-label-file experiments/v100_pq_drift_1m_baseline_20260601T043217Z/labels/base_labels_1000000.spmat --query-bin /mnt/nvme1n1/PipeANN-github/experiments/r116_suite_pq16_aris_20260520_072453/data/sift_query_1000.bin --truthset-bin experiments/v100_pq_drift_1m_baseline_20260601T043217Z/truth/phaseC_cycle03_intersect_u25.bin --query-label-file /mnt/nvme1n1/PipeANN-github/experiments/r116_suite_pq16_aris_20260520_072453/labels/query_1000_u25.spmat --selector-type intersect --query-limit 1000,98.42,5.938732624053955,taskset -c 20-27 /mnt/nvme1n1/PipeANN-github/build_reviewed_20260602_querycache/tests/dynamic_update_suite_driver --mode measure-dynamic-search --source-prefix /mnt/nvme1n1/PipeANN-supersector32k-work/indexes/phaseC_cycle03_retrain_each_cycle_4302719af5_super32k_v3 --jsonl-output /mnt/nvme1n1/PipeANN-github/experiments/v100_querycache_optimized_full_replay_v5_20260601T221943Z/tmp/selected_0085.jsonl --insert-threads 16 --search-threads 1 --merge-threads 16 --build-l 220 --build-r 116 --beamwidth 4 --k 10 --cpu-cap 8 --metric l2 --route prefilter --search-l 450 --data-bin experiments/v100_pq_drift_1m_baseline_20260601T043217Z/data/phaseC_cycle03_live_data_by_tag.bin --base-label-file experiments/v100_pq_drift_1m_baseline_20260601T043217Z/labels/base_labels_1000000.spmat --query-bin /mnt/nvme1n1/PipeANN-github/experiments/r116_suite_pq16_aris_20260520_072453/data/sift_query_1000.bin --truthset-bin experiments/v100_pq_drift_1m_baseline_20260601T043217Z/truth/phaseC_cycle03_intersect_u25.bin --query-label-file /mnt/nvme1n1/PipeANN-github/experiments/r116_suite_pq16_aris_20260520_072453/labels/query_1000_u25.spmat --selector-type intersect --query-limit 1000,prefilter,85,281800,280600,450,post_hoc_retuned_fastest_feasible_recall_ge_98,intersect,/mnt/nvme1n1/PipeANN-supersector32k-work/indexes/phaseC_cycle03_retrain_each_cycle_4302719af5_super32k_v3,ok,128010,1,0,/mnt/nvme1n1/PipeANN-github/experiments/v100_pq_drift_1m_baseline_20260601T043217Z/indexes/phaseC_cycle03_retrain_each_cycle,/mnt/nvme1n1/PipeANN-supersector32k-work/indexes/phaseC_cycle03_retrain_each_cycle_4302719af5_super32k_v3,retrain_each_cycle,4.387752
prefilter,5142.007899,u30,300000.0,470,20-27,8,True,phaseC_cycle03_retrain_each_cycle,,5.142319,0,0,1,,10000,0,16,supersector32k,page_aware_slots,3,1000000,281932,128010,300000.0,0.0,0.0,0.0,0.0,542.166,300000.0,0.0,542.166,5138.077,2220711.936,356.847,128010,measure-dynamic-search,5109.876,0.0,0.0,5400.99,554.0,300000.0,0.0,554.0,5397.0,2269184.0,5696.401,4096,measure-dynamic-search,4096,1000000,16,1000,281932,194.464801,1264,281932,/mnt/nvme1n1/PipeANN-github/build_reviewed_20260602_querycache/tests/dynamic_update_suite_driver --mode measure-dynamic-search --source-prefix /mnt/nvme1n1/PipeANN-supersector32k-work/indexes/phaseC_cycle03_retrain_each_cycle_4302719af5_super32k_v3 --jsonl-output /mnt/nvme1n1/PipeANN-github/experiments/v100_querycache_optimized_full_replay_v5_20260601T221943Z/tmp/selected_0086.jsonl --insert-threads 16 --search-threads 1 --merge-threads 16 --build-l 220 --build-r 116 --beamwidth 4 --k 10 --cpu-cap 8 --metric l2 --route prefilter --search-l 470 --data-bin experiments/v100_pq_drift_1m_baseline_20260601T043217Z/data/phaseC_cycle03_live_data_by_tag.bin --base-label-file experiments/v100_pq_drift_1m_baseline_20260601T043217Z/labels/base_labels_1000000.spmat --query-bin /mnt/nvme1n1/PipeANN-github/experiments/r116_suite_pq16_aris_20260520_072453/data/sift_query_1000.bin --truthset-bin experiments/v100_pq_drift_1m_baseline_20260601T043217Z/truth/phaseC_cycle03_intersect_u30.bin --query-label-file /mnt/nvme1n1/PipeANN-github/experiments/r116_suite_pq16_aris_20260520_072453/labels/query_1000_u30.spmat --selector-type intersect --query-limit 1000,98.64,6.724849462509155,taskset -c 20-27 /mnt/nvme1n1/PipeANN-github/build_reviewed_20260602_querycache/tests/dynamic_update_suite_driver --mode measure-dynamic-search --source-prefix /mnt/nvme1n1/PipeANN-supersector32k-work/indexes/phaseC_cycle03_retrain_each_cycle_4302719af5_super32k_v3 --jsonl-output /mnt/nvme1n1/PipeANN-github/experiments/v100_querycache_optimized_full_replay_v5_20260601T221943Z/tmp/selected_0086.jsonl --insert-threads 16 --search-threads 1 --merge-threads 16 --build-l 220 --build-r 116 --beamwidth 4 --k 10 --cpu-cap 8 --metric l2 --route prefilter --search-l 470 --data-bin experiments/v100_pq_drift_1m_baseline_20260601T043217Z/data/phaseC_cycle03_live_data_by_tag.bin --base-label-file experiments/v100_pq_drift_1m_baseline_20260601T043217Z/labels/base_labels_1000000.spmat --query-bin /mnt/nvme1n1/PipeANN-github/experiments/r116_suite_pq16_aris_20260520_072453/data/sift_query_1000.bin --truthset-bin experiments/v100_pq_drift_1m_baseline_20260601T043217Z/truth/phaseC_cycle03_intersect_u30.bin --query-label-file /mnt/nvme1n1/PipeANN-github/experiments/r116_suite_pq16_aris_20260520_072453/labels/query_1000_u30.spmat --selector-type intersect --query-limit 1000,prefilter,86,281932,280668,470,post_hoc_retuned_fastest_feasible_recall_ge_98,intersect,/mnt/nvme1n1/PipeANN-supersector32k-work/indexes/phaseC_cycle03_retrain_each_cycle_4302719af5_super32k_v3,ok,128010,1,0,/mnt/nvme1n1/PipeANN-github/experiments/v100_pq_drift_1m_baseline_20260601T043217Z/indexes/phaseC_cycle03_retrain_each_cycle,/mnt/nvme1n1/PipeANN-supersector32k-work/indexes/phaseC_cycle03_retrain_each_cycle_4302719af5_super32k_v3,retrain_each_cycle,5.142319
prefilter,7632.658786,u50,500000.0,400,20-27,8,True,phaseC_cycle03_retrain_each_cycle,,7.632976,0,0,1,,10000,0,16,supersector32k,page_aware_slots,3,1000000,281760,128010,500000.0,0.0,0.0,0.0,0.0,462.557,500000.0,0.0,462.557,7628.387,1894633.472,560.902,128010,measure-dynamic-search,7589.852,0.0,0.0,7951.773,475.0,500000.0,0.0,475.0,7948.0,1945600.0,8368.266,4096,measure-dynamic-search,4096,1000000,16,1000,281760,131.010497,1196,281760,/mnt/nvme1n1/PipeANN-github/build_reviewed_20260602_querycache/tests/dynamic_update_suite_driver --mode measure-dynamic-search --source-prefix /mnt/nvme1n1/PipeANN-supersector32k-work/indexes/phaseC_cycle03_retrain_each_cycle_4302719af5_super32k_v3 --jsonl-output /mnt/nvme1n1/PipeANN-github/experiments/v100_querycache_optimized_full_replay_v5_20260601T221943Z/tmp/selected_0087.jsonl --insert-threads 16 --search-threads 1 --merge-threads 16 --build-l 220 --build-r 116 --beamwidth 4 --k 10 --cpu-cap 8 --metric l2 --route prefilter --search-l 400 --data-bin experiments/v100_pq_drift_1m_baseline_20260601T043217Z/data/phaseC_cycle03_live_data_by_tag.bin --base-label-file experiments/v100_pq_drift_1m_baseline_20260601T043217Z/labels/base_labels_1000000.spmat --query-bin /mnt/nvme1n1/PipeANN-github/experiments/r116_suite_pq16_aris_20260520_072453/data/sift_query_1000.bin --truthset-bin experiments/v100_pq_drift_1m_baseline_20260601T043217Z/truth/phaseC_cycle03_intersect_u50.bin --query-label-file /mnt/nvme1n1/PipeANN-github/experiments/r116_suite_pq16_aris_20260520_072453/labels/query_1000_u50.spmat --selector-type intersect --query-limit 1000,98.46,9.254023313522339,taskset -c 20-27 /mnt/nvme1n1/PipeANN-github/build_reviewed_20260602_querycache/tests/dynamic_update_suite_driver --mode measure-dynamic-search --source-prefix /mnt/nvme1n1/PipeANN-supersector32k-work/indexes/phaseC_cycle03_retrain_each_cycle_4302719af5_super32k_v3 --jsonl-output /mnt/nvme1n1/PipeANN-github/experiments/v100_querycache_optimized_full_replay_v5_20260601T221943Z/tmp/selected_0087.jsonl --insert-threads 16 --search-threads 1 --merge-threads 16 --build-l 220 --build-r 116 --beamwidth 4 --k 10 --cpu-cap 8 --metric l2 --route prefilter --search-l 400 --data-bin experiments/v100_pq_drift_1m_baseline_20260601T043217Z/data/phaseC_cycle03_live_data_by_tag.bin --base-label-file experiments/v100_pq_drift_1m_baseline_20260601T043217Z/labels/base_labels_1000000.spmat --query-bin /mnt/nvme1n1/PipeANN-github/experiments/r116_suite_pq16_aris_20260520_072453/data/sift_query_1000.bin --truthset-bin experiments/v100_pq_drift_1m_baseline_20260601T043217Z/truth/phaseC_cycle03_intersect_u50.bin --query-label-file /mnt/nvme1n1/PipeANN-github/experiments/r116_suite_pq16_aris_20260520_072453/labels/query_1000_u50.spmat --selector-type intersect --query-limit 1000,prefilter,87,281760,280564,400,post_hoc_retuned_fastest_feasible_recall_ge_98,intersect,/mnt/nvme1n1/PipeANN-supersector32k-work/indexes/phaseC_cycle03_retrain_each_cycle_4302719af5_super32k_v3,ok,128010,1,0,/mnt/nvme1n1/PipeANN-github/experiments/v100_pq_drift_1m_baseline_20260601T043217Z/indexes/phaseC_cycle03_retrain_each_cycle,/mnt/nvme1n1/PipeANN-supersector32k-work/indexes/phaseC_cycle03_retrain_each_cycle_4302719af5_super32k_v3,retrain_each_cycle,7.632976
graph,6291.180101,u75,750000.0,450,20-27,8,True,phaseC_cycle03_retrain_each_cycle,,6.29142,0,0,1,,10000,1000,16,supersector32k,page_aware_slots,3,1000000,296180,128010,750000.0,22350.049,0.0,5885.736,0.0,526.532,22350.049,0.0,526.532,5950.685,2156675.072,19.136,128010,measure-dynamic-search,6244.566,29270.0,0.0,6616.23,546.0,29270.0,0.0,546.0,6222.0,2236416.0,6965.114,4096,measure-dynamic-search,4096,1000000,16,0,296180,158.946636,15600,296180,/mnt/nvme1n1/PipeANN-github/build_reviewed_20260602_querycache/tests/dynamic_update_suite_driver --mode measure-dynamic-search --source-prefix /mnt/nvme1n1/PipeANN-supersector32k-work/indexes/phaseC_cycle03_retrain_each_cycle_4302719af5_super32k_v3 --jsonl-output /mnt/nvme1n1/PipeANN-github/experiments/v100_querycache_optimized_full_replay_v5_20260601T221943Z/tmp/selected_0088.jsonl --insert-threads 16 --search-threads 1 --merge-threads 16 --build-l 220 --build-r 116 --beamwidth 8 --k 10 --cpu-cap 8 --metric l2 --route graph --search-l 450 --data-bin experiments/v100_pq_drift_1m_baseline_20260601T043217Z/data/phaseC_cycle03_live_data_by_tag.bin --base-label-file experiments/v100_pq_drift_1m_baseline_20260601T043217Z/labels/base_labels_1000000.spmat --query-bin /mnt/nvme1n1/PipeANN-github/experiments/r116_suite_pq16_aris_20260520_072453/data/sift_query_1000.bin --truthset-bin experiments/v100_pq_drift_1m_baseline_20260601T043217Z/truth/phaseC_cycle03_intersect_u75.bin --query-label-file /mnt/nvme1n1/PipeANN-github/experiments/r116_suite_pq16_aris_20260520_072453/labels/query_1000_u75.spmat --selector-type intersect --query-limit 1000,98.12,7.900865316390991,taskset -c 20-27 /mnt/nvme1n1/PipeANN-github/build_reviewed_20260602_querycache/tests/dynamic_update_suite_driver --mode measure-dynamic-search --source-prefix /mnt/nvme1n1/PipeANN-supersector32k-work/indexes/phaseC_cycle03_retrain_each_cycle_4302719af5_super32k_v3 --jsonl-output /mnt/nvme1n1/PipeANN-github/experiments/v100_querycache_optimized_full_replay_v5_20260601T221943Z/tmp/selected_0088.jsonl --insert-threads 16 --search-threads 1 --merge-threads 16 --build-l 220 --build-r 116 --beamwidth 8 --k 10 --cpu-cap 8 --metric l2 --route graph --search-l 450 --data-bin experiments/v100_pq_drift_1m_baseline_20260601T043217Z/data/phaseC_cycle03_live_data_by_tag.bin --base-label-file experiments/v100_pq_drift_1m_baseline_20260601T043217Z/labels/base_labels_1000000.spmat --query-bin /mnt/nvme1n1/PipeANN-github/experiments/r116_suite_pq16_aris_20260520_072453/data/sift_query_1000.bin --truthset-bin experiments/v100_pq_drift_1m_baseline_20260601T043217Z/truth/phaseC_cycle03_intersect_u75.bin --query-label-file /mnt/nvme1n1/PipeANN-github/experiments/r116_suite_pq16_aris_20260520_072453/labels/query_1000_u75.spmat --selector-type intersect --query-limit 1000,graph,88,296180,280580,450,querycache_plus_super32k_beamwidth_8_source_row_88,intersect,/mnt/nvme1n1/PipeANN-supersector32k-work/indexes/phaseC_cycle03_retrain_each_cycle_4302719af5_super32k_v3,ok,128010,1,0,/mnt/nvme1n1/PipeANN-github/experiments/v100_pq_drift_1m_baseline_20260601T043217Z/indexes/phaseC_cycle03_retrain_each_cycle,/mnt/nvme1n1/PipeANN-supersector32k-work/indexes/phaseC_cycle03_retrain_each_cycle_4302719af5_super32k_v3,retrain_each_cycle,6.29142
graph,5626.738957,u100,1000000.0,400,20-27,8,True,phaseC_cycle03_retrain_each_cycle,,5.626988,0,0,1,,10000,1000,16,supersector32k,page_aware_slots,3,1000000,294224,128010,1000000.0,20602.586,0.0,5239.229,0.0,470.224,20602.586,0.0,470.224,5308.012,1926037.504,19.231,128010,measure-dynamic-search,5603.642,26811.0,0.0,5964.263,488.0,26811.0,0.0,488.0,5624.0,1998848.0,6338.541,4096,measure-dynamic-search,4096,1000000,16,0,294224,177.714976,13448,294224,/mnt/nvme1n1/PipeANN-github/build_reviewed_20260602_querycache/tests/dynamic_update_suite_driver --mode measure-dynamic-search --source-prefix /mnt/nvme1n1/PipeANN-supersector32k-work/indexes/phaseC_cycle03_retrain_each_cycle_4302719af5_super32k_v3 --jsonl-output /mnt/nvme1n1/PipeANN-github/experiments/v100_querycache_optimized_full_replay_v5_20260601T221943Z/tmp/selected_0089.jsonl --insert-threads 16 --search-threads 1 --merge-threads 16 --build-l 220 --build-r 116 --beamwidth 8 --k 10 --cpu-cap 8 --metric l2 --route graph --search-l 400 --data-bin experiments/v100_pq_drift_1m_baseline_20260601T043217Z/data/phaseC_cycle03_live_data_by_tag.bin --base-label-file experiments/v100_pq_drift_1m_baseline_20260601T043217Z/labels/base_labels_1000000.spmat --query-bin /mnt/nvme1n1/PipeANN-github/experiments/r116_suite_pq16_aris_20260520_072453/data/sift_query_1000.bin --truthset-bin experiments/v100_pq_drift_1m_baseline_20260601T043217Z/truth/phaseC_cycle03_intersect_u100.bin --query-label-file /mnt/nvme1n1/PipeANN-github/experiments/r116_suite_pq16_aris_20260520_072453/labels/query_1000_u100.spmat --selector-type intersect --query-limit 1000,98.17,7.228023529052734,taskset -c 20-27 /mnt/nvme1n1/PipeANN-github/build_reviewed_20260602_querycache/tests/dynamic_update_suite_driver --mode measure-dynamic-search --source-prefix /mnt/nvme1n1/PipeANN-supersector32k-work/indexes/phaseC_cycle03_retrain_each_cycle_4302719af5_super32k_v3 --jsonl-output /mnt/nvme1n1/PipeANN-github/experiments/v100_querycache_optimized_full_replay_v5_20260601T221943Z/tmp/selected_0089.jsonl --insert-threads 16 --search-threads 1 --merge-threads 16 --build-l 220 --build-r 116 --beamwidth 8 --k 10 --cpu-cap 8 --metric l2 --route graph --search-l 400 --data-bin experiments/v100_pq_drift_1m_baseline_20260601T043217Z/data/phaseC_cycle03_live_data_by_tag.bin --base-label-file experiments/v100_pq_drift_1m_baseline_20260601T043217Z/labels/base_labels_1000000.spmat --query-bin /mnt/nvme1n1/PipeANN-github/experiments/r116_suite_pq16_aris_20260520_072453/data/sift_query_1000.bin --truthset-bin experiments/v100_pq_drift_1m_baseline_20260601T043217Z/truth/phaseC_cycle03_intersect_u100.bin --query-label-file /mnt/nvme1n1/PipeANN-github/experiments/r116_suite_pq16_aris_20260520_072453/labels/query_1000_u100.spmat --selector-type intersect --query-limit 1000,graph,89,294224,280776,400,querycache_highrisk_beamwidth_8_source_row_89,intersect,/mnt/nvme1n1/PipeANN-supersector32k-work/indexes/phaseC_cycle03_retrain_each_cycle_4302719af5_super32k_v3,ok,128010,1,0,/mnt/nvme1n1/PipeANN-github/experiments/v100_pq_drift_1m_baseline_20260601T043217Z/indexes/phaseC_cycle03_retrain_each_cycle,/mnt/nvme1n1/PipeANN-supersector32k-work/indexes/phaseC_cycle03_retrain_each_cycle_4302719af5_super32k_v3,retrain_each_cycle,5.626988
prefilter,155.526427,u1e-03,1000.0,50,20-27,8,True,phaseC_cycle03_retrain_each_cycle,,0.155614,0,0,1,,10000,0,16,supersector32k,page_aware_slots,3,1000000,281536,128010,1000.0,0.0,0.0,0.0,0.0,111.287,1000.0,0.0,111.287,152.959,455831.552,34.45,128010,measure-dynamic-search,154.312,0.0,0.0,166.131,117.0,1000.0,0.0,117.0,164.0,479232.0,179.729,4096,measure-dynamic-search,4096,1000000,16,1000,281536,6426.138199,984,281536,/mnt/nvme1n1/PipeANN-github/build_reviewed_20260602_querycache/tests/dynamic_update_suite_driver --mode measure-dynamic-search --source-prefix /mnt/nvme1n1/PipeANN-supersector32k-work/indexes/phaseC_cycle03_retrain_each_cycle_4302719af5_super32k_v3 --jsonl-output /mnt/nvme1n1/PipeANN-github/experiments/v100_querycache_optimized_full_replay_v5_20260601T221943Z/tmp/selected_0090.jsonl --insert-threads 16 --search-threads 1 --merge-threads 16 --build-l 220 --build-r 116 --beamwidth 4 --k 10 --cpu-cap 8 --metric l2 --route prefilter --search-l 50 --data-bin experiments/v100_pq_drift_1m_baseline_20260601T043217Z/data/phaseC_cycle03_live_data_by_tag.bin --base-label-file experiments/v100_pq_drift_1m_baseline_20260601T043217Z/labels/base_labels_1000000.spmat --query-bin /mnt/nvme1n1/PipeANN-github/experiments/r116_suite_pq16_aris_20260520_072453/data/sift_query_1000.bin --truthset-bin experiments/v100_pq_drift_1m_baseline_20260601T043217Z/truth/phaseC_cycle03_range_u1e-03.bin --query-label-file /mnt/nvme1n1/PipeANN-github/experiments/r116_suite_pq16_aris_20260520_072453/labels/query_1000_range_u1e-03.spmat --selector-type range --query-limit 1000,99.9,2.116840362548828,taskset -c 20-27 /mnt/nvme1n1/PipeANN-github/build_reviewed_20260602_querycache/tests/dynamic_update_suite_driver --mode measure-dynamic-search --source-prefix /mnt/nvme1n1/PipeANN-supersector32k-work/indexes/phaseC_cycle03_retrain_each_cycle_4302719af5_super32k_v3 --jsonl-output /mnt/nvme1n1/PipeANN-github/experiments/v100_querycache_optimized_full_replay_v5_20260601T221943Z/tmp/selected_0090.jsonl --insert-threads 16 --search-threads 1 --merge-threads 16 --build-l 220 --build-r 116 --beamwidth 4 --k 10 --cpu-cap 8 --metric l2 --route prefilter --search-l 50 --data-bin experiments/v100_pq_drift_1m_baseline_20260601T043217Z/data/phaseC_cycle03_live_data_by_tag.bin --base-label-file experiments/v100_pq_drift_1m_baseline_20260601T043217Z/labels/base_labels_1000000.spmat --query-bin /mnt/nvme1n1/PipeANN-github/experiments/r116_suite_pq16_aris_20260520_072453/data/sift_query_1000.bin --truthset-bin experiments/v100_pq_drift_1m_baseline_20260601T043217Z/truth/phaseC_cycle03_range_u1e-03.bin --query-label-file /mnt/nvme1n1/PipeANN-github/experiments/r116_suite_pq16_aris_20260520_072453/labels/query_1000_range_u1e-03.spmat --selector-type range --query-limit 1000,prefilter,90,281536,280552,50,post_hoc_retuned_fastest_feasible_recall_ge_98,range,/mnt/nvme1n1/PipeANN-supersector32k-work/indexes/phaseC_cycle03_retrain_each_cycle_4302719af5_super32k_v3,ok,128010,1,0,/mnt/nvme1n1/PipeANN-github/experiments/v100_pq_drift_1m_baseline_20260601T043217Z/indexes/phaseC_cycle03_retrain_each_cycle,/mnt/nvme1n1/PipeANN-supersector32k-work/indexes/phaseC_cycle03_retrain_each_cycle_4302719af5_super32k_v3,retrain_each_cycle,0.155614
prefilter,219.003772,u3e-03,3000.0,100,20-27,8,True,phaseC_cycle03_retrain_each_cycle,,0.219107,0,0,1,,10000,0,16,supersector32k,page_aware_slots,3,1000000,281720,128010,3000.0,0.0,0.0,0.0,0.0,115.387,3000.0,0.0,115.387,216.243,472625.152,40.918,128010,measure-dynamic-search,216.83,0.0,0.0,236.387,123.0,3000.0,0.0,123.0,234.0,503808.0,251.452,4096,measure-dynamic-search,4096,1000000,16,1000,281720,4563.973428,1172,281720,/mnt/nvme1n1/PipeANN-github/build_reviewed_20260602_querycache/tests/dynamic_update_suite_driver --mode measure-dynamic-search --source-prefix /mnt/nvme1n1/PipeANN-supersector32k-work/indexes/phaseC_cycle03_retrain_each_cycle_4302719af5_super32k_v3 --jsonl-output /mnt/nvme1n1/PipeANN-github/experiments/v100_querycache_optimized_full_replay_v5_20260601T221943Z/tmp/selected_0091.jsonl --insert-threads 16 --search-threads 1 --merge-threads 16 --build-l 220 --build-r 116 --beamwidth 4 --k 10 --cpu-cap 8 --metric l2 --route prefilter --search-l 100 --data-bin experiments/v100_pq_drift_1m_baseline_20260601T043217Z/data/phaseC_cycle03_live_data_by_tag.bin --base-label-file experiments/v100_pq_drift_1m_baseline_20260601T043217Z/labels/base_labels_1000000.spmat --query-bin /mnt/nvme1n1/PipeANN-github/experiments/r116_suite_pq16_aris_20260520_072453/data/sift_query_1000.bin --truthset-bin experiments/v100_pq_drift_1m_baseline_20260601T043217Z/truth/phaseC_cycle03_range_u3e-03.bin --query-label-file /mnt/nvme1n1/PipeANN-github/experiments/r116_suite_pq16_aris_20260520_072453/labels/query_1000_range_u3e-03.spmat --selector-type range --query-limit 1000,99.72,1.740027904510498,taskset -c 20-27 /mnt/nvme1n1/PipeANN-github/build_reviewed_20260602_querycache/tests/dynamic_update_suite_driver --mode measure-dynamic-search --source-prefix /mnt/nvme1n1/PipeANN-supersector32k-work/indexes/phaseC_cycle03_retrain_each_cycle_4302719af5_super32k_v3 --jsonl-output /mnt/nvme1n1/PipeANN-github/experiments/v100_querycache_optimized_full_replay_v5_20260601T221943Z/tmp/selected_0091.jsonl --insert-threads 16 --search-threads 1 --merge-threads 16 --build-l 220 --build-r 116 --beamwidth 4 --k 10 --cpu-cap 8 --metric l2 --route prefilter --search-l 100 --data-bin experiments/v100_pq_drift_1m_baseline_20260601T043217Z/data/phaseC_cycle03_live_data_by_tag.bin --base-label-file experiments/v100_pq_drift_1m_baseline_20260601T043217Z/labels/base_labels_1000000.spmat --query-bin /mnt/nvme1n1/PipeANN-github/experiments/r116_suite_pq16_aris_20260520_072453/data/sift_query_1000.bin --truthset-bin experiments/v100_pq_drift_1m_baseline_20260601T043217Z/truth/phaseC_cycle03_range_u3e-03.bin --query-label-file /mnt/nvme1n1/PipeANN-github/experiments/r116_suite_pq16_aris_20260520_072453/labels/query_1000_range_u3e-03.spmat --selector-type range --query-limit 1000,prefilter,91,281720,280548,100,post_hoc_retuned_fastest_feasible_recall_ge_98,range,/mnt/nvme1n1/PipeANN-supersector32k-work/indexes/phaseC_cycle03_retrain_each_cycle_4302719af5_super32k_v3,ok,128010,1,0,/mnt/nvme1n1/PipeANN-github/experiments/v100_pq_drift_1m_baseline_20260601T043217Z/indexes/phaseC_cycle03_retrain_each_cycle,/mnt/nvme1n1/PipeANN-supersector32k-work/indexes/phaseC_cycle03_retrain_each_cycle_4302719af5_super32k_v3,retrain_each_cycle,0.219107
prefilter,406.736799,u1e-02,10000.0,50,20-27,8,True,phaseC_cycle03_retrain_each_cycle,,0.406872,0,0,1,,10000,0,16,supersector32k,page_aware_slots,3,1000000,281676,128010,10000.0,0.0,0.0,0.0,0.0,147.923,10000.0,0.0,147.923,403.626,605892.608,58.079,128010,measure-dynamic-search,401.915,0.0,0.0,437.833,155.0,10000.0,0.0,155.0,434.0,634880.0,487.507,4096,measure-dynamic-search,4096,1000000,16,1000,281676,2457.777339,1112,281676,/mnt/nvme1n1/PipeANN-github/build_reviewed_20260602_querycache/tests/dynamic_update_suite_driver --mode measure-dynamic-search --source-prefix /mnt/nvme1n1/PipeANN-supersector32k-work/indexes/phaseC_cycle03_retrain_each_cycle_4302719af5_super32k_v3 --jsonl-output /mnt/nvme1n1/PipeANN-github/experiments/v100_querycache_optimized_full_replay_v5_20260601T221943Z/tmp/selected_0092.jsonl --insert-threads 16 --search-threads 1 --merge-threads 16 --build-l 220 --build-r 116 --beamwidth 4 --k 10 --cpu-cap 8 --metric l2 --route prefilter --search-l 50 --data-bin experiments/v100_pq_drift_1m_baseline_20260601T043217Z/data/phaseC_cycle03_live_data_by_tag.bin --base-label-file experiments/v100_pq_drift_1m_baseline_20260601T043217Z/labels/base_labels_1000000.spmat --query-bin /mnt/nvme1n1/PipeANN-github/experiments/r116_suite_pq16_aris_20260520_072453/data/sift_query_1000.bin --truthset-bin experiments/v100_pq_drift_1m_baseline_20260601T043217Z/truth/phaseC_cycle03_range_u1e-02.bin --query-label-file /mnt/nvme1n1/PipeANN-github/experiments/r116_suite_pq16_aris_20260520_072453/labels/query_1000_range_u1e-02.spmat --selector-type range --query-limit 1000,99.67,1.9238483905792236,taskset -c 20-27 /mnt/nvme1n1/PipeANN-github/build_reviewed_20260602_querycache/tests/dynamic_update_suite_driver --mode measure-dynamic-search --source-prefix /mnt/nvme1n1/PipeANN-supersector32k-work/indexes/phaseC_cycle03_retrain_each_cycle_4302719af5_super32k_v3 --jsonl-output /mnt/nvme1n1/PipeANN-github/experiments/v100_querycache_optimized_full_replay_v5_20260601T221943Z/tmp/selected_0092.jsonl --insert-threads 16 --search-threads 1 --merge-threads 16 --build-l 220 --build-r 116 --beamwidth 4 --k 10 --cpu-cap 8 --metric l2 --route prefilter --search-l 50 --data-bin experiments/v100_pq_drift_1m_baseline_20260601T043217Z/data/phaseC_cycle03_live_data_by_tag.bin --base-label-file experiments/v100_pq_drift_1m_baseline_20260601T043217Z/labels/base_labels_1000000.spmat --query-bin /mnt/nvme1n1/PipeANN-github/experiments/r116_suite_pq16_aris_20260520_072453/data/sift_query_1000.bin --truthset-bin experiments/v100_pq_drift_1m_baseline_20260601T043217Z/truth/phaseC_cycle03_range_u1e-02.bin --query-label-file /mnt/nvme1n1/PipeANN-github/experiments/r116_suite_pq16_aris_20260520_072453/labels/query_1000_range_u1e-02.spmat --selector-type range --query-limit 1000,prefilter,92,281676,280564,50,post_hoc_retuned_fastest_feasible_recall_ge_98,range,/mnt/nvme1n1/PipeANN-supersector32k-work/indexes/phaseC_cycle03_retrain_each_cycle_4302719af5_super32k_v3,ok,128010,1,0,/mnt/nvme1n1/PipeANN-github/experiments/v100_pq_drift_1m_baseline_20260601T043217Z/indexes/phaseC_cycle03_retrain_each_cycle,/mnt/nvme1n1/PipeANN-supersector32k-work/indexes/phaseC_cycle03_retrain_each_cycle_4302719af5_super32k_v3,retrain_each_cycle,0.406872
prefilter,1171.245181,u5e-02,50000.0,75,20-27,8,True,phaseC_cycle03_retrain_each_cycle,,1.171394,0,0,1,,10000,0,16,supersector32k,page_aware_slots,3,1000000,281636,128010,50000.0,0.0,0.0,0.0,0.0,185.625,50000.0,0.0,185.625,1168.031,760320.0,106.208,128010,measure-dynamic-search,1167.077,0.0,0.0,1220.323,193.0,50000.0,0.0,193.0,1217.0,790528.0,1282.092,4096,measure-dynamic-search,4096,1000000,16,1000,281636,853.683876,1036,281636,/mnt/nvme1n1/PipeANN-github/build_reviewed_20260602_querycache/tests/dynamic_update_suite_driver --mode measure-dynamic-search --source-prefix /mnt/nvme1n1/PipeANN-supersector32k-work/indexes/phaseC_cycle03_retrain_each_cycle_4302719af5_super32k_v3 --jsonl-output /mnt/nvme1n1/PipeANN-github/experiments/v100_querycache_optimized_full_replay_v5_20260601T221943Z/tmp/selected_0093.jsonl --insert-threads 16 --search-threads 1 --merge-threads 16 --build-l 220 --build-r 116 --beamwidth 4 --k 10 --cpu-cap 8 --metric l2 --route prefilter --search-l 75 --data-bin experiments/v100_pq_drift_1m_baseline_20260601T043217Z/data/phaseC_cycle03_live_data_by_tag.bin --base-label-file experiments/v100_pq_drift_1m_baseline_20260601T043217Z/labels/base_labels_1000000.spmat --query-bin /mnt/nvme1n1/PipeANN-github/experiments/r116_suite_pq16_aris_20260520_072453/data/sift_query_1000.bin --truthset-bin experiments/v100_pq_drift_1m_baseline_20260601T043217Z/truth/phaseC_cycle03_range_u5e-02.bin --query-label-file /mnt/nvme1n1/PipeANN-github/experiments/r116_suite_pq16_aris_20260520_072453/labels/query_1000_range_u5e-02.spmat --selector-type range --query-limit 1000,99.31,2.6808698177337646,taskset -c 20-27 /mnt/nvme1n1/PipeANN-github/build_reviewed_20260602_querycache/tests/dynamic_update_suite_driver --mode measure-dynamic-search --source-prefix /mnt/nvme1n1/PipeANN-supersector32k-work/indexes/phaseC_cycle03_retrain_each_cycle_4302719af5_super32k_v3 --jsonl-output /mnt/nvme1n1/PipeANN-github/experiments/v100_querycache_optimized_full_replay_v5_20260601T221943Z/tmp/selected_0093.jsonl --insert-threads 16 --search-threads 1 --merge-threads 16 --build-l 220 --build-r 116 --beamwidth 4 --k 10 --cpu-cap 8 --metric l2 --route prefilter --search-l 75 --data-bin experiments/v100_pq_drift_1m_baseline_20260601T043217Z/data/phaseC_cycle03_live_data_by_tag.bin --base-label-file experiments/v100_pq_drift_1m_baseline_20260601T043217Z/labels/base_labels_1000000.spmat --query-bin /mnt/nvme1n1/PipeANN-github/experiments/r116_suite_pq16_aris_20260520_072453/data/sift_query_1000.bin --truthset-bin experiments/v100_pq_drift_1m_baseline_20260601T043217Z/truth/phaseC_cycle03_range_u5e-02.bin --query-label-file /mnt/nvme1n1/PipeANN-github/experiments/r116_suite_pq16_aris_20260520_072453/labels/query_1000_range_u5e-02.spmat --selector-type range --query-limit 1000,prefilter,93,281636,280600,75,post_hoc_retuned_fastest_feasible_recall_ge_98,range,/mnt/nvme1n1/PipeANN-supersector32k-work/indexes/phaseC_cycle03_retrain_each_cycle_4302719af5_super32k_v3,ok,128010,1,0,/mnt/nvme1n1/PipeANN-github/experiments/v100_pq_drift_1m_baseline_20260601T043217Z/indexes/phaseC_cycle03_retrain_each_cycle,/mnt/nvme1n1/PipeANN-supersector32k-work/indexes/phaseC_cycle03_retrain_each_cycle_4302719af5_super32k_v3,retrain_each_cycle,1.171394
prefilter,1866.794816,u1e-01,100000.0,75,20-27,8,True,phaseC_cycle03_retrain_each_cycle,,1.866985,0,0,1,,10000,0,16,supersector32k,page_aware_slots,3,1000000,281924,128010,100000.0,0.0,0.0,0.0,0.0,185.1,100000.0,0.0,185.1,1863.137,758169.6,165.713,128010,measure-dynamic-search,1859.864,0.0,0.0,1947.416,192.0,100000.0,0.0,192.0,1944.0,786432.0,2118.516,4096,measure-dynamic-search,4096,1000000,16,1000,281864,535.622937,1268,281864,/mnt/nvme1n1/PipeANN-github/build_reviewed_20260602_querycache/tests/dynamic_update_suite_driver --mode measure-dynamic-search --source-prefix /mnt/nvme1n1/PipeANN-supersector32k-work/indexes/phaseC_cycle03_retrain_each_cycle_4302719af5_super32k_v3 --jsonl-output /mnt/nvme1n1/PipeANN-github/experiments/v100_querycache_optimized_full_replay_v5_20260601T221943Z/tmp/selected_0094.jsonl --insert-threads 16 --search-threads 1 --merge-threads 16 --build-l 220 --build-r 116 --beamwidth 4 --k 10 --cpu-cap 8 --metric l2 --route prefilter --search-l 75 --data-bin experiments/v100_pq_drift_1m_baseline_20260601T043217Z/data/phaseC_cycle03_live_data_by_tag.bin --base-label-file experiments/v100_pq_drift_1m_baseline_20260601T043217Z/labels/base_labels_1000000.spmat --query-bin /mnt/nvme1n1/PipeANN-github/experiments/r116_suite_pq16_aris_20260520_072453/data/sift_query_1000.bin --truthset-bin experiments/v100_pq_drift_1m_baseline_20260601T043217Z/truth/phaseC_cycle03_range_u1e-01.bin --query-label-file /mnt/nvme1n1/PipeANN-github/experiments/r116_suite_pq16_aris_20260520_072453/labels/query_1000_range_u1e-01.spmat --selector-type range --query-limit 1000,98.66,3.41890549659729,taskset -c 20-27 /mnt/nvme1n1/PipeANN-github/build_reviewed_20260602_querycache/tests/dynamic_update_suite_driver --mode measure-dynamic-search --source-prefix /mnt/nvme1n1/PipeANN-supersector32k-work/indexes/phaseC_cycle03_retrain_each_cycle_4302719af5_super32k_v3 --jsonl-output /mnt/nvme1n1/PipeANN-github/experiments/v100_querycache_optimized_full_replay_v5_20260601T221943Z/tmp/selected_0094.jsonl --insert-threads 16 --search-threads 1 --merge-threads 16 --build-l 220 --build-r 116 --beamwidth 4 --k 10 --cpu-cap 8 --metric l2 --route prefilter --search-l 75 --data-bin experiments/v100_pq_drift_1m_baseline_20260601T043217Z/data/phaseC_cycle03_live_data_by_tag.bin --base-label-file experiments/v100_pq_drift_1m_baseline_20260601T043217Z/labels/base_labels_1000000.spmat --query-bin /mnt/nvme1n1/PipeANN-github/experiments/r116_suite_pq16_aris_20260520_072453/data/sift_query_1000.bin --truthset-bin experiments/v100_pq_drift_1m_baseline_20260601T043217Z/truth/phaseC_cycle03_range_u1e-01.bin --query-label-file /mnt/nvme1n1/PipeANN-github/experiments/r116_suite_pq16_aris_20260520_072453/labels/query_1000_range_u1e-01.spmat --selector-type range --query-limit 1000,prefilter,94,281864,280596,75,post_hoc_retuned_fastest_feasible_recall_ge_98,range,/mnt/nvme1n1/PipeANN-supersector32k-work/indexes/phaseC_cycle03_retrain_each_cycle_4302719af5_super32k_v3,ok,128010,1,0,/mnt/nvme1n1/PipeANN-github/experiments/v100_pq_drift_1m_baseline_20260601T043217Z/indexes/phaseC_cycle03_retrain_each_cycle,/mnt/nvme1n1/PipeANN-supersector32k-work/indexes/phaseC_cycle03_retrain_each_cycle_4302719af5_super32k_v3,retrain_each_cycle,1.866985
prefilter,4353.944284,u25,250000.0,400,20-27,8,True,phaseC_cycle03_retrain_each_cycle,,4.354277,0,0,1,,10000,0,16,supersector32k,page_aware_slots,3,1000000,281832,128010,250000.0,0.0,0.0,0.0,0.0,461.477,250000.0,0.0,461.477,4349.957,1890209.792,331.081,128010,measure-dynamic-search,4327.768,0.0,0.0,4600.418,473.0,250000.0,0.0,473.0,4596.0,1937408.0,4914.884,4096,measure-dynamic-search,4096,1000000,16,1000,281832,229.659244,1204,281832,/mnt/nvme1n1/PipeANN-github/build_reviewed_20260602_querycache/tests/dynamic_update_suite_driver --mode measure-dynamic-search --source-prefix /mnt/nvme1n1/PipeANN-supersector32k-work/indexes/phaseC_cycle03_retrain_each_cycle_4302719af5_super32k_v3 --jsonl-output /mnt/nvme1n1/PipeANN-github/experiments/v100_querycache_optimized_full_replay_v5_20260601T221943Z/tmp/selected_0095.jsonl --insert-threads 16 --search-threads 1 --merge-threads 16 --build-l 220 --build-r 116 --beamwidth 4 --k 10 --cpu-cap 8 --metric l2 --route prefilter --search-l 400 --data-bin experiments/v100_pq_drift_1m_baseline_20260601T043217Z/data/phaseC_cycle03_live_data_by_tag.bin --base-label-file experiments/v100_pq_drift_1m_baseline_20260601T043217Z/labels/base_labels_1000000.spmat --query-bin /mnt/nvme1n1/PipeANN-github/experiments/r116_suite_pq16_aris_20260520_072453/data/sift_query_1000.bin --truthset-bin experiments/v100_pq_drift_1m_baseline_20260601T043217Z/truth/phaseC_cycle03_range_u25.bin --query-label-file /mnt/nvme1n1/PipeANN-github/experiments/r116_suite_pq16_aris_20260520_072453/labels/query_1000_range_u25.spmat --selector-type range --query-limit 1000,98.19,5.943882465362549,taskset -c 20-27 /mnt/nvme1n1/PipeANN-github/build_reviewed_20260602_querycache/tests/dynamic_update_suite_driver --mode measure-dynamic-search --source-prefix /mnt/nvme1n1/PipeANN-supersector32k-work/indexes/phaseC_cycle03_retrain_each_cycle_4302719af5_super32k_v3 --jsonl-output /mnt/nvme1n1/PipeANN-github/experiments/v100_querycache_optimized_full_replay_v5_20260601T221943Z/tmp/selected_0095.jsonl --insert-threads 16 --search-threads 1 --merge-threads 16 --build-l 220 --build-r 116 --beamwidth 4 --k 10 --cpu-cap 8 --metric l2 --route prefilter --search-l 400 --data-bin experiments/v100_pq_drift_1m_baseline_20260601T043217Z/data/phaseC_cycle03_live_data_by_tag.bin --base-label-file experiments/v100_pq_drift_1m_baseline_20260601T043217Z/labels/base_labels_1000000.spmat --query-bin /mnt/nvme1n1/PipeANN-github/experiments/r116_suite_pq16_aris_20260520_072453/data/sift_query_1000.bin --truthset-bin experiments/v100_pq_drift_1m_baseline_20260601T043217Z/truth/phaseC_cycle03_range_u25.bin --query-label-file /mnt/nvme1n1/PipeANN-github/experiments/r116_suite_pq16_aris_20260520_072453/labels/query_1000_range_u25.spmat --selector-type range --query-limit 1000,prefilter,95,281832,280628,400,post_hoc_retuned_fastest_feasible_recall_ge_98,range,/mnt/nvme1n1/PipeANN-supersector32k-work/indexes/phaseC_cycle03_retrain_each_cycle_4302719af5_super32k_v3,ok,128010,1,0,/mnt/nvme1n1/PipeANN-github/experiments/v100_pq_drift_1m_baseline_20260601T043217Z/indexes/phaseC_cycle03_retrain_each_cycle,/mnt/nvme1n1/PipeANN-supersector32k-work/indexes/phaseC_cycle03_retrain_each_cycle_4302719af5_super32k_v3,retrain_each_cycle,4.354277
prefilter,4984.717276,u30,300000.0,400,20-27,8,True,phaseC_cycle03_retrain_each_cycle,,4.985052,0,0,1,,10000,0,16,supersector32k,page_aware_slots,3,1000000,281720,128010,300000.0,0.0,0.0,0.0,0.0,461.467,300000.0,0.0,461.467,4980.768,1890168.832,388.212,128010,measure-dynamic-search,4971.039,0.0,0.0,5171.205,473.0,300000.0,0.0,473.0,5168.0,1937408.0,5311.107,4096,measure-dynamic-search,4096,1000000,16,1000,281720,200.599719,1100,281720,/mnt/nvme1n1/PipeANN-github/build_reviewed_20260602_querycache/tests/dynamic_update_suite_driver --mode measure-dynamic-search --source-prefix /mnt/nvme1n1/PipeANN-supersector32k-work/indexes/phaseC_cycle03_retrain_each_cycle_4302719af5_super32k_v3 --jsonl-output /mnt/nvme1n1/PipeANN-github/experiments/v100_querycache_optimized_full_replay_v5_20260601T221943Z/tmp/selected_0096.jsonl --insert-threads 16 --search-threads 1 --merge-threads 16 --build-l 220 --build-r 116 --beamwidth 4 --k 10 --cpu-cap 8 --metric l2 --route prefilter --search-l 400 --data-bin experiments/v100_pq_drift_1m_baseline_20260601T043217Z/data/phaseC_cycle03_live_data_by_tag.bin --base-label-file experiments/v100_pq_drift_1m_baseline_20260601T043217Z/labels/base_labels_1000000.spmat --query-bin /mnt/nvme1n1/PipeANN-github/experiments/r116_suite_pq16_aris_20260520_072453/data/sift_query_1000.bin --truthset-bin experiments/v100_pq_drift_1m_baseline_20260601T043217Z/truth/phaseC_cycle03_range_u30.bin --query-label-file /mnt/nvme1n1/PipeANN-github/experiments/r116_suite_pq16_aris_20260520_072453/labels/query_1000_range_u30.spmat --selector-type range --query-limit 1000,98.37,6.596302270889282,taskset -c 20-27 /mnt/nvme1n1/PipeANN-github/build_reviewed_20260602_querycache/tests/dynamic_update_suite_driver --mode measure-dynamic-search --source-prefix /mnt/nvme1n1/PipeANN-supersector32k-work/indexes/phaseC_cycle03_retrain_each_cycle_4302719af5_super32k_v3 --jsonl-output /mnt/nvme1n1/PipeANN-github/experiments/v100_querycache_optimized_full_replay_v5_20260601T221943Z/tmp/selected_0096.jsonl --insert-threads 16 --search-threads 1 --merge-threads 16 --build-l 220 --build-r 116 --beamwidth 4 --k 10 --cpu-cap 8 --metric l2 --route prefilter --search-l 400 --data-bin experiments/v100_pq_drift_1m_baseline_20260601T043217Z/data/phaseC_cycle03_live_data_by_tag.bin --base-label-file experiments/v100_pq_drift_1m_baseline_20260601T043217Z/labels/base_labels_1000000.spmat --query-bin /mnt/nvme1n1/PipeANN-github/experiments/r116_suite_pq16_aris_20260520_072453/data/sift_query_1000.bin --truthset-bin experiments/v100_pq_drift_1m_baseline_20260601T043217Z/truth/phaseC_cycle03_range_u30.bin --query-label-file /mnt/nvme1n1/PipeANN-github/experiments/r116_suite_pq16_aris_20260520_072453/labels/query_1000_range_u30.spmat --selector-type range --query-limit 1000,prefilter,96,281720,280620,400,post_hoc_retuned_fastest_feasible_recall_ge_98,range,/mnt/nvme1n1/PipeANN-supersector32k-work/indexes/phaseC_cycle03_retrain_each_cycle_4302719af5_super32k_v3,ok,128010,1,0,/mnt/nvme1n1/PipeANN-github/experiments/v100_pq_drift_1m_baseline_20260601T043217Z/indexes/phaseC_cycle03_retrain_each_cycle,/mnt/nvme1n1/PipeANN-supersector32k-work/indexes/phaseC_cycle03_retrain_each_cycle_4302719af5_super32k_v3,retrain_each_cycle,4.985052
prefilter,7624.923186,u50,500000.0,400,20-27,8,True,phaseC_cycle03_retrain_each_cycle,,7.62537,0,0,1,,10000,0,16,supersector32k,page_aware_slots,3,1000000,283688,128010,500000.0,0.0,0.0,0.0,0.0,462.557,500000.0,0.0,462.557,7619.521,1894633.472,603.869,128010,measure-dynamic-search,7593.021,0.0,0.0,7946.963,475.0,500000.0,0.0,475.0,7933.0,1945600.0,8282.194,4096,measure-dynamic-search,4096,1000000,16,1000,283688,131.141182,1204,283688,/mnt/nvme1n1/PipeANN-github/build_reviewed_20260602_querycache/tests/dynamic_update_suite_driver --mode measure-dynamic-search --source-prefix /mnt/nvme1n1/PipeANN-supersector32k-work/indexes/phaseC_cycle03_retrain_each_cycle_4302719af5_super32k_v3 --jsonl-output /mnt/nvme1n1/PipeANN-github/experiments/v100_querycache_optimized_full_replay_v5_20260601T221943Z/tmp/selected_0097.jsonl --insert-threads 16 --search-threads 1 --merge-threads 16 --build-l 220 --build-r 116 --beamwidth 4 --k 10 --cpu-cap 8 --metric l2 --route prefilter --search-l 400 --data-bin experiments/v100_pq_drift_1m_baseline_20260601T043217Z/data/phaseC_cycle03_live_data_by_tag.bin --base-label-file experiments/v100_pq_drift_1m_baseline_20260601T043217Z/labels/base_labels_1000000.spmat --query-bin /mnt/nvme1n1/PipeANN-github/experiments/r116_suite_pq16_aris_20260520_072453/data/sift_query_1000.bin --truthset-bin experiments/v100_pq_drift_1m_baseline_20260601T043217Z/truth/phaseC_cycle03_range_u50.bin --query-label-file /mnt/nvme1n1/PipeANN-github/experiments/r116_suite_pq16_aris_20260520_072453/labels/query_1000_range_u50.spmat --selector-type range --query-limit 1000,98.46,9.252827882766724,taskset -c 20-27 /mnt/nvme1n1/PipeANN-github/build_reviewed_20260602_querycache/tests/dynamic_update_suite_driver --mode measure-dynamic-search --source-prefix /mnt/nvme1n1/PipeANN-supersector32k-work/indexes/phaseC_cycle03_retrain_each_cycle_4302719af5_super32k_v3 --jsonl-output /mnt/nvme1n1/PipeANN-github/experiments/v100_querycache_optimized_full_replay_v5_20260601T221943Z/tmp/selected_0097.jsonl --insert-threads 16 --search-threads 1 --merge-threads 16 --build-l 220 --build-r 116 --beamwidth 4 --k 10 --cpu-cap 8 --metric l2 --route prefilter --search-l 400 --data-bin experiments/v100_pq_drift_1m_baseline_20260601T043217Z/data/phaseC_cycle03_live_data_by_tag.bin --base-label-file experiments/v100_pq_drift_1m_baseline_20260601T043217Z/labels/base_labels_1000000.spmat --query-bin /mnt/nvme1n1/PipeANN-github/experiments/r116_suite_pq16_aris_20260520_072453/data/sift_query_1000.bin --truthset-bin experiments/v100_pq_drift_1m_baseline_20260601T043217Z/truth/phaseC_cycle03_range_u50.bin --query-label-file /mnt/nvme1n1/PipeANN-github/experiments/r116_suite_pq16_aris_20260520_072453/labels/query_1000_range_u50.spmat --selector-type range --query-limit 1000,prefilter,97,259320,282484,400,post_hoc_retuned_fastest_feasible_recall_ge_98,range,/mnt/nvme1n1/PipeANN-supersector32k-work/indexes/phaseC_cycle03_retrain_each_cycle_4302719af5_super32k_v3,ok,128010,1,0,/mnt/nvme1n1/PipeANN-github/experiments/v100_pq_drift_1m_baseline_20260601T043217Z/indexes/phaseC_cycle03_retrain_each_cycle,/mnt/nvme1n1/PipeANN-supersector32k-work/indexes/phaseC_cycle03_retrain_each_cycle_4302719af5_super32k_v3,retrain_each_cycle,7.62537
mixed,6353.765818,u75,750000.0,450,20-27,8,True,phaseC_cycle03_retrain_each_cycle,,6.353998,0,1000,1,,10000,0,16,supersector32k,page_aware_slots,3,1000000,296972,128010,750000.0,22345.897,0.0,5886.147,0.0,526.47,22345.897,0.0,526.47,6002.019,2156421.12,68.721,128010,measure-dynamic-search,6331.009,29270.0,0.0,6761.338,546.0,29270.0,0.0,546.0,6336.0,2236416.0,7146.165,4096,measure-dynamic-search,4096,1000000,16,0,296908,157.381218,16272,296908,/mnt/nvme1n1/PipeANN-github/build_reviewed_20260602_querycache/tests/dynamic_update_suite_driver --mode measure-dynamic-search --source-prefix /mnt/nvme1n1/PipeANN-supersector32k-work/indexes/phaseC_cycle03_retrain_each_cycle_4302719af5_super32k_v3 --jsonl-output /mnt/nvme1n1/PipeANN-github/experiments/v100_querycache_optimized_full_replay_v5_20260601T221943Z/tmp/selected_0098.jsonl --insert-threads 16 --search-threads 1 --merge-threads 16 --build-l 220 --build-r 116 --beamwidth 8 --k 10 --cpu-cap 8 --metric l2 --route graph --search-l 450 --data-bin experiments/v100_pq_drift_1m_baseline_20260601T043217Z/data/phaseC_cycle03_live_data_by_tag.bin --base-label-file experiments/v100_pq_drift_1m_baseline_20260601T043217Z/labels/base_labels_1000000.spmat --query-bin /mnt/nvme1n1/PipeANN-github/experiments/r116_suite_pq16_aris_20260520_072453/data/sift_query_1000.bin --truthset-bin experiments/v100_pq_drift_1m_baseline_20260601T043217Z/truth/phaseC_cycle03_range_u75.bin --query-label-file /mnt/nvme1n1/PipeANN-github/experiments/r116_suite_pq16_aris_20260520_072453/labels/query_1000_range_u75.spmat --selector-type range --query-limit 1000,98.11,7.97795557975769,taskset -c 20-27 /mnt/nvme1n1/PipeANN-github/build_reviewed_20260602_querycache/tests/dynamic_update_suite_driver --mode measure-dynamic-search --source-prefix /mnt/nvme1n1/PipeANN-supersector32k-work/indexes/phaseC_cycle03_retrain_each_cycle_4302719af5_super32k_v3 --jsonl-output /mnt/nvme1n1/PipeANN-github/experiments/v100_querycache_optimized_full_replay_v5_20260601T221943Z/tmp/selected_0098.jsonl --insert-threads 16 --search-threads 1 --merge-threads 16 --build-l 220 --build-r 116 --beamwidth 8 --k 10 --cpu-cap 8 --metric l2 --route graph --search-l 450 --data-bin experiments/v100_pq_drift_1m_baseline_20260601T043217Z/data/phaseC_cycle03_live_data_by_tag.bin --base-label-file experiments/v100_pq_drift_1m_baseline_20260601T043217Z/labels/base_labels_1000000.spmat --query-bin /mnt/nvme1n1/PipeANN-github/experiments/r116_suite_pq16_aris_20260520_072453/data/sift_query_1000.bin --truthset-bin experiments/v100_pq_drift_1m_baseline_20260601T043217Z/truth/phaseC_cycle03_range_u75.bin --query-label-file /mnt/nvme1n1/PipeANN-github/experiments/r116_suite_pq16_aris_20260520_072453/labels/query_1000_range_u75.spmat --selector-type range --query-limit 1000,graph,98,296908,280636,450,querycache_plus_super32k_beamwidth_8_source_row_98,range,/mnt/nvme1n1/PipeANN-supersector32k-work/indexes/phaseC_cycle03_retrain_each_cycle_4302719af5_super32k_v3,ok,128010,1,0,/mnt/nvme1n1/PipeANN-github/experiments/v100_pq_drift_1m_baseline_20260601T043217Z/indexes/phaseC_cycle03_retrain_each_cycle,/mnt/nvme1n1/PipeANN-supersector32k-work/indexes/phaseC_cycle03_retrain_each_cycle_4302719af5_super32k_v3,retrain_each_cycle,6.353998
mixed,5871.455212,u100,1000000.0,400,20-27,8,True,phaseC_cycle03_retrain_each_cycle,,5.871695,0,1000,1,,10000,0,16,supersector32k,page_aware_slots,3,1000000,293552,128010,1000000.0,20599.059,0.0,5427.49,0.0,470.153,20599.059,0.0,470.153,5549.287,1925746.688,71.966,128010,measure-dynamic-search,5676.094,26757.0,0.0,8051.237,488.0,26757.0,0.0,488.0,7868.0,1998848.0,8594.468,4096,measure-dynamic-search,4096,1000000,16,0,293552,170.308567,13008,293552,/mnt/nvme1n1/PipeANN-github/build_reviewed_20260602_querycache/tests/dynamic_update_suite_driver --mode measure-dynamic-search --source-prefix /mnt/nvme1n1/PipeANN-supersector32k-work/indexes/phaseC_cycle03_retrain_each_cycle_4302719af5_super32k_v3 --jsonl-output /mnt/nvme1n1/PipeANN-github/experiments/v100_querycache_optimized_full_replay_v5_20260601T221943Z/tmp/selected_0099.jsonl --insert-threads 16 --search-threads 1 --merge-threads 16 --build-l 220 --build-r 116 --beamwidth 8 --k 10 --cpu-cap 8 --metric l2 --route graph --search-l 400 --data-bin experiments/v100_pq_drift_1m_baseline_20260601T043217Z/data/phaseC_cycle03_live_data_by_tag.bin --base-label-file experiments/v100_pq_drift_1m_baseline_20260601T043217Z/labels/base_labels_1000000.spmat --query-bin /mnt/nvme1n1/PipeANN-github/experiments/r116_suite_pq16_aris_20260520_072453/data/sift_query_1000.bin --truthset-bin experiments/v100_pq_drift_1m_baseline_20260601T043217Z/truth/phaseC_cycle03_range_u100.bin --query-label-file /mnt/nvme1n1/PipeANN-github/experiments/r116_suite_pq16_aris_20260520_072453/labels/query_1000_range_u100.spmat --selector-type range --query-limit 1000,98.17,7.421972274780273,taskset -c 20-27 /mnt/nvme1n1/PipeANN-github/build_reviewed_20260602_querycache/tests/dynamic_update_suite_driver --mode measure-dynamic-search --source-prefix /mnt/nvme1n1/PipeANN-supersector32k-work/indexes/phaseC_cycle03_retrain_each_cycle_4302719af5_super32k_v3 --jsonl-output /mnt/nvme1n1/PipeANN-github/experiments/v100_querycache_optimized_full_replay_v5_20260601T221943Z/tmp/selected_0099.jsonl --insert-threads 16 --search-threads 1 --merge-threads 16 --build-l 220 --build-r 116 --beamwidth 8 --k 10 --cpu-cap 8 --metric l2 --route graph --search-l 400 --data-bin experiments/v100_pq_drift_1m_baseline_20260601T043217Z/data/phaseC_cycle03_live_data_by_tag.bin --base-label-file experiments/v100_pq_drift_1m_baseline_20260601T043217Z/labels/base_labels_1000000.spmat --query-bin /mnt/nvme1n1/PipeANN-github/experiments/r116_suite_pq16_aris_20260520_072453/data/sift_query_1000.bin --truthset-bin experiments/v100_pq_drift_1m_baseline_20260601T043217Z/truth/phaseC_cycle03_range_u100.bin --query-label-file /mnt/nvme1n1/PipeANN-github/experiments/r116_suite_pq16_aris_20260520_072453/labels/query_1000_range_u100.spmat --selector-type range --query-limit 1000,graph,99,293552,280544,400,querycache_highrisk_beamwidth_8_source_row_99,range,/mnt/nvme1n1/PipeANN-supersector32k-work/indexes/phaseC_cycle03_retrain_each_cycle_4302719af5_super32k_v3,ok,128010,1,0,/mnt/nvme1n1/PipeANN-github/experiments/v100_pq_drift_1m_baseline_20260601T043217Z/indexes/phaseC_cycle03_retrain_each_cycle,/mnt/nvme1n1/PipeANN-supersector32k-work/indexes/phaseC_cycle03_retrain_each_cycle_4302719af5_super32k_v3,retrain_each_cycle,5.871695
prefilter,202.241826,u1e-03,1000.0,50,20-27,8,True,phaseC_cycle03_no_retrain_across_cycles,,0.202384,0,0,1,,10000,0,16,supersector32k,page_aware_slots,3,1000000,287620,98030,1000.0,0.0,0.0,0.0,0.0,113.991,1000.0,0.0,113.991,199.359,466907.136,51.396,98030,measure-dynamic-search,199.623,0.0,0.0,221.419,119.0,1000.0,0.0,119.0,218.0,487424.0,248.841,4096,measure-dynamic-search,4096,1000000,16,1000,287620,4941.099646,988,287620,/mnt/nvme1n1/PipeANN-github/build_reviewed_20260602_querycache/tests/dynamic_update_suite_driver --mode measure-dynamic-search --source-prefix /mnt/nvme1n1/PipeANN-supersector32k-work/indexes/phaseC_cycle03_no_retrain_after_insert_41c931410b_super32k_v3 --jsonl-output /mnt/nvme1n1/PipeANN-github/experiments/v100_querycache_optimized_full_replay_v5_20260601T221943Z/tmp/selected_0100.jsonl --insert-threads 16 --search-threads 1 --merge-threads 16 --build-l 220 --build-r 116 --beamwidth 4 --k 10 --cpu-cap 8 --metric l2 --route prefilter --search-l 50 --data-bin experiments/v100_pq_drift_1m_baseline_20260601T043217Z/data/phaseC_cycle03_live_data_by_tag.bin --base-label-file experiments/v100_pq_drift_1m_baseline_20260601T043217Z/labels/base_labels_1000000.spmat --query-bin /mnt/nvme1n1/PipeANN-github/experiments/r116_suite_pq16_aris_20260520_072453/data/sift_query_1000.bin --truthset-bin experiments/v100_pq_drift_1m_baseline_20260601T043217Z/truth/phaseC_cycle03_intersect_u1e-03.bin --query-label-file /mnt/nvme1n1/PipeANN-github/experiments/r116_suite_pq16_aris_20260520_072453/labels/query_1000_u1e-03.spmat --selector-type intersect --query-limit 1000,99.9,2.416435718536377,taskset -c 20-27 /mnt/nvme1n1/PipeANN-github/build_reviewed_20260602_querycache/tests/dynamic_update_suite_driver --mode measure-dynamic-search --source-prefix /mnt/nvme1n1/PipeANN-supersector32k-work/indexes/phaseC_cycle03_no_retrain_after_insert_41c931410b_super32k_v3 --jsonl-output /mnt/nvme1n1/PipeANN-github/experiments/v100_querycache_optimized_full_replay_v5_20260601T221943Z/tmp/selected_0100.jsonl --insert-threads 16 --search-threads 1 --merge-threads 16 --build-l 220 --build-r 116 --beamwidth 4 --k 10 --cpu-cap 8 --metric l2 --route prefilter --search-l 50 --data-bin experiments/v100_pq_drift_1m_baseline_20260601T043217Z/data/phaseC_cycle03_live_data_by_tag.bin --base-label-file experiments/v100_pq_drift_1m_baseline_20260601T043217Z/labels/base_labels_1000000.spmat --query-bin /mnt/nvme1n1/PipeANN-github/experiments/r116_suite_pq16_aris_20260520_072453/data/sift_query_1000.bin --truthset-bin experiments/v100_pq_drift_1m_baseline_20260601T043217Z/truth/phaseC_cycle03_intersect_u1e-03.bin --query-label-file /mnt/nvme1n1/PipeANN-github/experiments/r116_suite_pq16_aris_20260520_072453/labels/query_1000_u1e-03.spmat --selector-type intersect --query-limit 1000,prefilter,100,287620,286632,50,post_hoc_retuned_fastest_feasible_recall_ge_98,intersect,/mnt/nvme1n1/PipeANN-supersector32k-work/indexes/phaseC_cycle03_no_retrain_after_insert_41c931410b_super32k_v3,ok,98030,1,0,/mnt/nvme1n1/PipeANN-github/experiments/v100_pq_drift_1m_baseline_20260601T043217Z/indexes/phaseC_cycle03_no_retrain_after_insert,/mnt/nvme1n1/PipeANN-supersector32k-work/indexes/phaseC_cycle03_no_retrain_after_insert_41c931410b_super32k_v3,no_retrain_across_cycles,0.202384
prefilter,306.339117,u3e-03,3000.0,100,20-27,8,True,phaseC_cycle03_no_retrain_across_cycles,,0.306528,0,0,1,,10000,0,16,supersector32k,page_aware_slots,3,1000000,285760,98030,3000.0,0.0,0.0,0.0,0.0,117.074,3000.0,0.0,117.074,303.138,479535.104,83.733,98030,measure-dynamic-search,299.475,0.0,0.0,347.502,123.0,3000.0,0.0,123.0,345.0,503808.0,368.345,4096,measure-dynamic-search,4096,1000000,16,1000,285760,3262.345032,1436,285760,/mnt/nvme1n1/PipeANN-github/build_reviewed_20260602_querycache/tests/dynamic_update_suite_driver --mode measure-dynamic-search --source-prefix /mnt/nvme1n1/PipeANN-supersector32k-work/indexes/phaseC_cycle03_no_retrain_after_insert_41c931410b_super32k_v3 --jsonl-output /mnt/nvme1n1/PipeANN-github/experiments/v100_querycache_optimized_full_replay_v5_20260601T221943Z/tmp/selected_0101.jsonl --insert-threads 16 --search-threads 1 --merge-threads 16 --build-l 220 --build-r 116 --beamwidth 4 --k 10 --cpu-cap 8 --metric l2 --route prefilter --search-l 100 --data-bin experiments/v100_pq_drift_1m_baseline_20260601T043217Z/data/phaseC_cycle03_live_data_by_tag.bin --base-label-file experiments/v100_pq_drift_1m_baseline_20260601T043217Z/labels/base_labels_1000000.spmat --query-bin /mnt/nvme1n1/PipeANN-github/experiments/r116_suite_pq16_aris_20260520_072453/data/sift_query_1000.bin --truthset-bin experiments/v100_pq_drift_1m_baseline_20260601T043217Z/truth/phaseC_cycle03_intersect_u3e-03.bin --query-label-file /mnt/nvme1n1/PipeANN-github/experiments/r116_suite_pq16_aris_20260520_072453/labels/query_1000_u3e-03.spmat --selector-type intersect --query-limit 1000,99.68,2.4466350078582764,taskset -c 20-27 /mnt/nvme1n1/PipeANN-github/build_reviewed_20260602_querycache/tests/dynamic_update_suite_driver --mode measure-dynamic-search --source-prefix /mnt/nvme1n1/PipeANN-supersector32k-work/indexes/phaseC_cycle03_no_retrain_after_insert_41c931410b_super32k_v3 --jsonl-output /mnt/nvme1n1/PipeANN-github/experiments/v100_querycache_optimized_full_replay_v5_20260601T221943Z/tmp/selected_0101.jsonl --insert-threads 16 --search-threads 1 --merge-threads 16 --build-l 220 --build-r 116 --beamwidth 4 --k 10 --cpu-cap 8 --metric l2 --route prefilter --search-l 100 --data-bin experiments/v100_pq_drift_1m_baseline_20260601T043217Z/data/phaseC_cycle03_live_data_by_tag.bin --base-label-file experiments/v100_pq_drift_1m_baseline_20260601T043217Z/labels/base_labels_1000000.spmat --query-bin /mnt/nvme1n1/PipeANN-github/experiments/r116_suite_pq16_aris_20260520_072453/data/sift_query_1000.bin --truthset-bin experiments/v100_pq_drift_1m_baseline_20260601T043217Z/truth/phaseC_cycle03_intersect_u3e-03.bin --query-label-file /mnt/nvme1n1/PipeANN-github/experiments/r116_suite_pq16_aris_20260520_072453/labels/query_1000_u3e-03.spmat --selector-type intersect --query-limit 1000,prefilter,101,285760,284324,100,post_hoc_retuned_fastest_feasible_recall_ge_98,intersect,/mnt/nvme1n1/PipeANN-supersector32k-work/indexes/phaseC_cycle03_no_retrain_after_insert_41c931410b_super32k_v3,ok,98030,1,0,/mnt/nvme1n1/PipeANN-github/experiments/v100_pq_drift_1m_baseline_20260601T043217Z/indexes/phaseC_cycle03_no_retrain_after_insert,/mnt/nvme1n1/PipeANN-supersector32k-work/indexes/phaseC_cycle03_no_retrain_after_insert_41c931410b_super32k_v3,no_retrain_across_cycles,0.306528
prefilter,571.806383,u1e-02,10000.0,100,20-27,8,True,phaseC_cycle03_no_retrain_across_cycles,,0.571992,0,0,1,,10000,0,16,supersector32k,page_aware_slots,3,1000000,285536,98030,10000.0,0.0,0.0,0.0,0.0,147.549,10000.0,0.0,147.549,568.213,604360.704,160.123,98030,measure-dynamic-search,567.507,0.0,0.0,612.405,155.0,10000.0,0.0,155.0,609.0,634880.0,637.887,4096,measure-dynamic-search,4096,1000000,16,1000,285536,1748.27568,1248,285536,/mnt/nvme1n1/PipeANN-github/build_reviewed_20260602_querycache/tests/dynamic_update_suite_driver --mode measure-dynamic-search --source-prefix /mnt/nvme1n1/PipeANN-supersector32k-work/indexes/phaseC_cycle03_no_retrain_after_insert_41c931410b_super32k_v3 --jsonl-output /mnt/nvme1n1/PipeANN-github/experiments/v100_querycache_optimized_full_replay_v5_20260601T221943Z/tmp/selected_0102.jsonl --insert-threads 16 --search-threads 1 --merge-threads 16 --build-l 220 --build-r 116 --beamwidth 4 --k 10 --cpu-cap 8 --metric l2 --route prefilter --search-l 100 --data-bin experiments/v100_pq_drift_1m_baseline_20260601T043217Z/data/phaseC_cycle03_live_data_by_tag.bin --base-label-file experiments/v100_pq_drift_1m_baseline_20260601T043217Z/labels/base_labels_1000000.spmat --query-bin /mnt/nvme1n1/PipeANN-github/experiments/r116_suite_pq16_aris_20260520_072453/data/sift_query_1000.bin --truthset-bin experiments/v100_pq_drift_1m_baseline_20260601T043217Z/truth/phaseC_cycle03_intersect_u1e-02.bin --query-label-file /mnt/nvme1n1/PipeANN-github/experiments/r116_suite_pq16_aris_20260520_072453/labels/query_1000_u1e-02.spmat --selector-type intersect --query-limit 1000,99.56,2.637969732284546,taskset -c 20-27 /mnt/nvme1n1/PipeANN-github/build_reviewed_20260602_querycache/tests/dynamic_update_suite_driver --mode measure-dynamic-search --source-prefix /mnt/nvme1n1/PipeANN-supersector32k-work/indexes/phaseC_cycle03_no_retrain_after_insert_41c931410b_super32k_v3 --jsonl-output /mnt/nvme1n1/PipeANN-github/experiments/v100_querycache_optimized_full_replay_v5_20260601T221943Z/tmp/selected_0102.jsonl --insert-threads 16 --search-threads 1 --merge-threads 16 --build-l 220 --build-r 116 --beamwidth 4 --k 10 --cpu-cap 8 --metric l2 --route prefilter --search-l 100 --data-bin experiments/v100_pq_drift_1m_baseline_20260601T043217Z/data/phaseC_cycle03_live_data_by_tag.bin --base-label-file experiments/v100_pq_drift_1m_baseline_20260601T043217Z/labels/base_labels_1000000.spmat --query-bin /mnt/nvme1n1/PipeANN-github/experiments/r116_suite_pq16_aris_20260520_072453/data/sift_query_1000.bin --truthset-bin experiments/v100_pq_drift_1m_baseline_20260601T043217Z/truth/phaseC_cycle03_intersect_u1e-02.bin --query-label-file /mnt/nvme1n1/PipeANN-github/experiments/r116_suite_pq16_aris_20260520_072453/labels/query_1000_u1e-02.spmat --selector-type intersect --query-limit 1000,prefilter,102,285536,284288,100,post_hoc_retuned_fastest_feasible_recall_ge_98,intersect,/mnt/nvme1n1/PipeANN-supersector32k-work/indexes/phaseC_cycle03_no_retrain_after_insert_41c931410b_super32k_v3,ok,98030,1,0,/mnt/nvme1n1/PipeANN-github/experiments/v100_pq_drift_1m_baseline_20260601T043217Z/indexes/phaseC_cycle03_no_retrain_after_insert,/mnt/nvme1n1/PipeANN-supersector32k-work/indexes/phaseC_cycle03_no_retrain_after_insert_41c931410b_super32k_v3,no_retrain_across_cycles,0.571992
prefilter,1451.948549,u5e-02,50000.0,50,20-27,8,True,phaseC_cycle03_no_retrain_across_cycles,,1.452159,0,0,1,,10000,0,16,supersector32k,page_aware_slots,3,1000000,285724,98030,50000.0,0.0,0.0,0.0,0.0,183.215,50000.0,0.0,183.215,1448.531,750448.64,259.382,98030,measure-dynamic-search,1441.552,0.0,0.0,1541.446,191.0,50000.0,0.0,191.0,1538.0,782336.0,1652.422,4096,measure-dynamic-search,4096,1000000,16,1000,285724,688.630048,1192,285724,/mnt/nvme1n1/PipeANN-github/build_reviewed_20260602_querycache/tests/dynamic_update_suite_driver --mode measure-dynamic-search --source-prefix /mnt/nvme1n1/PipeANN-supersector32k-work/indexes/phaseC_cycle03_no_retrain_after_insert_41c931410b_super32k_v3 --jsonl-output /mnt/nvme1n1/PipeANN-github/experiments/v100_querycache_optimized_full_replay_v5_20260601T221943Z/tmp/selected_0103.jsonl --insert-threads 16 --search-threads 1 --merge-threads 16 --build-l 220 --build-r 116 --beamwidth 4 --k 10 --cpu-cap 8 --metric l2 --route prefilter --search-l 50 --data-bin experiments/v100_pq_drift_1m_baseline_20260601T043217Z/data/phaseC_cycle03_live_data_by_tag.bin --base-label-file experiments/v100_pq_drift_1m_baseline_20260601T043217Z/labels/base_labels_1000000.spmat --query-bin /mnt/nvme1n1/PipeANN-github/experiments/r116_suite_pq16_aris_20260520_072453/data/sift_query_1000.bin --truthset-bin experiments/v100_pq_drift_1m_baseline_20260601T043217Z/truth/phaseC_cycle03_intersect_u5e-02.bin --query-label-file /mnt/nvme1n1/PipeANN-github/experiments/r116_suite_pq16_aris_20260520_072453/labels/query_1000_u5e-02.spmat --selector-type intersect --query-limit 1000,99.1,3.513183355331421,taskset -c 20-27 /mnt/nvme1n1/PipeANN-github/build_reviewed_20260602_querycache/tests/dynamic_update_suite_driver --mode measure-dynamic-search --source-prefix /mnt/nvme1n1/PipeANN-supersector32k-work/indexes/phaseC_cycle03_no_retrain_after_insert_41c931410b_super32k_v3 --jsonl-output /mnt/nvme1n1/PipeANN-github/experiments/v100_querycache_optimized_full_replay_v5_20260601T221943Z/tmp/selected_0103.jsonl --insert-threads 16 --search-threads 1 --merge-threads 16 --build-l 220 --build-r 116 --beamwidth 4 --k 10 --cpu-cap 8 --metric l2 --route prefilter --search-l 50 --data-bin experiments/v100_pq_drift_1m_baseline_20260601T043217Z/data/phaseC_cycle03_live_data_by_tag.bin --base-label-file experiments/v100_pq_drift_1m_baseline_20260601T043217Z/labels/base_labels_1000000.spmat --query-bin /mnt/nvme1n1/PipeANN-github/experiments/r116_suite_pq16_aris_20260520_072453/data/sift_query_1000.bin --truthset-bin experiments/v100_pq_drift_1m_baseline_20260601T043217Z/truth/phaseC_cycle03_intersect_u5e-02.bin --query-label-file /mnt/nvme1n1/PipeANN-github/experiments/r116_suite_pq16_aris_20260520_072453/labels/query_1000_u5e-02.spmat --selector-type intersect --query-limit 1000,prefilter,103,285724,284532,50,post_hoc_retuned_fastest_feasible_recall_ge_98,intersect,/mnt/nvme1n1/PipeANN-supersector32k-work/indexes/phaseC_cycle03_no_retrain_after_insert_41c931410b_super32k_v3,ok,98030,1,0,/mnt/nvme1n1/PipeANN-github/experiments/v100_pq_drift_1m_baseline_20260601T043217Z/indexes/phaseC_cycle03_no_retrain_after_insert,/mnt/nvme1n1/PipeANN-supersector32k-work/indexes/phaseC_cycle03_no_retrain_after_insert_41c931410b_super32k_v3,no_retrain_across_cycles,1.452159
prefilter,2221.743779,u1e-01,100000.0,150,20-27,8,True,phaseC_cycle03_no_retrain_across_cycles,,2.221999,0,0,1,,10000,0,16,supersector32k,page_aware_slots,3,1000000,285756,98030,100000.0,0.0,0.0,0.0,0.0,183.764,100000.0,0.0,183.764,2217.972,752697.344,293.683,98030,measure-dynamic-search,2209.003,0.0,0.0,2315.895,191.0,100000.0,0.0,191.0,2311.0,782336.0,2542.16,4096,measure-dynamic-search,4096,1000000,16,1000,285756,450.045302,1192,285756,/mnt/nvme1n1/PipeANN-github/build_reviewed_20260602_querycache/tests/dynamic_update_suite_driver --mode measure-dynamic-search --source-prefix /mnt/nvme1n1/PipeANN-supersector32k-work/indexes/phaseC_cycle03_no_retrain_after_insert_41c931410b_super32k_v3 --jsonl-output /mnt/nvme1n1/PipeANN-github/experiments/v100_querycache_optimized_full_replay_v5_20260601T221943Z/tmp/selected_0104.jsonl --insert-threads 16 --search-threads 1 --merge-threads 16 --build-l 220 --build-r 116 --beamwidth 4 --k 10 --cpu-cap 8 --metric l2 --route prefilter --search-l 150 --data-bin experiments/v100_pq_drift_1m_baseline_20260601T043217Z/data/phaseC_cycle03_live_data_by_tag.bin --base-label-file experiments/v100_pq_drift_1m_baseline_20260601T043217Z/labels/base_labels_1000000.spmat --query-bin /mnt/nvme1n1/PipeANN-github/experiments/r116_suite_pq16_aris_20260520_072453/data/sift_query_1000.bin --truthset-bin experiments/v100_pq_drift_1m_baseline_20260601T043217Z/truth/phaseC_cycle03_intersect_u1e-01.bin --query-label-file /mnt/nvme1n1/PipeANN-github/experiments/r116_suite_pq16_aris_20260520_072453/labels/query_1000_u1e-01.spmat --selector-type intersect --query-limit 1000,98.65,4.329961538314819,taskset -c 20-27 /mnt/nvme1n1/PipeANN-github/build_reviewed_20260602_querycache/tests/dynamic_update_suite_driver --mode measure-dynamic-search --source-prefix /mnt/nvme1n1/PipeANN-supersector32k-work/indexes/phaseC_cycle03_no_retrain_after_insert_41c931410b_super32k_v3 --jsonl-output /mnt/nvme1n1/PipeANN-github/experiments/v100_querycache_optimized_full_replay_v5_20260601T221943Z/tmp/selected_0104.jsonl --insert-threads 16 --search-threads 1 --merge-threads 16 --build-l 220 --build-r 116 --beamwidth 4 --k 10 --cpu-cap 8 --metric l2 --route prefilter --search-l 150 --data-bin experiments/v100_pq_drift_1m_baseline_20260601T043217Z/data/phaseC_cycle03_live_data_by_tag.bin --base-label-file experiments/v100_pq_drift_1m_baseline_20260601T043217Z/labels/base_labels_1000000.spmat --query-bin /mnt/nvme1n1/PipeANN-github/experiments/r116_suite_pq16_aris_20260520_072453/data/sift_query_1000.bin --truthset-bin experiments/v100_pq_drift_1m_baseline_20260601T043217Z/truth/phaseC_cycle03_intersect_u1e-01.bin --query-label-file /mnt/nvme1n1/PipeANN-github/experiments/r116_suite_pq16_aris_20260520_072453/labels/query_1000_u1e-01.spmat --selector-type intersect --query-limit 1000,prefilter,104,285756,284564,150,post_hoc_retuned_fastest_feasible_recall_ge_98,intersect,/mnt/nvme1n1/PipeANN-supersector32k-work/indexes/phaseC_cycle03_no_retrain_after_insert_41c931410b_super32k_v3,ok,98030,1,0,/mnt/nvme1n1/PipeANN-github/experiments/v100_pq_drift_1m_baseline_20260601T043217Z/indexes/phaseC_cycle03_no_retrain_after_insert,/mnt/nvme1n1/PipeANN-supersector32k-work/indexes/phaseC_cycle03_no_retrain_after_insert_41c931410b_super32k_v3,no_retrain_across_cycles,2.221999
prefilter,4668.140945,u25,250000.0,400,20-27,8,True,phaseC_cycle03_no_retrain_across_cycles,,4.668523,0,0,1,,10000,0,16,supersector32k,page_aware_slots,3,1000000,285788,98030,250000.0,0.0,0.0,0.0,0.0,459.51,250000.0,0.0,459.51,4663.886,1882152.96,411.832,98030,measure-dynamic-search,4640.025,0.0,0.0,4882.318,470.0,250000.0,0.0,470.0,4878.0,1925120.0,5217.09,4096,measure-dynamic-search,4096,1000000,16,1000,285788,214.200526,1256,285788,/mnt/nvme1n1/PipeANN-github/build_reviewed_20260602_querycache/tests/dynamic_update_suite_driver --mode measure-dynamic-search --source-prefix /mnt/nvme1n1/PipeANN-supersector32k-work/indexes/phaseC_cycle03_no_retrain_after_insert_41c931410b_super32k_v3 --jsonl-output /mnt/nvme1n1/PipeANN-github/experiments/v100_querycache_optimized_full_replay_v5_20260601T221943Z/tmp/selected_0105.jsonl --insert-threads 16 --search-threads 1 --merge-threads 16 --build-l 220 --build-r 116 --beamwidth 4 --k 10 --cpu-cap 8 --metric l2 --route prefilter --search-l 400 --data-bin experiments/v100_pq_drift_1m_baseline_20260601T043217Z/data/phaseC_cycle03_live_data_by_tag.bin --base-label-file experiments/v100_pq_drift_1m_baseline_20260601T043217Z/labels/base_labels_1000000.spmat --query-bin /mnt/nvme1n1/PipeANN-github/experiments/r116_suite_pq16_aris_20260520_072453/data/sift_query_1000.bin --truthset-bin experiments/v100_pq_drift_1m_baseline_20260601T043217Z/truth/phaseC_cycle03_intersect_u25.bin --query-label-file /mnt/nvme1n1/PipeANN-github/experiments/r116_suite_pq16_aris_20260520_072453/labels/query_1000_u25.spmat --selector-type intersect --query-limit 1000,98.61,6.768660545349121,taskset -c 20-27 /mnt/nvme1n1/PipeANN-github/build_reviewed_20260602_querycache/tests/dynamic_update_suite_driver --mode measure-dynamic-search --source-prefix /mnt/nvme1n1/PipeANN-supersector32k-work/indexes/phaseC_cycle03_no_retrain_after_insert_41c931410b_super32k_v3 --jsonl-output /mnt/nvme1n1/PipeANN-github/experiments/v100_querycache_optimized_full_replay_v5_20260601T221943Z/tmp/selected_0105.jsonl --insert-threads 16 --search-threads 1 --merge-threads 16 --build-l 220 --build-r 116 --beamwidth 4 --k 10 --cpu-cap 8 --metric l2 --route prefilter --search-l 400 --data-bin experiments/v100_pq_drift_1m_baseline_20260601T043217Z/data/phaseC_cycle03_live_data_by_tag.bin --base-label-file experiments/v100_pq_drift_1m_baseline_20260601T043217Z/labels/base_labels_1000000.spmat --query-bin /mnt/nvme1n1/PipeANN-github/experiments/r116_suite_pq16_aris_20260520_072453/data/sift_query_1000.bin --truthset-bin experiments/v100_pq_drift_1m_baseline_20260601T043217Z/truth/phaseC_cycle03_intersect_u25.bin --query-label-file /mnt/nvme1n1/PipeANN-github/experiments/r116_suite_pq16_aris_20260520_072453/labels/query_1000_u25.spmat --selector-type intersect --query-limit 1000,prefilter,105,285788,284532,400,post_hoc_retuned_fastest_feasible_recall_ge_98,intersect,/mnt/nvme1n1/PipeANN-supersector32k-work/indexes/phaseC_cycle03_no_retrain_after_insert_41c931410b_super32k_v3,ok,98030,1,0,/mnt/nvme1n1/PipeANN-github/experiments/v100_pq_drift_1m_baseline_20260601T043217Z/indexes/phaseC_cycle03_no_retrain_after_insert,/mnt/nvme1n1/PipeANN-supersector32k-work/indexes/phaseC_cycle03_no_retrain_after_insert_41c931410b_super32k_v3,no_retrain_across_cycles,4.668523
prefilter,5567.421427,u30,300000.0,450,20-27,8,True,phaseC_cycle03_no_retrain_across_cycles,,5.568127,0,0,1,,10000,0,16,supersector32k,page_aware_slots,3,1000000,287768,98030,300000.0,0.0,0.0,0.0,0.0,517.931,300000.0,0.0,517.931,5562.22,2121445.376,450.8,98030,measure-dynamic-search,5537.546,0.0,0.0,5776.553,529.0,300000.0,0.0,529.0,5771.0,2166784.0,6347.311,4096,measure-dynamic-search,4096,1000000,16,1000,287768,179.593603,1316,287768,/mnt/nvme1n1/PipeANN-github/build_reviewed_20260602_querycache/tests/dynamic_update_suite_driver --mode measure-dynamic-search --source-prefix /mnt/nvme1n1/PipeANN-supersector32k-work/indexes/phaseC_cycle03_no_retrain_after_insert_41c931410b_super32k_v3 --jsonl-output /mnt/nvme1n1/PipeANN-github/experiments/v100_querycache_optimized_full_replay_v5_20260601T221943Z/tmp/selected_0106.jsonl --insert-threads 16 --search-threads 1 --merge-threads 16 --build-l 220 --build-r 116 --beamwidth 4 --k 10 --cpu-cap 8 --metric l2 --route prefilter --search-l 450 --data-bin experiments/v100_pq_drift_1m_baseline_20260601T043217Z/data/phaseC_cycle03_live_data_by_tag.bin --base-label-file experiments/v100_pq_drift_1m_baseline_20260601T043217Z/labels/base_labels_1000000.spmat --query-bin /mnt/nvme1n1/PipeANN-github/experiments/r116_suite_pq16_aris_20260520_072453/data/sift_query_1000.bin --truthset-bin experiments/v100_pq_drift_1m_baseline_20260601T043217Z/truth/phaseC_cycle03_intersect_u30.bin --query-label-file /mnt/nvme1n1/PipeANN-github/experiments/r116_suite_pq16_aris_20260520_072453/labels/query_1000_u30.spmat --selector-type intersect --query-limit 1000,98.92,7.889171361923218,taskset -c 20-27 /mnt/nvme1n1/PipeANN-github/build_reviewed_20260602_querycache/tests/dynamic_update_suite_driver --mode measure-dynamic-search --source-prefix /mnt/nvme1n1/PipeANN-supersector32k-work/indexes/phaseC_cycle03_no_retrain_after_insert_41c931410b_super32k_v3 --jsonl-output /mnt/nvme1n1/PipeANN-github/experiments/v100_querycache_optimized_full_replay_v5_20260601T221943Z/tmp/selected_0106.jsonl --insert-threads 16 --search-threads 1 --merge-threads 16 --build-l 220 --build-r 116 --beamwidth 4 --k 10 --cpu-cap 8 --metric l2 --route prefilter --search-l 450 --data-bin experiments/v100_pq_drift_1m_baseline_20260601T043217Z/data/phaseC_cycle03_live_data_by_tag.bin --base-label-file experiments/v100_pq_drift_1m_baseline_20260601T043217Z/labels/base_labels_1000000.spmat --query-bin /mnt/nvme1n1/PipeANN-github/experiments/r116_suite_pq16_aris_20260520_072453/data/sift_query_1000.bin --truthset-bin experiments/v100_pq_drift_1m_baseline_20260601T043217Z/truth/phaseC_cycle03_intersect_u30.bin --query-label-file /mnt/nvme1n1/PipeANN-github/experiments/r116_suite_pq16_aris_20260520_072453/labels/query_1000_u30.spmat --selector-type intersect --query-limit 1000,prefilter,106,287768,286452,450,post_hoc_retuned_fastest_feasible_recall_ge_98,intersect,/mnt/nvme1n1/PipeANN-supersector32k-work/indexes/phaseC_cycle03_no_retrain_after_insert_41c931410b_super32k_v3,ok,98030,1,0,/mnt/nvme1n1/PipeANN-github/experiments/v100_pq_drift_1m_baseline_20260601T043217Z/indexes/phaseC_cycle03_no_retrain_after_insert,/mnt/nvme1n1/PipeANN-supersector32k-work/indexes/phaseC_cycle03_no_retrain_after_insert_41c931410b_super32k_v3,no_retrain_across_cycles,5.568127
prefilter,7735.012007,u50,500000.0,400,20-27,8,True,phaseC_cycle03_no_retrain_across_cycles,,7.735428,0,0,1,,10000,0,16,supersector32k,page_aware_slots,3,1000000,285832,98030,500000.0,0.0,0.0,0.0,0.0,459.811,500000.0,0.0,459.811,7730.52,1883385.856,609.962,98030,measure-dynamic-search,7731.442,0.0,0.0,7962.722,472.0,500000.0,0.0,472.0,7959.0,1933312.0,8598.873,4096,measure-dynamic-search,4096,1000000,16,1000,285832,129.275322,1204,285720,/mnt/nvme1n1/PipeANN-github/build_reviewed_20260602_querycache/tests/dynamic_update_suite_driver --mode measure-dynamic-search --source-prefix /mnt/nvme1n1/PipeANN-supersector32k-work/indexes/phaseC_cycle03_no_retrain_after_insert_41c931410b_super32k_v3 --jsonl-output /mnt/nvme1n1/PipeANN-github/experiments/v100_querycache_optimized_full_replay_v5_20260601T221943Z/tmp/selected_0107.jsonl --insert-threads 16 --search-threads 1 --merge-threads 16 --build-l 220 --build-r 116 --beamwidth 4 --k 10 --cpu-cap 8 --metric l2 --route prefilter --search-l 400 --data-bin experiments/v100_pq_drift_1m_baseline_20260601T043217Z/data/phaseC_cycle03_live_data_by_tag.bin --base-label-file experiments/v100_pq_drift_1m_baseline_20260601T043217Z/labels/base_labels_1000000.spmat --query-bin /mnt/nvme1n1/PipeANN-github/experiments/r116_suite_pq16_aris_20260520_072453/data/sift_query_1000.bin --truthset-bin experiments/v100_pq_drift_1m_baseline_20260601T043217Z/truth/phaseC_cycle03_intersect_u50.bin --query-label-file /mnt/nvme1n1/PipeANN-github/experiments/r116_suite_pq16_aris_20260520_072453/labels/query_1000_u50.spmat --selector-type intersect --query-limit 1000,98.67,9.91563367843628,taskset -c 20-27 /mnt/nvme1n1/PipeANN-github/build_reviewed_20260602_querycache/tests/dynamic_update_suite_driver --mode measure-dynamic-search --source-prefix /mnt/nvme1n1/PipeANN-supersector32k-work/indexes/phaseC_cycle03_no_retrain_after_insert_41c931410b_super32k_v3 --jsonl-output /mnt/nvme1n1/PipeANN-github/experiments/v100_querycache_optimized_full_replay_v5_20260601T221943Z/tmp/selected_0107.jsonl --insert-threads 16 --search-threads 1 --merge-threads 16 --build-l 220 --build-r 116 --beamwidth 4 --k 10 --cpu-cap 8 --metric l2 --route prefilter --search-l 400 --data-bin experiments/v100_pq_drift_1m_baseline_20260601T043217Z/data/phaseC_cycle03_live_data_by_tag.bin --base-label-file experiments/v100_pq_drift_1m_baseline_20260601T043217Z/labels/base_labels_1000000.spmat --query-bin /mnt/nvme1n1/PipeANN-github/experiments/r116_suite_pq16_aris_20260520_072453/data/sift_query_1000.bin --truthset-bin experiments/v100_pq_drift_1m_baseline_20260601T043217Z/truth/phaseC_cycle03_intersect_u50.bin --query-label-file /mnt/nvme1n1/PipeANN-github/experiments/r116_suite_pq16_aris_20260520_072453/labels/query_1000_u50.spmat --selector-type intersect --query-limit 1000,prefilter,107,285720,284516,400,post_hoc_retuned_fastest_feasible_recall_ge_98,intersect,/mnt/nvme1n1/PipeANN-supersector32k-work/indexes/phaseC_cycle03_no_retrain_after_insert_41c931410b_super32k_v3,ok,98030,1,0,/mnt/nvme1n1/PipeANN-github/experiments/v100_pq_drift_1m_baseline_20260601T043217Z/indexes/phaseC_cycle03_no_retrain_after_insert,/mnt/nvme1n1/PipeANN-supersector32k-work/indexes/phaseC_cycle03_no_retrain_after_insert_41c931410b_super32k_v3,no_retrain_across_cycles,7.735428
graph,7491.502447,u75,750000.0,500,20-27,8,True,phaseC_cycle03_no_retrain_across_cycles,,7.491767,0,0,1,,10000,1000,16,supersector32k,page_aware_slots,3,1000000,307448,98030,750000.0,21730.291,0.0,7062.345,0.0,587.479,21730.291,0.0,587.479,7148.645,2406313.984,19.807,98030,measure-dynamic-search,6999.422,28741.0,0.0,7486.121,606.0,28741.0,0.0,606.0,7126.0,2482176.0,8938.055,4096,measure-dynamic-search,4096,1000000,16,0,307448,133.47985,23044,307448,/mnt/nvme1n1/PipeANN-github/build_reviewed_20260602_querycache/tests/dynamic_update_suite_driver --mode measure-dynamic-search --source-prefix /mnt/nvme1n1/PipeANN-supersector32k-work/indexes/phaseC_cycle03_no_retrain_after_insert_41c931410b_super32k_v3 --jsonl-output /mnt/nvme1n1/PipeANN-github/experiments/v100_querycache_optimized_full_replay_v5_20260601T221943Z/tmp/selected_0108.jsonl --insert-threads 16 --search-threads 1 --merge-threads 16 --build-l 220 --build-r 116 --beamwidth 8 --k 10 --cpu-cap 8 --metric l2 --route graph --search-l 500 --data-bin experiments/v100_pq_drift_1m_baseline_20260601T043217Z/data/phaseC_cycle03_live_data_by_tag.bin --base-label-file experiments/v100_pq_drift_1m_baseline_20260601T043217Z/labels/base_labels_1000000.spmat --query-bin /mnt/nvme1n1/PipeANN-github/experiments/r116_suite_pq16_aris_20260520_072453/data/sift_query_1000.bin --truthset-bin experiments/v100_pq_drift_1m_baseline_20260601T043217Z/truth/phaseC_cycle03_intersect_u75.bin --query-label-file /mnt/nvme1n1/PipeANN-github/experiments/r116_suite_pq16_aris_20260520_072453/labels/query_1000_u75.spmat --selector-type intersect --query-limit 1000,98.21,9.610711097717285,taskset -c 20-27 /mnt/nvme1n1/PipeANN-github/build_reviewed_20260602_querycache/tests/dynamic_update_suite_driver --mode measure-dynamic-search --source-prefix /mnt/nvme1n1/PipeANN-supersector32k-work/indexes/phaseC_cycle03_no_retrain_after_insert_41c931410b_super32k_v3 --jsonl-output /mnt/nvme1n1/PipeANN-github/experiments/v100_querycache_optimized_full_replay_v5_20260601T221943Z/tmp/selected_0108.jsonl --insert-threads 16 --search-threads 1 --merge-threads 16 --build-l 220 --build-r 116 --beamwidth 8 --k 10 --cpu-cap 8 --metric l2 --route graph --search-l 500 --data-bin experiments/v100_pq_drift_1m_baseline_20260601T043217Z/data/phaseC_cycle03_live_data_by_tag.bin --base-label-file experiments/v100_pq_drift_1m_baseline_20260601T043217Z/labels/base_labels_1000000.spmat --query-bin /mnt/nvme1n1/PipeANN-github/experiments/r116_suite_pq16_aris_20260520_072453/data/sift_query_1000.bin --truthset-bin experiments/v100_pq_drift_1m_baseline_20260601T043217Z/truth/phaseC_cycle03_intersect_u75.bin --query-label-file /mnt/nvme1n1/PipeANN-github/experiments/r116_suite_pq16_aris_20260520_072453/labels/query_1000_u75.spmat --selector-type intersect --query-limit 1000,graph,108,307448,284404,500,querycache_recall_margin_l500_bw8_source_row_108,intersect,/mnt/nvme1n1/PipeANN-supersector32k-work/indexes/phaseC_cycle03_no_retrain_after_insert_41c931410b_super32k_v3,ok,98030,1,0,/mnt/nvme1n1/PipeANN-github/experiments/v100_pq_drift_1m_baseline_20260601T043217Z/indexes/phaseC_cycle03_no_retrain_after_insert,/mnt/nvme1n1/PipeANN-supersector32k-work/indexes/phaseC_cycle03_no_retrain_after_insert_41c931410b_super32k_v3,no_retrain_across_cycles,7.491767
graph,6397.36025,u100,1000000.0,450,20-27,8,True,phaseC_cycle03_no_retrain_across_cycles,,6.397592,0,0,1,,10000,1000,16,supersector32k,page_aware_slots,3,1000000,301200,98030,1000000.0,20225.624,0.0,5978.947,0.0,531.081,20225.624,0.0,531.081,6070.776,2175307.776,19.266,98030,measure-dynamic-search,6361.682,26678.0,0.0,6798.062,550.0,26678.0,0.0,550.0,6503.0,2252800.0,7320.069,4096,measure-dynamic-search,4096,1000000,16,0,301200,156.3088,16900,301200,/mnt/nvme1n1/PipeANN-github/build_reviewed_20260602_querycache/tests/dynamic_update_suite_driver --mode measure-dynamic-search --source-prefix /mnt/nvme1n1/PipeANN-supersector32k-work/indexes/phaseC_cycle03_no_retrain_after_insert_41c931410b_super32k_v3 --jsonl-output /mnt/nvme1n1/PipeANN-github/experiments/v100_querycache_optimized_full_replay_v5_20260601T221943Z/tmp/selected_0109.jsonl --insert-threads 16 --search-threads 1 --merge-threads 16 --build-l 220 --build-r 116 --beamwidth 8 --k 10 --cpu-cap 8 --metric l2 --route graph --search-l 450 --data-bin experiments/v100_pq_drift_1m_baseline_20260601T043217Z/data/phaseC_cycle03_live_data_by_tag.bin --base-label-file experiments/v100_pq_drift_1m_baseline_20260601T043217Z/labels/base_labels_1000000.spmat --query-bin /mnt/nvme1n1/PipeANN-github/experiments/r116_suite_pq16_aris_20260520_072453/data/sift_query_1000.bin --truthset-bin experiments/v100_pq_drift_1m_baseline_20260601T043217Z/truth/phaseC_cycle03_intersect_u100.bin --query-label-file /mnt/nvme1n1/PipeANN-github/experiments/r116_suite_pq16_aris_20260520_072453/labels/query_1000_u100.spmat --selector-type intersect --query-limit 1000,98.24,8.517849922180176,taskset -c 20-27 /mnt/nvme1n1/PipeANN-github/build_reviewed_20260602_querycache/tests/dynamic_update_suite_driver --mode measure-dynamic-search --source-prefix /mnt/nvme1n1/PipeANN-supersector32k-work/indexes/phaseC_cycle03_no_retrain_after_insert_41c931410b_super32k_v3 --jsonl-output /mnt/nvme1n1/PipeANN-github/experiments/v100_querycache_optimized_full_replay_v5_20260601T221943Z/tmp/selected_0109.jsonl --insert-threads 16 --search-threads 1 --merge-threads 16 --build-l 220 --build-r 116 --beamwidth 8 --k 10 --cpu-cap 8 --metric l2 --route graph --search-l 450 --data-bin experiments/v100_pq_drift_1m_baseline_20260601T043217Z/data/phaseC_cycle03_live_data_by_tag.bin --base-label-file experiments/v100_pq_drift_1m_baseline_20260601T043217Z/labels/base_labels_1000000.spmat --query-bin /mnt/nvme1n1/PipeANN-github/experiments/r116_suite_pq16_aris_20260520_072453/data/sift_query_1000.bin --truthset-bin experiments/v100_pq_drift_1m_baseline_20260601T043217Z/truth/phaseC_cycle03_intersect_u100.bin --query-label-file /mnt/nvme1n1/PipeANN-github/experiments/r116_suite_pq16_aris_20260520_072453/labels/query_1000_u100.spmat --selector-type intersect --query-limit 1000,graph,109,301200,284300,450,querycache_plus_super32k_beamwidth_8_source_row_109,intersect,/mnt/nvme1n1/PipeANN-supersector32k-work/indexes/phaseC_cycle03_no_retrain_after_insert_41c931410b_super32k_v3,ok,98030,1,0,/mnt/nvme1n1/PipeANN-github/experiments/v100_pq_drift_1m_baseline_20260601T043217Z/indexes/phaseC_cycle03_no_retrain_after_insert,/mnt/nvme1n1/PipeANN-supersector32k-work/indexes/phaseC_cycle03_no_retrain_after_insert_41c931410b_super32k_v3,no_retrain_across_cycles,6.397592
prefilter,202.918362,u1e-03,1000.0,75,20-27,8,True,phaseC_cycle03_no_retrain_across_cycles,,0.203043,0,0,1,,10000,0,16,supersector32k,page_aware_slots,3,1000000,285780,98030,1000.0,0.0,0.0,0.0,0.0,113.991,1000.0,0.0,113.991,200.111,466907.136,51.629,98030,measure-dynamic-search,200.378,0.0,0.0,222.411,119.0,1000.0,0.0,119.0,219.0,487424.0,249.691,4096,measure-dynamic-search,4096,1000000,16,1000,285780,4925.07651,1316,285780,/mnt/nvme1n1/PipeANN-github/build_reviewed_20260602_querycache/tests/dynamic_update_suite_driver --mode measure-dynamic-search --source-prefix /mnt/nvme1n1/PipeANN-supersector32k-work/indexes/phaseC_cycle03_no_retrain_after_insert_41c931410b_super32k_v3 --jsonl-output /mnt/nvme1n1/PipeANN-github/experiments/v100_querycache_optimized_full_replay_v5_20260601T221943Z/tmp/selected_0110.jsonl --insert-threads 16 --search-threads 1 --merge-threads 16 --build-l 220 --build-r 116 --beamwidth 4 --k 10 --cpu-cap 8 --metric l2 --route prefilter --search-l 75 --data-bin experiments/v100_pq_drift_1m_baseline_20260601T043217Z/data/phaseC_cycle03_live_data_by_tag.bin --base-label-file experiments/v100_pq_drift_1m_baseline_20260601T043217Z/labels/base_labels_1000000.spmat --query-bin /mnt/nvme1n1/PipeANN-github/experiments/r116_suite_pq16_aris_20260520_072453/data/sift_query_1000.bin --truthset-bin experiments/v100_pq_drift_1m_baseline_20260601T043217Z/truth/phaseC_cycle03_range_u1e-03.bin --query-label-file /mnt/nvme1n1/PipeANN-github/experiments/r116_suite_pq16_aris_20260520_072453/labels/query_1000_range_u1e-03.spmat --selector-type range --query-limit 1000,99.9,2.4569454193115234,taskset -c 20-27 /mnt/nvme1n1/PipeANN-github/build_reviewed_20260602_querycache/tests/dynamic_update_suite_driver --mode measure-dynamic-search --source-prefix /mnt/nvme1n1/PipeANN-supersector32k-work/indexes/phaseC_cycle03_no_retrain_after_insert_41c931410b_super32k_v3 --jsonl-output /mnt/nvme1n1/PipeANN-github/experiments/v100_querycache_optimized_full_replay_v5_20260601T221943Z/tmp/selected_0110.jsonl --insert-threads 16 --search-threads 1 --merge-threads 16 --build-l 220 --build-r 116 --beamwidth 4 --k 10 --cpu-cap 8 --metric l2 --route prefilter --search-l 75 --data-bin experiments/v100_pq_drift_1m_baseline_20260601T043217Z/data/phaseC_cycle03_live_data_by_tag.bin --base-label-file experiments/v100_pq_drift_1m_baseline_20260601T043217Z/labels/base_labels_1000000.spmat --query-bin /mnt/nvme1n1/PipeANN-github/experiments/r116_suite_pq16_aris_20260520_072453/data/sift_query_1000.bin --truthset-bin experiments/v100_pq_drift_1m_baseline_20260601T043217Z/truth/phaseC_cycle03_range_u1e-03.bin --query-label-file /mnt/nvme1n1/PipeANN-github/experiments/r116_suite_pq16_aris_20260520_072453/labels/query_1000_range_u1e-03.spmat --selector-type range --query-limit 1000,prefilter,110,285780,284464,75,post_hoc_retuned_fastest_feasible_recall_ge_98,range,/mnt/nvme1n1/PipeANN-supersector32k-work/indexes/phaseC_cycle03_no_retrain_after_insert_41c931410b_super32k_v3,ok,98030,1,0,/mnt/nvme1n1/PipeANN-github/experiments/v100_pq_drift_1m_baseline_20260601T043217Z/indexes/phaseC_cycle03_no_retrain_after_insert,/mnt/nvme1n1/PipeANN-supersector32k-work/indexes/phaseC_cycle03_no_retrain_after_insert_41c931410b_super32k_v3,no_retrain_across_cycles,0.203043
prefilter,301.937916,u3e-03,3000.0,75,20-27,8,True,phaseC_cycle03_no_retrain_across_cycles,,0.302166,0,0,1,,10000,0,16,supersector32k,page_aware_slots,3,1000000,285660,98030,3000.0,0.0,0.0,0.0,0.0,112.338,3000.0,0.0,112.338,298.745,460136.448,88.134,98030,measure-dynamic-search,297.337,0.0,0.0,328.774,118.0,3000.0,0.0,118.0,326.0,483328.0,369.367,4096,measure-dynamic-search,4096,1000000,16,1000,285660,3309.438635,1188,285660,/mnt/nvme1n1/PipeANN-github/build_reviewed_20260602_querycache/tests/dynamic_update_suite_driver --mode measure-dynamic-search --source-prefix /mnt/nvme1n1/PipeANN-supersector32k-work/indexes/phaseC_cycle03_no_retrain_after_insert_41c931410b_super32k_v3 --jsonl-output /mnt/nvme1n1/PipeANN-github/experiments/v100_querycache_optimized_full_replay_v5_20260601T221943Z/tmp/selected_0111.jsonl --insert-threads 16 --search-threads 1 --merge-threads 16 --build-l 220 --build-r 116 --beamwidth 4 --k 10 --cpu-cap 8 --metric l2 --route prefilter --search-l 75 --data-bin experiments/v100_pq_drift_1m_baseline_20260601T043217Z/data/phaseC_cycle03_live_data_by_tag.bin --base-label-file experiments/v100_pq_drift_1m_baseline_20260601T043217Z/labels/base_labels_1000000.spmat --query-bin /mnt/nvme1n1/PipeANN-github/experiments/r116_suite_pq16_aris_20260520_072453/data/sift_query_1000.bin --truthset-bin experiments/v100_pq_drift_1m_baseline_20260601T043217Z/truth/phaseC_cycle03_range_u3e-03.bin --query-label-file /mnt/nvme1n1/PipeANN-github/experiments/r116_suite_pq16_aris_20260520_072453/labels/query_1000_range_u3e-03.spmat --selector-type range --query-limit 1000,99.64,2.3453149795532227,taskset -c 20-27 /mnt/nvme1n1/PipeANN-github/build_reviewed_20260602_querycache/tests/dynamic_update_suite_driver --mode measure-dynamic-search --source-prefix /mnt/nvme1n1/PipeANN-supersector32k-work/indexes/phaseC_cycle03_no_retrain_after_insert_41c931410b_super32k_v3 --jsonl-output /mnt/nvme1n1/PipeANN-github/experiments/v100_querycache_optimized_full_replay_v5_20260601T221943Z/tmp/selected_0111.jsonl --insert-threads 16 --search-threads 1 --merge-threads 16 --build-l 220 --build-r 116 --beamwidth 4 --k 10 --cpu-cap 8 --metric l2 --route prefilter --search-l 75 --data-bin experiments/v100_pq_drift_1m_baseline_20260601T043217Z/data/phaseC_cycle03_live_data_by_tag.bin --base-label-file experiments/v100_pq_drift_1m_baseline_20260601T043217Z/labels/base_labels_1000000.spmat --query-bin /mnt/nvme1n1/PipeANN-github/experiments/r116_suite_pq16_aris_20260520_072453/data/sift_query_1000.bin --truthset-bin experiments/v100_pq_drift_1m_baseline_20260601T043217Z/truth/phaseC_cycle03_range_u3e-03.bin --query-label-file /mnt/nvme1n1/PipeANN-github/experiments/r116_suite_pq16_aris_20260520_072453/labels/query_1000_range_u3e-03.spmat --selector-type range --query-limit 1000,prefilter,111,285660,284472,75,post_hoc_retuned_fastest_feasible_recall_ge_98,range,/mnt/nvme1n1/PipeANN-supersector32k-work/indexes/phaseC_cycle03_no_retrain_after_insert_41c931410b_super32k_v3,ok,98030,1,0,/mnt/nvme1n1/PipeANN-github/experiments/v100_pq_drift_1m_baseline_20260601T043217Z/indexes/phaseC_cycle03_no_retrain_after_insert,/mnt/nvme1n1/PipeANN-supersector32k-work/indexes/phaseC_cycle03_no_retrain_after_insert_41c931410b_super32k_v3,no_retrain_across_cycles,0.302166
prefilter,585.833456,u1e-02,10000.0,75,20-27,8,True,phaseC_cycle03_no_retrain_across_cycles,,0.586053,0,0,1,,10000,0,16,supersector32k,page_aware_slots,3,1000000,287440,98030,10000.0,0.0,0.0,0.0,0.0,147.549,10000.0,0.0,147.549,582.429,604360.704,173.584,98030,measure-dynamic-search,580.256,0.0,0.0,640.814,155.0,10000.0,0.0,155.0,638.0,634880.0,680.425,4096,measure-dynamic-search,4096,1000000,16,1000,287440,1706.330961,984,287440,/mnt/nvme1n1/PipeANN-github/build_reviewed_20260602_querycache/tests/dynamic_update_suite_driver --mode measure-dynamic-search --source-prefix /mnt/nvme1n1/PipeANN-supersector32k-work/indexes/phaseC_cycle03_no_retrain_after_insert_41c931410b_super32k_v3 --jsonl-output /mnt/nvme1n1/PipeANN-github/experiments/v100_querycache_optimized_full_replay_v5_20260601T221943Z/tmp/selected_0112.jsonl --insert-threads 16 --search-threads 1 --merge-threads 16 --build-l 220 --build-r 116 --beamwidth 4 --k 10 --cpu-cap 8 --metric l2 --route prefilter --search-l 75 --data-bin experiments/v100_pq_drift_1m_baseline_20260601T043217Z/data/phaseC_cycle03_live_data_by_tag.bin --base-label-file experiments/v100_pq_drift_1m_baseline_20260601T043217Z/labels/base_labels_1000000.spmat --query-bin /mnt/nvme1n1/PipeANN-github/experiments/r116_suite_pq16_aris_20260520_072453/data/sift_query_1000.bin --truthset-bin experiments/v100_pq_drift_1m_baseline_20260601T043217Z/truth/phaseC_cycle03_range_u1e-02.bin --query-label-file /mnt/nvme1n1/PipeANN-github/experiments/r116_suite_pq16_aris_20260520_072453/labels/query_1000_range_u1e-02.spmat --selector-type range --query-limit 1000,99.56,2.6622703075408936,taskset -c 20-27 /mnt/nvme1n1/PipeANN-github/build_reviewed_20260602_querycache/tests/dynamic_update_suite_driver --mode measure-dynamic-search --source-prefix /mnt/nvme1n1/PipeANN-supersector32k-work/indexes/phaseC_cycle03_no_retrain_after_insert_41c931410b_super32k_v3 --jsonl-output /mnt/nvme1n1/PipeANN-github/experiments/v100_querycache_optimized_full_replay_v5_20260601T221943Z/tmp/selected_0112.jsonl --insert-threads 16 --search-threads 1 --merge-threads 16 --build-l 220 --build-r 116 --beamwidth 4 --k 10 --cpu-cap 8 --metric l2 --route prefilter --search-l 75 --data-bin experiments/v100_pq_drift_1m_baseline_20260601T043217Z/data/phaseC_cycle03_live_data_by_tag.bin --base-label-file experiments/v100_pq_drift_1m_baseline_20260601T043217Z/labels/base_labels_1000000.spmat --query-bin /mnt/nvme1n1/PipeANN-github/experiments/r116_suite_pq16_aris_20260520_072453/data/sift_query_1000.bin --truthset-bin experiments/v100_pq_drift_1m_baseline_20260601T043217Z/truth/phaseC_cycle03_range_u1e-02.bin --query-label-file /mnt/nvme1n1/PipeANN-github/experiments/r116_suite_pq16_aris_20260520_072453/labels/query_1000_range_u1e-02.spmat --selector-type range --query-limit 1000,prefilter,112,287440,286456,75,post_hoc_retuned_fastest_feasible_recall_ge_98,range,/mnt/nvme1n1/PipeANN-supersector32k-work/indexes/phaseC_cycle03_no_retrain_after_insert_41c931410b_super32k_v3,ok,98030,1,0,/mnt/nvme1n1/PipeANN-github/experiments/v100_pq_drift_1m_baseline_20260601T043217Z/indexes/phaseC_cycle03_no_retrain_after_insert,/mnt/nvme1n1/PipeANN-supersector32k-work/indexes/phaseC_cycle03_no_retrain_after_insert_41c931410b_super32k_v3,no_retrain_across_cycles,0.586053
prefilter,1505.238996,u5e-02,50000.0,150,20-27,8,True,phaseC_cycle03_no_retrain_across_cycles,,1.505503,0,0,1,,10000,0,16,supersector32k,page_aware_slots,3,1000000,285700,98030,50000.0,0.0,0.0,0.0,0.0,183.215,50000.0,0.0,183.215,1501.662,750448.64,278.909,98030,measure-dynamic-search,1494.299,0.0,0.0,1607.011,191.0,50000.0,0.0,191.0,1604.0,782336.0,1669.627,4096,measure-dynamic-search,4096,1000000,16,1000,285700,664.229701,1192,285700,/mnt/nvme1n1/PipeANN-github/build_reviewed_20260602_querycache/tests/dynamic_update_suite_driver --mode measure-dynamic-search --source-prefix /mnt/nvme1n1/PipeANN-supersector32k-work/indexes/phaseC_cycle03_no_retrain_after_insert_41c931410b_super32k_v3 --jsonl-output /mnt/nvme1n1/PipeANN-github/experiments/v100_querycache_optimized_full_replay_v5_20260601T221943Z/tmp/selected_0113.jsonl --insert-threads 16 --search-threads 1 --merge-threads 16 --build-l 220 --build-r 116 --beamwidth 4 --k 10 --cpu-cap 8 --metric l2 --route prefilter --search-l 150 --data-bin experiments/v100_pq_drift_1m_baseline_20260601T043217Z/data/phaseC_cycle03_live_data_by_tag.bin --base-label-file experiments/v100_pq_drift_1m_baseline_20260601T043217Z/labels/base_labels_1000000.spmat --query-bin /mnt/nvme1n1/PipeANN-github/experiments/r116_suite_pq16_aris_20260520_072453/data/sift_query_1000.bin --truthset-bin experiments/v100_pq_drift_1m_baseline_20260601T043217Z/truth/phaseC_cycle03_range_u5e-02.bin --query-label-file /mnt/nvme1n1/PipeANN-github/experiments/r116_suite_pq16_aris_20260520_072453/labels/query_1000_range_u5e-02.spmat --selector-type range --query-limit 1000,99.1,3.61259388923645,taskset -c 20-27 /mnt/nvme1n1/PipeANN-github/build_reviewed_20260602_querycache/tests/dynamic_update_suite_driver --mode measure-dynamic-search --source-prefix /mnt/nvme1n1/PipeANN-supersector32k-work/indexes/phaseC_cycle03_no_retrain_after_insert_41c931410b_super32k_v3 --jsonl-output /mnt/nvme1n1/PipeANN-github/experiments/v100_querycache_optimized_full_replay_v5_20260601T221943Z/tmp/selected_0113.jsonl --insert-threads 16 --search-threads 1 --merge-threads 16 --build-l 220 --build-r 116 --beamwidth 4 --k 10 --cpu-cap 8 --metric l2 --route prefilter --search-l 150 --data-bin experiments/v100_pq_drift_1m_baseline_20260601T043217Z/data/phaseC_cycle03_live_data_by_tag.bin --base-label-file experiments/v100_pq_drift_1m_baseline_20260601T043217Z/labels/base_labels_1000000.spmat --query-bin /mnt/nvme1n1/PipeANN-github/experiments/r116_suite_pq16_aris_20260520_072453/data/sift_query_1000.bin --truthset-bin experiments/v100_pq_drift_1m_baseline_20260601T043217Z/truth/phaseC_cycle03_range_u5e-02.bin --query-label-file /mnt/nvme1n1/PipeANN-github/experiments/r116_suite_pq16_aris_20260520_072453/labels/query_1000_range_u5e-02.spmat --selector-type range --query-limit 1000,prefilter,113,285700,284508,150,post_hoc_retuned_fastest_feasible_recall_ge_98,range,/mnt/nvme1n1/PipeANN-supersector32k-work/indexes/phaseC_cycle03_no_retrain_after_insert_41c931410b_super32k_v3,ok,98030,1,0,/mnt/nvme1n1/PipeANN-github/experiments/v100_pq_drift_1m_baseline_20260601T043217Z/indexes/phaseC_cycle03_no_retrain_after_insert,/mnt/nvme1n1/PipeANN-supersector32k-work/indexes/phaseC_cycle03_no_retrain_after_insert_41c931410b_super32k_v3,no_retrain_across_cycles,1.505503
prefilter,2209.481053,u1e-01,100000.0,75,20-27,8,True,phaseC_cycle03_no_retrain_across_cycles,,2.209773,0,0,1,,10000,0,16,supersector32k,page_aware_slots,3,1000000,287840,98030,100000.0,0.0,0.0,0.0,0.0,183.764,100000.0,0.0,183.764,2205.679,752697.344,317.099,98030,measure-dynamic-search,2198.494,0.0,0.0,2264.143,191.0,100000.0,0.0,191.0,2260.0,782336.0,2458.928,4096,measure-dynamic-search,4096,1000000,16,1000,287840,452.535179,1320,287840,/mnt/nvme1n1/PipeANN-github/build_reviewed_20260602_querycache/tests/dynamic_update_suite_driver --mode measure-dynamic-search --source-prefix /mnt/nvme1n1/PipeANN-supersector32k-work/indexes/phaseC_cycle03_no_retrain_after_insert_41c931410b_super32k_v3 --jsonl-output /mnt/nvme1n1/PipeANN-github/experiments/v100_querycache_optimized_full_replay_v5_20260601T221943Z/tmp/selected_0114.jsonl --insert-threads 16 --search-threads 1 --merge-threads 16 --build-l 220 --build-r 116 --beamwidth 4 --k 10 --cpu-cap 8 --metric l2 --route prefilter --search-l 75 --data-bin experiments/v100_pq_drift_1m_baseline_20260601T043217Z/data/phaseC_cycle03_live_data_by_tag.bin --base-label-file experiments/v100_pq_drift_1m_baseline_20260601T043217Z/labels/base_labels_1000000.spmat --query-bin /mnt/nvme1n1/PipeANN-github/experiments/r116_suite_pq16_aris_20260520_072453/data/sift_query_1000.bin --truthset-bin experiments/v100_pq_drift_1m_baseline_20260601T043217Z/truth/phaseC_cycle03_range_u1e-01.bin --query-label-file /mnt/nvme1n1/PipeANN-github/experiments/r116_suite_pq16_aris_20260520_072453/labels/query_1000_range_u1e-01.spmat --selector-type range --query-limit 1000,98.65,4.396001815795898,taskset -c 20-27 /mnt/nvme1n1/PipeANN-github/build_reviewed_20260602_querycache/tests/dynamic_update_suite_driver --mode measure-dynamic-search --source-prefix /mnt/nvme1n1/PipeANN-supersector32k-work/indexes/phaseC_cycle03_no_retrain_after_insert_41c931410b_super32k_v3 --jsonl-output /mnt/nvme1n1/PipeANN-github/experiments/v100_querycache_optimized_full_replay_v5_20260601T221943Z/tmp/selected_0114.jsonl --insert-threads 16 --search-threads 1 --merge-threads 16 --build-l 220 --build-r 116 --beamwidth 4 --k 10 --cpu-cap 8 --metric l2 --route prefilter --search-l 75 --data-bin experiments/v100_pq_drift_1m_baseline_20260601T043217Z/data/phaseC_cycle03_live_data_by_tag.bin --base-label-file experiments/v100_pq_drift_1m_baseline_20260601T043217Z/labels/base_labels_1000000.spmat --query-bin /mnt/nvme1n1/PipeANN-github/experiments/r116_suite_pq16_aris_20260520_072453/data/sift_query_1000.bin --truthset-bin experiments/v100_pq_drift_1m_baseline_20260601T043217Z/truth/phaseC_cycle03_range_u1e-01.bin --query-label-file /mnt/nvme1n1/PipeANN-github/experiments/r116_suite_pq16_aris_20260520_072453/labels/query_1000_range_u1e-01.spmat --selector-type range --query-limit 1000,prefilter,114,287840,286520,75,post_hoc_retuned_fastest_feasible_recall_ge_98,range,/mnt/nvme1n1/PipeANN-supersector32k-work/indexes/phaseC_cycle03_no_retrain_after_insert_41c931410b_super32k_v3,ok,98030,1,0,/mnt/nvme1n1/PipeANN-github/experiments/v100_pq_drift_1m_baseline_20260601T043217Z/indexes/phaseC_cycle03_no_retrain_after_insert,/mnt/nvme1n1/PipeANN-supersector32k-work/indexes/phaseC_cycle03_no_retrain_after_insert_41c931410b_super32k_v3,no_retrain_across_cycles,2.209773
prefilter,4797.948394,u25,250000.0,400,20-27,8,True,phaseC_cycle03_no_retrain_across_cycles,,4.798362,0,0,1,,10000,0,16,supersector32k,page_aware_slots,3,1000000,285680,98030,250000.0,0.0,0.0,0.0,0.0,459.51,250000.0,0.0,459.51,4792.817,1882152.96,459.145,98030,measure-dynamic-search,4757.235,0.0,0.0,5075.495,470.0,250000.0,0.0,470.0,5071.0,1925120.0,5430.744,4096,measure-dynamic-search,4096,1000000,16,1000,285680,208.404464,1316,285680,/mnt/nvme1n1/PipeANN-github/build_reviewed_20260602_querycache/tests/dynamic_update_suite_driver --mode measure-dynamic-search --source-prefix /mnt/nvme1n1/PipeANN-supersector32k-work/indexes/phaseC_cycle03_no_retrain_after_insert_41c931410b_super32k_v3 --jsonl-output /mnt/nvme1n1/PipeANN-github/experiments/v100_querycache_optimized_full_replay_v5_20260601T221943Z/tmp/selected_0115.jsonl --insert-threads 16 --search-threads 1 --merge-threads 16 --build-l 220 --build-r 116 --beamwidth 4 --k 10 --cpu-cap 8 --metric l2 --route prefilter --search-l 400 --data-bin experiments/v100_pq_drift_1m_baseline_20260601T043217Z/data/phaseC_cycle03_live_data_by_tag.bin --base-label-file experiments/v100_pq_drift_1m_baseline_20260601T043217Z/labels/base_labels_1000000.spmat --query-bin /mnt/nvme1n1/PipeANN-github/experiments/r116_suite_pq16_aris_20260520_072453/data/sift_query_1000.bin --truthset-bin experiments/v100_pq_drift_1m_baseline_20260601T043217Z/truth/phaseC_cycle03_range_u25.bin --query-label-file /mnt/nvme1n1/PipeANN-github/experiments/r116_suite_pq16_aris_20260520_072453/labels/query_1000_range_u25.spmat --selector-type range --query-limit 1000,98.61,6.939759254455566,taskset -c 20-27 /mnt/nvme1n1/PipeANN-github/build_reviewed_20260602_querycache/tests/dynamic_update_suite_driver --mode measure-dynamic-search --source-prefix /mnt/nvme1n1/PipeANN-supersector32k-work/indexes/phaseC_cycle03_no_retrain_after_insert_41c931410b_super32k_v3 --jsonl-output /mnt/nvme1n1/PipeANN-github/experiments/v100_querycache_optimized_full_replay_v5_20260601T221943Z/tmp/selected_0115.jsonl --insert-threads 16 --search-threads 1 --merge-threads 16 --build-l 220 --build-r 116 --beamwidth 4 --k 10 --cpu-cap 8 --metric l2 --route prefilter --search-l 400 --data-bin experiments/v100_pq_drift_1m_baseline_20260601T043217Z/data/phaseC_cycle03_live_data_by_tag.bin --base-label-file experiments/v100_pq_drift_1m_baseline_20260601T043217Z/labels/base_labels_1000000.spmat --query-bin /mnt/nvme1n1/PipeANN-github/experiments/r116_suite_pq16_aris_20260520_072453/data/sift_query_1000.bin --truthset-bin experiments/v100_pq_drift_1m_baseline_20260601T043217Z/truth/phaseC_cycle03_range_u25.bin --query-label-file /mnt/nvme1n1/PipeANN-github/experiments/r116_suite_pq16_aris_20260520_072453/labels/query_1000_range_u25.spmat --selector-type range --query-limit 1000,prefilter,115,285680,284364,400,post_hoc_retuned_fastest_feasible_recall_ge_98,range,/mnt/nvme1n1/PipeANN-supersector32k-work/indexes/phaseC_cycle03_no_retrain_after_insert_41c931410b_super32k_v3,ok,98030,1,0,/mnt/nvme1n1/PipeANN-github/experiments/v100_pq_drift_1m_baseline_20260601T043217Z/indexes/phaseC_cycle03_no_retrain_after_insert,/mnt/nvme1n1/PipeANN-supersector32k-work/indexes/phaseC_cycle03_no_retrain_after_insert_41c931410b_super32k_v3,no_retrain_across_cycles,4.798362
prefilter,5333.550099,u30,300000.0,400,20-27,8,True,phaseC_cycle03_no_retrain_across_cycles,,5.333977,0,0,1,,10000,0,16,supersector32k,page_aware_slots,3,1000000,285576,98030,300000.0,0.0,0.0,0.0,0.0,460.441,300000.0,0.0,460.441,5328.814,1885966.336,488.158,98030,measure-dynamic-search,5307.603,0.0,0.0,5495.671,471.0,300000.0,0.0,471.0,5491.0,1929216.0,5844.682,4096,measure-dynamic-search,4096,1000000,16,1000,285576,187.477365,1252,285576,/mnt/nvme1n1/PipeANN-github/build_reviewed_20260602_querycache/tests/dynamic_update_suite_driver --mode measure-dynamic-search --source-prefix /mnt/nvme1n1/PipeANN-supersector32k-work/indexes/phaseC_cycle03_no_retrain_after_insert_41c931410b_super32k_v3 --jsonl-output /mnt/nvme1n1/PipeANN-github/experiments/v100_querycache_optimized_full_replay_v5_20260601T221943Z/tmp/selected_0116.jsonl --insert-threads 16 --search-threads 1 --merge-threads 16 --build-l 220 --build-r 116 --beamwidth 4 --k 10 --cpu-cap 8 --metric l2 --route prefilter --search-l 400 --data-bin experiments/v100_pq_drift_1m_baseline_20260601T043217Z/data/phaseC_cycle03_live_data_by_tag.bin --base-label-file experiments/v100_pq_drift_1m_baseline_20260601T043217Z/labels/base_labels_1000000.spmat --query-bin /mnt/nvme1n1/PipeANN-github/experiments/r116_suite_pq16_aris_20260520_072453/data/sift_query_1000.bin --truthset-bin experiments/v100_pq_drift_1m_baseline_20260601T043217Z/truth/phaseC_cycle03_range_u30.bin --query-label-file /mnt/nvme1n1/PipeANN-github/experiments/r116_suite_pq16_aris_20260520_072453/labels/query_1000_range_u30.spmat --selector-type range --query-limit 1000,98.69,7.512811899185181,taskset -c 20-27 /mnt/nvme1n1/PipeANN-github/build_reviewed_20260602_querycache/tests/dynamic_update_suite_driver --mode measure-dynamic-search --source-prefix /mnt/nvme1n1/PipeANN-supersector32k-work/indexes/phaseC_cycle03_no_retrain_after_insert_41c931410b_super32k_v3 --jsonl-output /mnt/nvme1n1/PipeANN-github/experiments/v100_querycache_optimized_full_replay_v5_20260601T221943Z/tmp/selected_0116.jsonl --insert-threads 16 --search-threads 1 --merge-threads 16 --build-l 220 --build-r 116 --beamwidth 4 --k 10 --cpu-cap 8 --metric l2 --route prefilter --search-l 400 --data-bin experiments/v100_pq_drift_1m_baseline_20260601T043217Z/data/phaseC_cycle03_live_data_by_tag.bin --base-label-file experiments/v100_pq_drift_1m_baseline_20260601T043217Z/labels/base_labels_1000000.spmat --query-bin /mnt/nvme1n1/PipeANN-github/experiments/r116_suite_pq16_aris_20260520_072453/data/sift_query_1000.bin --truthset-bin experiments/v100_pq_drift_1m_baseline_20260601T043217Z/truth/phaseC_cycle03_range_u30.bin --query-label-file /mnt/nvme1n1/PipeANN-github/experiments/r116_suite_pq16_aris_20260520_072453/labels/query_1000_range_u30.spmat --selector-type range --query-limit 1000,prefilter,116,285576,284324,400,post_hoc_retuned_fastest_feasible_recall_ge_98,range,/mnt/nvme1n1/PipeANN-supersector32k-work/indexes/phaseC_cycle03_no_retrain_after_insert_41c931410b_super32k_v3,ok,98030,1,0,/mnt/nvme1n1/PipeANN-github/experiments/v100_pq_drift_1m_baseline_20260601T043217Z/indexes/phaseC_cycle03_no_retrain_after_insert,/mnt/nvme1n1/PipeANN-supersector32k-work/indexes/phaseC_cycle03_no_retrain_after_insert_41c931410b_super32k_v3,no_retrain_across_cycles,5.333977
prefilter,7892.863518,u50,500000.0,400,20-27,8,True,phaseC_cycle03_no_retrain_across_cycles,,7.893363,0,0,1,,10000,0,16,supersector32k,page_aware_slots,3,1000000,285672,98030,500000.0,0.0,0.0,0.0,0.0,459.811,500000.0,0.0,459.811,7886.502,1883385.856,671.734,98030,measure-dynamic-search,7849.429,0.0,0.0,8179.11,472.0,500000.0,0.0,472.0,8173.0,1933312.0,8711.123,4096,measure-dynamic-search,4096,1000000,16,1000,285672,126.688715,1276,285604,/mnt/nvme1n1/PipeANN-github/build_reviewed_20260602_querycache/tests/dynamic_update_suite_driver --mode measure-dynamic-search --source-prefix /mnt/nvme1n1/PipeANN-supersector32k-work/indexes/phaseC_cycle03_no_retrain_after_insert_41c931410b_super32k_v3 --jsonl-output /mnt/nvme1n1/PipeANN-github/experiments/v100_querycache_optimized_full_replay_v5_20260601T221943Z/tmp/selected_0117.jsonl --insert-threads 16 --search-threads 1 --merge-threads 16 --build-l 220 --build-r 116 --beamwidth 4 --k 10 --cpu-cap 8 --metric l2 --route prefilter --search-l 400 --data-bin experiments/v100_pq_drift_1m_baseline_20260601T043217Z/data/phaseC_cycle03_live_data_by_tag.bin --base-label-file experiments/v100_pq_drift_1m_baseline_20260601T043217Z/labels/base_labels_1000000.spmat --query-bin /mnt/nvme1n1/PipeANN-github/experiments/r116_suite_pq16_aris_20260520_072453/data/sift_query_1000.bin --truthset-bin experiments/v100_pq_drift_1m_baseline_20260601T043217Z/truth/phaseC_cycle03_range_u50.bin --query-label-file /mnt/nvme1n1/PipeANN-github/experiments/r116_suite_pq16_aris_20260520_072453/labels/query_1000_range_u50.spmat --selector-type range --query-limit 1000,98.67,10.034595489501953,taskset -c 20-27 /mnt/nvme1n1/PipeANN-github/build_reviewed_20260602_querycache/tests/dynamic_update_suite_driver --mode measure-dynamic-search --source-prefix /mnt/nvme1n1/PipeANN-supersector32k-work/indexes/phaseC_cycle03_no_retrain_after_insert_41c931410b_super32k_v3 --jsonl-output /mnt/nvme1n1/PipeANN-github/experiments/v100_querycache_optimized_full_replay_v5_20260601T221943Z/tmp/selected_0117.jsonl --insert-threads 16 --search-threads 1 --merge-threads 16 --build-l 220 --build-r 116 --beamwidth 4 --k 10 --cpu-cap 8 --metric l2 --route prefilter --search-l 400 --data-bin experiments/v100_pq_drift_1m_baseline_20260601T043217Z/data/phaseC_cycle03_live_data_by_tag.bin --base-label-file experiments/v100_pq_drift_1m_baseline_20260601T043217Z/labels/base_labels_1000000.spmat --query-bin /mnt/nvme1n1/PipeANN-github/experiments/r116_suite_pq16_aris_20260520_072453/data/sift_query_1000.bin --truthset-bin experiments/v100_pq_drift_1m_baseline_20260601T043217Z/truth/phaseC_cycle03_range_u50.bin --query-label-file /mnt/nvme1n1/PipeANN-github/experiments/r116_suite_pq16_aris_20260520_072453/labels/query_1000_range_u50.spmat --selector-type range --query-limit 1000,prefilter,117,285560,284328,400,post_hoc_retuned_fastest_feasible_recall_ge_98,range,/mnt/nvme1n1/PipeANN-supersector32k-work/indexes/phaseC_cycle03_no_retrain_after_insert_41c931410b_super32k_v3,ok,98030,1,0,/mnt/nvme1n1/PipeANN-github/experiments/v100_pq_drift_1m_baseline_20260601T043217Z/indexes/phaseC_cycle03_no_retrain_after_insert,/mnt/nvme1n1/PipeANN-supersector32k-work/indexes/phaseC_cycle03_no_retrain_after_insert_41c931410b_super32k_v3,no_retrain_across_cycles,7.893363
mixed,7710.350607,u75,750000.0,500,20-27,8,True,phaseC_cycle03_no_retrain_across_cycles,,7.710633,0,1000,1,,10000,0,16,supersector32k,page_aware_slots,3,1000000,303344,98030,750000.0,21731.056,0.0,7232.672,0.0,587.505,21731.056,0.0,587.505,7369.205,2406420.48,68.897,98030,measure-dynamic-search,7055.212,28728.0,0.0,7546.124,606.0,28728.0,0.0,606.0,7196.0,2482176.0,11509.983,4096,measure-dynamic-search,4096,1000000,16,0,303344,129.691046,18880,303344,/mnt/nvme1n1/PipeANN-github/build_reviewed_20260602_querycache/tests/dynamic_update_suite_driver --mode measure-dynamic-search --source-prefix /mnt/nvme1n1/PipeANN-supersector32k-work/indexes/phaseC_cycle03_no_retrain_after_insert_41c931410b_super32k_v3 --jsonl-output /mnt/nvme1n1/PipeANN-github/experiments/v100_querycache_optimized_full_replay_v5_20260601T221943Z/tmp/selected_0118.jsonl --insert-threads 16 --search-threads 1 --merge-threads 16 --build-l 220 --build-r 116 --beamwidth 8 --k 10 --cpu-cap 8 --metric l2 --route graph --search-l 500 --data-bin experiments/v100_pq_drift_1m_baseline_20260601T043217Z/data/phaseC_cycle03_live_data_by_tag.bin --base-label-file experiments/v100_pq_drift_1m_baseline_20260601T043217Z/labels/base_labels_1000000.spmat --query-bin /mnt/nvme1n1/PipeANN-github/experiments/r116_suite_pq16_aris_20260520_072453/data/sift_query_1000.bin --truthset-bin experiments/v100_pq_drift_1m_baseline_20260601T043217Z/truth/phaseC_cycle03_range_u75.bin --query-label-file /mnt/nvme1n1/PipeANN-github/experiments/r116_suite_pq16_aris_20260520_072453/labels/query_1000_range_u75.spmat --selector-type range --query-limit 1000,98.21,9.877527713775635,taskset -c 20-27 /mnt/nvme1n1/PipeANN-github/build_reviewed_20260602_querycache/tests/dynamic_update_suite_driver --mode measure-dynamic-search --source-prefix /mnt/nvme1n1/PipeANN-supersector32k-work/indexes/phaseC_cycle03_no_retrain_after_insert_41c931410b_super32k_v3 --jsonl-output /mnt/nvme1n1/PipeANN-github/experiments/v100_querycache_optimized_full_replay_v5_20260601T221943Z/tmp/selected_0118.jsonl --insert-threads 16 --search-threads 1 --merge-threads 16 --build-l 220 --build-r 116 --beamwidth 8 --k 10 --cpu-cap 8 --metric l2 --route graph --search-l 500 --data-bin experiments/v100_pq_drift_1m_baseline_20260601T043217Z/data/phaseC_cycle03_live_data_by_tag.bin --base-label-file experiments/v100_pq_drift_1m_baseline_20260601T043217Z/labels/base_labels_1000000.spmat --query-bin /mnt/nvme1n1/PipeANN-github/experiments/r116_suite_pq16_aris_20260520_072453/data/sift_query_1000.bin --truthset-bin experiments/v100_pq_drift_1m_baseline_20260601T043217Z/truth/phaseC_cycle03_range_u75.bin --query-label-file /mnt/nvme1n1/PipeANN-github/experiments/r116_suite_pq16_aris_20260520_072453/labels/query_1000_range_u75.spmat --selector-type range --query-limit 1000,graph,118,303344,284464,500,querycache_recall_margin_l500_bw8_source_row_118,range,/mnt/nvme1n1/PipeANN-supersector32k-work/indexes/phaseC_cycle03_no_retrain_after_insert_41c931410b_super32k_v3,ok,98030,1,0,/mnt/nvme1n1/PipeANN-github/experiments/v100_pq_drift_1m_baseline_20260601T043217Z/indexes/phaseC_cycle03_no_retrain_after_insert,/mnt/nvme1n1/PipeANN-supersector32k-work/indexes/phaseC_cycle03_no_retrain_after_insert_41c931410b_super32k_v3,no_retrain_across_cycles,7.710633
mixed,6458.396178,u100,1000000.0,450,20-27,8,True,phaseC_cycle03_no_retrain_across_cycles,,6.458664,0,1000,1,,10000,0,16,supersector32k,page_aware_slots,3,1000000,303212,98030,1000000.0,20226.245,0.0,5983.295,0.0,531.105,20226.245,0.0,531.105,6131.979,2175406.08,74.74,98030,measure-dynamic-search,6414.957,26678.0,0.0,6858.219,550.0,26678.0,0.0,550.0,6525.0,2252800.0,7402.347,4096,measure-dynamic-search,4096,1000000,16,0,303212,154.830794,16836,303212,/mnt/nvme1n1/PipeANN-github/build_reviewed_20260602_querycache/tests/dynamic_update_suite_driver --mode measure-dynamic-search --source-prefix /mnt/nvme1n1/PipeANN-supersector32k-work/indexes/phaseC_cycle03_no_retrain_after_insert_41c931410b_super32k_v3 --jsonl-output /mnt/nvme1n1/PipeANN-github/experiments/v100_querycache_optimized_full_replay_v5_20260601T221943Z/tmp/selected_0119.jsonl --insert-threads 16 --search-threads 1 --merge-threads 16 --build-l 220 --build-r 116 --beamwidth 8 --k 10 --cpu-cap 8 --metric l2 --route graph --search-l 450 --data-bin experiments/v100_pq_drift_1m_baseline_20260601T043217Z/data/phaseC_cycle03_live_data_by_tag.bin --base-label-file experiments/v100_pq_drift_1m_baseline_20260601T043217Z/labels/base_labels_1000000.spmat --query-bin /mnt/nvme1n1/PipeANN-github/experiments/r116_suite_pq16_aris_20260520_072453/data/sift_query_1000.bin --truthset-bin experiments/v100_pq_drift_1m_baseline_20260601T043217Z/truth/phaseC_cycle03_range_u100.bin --query-label-file /mnt/nvme1n1/PipeANN-github/experiments/r116_suite_pq16_aris_20260520_072453/labels/query_1000_range_u100.spmat --selector-type range --query-limit 1000,98.24,8.635074853897095,taskset -c 20-27 /mnt/nvme1n1/PipeANN-github/build_reviewed_20260602_querycache/tests/dynamic_update_suite_driver --mode measure-dynamic-search --source-prefix /mnt/nvme1n1/PipeANN-supersector32k-work/indexes/phaseC_cycle03_no_retrain_after_insert_41c931410b_super32k_v3 --jsonl-output /mnt/nvme1n1/PipeANN-github/experiments/v100_querycache_optimized_full_replay_v5_20260601T221943Z/tmp/selected_0119.jsonl --insert-threads 16 --search-threads 1 --merge-threads 16 --build-l 220 --build-r 116 --beamwidth 8 --k 10 --cpu-cap 8 --metric l2 --route graph --search-l 450 --data-bin experiments/v100_pq_drift_1m_baseline_20260601T043217Z/data/phaseC_cycle03_live_data_by_tag.bin --base-label-file experiments/v100_pq_drift_1m_baseline_20260601T043217Z/labels/base_labels_1000000.spmat --query-bin /mnt/nvme1n1/PipeANN-github/experiments/r116_suite_pq16_aris_20260520_072453/data/sift_query_1000.bin --truthset-bin experiments/v100_pq_drift_1m_baseline_20260601T043217Z/truth/phaseC_cycle03_range_u100.bin --query-label-file /mnt/nvme1n1/PipeANN-github/experiments/r116_suite_pq16_aris_20260520_072453/labels/query_1000_range_u100.spmat --selector-type range --query-limit 1000,graph,119,303212,286376,450,querycache_plus_super32k_beamwidth_8_source_row_119,range,/mnt/nvme1n1/PipeANN-supersector32k-work/indexes/phaseC_cycle03_no_retrain_after_insert_41c931410b_super32k_v3,ok,98030,1,0,/mnt/nvme1n1/PipeANN-github/experiments/v100_pq_drift_1m_baseline_20260601T043217Z/indexes/phaseC_cycle03_no_retrain_after_insert,/mnt/nvme1n1/PipeANN-supersector32k-work/indexes/phaseC_cycle03_no_retrain_after_insert_41c931410b_super32k_v3,no_retrain_across_cycles,6.458664
prefilter,157.425053,u1e-03,1000.0,50,20-27,8,True,phaseC_cycle04_retrain_each_cycle,,0.157505,0,0,1,,10000,0,16,supersector32k,page_aware_slots,3,1000000,283584,116558,1000.0,0.0,0.0,0.0,0.0,110.079,1000.0,0.0,110.079,154.844,450883.584,33.487,116558,measure-dynamic-search,155.958,0.0,0.0,170.31,115.0,1000.0,0.0,115.0,168.0,471040.0,180.484,4096,measure-dynamic-search,4096,1000000,16,1000,283584,6349.014307,984,283584,/mnt/nvme1n1/PipeANN-github/build_reviewed_20260602_querycache/tests/dynamic_update_suite_driver --mode measure-dynamic-search --source-prefix /mnt/nvme1n1/PipeANN-supersector32k-work/indexes/phaseC_cycle04_retrain_each_cycle_6ccb5e6e76_super32k_v3 --jsonl-output /mnt/nvme1n1/PipeANN-github/experiments/v100_querycache_optimized_full_replay_v5_20260601T221943Z/tmp/selected_0120.jsonl --insert-threads 16 --search-threads 1 --merge-threads 16 --build-l 220 --build-r 116 --beamwidth 4 --k 10 --cpu-cap 8 --metric l2 --route prefilter --search-l 50 --data-bin experiments/v100_pq_drift_1m_baseline_20260601T043217Z/data/phaseC_cycle04_live_data_by_tag.bin --base-label-file experiments/v100_pq_drift_1m_baseline_20260601T043217Z/labels/base_labels_1000000.spmat --query-bin /mnt/nvme1n1/PipeANN-github/experiments/r116_suite_pq16_aris_20260520_072453/data/sift_query_1000.bin --truthset-bin experiments/v100_pq_drift_1m_baseline_20260601T043217Z/truth/phaseC_cycle04_intersect_u1e-03.bin --query-label-file /mnt/nvme1n1/PipeANN-github/experiments/r116_suite_pq16_aris_20260520_072453/labels/query_1000_u1e-03.spmat --selector-type intersect --query-limit 1000,99.98,1.7977898120880127,taskset -c 20-27 /mnt/nvme1n1/PipeANN-github/build_reviewed_20260602_querycache/tests/dynamic_update_suite_driver --mode measure-dynamic-search --source-prefix /mnt/nvme1n1/PipeANN-supersector32k-work/indexes/phaseC_cycle04_retrain_each_cycle_6ccb5e6e76_super32k_v3 --jsonl-output /mnt/nvme1n1/PipeANN-github/experiments/v100_querycache_optimized_full_replay_v5_20260601T221943Z/tmp/selected_0120.jsonl --insert-threads 16 --search-threads 1 --merge-threads 16 --build-l 220 --build-r 116 --beamwidth 4 --k 10 --cpu-cap 8 --metric l2 --route prefilter --search-l 50 --data-bin experiments/v100_pq_drift_1m_baseline_20260601T043217Z/data/phaseC_cycle04_live_data_by_tag.bin --base-label-file experiments/v100_pq_drift_1m_baseline_20260601T043217Z/labels/base_labels_1000000.spmat --query-bin /mnt/nvme1n1/PipeANN-github/experiments/r116_suite_pq16_aris_20260520_072453/data/sift_query_1000.bin --truthset-bin experiments/v100_pq_drift_1m_baseline_20260601T043217Z/truth/phaseC_cycle04_intersect_u1e-03.bin --query-label-file /mnt/nvme1n1/PipeANN-github/experiments/r116_suite_pq16_aris_20260520_072453/labels/query_1000_u1e-03.spmat --selector-type intersect --query-limit 1000,prefilter,120,283584,282600,50,post_hoc_retuned_fastest_feasible_recall_ge_98,intersect,/mnt/nvme1n1/PipeANN-supersector32k-work/indexes/phaseC_cycle04_retrain_each_cycle_6ccb5e6e76_super32k_v3,ok,116558,1,0,/mnt/nvme1n1/PipeANN-github/experiments/v100_pq_drift_1m_baseline_20260601T043217Z/indexes/phaseC_cycle04_retrain_each_cycle,/mnt/nvme1n1/PipeANN-supersector32k-work/indexes/phaseC_cycle04_retrain_each_cycle_6ccb5e6e76_super32k_v3,retrain_each_cycle,0.157505
prefilter,216.124431,u3e-03,3000.0,100,20-27,8,True,phaseC_cycle04_retrain_each_cycle,,0.216216,0,0,1,,10000,0,16,supersector32k,page_aware_slots,3,1000000,283804,116558,3000.0,0.0,0.0,0.0,0.0,114.989,3000.0,0.0,114.989,213.454,470994.944,36.803,116558,measure-dynamic-search,213.713,0.0,0.0,236.225,121.0,3000.0,0.0,121.0,233.0,495616.0,257.209,4096,measure-dynamic-search,4096,1000000,16,1000,283804,4625.01209,1112,283804,/mnt/nvme1n1/PipeANN-github/build_reviewed_20260602_querycache/tests/dynamic_update_suite_driver --mode measure-dynamic-search --source-prefix /mnt/nvme1n1/PipeANN-supersector32k-work/indexes/phaseC_cycle04_retrain_each_cycle_6ccb5e6e76_super32k_v3 --jsonl-output /mnt/nvme1n1/PipeANN-github/experiments/v100_querycache_optimized_full_replay_v5_20260601T221943Z/tmp/selected_0121.jsonl --insert-threads 16 --search-threads 1 --merge-threads 16 --build-l 220 --build-r 116 --beamwidth 4 --k 10 --cpu-cap 8 --metric l2 --route prefilter --search-l 100 --data-bin experiments/v100_pq_drift_1m_baseline_20260601T043217Z/data/phaseC_cycle04_live_data_by_tag.bin --base-label-file experiments/v100_pq_drift_1m_baseline_20260601T043217Z/labels/base_labels_1000000.spmat --query-bin /mnt/nvme1n1/PipeANN-github/experiments/r116_suite_pq16_aris_20260520_072453/data/sift_query_1000.bin --truthset-bin experiments/v100_pq_drift_1m_baseline_20260601T043217Z/truth/phaseC_cycle04_intersect_u3e-03.bin --query-label-file /mnt/nvme1n1/PipeANN-github/experiments/r116_suite_pq16_aris_20260520_072453/labels/query_1000_u3e-03.spmat --selector-type intersect --query-limit 1000,99.87,1.7424018383026123,taskset -c 20-27 /mnt/nvme1n1/PipeANN-github/build_reviewed_20260602_querycache/tests/dynamic_update_suite_driver --mode measure-dynamic-search --source-prefix /mnt/nvme1n1/PipeANN-supersector32k-work/indexes/phaseC_cycle04_retrain_each_cycle_6ccb5e6e76_super32k_v3 --jsonl-output /mnt/nvme1n1/PipeANN-github/experiments/v100_querycache_optimized_full_replay_v5_20260601T221943Z/tmp/selected_0121.jsonl --insert-threads 16 --search-threads 1 --merge-threads 16 --build-l 220 --build-r 116 --beamwidth 4 --k 10 --cpu-cap 8 --metric l2 --route prefilter --search-l 100 --data-bin experiments/v100_pq_drift_1m_baseline_20260601T043217Z/data/phaseC_cycle04_live_data_by_tag.bin --base-label-file experiments/v100_pq_drift_1m_baseline_20260601T043217Z/labels/base_labels_1000000.spmat --query-bin /mnt/nvme1n1/PipeANN-github/experiments/r116_suite_pq16_aris_20260520_072453/data/sift_query_1000.bin --truthset-bin experiments/v100_pq_drift_1m_baseline_20260601T043217Z/truth/phaseC_cycle04_intersect_u3e-03.bin --query-label-file /mnt/nvme1n1/PipeANN-github/experiments/r116_suite_pq16_aris_20260520_072453/labels/query_1000_u3e-03.spmat --selector-type intersect --query-limit 1000,prefilter,121,283804,282692,100,post_hoc_retuned_fastest_feasible_recall_ge_98,intersect,/mnt/nvme1n1/PipeANN-supersector32k-work/indexes/phaseC_cycle04_retrain_each_cycle_6ccb5e6e76_super32k_v3,ok,116558,1,0,/mnt/nvme1n1/PipeANN-github/experiments/v100_pq_drift_1m_baseline_20260601T043217Z/indexes/phaseC_cycle04_retrain_each_cycle,/mnt/nvme1n1/PipeANN-supersector32k-work/indexes/phaseC_cycle04_retrain_each_cycle_6ccb5e6e76_super32k_v3,retrain_each_cycle,0.216216
prefilter,392.985656,u1e-02,10000.0,100,20-27,8,True,phaseC_cycle04_retrain_each_cycle,,0.39314,0,0,1,,10000,0,16,supersector32k,page_aware_slots,3,1000000,281684,116558,10000.0,0.0,0.0,0.0,0.0,148.009,10000.0,0.0,148.009,389.96,606244.864,45.474,116558,measure-dynamic-search,387.877,0.0,0.0,418.916,154.0,10000.0,0.0,154.0,415.0,630784.0,453.974,4096,measure-dynamic-search,4096,1000000,16,1000,281684,2543.621416,1048,281684,/mnt/nvme1n1/PipeANN-github/build_reviewed_20260602_querycache/tests/dynamic_update_suite_driver --mode measure-dynamic-search --source-prefix /mnt/nvme1n1/PipeANN-supersector32k-work/indexes/phaseC_cycle04_retrain_each_cycle_6ccb5e6e76_super32k_v3 --jsonl-output /mnt/nvme1n1/PipeANN-github/experiments/v100_querycache_optimized_full_replay_v5_20260601T221943Z/tmp/selected_0122.jsonl --insert-threads 16 --search-threads 1 --merge-threads 16 --build-l 220 --build-r 116 --beamwidth 4 --k 10 --cpu-cap 8 --metric l2 --route prefilter --search-l 100 --data-bin experiments/v100_pq_drift_1m_baseline_20260601T043217Z/data/phaseC_cycle04_live_data_by_tag.bin --base-label-file experiments/v100_pq_drift_1m_baseline_20260601T043217Z/labels/base_labels_1000000.spmat --query-bin /mnt/nvme1n1/PipeANN-github/experiments/r116_suite_pq16_aris_20260520_072453/data/sift_query_1000.bin --truthset-bin experiments/v100_pq_drift_1m_baseline_20260601T043217Z/truth/phaseC_cycle04_intersect_u1e-02.bin --query-label-file /mnt/nvme1n1/PipeANN-github/experiments/r116_suite_pq16_aris_20260520_072453/labels/query_1000_u1e-02.spmat --selector-type intersect --query-limit 1000,99.8,2.1644654273986816,taskset -c 20-27 /mnt/nvme1n1/PipeANN-github/build_reviewed_20260602_querycache/tests/dynamic_update_suite_driver --mode measure-dynamic-search --source-prefix /mnt/nvme1n1/PipeANN-supersector32k-work/indexes/phaseC_cycle04_retrain_each_cycle_6ccb5e6e76_super32k_v3 --jsonl-output /mnt/nvme1n1/PipeANN-github/experiments/v100_querycache_optimized_full_replay_v5_20260601T221943Z/tmp/selected_0122.jsonl --insert-threads 16 --search-threads 1 --merge-threads 16 --build-l 220 --build-r 116 --beamwidth 4 --k 10 --cpu-cap 8 --metric l2 --route prefilter --search-l 100 --data-bin experiments/v100_pq_drift_1m_baseline_20260601T043217Z/data/phaseC_cycle04_live_data_by_tag.bin --base-label-file experiments/v100_pq_drift_1m_baseline_20260601T043217Z/labels/base_labels_1000000.spmat --query-bin /mnt/nvme1n1/PipeANN-github/experiments/r116_suite_pq16_aris_20260520_072453/data/sift_query_1000.bin --truthset-bin experiments/v100_pq_drift_1m_baseline_20260601T043217Z/truth/phaseC_cycle04_intersect_u1e-02.bin --query-label-file /mnt/nvme1n1/PipeANN-github/experiments/r116_suite_pq16_aris_20260520_072453/labels/query_1000_u1e-02.spmat --selector-type intersect --query-limit 1000,prefilter,122,281684,280636,100,post_hoc_retuned_fastest_feasible_recall_ge_98,intersect,/mnt/nvme1n1/PipeANN-supersector32k-work/indexes/phaseC_cycle04_retrain_each_cycle_6ccb5e6e76_super32k_v3,ok,116558,1,0,/mnt/nvme1n1/PipeANN-github/experiments/v100_pq_drift_1m_baseline_20260601T043217Z/indexes/phaseC_cycle04_retrain_each_cycle,/mnt/nvme1n1/PipeANN-supersector32k-work/indexes/phaseC_cycle04_retrain_each_cycle_6ccb5e6e76_super32k_v3,retrain_each_cycle,0.39314
prefilter,1140.285704,u5e-02,50000.0,100,20-27,8,True,phaseC_cycle04_retrain_each_cycle,,1.14043,0,0,1,,10000,0,16,supersector32k,page_aware_slots,3,1000000,281668,116558,50000.0,0.0,0.0,0.0,0.0,184.956,50000.0,0.0,184.956,1137.152,757579.776,88.686,116558,measure-dynamic-search,1135.451,0.0,0.0,1183.721,193.0,50000.0,0.0,193.0,1180.0,790528.0,1210.406,4096,measure-dynamic-search,4096,1000000,16,1000,281668,876.862601,1048,281668,/mnt/nvme1n1/PipeANN-github/build_reviewed_20260602_querycache/tests/dynamic_update_suite_driver --mode measure-dynamic-search --source-prefix /mnt/nvme1n1/PipeANN-supersector32k-work/indexes/phaseC_cycle04_retrain_each_cycle_6ccb5e6e76_super32k_v3 --jsonl-output /mnt/nvme1n1/PipeANN-github/experiments/v100_querycache_optimized_full_replay_v5_20260601T221943Z/tmp/selected_0123.jsonl --insert-threads 16 --search-threads 1 --merge-threads 16 --build-l 220 --build-r 116 --beamwidth 4 --k 10 --cpu-cap 8 --metric l2 --route prefilter --search-l 100 --data-bin experiments/v100_pq_drift_1m_baseline_20260601T043217Z/data/phaseC_cycle04_live_data_by_tag.bin --base-label-file experiments/v100_pq_drift_1m_baseline_20260601T043217Z/labels/base_labels_1000000.spmat --query-bin /mnt/nvme1n1/PipeANN-github/experiments/r116_suite_pq16_aris_20260520_072453/data/sift_query_1000.bin --truthset-bin experiments/v100_pq_drift_1m_baseline_20260601T043217Z/truth/phaseC_cycle04_intersect_u5e-02.bin --query-label-file /mnt/nvme1n1/PipeANN-github/experiments/r116_suite_pq16_aris_20260520_072453/labels/query_1000_u5e-02.spmat --selector-type intersect --query-limit 1000,99.13,2.65756893157959,taskset -c 20-27 /mnt/nvme1n1/PipeANN-github/build_reviewed_20260602_querycache/tests/dynamic_update_suite_driver --mode measure-dynamic-search --source-prefix /mnt/nvme1n1/PipeANN-supersector32k-work/indexes/phaseC_cycle04_retrain_each_cycle_6ccb5e6e76_super32k_v3 --jsonl-output /mnt/nvme1n1/PipeANN-github/experiments/v100_querycache_optimized_full_replay_v5_20260601T221943Z/tmp/selected_0123.jsonl --insert-threads 16 --search-threads 1 --merge-threads 16 --build-l 220 --build-r 116 --beamwidth 4 --k 10 --cpu-cap 8 --metric l2 --route prefilter --search-l 100 --data-bin experiments/v100_pq_drift_1m_baseline_20260601T043217Z/data/phaseC_cycle04_live_data_by_tag.bin --base-label-file experiments/v100_pq_drift_1m_baseline_20260601T043217Z/labels/base_labels_1000000.spmat --query-bin /mnt/nvme1n1/PipeANN-github/experiments/r116_suite_pq16_aris_20260520_072453/data/sift_query_1000.bin --truthset-bin experiments/v100_pq_drift_1m_baseline_20260601T043217Z/truth/phaseC_cycle04_intersect_u5e-02.bin --query-label-file /mnt/nvme1n1/PipeANN-github/experiments/r116_suite_pq16_aris_20260520_072453/labels/query_1000_u5e-02.spmat --selector-type intersect --query-limit 1000,prefilter,123,281668,280620,100,post_hoc_retuned_fastest_feasible_recall_ge_98,intersect,/mnt/nvme1n1/PipeANN-supersector32k-work/indexes/phaseC_cycle04_retrain_each_cycle_6ccb5e6e76_super32k_v3,ok,116558,1,0,/mnt/nvme1n1/PipeANN-github/experiments/v100_pq_drift_1m_baseline_20260601T043217Z/indexes/phaseC_cycle04_retrain_each_cycle,/mnt/nvme1n1/PipeANN-supersector32k-work/indexes/phaseC_cycle04_retrain_each_cycle_6ccb5e6e76_super32k_v3,retrain_each_cycle,1.14043
prefilter,1820.32356,u1e-01,100000.0,75,20-27,8,True,phaseC_cycle04_retrain_each_cycle,,1.820518,0,0,1,,10000,0,16,supersector32k,page_aware_slots,3,1000000,281936,116558,100000.0,0.0,0.0,0.0,0.0,184.439,100000.0,0.0,184.439,1816.826,755462.144,142.238,116558,measure-dynamic-search,1810.834,0.0,0.0,1875.107,192.0,100000.0,0.0,192.0,1871.0,786432.0,2026.78,4096,measure-dynamic-search,4096,1000000,16,1000,281936,549.294117,1140,281936,/mnt/nvme1n1/PipeANN-github/build_reviewed_20260602_querycache/tests/dynamic_update_suite_driver --mode measure-dynamic-search --source-prefix /mnt/nvme1n1/PipeANN-supersector32k-work/indexes/phaseC_cycle04_retrain_each_cycle_6ccb5e6e76_super32k_v3 --jsonl-output /mnt/nvme1n1/PipeANN-github/experiments/v100_querycache_optimized_full_replay_v5_20260601T221943Z/tmp/selected_0124.jsonl --insert-threads 16 --search-threads 1 --merge-threads 16 --build-l 220 --build-r 116 --beamwidth 4 --k 10 --cpu-cap 8 --metric l2 --route prefilter --search-l 75 --data-bin experiments/v100_pq_drift_1m_baseline_20260601T043217Z/data/phaseC_cycle04_live_data_by_tag.bin --base-label-file experiments/v100_pq_drift_1m_baseline_20260601T043217Z/labels/base_labels_1000000.spmat --query-bin /mnt/nvme1n1/PipeANN-github/experiments/r116_suite_pq16_aris_20260520_072453/data/sift_query_1000.bin --truthset-bin experiments/v100_pq_drift_1m_baseline_20260601T043217Z/truth/phaseC_cycle04_intersect_u1e-01.bin --query-label-file /mnt/nvme1n1/PipeANN-github/experiments/r116_suite_pq16_aris_20260520_072453/labels/query_1000_u1e-01.spmat --selector-type intersect --query-limit 1000,98.71,3.395930528640747,taskset -c 20-27 /mnt/nvme1n1/PipeANN-github/build_reviewed_20260602_querycache/tests/dynamic_update_suite_driver --mode measure-dynamic-search --source-prefix /mnt/nvme1n1/PipeANN-supersector32k-work/indexes/phaseC_cycle04_retrain_each_cycle_6ccb5e6e76_super32k_v3 --jsonl-output /mnt/nvme1n1/PipeANN-github/experiments/v100_querycache_optimized_full_replay_v5_20260601T221943Z/tmp/selected_0124.jsonl --insert-threads 16 --search-threads 1 --merge-threads 16 --build-l 220 --build-r 116 --beamwidth 4 --k 10 --cpu-cap 8 --metric l2 --route prefilter --search-l 75 --data-bin experiments/v100_pq_drift_1m_baseline_20260601T043217Z/data/phaseC_cycle04_live_data_by_tag.bin --base-label-file experiments/v100_pq_drift_1m_baseline_20260601T043217Z/labels/base_labels_1000000.spmat --query-bin /mnt/nvme1n1/PipeANN-github/experiments/r116_suite_pq16_aris_20260520_072453/data/sift_query_1000.bin --truthset-bin experiments/v100_pq_drift_1m_baseline_20260601T043217Z/truth/phaseC_cycle04_intersect_u1e-01.bin --query-label-file /mnt/nvme1n1/PipeANN-github/experiments/r116_suite_pq16_aris_20260520_072453/labels/query_1000_u1e-01.spmat --selector-type intersect --query-limit 1000,prefilter,124,281936,280796,75,post_hoc_retuned_fastest_feasible_recall_ge_98,intersect,/mnt/nvme1n1/PipeANN-supersector32k-work/indexes/phaseC_cycle04_retrain_each_cycle_6ccb5e6e76_super32k_v3,ok,116558,1,0,/mnt/nvme1n1/PipeANN-github/experiments/v100_pq_drift_1m_baseline_20260601T043217Z/indexes/phaseC_cycle04_retrain_each_cycle,/mnt/nvme1n1/PipeANN-supersector32k-work/indexes/phaseC_cycle04_retrain_each_cycle_6ccb5e6e76_super32k_v3,retrain_each_cycle,1.820518
prefilter,4065.546136,u25,250000.0,300,20-27,8,True,phaseC_cycle04_retrain_each_cycle,,4.065827,0,0,1,,10000,0,16,supersector32k,page_aware_slots,3,1000000,281924,116558,250000.0,0.0,0.0,0.0,0.0,345.534,250000.0,0.0,345.534,4061.876,1415307.264,298.395,116558,measure-dynamic-search,4051.941,0.0,0.0,4173.821,355.0,250000.0,0.0,355.0,4170.0,1454080.0,4387.167,4096,measure-dynamic-search,4096,1000000,16,1000,281924,245.952447,1328,281924,/mnt/nvme1n1/PipeANN-github/build_reviewed_20260602_querycache/tests/dynamic_update_suite_driver --mode measure-dynamic-search --source-prefix /mnt/nvme1n1/PipeANN-supersector32k-work/indexes/phaseC_cycle04_retrain_each_cycle_6ccb5e6e76_super32k_v3 --jsonl-output /mnt/nvme1n1/PipeANN-github/experiments/v100_querycache_optimized_full_replay_v5_20260601T221943Z/tmp/selected_0125.jsonl --insert-threads 16 --search-threads 1 --merge-threads 16 --build-l 220 --build-r 116 --beamwidth 4 --k 10 --cpu-cap 8 --metric l2 --route prefilter --search-l 300 --data-bin experiments/v100_pq_drift_1m_baseline_20260601T043217Z/data/phaseC_cycle04_live_data_by_tag.bin --base-label-file experiments/v100_pq_drift_1m_baseline_20260601T043217Z/labels/base_labels_1000000.spmat --query-bin /mnt/nvme1n1/PipeANN-github/experiments/r116_suite_pq16_aris_20260520_072453/data/sift_query_1000.bin --truthset-bin experiments/v100_pq_drift_1m_baseline_20260601T043217Z/truth/phaseC_cycle04_intersect_u25.bin --query-label-file /mnt/nvme1n1/PipeANN-github/experiments/r116_suite_pq16_aris_20260520_072453/labels/query_1000_u25.spmat --selector-type intersect --query-limit 1000,98.45,5.6276023387908936,taskset -c 20-27 /mnt/nvme1n1/PipeANN-github/build_reviewed_20260602_querycache/tests/dynamic_update_suite_driver --mode measure-dynamic-search --source-prefix /mnt/nvme1n1/PipeANN-supersector32k-work/indexes/phaseC_cycle04_retrain_each_cycle_6ccb5e6e76_super32k_v3 --jsonl-output /mnt/nvme1n1/PipeANN-github/experiments/v100_querycache_optimized_full_replay_v5_20260601T221943Z/tmp/selected_0125.jsonl --insert-threads 16 --search-threads 1 --merge-threads 16 --build-l 220 --build-r 116 --beamwidth 4 --k 10 --cpu-cap 8 --metric l2 --route prefilter --search-l 300 --data-bin experiments/v100_pq_drift_1m_baseline_20260601T043217Z/data/phaseC_cycle04_live_data_by_tag.bin --base-label-file experiments/v100_pq_drift_1m_baseline_20260601T043217Z/labels/base_labels_1000000.spmat --query-bin /mnt/nvme1n1/PipeANN-github/experiments/r116_suite_pq16_aris_20260520_072453/data/sift_query_1000.bin --truthset-bin experiments/v100_pq_drift_1m_baseline_20260601T043217Z/truth/phaseC_cycle04_intersect_u25.bin --query-label-file /mnt/nvme1n1/PipeANN-github/experiments/r116_suite_pq16_aris_20260520_072453/labels/query_1000_u25.spmat --selector-type intersect --query-limit 1000,prefilter,125,281924,280596,300,post_hoc_retuned_fastest_feasible_recall_ge_98,intersect,/mnt/nvme1n1/PipeANN-supersector32k-work/indexes/phaseC_cycle04_retrain_each_cycle_6ccb5e6e76_super32k_v3,ok,116558,1,0,/mnt/nvme1n1/PipeANN-github/experiments/v100_pq_drift_1m_baseline_20260601T043217Z/indexes/phaseC_cycle04_retrain_each_cycle,/mnt/nvme1n1/PipeANN-supersector32k-work/indexes/phaseC_cycle04_retrain_each_cycle_6ccb5e6e76_super32k_v3,retrain_each_cycle,4.065827
prefilter,4726.294075,u30,300000.0,300,20-27,8,True,phaseC_cycle04_retrain_each_cycle,,4.72655,0,0,1,,10000,0,16,supersector32k,page_aware_slots,3,1000000,281852,116558,300000.0,0.0,0.0,0.0,0.0,345.269,300000.0,0.0,345.269,4722.444,1414221.824,349.705,116558,measure-dynamic-search,4714.924,0.0,0.0,4828.462,356.0,300000.0,0.0,356.0,4823.0,1458176.0,5103.437,4096,measure-dynamic-search,4096,1000000,16,1000,281852,211.570789,1200,281852,/mnt/nvme1n1/PipeANN-github/build_reviewed_20260602_querycache/tests/dynamic_update_suite_driver --mode measure-dynamic-search --source-prefix /mnt/nvme1n1/PipeANN-supersector32k-work/indexes/phaseC_cycle04_retrain_each_cycle_6ccb5e6e76_super32k_v3 --jsonl-output /mnt/nvme1n1/PipeANN-github/experiments/v100_querycache_optimized_full_replay_v5_20260601T221943Z/tmp/selected_0126.jsonl --insert-threads 16 --search-threads 1 --merge-threads 16 --build-l 220 --build-r 116 --beamwidth 4 --k 10 --cpu-cap 8 --metric l2 --route prefilter --search-l 300 --data-bin experiments/v100_pq_drift_1m_baseline_20260601T043217Z/data/phaseC_cycle04_live_data_by_tag.bin --base-label-file experiments/v100_pq_drift_1m_baseline_20260601T043217Z/labels/base_labels_1000000.spmat --query-bin /mnt/nvme1n1/PipeANN-github/experiments/r116_suite_pq16_aris_20260520_072453/data/sift_query_1000.bin --truthset-bin experiments/v100_pq_drift_1m_baseline_20260601T043217Z/truth/phaseC_cycle04_intersect_u30.bin --query-label-file /mnt/nvme1n1/PipeANN-github/experiments/r116_suite_pq16_aris_20260520_072453/labels/query_1000_u30.spmat --selector-type intersect --query-limit 1000,98.46,6.348464250564575,taskset -c 20-27 /mnt/nvme1n1/PipeANN-github/build_reviewed_20260602_querycache/tests/dynamic_update_suite_driver --mode measure-dynamic-search --source-prefix /mnt/nvme1n1/PipeANN-supersector32k-work/indexes/phaseC_cycle04_retrain_each_cycle_6ccb5e6e76_super32k_v3 --jsonl-output /mnt/nvme1n1/PipeANN-github/experiments/v100_querycache_optimized_full_replay_v5_20260601T221943Z/tmp/selected_0126.jsonl --insert-threads 16 --search-threads 1 --merge-threads 16 --build-l 220 --build-r 116 --beamwidth 4 --k 10 --cpu-cap 8 --metric l2 --route prefilter --search-l 300 --data-bin experiments/v100_pq_drift_1m_baseline_20260601T043217Z/data/phaseC_cycle04_live_data_by_tag.bin --base-label-file experiments/v100_pq_drift_1m_baseline_20260601T043217Z/labels/base_labels_1000000.spmat --query-bin /mnt/nvme1n1/PipeANN-github/experiments/r116_suite_pq16_aris_20260520_072453/data/sift_query_1000.bin --truthset-bin experiments/v100_pq_drift_1m_baseline_20260601T043217Z/truth/phaseC_cycle04_intersect_u30.bin --query-label-file /mnt/nvme1n1/PipeANN-github/experiments/r116_suite_pq16_aris_20260520_072453/labels/query_1000_u30.spmat --selector-type intersect --query-limit 1000,prefilter,126,281852,280652,300,post_hoc_retuned_fastest_feasible_recall_ge_98,intersect,/mnt/nvme1n1/PipeANN-supersector32k-work/indexes/phaseC_cycle04_retrain_each_cycle_6ccb5e6e76_super32k_v3,ok,116558,1,0,/mnt/nvme1n1/PipeANN-github/experiments/v100_pq_drift_1m_baseline_20260601T043217Z/indexes/phaseC_cycle04_retrain_each_cycle,/mnt/nvme1n1/PipeANN-supersector32k-work/indexes/phaseC_cycle04_retrain_each_cycle_6ccb5e6e76_super32k_v3,retrain_each_cycle,4.72655
prefilter,7370.565587,u50,500000.0,300,20-27,8,True,phaseC_cycle04_retrain_each_cycle,,7.370869,0,0,1,,10000,0,16,supersector32k,page_aware_slots,3,1000000,281772,116558,500000.0,0.0,0.0,0.0,0.0,345.786,500000.0,0.0,345.786,7366.41,1416339.456,561.222,116558,measure-dynamic-search,7346.635,0.0,0.0,7542.232,356.0,500000.0,0.0,356.0,7532.0,1458176.0,7942.341,4096,measure-dynamic-search,4096,1000000,16,1000,281772,135.669205,1196,281772,/mnt/nvme1n1/PipeANN-github/build_reviewed_20260602_querycache/tests/dynamic_update_suite_driver --mode measure-dynamic-search --source-prefix /mnt/nvme1n1/PipeANN-supersector32k-work/indexes/phaseC_cycle04_retrain_each_cycle_6ccb5e6e76_super32k_v3 --jsonl-output /mnt/nvme1n1/PipeANN-github/experiments/v100_querycache_optimized_full_replay_v5_20260601T221943Z/tmp/selected_0127.jsonl --insert-threads 16 --search-threads 1 --merge-threads 16 --build-l 220 --build-r 116 --beamwidth 4 --k 10 --cpu-cap 8 --metric l2 --route prefilter --search-l 300 --data-bin experiments/v100_pq_drift_1m_baseline_20260601T043217Z/data/phaseC_cycle04_live_data_by_tag.bin --base-label-file experiments/v100_pq_drift_1m_baseline_20260601T043217Z/labels/base_labels_1000000.spmat --query-bin /mnt/nvme1n1/PipeANN-github/experiments/r116_suite_pq16_aris_20260520_072453/data/sift_query_1000.bin --truthset-bin experiments/v100_pq_drift_1m_baseline_20260601T043217Z/truth/phaseC_cycle04_intersect_u50.bin --query-label-file /mnt/nvme1n1/PipeANN-github/experiments/r116_suite_pq16_aris_20260520_072453/labels/query_1000_u50.spmat --selector-type intersect --query-limit 1000,98.39,9.023553848266602,taskset -c 20-27 /mnt/nvme1n1/PipeANN-github/build_reviewed_20260602_querycache/tests/dynamic_update_suite_driver --mode measure-dynamic-search --source-prefix /mnt/nvme1n1/PipeANN-supersector32k-work/indexes/phaseC_cycle04_retrain_each_cycle_6ccb5e6e76_super32k_v3 --jsonl-output /mnt/nvme1n1/PipeANN-github/experiments/v100_querycache_optimized_full_replay_v5_20260601T221943Z/tmp/selected_0127.jsonl --insert-threads 16 --search-threads 1 --merge-threads 16 --build-l 220 --build-r 116 --beamwidth 4 --k 10 --cpu-cap 8 --metric l2 --route prefilter --search-l 300 --data-bin experiments/v100_pq_drift_1m_baseline_20260601T043217Z/data/phaseC_cycle04_live_data_by_tag.bin --base-label-file experiments/v100_pq_drift_1m_baseline_20260601T043217Z/labels/base_labels_1000000.spmat --query-bin /mnt/nvme1n1/PipeANN-github/experiments/r116_suite_pq16_aris_20260520_072453/data/sift_query_1000.bin --truthset-bin experiments/v100_pq_drift_1m_baseline_20260601T043217Z/truth/phaseC_cycle04_intersect_u50.bin --query-label-file /mnt/nvme1n1/PipeANN-github/experiments/r116_suite_pq16_aris_20260520_072453/labels/query_1000_u50.spmat --selector-type intersect --query-limit 1000,prefilter,127,281772,280576,300,post_hoc_retuned_fastest_feasible_recall_ge_98,intersect,/mnt/nvme1n1/PipeANN-supersector32k-work/indexes/phaseC_cycle04_retrain_each_cycle_6ccb5e6e76_super32k_v3,ok,116558,1,0,/mnt/nvme1n1/PipeANN-github/experiments/v100_pq_drift_1m_baseline_20260601T043217Z/indexes/phaseC_cycle04_retrain_each_cycle,/mnt/nvme1n1/PipeANN-supersector32k-work/indexes/phaseC_cycle04_retrain_each_cycle_6ccb5e6e76_super32k_v3,retrain_each_cycle,7.370869
graph,6290.412099,u75,750000.0,450,20-27,8,True,phaseC_cycle04_retrain_each_cycle,,6.290665,0,0,1,,10000,1000,16,supersector32k,page_aware_slots,3,1000000,295728,116558,750000.0,22713.869,0.0,5890.453,0.0,526.139,22713.869,0.0,526.139,5953.608,2155065.344,19.097,116558,measure-dynamic-search,6271.122,28899.0,0.0,6596.466,544.0,28899.0,0.0,544.0,6296.0,2228224.0,6970.496,4096,measure-dynamic-search,4096,1000000,16,0,295728,158.965717,15128,295728,/mnt/nvme1n1/PipeANN-github/build_reviewed_20260602_querycache/tests/dynamic_update_suite_driver --mode measure-dynamic-search --source-prefix /mnt/nvme1n1/PipeANN-supersector32k-work/indexes/phaseC_cycle04_retrain_each_cycle_6ccb5e6e76_super32k_v3 --jsonl-output /mnt/nvme1n1/PipeANN-github/experiments/v100_querycache_optimized_full_replay_v5_20260601T221943Z/tmp/selected_0128.jsonl --insert-threads 16 --search-threads 1 --merge-threads 16 --build-l 220 --build-r 116 --beamwidth 8 --k 10 --cpu-cap 8 --metric l2 --route graph --search-l 450 --data-bin experiments/v100_pq_drift_1m_baseline_20260601T043217Z/data/phaseC_cycle04_live_data_by_tag.bin --base-label-file experiments/v100_pq_drift_1m_baseline_20260601T043217Z/labels/base_labels_1000000.spmat --query-bin /mnt/nvme1n1/PipeANN-github/experiments/r116_suite_pq16_aris_20260520_072453/data/sift_query_1000.bin --truthset-bin experiments/v100_pq_drift_1m_baseline_20260601T043217Z/truth/phaseC_cycle04_intersect_u75.bin --query-label-file /mnt/nvme1n1/PipeANN-github/experiments/r116_suite_pq16_aris_20260520_072453/labels/query_1000_u75.spmat --selector-type intersect --query-limit 1000,98.15,7.911375999450684,taskset -c 20-27 /mnt/nvme1n1/PipeANN-github/build_reviewed_20260602_querycache/tests/dynamic_update_suite_driver --mode measure-dynamic-search --source-prefix /mnt/nvme1n1/PipeANN-supersector32k-work/indexes/phaseC_cycle04_retrain_each_cycle_6ccb5e6e76_super32k_v3 --jsonl-output /mnt/nvme1n1/PipeANN-github/experiments/v100_querycache_optimized_full_replay_v5_20260601T221943Z/tmp/selected_0128.jsonl --insert-threads 16 --search-threads 1 --merge-threads 16 --build-l 220 --build-r 116 --beamwidth 8 --k 10 --cpu-cap 8 --metric l2 --route graph --search-l 450 --data-bin experiments/v100_pq_drift_1m_baseline_20260601T043217Z/data/phaseC_cycle04_live_data_by_tag.bin --base-label-file experiments/v100_pq_drift_1m_baseline_20260601T043217Z/labels/base_labels_1000000.spmat --query-bin /mnt/nvme1n1/PipeANN-github/experiments/r116_suite_pq16_aris_20260520_072453/data/sift_query_1000.bin --truthset-bin experiments/v100_pq_drift_1m_baseline_20260601T043217Z/truth/phaseC_cycle04_intersect_u75.bin --query-label-file /mnt/nvme1n1/PipeANN-github/experiments/r116_suite_pq16_aris_20260520_072453/labels/query_1000_u75.spmat --selector-type intersect --query-limit 1000,graph,128,295728,280600,450,querycache_plus_super32k_beamwidth_8_source_row_128,intersect,/mnt/nvme1n1/PipeANN-supersector32k-work/indexes/phaseC_cycle04_retrain_each_cycle_6ccb5e6e76_super32k_v3,ok,116558,1,0,/mnt/nvme1n1/PipeANN-github/experiments/v100_pq_drift_1m_baseline_20260601T043217Z/indexes/phaseC_cycle04_retrain_each_cycle,/mnt/nvme1n1/PipeANN-supersector32k-work/indexes/phaseC_cycle04_retrain_each_cycle_6ccb5e6e76_super32k_v3,retrain_each_cycle,6.290665
graph,9178.93913,u100,1000000.0,400,20-27,8,True,phaseC_cycle04_retrain_each_cycle,,9.179186,0,0,1,,10000,1000,16,supersector32k,page_aware_slots,3,1000000,293708,116558,1000000.0,20872.649,0.0,8777.179,0.0,469.099,20872.649,0.0,469.099,8849.199,1921429.504,19.492,116558,measure-dynamic-search,9148.69,26483.0,0.0,9560.553,486.0,26483.0,0.0,486.0,9212.0,1990656.0,9953.072,4096,measure-dynamic-search,4096,1000000,16,0,293708,108.942127,13052,293708,/mnt/nvme1n1/PipeANN-github/build_reviewed_20260602_querycache/tests/dynamic_update_suite_driver --mode measure-dynamic-search --source-prefix /mnt/nvme1n1/PipeANN-supersector32k-work/indexes/phaseC_cycle04_retrain_each_cycle_6ccb5e6e76_super32k_v3 --jsonl-output /mnt/nvme1n1/PipeANN-github/experiments/v100_querycache_optimized_full_replay_v5_20260601T221943Z/tmp/selected_0129.jsonl --insert-threads 16 --search-threads 1 --merge-threads 16 --build-l 220 --build-r 116 --beamwidth 4 --k 10 --cpu-cap 8 --metric l2 --route graph --search-l 400 --data-bin experiments/v100_pq_drift_1m_baseline_20260601T043217Z/data/phaseC_cycle04_live_data_by_tag.bin --base-label-file experiments/v100_pq_drift_1m_baseline_20260601T043217Z/labels/base_labels_1000000.spmat --query-bin /mnt/nvme1n1/PipeANN-github/experiments/r116_suite_pq16_aris_20260520_072453/data/sift_query_1000.bin --truthset-bin experiments/v100_pq_drift_1m_baseline_20260601T043217Z/truth/phaseC_cycle04_intersect_u100.bin --query-label-file /mnt/nvme1n1/PipeANN-github/experiments/r116_suite_pq16_aris_20260520_072453/labels/query_1000_u100.spmat --selector-type intersect --query-limit 1000,98.41,10.787663459777832,taskset -c 20-27 /mnt/nvme1n1/PipeANN-github/build_reviewed_20260602_querycache/tests/dynamic_update_suite_driver --mode measure-dynamic-search --source-prefix /mnt/nvme1n1/PipeANN-supersector32k-work/indexes/phaseC_cycle04_retrain_each_cycle_6ccb5e6e76_super32k_v3 --jsonl-output /mnt/nvme1n1/PipeANN-github/experiments/v100_querycache_optimized_full_replay_v5_20260601T221943Z/tmp/selected_0129.jsonl --insert-threads 16 --search-threads 1 --merge-threads 16 --build-l 220 --build-r 116 --beamwidth 4 --k 10 --cpu-cap 8 --metric l2 --route graph --search-l 400 --data-bin experiments/v100_pq_drift_1m_baseline_20260601T043217Z/data/phaseC_cycle04_live_data_by_tag.bin --base-label-file experiments/v100_pq_drift_1m_baseline_20260601T043217Z/labels/base_labels_1000000.spmat --query-bin /mnt/nvme1n1/PipeANN-github/experiments/r116_suite_pq16_aris_20260520_072453/data/sift_query_1000.bin --truthset-bin experiments/v100_pq_drift_1m_baseline_20260601T043217Z/truth/phaseC_cycle04_intersect_u100.bin --query-label-file /mnt/nvme1n1/PipeANN-github/experiments/r116_suite_pq16_aris_20260520_072453/labels/query_1000_u100.spmat --selector-type intersect --query-limit 1000,graph,129,293708,280656,400,querycache_v5_revert_row_129_beamwidth_4_due_bw8_sigsegv,intersect,/mnt/nvme1n1/PipeANN-supersector32k-work/indexes/phaseC_cycle04_retrain_each_cycle_6ccb5e6e76_super32k_v3,ok,116558,1,0,/mnt/nvme1n1/PipeANN-github/experiments/v100_pq_drift_1m_baseline_20260601T043217Z/indexes/phaseC_cycle04_retrain_each_cycle,/mnt/nvme1n1/PipeANN-supersector32k-work/indexes/phaseC_cycle04_retrain_each_cycle_6ccb5e6e76_super32k_v3,retrain_each_cycle,9.179186
prefilter,156.472515,u1e-03,1000.0,50,20-27,8,True,phaseC_cycle04_retrain_each_cycle,,0.156556,0,0,1,,10000,0,16,supersector32k,page_aware_slots,3,1000000,281672,116558,1000.0,0.0,0.0,0.0,0.0,110.079,1000.0,0.0,110.079,153.92,450883.584,34.803,116558,measure-dynamic-search,154.965,0.0,0.0,169.58,115.0,1000.0,0.0,115.0,167.0,471040.0,182.01,4096,measure-dynamic-search,4096,1000000,16,1000,281672,6387.493431,1048,281672,/mnt/nvme1n1/PipeANN-github/build_reviewed_20260602_querycache/tests/dynamic_update_suite_driver --mode measure-dynamic-search --source-prefix /mnt/nvme1n1/PipeANN-supersector32k-work/indexes/phaseC_cycle04_retrain_each_cycle_6ccb5e6e76_super32k_v3 --jsonl-output /mnt/nvme1n1/PipeANN-github/experiments/v100_querycache_optimized_full_replay_v5_20260601T221943Z/tmp/selected_0130.jsonl --insert-threads 16 --search-threads 1 --merge-threads 16 --build-l 220 --build-r 116 --beamwidth 4 --k 10 --cpu-cap 8 --metric l2 --route prefilter --search-l 50 --data-bin experiments/v100_pq_drift_1m_baseline_20260601T043217Z/data/phaseC_cycle04_live_data_by_tag.bin --base-label-file experiments/v100_pq_drift_1m_baseline_20260601T043217Z/labels/base_labels_1000000.spmat --query-bin /mnt/nvme1n1/PipeANN-github/experiments/r116_suite_pq16_aris_20260520_072453/data/sift_query_1000.bin --truthset-bin experiments/v100_pq_drift_1m_baseline_20260601T043217Z/truth/phaseC_cycle04_range_u1e-03.bin --query-label-file /mnt/nvme1n1/PipeANN-github/experiments/r116_suite_pq16_aris_20260520_072453/labels/query_1000_range_u1e-03.spmat --selector-type range --query-limit 1000,99.98,2.3858351707458496,taskset -c 20-27 /mnt/nvme1n1/PipeANN-github/build_reviewed_20260602_querycache/tests/dynamic_update_suite_driver --mode measure-dynamic-search --source-prefix /mnt/nvme1n1/PipeANN-supersector32k-work/indexes/phaseC_cycle04_retrain_each_cycle_6ccb5e6e76_super32k_v3 --jsonl-output /mnt/nvme1n1/PipeANN-github/experiments/v100_querycache_optimized_full_replay_v5_20260601T221943Z/tmp/selected_0130.jsonl --insert-threads 16 --search-threads 1 --merge-threads 16 --build-l 220 --build-r 116 --beamwidth 4 --k 10 --cpu-cap 8 --metric l2 --route prefilter --search-l 50 --data-bin experiments/v100_pq_drift_1m_baseline_20260601T043217Z/data/phaseC_cycle04_live_data_by_tag.bin --base-label-file experiments/v100_pq_drift_1m_baseline_20260601T043217Z/labels/base_labels_1000000.spmat --query-bin /mnt/nvme1n1/PipeANN-github/experiments/r116_suite_pq16_aris_20260520_072453/data/sift_query_1000.bin --truthset-bin experiments/v100_pq_drift_1m_baseline_20260601T043217Z/truth/phaseC_cycle04_range_u1e-03.bin --query-label-file /mnt/nvme1n1/PipeANN-github/experiments/r116_suite_pq16_aris_20260520_072453/labels/query_1000_range_u1e-03.spmat --selector-type range --query-limit 1000,prefilter,130,281672,280624,50,post_hoc_retuned_fastest_feasible_recall_ge_98,range,/mnt/nvme1n1/PipeANN-supersector32k-work/indexes/phaseC_cycle04_retrain_each_cycle_6ccb5e6e76_super32k_v3,ok,116558,1,0,/mnt/nvme1n1/PipeANN-github/experiments/v100_pq_drift_1m_baseline_20260601T043217Z/indexes/phaseC_cycle04_retrain_each_cycle,/mnt/nvme1n1/PipeANN-supersector32k-work/indexes/phaseC_cycle04_retrain_each_cycle_6ccb5e6e76_super32k_v3,retrain_each_cycle,0.156556
prefilter,215.784624,u3e-03,3000.0,50,20-27,8,True,phaseC_cycle04_retrain_each_cycle,,0.215911,0,0,1,,10000,0,16,supersector32k,page_aware_slots,3,1000000,281848,116558,3000.0,0.0,0.0,0.0,0.0,110.399,3000.0,0.0,110.399,213.008,452194.304,42.398,116558,measure-dynamic-search,213.031,0.0,0.0,237.7,116.0,3000.0,0.0,116.0,235.0,475136.0,256.982,4096,measure-dynamic-search,4096,1000000,16,1000,281848,4631.545524,1112,281848,/mnt/nvme1n1/PipeANN-github/build_reviewed_20260602_querycache/tests/dynamic_update_suite_driver --mode measure-dynamic-search --source-prefix /mnt/nvme1n1/PipeANN-supersector32k-work/indexes/phaseC_cycle04_retrain_each_cycle_6ccb5e6e76_super32k_v3 --jsonl-output /mnt/nvme1n1/PipeANN-github/experiments/v100_querycache_optimized_full_replay_v5_20260601T221943Z/tmp/selected_0131.jsonl --insert-threads 16 --search-threads 1 --merge-threads 16 --build-l 220 --build-r 116 --beamwidth 4 --k 10 --cpu-cap 8 --metric l2 --route prefilter --search-l 50 --data-bin experiments/v100_pq_drift_1m_baseline_20260601T043217Z/data/phaseC_cycle04_live_data_by_tag.bin --base-label-file experiments/v100_pq_drift_1m_baseline_20260601T043217Z/labels/base_labels_1000000.spmat --query-bin /mnt/nvme1n1/PipeANN-github/experiments/r116_suite_pq16_aris_20260520_072453/data/sift_query_1000.bin --truthset-bin experiments/v100_pq_drift_1m_baseline_20260601T043217Z/truth/phaseC_cycle04_range_u3e-03.bin --query-label-file /mnt/nvme1n1/PipeANN-github/experiments/r116_suite_pq16_aris_20260520_072453/labels/query_1000_range_u3e-03.spmat --selector-type range --query-limit 1000,99.87,1.7463908195495605,taskset -c 20-27 /mnt/nvme1n1/PipeANN-github/build_reviewed_20260602_querycache/tests/dynamic_update_suite_driver --mode measure-dynamic-search --source-prefix /mnt/nvme1n1/PipeANN-supersector32k-work/indexes/phaseC_cycle04_retrain_each_cycle_6ccb5e6e76_super32k_v3 --jsonl-output /mnt/nvme1n1/PipeANN-github/experiments/v100_querycache_optimized_full_replay_v5_20260601T221943Z/tmp/selected_0131.jsonl --insert-threads 16 --search-threads 1 --merge-threads 16 --build-l 220 --build-r 116 --beamwidth 4 --k 10 --cpu-cap 8 --metric l2 --route prefilter --search-l 50 --data-bin experiments/v100_pq_drift_1m_baseline_20260601T043217Z/data/phaseC_cycle04_live_data_by_tag.bin --base-label-file experiments/v100_pq_drift_1m_baseline_20260601T043217Z/labels/base_labels_1000000.spmat --query-bin /mnt/nvme1n1/PipeANN-github/experiments/r116_suite_pq16_aris_20260520_072453/data/sift_query_1000.bin --truthset-bin experiments/v100_pq_drift_1m_baseline_20260601T043217Z/truth/phaseC_cycle04_range_u3e-03.bin --query-label-file /mnt/nvme1n1/PipeANN-github/experiments/r116_suite_pq16_aris_20260520_072453/labels/query_1000_range_u3e-03.spmat --selector-type range --query-limit 1000,prefilter,131,281848,280736,50,post_hoc_retuned_fastest_feasible_recall_ge_98,range,/mnt/nvme1n1/PipeANN-supersector32k-work/indexes/phaseC_cycle04_retrain_each_cycle_6ccb5e6e76_super32k_v3,ok,116558,1,0,/mnt/nvme1n1/PipeANN-github/experiments/v100_pq_drift_1m_baseline_20260601T043217Z/indexes/phaseC_cycle04_retrain_each_cycle,/mnt/nvme1n1/PipeANN-supersector32k-work/indexes/phaseC_cycle04_retrain_each_cycle_6ccb5e6e76_super32k_v3,retrain_each_cycle,0.215911
prefilter,408.093914,u1e-02,10000.0,50,20-27,8,True,phaseC_cycle04_retrain_each_cycle,,0.408231,0,0,1,,10000,0,16,supersector32k,page_aware_slots,3,1000000,281736,116558,10000.0,0.0,0.0,0.0,0.0,148.009,10000.0,0.0,148.009,405.013,606244.864,58.493,116558,measure-dynamic-search,403.126,0.0,0.0,440.257,154.0,10000.0,0.0,154.0,437.0,630784.0,474.288,4096,measure-dynamic-search,4096,1000000,16,1000,281736,2449.59352,1112,281736,/mnt/nvme1n1/PipeANN-github/build_reviewed_20260602_querycache/tests/dynamic_update_suite_driver --mode measure-dynamic-search --source-prefix /mnt/nvme1n1/PipeANN-supersector32k-work/indexes/phaseC_cycle04_retrain_each_cycle_6ccb5e6e76_super32k_v3 --jsonl-output /mnt/nvme1n1/PipeANN-github/experiments/v100_querycache_optimized_full_replay_v5_20260601T221943Z/tmp/selected_0132.jsonl --insert-threads 16 --search-threads 1 --merge-threads 16 --build-l 220 --build-r 116 --beamwidth 4 --k 10 --cpu-cap 8 --metric l2 --route prefilter --search-l 50 --data-bin experiments/v100_pq_drift_1m_baseline_20260601T043217Z/data/phaseC_cycle04_live_data_by_tag.bin --base-label-file experiments/v100_pq_drift_1m_baseline_20260601T043217Z/labels/base_labels_1000000.spmat --query-bin /mnt/nvme1n1/PipeANN-github/experiments/r116_suite_pq16_aris_20260520_072453/data/sift_query_1000.bin --truthset-bin experiments/v100_pq_drift_1m_baseline_20260601T043217Z/truth/phaseC_cycle04_range_u1e-02.bin --query-label-file /mnt/nvme1n1/PipeANN-github/experiments/r116_suite_pq16_aris_20260520_072453/labels/query_1000_range_u1e-02.spmat --selector-type range --query-limit 1000,99.8,2.107574939727783,taskset -c 20-27 /mnt/nvme1n1/PipeANN-github/build_reviewed_20260602_querycache/tests/dynamic_update_suite_driver --mode measure-dynamic-search --source-prefix /mnt/nvme1n1/PipeANN-supersector32k-work/indexes/phaseC_cycle04_retrain_each_cycle_6ccb5e6e76_super32k_v3 --jsonl-output /mnt/nvme1n1/PipeANN-github/experiments/v100_querycache_optimized_full_replay_v5_20260601T221943Z/tmp/selected_0132.jsonl --insert-threads 16 --search-threads 1 --merge-threads 16 --build-l 220 --build-r 116 --beamwidth 4 --k 10 --cpu-cap 8 --metric l2 --route prefilter --search-l 50 --data-bin experiments/v100_pq_drift_1m_baseline_20260601T043217Z/data/phaseC_cycle04_live_data_by_tag.bin --base-label-file experiments/v100_pq_drift_1m_baseline_20260601T043217Z/labels/base_labels_1000000.spmat --query-bin /mnt/nvme1n1/PipeANN-github/experiments/r116_suite_pq16_aris_20260520_072453/data/sift_query_1000.bin --truthset-bin experiments/v100_pq_drift_1m_baseline_20260601T043217Z/truth/phaseC_cycle04_range_u1e-02.bin --query-label-file /mnt/nvme1n1/PipeANN-github/experiments/r116_suite_pq16_aris_20260520_072453/labels/query_1000_range_u1e-02.spmat --selector-type range --query-limit 1000,prefilter,132,281736,280624,50,post_hoc_retuned_fastest_feasible_recall_ge_98,range,/mnt/nvme1n1/PipeANN-supersector32k-work/indexes/phaseC_cycle04_retrain_each_cycle_6ccb5e6e76_super32k_v3,ok,116558,1,0,/mnt/nvme1n1/PipeANN-github/experiments/v100_pq_drift_1m_baseline_20260601T043217Z/indexes/phaseC_cycle04_retrain_each_cycle,/mnt/nvme1n1/PipeANN-supersector32k-work/indexes/phaseC_cycle04_retrain_each_cycle_6ccb5e6e76_super32k_v3,retrain_each_cycle,0.408231
prefilter,1182.899798,u5e-02,50000.0,150,20-27,8,True,phaseC_cycle04_retrain_each_cycle,,1.183072,0,0,1,,10000,0,16,supersector32k,page_aware_slots,3,1000000,281668,116558,50000.0,0.0,0.0,0.0,0.0,184.956,50000.0,0.0,184.956,1179.682,757579.776,107.961,116558,measure-dynamic-search,1177.741,0.0,0.0,1240.778,193.0,50000.0,0.0,193.0,1238.0,790528.0,1303.743,4096,measure-dynamic-search,4096,1000000,16,1000,281668,845.257206,1112,281668,/mnt/nvme1n1/PipeANN-github/build_reviewed_20260602_querycache/tests/dynamic_update_suite_driver --mode measure-dynamic-search --source-prefix /mnt/nvme1n1/PipeANN-supersector32k-work/indexes/phaseC_cycle04_retrain_each_cycle_6ccb5e6e76_super32k_v3 --jsonl-output /mnt/nvme1n1/PipeANN-github/experiments/v100_querycache_optimized_full_replay_v5_20260601T221943Z/tmp/selected_0133.jsonl --insert-threads 16 --search-threads 1 --merge-threads 16 --build-l 220 --build-r 116 --beamwidth 4 --k 10 --cpu-cap 8 --metric l2 --route prefilter --search-l 150 --data-bin experiments/v100_pq_drift_1m_baseline_20260601T043217Z/data/phaseC_cycle04_live_data_by_tag.bin --base-label-file experiments/v100_pq_drift_1m_baseline_20260601T043217Z/labels/base_labels_1000000.spmat --query-bin /mnt/nvme1n1/PipeANN-github/experiments/r116_suite_pq16_aris_20260520_072453/data/sift_query_1000.bin --truthset-bin experiments/v100_pq_drift_1m_baseline_20260601T043217Z/truth/phaseC_cycle04_range_u5e-02.bin --query-label-file /mnt/nvme1n1/PipeANN-github/experiments/r116_suite_pq16_aris_20260520_072453/labels/query_1000_range_u5e-02.spmat --selector-type range --query-limit 1000,99.13,2.714444160461426,taskset -c 20-27 /mnt/nvme1n1/PipeANN-github/build_reviewed_20260602_querycache/tests/dynamic_update_suite_driver --mode measure-dynamic-search --source-prefix /mnt/nvme1n1/PipeANN-supersector32k-work/indexes/phaseC_cycle04_retrain_each_cycle_6ccb5e6e76_super32k_v3 --jsonl-output /mnt/nvme1n1/PipeANN-github/experiments/v100_querycache_optimized_full_replay_v5_20260601T221943Z/tmp/selected_0133.jsonl --insert-threads 16 --search-threads 1 --merge-threads 16 --build-l 220 --build-r 116 --beamwidth 4 --k 10 --cpu-cap 8 --metric l2 --route prefilter --search-l 150 --data-bin experiments/v100_pq_drift_1m_baseline_20260601T043217Z/data/phaseC_cycle04_live_data_by_tag.bin --base-label-file experiments/v100_pq_drift_1m_baseline_20260601T043217Z/labels/base_labels_1000000.spmat --query-bin /mnt/nvme1n1/PipeANN-github/experiments/r116_suite_pq16_aris_20260520_072453/data/sift_query_1000.bin --truthset-bin experiments/v100_pq_drift_1m_baseline_20260601T043217Z/truth/phaseC_cycle04_range_u5e-02.bin --query-label-file /mnt/nvme1n1/PipeANN-github/experiments/r116_suite_pq16_aris_20260520_072453/labels/query_1000_range_u5e-02.spmat --selector-type range --query-limit 1000,prefilter,133,281668,280556,150,post_hoc_retuned_fastest_feasible_recall_ge_98,range,/mnt/nvme1n1/PipeANN-supersector32k-work/indexes/phaseC_cycle04_retrain_each_cycle_6ccb5e6e76_super32k_v3,ok,116558,1,0,/mnt/nvme1n1/PipeANN-github/experiments/v100_pq_drift_1m_baseline_20260601T043217Z/indexes/phaseC_cycle04_retrain_each_cycle,/mnt/nvme1n1/PipeANN-supersector32k-work/indexes/phaseC_cycle04_retrain_each_cycle_6ccb5e6e76_super32k_v3,retrain_each_cycle,1.183072
prefilter,1872.648094,u1e-01,100000.0,50,20-27,8,True,phaseC_cycle04_retrain_each_cycle,,1.872862,0,0,1,,10000,0,16,supersector32k,page_aware_slots,3,1000000,283676,116558,100000.0,0.0,0.0,0.0,0.0,184.439,100000.0,0.0,184.439,1868.915,755462.144,168.061,116558,measure-dynamic-search,1862.753,0.0,0.0,1979.012,192.0,100000.0,0.0,192.0,1975.0,786432.0,2131.843,4096,measure-dynamic-search,4096,1000000,16,1000,283676,533.942192,1304,283676,/mnt/nvme1n1/PipeANN-github/build_reviewed_20260602_querycache/tests/dynamic_update_suite_driver --mode measure-dynamic-search --source-prefix /mnt/nvme1n1/PipeANN-supersector32k-work/indexes/phaseC_cycle04_retrain_each_cycle_6ccb5e6e76_super32k_v3 --jsonl-output /mnt/nvme1n1/PipeANN-github/experiments/v100_querycache_optimized_full_replay_v5_20260601T221943Z/tmp/selected_0134.jsonl --insert-threads 16 --search-threads 1 --merge-threads 16 --build-l 220 --build-r 116 --beamwidth 4 --k 10 --cpu-cap 8 --metric l2 --route prefilter --search-l 50 --data-bin experiments/v100_pq_drift_1m_baseline_20260601T043217Z/data/phaseC_cycle04_live_data_by_tag.bin --base-label-file experiments/v100_pq_drift_1m_baseline_20260601T043217Z/labels/base_labels_1000000.spmat --query-bin /mnt/nvme1n1/PipeANN-github/experiments/r116_suite_pq16_aris_20260520_072453/data/sift_query_1000.bin --truthset-bin experiments/v100_pq_drift_1m_baseline_20260601T043217Z/truth/phaseC_cycle04_range_u1e-01.bin --query-label-file /mnt/nvme1n1/PipeANN-github/experiments/r116_suite_pq16_aris_20260520_072453/labels/query_1000_range_u1e-01.spmat --selector-type range --query-limit 1000,98.71,3.456876754760742,taskset -c 20-27 /mnt/nvme1n1/PipeANN-github/build_reviewed_20260602_querycache/tests/dynamic_update_suite_driver --mode measure-dynamic-search --source-prefix /mnt/nvme1n1/PipeANN-supersector32k-work/indexes/phaseC_cycle04_retrain_each_cycle_6ccb5e6e76_super32k_v3 --jsonl-output /mnt/nvme1n1/PipeANN-github/experiments/v100_querycache_optimized_full_replay_v5_20260601T221943Z/tmp/selected_0134.jsonl --insert-threads 16 --search-threads 1 --merge-threads 16 --build-l 220 --build-r 116 --beamwidth 4 --k 10 --cpu-cap 8 --metric l2 --route prefilter --search-l 50 --data-bin experiments/v100_pq_drift_1m_baseline_20260601T043217Z/data/phaseC_cycle04_live_data_by_tag.bin --base-label-file experiments/v100_pq_drift_1m_baseline_20260601T043217Z/labels/base_labels_1000000.spmat --query-bin /mnt/nvme1n1/PipeANN-github/experiments/r116_suite_pq16_aris_20260520_072453/data/sift_query_1000.bin --truthset-bin experiments/v100_pq_drift_1m_baseline_20260601T043217Z/truth/phaseC_cycle04_range_u1e-01.bin --query-label-file /mnt/nvme1n1/PipeANN-github/experiments/r116_suite_pq16_aris_20260520_072453/labels/query_1000_range_u1e-01.spmat --selector-type range --query-limit 1000,prefilter,134,283676,282372,50,post_hoc_retuned_fastest_feasible_recall_ge_98,range,/mnt/nvme1n1/PipeANN-supersector32k-work/indexes/phaseC_cycle04_retrain_each_cycle_6ccb5e6e76_super32k_v3,ok,116558,1,0,/mnt/nvme1n1/PipeANN-github/experiments/v100_pq_drift_1m_baseline_20260601T043217Z/indexes/phaseC_cycle04_retrain_each_cycle,/mnt/nvme1n1/PipeANN-supersector32k-work/indexes/phaseC_cycle04_retrain_each_cycle_6ccb5e6e76_super32k_v3,retrain_each_cycle,1.872862
prefilter,4084.824145,u25,250000.0,300,20-27,8,True,phaseC_cycle04_retrain_each_cycle,,4.085083,0,0,1,,10000,0,16,supersector32k,page_aware_slots,3,1000000,281780,116558,250000.0,0.0,0.0,0.0,0.0,345.534,250000.0,0.0,345.534,4080.886,1415307.264,327.07,116558,measure-dynamic-search,4086.035,0.0,0.0,4221.128,355.0,250000.0,0.0,355.0,4217.0,1454080.0,4407.638,4096,measure-dynamic-search,4096,1000000,16,1000,281780,244.793078,1204,281780,/mnt/nvme1n1/PipeANN-github/build_reviewed_20260602_querycache/tests/dynamic_update_suite_driver --mode measure-dynamic-search --source-prefix /mnt/nvme1n1/PipeANN-supersector32k-work/indexes/phaseC_cycle04_retrain_each_cycle_6ccb5e6e76_super32k_v3 --jsonl-output /mnt/nvme1n1/PipeANN-github/experiments/v100_querycache_optimized_full_replay_v5_20260601T221943Z/tmp/selected_0135.jsonl --insert-threads 16 --search-threads 1 --merge-threads 16 --build-l 220 --build-r 116 --beamwidth 4 --k 10 --cpu-cap 8 --metric l2 --route prefilter --search-l 300 --data-bin experiments/v100_pq_drift_1m_baseline_20260601T043217Z/data/phaseC_cycle04_live_data_by_tag.bin --base-label-file experiments/v100_pq_drift_1m_baseline_20260601T043217Z/labels/base_labels_1000000.spmat --query-bin /mnt/nvme1n1/PipeANN-github/experiments/r116_suite_pq16_aris_20260520_072453/data/sift_query_1000.bin --truthset-bin experiments/v100_pq_drift_1m_baseline_20260601T043217Z/truth/phaseC_cycle04_range_u25.bin --query-label-file /mnt/nvme1n1/PipeANN-github/experiments/r116_suite_pq16_aris_20260520_072453/labels/query_1000_range_u25.spmat --selector-type range --query-limit 1000,98.45,5.71174955368042,taskset -c 20-27 /mnt/nvme1n1/PipeANN-github/build_reviewed_20260602_querycache/tests/dynamic_update_suite_driver --mode measure-dynamic-search --source-prefix /mnt/nvme1n1/PipeANN-supersector32k-work/indexes/phaseC_cycle04_retrain_each_cycle_6ccb5e6e76_super32k_v3 --jsonl-output /mnt/nvme1n1/PipeANN-github/experiments/v100_querycache_optimized_full_replay_v5_20260601T221943Z/tmp/selected_0135.jsonl --insert-threads 16 --search-threads 1 --merge-threads 16 --build-l 220 --build-r 116 --beamwidth 4 --k 10 --cpu-cap 8 --metric l2 --route prefilter --search-l 300 --data-bin experiments/v100_pq_drift_1m_baseline_20260601T043217Z/data/phaseC_cycle04_live_data_by_tag.bin --base-label-file experiments/v100_pq_drift_1m_baseline_20260601T043217Z/labels/base_labels_1000000.spmat --query-bin /mnt/nvme1n1/PipeANN-github/experiments/r116_suite_pq16_aris_20260520_072453/data/sift_query_1000.bin --truthset-bin experiments/v100_pq_drift_1m_baseline_20260601T043217Z/truth/phaseC_cycle04_range_u25.bin --query-label-file /mnt/nvme1n1/PipeANN-github/experiments/r116_suite_pq16_aris_20260520_072453/labels/query_1000_range_u25.spmat --selector-type range --query-limit 1000,prefilter,135,281780,280576,300,post_hoc_retuned_fastest_feasible_recall_ge_98,range,/mnt/nvme1n1/PipeANN-supersector32k-work/indexes/phaseC_cycle04_retrain_each_cycle_6ccb5e6e76_super32k_v3,ok,116558,1,0,/mnt/nvme1n1/PipeANN-github/experiments/v100_pq_drift_1m_baseline_20260601T043217Z/indexes/phaseC_cycle04_retrain_each_cycle,/mnt/nvme1n1/PipeANN-supersector32k-work/indexes/phaseC_cycle04_retrain_each_cycle_6ccb5e6e76_super32k_v3,retrain_each_cycle,4.085083
prefilter,4782.476329,u30,300000.0,300,20-27,8,True,phaseC_cycle04_retrain_each_cycle,,4.782794,0,0,1,,10000,0,16,supersector32k,page_aware_slots,3,1000000,281592,116558,300000.0,0.0,0.0,0.0,0.0,345.269,300000.0,0.0,345.269,4778.498,1414221.824,387.381,116558,measure-dynamic-search,4762.71,0.0,0.0,4942.66,356.0,300000.0,0.0,356.0,4939.0,1458176.0,5279.97,4096,measure-dynamic-search,4096,1000000,16,1000,281592,209.082809,1076,281592,/mnt/nvme1n1/PipeANN-github/build_reviewed_20260602_querycache/tests/dynamic_update_suite_driver --mode measure-dynamic-search --source-prefix /mnt/nvme1n1/PipeANN-supersector32k-work/indexes/phaseC_cycle04_retrain_each_cycle_6ccb5e6e76_super32k_v3 --jsonl-output /mnt/nvme1n1/PipeANN-github/experiments/v100_querycache_optimized_full_replay_v5_20260601T221943Z/tmp/selected_0136.jsonl --insert-threads 16 --search-threads 1 --merge-threads 16 --build-l 220 --build-r 116 --beamwidth 4 --k 10 --cpu-cap 8 --metric l2 --route prefilter --search-l 300 --data-bin experiments/v100_pq_drift_1m_baseline_20260601T043217Z/data/phaseC_cycle04_live_data_by_tag.bin --base-label-file experiments/v100_pq_drift_1m_baseline_20260601T043217Z/labels/base_labels_1000000.spmat --query-bin /mnt/nvme1n1/PipeANN-github/experiments/r116_suite_pq16_aris_20260520_072453/data/sift_query_1000.bin --truthset-bin experiments/v100_pq_drift_1m_baseline_20260601T043217Z/truth/phaseC_cycle04_range_u30.bin --query-label-file /mnt/nvme1n1/PipeANN-github/experiments/r116_suite_pq16_aris_20260520_072453/labels/query_1000_range_u30.spmat --selector-type range --query-limit 1000,98.46,6.4079368114471436,taskset -c 20-27 /mnt/nvme1n1/PipeANN-github/build_reviewed_20260602_querycache/tests/dynamic_update_suite_driver --mode measure-dynamic-search --source-prefix /mnt/nvme1n1/PipeANN-supersector32k-work/indexes/phaseC_cycle04_retrain_each_cycle_6ccb5e6e76_super32k_v3 --jsonl-output /mnt/nvme1n1/PipeANN-github/experiments/v100_querycache_optimized_full_replay_v5_20260601T221943Z/tmp/selected_0136.jsonl --insert-threads 16 --search-threads 1 --merge-threads 16 --build-l 220 --build-r 116 --beamwidth 4 --k 10 --cpu-cap 8 --metric l2 --route prefilter --search-l 300 --data-bin experiments/v100_pq_drift_1m_baseline_20260601T043217Z/data/phaseC_cycle04_live_data_by_tag.bin --base-label-file experiments/v100_pq_drift_1m_baseline_20260601T043217Z/labels/base_labels_1000000.spmat --query-bin /mnt/nvme1n1/PipeANN-github/experiments/r116_suite_pq16_aris_20260520_072453/data/sift_query_1000.bin --truthset-bin experiments/v100_pq_drift_1m_baseline_20260601T043217Z/truth/phaseC_cycle04_range_u30.bin --query-label-file /mnt/nvme1n1/PipeANN-github/experiments/r116_suite_pq16_aris_20260520_072453/labels/query_1000_range_u30.spmat --selector-type range --query-limit 1000,prefilter,136,281592,280516,300,post_hoc_retuned_fastest_feasible_recall_ge_98,range,/mnt/nvme1n1/PipeANN-supersector32k-work/indexes/phaseC_cycle04_retrain_each_cycle_6ccb5e6e76_super32k_v3,ok,116558,1,0,/mnt/nvme1n1/PipeANN-github/experiments/v100_pq_drift_1m_baseline_20260601T043217Z/indexes/phaseC_cycle04_retrain_each_cycle,/mnt/nvme1n1/PipeANN-supersector32k-work/indexes/phaseC_cycle04_retrain_each_cycle_6ccb5e6e76_super32k_v3,retrain_each_cycle,4.782794
prefilter,7426.554956,u50,500000.0,300,20-27,8,True,phaseC_cycle04_retrain_each_cycle,,7.426874,0,0,1,,10000,0,16,supersector32k,page_aware_slots,3,1000000,281716,116558,500000.0,0.0,0.0,0.0,0.0,345.786,500000.0,0.0,345.786,7421.164,1416339.456,603.142,116558,measure-dynamic-search,7390.784,0.0,0.0,7643.487,356.0,500000.0,0.0,356.0,7636.0,1458176.0,8361.08,4096,measure-dynamic-search,4096,1000000,16,1000,281716,134.646145,1072,281716,/mnt/nvme1n1/PipeANN-github/build_reviewed_20260602_querycache/tests/dynamic_update_suite_driver --mode measure-dynamic-search --source-prefix /mnt/nvme1n1/PipeANN-supersector32k-work/indexes/phaseC_cycle04_retrain_each_cycle_6ccb5e6e76_super32k_v3 --jsonl-output /mnt/nvme1n1/PipeANN-github/experiments/v100_querycache_optimized_full_replay_v5_20260601T221943Z/tmp/selected_0137.jsonl --insert-threads 16 --search-threads 1 --merge-threads 16 --build-l 220 --build-r 116 --beamwidth 4 --k 10 --cpu-cap 8 --metric l2 --route prefilter --search-l 300 --data-bin experiments/v100_pq_drift_1m_baseline_20260601T043217Z/data/phaseC_cycle04_live_data_by_tag.bin --base-label-file experiments/v100_pq_drift_1m_baseline_20260601T043217Z/labels/base_labels_1000000.spmat --query-bin /mnt/nvme1n1/PipeANN-github/experiments/r116_suite_pq16_aris_20260520_072453/data/sift_query_1000.bin --truthset-bin experiments/v100_pq_drift_1m_baseline_20260601T043217Z/truth/phaseC_cycle04_range_u50.bin --query-label-file /mnt/nvme1n1/PipeANN-github/experiments/r116_suite_pq16_aris_20260520_072453/labels/query_1000_range_u50.spmat --selector-type range --query-limit 1000,98.39,9.051086664199829,taskset -c 20-27 /mnt/nvme1n1/PipeANN-github/build_reviewed_20260602_querycache/tests/dynamic_update_suite_driver --mode measure-dynamic-search --source-prefix /mnt/nvme1n1/PipeANN-supersector32k-work/indexes/phaseC_cycle04_retrain_each_cycle_6ccb5e6e76_super32k_v3 --jsonl-output /mnt/nvme1n1/PipeANN-github/experiments/v100_querycache_optimized_full_replay_v5_20260601T221943Z/tmp/selected_0137.jsonl --insert-threads 16 --search-threads 1 --merge-threads 16 --build-l 220 --build-r 116 --beamwidth 4 --k 10 --cpu-cap 8 --metric l2 --route prefilter --search-l 300 --data-bin experiments/v100_pq_drift_1m_baseline_20260601T043217Z/data/phaseC_cycle04_live_data_by_tag.bin --base-label-file experiments/v100_pq_drift_1m_baseline_20260601T043217Z/labels/base_labels_1000000.spmat --query-bin /mnt/nvme1n1/PipeANN-github/experiments/r116_suite_pq16_aris_20260520_072453/data/sift_query_1000.bin --truthset-bin experiments/v100_pq_drift_1m_baseline_20260601T043217Z/truth/phaseC_cycle04_range_u50.bin --query-label-file /mnt/nvme1n1/PipeANN-github/experiments/r116_suite_pq16_aris_20260520_072453/labels/query_1000_range_u50.spmat --selector-type range --query-limit 1000,prefilter,137,257284,280644,300,post_hoc_retuned_fastest_feasible_recall_ge_98,range,/mnt/nvme1n1/PipeANN-supersector32k-work/indexes/phaseC_cycle04_retrain_each_cycle_6ccb5e6e76_super32k_v3,ok,116558,1,0,/mnt/nvme1n1/PipeANN-github/experiments/v100_pq_drift_1m_baseline_20260601T043217Z/indexes/phaseC_cycle04_retrain_each_cycle,/mnt/nvme1n1/PipeANN-supersector32k-work/indexes/phaseC_cycle04_retrain_each_cycle_6ccb5e6e76_super32k_v3,retrain_each_cycle,7.426874
mixed,6358.551208,u75,750000.0,450,20-27,8,True,phaseC_cycle04_retrain_each_cycle,,6.358807,0,1000,1,,10000,0,16,supersector32k,page_aware_slots,3,1000000,295720,116558,750000.0,22713.244,0.0,5902.297,0.0,526.135,22713.244,0.0,526.135,6014.507,2155048.96,67.247,116558,measure-dynamic-search,6338.656,28881.0,0.0,6686.552,545.0,28881.0,0.0,545.0,6334.0,2232320.0,7089.113,4096,measure-dynamic-search,4096,1000000,16,0,295720,157.262203,15188,295720,/mnt/nvme1n1/PipeANN-github/build_reviewed_20260602_querycache/tests/dynamic_update_suite_driver --mode measure-dynamic-search --source-prefix /mnt/nvme1n1/PipeANN-supersector32k-work/indexes/phaseC_cycle04_retrain_each_cycle_6ccb5e6e76_super32k_v3 --jsonl-output /mnt/nvme1n1/PipeANN-github/experiments/v100_querycache_optimized_full_replay_v5_20260601T221943Z/tmp/selected_0138.jsonl --insert-threads 16 --search-threads 1 --merge-threads 16 --build-l 220 --build-r 116 --beamwidth 8 --k 10 --cpu-cap 8 --metric l2 --route graph --search-l 450 --data-bin experiments/v100_pq_drift_1m_baseline_20260601T043217Z/data/phaseC_cycle04_live_data_by_tag.bin --base-label-file experiments/v100_pq_drift_1m_baseline_20260601T043217Z/labels/base_labels_1000000.spmat --query-bin /mnt/nvme1n1/PipeANN-github/experiments/r116_suite_pq16_aris_20260520_072453/data/sift_query_1000.bin --truthset-bin experiments/v100_pq_drift_1m_baseline_20260601T043217Z/truth/phaseC_cycle04_range_u75.bin --query-label-file /mnt/nvme1n1/PipeANN-github/experiments/r116_suite_pq16_aris_20260520_072453/labels/query_1000_range_u75.spmat --selector-type range --query-limit 1000,98.15,7.970587253570557,taskset -c 20-27 /mnt/nvme1n1/PipeANN-github/build_reviewed_20260602_querycache/tests/dynamic_update_suite_driver --mode measure-dynamic-search --source-prefix /mnt/nvme1n1/PipeANN-supersector32k-work/indexes/phaseC_cycle04_retrain_each_cycle_6ccb5e6e76_super32k_v3 --jsonl-output /mnt/nvme1n1/PipeANN-github/experiments/v100_querycache_optimized_full_replay_v5_20260601T221943Z/tmp/selected_0138.jsonl --insert-threads 16 --search-threads 1 --merge-threads 16 --build-l 220 --build-r 116 --beamwidth 8 --k 10 --cpu-cap 8 --metric l2 --route graph --search-l 450 --data-bin experiments/v100_pq_drift_1m_baseline_20260601T043217Z/data/phaseC_cycle04_live_data_by_tag.bin --base-label-file experiments/v100_pq_drift_1m_baseline_20260601T043217Z/labels/base_labels_1000000.spmat --query-bin /mnt/nvme1n1/PipeANN-github/experiments/r116_suite_pq16_aris_20260520_072453/data/sift_query_1000.bin --truthset-bin experiments/v100_pq_drift_1m_baseline_20260601T043217Z/truth/phaseC_cycle04_range_u75.bin --query-label-file /mnt/nvme1n1/PipeANN-github/experiments/r116_suite_pq16_aris_20260520_072453/labels/query_1000_range_u75.spmat --selector-type range --query-limit 1000,graph,138,295720,280532,450,querycache_plus_super32k_beamwidth_8_source_row_138,range,/mnt/nvme1n1/PipeANN-supersector32k-work/indexes/phaseC_cycle04_retrain_each_cycle_6ccb5e6e76_super32k_v3,ok,116558,1,0,/mnt/nvme1n1/PipeANN-github/experiments/v100_pq_drift_1m_baseline_20260601T043217Z/indexes/phaseC_cycle04_retrain_each_cycle,/mnt/nvme1n1/PipeANN-supersector32k-work/indexes/phaseC_cycle04_retrain_each_cycle_6ccb5e6e76_super32k_v3,retrain_each_cycle,6.358807
mixed,5720.729362,u100,1000000.0,400,20-27,8,True,phaseC_cycle04_retrain_each_cycle,,5.720964,0,1000,1,,10000,0,16,supersector32k,page_aware_slots,3,1000000,293756,116558,1000000.0,20891.814,0.0,5278.706,0.0,469.799,20891.814,0.0,469.799,5399.939,1924296.704,71.723,116558,measure-dynamic-search,5682.102,26524.0,0.0,6005.865,487.0,26524.0,0.0,487.0,5683.0,1994752.0,6369.763,4096,measure-dynamic-search,4096,1000000,16,0,293756,174.795721,13080,293756,/mnt/nvme1n1/PipeANN-github/build_reviewed_20260602_querycache/tests/dynamic_update_suite_driver --mode measure-dynamic-search --source-prefix /mnt/nvme1n1/PipeANN-supersector32k-work/indexes/phaseC_cycle04_retrain_each_cycle_6ccb5e6e76_super32k_v3 --jsonl-output /mnt/nvme1n1/PipeANN-github/experiments/v100_querycache_optimized_full_replay_v5_20260601T221943Z/tmp/selected_0139.jsonl --insert-threads 16 --search-threads 1 --merge-threads 16 --build-l 220 --build-r 116 --beamwidth 8 --k 10 --cpu-cap 8 --metric l2 --route graph --search-l 400 --data-bin experiments/v100_pq_drift_1m_baseline_20260601T043217Z/data/phaseC_cycle04_live_data_by_tag.bin --base-label-file experiments/v100_pq_drift_1m_baseline_20260601T043217Z/labels/base_labels_1000000.spmat --query-bin /mnt/nvme1n1/PipeANN-github/experiments/r116_suite_pq16_aris_20260520_072453/data/sift_query_1000.bin --truthset-bin experiments/v100_pq_drift_1m_baseline_20260601T043217Z/truth/phaseC_cycle04_range_u100.bin --query-label-file /mnt/nvme1n1/PipeANN-github/experiments/r116_suite_pq16_aris_20260520_072453/labels/query_1000_range_u100.spmat --selector-type range --query-limit 1000,98.42,7.430155038833618,taskset -c 20-27 /mnt/nvme1n1/PipeANN-github/build_reviewed_20260602_querycache/tests/dynamic_update_suite_driver --mode measure-dynamic-search --source-prefix /mnt/nvme1n1/PipeANN-supersector32k-work/indexes/phaseC_cycle04_retrain_each_cycle_6ccb5e6e76_super32k_v3 --jsonl-output /mnt/nvme1n1/PipeANN-github/experiments/v100_querycache_optimized_full_replay_v5_20260601T221943Z/tmp/selected_0139.jsonl --insert-threads 16 --search-threads 1 --merge-threads 16 --build-l 220 --build-r 116 --beamwidth 8 --k 10 --cpu-cap 8 --metric l2 --route graph --search-l 400 --data-bin experiments/v100_pq_drift_1m_baseline_20260601T043217Z/data/phaseC_cycle04_live_data_by_tag.bin --base-label-file experiments/v100_pq_drift_1m_baseline_20260601T043217Z/labels/base_labels_1000000.spmat --query-bin /mnt/nvme1n1/PipeANN-github/experiments/r116_suite_pq16_aris_20260520_072453/data/sift_query_1000.bin --truthset-bin experiments/v100_pq_drift_1m_baseline_20260601T043217Z/truth/phaseC_cycle04_range_u100.bin --query-label-file /mnt/nvme1n1/PipeANN-github/experiments/r116_suite_pq16_aris_20260520_072453/labels/query_1000_range_u100.spmat --selector-type range --query-limit 1000,graph,139,293756,280676,400,querycache_highrisk_beamwidth_8_source_row_139,range,/mnt/nvme1n1/PipeANN-supersector32k-work/indexes/phaseC_cycle04_retrain_each_cycle_6ccb5e6e76_super32k_v3,ok,116558,1,0,/mnt/nvme1n1/PipeANN-github/experiments/v100_pq_drift_1m_baseline_20260601T043217Z/indexes/phaseC_cycle04_retrain_each_cycle,/mnt/nvme1n1/PipeANN-supersector32k-work/indexes/phaseC_cycle04_retrain_each_cycle_6ccb5e6e76_super32k_v3,retrain_each_cycle,5.720964
prefilter,207.13296,u1e-03,1000.0,100,20-27,8,True,phaseC_cycle04_no_retrain_across_cycles,,0.207262,0,0,1,,10000,0,16,supersector32k,page_aware_slots,3,1000000,285252,98030,1000.0,0.0,0.0,0.0,0.0,117.308,1000.0,0.0,117.308,204.249,480493.568,51.289,98030,measure-dynamic-search,204.322,0.0,0.0,224.187,122.0,1000.0,0.0,122.0,221.0,499712.0,255.239,4096,measure-dynamic-search,4096,1000000,16,1000,285252,4824.805475,984,285252,/mnt/nvme1n1/PipeANN-github/build_reviewed_20260602_querycache/tests/dynamic_update_suite_driver --mode measure-dynamic-search --source-prefix /mnt/nvme1n1/PipeANN-supersector32k-work/indexes/phaseC_cycle04_no_retrain_after_insert_045f1282cd_super32k_v3 --jsonl-output /mnt/nvme1n1/PipeANN-github/experiments/v100_querycache_optimized_full_replay_v5_20260601T221943Z/tmp/selected_0140.jsonl --insert-threads 16 --search-threads 1 --merge-threads 16 --build-l 220 --build-r 116 --beamwidth 4 --k 10 --cpu-cap 8 --metric l2 --route prefilter --search-l 100 --data-bin experiments/v100_pq_drift_1m_baseline_20260601T043217Z/data/phaseC_cycle04_live_data_by_tag.bin --base-label-file experiments/v100_pq_drift_1m_baseline_20260601T043217Z/labels/base_labels_1000000.spmat --query-bin /mnt/nvme1n1/PipeANN-github/experiments/r116_suite_pq16_aris_20260520_072453/data/sift_query_1000.bin --truthset-bin experiments/v100_pq_drift_1m_baseline_20260601T043217Z/truth/phaseC_cycle04_intersect_u1e-03.bin --query-label-file /mnt/nvme1n1/PipeANN-github/experiments/r116_suite_pq16_aris_20260520_072453/labels/query_1000_u1e-03.spmat --selector-type intersect --query-limit 1000,99.99,2.3700344562530518,taskset -c 20-27 /mnt/nvme1n1/PipeANN-github/build_reviewed_20260602_querycache/tests/dynamic_update_suite_driver --mode measure-dynamic-search --source-prefix /mnt/nvme1n1/PipeANN-supersector32k-work/indexes/phaseC_cycle04_no_retrain_after_insert_045f1282cd_super32k_v3 --jsonl-output /mnt/nvme1n1/PipeANN-github/experiments/v100_querycache_optimized_full_replay_v5_20260601T221943Z/tmp/selected_0140.jsonl --insert-threads 16 --search-threads 1 --merge-threads 16 --build-l 220 --build-r 116 --beamwidth 4 --k 10 --cpu-cap 8 --metric l2 --route prefilter --search-l 100 --data-bin experiments/v100_pq_drift_1m_baseline_20260601T043217Z/data/phaseC_cycle04_live_data_by_tag.bin --base-label-file experiments/v100_pq_drift_1m_baseline_20260601T043217Z/labels/base_labels_1000000.spmat --query-bin /mnt/nvme1n1/PipeANN-github/experiments/r116_suite_pq16_aris_20260520_072453/data/sift_query_1000.bin --truthset-bin experiments/v100_pq_drift_1m_baseline_20260601T043217Z/truth/phaseC_cycle04_intersect_u1e-03.bin --query-label-file /mnt/nvme1n1/PipeANN-github/experiments/r116_suite_pq16_aris_20260520_072453/labels/query_1000_u1e-03.spmat --selector-type intersect --query-limit 1000,prefilter,140,285252,284268,100,post_hoc_retuned_fastest_feasible_recall_ge_98,intersect,/mnt/nvme1n1/PipeANN-supersector32k-work/indexes/phaseC_cycle04_no_retrain_after_insert_045f1282cd_super32k_v3,ok,98030,1,0,/mnt/nvme1n1/PipeANN-github/experiments/v100_pq_drift_1m_baseline_20260601T043217Z/indexes/phaseC_cycle04_no_retrain_after_insert,/mnt/nvme1n1/PipeANN-supersector32k-work/indexes/phaseC_cycle04_no_retrain_after_insert_045f1282cd_super32k_v3,no_retrain_across_cycles,0.207262
prefilter,288.652493,u3e-03,3000.0,75,20-27,8,True,phaseC_cycle04_no_retrain_across_cycles,,0.288806,0,0,1,,10000,0,16,supersector32k,page_aware_slots,3,1000000,285700,98030,3000.0,0.0,0.0,0.0,0.0,112.03,3000.0,0.0,112.03,285.614,458874.88,81.951,98030,measure-dynamic-search,284.71,0.0,0.0,313.733,118.0,3000.0,0.0,118.0,311.0,483328.0,357.649,4096,measure-dynamic-search,4096,1000000,16,1000,285700,3462.535143,1436,285700,/mnt/nvme1n1/PipeANN-github/build_reviewed_20260602_querycache/tests/dynamic_update_suite_driver --mode measure-dynamic-search --source-prefix /mnt/nvme1n1/PipeANN-supersector32k-work/indexes/phaseC_cycle04_no_retrain_after_insert_045f1282cd_super32k_v3 --jsonl-output /mnt/nvme1n1/PipeANN-github/experiments/v100_querycache_optimized_full_replay_v5_20260601T221943Z/tmp/selected_0141.jsonl --insert-threads 16 --search-threads 1 --merge-threads 16 --build-l 220 --build-r 116 --beamwidth 4 --k 10 --cpu-cap 8 --metric l2 --route prefilter --search-l 75 --data-bin experiments/v100_pq_drift_1m_baseline_20260601T043217Z/data/phaseC_cycle04_live_data_by_tag.bin --base-label-file experiments/v100_pq_drift_1m_baseline_20260601T043217Z/labels/base_labels_1000000.spmat --query-bin /mnt/nvme1n1/PipeANN-github/experiments/r116_suite_pq16_aris_20260520_072453/data/sift_query_1000.bin --truthset-bin experiments/v100_pq_drift_1m_baseline_20260601T043217Z/truth/phaseC_cycle04_intersect_u3e-03.bin --query-label-file /mnt/nvme1n1/PipeANN-github/experiments/r116_suite_pq16_aris_20260520_072453/labels/query_1000_u3e-03.spmat --selector-type intersect --query-limit 1000,99.76,2.41327166557312,taskset -c 20-27 /mnt/nvme1n1/PipeANN-github/build_reviewed_20260602_querycache/tests/dynamic_update_suite_driver --mode measure-dynamic-search --source-prefix /mnt/nvme1n1/PipeANN-supersector32k-work/indexes/phaseC_cycle04_no_retrain_after_insert_045f1282cd_super32k_v3 --jsonl-output /mnt/nvme1n1/PipeANN-github/experiments/v100_querycache_optimized_full_replay_v5_20260601T221943Z/tmp/selected_0141.jsonl --insert-threads 16 --search-threads 1 --merge-threads 16 --build-l 220 --build-r 116 --beamwidth 4 --k 10 --cpu-cap 8 --metric l2 --route prefilter --search-l 75 --data-bin experiments/v100_pq_drift_1m_baseline_20260601T043217Z/data/phaseC_cycle04_live_data_by_tag.bin --base-label-file experiments/v100_pq_drift_1m_baseline_20260601T043217Z/labels/base_labels_1000000.spmat --query-bin /mnt/nvme1n1/PipeANN-github/experiments/r116_suite_pq16_aris_20260520_072453/data/sift_query_1000.bin --truthset-bin experiments/v100_pq_drift_1m_baseline_20260601T043217Z/truth/phaseC_cycle04_intersect_u3e-03.bin --query-label-file /mnt/nvme1n1/PipeANN-github/experiments/r116_suite_pq16_aris_20260520_072453/labels/query_1000_u3e-03.spmat --selector-type intersect --query-limit 1000,prefilter,141,285700,284264,75,post_hoc_retuned_fastest_feasible_recall_ge_98,intersect,/mnt/nvme1n1/PipeANN-supersector32k-work/indexes/phaseC_cycle04_no_retrain_after_insert_045f1282cd_super32k_v3,ok,98030,1,0,/mnt/nvme1n1/PipeANN-github/experiments/v100_pq_drift_1m_baseline_20260601T043217Z/indexes/phaseC_cycle04_no_retrain_after_insert,/mnt/nvme1n1/PipeANN-supersector32k-work/indexes/phaseC_cycle04_no_retrain_after_insert_045f1282cd_super32k_v3,no_retrain_across_cycles,0.288806
prefilter,570.723631,u1e-02,10000.0,100,20-27,8,True,phaseC_cycle04_no_retrain_across_cycles,,0.570896,0,0,1,,10000,0,16,supersector32k,page_aware_slots,3,1000000,285784,98030,10000.0,0.0,0.0,0.0,0.0,147.833,10000.0,0.0,147.833,567.296,605523.968,159.819,98030,measure-dynamic-search,564.821,0.0,0.0,616.202,155.0,10000.0,0.0,155.0,613.0,634880.0,669.724,4096,measure-dynamic-search,4096,1000000,16,1000,285784,1751.631552,1312,285784,/mnt/nvme1n1/PipeANN-github/build_reviewed_20260602_querycache/tests/dynamic_update_suite_driver --mode measure-dynamic-search --source-prefix /mnt/nvme1n1/PipeANN-supersector32k-work/indexes/phaseC_cycle04_no_retrain_after_insert_045f1282cd_super32k_v3 --jsonl-output /mnt/nvme1n1/PipeANN-github/experiments/v100_querycache_optimized_full_replay_v5_20260601T221943Z/tmp/selected_0142.jsonl --insert-threads 16 --search-threads 1 --merge-threads 16 --build-l 220 --build-r 116 --beamwidth 4 --k 10 --cpu-cap 8 --metric l2 --route prefilter --search-l 100 --data-bin experiments/v100_pq_drift_1m_baseline_20260601T043217Z/data/phaseC_cycle04_live_data_by_tag.bin --base-label-file experiments/v100_pq_drift_1m_baseline_20260601T043217Z/labels/base_labels_1000000.spmat --query-bin /mnt/nvme1n1/PipeANN-github/experiments/r116_suite_pq16_aris_20260520_072453/data/sift_query_1000.bin --truthset-bin experiments/v100_pq_drift_1m_baseline_20260601T043217Z/truth/phaseC_cycle04_intersect_u1e-02.bin --query-label-file /mnt/nvme1n1/PipeANN-github/experiments/r116_suite_pq16_aris_20260520_072453/labels/query_1000_u1e-02.spmat --selector-type intersect --query-limit 1000,99.63,2.686946392059326,taskset -c 20-27 /mnt/nvme1n1/PipeANN-github/build_reviewed_20260602_querycache/tests/dynamic_update_suite_driver --mode measure-dynamic-search --source-prefix /mnt/nvme1n1/PipeANN-supersector32k-work/indexes/phaseC_cycle04_no_retrain_after_insert_045f1282cd_super32k_v3 --jsonl-output /mnt/nvme1n1/PipeANN-github/experiments/v100_querycache_optimized_full_replay_v5_20260601T221943Z/tmp/selected_0142.jsonl --insert-threads 16 --search-threads 1 --merge-threads 16 --build-l 220 --build-r 116 --beamwidth 4 --k 10 --cpu-cap 8 --metric l2 --route prefilter --search-l 100 --data-bin experiments/v100_pq_drift_1m_baseline_20260601T043217Z/data/phaseC_cycle04_live_data_by_tag.bin --base-label-file experiments/v100_pq_drift_1m_baseline_20260601T043217Z/labels/base_labels_1000000.spmat --query-bin /mnt/nvme1n1/PipeANN-github/experiments/r116_suite_pq16_aris_20260520_072453/data/sift_query_1000.bin --truthset-bin experiments/v100_pq_drift_1m_baseline_20260601T043217Z/truth/phaseC_cycle04_intersect_u1e-02.bin --query-label-file /mnt/nvme1n1/PipeANN-github/experiments/r116_suite_pq16_aris_20260520_072453/labels/query_1000_u1e-02.spmat --selector-type intersect --query-limit 1000,prefilter,142,285784,284472,100,post_hoc_retuned_fastest_feasible_recall_ge_98,intersect,/mnt/nvme1n1/PipeANN-supersector32k-work/indexes/phaseC_cycle04_no_retrain_after_insert_045f1282cd_super32k_v3,ok,98030,1,0,/mnt/nvme1n1/PipeANN-github/experiments/v100_pq_drift_1m_baseline_20260601T043217Z/indexes/phaseC_cycle04_no_retrain_after_insert,/mnt/nvme1n1/PipeANN-supersector32k-work/indexes/phaseC_cycle04_no_retrain_after_insert_045f1282cd_super32k_v3,no_retrain_across_cycles,0.570896
prefilter,1448.172382,u5e-02,50000.0,50,20-27,8,True,phaseC_cycle04_no_retrain_across_cycles,,1.448381,0,0,1,,10000,0,16,supersector32k,page_aware_slots,3,1000000,285668,98030,50000.0,0.0,0.0,0.0,0.0,184.797,50000.0,0.0,184.797,1444.737,756928.512,260.32,98030,measure-dynamic-search,1439.885,0.0,0.0,1500.146,192.0,50000.0,0.0,192.0,1496.0,786432.0,1558.86,4096,measure-dynamic-search,4096,1000000,16,1000,285668,690.425913,1376,285668,/mnt/nvme1n1/PipeANN-github/build_reviewed_20260602_querycache/tests/dynamic_update_suite_driver --mode measure-dynamic-search --source-prefix /mnt/nvme1n1/PipeANN-supersector32k-work/indexes/phaseC_cycle04_no_retrain_after_insert_045f1282cd_super32k_v3 --jsonl-output /mnt/nvme1n1/PipeANN-github/experiments/v100_querycache_optimized_full_replay_v5_20260601T221943Z/tmp/selected_0143.jsonl --insert-threads 16 --search-threads 1 --merge-threads 16 --build-l 220 --build-r 116 --beamwidth 4 --k 10 --cpu-cap 8 --metric l2 --route prefilter --search-l 50 --data-bin experiments/v100_pq_drift_1m_baseline_20260601T043217Z/data/phaseC_cycle04_live_data_by_tag.bin --base-label-file experiments/v100_pq_drift_1m_baseline_20260601T043217Z/labels/base_labels_1000000.spmat --query-bin /mnt/nvme1n1/PipeANN-github/experiments/r116_suite_pq16_aris_20260520_072453/data/sift_query_1000.bin --truthset-bin experiments/v100_pq_drift_1m_baseline_20260601T043217Z/truth/phaseC_cycle04_intersect_u5e-02.bin --query-label-file /mnt/nvme1n1/PipeANN-github/experiments/r116_suite_pq16_aris_20260520_072453/labels/query_1000_u5e-02.spmat --selector-type intersect --query-limit 1000,99.09,3.5553019046783447,taskset -c 20-27 /mnt/nvme1n1/PipeANN-github/build_reviewed_20260602_querycache/tests/dynamic_update_suite_driver --mode measure-dynamic-search --source-prefix /mnt/nvme1n1/PipeANN-supersector32k-work/indexes/phaseC_cycle04_no_retrain_after_insert_045f1282cd_super32k_v3 --jsonl-output /mnt/nvme1n1/PipeANN-github/experiments/v100_querycache_optimized_full_replay_v5_20260601T221943Z/tmp/selected_0143.jsonl --insert-threads 16 --search-threads 1 --merge-threads 16 --build-l 220 --build-r 116 --beamwidth 4 --k 10 --cpu-cap 8 --metric l2 --route prefilter --search-l 50 --data-bin experiments/v100_pq_drift_1m_baseline_20260601T043217Z/data/phaseC_cycle04_live_data_by_tag.bin --base-label-file experiments/v100_pq_drift_1m_baseline_20260601T043217Z/labels/base_labels_1000000.spmat --query-bin /mnt/nvme1n1/PipeANN-github/experiments/r116_suite_pq16_aris_20260520_072453/data/sift_query_1000.bin --truthset-bin experiments/v100_pq_drift_1m_baseline_20260601T043217Z/truth/phaseC_cycle04_intersect_u5e-02.bin --query-label-file /mnt/nvme1n1/PipeANN-github/experiments/r116_suite_pq16_aris_20260520_072453/labels/query_1000_u5e-02.spmat --selector-type intersect --query-limit 1000,prefilter,143,285668,284292,50,post_hoc_retuned_fastest_feasible_recall_ge_98,intersect,/mnt/nvme1n1/PipeANN-supersector32k-work/indexes/phaseC_cycle04_no_retrain_after_insert_045f1282cd_super32k_v3,ok,98030,1,0,/mnt/nvme1n1/PipeANN-github/experiments/v100_pq_drift_1m_baseline_20260601T043217Z/indexes/phaseC_cycle04_no_retrain_after_insert,/mnt/nvme1n1/PipeANN-supersector32k-work/indexes/phaseC_cycle04_no_retrain_after_insert_045f1282cd_super32k_v3,no_retrain_across_cycles,1.448381
prefilter,2188.824511,u1e-01,100000.0,50,20-27,8,True,phaseC_cycle04_no_retrain_across_cycles,,2.189084,0,0,1,,10000,0,16,supersector32k,page_aware_slots,3,1000000,285688,98030,100000.0,0.0,0.0,0.0,0.0,184.842,100000.0,0.0,184.842,2184.925,757112.832,296.252,98030,measure-dynamic-search,2175.017,0.0,0.0,2262.525,192.0,100000.0,0.0,192.0,2259.0,786432.0,2446.957,4096,measure-dynamic-search,4096,1000000,16,1000,285688,456.811972,1312,285688,/mnt/nvme1n1/PipeANN-github/build_reviewed_20260602_querycache/tests/dynamic_update_suite_driver --mode measure-dynamic-search --source-prefix /mnt/nvme1n1/PipeANN-supersector32k-work/indexes/phaseC_cycle04_no_retrain_after_insert_045f1282cd_super32k_v3 --jsonl-output /mnt/nvme1n1/PipeANN-github/experiments/v100_querycache_optimized_full_replay_v5_20260601T221943Z/tmp/selected_0144.jsonl --insert-threads 16 --search-threads 1 --merge-threads 16 --build-l 220 --build-r 116 --beamwidth 4 --k 10 --cpu-cap 8 --metric l2 --route prefilter --search-l 50 --data-bin experiments/v100_pq_drift_1m_baseline_20260601T043217Z/data/phaseC_cycle04_live_data_by_tag.bin --base-label-file experiments/v100_pq_drift_1m_baseline_20260601T043217Z/labels/base_labels_1000000.spmat --query-bin /mnt/nvme1n1/PipeANN-github/experiments/r116_suite_pq16_aris_20260520_072453/data/sift_query_1000.bin --truthset-bin experiments/v100_pq_drift_1m_baseline_20260601T043217Z/truth/phaseC_cycle04_intersect_u1e-01.bin --query-label-file /mnt/nvme1n1/PipeANN-github/experiments/r116_suite_pq16_aris_20260520_072453/labels/query_1000_u1e-01.spmat --selector-type intersect --query-limit 1000,98.62,4.350677967071533,taskset -c 20-27 /mnt/nvme1n1/PipeANN-github/build_reviewed_20260602_querycache/tests/dynamic_update_suite_driver --mode measure-dynamic-search --source-prefix /mnt/nvme1n1/PipeANN-supersector32k-work/indexes/phaseC_cycle04_no_retrain_after_insert_045f1282cd_super32k_v3 --jsonl-output /mnt/nvme1n1/PipeANN-github/experiments/v100_querycache_optimized_full_replay_v5_20260601T221943Z/tmp/selected_0144.jsonl --insert-threads 16 --search-threads 1 --merge-threads 16 --build-l 220 --build-r 116 --beamwidth 4 --k 10 --cpu-cap 8 --metric l2 --route prefilter --search-l 50 --data-bin experiments/v100_pq_drift_1m_baseline_20260601T043217Z/data/phaseC_cycle04_live_data_by_tag.bin --base-label-file experiments/v100_pq_drift_1m_baseline_20260601T043217Z/labels/base_labels_1000000.spmat --query-bin /mnt/nvme1n1/PipeANN-github/experiments/r116_suite_pq16_aris_20260520_072453/data/sift_query_1000.bin --truthset-bin experiments/v100_pq_drift_1m_baseline_20260601T043217Z/truth/phaseC_cycle04_intersect_u1e-01.bin --query-label-file /mnt/nvme1n1/PipeANN-github/experiments/r116_suite_pq16_aris_20260520_072453/labels/query_1000_u1e-01.spmat --selector-type intersect --query-limit 1000,prefilter,144,285688,284376,50,post_hoc_retuned_fastest_feasible_recall_ge_98,intersect,/mnt/nvme1n1/PipeANN-supersector32k-work/indexes/phaseC_cycle04_no_retrain_after_insert_045f1282cd_super32k_v3,ok,98030,1,0,/mnt/nvme1n1/PipeANN-github/experiments/v100_pq_drift_1m_baseline_20260601T043217Z/indexes/phaseC_cycle04_no_retrain_after_insert,/mnt/nvme1n1/PipeANN-supersector32k-work/indexes/phaseC_cycle04_no_retrain_after_insert_045f1282cd_super32k_v3,no_retrain_across_cycles,2.189084
prefilter,4412.211989,u25,250000.0,300,20-27,8,True,phaseC_cycle04_no_retrain_across_cycles,,4.412667,0,0,1,,10000,0,16,supersector32k,page_aware_slots,3,1000000,285544,98030,250000.0,0.0,0.0,0.0,0.0,345.383,250000.0,0.0,345.383,4408.126,1414688.768,414.93,98030,measure-dynamic-search,4388.716,0.0,0.0,4587.262,356.0,250000.0,0.0,356.0,4583.0,1458176.0,4939.076,4096,measure-dynamic-search,4096,1000000,16,1000,285544,226.62033,1304,285544,/mnt/nvme1n1/PipeANN-github/build_reviewed_20260602_querycache/tests/dynamic_update_suite_driver --mode measure-dynamic-search --source-prefix /mnt/nvme1n1/PipeANN-supersector32k-work/indexes/phaseC_cycle04_no_retrain_after_insert_045f1282cd_super32k_v3 --jsonl-output /mnt/nvme1n1/PipeANN-github/experiments/v100_querycache_optimized_full_replay_v5_20260601T221943Z/tmp/selected_0145.jsonl --insert-threads 16 --search-threads 1 --merge-threads 16 --build-l 220 --build-r 116 --beamwidth 4 --k 10 --cpu-cap 8 --metric l2 --route prefilter --search-l 300 --data-bin experiments/v100_pq_drift_1m_baseline_20260601T043217Z/data/phaseC_cycle04_live_data_by_tag.bin --base-label-file experiments/v100_pq_drift_1m_baseline_20260601T043217Z/labels/base_labels_1000000.spmat --query-bin /mnt/nvme1n1/PipeANN-github/experiments/r116_suite_pq16_aris_20260520_072453/data/sift_query_1000.bin --truthset-bin experiments/v100_pq_drift_1m_baseline_20260601T043217Z/truth/phaseC_cycle04_intersect_u25.bin --query-label-file /mnt/nvme1n1/PipeANN-github/experiments/r116_suite_pq16_aris_20260520_072453/labels/query_1000_u25.spmat --selector-type intersect --query-limit 1000,98.76,6.580637693405151,taskset -c 20-27 /mnt/nvme1n1/PipeANN-github/build_reviewed_20260602_querycache/tests/dynamic_update_suite_driver --mode measure-dynamic-search --source-prefix /mnt/nvme1n1/PipeANN-supersector32k-work/indexes/phaseC_cycle04_no_retrain_after_insert_045f1282cd_super32k_v3 --jsonl-output /mnt/nvme1n1/PipeANN-github/experiments/v100_querycache_optimized_full_replay_v5_20260601T221943Z/tmp/selected_0145.jsonl --insert-threads 16 --search-threads 1 --merge-threads 16 --build-l 220 --build-r 116 --beamwidth 4 --k 10 --cpu-cap 8 --metric l2 --route prefilter --search-l 300 --data-bin experiments/v100_pq_drift_1m_baseline_20260601T043217Z/data/phaseC_cycle04_live_data_by_tag.bin --base-label-file experiments/v100_pq_drift_1m_baseline_20260601T043217Z/labels/base_labels_1000000.spmat --query-bin /mnt/nvme1n1/PipeANN-github/experiments/r116_suite_pq16_aris_20260520_072453/data/sift_query_1000.bin --truthset-bin experiments/v100_pq_drift_1m_baseline_20260601T043217Z/truth/phaseC_cycle04_intersect_u25.bin --query-label-file /mnt/nvme1n1/PipeANN-github/experiments/r116_suite_pq16_aris_20260520_072453/labels/query_1000_u25.spmat --selector-type intersect --query-limit 1000,prefilter,145,285544,284240,300,post_hoc_retuned_fastest_feasible_recall_ge_98,intersect,/mnt/nvme1n1/PipeANN-supersector32k-work/indexes/phaseC_cycle04_no_retrain_after_insert_045f1282cd_super32k_v3,ok,98030,1,0,/mnt/nvme1n1/PipeANN-github/experiments/v100_pq_drift_1m_baseline_20260601T043217Z/indexes/phaseC_cycle04_no_retrain_after_insert,/mnt/nvme1n1/PipeANN-supersector32k-work/indexes/phaseC_cycle04_no_retrain_after_insert_045f1282cd_super32k_v3,no_retrain_across_cycles,4.412667
prefilter,4938.635815,u30,300000.0,250,20-27,8,True,phaseC_cycle04_no_retrain_across_cycles,,4.938952,0,0,1,,10000,0,16,supersector32k,page_aware_slots,3,1000000,285620,98030,300000.0,0.0,0.0,0.0,0.0,287.75,300000.0,0.0,287.75,4934.201,1178624.0,452.781,98030,measure-dynamic-search,4907.623,0.0,0.0,5188.284,297.0,300000.0,0.0,297.0,5183.0,1216512.0,5514.083,4096,measure-dynamic-search,4096,1000000,16,1000,285620,202.472117,1376,285620,/mnt/nvme1n1/PipeANN-github/build_reviewed_20260602_querycache/tests/dynamic_update_suite_driver --mode measure-dynamic-search --source-prefix /mnt/nvme1n1/PipeANN-supersector32k-work/indexes/phaseC_cycle04_no_retrain_after_insert_045f1282cd_super32k_v3 --jsonl-output /mnt/nvme1n1/PipeANN-github/experiments/v100_querycache_optimized_full_replay_v5_20260601T221943Z/tmp/selected_0146.jsonl --insert-threads 16 --search-threads 1 --merge-threads 16 --build-l 220 --build-r 116 --beamwidth 4 --k 10 --cpu-cap 8 --metric l2 --route prefilter --search-l 250 --data-bin experiments/v100_pq_drift_1m_baseline_20260601T043217Z/data/phaseC_cycle04_live_data_by_tag.bin --base-label-file experiments/v100_pq_drift_1m_baseline_20260601T043217Z/labels/base_labels_1000000.spmat --query-bin /mnt/nvme1n1/PipeANN-github/experiments/r116_suite_pq16_aris_20260520_072453/data/sift_query_1000.bin --truthset-bin experiments/v100_pq_drift_1m_baseline_20260601T043217Z/truth/phaseC_cycle04_intersect_u30.bin --query-label-file /mnt/nvme1n1/PipeANN-github/experiments/r116_suite_pq16_aris_20260520_072453/labels/query_1000_u30.spmat --selector-type intersect --query-limit 1000,98.07,7.120534420013428,taskset -c 20-27 /mnt/nvme1n1/PipeANN-github/build_reviewed_20260602_querycache/tests/dynamic_update_suite_driver --mode measure-dynamic-search --source-prefix /mnt/nvme1n1/PipeANN-supersector32k-work/indexes/phaseC_cycle04_no_retrain_after_insert_045f1282cd_super32k_v3 --jsonl-output /mnt/nvme1n1/PipeANN-github/experiments/v100_querycache_optimized_full_replay_v5_20260601T221943Z/tmp/selected_0146.jsonl --insert-threads 16 --search-threads 1 --merge-threads 16 --build-l 220 --build-r 116 --beamwidth 4 --k 10 --cpu-cap 8 --metric l2 --route prefilter --search-l 250 --data-bin experiments/v100_pq_drift_1m_baseline_20260601T043217Z/data/phaseC_cycle04_live_data_by_tag.bin --base-label-file experiments/v100_pq_drift_1m_baseline_20260601T043217Z/labels/base_labels_1000000.spmat --query-bin /mnt/nvme1n1/PipeANN-github/experiments/r116_suite_pq16_aris_20260520_072453/data/sift_query_1000.bin --truthset-bin experiments/v100_pq_drift_1m_baseline_20260601T043217Z/truth/phaseC_cycle04_intersect_u30.bin --query-label-file /mnt/nvme1n1/PipeANN-github/experiments/r116_suite_pq16_aris_20260520_072453/labels/query_1000_u30.spmat --selector-type intersect --query-limit 1000,prefilter,146,285620,284244,250,post_hoc_retuned_fastest_feasible_recall_ge_98,intersect,/mnt/nvme1n1/PipeANN-supersector32k-work/indexes/phaseC_cycle04_no_retrain_after_insert_045f1282cd_super32k_v3,ok,98030,1,0,/mnt/nvme1n1/PipeANN-github/experiments/v100_pq_drift_1m_baseline_20260601T043217Z/indexes/phaseC_cycle04_no_retrain_after_insert,/mnt/nvme1n1/PipeANN-supersector32k-work/indexes/phaseC_cycle04_no_retrain_after_insert_045f1282cd_super32k_v3,no_retrain_across_cycles,4.938952
prefilter,7540.257998,u50,500000.0,300,20-27,8,True,phaseC_cycle04_no_retrain_across_cycles,,7.540717,0,0,1,,10000,0,16,supersector32k,page_aware_slots,3,1000000,285780,98030,500000.0,0.0,0.0,0.0,0.0,346.321,500000.0,0.0,346.321,7535.28,1418530.816,613.887,98030,measure-dynamic-search,7514.073,0.0,0.0,7785.244,357.0,500000.0,0.0,357.0,7781.0,1462272.0,8170.992,4096,measure-dynamic-search,4096,1000000,16,1000,285780,132.613385,1372,285780,/mnt/nvme1n1/PipeANN-github/build_reviewed_20260602_querycache/tests/dynamic_update_suite_driver --mode measure-dynamic-search --source-prefix /mnt/nvme1n1/PipeANN-supersector32k-work/indexes/phaseC_cycle04_no_retrain_after_insert_045f1282cd_super32k_v3 --jsonl-output /mnt/nvme1n1/PipeANN-github/experiments/v100_querycache_optimized_full_replay_v5_20260601T221943Z/tmp/selected_0147.jsonl --insert-threads 16 --search-threads 1 --merge-threads 16 --build-l 220 --build-r 116 --beamwidth 4 --k 10 --cpu-cap 8 --metric l2 --route prefilter --search-l 300 --data-bin experiments/v100_pq_drift_1m_baseline_20260601T043217Z/data/phaseC_cycle04_live_data_by_tag.bin --base-label-file experiments/v100_pq_drift_1m_baseline_20260601T043217Z/labels/base_labels_1000000.spmat --query-bin /mnt/nvme1n1/PipeANN-github/experiments/r116_suite_pq16_aris_20260520_072453/data/sift_query_1000.bin --truthset-bin experiments/v100_pq_drift_1m_baseline_20260601T043217Z/truth/phaseC_cycle04_intersect_u50.bin --query-label-file /mnt/nvme1n1/PipeANN-github/experiments/r116_suite_pq16_aris_20260520_072453/labels/query_1000_u50.spmat --selector-type intersect --query-limit 1000,98.31,9.721857070922852,taskset -c 20-27 /mnt/nvme1n1/PipeANN-github/build_reviewed_20260602_querycache/tests/dynamic_update_suite_driver --mode measure-dynamic-search --source-prefix /mnt/nvme1n1/PipeANN-supersector32k-work/indexes/phaseC_cycle04_no_retrain_after_insert_045f1282cd_super32k_v3 --jsonl-output /mnt/nvme1n1/PipeANN-github/experiments/v100_querycache_optimized_full_replay_v5_20260601T221943Z/tmp/selected_0147.jsonl --insert-threads 16 --search-threads 1 --merge-threads 16 --build-l 220 --build-r 116 --beamwidth 4 --k 10 --cpu-cap 8 --metric l2 --route prefilter --search-l 300 --data-bin experiments/v100_pq_drift_1m_baseline_20260601T043217Z/data/phaseC_cycle04_live_data_by_tag.bin --base-label-file experiments/v100_pq_drift_1m_baseline_20260601T043217Z/labels/base_labels_1000000.spmat --query-bin /mnt/nvme1n1/PipeANN-github/experiments/r116_suite_pq16_aris_20260520_072453/data/sift_query_1000.bin --truthset-bin experiments/v100_pq_drift_1m_baseline_20260601T043217Z/truth/phaseC_cycle04_intersect_u50.bin --query-label-file /mnt/nvme1n1/PipeANN-github/experiments/r116_suite_pq16_aris_20260520_072453/labels/query_1000_u50.spmat --selector-type intersect --query-limit 1000,prefilter,147,285780,284408,300,post_hoc_retuned_fastest_feasible_recall_ge_98,intersect,/mnt/nvme1n1/PipeANN-supersector32k-work/indexes/phaseC_cycle04_no_retrain_after_insert_045f1282cd_super32k_v3,ok,98030,1,0,/mnt/nvme1n1/PipeANN-github/experiments/v100_pq_drift_1m_baseline_20260601T043217Z/indexes/phaseC_cycle04_no_retrain_after_insert,/mnt/nvme1n1/PipeANN-supersector32k-work/indexes/phaseC_cycle04_no_retrain_after_insert_045f1282cd_super32k_v3,no_retrain_across_cycles,7.540717
graph,6662.52908,u75,750000.0,470,20-27,8,True,phaseC_cycle04_no_retrain_across_cycles,,6.662794,0,0,1,,10000,1000,16,supersector32k,page_aware_slots,3,1000000,299136,98030,750000.0,21168.261,0.0,6248.742,0.0,554.231,21168.261,0.0,554.231,6330.551,2270130.176,19.393,98030,measure-dynamic-search,6631.366,27516.0,0.0,7096.012,575.0,27516.0,0.0,575.0,6730.0,2355200.0,7419.412,4096,measure-dynamic-search,4096,1000000,16,0,299136,150.087193,14848,299136,/mnt/nvme1n1/PipeANN-github/build_reviewed_20260602_querycache/tests/dynamic_update_suite_driver --mode measure-dynamic-search --source-prefix /mnt/nvme1n1/PipeANN-supersector32k-work/indexes/phaseC_cycle04_no_retrain_after_insert_045f1282cd_super32k_v3 --jsonl-output /mnt/nvme1n1/PipeANN-github/experiments/v100_querycache_optimized_full_replay_v5_20260601T221943Z/tmp/selected_0148.jsonl --insert-threads 16 --search-threads 1 --merge-threads 16 --build-l 220 --build-r 116 --beamwidth 8 --k 10 --cpu-cap 8 --metric l2 --route graph --search-l 470 --data-bin experiments/v100_pq_drift_1m_baseline_20260601T043217Z/data/phaseC_cycle04_live_data_by_tag.bin --base-label-file experiments/v100_pq_drift_1m_baseline_20260601T043217Z/labels/base_labels_1000000.spmat --query-bin /mnt/nvme1n1/PipeANN-github/experiments/r116_suite_pq16_aris_20260520_072453/data/sift_query_1000.bin --truthset-bin experiments/v100_pq_drift_1m_baseline_20260601T043217Z/truth/phaseC_cycle04_intersect_u75.bin --query-label-file /mnt/nvme1n1/PipeANN-github/experiments/r116_suite_pq16_aris_20260520_072453/labels/query_1000_u75.spmat --selector-type intersect --query-limit 1000,98.08,8.786259174346924,taskset -c 20-27 /mnt/nvme1n1/PipeANN-github/build_reviewed_20260602_querycache/tests/dynamic_update_suite_driver --mode measure-dynamic-search --source-prefix /mnt/nvme1n1/PipeANN-supersector32k-work/indexes/phaseC_cycle04_no_retrain_after_insert_045f1282cd_super32k_v3 --jsonl-output /mnt/nvme1n1/PipeANN-github/experiments/v100_querycache_optimized_full_replay_v5_20260601T221943Z/tmp/selected_0148.jsonl --insert-threads 16 --search-threads 1 --merge-threads 16 --build-l 220 --build-r 116 --beamwidth 8 --k 10 --cpu-cap 8 --metric l2 --route graph --search-l 470 --data-bin experiments/v100_pq_drift_1m_baseline_20260601T043217Z/data/phaseC_cycle04_live_data_by_tag.bin --base-label-file experiments/v100_pq_drift_1m_baseline_20260601T043217Z/labels/base_labels_1000000.spmat --query-bin /mnt/nvme1n1/PipeANN-github/experiments/r116_suite_pq16_aris_20260520_072453/data/sift_query_1000.bin --truthset-bin experiments/v100_pq_drift_1m_baseline_20260601T043217Z/truth/phaseC_cycle04_intersect_u75.bin --query-label-file /mnt/nvme1n1/PipeANN-github/experiments/r116_suite_pq16_aris_20260520_072453/labels/query_1000_u75.spmat --selector-type intersect --query-limit 1000,graph,148,299136,284288,470,querycache_plus_super32k_beamwidth_8_source_row_148,intersect,/mnt/nvme1n1/PipeANN-supersector32k-work/indexes/phaseC_cycle04_no_retrain_after_insert_045f1282cd_super32k_v3,ok,98030,1,0,/mnt/nvme1n1/PipeANN-github/experiments/v100_pq_drift_1m_baseline_20260601T043217Z/indexes/phaseC_cycle04_no_retrain_after_insert,/mnt/nvme1n1/PipeANN-supersector32k-work/indexes/phaseC_cycle04_no_retrain_after_insert_045f1282cd_super32k_v3,no_retrain_across_cycles,6.662794
graph,5811.544881,u100,1000000.0,400,20-27,8,True,phaseC_cycle04_no_retrain_across_cycles,,5.811817,0,0,1,,10000,1000,16,supersector32k,page_aware_slots,3,1000000,301156,98030,1000000.0,18946.757,0.0,5411.077,0.0,475.172,18946.757,0.0,475.172,5498.521,1946304.512,20.227,98030,measure-dynamic-search,5765.52,24560.0,0.0,6272.735,495.0,24560.0,0.0,495.0,5908.0,2027520.0,6640.23,4096,measure-dynamic-search,4096,1000000,16,0,301156,172.063223,14848,301156,/mnt/nvme1n1/PipeANN-github/build_reviewed_20260602_querycache/tests/dynamic_update_suite_driver --mode measure-dynamic-search --source-prefix /mnt/nvme1n1/PipeANN-supersector32k-work/indexes/phaseC_cycle04_no_retrain_after_insert_045f1282cd_super32k_v3 --jsonl-output /mnt/nvme1n1/PipeANN-github/experiments/v100_querycache_optimized_full_replay_v5_20260601T221943Z/tmp/selected_0149.jsonl --insert-threads 16 --search-threads 1 --merge-threads 16 --build-l 220 --build-r 116 --beamwidth 8 --k 10 --cpu-cap 8 --metric l2 --route graph --search-l 400 --data-bin experiments/v100_pq_drift_1m_baseline_20260601T043217Z/data/phaseC_cycle04_live_data_by_tag.bin --base-label-file experiments/v100_pq_drift_1m_baseline_20260601T043217Z/labels/base_labels_1000000.spmat --query-bin /mnt/nvme1n1/PipeANN-github/experiments/r116_suite_pq16_aris_20260520_072453/data/sift_query_1000.bin --truthset-bin experiments/v100_pq_drift_1m_baseline_20260601T043217Z/truth/phaseC_cycle04_intersect_u100.bin --query-label-file /mnt/nvme1n1/PipeANN-github/experiments/r116_suite_pq16_aris_20260520_072453/labels/query_1000_u100.spmat --selector-type intersect --query-limit 1000,98.22,7.990877628326416,taskset -c 20-27 /mnt/nvme1n1/PipeANN-github/build_reviewed_20260602_querycache/tests/dynamic_update_suite_driver --mode measure-dynamic-search --source-prefix /mnt/nvme1n1/PipeANN-supersector32k-work/indexes/phaseC_cycle04_no_retrain_after_insert_045f1282cd_super32k_v3 --jsonl-output /mnt/nvme1n1/PipeANN-github/experiments/v100_querycache_optimized_full_replay_v5_20260601T221943Z/tmp/selected_0149.jsonl --insert-threads 16 --search-threads 1 --merge-threads 16 --build-l 220 --build-r 116 --beamwidth 8 --k 10 --cpu-cap 8 --metric l2 --route graph --search-l 400 --data-bin experiments/v100_pq_drift_1m_baseline_20260601T043217Z/data/phaseC_cycle04_live_data_by_tag.bin --base-label-file experiments/v100_pq_drift_1m_baseline_20260601T043217Z/labels/base_labels_1000000.spmat --query-bin /mnt/nvme1n1/PipeANN-github/experiments/r116_suite_pq16_aris_20260520_072453/data/sift_query_1000.bin --truthset-bin experiments/v100_pq_drift_1m_baseline_20260601T043217Z/truth/phaseC_cycle04_intersect_u100.bin --query-label-file /mnt/nvme1n1/PipeANN-github/experiments/r116_suite_pq16_aris_20260520_072453/labels/query_1000_u100.spmat --selector-type intersect --query-limit 1000,graph,149,301156,286308,400,querycache_highrisk_beamwidth_8_source_row_149,intersect,/mnt/nvme1n1/PipeANN-supersector32k-work/indexes/phaseC_cycle04_no_retrain_after_insert_045f1282cd_super32k_v3,ok,98030,1,0,/mnt/nvme1n1/PipeANN-github/experiments/v100_pq_drift_1m_baseline_20260601T043217Z/indexes/phaseC_cycle04_no_retrain_after_insert,/mnt/nvme1n1/PipeANN-supersector32k-work/indexes/phaseC_cycle04_no_retrain_after_insert_045f1282cd_super32k_v3,no_retrain_across_cycles,5.811817
prefilter,201.360926,u1e-03,1000.0,50,20-27,8,True,phaseC_cycle04_no_retrain_across_cycles,,0.201499,0,0,1,,10000,0,16,supersector32k,page_aware_slots,3,1000000,285804,98030,1000.0,0.0,0.0,0.0,0.0,112.658,1000.0,0.0,112.658,198.535,461447.168,52.499,98030,measure-dynamic-search,198.998,0.0,0.0,219.686,117.0,1000.0,0.0,117.0,216.0,479232.0,250.226,4096,measure-dynamic-search,4096,1000000,16,1000,285804,4962.796471,1432,285804,/mnt/nvme1n1/PipeANN-github/build_reviewed_20260602_querycache/tests/dynamic_update_suite_driver --mode measure-dynamic-search --source-prefix /mnt/nvme1n1/PipeANN-supersector32k-work/indexes/phaseC_cycle04_no_retrain_after_insert_045f1282cd_super32k_v3 --jsonl-output /mnt/nvme1n1/PipeANN-github/experiments/v100_querycache_optimized_full_replay_v5_20260601T221943Z/tmp/selected_0150.jsonl --insert-threads 16 --search-threads 1 --merge-threads 16 --build-l 220 --build-r 116 --beamwidth 4 --k 10 --cpu-cap 8 --metric l2 --route prefilter --search-l 50 --data-bin experiments/v100_pq_drift_1m_baseline_20260601T043217Z/data/phaseC_cycle04_live_data_by_tag.bin --base-label-file experiments/v100_pq_drift_1m_baseline_20260601T043217Z/labels/base_labels_1000000.spmat --query-bin /mnt/nvme1n1/PipeANN-github/experiments/r116_suite_pq16_aris_20260520_072453/data/sift_query_1000.bin --truthset-bin experiments/v100_pq_drift_1m_baseline_20260601T043217Z/truth/phaseC_cycle04_range_u1e-03.bin --query-label-file /mnt/nvme1n1/PipeANN-github/experiments/r116_suite_pq16_aris_20260520_072453/labels/query_1000_range_u1e-03.spmat --selector-type range --query-limit 1000,99.99,2.339458465576172,taskset -c 20-27 /mnt/nvme1n1/PipeANN-github/build_reviewed_20260602_querycache/tests/dynamic_update_suite_driver --mode measure-dynamic-search --source-prefix /mnt/nvme1n1/PipeANN-supersector32k-work/indexes/phaseC_cycle04_no_retrain_after_insert_045f1282cd_super32k_v3 --jsonl-output /mnt/nvme1n1/PipeANN-github/experiments/v100_querycache_optimized_full_replay_v5_20260601T221943Z/tmp/selected_0150.jsonl --insert-threads 16 --search-threads 1 --merge-threads 16 --build-l 220 --build-r 116 --beamwidth 4 --k 10 --cpu-cap 8 --metric l2 --route prefilter --search-l 50 --data-bin experiments/v100_pq_drift_1m_baseline_20260601T043217Z/data/phaseC_cycle04_live_data_by_tag.bin --base-label-file experiments/v100_pq_drift_1m_baseline_20260601T043217Z/labels/base_labels_1000000.spmat --query-bin /mnt/nvme1n1/PipeANN-github/experiments/r116_suite_pq16_aris_20260520_072453/data/sift_query_1000.bin --truthset-bin experiments/v100_pq_drift_1m_baseline_20260601T043217Z/truth/phaseC_cycle04_range_u1e-03.bin --query-label-file /mnt/nvme1n1/PipeANN-github/experiments/r116_suite_pq16_aris_20260520_072453/labels/query_1000_range_u1e-03.spmat --selector-type range --query-limit 1000,prefilter,150,285804,284372,50,post_hoc_retuned_fastest_feasible_recall_ge_98,range,/mnt/nvme1n1/PipeANN-supersector32k-work/indexes/phaseC_cycle04_no_retrain_after_insert_045f1282cd_super32k_v3,ok,98030,1,0,/mnt/nvme1n1/PipeANN-github/experiments/v100_pq_drift_1m_baseline_20260601T043217Z/indexes/phaseC_cycle04_no_retrain_after_insert,/mnt/nvme1n1/PipeANN-supersector32k-work/indexes/phaseC_cycle04_no_retrain_after_insert_045f1282cd_super32k_v3,no_retrain_across_cycles,0.201499
prefilter,295.292793,u3e-03,3000.0,50,20-27,8,True,phaseC_cycle04_no_retrain_across_cycles,,0.295474,0,0,1,,10000,0,16,supersector32k,page_aware_slots,3,1000000,285628,98030,3000.0,0.0,0.0,0.0,0.0,112.03,3000.0,0.0,112.03,292.141,458874.88,87.742,98030,measure-dynamic-search,291.167,0.0,0.0,326.135,118.0,3000.0,0.0,118.0,323.0,483328.0,350.376,4096,measure-dynamic-search,4096,1000000,16,1000,285628,3384.388836,1392,285628,/mnt/nvme1n1/PipeANN-github/build_reviewed_20260602_querycache/tests/dynamic_update_suite_driver --mode measure-dynamic-search --source-prefix /mnt/nvme1n1/PipeANN-supersector32k-work/indexes/phaseC_cycle04_no_retrain_after_insert_045f1282cd_super32k_v3 --jsonl-output /mnt/nvme1n1/PipeANN-github/experiments/v100_querycache_optimized_full_replay_v5_20260601T221943Z/tmp/selected_0151.jsonl --insert-threads 16 --search-threads 1 --merge-threads 16 --build-l 220 --build-r 116 --beamwidth 4 --k 10 --cpu-cap 8 --metric l2 --route prefilter --search-l 50 --data-bin experiments/v100_pq_drift_1m_baseline_20260601T043217Z/data/phaseC_cycle04_live_data_by_tag.bin --base-label-file experiments/v100_pq_drift_1m_baseline_20260601T043217Z/labels/base_labels_1000000.spmat --query-bin /mnt/nvme1n1/PipeANN-github/experiments/r116_suite_pq16_aris_20260520_072453/data/sift_query_1000.bin --truthset-bin experiments/v100_pq_drift_1m_baseline_20260601T043217Z/truth/phaseC_cycle04_range_u3e-03.bin --query-label-file /mnt/nvme1n1/PipeANN-github/experiments/r116_suite_pq16_aris_20260520_072453/labels/query_1000_range_u3e-03.spmat --selector-type range --query-limit 1000,99.76,2.3635690212249756,taskset -c 20-27 /mnt/nvme1n1/PipeANN-github/build_reviewed_20260602_querycache/tests/dynamic_update_suite_driver --mode measure-dynamic-search --source-prefix /mnt/nvme1n1/PipeANN-supersector32k-work/indexes/phaseC_cycle04_no_retrain_after_insert_045f1282cd_super32k_v3 --jsonl-output /mnt/nvme1n1/PipeANN-github/experiments/v100_querycache_optimized_full_replay_v5_20260601T221943Z/tmp/selected_0151.jsonl --insert-threads 16 --search-threads 1 --merge-threads 16 --build-l 220 --build-r 116 --beamwidth 4 --k 10 --cpu-cap 8 --metric l2 --route prefilter --search-l 50 --data-bin experiments/v100_pq_drift_1m_baseline_20260601T043217Z/data/phaseC_cycle04_live_data_by_tag.bin --base-label-file experiments/v100_pq_drift_1m_baseline_20260601T043217Z/labels/base_labels_1000000.spmat --query-bin /mnt/nvme1n1/PipeANN-github/experiments/r116_suite_pq16_aris_20260520_072453/data/sift_query_1000.bin --truthset-bin experiments/v100_pq_drift_1m_baseline_20260601T043217Z/truth/phaseC_cycle04_range_u3e-03.bin --query-label-file /mnt/nvme1n1/PipeANN-github/experiments/r116_suite_pq16_aris_20260520_072453/labels/query_1000_range_u3e-03.spmat --selector-type range --query-limit 1000,prefilter,151,285628,284236,50,post_hoc_retuned_fastest_feasible_recall_ge_98,range,/mnt/nvme1n1/PipeANN-supersector32k-work/indexes/phaseC_cycle04_no_retrain_after_insert_045f1282cd_super32k_v3,ok,98030,1,0,/mnt/nvme1n1/PipeANN-github/experiments/v100_pq_drift_1m_baseline_20260601T043217Z/indexes/phaseC_cycle04_no_retrain_after_insert,/mnt/nvme1n1/PipeANN-supersector32k-work/indexes/phaseC_cycle04_no_retrain_after_insert_045f1282cd_super32k_v3,no_retrain_across_cycles,0.295474
prefilter,582.832341,u1e-02,10000.0,50,20-27,8,True,phaseC_cycle04_no_retrain_across_cycles,,0.583047,0,0,1,,10000,0,16,supersector32k,page_aware_slots,3,1000000,287368,98030,10000.0,0.0,0.0,0.0,0.0,147.833,10000.0,0.0,147.833,579.391,605523.968,173.438,98030,measure-dynamic-search,577.97,0.0,0.0,620.115,155.0,10000.0,0.0,155.0,616.0,634880.0,653.191,4096,measure-dynamic-search,4096,1000000,16,1000,287368,1715.127962,1004,287368,/mnt/nvme1n1/PipeANN-github/build_reviewed_20260602_querycache/tests/dynamic_update_suite_driver --mode measure-dynamic-search --source-prefix /mnt/nvme1n1/PipeANN-supersector32k-work/indexes/phaseC_cycle04_no_retrain_after_insert_045f1282cd_super32k_v3 --jsonl-output /mnt/nvme1n1/PipeANN-github/experiments/v100_querycache_optimized_full_replay_v5_20260601T221943Z/tmp/selected_0152.jsonl --insert-threads 16 --search-threads 1 --merge-threads 16 --build-l 220 --build-r 116 --beamwidth 4 --k 10 --cpu-cap 8 --metric l2 --route prefilter --search-l 50 --data-bin experiments/v100_pq_drift_1m_baseline_20260601T043217Z/data/phaseC_cycle04_live_data_by_tag.bin --base-label-file experiments/v100_pq_drift_1m_baseline_20260601T043217Z/labels/base_labels_1000000.spmat --query-bin /mnt/nvme1n1/PipeANN-github/experiments/r116_suite_pq16_aris_20260520_072453/data/sift_query_1000.bin --truthset-bin experiments/v100_pq_drift_1m_baseline_20260601T043217Z/truth/phaseC_cycle04_range_u1e-02.bin --query-label-file /mnt/nvme1n1/PipeANN-github/experiments/r116_suite_pq16_aris_20260520_072453/labels/query_1000_range_u1e-02.spmat --selector-type range --query-limit 1000,99.63,2.649109125137329,taskset -c 20-27 /mnt/nvme1n1/PipeANN-github/build_reviewed_20260602_querycache/tests/dynamic_update_suite_driver --mode measure-dynamic-search --source-prefix /mnt/nvme1n1/PipeANN-supersector32k-work/indexes/phaseC_cycle04_no_retrain_after_insert_045f1282cd_super32k_v3 --jsonl-output /mnt/nvme1n1/PipeANN-github/experiments/v100_querycache_optimized_full_replay_v5_20260601T221943Z/tmp/selected_0152.jsonl --insert-threads 16 --search-threads 1 --merge-threads 16 --build-l 220 --build-r 116 --beamwidth 4 --k 10 --cpu-cap 8 --metric l2 --route prefilter --search-l 50 --data-bin experiments/v100_pq_drift_1m_baseline_20260601T043217Z/data/phaseC_cycle04_live_data_by_tag.bin --base-label-file experiments/v100_pq_drift_1m_baseline_20260601T043217Z/labels/base_labels_1000000.spmat --query-bin /mnt/nvme1n1/PipeANN-github/experiments/r116_suite_pq16_aris_20260520_072453/data/sift_query_1000.bin --truthset-bin experiments/v100_pq_drift_1m_baseline_20260601T043217Z/truth/phaseC_cycle04_range_u1e-02.bin --query-label-file /mnt/nvme1n1/PipeANN-github/experiments/r116_suite_pq16_aris_20260520_072453/labels/query_1000_range_u1e-02.spmat --selector-type range --query-limit 1000,prefilter,152,287368,286364,50,post_hoc_retuned_fastest_feasible_recall_ge_98,range,/mnt/nvme1n1/PipeANN-supersector32k-work/indexes/phaseC_cycle04_no_retrain_after_insert_045f1282cd_super32k_v3,ok,98030,1,0,/mnt/nvme1n1/PipeANN-github/experiments/v100_pq_drift_1m_baseline_20260601T043217Z/indexes/phaseC_cycle04_no_retrain_after_insert,/mnt/nvme1n1/PipeANN-supersector32k-work/indexes/phaseC_cycle04_no_retrain_after_insert_045f1282cd_super32k_v3,no_retrain_across_cycles,0.583047
prefilter,1460.641105,u5e-02,50000.0,50,20-27,8,True,phaseC_cycle04_no_retrain_across_cycles,,1.460855,0,0,1,,10000,0,16,supersector32k,page_aware_slots,3,1000000,285772,98030,50000.0,0.0,0.0,0.0,0.0,184.797,50000.0,0.0,184.797,1457.149,756928.512,277.914,98030,measure-dynamic-search,1453.055,0.0,0.0,1512.923,192.0,50000.0,0.0,192.0,1509.0,786432.0,1584.138,4096,measure-dynamic-search,4096,1000000,16,1000,285772,684.530583,1440,285772,/mnt/nvme1n1/PipeANN-github/build_reviewed_20260602_querycache/tests/dynamic_update_suite_driver --mode measure-dynamic-search --source-prefix /mnt/nvme1n1/PipeANN-supersector32k-work/indexes/phaseC_cycle04_no_retrain_after_insert_045f1282cd_super32k_v3 --jsonl-output /mnt/nvme1n1/PipeANN-github/experiments/v100_querycache_optimized_full_replay_v5_20260601T221943Z/tmp/selected_0153.jsonl --insert-threads 16 --search-threads 1 --merge-threads 16 --build-l 220 --build-r 116 --beamwidth 4 --k 10 --cpu-cap 8 --metric l2 --route prefilter --search-l 50 --data-bin experiments/v100_pq_drift_1m_baseline_20260601T043217Z/data/phaseC_cycle04_live_data_by_tag.bin --base-label-file experiments/v100_pq_drift_1m_baseline_20260601T043217Z/labels/base_labels_1000000.spmat --query-bin /mnt/nvme1n1/PipeANN-github/experiments/r116_suite_pq16_aris_20260520_072453/data/sift_query_1000.bin --truthset-bin experiments/v100_pq_drift_1m_baseline_20260601T043217Z/truth/phaseC_cycle04_range_u5e-02.bin --query-label-file /mnt/nvme1n1/PipeANN-github/experiments/r116_suite_pq16_aris_20260520_072453/labels/query_1000_range_u5e-02.spmat --selector-type range --query-limit 1000,99.09,3.557812452316284,taskset -c 20-27 /mnt/nvme1n1/PipeANN-github/build_reviewed_20260602_querycache/tests/dynamic_update_suite_driver --mode measure-dynamic-search --source-prefix /mnt/nvme1n1/PipeANN-supersector32k-work/indexes/phaseC_cycle04_no_retrain_after_insert_045f1282cd_super32k_v3 --jsonl-output /mnt/nvme1n1/PipeANN-github/experiments/v100_querycache_optimized_full_replay_v5_20260601T221943Z/tmp/selected_0153.jsonl --insert-threads 16 --search-threads 1 --merge-threads 16 --build-l 220 --build-r 116 --beamwidth 4 --k 10 --cpu-cap 8 --metric l2 --route prefilter --search-l 50 --data-bin experiments/v100_pq_drift_1m_baseline_20260601T043217Z/data/phaseC_cycle04_live_data_by_tag.bin --base-label-file experiments/v100_pq_drift_1m_baseline_20260601T043217Z/labels/base_labels_1000000.spmat --query-bin /mnt/nvme1n1/PipeANN-github/experiments/r116_suite_pq16_aris_20260520_072453/data/sift_query_1000.bin --truthset-bin experiments/v100_pq_drift_1m_baseline_20260601T043217Z/truth/phaseC_cycle04_range_u5e-02.bin --query-label-file /mnt/nvme1n1/PipeANN-github/experiments/r116_suite_pq16_aris_20260520_072453/labels/query_1000_range_u5e-02.spmat --selector-type range --query-limit 1000,prefilter,153,285772,284332,50,post_hoc_retuned_fastest_feasible_recall_ge_98,range,/mnt/nvme1n1/PipeANN-supersector32k-work/indexes/phaseC_cycle04_no_retrain_after_insert_045f1282cd_super32k_v3,ok,98030,1,0,/mnt/nvme1n1/PipeANN-github/experiments/v100_pq_drift_1m_baseline_20260601T043217Z/indexes/phaseC_cycle04_no_retrain_after_insert,/mnt/nvme1n1/PipeANN-supersector32k-work/indexes/phaseC_cycle04_no_retrain_after_insert_045f1282cd_super32k_v3,no_retrain_across_cycles,1.460855
prefilter,2229.985955,u1e-01,100000.0,100,20-27,8,True,phaseC_cycle04_no_retrain_across_cycles,,2.230267,0,0,1,,10000,0,16,supersector32k,page_aware_slots,3,1000000,287744,98030,100000.0,0.0,0.0,0.0,0.0,184.842,100000.0,0.0,184.842,2226.17,757112.832,319.135,98030,measure-dynamic-search,2216.696,0.0,0.0,2314.586,192.0,100000.0,0.0,192.0,2311.0,786432.0,2465.511,4096,measure-dynamic-search,4096,1000000,16,1000,287744,448.376876,1312,287744,/mnt/nvme1n1/PipeANN-github/build_reviewed_20260602_querycache/tests/dynamic_update_suite_driver --mode measure-dynamic-search --source-prefix /mnt/nvme1n1/PipeANN-supersector32k-work/indexes/phaseC_cycle04_no_retrain_after_insert_045f1282cd_super32k_v3 --jsonl-output /mnt/nvme1n1/PipeANN-github/experiments/v100_querycache_optimized_full_replay_v5_20260601T221943Z/tmp/selected_0154.jsonl --insert-threads 16 --search-threads 1 --merge-threads 16 --build-l 220 --build-r 116 --beamwidth 4 --k 10 --cpu-cap 8 --metric l2 --route prefilter --search-l 100 --data-bin experiments/v100_pq_drift_1m_baseline_20260601T043217Z/data/phaseC_cycle04_live_data_by_tag.bin --base-label-file experiments/v100_pq_drift_1m_baseline_20260601T043217Z/labels/base_labels_1000000.spmat --query-bin /mnt/nvme1n1/PipeANN-github/experiments/r116_suite_pq16_aris_20260520_072453/data/sift_query_1000.bin --truthset-bin experiments/v100_pq_drift_1m_baseline_20260601T043217Z/truth/phaseC_cycle04_range_u1e-01.bin --query-label-file /mnt/nvme1n1/PipeANN-github/experiments/r116_suite_pq16_aris_20260520_072453/labels/query_1000_range_u1e-01.spmat --selector-type range --query-limit 1000,98.62,4.400735378265381,taskset -c 20-27 /mnt/nvme1n1/PipeANN-github/build_reviewed_20260602_querycache/tests/dynamic_update_suite_driver --mode measure-dynamic-search --source-prefix /mnt/nvme1n1/PipeANN-supersector32k-work/indexes/phaseC_cycle04_no_retrain_after_insert_045f1282cd_super32k_v3 --jsonl-output /mnt/nvme1n1/PipeANN-github/experiments/v100_querycache_optimized_full_replay_v5_20260601T221943Z/tmp/selected_0154.jsonl --insert-threads 16 --search-threads 1 --merge-threads 16 --build-l 220 --build-r 116 --beamwidth 4 --k 10 --cpu-cap 8 --metric l2 --route prefilter --search-l 100 --data-bin experiments/v100_pq_drift_1m_baseline_20260601T043217Z/data/phaseC_cycle04_live_data_by_tag.bin --base-label-file experiments/v100_pq_drift_1m_baseline_20260601T043217Z/labels/base_labels_1000000.spmat --query-bin /mnt/nvme1n1/PipeANN-github/experiments/r116_suite_pq16_aris_20260520_072453/data/sift_query_1000.bin --truthset-bin experiments/v100_pq_drift_1m_baseline_20260601T043217Z/truth/phaseC_cycle04_range_u1e-01.bin --query-label-file /mnt/nvme1n1/PipeANN-github/experiments/r116_suite_pq16_aris_20260520_072453/labels/query_1000_range_u1e-01.spmat --selector-type range --query-limit 1000,prefilter,154,287744,286432,100,post_hoc_retuned_fastest_feasible_recall_ge_98,range,/mnt/nvme1n1/PipeANN-supersector32k-work/indexes/phaseC_cycle04_no_retrain_after_insert_045f1282cd_super32k_v3,ok,98030,1,0,/mnt/nvme1n1/PipeANN-github/experiments/v100_pq_drift_1m_baseline_20260601T043217Z/indexes/phaseC_cycle04_no_retrain_after_insert,/mnt/nvme1n1/PipeANN-supersector32k-work/indexes/phaseC_cycle04_no_retrain_after_insert_045f1282cd_super32k_v3,no_retrain_across_cycles,2.230267
prefilter,4355.428714,u25,250000.0,250,20-27,8,True,phaseC_cycle04_no_retrain_across_cycles,,4.355816,0,0,1,,10000,0,16,supersector32k,page_aware_slots,3,1000000,285772,98030,250000.0,0.0,0.0,0.0,0.0,287.808,250000.0,0.0,287.808,4351.546,1178861.568,448.684,98030,measure-dynamic-search,4327.165,0.0,0.0,4541.556,297.0,250000.0,0.0,297.0,4538.0,1216512.0,4864.376,4096,measure-dynamic-search,4096,1000000,16,1000,285772,229.578116,1444,285772,/mnt/nvme1n1/PipeANN-github/build_reviewed_20260602_querycache/tests/dynamic_update_suite_driver --mode measure-dynamic-search --source-prefix /mnt/nvme1n1/PipeANN-supersector32k-work/indexes/phaseC_cycle04_no_retrain_after_insert_045f1282cd_super32k_v3 --jsonl-output /mnt/nvme1n1/PipeANN-github/experiments/v100_querycache_optimized_full_replay_v5_20260601T221943Z/tmp/selected_0155.jsonl --insert-threads 16 --search-threads 1 --merge-threads 16 --build-l 220 --build-r 116 --beamwidth 4 --k 10 --cpu-cap 8 --metric l2 --route prefilter --search-l 250 --data-bin experiments/v100_pq_drift_1m_baseline_20260601T043217Z/data/phaseC_cycle04_live_data_by_tag.bin --base-label-file experiments/v100_pq_drift_1m_baseline_20260601T043217Z/labels/base_labels_1000000.spmat --query-bin /mnt/nvme1n1/PipeANN-github/experiments/r116_suite_pq16_aris_20260520_072453/data/sift_query_1000.bin --truthset-bin experiments/v100_pq_drift_1m_baseline_20260601T043217Z/truth/phaseC_cycle04_range_u25.bin --query-label-file /mnt/nvme1n1/PipeANN-github/experiments/r116_suite_pq16_aris_20260520_072453/labels/query_1000_range_u25.spmat --selector-type range --query-limit 1000,98.25,6.5138022899627686,taskset -c 20-27 /mnt/nvme1n1/PipeANN-github/build_reviewed_20260602_querycache/tests/dynamic_update_suite_driver --mode measure-dynamic-search --source-prefix /mnt/nvme1n1/PipeANN-supersector32k-work/indexes/phaseC_cycle04_no_retrain_after_insert_045f1282cd_super32k_v3 --jsonl-output /mnt/nvme1n1/PipeANN-github/experiments/v100_querycache_optimized_full_replay_v5_20260601T221943Z/tmp/selected_0155.jsonl --insert-threads 16 --search-threads 1 --merge-threads 16 --build-l 220 --build-r 116 --beamwidth 4 --k 10 --cpu-cap 8 --metric l2 --route prefilter --search-l 250 --data-bin experiments/v100_pq_drift_1m_baseline_20260601T043217Z/data/phaseC_cycle04_live_data_by_tag.bin --base-label-file experiments/v100_pq_drift_1m_baseline_20260601T043217Z/labels/base_labels_1000000.spmat --query-bin /mnt/nvme1n1/PipeANN-github/experiments/r116_suite_pq16_aris_20260520_072453/data/sift_query_1000.bin --truthset-bin experiments/v100_pq_drift_1m_baseline_20260601T043217Z/truth/phaseC_cycle04_range_u25.bin --query-label-file /mnt/nvme1n1/PipeANN-github/experiments/r116_suite_pq16_aris_20260520_072453/labels/query_1000_range_u25.spmat --selector-type range --query-limit 1000,prefilter,155,285772,284328,250,post_hoc_retuned_fastest_feasible_recall_ge_98,range,/mnt/nvme1n1/PipeANN-supersector32k-work/indexes/phaseC_cycle04_no_retrain_after_insert_045f1282cd_super32k_v3,ok,98030,1,0,/mnt/nvme1n1/PipeANN-github/experiments/v100_pq_drift_1m_baseline_20260601T043217Z/indexes/phaseC_cycle04_no_retrain_after_insert,/mnt/nvme1n1/PipeANN-supersector32k-work/indexes/phaseC_cycle04_no_retrain_after_insert_045f1282cd_super32k_v3,no_retrain_across_cycles,4.355816
prefilter,5024.23894,u30,300000.0,300,20-27,8,True,phaseC_cycle04_no_retrain_across_cycles,,5.024582,0,0,1,,10000,0,16,supersector32k,page_aware_slots,3,1000000,285612,98030,300000.0,0.0,0.0,0.0,0.0,345.374,300000.0,0.0,345.374,5020.04,1414651.904,485.586,98030,measure-dynamic-search,5004.599,0.0,0.0,5166.647,356.0,300000.0,0.0,356.0,5162.0,1458176.0,5508.218,4096,measure-dynamic-search,4096,1000000,16,1000,285612,199.021549,1316,285612,/mnt/nvme1n1/PipeANN-github/build_reviewed_20260602_querycache/tests/dynamic_update_suite_driver --mode measure-dynamic-search --source-prefix /mnt/nvme1n1/PipeANN-supersector32k-work/indexes/phaseC_cycle04_no_retrain_after_insert_045f1282cd_super32k_v3 --jsonl-output /mnt/nvme1n1/PipeANN-github/experiments/v100_querycache_optimized_full_replay_v5_20260601T221943Z/tmp/selected_0156.jsonl --insert-threads 16 --search-threads 1 --merge-threads 16 --build-l 220 --build-r 116 --beamwidth 4 --k 10 --cpu-cap 8 --metric l2 --route prefilter --search-l 300 --data-bin experiments/v100_pq_drift_1m_baseline_20260601T043217Z/data/phaseC_cycle04_live_data_by_tag.bin --base-label-file experiments/v100_pq_drift_1m_baseline_20260601T043217Z/labels/base_labels_1000000.spmat --query-bin /mnt/nvme1n1/PipeANN-github/experiments/r116_suite_pq16_aris_20260520_072453/data/sift_query_1000.bin --truthset-bin experiments/v100_pq_drift_1m_baseline_20260601T043217Z/truth/phaseC_cycle04_range_u30.bin --query-label-file /mnt/nvme1n1/PipeANN-github/experiments/r116_suite_pq16_aris_20260520_072453/labels/query_1000_range_u30.spmat --selector-type range --query-limit 1000,98.59,7.230368375778198,taskset -c 20-27 /mnt/nvme1n1/PipeANN-github/build_reviewed_20260602_querycache/tests/dynamic_update_suite_driver --mode measure-dynamic-search --source-prefix /mnt/nvme1n1/PipeANN-supersector32k-work/indexes/phaseC_cycle04_no_retrain_after_insert_045f1282cd_super32k_v3 --jsonl-output /mnt/nvme1n1/PipeANN-github/experiments/v100_querycache_optimized_full_replay_v5_20260601T221943Z/tmp/selected_0156.jsonl --insert-threads 16 --search-threads 1 --merge-threads 16 --build-l 220 --build-r 116 --beamwidth 4 --k 10 --cpu-cap 8 --metric l2 --route prefilter --search-l 300 --data-bin experiments/v100_pq_drift_1m_baseline_20260601T043217Z/data/phaseC_cycle04_live_data_by_tag.bin --base-label-file experiments/v100_pq_drift_1m_baseline_20260601T043217Z/labels/base_labels_1000000.spmat --query-bin /mnt/nvme1n1/PipeANN-github/experiments/r116_suite_pq16_aris_20260520_072453/data/sift_query_1000.bin --truthset-bin experiments/v100_pq_drift_1m_baseline_20260601T043217Z/truth/phaseC_cycle04_range_u30.bin --query-label-file /mnt/nvme1n1/PipeANN-github/experiments/r116_suite_pq16_aris_20260520_072453/labels/query_1000_range_u30.spmat --selector-type range --query-limit 1000,prefilter,156,285612,284296,300,post_hoc_retuned_fastest_feasible_recall_ge_98,range,/mnt/nvme1n1/PipeANN-supersector32k-work/indexes/phaseC_cycle04_no_retrain_after_insert_045f1282cd_super32k_v3,ok,98030,1,0,/mnt/nvme1n1/PipeANN-github/experiments/v100_pq_drift_1m_baseline_20260601T043217Z/indexes/phaseC_cycle04_no_retrain_after_insert,/mnt/nvme1n1/PipeANN-supersector32k-work/indexes/phaseC_cycle04_no_retrain_after_insert_045f1282cd_super32k_v3,no_retrain_across_cycles,5.024582
prefilter,7617.920558,u50,500000.0,300,20-27,8,True,phaseC_cycle04_no_retrain_across_cycles,,7.618349,0,0,1,,10000,0,16,supersector32k,page_aware_slots,3,1000000,285616,98030,500000.0,0.0,0.0,0.0,0.0,346.321,500000.0,0.0,346.321,7613.315,1418530.816,662.017,98030,measure-dynamic-search,7593.552,0.0,0.0,7795.19,357.0,500000.0,0.0,357.0,7791.0,1462272.0,8171.963,4096,measure-dynamic-search,4096,1000000,16,1000,285616,131.262033,1260,285504,/mnt/nvme1n1/PipeANN-github/build_reviewed_20260602_querycache/tests/dynamic_update_suite_driver --mode measure-dynamic-search --source-prefix /mnt/nvme1n1/PipeANN-supersector32k-work/indexes/phaseC_cycle04_no_retrain_after_insert_045f1282cd_super32k_v3 --jsonl-output /mnt/nvme1n1/PipeANN-github/experiments/v100_querycache_optimized_full_replay_v5_20260601T221943Z/tmp/selected_0157.jsonl --insert-threads 16 --search-threads 1 --merge-threads 16 --build-l 220 --build-r 116 --beamwidth 4 --k 10 --cpu-cap 8 --metric l2 --route prefilter --search-l 300 --data-bin experiments/v100_pq_drift_1m_baseline_20260601T043217Z/data/phaseC_cycle04_live_data_by_tag.bin --base-label-file experiments/v100_pq_drift_1m_baseline_20260601T043217Z/labels/base_labels_1000000.spmat --query-bin /mnt/nvme1n1/PipeANN-github/experiments/r116_suite_pq16_aris_20260520_072453/data/sift_query_1000.bin --truthset-bin experiments/v100_pq_drift_1m_baseline_20260601T043217Z/truth/phaseC_cycle04_range_u50.bin --query-label-file /mnt/nvme1n1/PipeANN-github/experiments/r116_suite_pq16_aris_20260520_072453/labels/query_1000_range_u50.spmat --selector-type range --query-limit 1000,98.31,9.811225414276123,taskset -c 20-27 /mnt/nvme1n1/PipeANN-github/build_reviewed_20260602_querycache/tests/dynamic_update_suite_driver --mode measure-dynamic-search --source-prefix /mnt/nvme1n1/PipeANN-supersector32k-work/indexes/phaseC_cycle04_no_retrain_after_insert_045f1282cd_super32k_v3 --jsonl-output /mnt/nvme1n1/PipeANN-github/experiments/v100_querycache_optimized_full_replay_v5_20260601T221943Z/tmp/selected_0157.jsonl --insert-threads 16 --search-threads 1 --merge-threads 16 --build-l 220 --build-r 116 --beamwidth 4 --k 10 --cpu-cap 8 --metric l2 --route prefilter --search-l 300 --data-bin experiments/v100_pq_drift_1m_baseline_20260601T043217Z/data/phaseC_cycle04_live_data_by_tag.bin --base-label-file experiments/v100_pq_drift_1m_baseline_20260601T043217Z/labels/base_labels_1000000.spmat --query-bin /mnt/nvme1n1/PipeANN-github/experiments/r116_suite_pq16_aris_20260520_072453/data/sift_query_1000.bin --truthset-bin experiments/v100_pq_drift_1m_baseline_20260601T043217Z/truth/phaseC_cycle04_range_u50.bin --query-label-file /mnt/nvme1n1/PipeANN-github/experiments/r116_suite_pq16_aris_20260520_072453/labels/query_1000_range_u50.spmat --selector-type range --query-limit 1000,prefilter,157,285504,284244,300,post_hoc_retuned_fastest_feasible_recall_ge_98,range,/mnt/nvme1n1/PipeANN-supersector32k-work/indexes/phaseC_cycle04_no_retrain_after_insert_045f1282cd_super32k_v3,ok,98030,1,0,/mnt/nvme1n1/PipeANN-github/experiments/v100_pq_drift_1m_baseline_20260601T043217Z/indexes/phaseC_cycle04_no_retrain_after_insert,/mnt/nvme1n1/PipeANN-supersector32k-work/indexes/phaseC_cycle04_no_retrain_after_insert_045f1282cd_super32k_v3,no_retrain_across_cycles,7.618349
mixed,6692.427336,u75,750000.0,470,20-27,8,True,phaseC_cycle04_no_retrain_across_cycles,,6.692669,0,1000,1,,10000,0,16,supersector32k,page_aware_slots,3,1000000,299112,98030,750000.0,21164.416,0.0,6231.709,0.0,554.188,21164.416,0.0,554.188,6359.713,2269954.048,66.111,98030,measure-dynamic-search,6668.297,27516.0,0.0,7112.367,574.0,27516.0,0.0,574.0,6756.0,2351104.0,7410.742,4096,measure-dynamic-search,4096,1000000,16,0,299112,149.417227,14784,299112,/mnt/nvme1n1/PipeANN-github/build_reviewed_20260602_querycache/tests/dynamic_update_suite_driver --mode measure-dynamic-search --source-prefix /mnt/nvme1n1/PipeANN-supersector32k-work/indexes/phaseC_cycle04_no_retrain_after_insert_045f1282cd_super32k_v3 --jsonl-output /mnt/nvme1n1/PipeANN-github/experiments/v100_querycache_optimized_full_replay_v5_20260601T221943Z/tmp/selected_0158.jsonl --insert-threads 16 --search-threads 1 --merge-threads 16 --build-l 220 --build-r 116 --beamwidth 8 --k 10 --cpu-cap 8 --metric l2 --route graph --search-l 470 --data-bin experiments/v100_pq_drift_1m_baseline_20260601T043217Z/data/phaseC_cycle04_live_data_by_tag.bin --base-label-file experiments/v100_pq_drift_1m_baseline_20260601T043217Z/labels/base_labels_1000000.spmat --query-bin /mnt/nvme1n1/PipeANN-github/experiments/r116_suite_pq16_aris_20260520_072453/data/sift_query_1000.bin --truthset-bin experiments/v100_pq_drift_1m_baseline_20260601T043217Z/truth/phaseC_cycle04_range_u75.bin --query-label-file /mnt/nvme1n1/PipeANN-github/experiments/r116_suite_pq16_aris_20260520_072453/labels/query_1000_range_u75.spmat --selector-type range --query-limit 1000,98.07,8.868114471435547,taskset -c 20-27 /mnt/nvme1n1/PipeANN-github/build_reviewed_20260602_querycache/tests/dynamic_update_suite_driver --mode measure-dynamic-search --source-prefix /mnt/nvme1n1/PipeANN-supersector32k-work/indexes/phaseC_cycle04_no_retrain_after_insert_045f1282cd_super32k_v3 --jsonl-output /mnt/nvme1n1/PipeANN-github/experiments/v100_querycache_optimized_full_replay_v5_20260601T221943Z/tmp/selected_0158.jsonl --insert-threads 16 --search-threads 1 --merge-threads 16 --build-l 220 --build-r 116 --beamwidth 8 --k 10 --cpu-cap 8 --metric l2 --route graph --search-l 470 --data-bin experiments/v100_pq_drift_1m_baseline_20260601T043217Z/data/phaseC_cycle04_live_data_by_tag.bin --base-label-file experiments/v100_pq_drift_1m_baseline_20260601T043217Z/labels/base_labels_1000000.spmat --query-bin /mnt/nvme1n1/PipeANN-github/experiments/r116_suite_pq16_aris_20260520_072453/data/sift_query_1000.bin --truthset-bin experiments/v100_pq_drift_1m_baseline_20260601T043217Z/truth/phaseC_cycle04_range_u75.bin --query-label-file /mnt/nvme1n1/PipeANN-github/experiments/r116_suite_pq16_aris_20260520_072453/labels/query_1000_range_u75.spmat --selector-type range --query-limit 1000,graph,158,299112,284328,470,querycache_plus_super32k_beamwidth_8_source_row_158,range,/mnt/nvme1n1/PipeANN-supersector32k-work/indexes/phaseC_cycle04_no_retrain_after_insert_045f1282cd_super32k_v3,ok,98030,1,0,/mnt/nvme1n1/PipeANN-github/experiments/v100_pq_drift_1m_baseline_20260601T043217Z/indexes/phaseC_cycle04_no_retrain_after_insert,/mnt/nvme1n1/PipeANN-supersector32k-work/indexes/phaseC_cycle04_no_retrain_after_insert_045f1282cd_super32k_v3,no_retrain_across_cycles,6.692669
mixed,6008.050905,u100,1000000.0,400,20-27,8,True,phaseC_cycle04_no_retrain_across_cycles,,6.008306,0,1000,1,,10000,0,16,supersector32k,page_aware_slots,3,1000000,298972,98030,1000000.0,18938.961,0.0,5556.721,0.0,475.084,18938.961,0.0,475.084,5697.224,1945944.064,74.134,98030,measure-dynamic-search,5815.401,24560.0,0.0,6271.667,495.0,24560.0,0.0,495.0,5933.0,2027520.0,6916.612,4096,measure-dynamic-search,4096,1000000,16,0,298972,166.436252,14628,298972,/mnt/nvme1n1/PipeANN-github/build_reviewed_20260602_querycache/tests/dynamic_update_suite_driver --mode measure-dynamic-search --source-prefix /mnt/nvme1n1/PipeANN-supersector32k-work/indexes/phaseC_cycle04_no_retrain_after_insert_045f1282cd_super32k_v3 --jsonl-output /mnt/nvme1n1/PipeANN-github/experiments/v100_querycache_optimized_full_replay_v5_20260601T221943Z/tmp/selected_0159.jsonl --insert-threads 16 --search-threads 1 --merge-threads 16 --build-l 220 --build-r 116 --beamwidth 8 --k 10 --cpu-cap 8 --metric l2 --route graph --search-l 400 --data-bin experiments/v100_pq_drift_1m_baseline_20260601T043217Z/data/phaseC_cycle04_live_data_by_tag.bin --base-label-file experiments/v100_pq_drift_1m_baseline_20260601T043217Z/labels/base_labels_1000000.spmat --query-bin /mnt/nvme1n1/PipeANN-github/experiments/r116_suite_pq16_aris_20260520_072453/data/sift_query_1000.bin --truthset-bin experiments/v100_pq_drift_1m_baseline_20260601T043217Z/truth/phaseC_cycle04_range_u100.bin --query-label-file /mnt/nvme1n1/PipeANN-github/experiments/r116_suite_pq16_aris_20260520_072453/labels/query_1000_range_u100.spmat --selector-type range --query-limit 1000,98.22,8.198967218399048,taskset -c 20-27 /mnt/nvme1n1/PipeANN-github/build_reviewed_20260602_querycache/tests/dynamic_update_suite_driver --mode measure-dynamic-search --source-prefix /mnt/nvme1n1/PipeANN-supersector32k-work/indexes/phaseC_cycle04_no_retrain_after_insert_045f1282cd_super32k_v3 --jsonl-output /mnt/nvme1n1/PipeANN-github/experiments/v100_querycache_optimized_full_replay_v5_20260601T221943Z/tmp/selected_0159.jsonl --insert-threads 16 --search-threads 1 --merge-threads 16 --build-l 220 --build-r 116 --beamwidth 8 --k 10 --cpu-cap 8 --metric l2 --route graph --search-l 400 --data-bin experiments/v100_pq_drift_1m_baseline_20260601T043217Z/data/phaseC_cycle04_live_data_by_tag.bin --base-label-file experiments/v100_pq_drift_1m_baseline_20260601T043217Z/labels/base_labels_1000000.spmat --query-bin /mnt/nvme1n1/PipeANN-github/experiments/r116_suite_pq16_aris_20260520_072453/data/sift_query_1000.bin --truthset-bin experiments/v100_pq_drift_1m_baseline_20260601T043217Z/truth/phaseC_cycle04_range_u100.bin --query-label-file /mnt/nvme1n1/PipeANN-github/experiments/r116_suite_pq16_aris_20260520_072453/labels/query_1000_range_u100.spmat --selector-type range --query-limit 1000,graph,159,298972,284344,400,querycache_highrisk_beamwidth_8_source_row_159,range,/mnt/nvme1n1/PipeANN-supersector32k-work/indexes/phaseC_cycle04_no_retrain_after_insert_045f1282cd_super32k_v3,ok,98030,1,0,/mnt/nvme1n1/PipeANN-github/experiments/v100_pq_drift_1m_baseline_20260601T043217Z/indexes/phaseC_cycle04_no_retrain_after_insert,/mnt/nvme1n1/PipeANN-supersector32k-work/indexes/phaseC_cycle04_no_retrain_after_insert_045f1282cd_super32k_v3,no_retrain_across_cycles,6.008306
prefilter,157.894314,u1e-03,1000.0,75,20-27,8,True,phaseC_cycle05_retrain_each_cycle,,0.157989,0,0,1,,10000,0,16,supersector32k,page_aware_slots,3,1000000,281792,119280,1000.0,0.0,0.0,0.0,0.0,109.686,1000.0,0.0,109.686,155.342,449273.856,34.41,119280,measure-dynamic-search,155.915,0.0,0.0,174.798,116.0,1000.0,0.0,116.0,172.0,475136.0,185.218,4096,measure-dynamic-search,4096,1000000,16,1000,281792,6329.537963,1048,281792,/mnt/nvme1n1/PipeANN-github/build_reviewed_20260602_querycache/tests/dynamic_update_suite_driver --mode measure-dynamic-search --source-prefix /mnt/nvme1n1/PipeANN-supersector32k-work/indexes/phaseC_cycle05_retrain_each_cycle_a6935c93c7_super32k_v3 --jsonl-output /mnt/nvme1n1/PipeANN-github/experiments/v100_querycache_optimized_full_replay_v5_20260601T221943Z/tmp/selected_0160.jsonl --insert-threads 16 --search-threads 1 --merge-threads 16 --build-l 220 --build-r 116 --beamwidth 4 --k 10 --cpu-cap 8 --metric l2 --route prefilter --search-l 75 --data-bin experiments/v100_pq_drift_1m_baseline_20260601T043217Z/data/phaseC_cycle05_live_data_by_tag.bin --base-label-file experiments/v100_pq_drift_1m_baseline_20260601T043217Z/labels/base_labels_1000000.spmat --query-bin /mnt/nvme1n1/PipeANN-github/experiments/r116_suite_pq16_aris_20260520_072453/data/sift_query_1000.bin --truthset-bin experiments/v100_pq_drift_1m_baseline_20260601T043217Z/truth/phaseC_cycle05_intersect_u1e-03.bin --query-label-file /mnt/nvme1n1/PipeANN-github/experiments/r116_suite_pq16_aris_20260520_072453/labels/query_1000_u1e-03.spmat --selector-type intersect --query-limit 1000,99.97,1.7720310688018799,taskset -c 20-27 /mnt/nvme1n1/PipeANN-github/build_reviewed_20260602_querycache/tests/dynamic_update_suite_driver --mode measure-dynamic-search --source-prefix /mnt/nvme1n1/PipeANN-supersector32k-work/indexes/phaseC_cycle05_retrain_each_cycle_a6935c93c7_super32k_v3 --jsonl-output /mnt/nvme1n1/PipeANN-github/experiments/v100_querycache_optimized_full_replay_v5_20260601T221943Z/tmp/selected_0160.jsonl --insert-threads 16 --search-threads 1 --merge-threads 16 --build-l 220 --build-r 116 --beamwidth 4 --k 10 --cpu-cap 8 --metric l2 --route prefilter --search-l 75 --data-bin experiments/v100_pq_drift_1m_baseline_20260601T043217Z/data/phaseC_cycle05_live_data_by_tag.bin --base-label-file experiments/v100_pq_drift_1m_baseline_20260601T043217Z/labels/base_labels_1000000.spmat --query-bin /mnt/nvme1n1/PipeANN-github/experiments/r116_suite_pq16_aris_20260520_072453/data/sift_query_1000.bin --truthset-bin experiments/v100_pq_drift_1m_baseline_20260601T043217Z/truth/phaseC_cycle05_intersect_u1e-03.bin --query-label-file /mnt/nvme1n1/PipeANN-github/experiments/r116_suite_pq16_aris_20260520_072453/labels/query_1000_u1e-03.spmat --selector-type intersect --query-limit 1000,prefilter,160,281792,280744,75,post_hoc_retuned_fastest_feasible_recall_ge_98,intersect,/mnt/nvme1n1/PipeANN-supersector32k-work/indexes/phaseC_cycle05_retrain_each_cycle_a6935c93c7_super32k_v3,ok,119280,1,0,/mnt/nvme1n1/PipeANN-github/experiments/v100_pq_drift_1m_baseline_20260601T043217Z/indexes/phaseC_cycle05_retrain_each_cycle,/mnt/nvme1n1/PipeANN-supersector32k-work/indexes/phaseC_cycle05_retrain_each_cycle_a6935c93c7_super32k_v3,retrain_each_cycle,0.157989
prefilter,221.728466,u3e-03,3000.0,100,20-27,8,True,phaseC_cycle05_retrain_each_cycle,,0.221833,0,0,1,,10000,0,16,supersector32k,page_aware_slots,3,1000000,281840,119280,3000.0,0.0,0.0,0.0,0.0,115.054,3000.0,0.0,115.054,219.071,471261.184,37.592,119280,measure-dynamic-search,213.814,0.0,0.0,263.96,120.0,3000.0,0.0,120.0,261.0,491520.0,275.692,4096,measure-dynamic-search,4096,1000000,16,1000,281840,4507.904419,1172,281840,/mnt/nvme1n1/PipeANN-github/build_reviewed_20260602_querycache/tests/dynamic_update_suite_driver --mode measure-dynamic-search --source-prefix /mnt/nvme1n1/PipeANN-supersector32k-work/indexes/phaseC_cycle05_retrain_each_cycle_a6935c93c7_super32k_v3 --jsonl-output /mnt/nvme1n1/PipeANN-github/experiments/v100_querycache_optimized_full_replay_v5_20260601T221943Z/tmp/selected_0161.jsonl --insert-threads 16 --search-threads 1 --merge-threads 16 --build-l 220 --build-r 116 --beamwidth 4 --k 10 --cpu-cap 8 --metric l2 --route prefilter --search-l 100 --data-bin experiments/v100_pq_drift_1m_baseline_20260601T043217Z/data/phaseC_cycle05_live_data_by_tag.bin --base-label-file experiments/v100_pq_drift_1m_baseline_20260601T043217Z/labels/base_labels_1000000.spmat --query-bin /mnt/nvme1n1/PipeANN-github/experiments/r116_suite_pq16_aris_20260520_072453/data/sift_query_1000.bin --truthset-bin experiments/v100_pq_drift_1m_baseline_20260601T043217Z/truth/phaseC_cycle05_intersect_u3e-03.bin --query-label-file /mnt/nvme1n1/PipeANN-github/experiments/r116_suite_pq16_aris_20260520_072453/labels/query_1000_u3e-03.spmat --selector-type intersect --query-limit 1000,99.81,1.7350623607635498,taskset -c 20-27 /mnt/nvme1n1/PipeANN-github/build_reviewed_20260602_querycache/tests/dynamic_update_suite_driver --mode measure-dynamic-search --source-prefix /mnt/nvme1n1/PipeANN-supersector32k-work/indexes/phaseC_cycle05_retrain_each_cycle_a6935c93c7_super32k_v3 --jsonl-output /mnt/nvme1n1/PipeANN-github/experiments/v100_querycache_optimized_full_replay_v5_20260601T221943Z/tmp/selected_0161.jsonl --insert-threads 16 --search-threads 1 --merge-threads 16 --build-l 220 --build-r 116 --beamwidth 4 --k 10 --cpu-cap 8 --metric l2 --route prefilter --search-l 100 --data-bin experiments/v100_pq_drift_1m_baseline_20260601T043217Z/data/phaseC_cycle05_live_data_by_tag.bin --base-label-file experiments/v100_pq_drift_1m_baseline_20260601T043217Z/labels/base_labels_1000000.spmat --query-bin /mnt/nvme1n1/PipeANN-github/experiments/r116_suite_pq16_aris_20260520_072453/data/sift_query_1000.bin --truthset-bin experiments/v100_pq_drift_1m_baseline_20260601T043217Z/truth/phaseC_cycle05_intersect_u3e-03.bin --query-label-file /mnt/nvme1n1/PipeANN-github/experiments/r116_suite_pq16_aris_20260520_072453/labels/query_1000_u3e-03.spmat --selector-type intersect --query-limit 1000,prefilter,161,281840,280668,100,post_hoc_retuned_fastest_feasible_recall_ge_98,intersect,/mnt/nvme1n1/PipeANN-supersector32k-work/indexes/phaseC_cycle05_retrain_each_cycle_a6935c93c7_super32k_v3,ok,119280,1,0,/mnt/nvme1n1/PipeANN-github/experiments/v100_pq_drift_1m_baseline_20260601T043217Z/indexes/phaseC_cycle05_retrain_each_cycle,/mnt/nvme1n1/PipeANN-supersector32k-work/indexes/phaseC_cycle05_retrain_each_cycle_a6935c93c7_super32k_v3,retrain_each_cycle,0.221833
prefilter,397.040143,u1e-02,10000.0,100,20-27,8,True,phaseC_cycle05_retrain_each_cycle,,0.397199,0,0,1,,10000,0,16,supersector32k,page_aware_slots,3,1000000,281572,119280,10000.0,0.0,0.0,0.0,0.0,146.7,10000.0,0.0,146.7,394.109,600883.2,46.088,119280,measure-dynamic-search,392.921,0.0,0.0,426.879,153.0,10000.0,0.0,153.0,424.0,626688.0,459.417,4096,measure-dynamic-search,4096,1000000,16,1000,281572,2517.630545,1008,281572,/mnt/nvme1n1/PipeANN-github/build_reviewed_20260602_querycache/tests/dynamic_update_suite_driver --mode measure-dynamic-search --source-prefix /mnt/nvme1n1/PipeANN-supersector32k-work/indexes/phaseC_cycle05_retrain_each_cycle_a6935c93c7_super32k_v3 --jsonl-output /mnt/nvme1n1/PipeANN-github/experiments/v100_querycache_optimized_full_replay_v5_20260601T221943Z/tmp/selected_0162.jsonl --insert-threads 16 --search-threads 1 --merge-threads 16 --build-l 220 --build-r 116 --beamwidth 4 --k 10 --cpu-cap 8 --metric l2 --route prefilter --search-l 100 --data-bin experiments/v100_pq_drift_1m_baseline_20260601T043217Z/data/phaseC_cycle05_live_data_by_tag.bin --base-label-file experiments/v100_pq_drift_1m_baseline_20260601T043217Z/labels/base_labels_1000000.spmat --query-bin /mnt/nvme1n1/PipeANN-github/experiments/r116_suite_pq16_aris_20260520_072453/data/sift_query_1000.bin --truthset-bin experiments/v100_pq_drift_1m_baseline_20260601T043217Z/truth/phaseC_cycle05_intersect_u1e-02.bin --query-label-file /mnt/nvme1n1/PipeANN-github/experiments/r116_suite_pq16_aris_20260520_072453/labels/query_1000_u1e-02.spmat --selector-type intersect --query-limit 1000,99.63,2.043752670288086,taskset -c 20-27 /mnt/nvme1n1/PipeANN-github/build_reviewed_20260602_querycache/tests/dynamic_update_suite_driver --mode measure-dynamic-search --source-prefix /mnt/nvme1n1/PipeANN-supersector32k-work/indexes/phaseC_cycle05_retrain_each_cycle_a6935c93c7_super32k_v3 --jsonl-output /mnt/nvme1n1/PipeANN-github/experiments/v100_querycache_optimized_full_replay_v5_20260601T221943Z/tmp/selected_0162.jsonl --insert-threads 16 --search-threads 1 --merge-threads 16 --build-l 220 --build-r 116 --beamwidth 4 --k 10 --cpu-cap 8 --metric l2 --route prefilter --search-l 100 --data-bin experiments/v100_pq_drift_1m_baseline_20260601T043217Z/data/phaseC_cycle05_live_data_by_tag.bin --base-label-file experiments/v100_pq_drift_1m_baseline_20260601T043217Z/labels/base_labels_1000000.spmat --query-bin /mnt/nvme1n1/PipeANN-github/experiments/r116_suite_pq16_aris_20260520_072453/data/sift_query_1000.bin --truthset-bin experiments/v100_pq_drift_1m_baseline_20260601T043217Z/truth/phaseC_cycle05_intersect_u1e-02.bin --query-label-file /mnt/nvme1n1/PipeANN-github/experiments/r116_suite_pq16_aris_20260520_072453/labels/query_1000_u1e-02.spmat --selector-type intersect --query-limit 1000,prefilter,162,281572,280564,100,post_hoc_retuned_fastest_feasible_recall_ge_98,intersect,/mnt/nvme1n1/PipeANN-supersector32k-work/indexes/phaseC_cycle05_retrain_each_cycle_a6935c93c7_super32k_v3,ok,119280,1,0,/mnt/nvme1n1/PipeANN-github/experiments/v100_pq_drift_1m_baseline_20260601T043217Z/indexes/phaseC_cycle05_retrain_each_cycle,/mnt/nvme1n1/PipeANN-supersector32k-work/indexes/phaseC_cycle05_retrain_each_cycle_a6935c93c7_super32k_v3,retrain_each_cycle,0.397199
prefilter,1163.353005,u5e-02,50000.0,75,20-27,8,True,phaseC_cycle05_retrain_each_cycle,,1.163524,0,0,1,,10000,0,16,supersector32k,page_aware_slots,3,1000000,281716,119280,50000.0,0.0,0.0,0.0,0.0,184.086,50000.0,0.0,184.086,1160.084,754016.256,89.867,119280,measure-dynamic-search,1157.947,0.0,0.0,1230.41,191.0,50000.0,0.0,191.0,1227.0,782336.0,1284.951,4096,measure-dynamic-search,4096,1000000,16,1000,281716,859.458105,1172,281716,/mnt/nvme1n1/PipeANN-github/build_reviewed_20260602_querycache/tests/dynamic_update_suite_driver --mode measure-dynamic-search --source-prefix /mnt/nvme1n1/PipeANN-supersector32k-work/indexes/phaseC_cycle05_retrain_each_cycle_a6935c93c7_super32k_v3 --jsonl-output /mnt/nvme1n1/PipeANN-github/experiments/v100_querycache_optimized_full_replay_v5_20260601T221943Z/tmp/selected_0163.jsonl --insert-threads 16 --search-threads 1 --merge-threads 16 --build-l 220 --build-r 116 --beamwidth 4 --k 10 --cpu-cap 8 --metric l2 --route prefilter --search-l 75 --data-bin experiments/v100_pq_drift_1m_baseline_20260601T043217Z/data/phaseC_cycle05_live_data_by_tag.bin --base-label-file experiments/v100_pq_drift_1m_baseline_20260601T043217Z/labels/base_labels_1000000.spmat --query-bin /mnt/nvme1n1/PipeANN-github/experiments/r116_suite_pq16_aris_20260520_072453/data/sift_query_1000.bin --truthset-bin experiments/v100_pq_drift_1m_baseline_20260601T043217Z/truth/phaseC_cycle05_intersect_u5e-02.bin --query-label-file /mnt/nvme1n1/PipeANN-github/experiments/r116_suite_pq16_aris_20260520_072453/labels/query_1000_u5e-02.spmat --selector-type intersect --query-limit 1000,99.32,2.6698834896087646,taskset -c 20-27 /mnt/nvme1n1/PipeANN-github/build_reviewed_20260602_querycache/tests/dynamic_update_suite_driver --mode measure-dynamic-search --source-prefix /mnt/nvme1n1/PipeANN-supersector32k-work/indexes/phaseC_cycle05_retrain_each_cycle_a6935c93c7_super32k_v3 --jsonl-output /mnt/nvme1n1/PipeANN-github/experiments/v100_querycache_optimized_full_replay_v5_20260601T221943Z/tmp/selected_0163.jsonl --insert-threads 16 --search-threads 1 --merge-threads 16 --build-l 220 --build-r 116 --beamwidth 4 --k 10 --cpu-cap 8 --metric l2 --route prefilter --search-l 75 --data-bin experiments/v100_pq_drift_1m_baseline_20260601T043217Z/data/phaseC_cycle05_live_data_by_tag.bin --base-label-file experiments/v100_pq_drift_1m_baseline_20260601T043217Z/labels/base_labels_1000000.spmat --query-bin /mnt/nvme1n1/PipeANN-github/experiments/r116_suite_pq16_aris_20260520_072453/data/sift_query_1000.bin --truthset-bin experiments/v100_pq_drift_1m_baseline_20260601T043217Z/truth/phaseC_cycle05_intersect_u5e-02.bin --query-label-file /mnt/nvme1n1/PipeANN-github/experiments/r116_suite_pq16_aris_20260520_072453/labels/query_1000_u5e-02.spmat --selector-type intersect --query-limit 1000,prefilter,163,281716,280544,75,post_hoc_retuned_fastest_feasible_recall_ge_98,intersect,/mnt/nvme1n1/PipeANN-supersector32k-work/indexes/phaseC_cycle05_retrain_each_cycle_a6935c93c7_super32k_v3,ok,119280,1,0,/mnt/nvme1n1/PipeANN-github/experiments/v100_pq_drift_1m_baseline_20260601T043217Z/indexes/phaseC_cycle05_retrain_each_cycle,/mnt/nvme1n1/PipeANN-supersector32k-work/indexes/phaseC_cycle05_retrain_each_cycle_a6935c93c7_super32k_v3,retrain_each_cycle,1.163524
prefilter,1883.325967,u1e-01,100000.0,75,20-27,8,True,phaseC_cycle05_retrain_each_cycle,,1.883497,0,0,1,,10000,0,16,supersector32k,page_aware_slots,3,1000000,281776,119280,100000.0,0.0,0.0,0.0,0.0,183.641,100000.0,0.0,183.641,1879.827,752193.536,144.645,119280,measure-dynamic-search,1864.011,0.0,0.0,2032.612,191.0,100000.0,0.0,191.0,2030.0,782336.0,2128.613,4096,measure-dynamic-search,4096,1000000,16,1000,281776,530.927223,1200,281776,/mnt/nvme1n1/PipeANN-github/build_reviewed_20260602_querycache/tests/dynamic_update_suite_driver --mode measure-dynamic-search --source-prefix /mnt/nvme1n1/PipeANN-supersector32k-work/indexes/phaseC_cycle05_retrain_each_cycle_a6935c93c7_super32k_v3 --jsonl-output /mnt/nvme1n1/PipeANN-github/experiments/v100_querycache_optimized_full_replay_v5_20260601T221943Z/tmp/selected_0164.jsonl --insert-threads 16 --search-threads 1 --merge-threads 16 --build-l 220 --build-r 116 --beamwidth 4 --k 10 --cpu-cap 8 --metric l2 --route prefilter --search-l 75 --data-bin experiments/v100_pq_drift_1m_baseline_20260601T043217Z/data/phaseC_cycle05_live_data_by_tag.bin --base-label-file experiments/v100_pq_drift_1m_baseline_20260601T043217Z/labels/base_labels_1000000.spmat --query-bin /mnt/nvme1n1/PipeANN-github/experiments/r116_suite_pq16_aris_20260520_072453/data/sift_query_1000.bin --truthset-bin experiments/v100_pq_drift_1m_baseline_20260601T043217Z/truth/phaseC_cycle05_intersect_u1e-01.bin --query-label-file /mnt/nvme1n1/PipeANN-github/experiments/r116_suite_pq16_aris_20260520_072453/labels/query_1000_u1e-01.spmat --selector-type intersect --query-limit 1000,98.9,3.4642815589904785,taskset -c 20-27 /mnt/nvme1n1/PipeANN-github/build_reviewed_20260602_querycache/tests/dynamic_update_suite_driver --mode measure-dynamic-search --source-prefix /mnt/nvme1n1/PipeANN-supersector32k-work/indexes/phaseC_cycle05_retrain_each_cycle_a6935c93c7_super32k_v3 --jsonl-output /mnt/nvme1n1/PipeANN-github/experiments/v100_querycache_optimized_full_replay_v5_20260601T221943Z/tmp/selected_0164.jsonl --insert-threads 16 --search-threads 1 --merge-threads 16 --build-l 220 --build-r 116 --beamwidth 4 --k 10 --cpu-cap 8 --metric l2 --route prefilter --search-l 75 --data-bin experiments/v100_pq_drift_1m_baseline_20260601T043217Z/data/phaseC_cycle05_live_data_by_tag.bin --base-label-file experiments/v100_pq_drift_1m_baseline_20260601T043217Z/labels/base_labels_1000000.spmat --query-bin /mnt/nvme1n1/PipeANN-github/experiments/r116_suite_pq16_aris_20260520_072453/data/sift_query_1000.bin --truthset-bin experiments/v100_pq_drift_1m_baseline_20260601T043217Z/truth/phaseC_cycle05_intersect_u1e-01.bin --query-label-file /mnt/nvme1n1/PipeANN-github/experiments/r116_suite_pq16_aris_20260520_072453/labels/query_1000_u1e-01.spmat --selector-type intersect --query-limit 1000,prefilter,164,281776,280576,75,post_hoc_retuned_fastest_feasible_recall_ge_98,intersect,/mnt/nvme1n1/PipeANN-supersector32k-work/indexes/phaseC_cycle05_retrain_each_cycle_a6935c93c7_super32k_v3,ok,119280,1,0,/mnt/nvme1n1/PipeANN-github/experiments/v100_pq_drift_1m_baseline_20260601T043217Z/indexes/phaseC_cycle05_retrain_each_cycle,/mnt/nvme1n1/PipeANN-supersector32k-work/indexes/phaseC_cycle05_retrain_each_cycle_a6935c93c7_super32k_v3,retrain_each_cycle,1.883497
prefilter,4031.178788,u25,250000.0,250,20-27,8,True,phaseC_cycle05_retrain_each_cycle,,4.031482,0,0,1,,10000,0,16,supersector32k,page_aware_slots,3,1000000,281824,119280,250000.0,0.0,0.0,0.0,0.0,287.456,250000.0,0.0,287.456,4027.405,1177419.776,298.838,119280,measure-dynamic-search,4011.919,0.0,0.0,4236.286,297.0,250000.0,0.0,297.0,4232.0,1216512.0,4412.368,4096,measure-dynamic-search,4096,1000000,16,1000,281824,248.047755,1136,281824,/mnt/nvme1n1/PipeANN-github/build_reviewed_20260602_querycache/tests/dynamic_update_suite_driver --mode measure-dynamic-search --source-prefix /mnt/nvme1n1/PipeANN-supersector32k-work/indexes/phaseC_cycle05_retrain_each_cycle_a6935c93c7_super32k_v3 --jsonl-output /mnt/nvme1n1/PipeANN-github/experiments/v100_querycache_optimized_full_replay_v5_20260601T221943Z/tmp/selected_0165.jsonl --insert-threads 16 --search-threads 1 --merge-threads 16 --build-l 220 --build-r 116 --beamwidth 4 --k 10 --cpu-cap 8 --metric l2 --route prefilter --search-l 250 --data-bin experiments/v100_pq_drift_1m_baseline_20260601T043217Z/data/phaseC_cycle05_live_data_by_tag.bin --base-label-file experiments/v100_pq_drift_1m_baseline_20260601T043217Z/labels/base_labels_1000000.spmat --query-bin /mnt/nvme1n1/PipeANN-github/experiments/r116_suite_pq16_aris_20260520_072453/data/sift_query_1000.bin --truthset-bin experiments/v100_pq_drift_1m_baseline_20260601T043217Z/truth/phaseC_cycle05_intersect_u25.bin --query-label-file /mnt/nvme1n1/PipeANN-github/experiments/r116_suite_pq16_aris_20260520_072453/labels/query_1000_u25.spmat --selector-type intersect --query-limit 1000,98.57,5.659797430038452,taskset -c 20-27 /mnt/nvme1n1/PipeANN-github/build_reviewed_20260602_querycache/tests/dynamic_update_suite_driver --mode measure-dynamic-search --source-prefix /mnt/nvme1n1/PipeANN-supersector32k-work/indexes/phaseC_cycle05_retrain_each_cycle_a6935c93c7_super32k_v3 --jsonl-output /mnt/nvme1n1/PipeANN-github/experiments/v100_querycache_optimized_full_replay_v5_20260601T221943Z/tmp/selected_0165.jsonl --insert-threads 16 --search-threads 1 --merge-threads 16 --build-l 220 --build-r 116 --beamwidth 4 --k 10 --cpu-cap 8 --metric l2 --route prefilter --search-l 250 --data-bin experiments/v100_pq_drift_1m_baseline_20260601T043217Z/data/phaseC_cycle05_live_data_by_tag.bin --base-label-file experiments/v100_pq_drift_1m_baseline_20260601T043217Z/labels/base_labels_1000000.spmat --query-bin /mnt/nvme1n1/PipeANN-github/experiments/r116_suite_pq16_aris_20260520_072453/data/sift_query_1000.bin --truthset-bin experiments/v100_pq_drift_1m_baseline_20260601T043217Z/truth/phaseC_cycle05_intersect_u25.bin --query-label-file /mnt/nvme1n1/PipeANN-github/experiments/r116_suite_pq16_aris_20260520_072453/labels/query_1000_u25.spmat --selector-type intersect --query-limit 1000,prefilter,165,281824,280688,250,post_hoc_retuned_fastest_feasible_recall_ge_98,intersect,/mnt/nvme1n1/PipeANN-supersector32k-work/indexes/phaseC_cycle05_retrain_each_cycle_a6935c93c7_super32k_v3,ok,119280,1,0,/mnt/nvme1n1/PipeANN-github/experiments/v100_pq_drift_1m_baseline_20260601T043217Z/indexes/phaseC_cycle05_retrain_each_cycle,/mnt/nvme1n1/PipeANN-supersector32k-work/indexes/phaseC_cycle05_retrain_each_cycle_a6935c93c7_super32k_v3,retrain_each_cycle,4.031482
prefilter,4794.694803,u30,300000.0,300,20-27,8,True,phaseC_cycle05_retrain_each_cycle,,4.794974,0,0,1,,10000,0,16,supersector32k,page_aware_slots,3,1000000,281836,119280,300000.0,0.0,0.0,0.0,0.0,344.83,300000.0,0.0,344.83,4790.706,1412423.68,354.502,119280,measure-dynamic-search,4778.652,0.0,0.0,4970.94,356.0,300000.0,0.0,356.0,4965.0,1458176.0,5216.921,4096,measure-dynamic-search,4096,1000000,16,1000,281836,208.551696,1200,281836,/mnt/nvme1n1/PipeANN-github/build_reviewed_20260602_querycache/tests/dynamic_update_suite_driver --mode measure-dynamic-search --source-prefix /mnt/nvme1n1/PipeANN-supersector32k-work/indexes/phaseC_cycle05_retrain_each_cycle_a6935c93c7_super32k_v3 --jsonl-output /mnt/nvme1n1/PipeANN-github/experiments/v100_querycache_optimized_full_replay_v5_20260601T221943Z/tmp/selected_0166.jsonl --insert-threads 16 --search-threads 1 --merge-threads 16 --build-l 220 --build-r 116 --beamwidth 4 --k 10 --cpu-cap 8 --metric l2 --route prefilter --search-l 300 --data-bin experiments/v100_pq_drift_1m_baseline_20260601T043217Z/data/phaseC_cycle05_live_data_by_tag.bin --base-label-file experiments/v100_pq_drift_1m_baseline_20260601T043217Z/labels/base_labels_1000000.spmat --query-bin /mnt/nvme1n1/PipeANN-github/experiments/r116_suite_pq16_aris_20260520_072453/data/sift_query_1000.bin --truthset-bin experiments/v100_pq_drift_1m_baseline_20260601T043217Z/truth/phaseC_cycle05_intersect_u30.bin --query-label-file /mnt/nvme1n1/PipeANN-github/experiments/r116_suite_pq16_aris_20260520_072453/labels/query_1000_u30.spmat --selector-type intersect --query-limit 1000,98.92,6.459635019302368,taskset -c 20-27 /mnt/nvme1n1/PipeANN-github/build_reviewed_20260602_querycache/tests/dynamic_update_suite_driver --mode measure-dynamic-search --source-prefix /mnt/nvme1n1/PipeANN-supersector32k-work/indexes/phaseC_cycle05_retrain_each_cycle_a6935c93c7_super32k_v3 --jsonl-output /mnt/nvme1n1/PipeANN-github/experiments/v100_querycache_optimized_full_replay_v5_20260601T221943Z/tmp/selected_0166.jsonl --insert-threads 16 --search-threads 1 --merge-threads 16 --build-l 220 --build-r 116 --beamwidth 4 --k 10 --cpu-cap 8 --metric l2 --route prefilter --search-l 300 --data-bin experiments/v100_pq_drift_1m_baseline_20260601T043217Z/data/phaseC_cycle05_live_data_by_tag.bin --base-label-file experiments/v100_pq_drift_1m_baseline_20260601T043217Z/labels/base_labels_1000000.spmat --query-bin /mnt/nvme1n1/PipeANN-github/experiments/r116_suite_pq16_aris_20260520_072453/data/sift_query_1000.bin --truthset-bin experiments/v100_pq_drift_1m_baseline_20260601T043217Z/truth/phaseC_cycle05_intersect_u30.bin --query-label-file /mnt/nvme1n1/PipeANN-github/experiments/r116_suite_pq16_aris_20260520_072453/labels/query_1000_u30.spmat --selector-type intersect --query-limit 1000,prefilter,166,281836,280636,300,post_hoc_retuned_fastest_feasible_recall_ge_98,intersect,/mnt/nvme1n1/PipeANN-supersector32k-work/indexes/phaseC_cycle05_retrain_each_cycle_a6935c93c7_super32k_v3,ok,119280,1,0,/mnt/nvme1n1/PipeANN-github/experiments/v100_pq_drift_1m_baseline_20260601T043217Z/indexes/phaseC_cycle05_retrain_each_cycle,/mnt/nvme1n1/PipeANN-supersector32k-work/indexes/phaseC_cycle05_retrain_each_cycle_a6935c93c7_super32k_v3,retrain_each_cycle,4.794974
prefilter,7396.21446,u50,500000.0,300,20-27,8,True,phaseC_cycle05_retrain_each_cycle,,7.396586,0,0,1,,10000,0,16,supersector32k,page_aware_slots,3,1000000,281704,119280,500000.0,0.0,0.0,0.0,0.0,344.157,500000.0,0.0,344.157,7392.039,1409667.072,561.119,119280,measure-dynamic-search,7377.926,0.0,0.0,7560.253,354.0,500000.0,0.0,354.0,7556.0,1449984.0,7892.907,4096,measure-dynamic-search,4096,1000000,16,1000,281704,135.197514,1008,281704,/mnt/nvme1n1/PipeANN-github/build_reviewed_20260602_querycache/tests/dynamic_update_suite_driver --mode measure-dynamic-search --source-prefix /mnt/nvme1n1/PipeANN-supersector32k-work/indexes/phaseC_cycle05_retrain_each_cycle_a6935c93c7_super32k_v3 --jsonl-output /mnt/nvme1n1/PipeANN-github/experiments/v100_querycache_optimized_full_replay_v5_20260601T221943Z/tmp/selected_0167.jsonl --insert-threads 16 --search-threads 1 --merge-threads 16 --build-l 220 --build-r 116 --beamwidth 4 --k 10 --cpu-cap 8 --metric l2 --route prefilter --search-l 300 --data-bin experiments/v100_pq_drift_1m_baseline_20260601T043217Z/data/phaseC_cycle05_live_data_by_tag.bin --base-label-file experiments/v100_pq_drift_1m_baseline_20260601T043217Z/labels/base_labels_1000000.spmat --query-bin /mnt/nvme1n1/PipeANN-github/experiments/r116_suite_pq16_aris_20260520_072453/data/sift_query_1000.bin --truthset-bin experiments/v100_pq_drift_1m_baseline_20260601T043217Z/truth/phaseC_cycle05_intersect_u50.bin --query-label-file /mnt/nvme1n1/PipeANN-github/experiments/r116_suite_pq16_aris_20260520_072453/labels/query_1000_u50.spmat --selector-type intersect --query-limit 1000,98.5,9.02186918258667,taskset -c 20-27 /mnt/nvme1n1/PipeANN-github/build_reviewed_20260602_querycache/tests/dynamic_update_suite_driver --mode measure-dynamic-search --source-prefix /mnt/nvme1n1/PipeANN-supersector32k-work/indexes/phaseC_cycle05_retrain_each_cycle_a6935c93c7_super32k_v3 --jsonl-output /mnt/nvme1n1/PipeANN-github/experiments/v100_querycache_optimized_full_replay_v5_20260601T221943Z/tmp/selected_0167.jsonl --insert-threads 16 --search-threads 1 --merge-threads 16 --build-l 220 --build-r 116 --beamwidth 4 --k 10 --cpu-cap 8 --metric l2 --route prefilter --search-l 300 --data-bin experiments/v100_pq_drift_1m_baseline_20260601T043217Z/data/phaseC_cycle05_live_data_by_tag.bin --base-label-file experiments/v100_pq_drift_1m_baseline_20260601T043217Z/labels/base_labels_1000000.spmat --query-bin /mnt/nvme1n1/PipeANN-github/experiments/r116_suite_pq16_aris_20260520_072453/data/sift_query_1000.bin --truthset-bin experiments/v100_pq_drift_1m_baseline_20260601T043217Z/truth/phaseC_cycle05_intersect_u50.bin --query-label-file /mnt/nvme1n1/PipeANN-github/experiments/r116_suite_pq16_aris_20260520_072453/labels/query_1000_u50.spmat --selector-type intersect --query-limit 1000,prefilter,167,281704,280696,300,post_hoc_retuned_fastest_feasible_recall_ge_98,intersect,/mnt/nvme1n1/PipeANN-supersector32k-work/indexes/phaseC_cycle05_retrain_each_cycle_a6935c93c7_super32k_v3,ok,119280,1,0,/mnt/nvme1n1/PipeANN-github/experiments/v100_pq_drift_1m_baseline_20260601T043217Z/indexes/phaseC_cycle05_retrain_each_cycle,/mnt/nvme1n1/PipeANN-supersector32k-work/indexes/phaseC_cycle05_retrain_each_cycle_a6935c93c7_super32k_v3,retrain_each_cycle,7.396586
graph,5628.112165,u75,750000.0,400,20-27,8,True,phaseC_cycle05_retrain_each_cycle,,5.628349,0,0,1,,10000,1000,16,supersector32k,page_aware_slots,3,1000000,294344,119280,750000.0,21134.97,0.0,5237.525,0.0,465.968,21134.97,0.0,465.968,5298.1,1908604.928,19.658,119280,measure-dynamic-search,5600.714,26910.0,0.0,5976.778,484.0,26910.0,0.0,484.0,5640.0,1982464.0,6356.317,4096,measure-dynamic-search,4096,1000000,16,0,294344,177.671995,13716,294344,/mnt/nvme1n1/PipeANN-github/build_reviewed_20260602_querycache/tests/dynamic_update_suite_driver --mode measure-dynamic-search --source-prefix /mnt/nvme1n1/PipeANN-supersector32k-work/indexes/phaseC_cycle05_retrain_each_cycle_a6935c93c7_super32k_v3 --jsonl-output /mnt/nvme1n1/PipeANN-github/experiments/v100_querycache_optimized_full_replay_v5_20260601T221943Z/tmp/selected_0168.jsonl --insert-threads 16 --search-threads 1 --merge-threads 16 --build-l 220 --build-r 116 --beamwidth 8 --k 10 --cpu-cap 8 --metric l2 --route graph --search-l 400 --data-bin experiments/v100_pq_drift_1m_baseline_20260601T043217Z/data/phaseC_cycle05_live_data_by_tag.bin --base-label-file experiments/v100_pq_drift_1m_baseline_20260601T043217Z/labels/base_labels_1000000.spmat --query-bin /mnt/nvme1n1/PipeANN-github/experiments/r116_suite_pq16_aris_20260520_072453/data/sift_query_1000.bin --truthset-bin experiments/v100_pq_drift_1m_baseline_20260601T043217Z/truth/phaseC_cycle05_intersect_u75.bin --query-label-file /mnt/nvme1n1/PipeANN-github/experiments/r116_suite_pq16_aris_20260520_072453/labels/query_1000_u75.spmat --selector-type intersect --query-limit 1000,98.31,7.224527597427368,taskset -c 20-27 /mnt/nvme1n1/PipeANN-github/build_reviewed_20260602_querycache/tests/dynamic_update_suite_driver --mode measure-dynamic-search --source-prefix /mnt/nvme1n1/PipeANN-supersector32k-work/indexes/phaseC_cycle05_retrain_each_cycle_a6935c93c7_super32k_v3 --jsonl-output /mnt/nvme1n1/PipeANN-github/experiments/v100_querycache_optimized_full_replay_v5_20260601T221943Z/tmp/selected_0168.jsonl --insert-threads 16 --search-threads 1 --merge-threads 16 --build-l 220 --build-r 116 --beamwidth 8 --k 10 --cpu-cap 8 --metric l2 --route graph --search-l 400 --data-bin experiments/v100_pq_drift_1m_baseline_20260601T043217Z/data/phaseC_cycle05_live_data_by_tag.bin --base-label-file experiments/v100_pq_drift_1m_baseline_20260601T043217Z/labels/base_labels_1000000.spmat --query-bin /mnt/nvme1n1/PipeANN-github/experiments/r116_suite_pq16_aris_20260520_072453/data/sift_query_1000.bin --truthset-bin experiments/v100_pq_drift_1m_baseline_20260601T043217Z/truth/phaseC_cycle05_intersect_u75.bin --query-label-file /mnt/nvme1n1/PipeANN-github/experiments/r116_suite_pq16_aris_20260520_072453/labels/query_1000_u75.spmat --selector-type intersect --query-limit 1000,graph,168,294344,280628,400,querycache_highrisk_beamwidth_8_source_row_168,intersect,/mnt/nvme1n1/PipeANN-supersector32k-work/indexes/phaseC_cycle05_retrain_each_cycle_a6935c93c7_super32k_v3,ok,119280,1,0,/mnt/nvme1n1/PipeANN-github/experiments/v100_pq_drift_1m_baseline_20260601T043217Z/indexes/phaseC_cycle05_retrain_each_cycle,/mnt/nvme1n1/PipeANN-supersector32k-work/indexes/phaseC_cycle05_retrain_each_cycle_a6935c93c7_super32k_v3,retrain_each_cycle,5.628349
graph,7531.557895,u100,1000000.0,300,20-27,8,True,phaseC_cycle05_retrain_each_cycle,,7.532051,0,0,1,,10000,1000,16,supersector32k,page_aware_slots,3,1000000,295000,119280,1000000.0,17211.973,0.0,7143.344,0.0,353.085,17211.973,0.0,353.085,7205.754,1446236.16,21.239,119280,measure-dynamic-search,6969.75,21688.0,0.0,7799.512,368.0,21688.0,0.0,368.0,7194.0,1507328.0,10463.534,4096,measure-dynamic-search,4096,1000000,16,0,295000,132.765968,14520,295000,/mnt/nvme1n1/PipeANN-github/build_reviewed_20260602_querycache/tests/dynamic_update_suite_driver --mode measure-dynamic-search --source-prefix /mnt/nvme1n1/PipeANN-supersector32k-work/indexes/phaseC_cycle05_retrain_each_cycle_a6935c93c7_super32k_v3 --jsonl-output /mnt/nvme1n1/PipeANN-github/experiments/v100_querycache_optimized_full_replay_v5_20260601T221943Z/tmp/selected_0169.jsonl --insert-threads 16 --search-threads 1 --merge-threads 16 --build-l 220 --build-r 116 --beamwidth 4 --k 10 --cpu-cap 8 --metric l2 --route graph --search-l 300 --data-bin experiments/v100_pq_drift_1m_baseline_20260601T043217Z/data/phaseC_cycle05_live_data_by_tag.bin --base-label-file experiments/v100_pq_drift_1m_baseline_20260601T043217Z/labels/base_labels_1000000.spmat --query-bin /mnt/nvme1n1/PipeANN-github/experiments/r116_suite_pq16_aris_20260520_072453/data/sift_query_1000.bin --truthset-bin experiments/v100_pq_drift_1m_baseline_20260601T043217Z/truth/phaseC_cycle05_intersect_u100.bin --query-label-file /mnt/nvme1n1/PipeANN-github/experiments/r116_suite_pq16_aris_20260520_072453/labels/query_1000_u100.spmat --selector-type intersect --query-limit 1000,98.02,9.29828429222107,taskset -c 20-27 /mnt/nvme1n1/PipeANN-github/build_reviewed_20260602_querycache/tests/dynamic_update_suite_driver --mode measure-dynamic-search --source-prefix /mnt/nvme1n1/PipeANN-supersector32k-work/indexes/phaseC_cycle05_retrain_each_cycle_a6935c93c7_super32k_v3 --jsonl-output /mnt/nvme1n1/PipeANN-github/experiments/v100_querycache_optimized_full_replay_v5_20260601T221943Z/tmp/selected_0169.jsonl --insert-threads 16 --search-threads 1 --merge-threads 16 --build-l 220 --build-r 116 --beamwidth 4 --k 10 --cpu-cap 8 --metric l2 --route graph --search-l 300 --data-bin experiments/v100_pq_drift_1m_baseline_20260601T043217Z/data/phaseC_cycle05_live_data_by_tag.bin --base-label-file experiments/v100_pq_drift_1m_baseline_20260601T043217Z/labels/base_labels_1000000.spmat --query-bin /mnt/nvme1n1/PipeANN-github/experiments/r116_suite_pq16_aris_20260520_072453/data/sift_query_1000.bin --truthset-bin experiments/v100_pq_drift_1m_baseline_20260601T043217Z/truth/phaseC_cycle05_intersect_u100.bin --query-label-file /mnt/nvme1n1/PipeANN-github/experiments/r116_suite_pq16_aris_20260520_072453/labels/query_1000_u100.spmat --selector-type intersect --query-limit 1000,graph,169,295000,280480,300,post_hoc_retuned_fastest_feasible_recall_ge_98,intersect,/mnt/nvme1n1/PipeANN-supersector32k-work/indexes/phaseC_cycle05_retrain_each_cycle_a6935c93c7_super32k_v3,ok,119280,1,0,/mnt/nvme1n1/PipeANN-github/experiments/v100_pq_drift_1m_baseline_20260601T043217Z/indexes/phaseC_cycle05_retrain_each_cycle,/mnt/nvme1n1/PipeANN-supersector32k-work/indexes/phaseC_cycle05_retrain_each_cycle_a6935c93c7_super32k_v3,retrain_each_cycle,7.532051
prefilter,159.190868,u1e-03,1000.0,50,20-27,8,True,phaseC_cycle05_retrain_each_cycle,,0.159287,0,0,1,,10000,0,16,supersector32k,page_aware_slots,3,1000000,281772,119280,1000.0,0.0,0.0,0.0,0.0,109.686,1000.0,0.0,109.686,156.605,449273.856,35.799,119280,measure-dynamic-search,156.555,0.0,0.0,180.006,116.0,1000.0,0.0,116.0,177.0,475136.0,199.458,4096,measure-dynamic-search,4096,1000000,16,1000,281772,6277.994953,1112,281772,/mnt/nvme1n1/PipeANN-github/build_reviewed_20260602_querycache/tests/dynamic_update_suite_driver --mode measure-dynamic-search --source-prefix /mnt/nvme1n1/PipeANN-supersector32k-work/indexes/phaseC_cycle05_retrain_each_cycle_a6935c93c7_super32k_v3 --jsonl-output /mnt/nvme1n1/PipeANN-github/experiments/v100_querycache_optimized_full_replay_v5_20260601T221943Z/tmp/selected_0170.jsonl --insert-threads 16 --search-threads 1 --merge-threads 16 --build-l 220 --build-r 116 --beamwidth 4 --k 10 --cpu-cap 8 --metric l2 --route prefilter --search-l 50 --data-bin experiments/v100_pq_drift_1m_baseline_20260601T043217Z/data/phaseC_cycle05_live_data_by_tag.bin --base-label-file experiments/v100_pq_drift_1m_baseline_20260601T043217Z/labels/base_labels_1000000.spmat --query-bin /mnt/nvme1n1/PipeANN-github/experiments/r116_suite_pq16_aris_20260520_072453/data/sift_query_1000.bin --truthset-bin experiments/v100_pq_drift_1m_baseline_20260601T043217Z/truth/phaseC_cycle05_range_u1e-03.bin --query-label-file /mnt/nvme1n1/PipeANN-github/experiments/r116_suite_pq16_aris_20260520_072453/labels/query_1000_range_u1e-03.spmat --selector-type range --query-limit 1000,99.97,2.072986125946045,taskset -c 20-27 /mnt/nvme1n1/PipeANN-github/build_reviewed_20260602_querycache/tests/dynamic_update_suite_driver --mode measure-dynamic-search --source-prefix /mnt/nvme1n1/PipeANN-supersector32k-work/indexes/phaseC_cycle05_retrain_each_cycle_a6935c93c7_super32k_v3 --jsonl-output /mnt/nvme1n1/PipeANN-github/experiments/v100_querycache_optimized_full_replay_v5_20260601T221943Z/tmp/selected_0170.jsonl --insert-threads 16 --search-threads 1 --merge-threads 16 --build-l 220 --build-r 116 --beamwidth 4 --k 10 --cpu-cap 8 --metric l2 --route prefilter --search-l 50 --data-bin experiments/v100_pq_drift_1m_baseline_20260601T043217Z/data/phaseC_cycle05_live_data_by_tag.bin --base-label-file experiments/v100_pq_drift_1m_baseline_20260601T043217Z/labels/base_labels_1000000.spmat --query-bin /mnt/nvme1n1/PipeANN-github/experiments/r116_suite_pq16_aris_20260520_072453/data/sift_query_1000.bin --truthset-bin experiments/v100_pq_drift_1m_baseline_20260601T043217Z/truth/phaseC_cycle05_range_u1e-03.bin --query-label-file /mnt/nvme1n1/PipeANN-github/experiments/r116_suite_pq16_aris_20260520_072453/labels/query_1000_range_u1e-03.spmat --selector-type range --query-limit 1000,prefilter,170,281772,280660,50,post_hoc_retuned_fastest_feasible_recall_ge_98,range,/mnt/nvme1n1/PipeANN-supersector32k-work/indexes/phaseC_cycle05_retrain_each_cycle_a6935c93c7_super32k_v3,ok,119280,1,0,/mnt/nvme1n1/PipeANN-github/experiments/v100_pq_drift_1m_baseline_20260601T043217Z/indexes/phaseC_cycle05_retrain_each_cycle,/mnt/nvme1n1/PipeANN-supersector32k-work/indexes/phaseC_cycle05_retrain_each_cycle_a6935c93c7_super32k_v3,retrain_each_cycle,0.159287
prefilter,215.314581,u3e-03,3000.0,75,20-27,8,True,phaseC_cycle05_retrain_each_cycle,,0.215443,0,0,1,,10000,0,16,supersector32k,page_aware_slots,3,1000000,281648,119280,3000.0,0.0,0.0,0.0,0.0,110.456,3000.0,0.0,110.456,212.603,452427.776,42.556,119280,measure-dynamic-search,213.427,0.0,0.0,233.746,115.0,3000.0,0.0,115.0,231.0,471040.0,250.882,4096,measure-dynamic-search,4096,1000000,16,1000,281648,4641.60831,1044,281648,/mnt/nvme1n1/PipeANN-github/build_reviewed_20260602_querycache/tests/dynamic_update_suite_driver --mode measure-dynamic-search --source-prefix /mnt/nvme1n1/PipeANN-supersector32k-work/indexes/phaseC_cycle05_retrain_each_cycle_a6935c93c7_super32k_v3 --jsonl-output /mnt/nvme1n1/PipeANN-github/experiments/v100_querycache_optimized_full_replay_v5_20260601T221943Z/tmp/selected_0171.jsonl --insert-threads 16 --search-threads 1 --merge-threads 16 --build-l 220 --build-r 116 --beamwidth 4 --k 10 --cpu-cap 8 --metric l2 --route prefilter --search-l 75 --data-bin experiments/v100_pq_drift_1m_baseline_20260601T043217Z/data/phaseC_cycle05_live_data_by_tag.bin --base-label-file experiments/v100_pq_drift_1m_baseline_20260601T043217Z/labels/base_labels_1000000.spmat --query-bin /mnt/nvme1n1/PipeANN-github/experiments/r116_suite_pq16_aris_20260520_072453/data/sift_query_1000.bin --truthset-bin experiments/v100_pq_drift_1m_baseline_20260601T043217Z/truth/phaseC_cycle05_range_u3e-03.bin --query-label-file /mnt/nvme1n1/PipeANN-github/experiments/r116_suite_pq16_aris_20260520_072453/labels/query_1000_range_u3e-03.spmat --selector-type range --query-limit 1000,99.8,1.725841999053955,taskset -c 20-27 /mnt/nvme1n1/PipeANN-github/build_reviewed_20260602_querycache/tests/dynamic_update_suite_driver --mode measure-dynamic-search --source-prefix /mnt/nvme1n1/PipeANN-supersector32k-work/indexes/phaseC_cycle05_retrain_each_cycle_a6935c93c7_super32k_v3 --jsonl-output /mnt/nvme1n1/PipeANN-github/experiments/v100_querycache_optimized_full_replay_v5_20260601T221943Z/tmp/selected_0171.jsonl --insert-threads 16 --search-threads 1 --merge-threads 16 --build-l 220 --build-r 116 --beamwidth 4 --k 10 --cpu-cap 8 --metric l2 --route prefilter --search-l 75 --data-bin experiments/v100_pq_drift_1m_baseline_20260601T043217Z/data/phaseC_cycle05_live_data_by_tag.bin --base-label-file experiments/v100_pq_drift_1m_baseline_20260601T043217Z/labels/base_labels_1000000.spmat --query-bin /mnt/nvme1n1/PipeANN-github/experiments/r116_suite_pq16_aris_20260520_072453/data/sift_query_1000.bin --truthset-bin experiments/v100_pq_drift_1m_baseline_20260601T043217Z/truth/phaseC_cycle05_range_u3e-03.bin --query-label-file /mnt/nvme1n1/PipeANN-github/experiments/r116_suite_pq16_aris_20260520_072453/labels/query_1000_range_u3e-03.spmat --selector-type range --query-limit 1000,prefilter,171,281648,280604,75,post_hoc_retuned_fastest_feasible_recall_ge_98,range,/mnt/nvme1n1/PipeANN-supersector32k-work/indexes/phaseC_cycle05_retrain_each_cycle_a6935c93c7_super32k_v3,ok,119280,1,0,/mnt/nvme1n1/PipeANN-github/experiments/v100_pq_drift_1m_baseline_20260601T043217Z/indexes/phaseC_cycle05_retrain_each_cycle,/mnt/nvme1n1/PipeANN-supersector32k-work/indexes/phaseC_cycle05_retrain_each_cycle_a6935c93c7_super32k_v3,retrain_each_cycle,0.215443
prefilter,405.601073,u1e-02,10000.0,100,20-27,8,True,phaseC_cycle05_retrain_each_cycle,,0.405731,0,0,1,,10000,0,16,supersector32k,page_aware_slots,3,1000000,281736,119280,10000.0,0.0,0.0,0.0,0.0,146.7,10000.0,0.0,146.7,402.518,600883.2,57.687,119280,measure-dynamic-search,401.183,0.0,0.0,432.156,153.0,10000.0,0.0,153.0,429.0,626688.0,467.144,4096,measure-dynamic-search,4096,1000000,16,1000,281736,2464.685305,1048,281736,/mnt/nvme1n1/PipeANN-github/build_reviewed_20260602_querycache/tests/dynamic_update_suite_driver --mode measure-dynamic-search --source-prefix /mnt/nvme1n1/PipeANN-supersector32k-work/indexes/phaseC_cycle05_retrain_each_cycle_a6935c93c7_super32k_v3 --jsonl-output /mnt/nvme1n1/PipeANN-github/experiments/v100_querycache_optimized_full_replay_v5_20260601T221943Z/tmp/selected_0172.jsonl --insert-threads 16 --search-threads 1 --merge-threads 16 --build-l 220 --build-r 116 --beamwidth 4 --k 10 --cpu-cap 8 --metric l2 --route prefilter --search-l 100 --data-bin experiments/v100_pq_drift_1m_baseline_20260601T043217Z/data/phaseC_cycle05_live_data_by_tag.bin --base-label-file experiments/v100_pq_drift_1m_baseline_20260601T043217Z/labels/base_labels_1000000.spmat --query-bin /mnt/nvme1n1/PipeANN-github/experiments/r116_suite_pq16_aris_20260520_072453/data/sift_query_1000.bin --truthset-bin experiments/v100_pq_drift_1m_baseline_20260601T043217Z/truth/phaseC_cycle05_range_u1e-02.bin --query-label-file /mnt/nvme1n1/PipeANN-github/experiments/r116_suite_pq16_aris_20260520_072453/labels/query_1000_range_u1e-02.spmat --selector-type range --query-limit 1000,99.63,1.9191110134124756,taskset -c 20-27 /mnt/nvme1n1/PipeANN-github/build_reviewed_20260602_querycache/tests/dynamic_update_suite_driver --mode measure-dynamic-search --source-prefix /mnt/nvme1n1/PipeANN-supersector32k-work/indexes/phaseC_cycle05_retrain_each_cycle_a6935c93c7_super32k_v3 --jsonl-output /mnt/nvme1n1/PipeANN-github/experiments/v100_querycache_optimized_full_replay_v5_20260601T221943Z/tmp/selected_0172.jsonl --insert-threads 16 --search-threads 1 --merge-threads 16 --build-l 220 --build-r 116 --beamwidth 4 --k 10 --cpu-cap 8 --metric l2 --route prefilter --search-l 100 --data-bin experiments/v100_pq_drift_1m_baseline_20260601T043217Z/data/phaseC_cycle05_live_data_by_tag.bin --base-label-file experiments/v100_pq_drift_1m_baseline_20260601T043217Z/labels/base_labels_1000000.spmat --query-bin /mnt/nvme1n1/PipeANN-github/experiments/r116_suite_pq16_aris_20260520_072453/data/sift_query_1000.bin --truthset-bin experiments/v100_pq_drift_1m_baseline_20260601T043217Z/truth/phaseC_cycle05_range_u1e-02.bin --query-label-file /mnt/nvme1n1/PipeANN-github/experiments/r116_suite_pq16_aris_20260520_072453/labels/query_1000_range_u1e-02.spmat --selector-type range --query-limit 1000,prefilter,172,281736,280688,100,post_hoc_retuned_fastest_feasible_recall_ge_98,range,/mnt/nvme1n1/PipeANN-supersector32k-work/indexes/phaseC_cycle05_retrain_each_cycle_a6935c93c7_super32k_v3,ok,119280,1,0,/mnt/nvme1n1/PipeANN-github/experiments/v100_pq_drift_1m_baseline_20260601T043217Z/indexes/phaseC_cycle05_retrain_each_cycle,/mnt/nvme1n1/PipeANN-supersector32k-work/indexes/phaseC_cycle05_retrain_each_cycle_a6935c93c7_super32k_v3,retrain_each_cycle,0.405731
prefilter,1178.9582,u5e-02,50000.0,75,20-27,8,True,phaseC_cycle05_retrain_each_cycle,,1.17914,0,0,1,,10000,0,16,supersector32k,page_aware_slots,3,1000000,283552,119280,50000.0,0.0,0.0,0.0,0.0,184.086,50000.0,0.0,184.086,1175.617,754016.256,107.892,119280,measure-dynamic-search,1174.168,0.0,0.0,1234.717,191.0,50000.0,0.0,191.0,1232.0,782336.0,1301.875,4096,measure-dynamic-search,4096,1000000,16,1000,283552,848.07554,984,283552,/mnt/nvme1n1/PipeANN-github/build_reviewed_20260602_querycache/tests/dynamic_update_suite_driver --mode measure-dynamic-search --source-prefix /mnt/nvme1n1/PipeANN-supersector32k-work/indexes/phaseC_cycle05_retrain_each_cycle_a6935c93c7_super32k_v3 --jsonl-output /mnt/nvme1n1/PipeANN-github/experiments/v100_querycache_optimized_full_replay_v5_20260601T221943Z/tmp/selected_0173.jsonl --insert-threads 16 --search-threads 1 --merge-threads 16 --build-l 220 --build-r 116 --beamwidth 4 --k 10 --cpu-cap 8 --metric l2 --route prefilter --search-l 75 --data-bin experiments/v100_pq_drift_1m_baseline_20260601T043217Z/data/phaseC_cycle05_live_data_by_tag.bin --base-label-file experiments/v100_pq_drift_1m_baseline_20260601T043217Z/labels/base_labels_1000000.spmat --query-bin /mnt/nvme1n1/PipeANN-github/experiments/r116_suite_pq16_aris_20260520_072453/data/sift_query_1000.bin --truthset-bin experiments/v100_pq_drift_1m_baseline_20260601T043217Z/truth/phaseC_cycle05_range_u5e-02.bin --query-label-file /mnt/nvme1n1/PipeANN-github/experiments/r116_suite_pq16_aris_20260520_072453/labels/query_1000_range_u5e-02.spmat --selector-type range --query-limit 1000,99.32,2.705354928970337,taskset -c 20-27 /mnt/nvme1n1/PipeANN-github/build_reviewed_20260602_querycache/tests/dynamic_update_suite_driver --mode measure-dynamic-search --source-prefix /mnt/nvme1n1/PipeANN-supersector32k-work/indexes/phaseC_cycle05_retrain_each_cycle_a6935c93c7_super32k_v3 --jsonl-output /mnt/nvme1n1/PipeANN-github/experiments/v100_querycache_optimized_full_replay_v5_20260601T221943Z/tmp/selected_0173.jsonl --insert-threads 16 --search-threads 1 --merge-threads 16 --build-l 220 --build-r 116 --beamwidth 4 --k 10 --cpu-cap 8 --metric l2 --route prefilter --search-l 75 --data-bin experiments/v100_pq_drift_1m_baseline_20260601T043217Z/data/phaseC_cycle05_live_data_by_tag.bin --base-label-file experiments/v100_pq_drift_1m_baseline_20260601T043217Z/labels/base_labels_1000000.spmat --query-bin /mnt/nvme1n1/PipeANN-github/experiments/r116_suite_pq16_aris_20260520_072453/data/sift_query_1000.bin --truthset-bin experiments/v100_pq_drift_1m_baseline_20260601T043217Z/truth/phaseC_cycle05_range_u5e-02.bin --query-label-file /mnt/nvme1n1/PipeANN-github/experiments/r116_suite_pq16_aris_20260520_072453/labels/query_1000_range_u5e-02.spmat --selector-type range --query-limit 1000,prefilter,173,283552,282568,75,post_hoc_retuned_fastest_feasible_recall_ge_98,range,/mnt/nvme1n1/PipeANN-supersector32k-work/indexes/phaseC_cycle05_retrain_each_cycle_a6935c93c7_super32k_v3,ok,119280,1,0,/mnt/nvme1n1/PipeANN-github/experiments/v100_pq_drift_1m_baseline_20260601T043217Z/indexes/phaseC_cycle05_retrain_each_cycle,/mnt/nvme1n1/PipeANN-supersector32k-work/indexes/phaseC_cycle05_retrain_each_cycle_a6935c93c7_super32k_v3,retrain_each_cycle,1.17914
prefilter,1861.786046,u1e-01,100000.0,75,20-27,8,True,phaseC_cycle05_retrain_each_cycle,,1.861962,0,0,1,,10000,0,16,supersector32k,page_aware_slots,3,1000000,281640,119280,100000.0,0.0,0.0,0.0,0.0,183.641,100000.0,0.0,183.641,1858.137,752193.536,165.365,119280,measure-dynamic-search,1855.722,0.0,0.0,1924.602,191.0,100000.0,0.0,191.0,1921.0,782336.0,2043.169,4096,measure-dynamic-search,4096,1000000,16,1000,281640,537.067774,1076,281640,/mnt/nvme1n1/PipeANN-github/build_reviewed_20260602_querycache/tests/dynamic_update_suite_driver --mode measure-dynamic-search --source-prefix /mnt/nvme1n1/PipeANN-supersector32k-work/indexes/phaseC_cycle05_retrain_each_cycle_a6935c93c7_super32k_v3 --jsonl-output /mnt/nvme1n1/PipeANN-github/experiments/v100_querycache_optimized_full_replay_v5_20260601T221943Z/tmp/selected_0174.jsonl --insert-threads 16 --search-threads 1 --merge-threads 16 --build-l 220 --build-r 116 --beamwidth 4 --k 10 --cpu-cap 8 --metric l2 --route prefilter --search-l 75 --data-bin experiments/v100_pq_drift_1m_baseline_20260601T043217Z/data/phaseC_cycle05_live_data_by_tag.bin --base-label-file experiments/v100_pq_drift_1m_baseline_20260601T043217Z/labels/base_labels_1000000.spmat --query-bin /mnt/nvme1n1/PipeANN-github/experiments/r116_suite_pq16_aris_20260520_072453/data/sift_query_1000.bin --truthset-bin experiments/v100_pq_drift_1m_baseline_20260601T043217Z/truth/phaseC_cycle05_range_u1e-01.bin --query-label-file /mnt/nvme1n1/PipeANN-github/experiments/r116_suite_pq16_aris_20260520_072453/labels/query_1000_range_u1e-01.spmat --selector-type range --query-limit 1000,98.9,3.4033074378967285,taskset -c 20-27 /mnt/nvme1n1/PipeANN-github/build_reviewed_20260602_querycache/tests/dynamic_update_suite_driver --mode measure-dynamic-search --source-prefix /mnt/nvme1n1/PipeANN-supersector32k-work/indexes/phaseC_cycle05_retrain_each_cycle_a6935c93c7_super32k_v3 --jsonl-output /mnt/nvme1n1/PipeANN-github/experiments/v100_querycache_optimized_full_replay_v5_20260601T221943Z/tmp/selected_0174.jsonl --insert-threads 16 --search-threads 1 --merge-threads 16 --build-l 220 --build-r 116 --beamwidth 4 --k 10 --cpu-cap 8 --metric l2 --route prefilter --search-l 75 --data-bin experiments/v100_pq_drift_1m_baseline_20260601T043217Z/data/phaseC_cycle05_live_data_by_tag.bin --base-label-file experiments/v100_pq_drift_1m_baseline_20260601T043217Z/labels/base_labels_1000000.spmat --query-bin /mnt/nvme1n1/PipeANN-github/experiments/r116_suite_pq16_aris_20260520_072453/data/sift_query_1000.bin --truthset-bin experiments/v100_pq_drift_1m_baseline_20260601T043217Z/truth/phaseC_cycle05_range_u1e-01.bin --query-label-file /mnt/nvme1n1/PipeANN-github/experiments/r116_suite_pq16_aris_20260520_072453/labels/query_1000_range_u1e-01.spmat --selector-type range --query-limit 1000,prefilter,174,281640,280564,75,post_hoc_retuned_fastest_feasible_recall_ge_98,range,/mnt/nvme1n1/PipeANN-supersector32k-work/indexes/phaseC_cycle05_retrain_each_cycle_a6935c93c7_super32k_v3,ok,119280,1,0,/mnt/nvme1n1/PipeANN-github/experiments/v100_pq_drift_1m_baseline_20260601T043217Z/indexes/phaseC_cycle05_retrain_each_cycle,/mnt/nvme1n1/PipeANN-supersector32k-work/indexes/phaseC_cycle05_retrain_each_cycle_a6935c93c7_super32k_v3,retrain_each_cycle,1.861962
prefilter,4038.043248,u25,250000.0,250,20-27,8,True,phaseC_cycle05_retrain_each_cycle,,4.038325,0,0,1,,10000,0,16,supersector32k,page_aware_slots,3,1000000,283748,119280,250000.0,0.0,0.0,0.0,0.0,287.456,250000.0,0.0,287.456,4034.022,1177419.776,330.355,119280,measure-dynamic-search,4023.878,0.0,0.0,4158.275,297.0,250000.0,0.0,297.0,4155.0,1216512.0,4343.942,4096,measure-dynamic-search,4096,1000000,16,1000,283748,247.627395,1276,283748,/mnt/nvme1n1/PipeANN-github/build_reviewed_20260602_querycache/tests/dynamic_update_suite_driver --mode measure-dynamic-search --source-prefix /mnt/nvme1n1/PipeANN-supersector32k-work/indexes/phaseC_cycle05_retrain_each_cycle_a6935c93c7_super32k_v3 --jsonl-output /mnt/nvme1n1/PipeANN-github/experiments/v100_querycache_optimized_full_replay_v5_20260601T221943Z/tmp/selected_0175.jsonl --insert-threads 16 --search-threads 1 --merge-threads 16 --build-l 220 --build-r 116 --beamwidth 4 --k 10 --cpu-cap 8 --metric l2 --route prefilter --search-l 250 --data-bin experiments/v100_pq_drift_1m_baseline_20260601T043217Z/data/phaseC_cycle05_live_data_by_tag.bin --base-label-file experiments/v100_pq_drift_1m_baseline_20260601T043217Z/labels/base_labels_1000000.spmat --query-bin /mnt/nvme1n1/PipeANN-github/experiments/r116_suite_pq16_aris_20260520_072453/data/sift_query_1000.bin --truthset-bin experiments/v100_pq_drift_1m_baseline_20260601T043217Z/truth/phaseC_cycle05_range_u25.bin --query-label-file /mnt/nvme1n1/PipeANN-github/experiments/r116_suite_pq16_aris_20260520_072453/labels/query_1000_range_u25.spmat --selector-type range --query-limit 1000,98.57,5.586097955703735,taskset -c 20-27 /mnt/nvme1n1/PipeANN-github/build_reviewed_20260602_querycache/tests/dynamic_update_suite_driver --mode measure-dynamic-search --source-prefix /mnt/nvme1n1/PipeANN-supersector32k-work/indexes/phaseC_cycle05_retrain_each_cycle_a6935c93c7_super32k_v3 --jsonl-output /mnt/nvme1n1/PipeANN-github/experiments/v100_querycache_optimized_full_replay_v5_20260601T221943Z/tmp/selected_0175.jsonl --insert-threads 16 --search-threads 1 --merge-threads 16 --build-l 220 --build-r 116 --beamwidth 4 --k 10 --cpu-cap 8 --metric l2 --route prefilter --search-l 250 --data-bin experiments/v100_pq_drift_1m_baseline_20260601T043217Z/data/phaseC_cycle05_live_data_by_tag.bin --base-label-file experiments/v100_pq_drift_1m_baseline_20260601T043217Z/labels/base_labels_1000000.spmat --query-bin /mnt/nvme1n1/PipeANN-github/experiments/r116_suite_pq16_aris_20260520_072453/data/sift_query_1000.bin --truthset-bin experiments/v100_pq_drift_1m_baseline_20260601T043217Z/truth/phaseC_cycle05_range_u25.bin --query-label-file /mnt/nvme1n1/PipeANN-github/experiments/r116_suite_pq16_aris_20260520_072453/labels/query_1000_range_u25.spmat --selector-type range --query-limit 1000,prefilter,175,283748,282472,250,post_hoc_retuned_fastest_feasible_recall_ge_98,range,/mnt/nvme1n1/PipeANN-supersector32k-work/indexes/phaseC_cycle05_retrain_each_cycle_a6935c93c7_super32k_v3,ok,119280,1,0,/mnt/nvme1n1/PipeANN-github/experiments/v100_pq_drift_1m_baseline_20260601T043217Z/indexes/phaseC_cycle05_retrain_each_cycle,/mnt/nvme1n1/PipeANN-supersector32k-work/indexes/phaseC_cycle05_retrain_each_cycle_a6935c93c7_super32k_v3,retrain_each_cycle,4.038325
prefilter,4605.477859,u30,300000.0,250,20-27,8,True,phaseC_cycle05_retrain_each_cycle,,4.605781,0,0,1,,10000,0,16,supersector32k,page_aware_slots,3,1000000,281840,119280,300000.0,0.0,0.0,0.0,0.0,287.372,300000.0,0.0,287.372,4601.481,1177075.712,376.427,119280,measure-dynamic-search,4604.548,0.0,0.0,4783.405,297.0,300000.0,0.0,297.0,4779.0,1216512.0,5025.324,4096,measure-dynamic-search,4096,1000000,16,1000,281840,217.118443,1204,281840,/mnt/nvme1n1/PipeANN-github/build_reviewed_20260602_querycache/tests/dynamic_update_suite_driver --mode measure-dynamic-search --source-prefix /mnt/nvme1n1/PipeANN-supersector32k-work/indexes/phaseC_cycle05_retrain_each_cycle_a6935c93c7_super32k_v3 --jsonl-output /mnt/nvme1n1/PipeANN-github/experiments/v100_querycache_optimized_full_replay_v5_20260601T221943Z/tmp/selected_0176.jsonl --insert-threads 16 --search-threads 1 --merge-threads 16 --build-l 220 --build-r 116 --beamwidth 4 --k 10 --cpu-cap 8 --metric l2 --route prefilter --search-l 250 --data-bin experiments/v100_pq_drift_1m_baseline_20260601T043217Z/data/phaseC_cycle05_live_data_by_tag.bin --base-label-file experiments/v100_pq_drift_1m_baseline_20260601T043217Z/labels/base_labels_1000000.spmat --query-bin /mnt/nvme1n1/PipeANN-github/experiments/r116_suite_pq16_aris_20260520_072453/data/sift_query_1000.bin --truthset-bin experiments/v100_pq_drift_1m_baseline_20260601T043217Z/truth/phaseC_cycle05_range_u30.bin --query-label-file /mnt/nvme1n1/PipeANN-github/experiments/r116_suite_pq16_aris_20260520_072453/labels/query_1000_range_u30.spmat --selector-type range --query-limit 1000,98.37,6.209313869476318,taskset -c 20-27 /mnt/nvme1n1/PipeANN-github/build_reviewed_20260602_querycache/tests/dynamic_update_suite_driver --mode measure-dynamic-search --source-prefix /mnt/nvme1n1/PipeANN-supersector32k-work/indexes/phaseC_cycle05_retrain_each_cycle_a6935c93c7_super32k_v3 --jsonl-output /mnt/nvme1n1/PipeANN-github/experiments/v100_querycache_optimized_full_replay_v5_20260601T221943Z/tmp/selected_0176.jsonl --insert-threads 16 --search-threads 1 --merge-threads 16 --build-l 220 --build-r 116 --beamwidth 4 --k 10 --cpu-cap 8 --metric l2 --route prefilter --search-l 250 --data-bin experiments/v100_pq_drift_1m_baseline_20260601T043217Z/data/phaseC_cycle05_live_data_by_tag.bin --base-label-file experiments/v100_pq_drift_1m_baseline_20260601T043217Z/labels/base_labels_1000000.spmat --query-bin /mnt/nvme1n1/PipeANN-github/experiments/r116_suite_pq16_aris_20260520_072453/data/sift_query_1000.bin --truthset-bin experiments/v100_pq_drift_1m_baseline_20260601T043217Z/truth/phaseC_cycle05_range_u30.bin --query-label-file /mnt/nvme1n1/PipeANN-github/experiments/r116_suite_pq16_aris_20260520_072453/labels/query_1000_range_u30.spmat --selector-type range --query-limit 1000,prefilter,176,281840,280636,250,post_hoc_retuned_fastest_feasible_recall_ge_98,range,/mnt/nvme1n1/PipeANN-supersector32k-work/indexes/phaseC_cycle05_retrain_each_cycle_a6935c93c7_super32k_v3,ok,119280,1,0,/mnt/nvme1n1/PipeANN-github/experiments/v100_pq_drift_1m_baseline_20260601T043217Z/indexes/phaseC_cycle05_retrain_each_cycle,/mnt/nvme1n1/PipeANN-supersector32k-work/indexes/phaseC_cycle05_retrain_each_cycle_a6935c93c7_super32k_v3,retrain_each_cycle,4.605781
prefilter,7450.315739,u50,500000.0,300,20-27,8,True,phaseC_cycle05_retrain_each_cycle,,7.450667,0,0,1,,10000,0,16,supersector32k,page_aware_slots,3,1000000,281688,119280,500000.0,0.0,0.0,0.0,0.0,344.157,500000.0,0.0,344.157,7445.086,1409667.072,603.128,119280,measure-dynamic-search,7430.549,0.0,0.0,7655.583,354.0,500000.0,0.0,354.0,7650.0,1449984.0,8207.666,4096,measure-dynamic-search,4096,1000000,16,1000,281688,134.21617,944,281688,/mnt/nvme1n1/PipeANN-github/build_reviewed_20260602_querycache/tests/dynamic_update_suite_driver --mode measure-dynamic-search --source-prefix /mnt/nvme1n1/PipeANN-supersector32k-work/indexes/phaseC_cycle05_retrain_each_cycle_a6935c93c7_super32k_v3 --jsonl-output /mnt/nvme1n1/PipeANN-github/experiments/v100_querycache_optimized_full_replay_v5_20260601T221943Z/tmp/selected_0177.jsonl --insert-threads 16 --search-threads 1 --merge-threads 16 --build-l 220 --build-r 116 --beamwidth 4 --k 10 --cpu-cap 8 --metric l2 --route prefilter --search-l 300 --data-bin experiments/v100_pq_drift_1m_baseline_20260601T043217Z/data/phaseC_cycle05_live_data_by_tag.bin --base-label-file experiments/v100_pq_drift_1m_baseline_20260601T043217Z/labels/base_labels_1000000.spmat --query-bin /mnt/nvme1n1/PipeANN-github/experiments/r116_suite_pq16_aris_20260520_072453/data/sift_query_1000.bin --truthset-bin experiments/v100_pq_drift_1m_baseline_20260601T043217Z/truth/phaseC_cycle05_range_u50.bin --query-label-file /mnt/nvme1n1/PipeANN-github/experiments/r116_suite_pq16_aris_20260520_072453/labels/query_1000_range_u50.spmat --selector-type range --query-limit 1000,98.5,9.008308410644531,taskset -c 20-27 /mnt/nvme1n1/PipeANN-github/build_reviewed_20260602_querycache/tests/dynamic_update_suite_driver --mode measure-dynamic-search --source-prefix /mnt/nvme1n1/PipeANN-supersector32k-work/indexes/phaseC_cycle05_retrain_each_cycle_a6935c93c7_super32k_v3 --jsonl-output /mnt/nvme1n1/PipeANN-github/experiments/v100_querycache_optimized_full_replay_v5_20260601T221943Z/tmp/selected_0177.jsonl --insert-threads 16 --search-threads 1 --merge-threads 16 --build-l 220 --build-r 116 --beamwidth 4 --k 10 --cpu-cap 8 --metric l2 --route prefilter --search-l 300 --data-bin experiments/v100_pq_drift_1m_baseline_20260601T043217Z/data/phaseC_cycle05_live_data_by_tag.bin --base-label-file experiments/v100_pq_drift_1m_baseline_20260601T043217Z/labels/base_labels_1000000.spmat --query-bin /mnt/nvme1n1/PipeANN-github/experiments/r116_suite_pq16_aris_20260520_072453/data/sift_query_1000.bin --truthset-bin experiments/v100_pq_drift_1m_baseline_20260601T043217Z/truth/phaseC_cycle05_range_u50.bin --query-label-file /mnt/nvme1n1/PipeANN-github/experiments/r116_suite_pq16_aris_20260520_072453/labels/query_1000_range_u50.spmat --selector-type range --query-limit 1000,prefilter,177,257192,280744,300,post_hoc_retuned_fastest_feasible_recall_ge_98,range,/mnt/nvme1n1/PipeANN-supersector32k-work/indexes/phaseC_cycle05_retrain_each_cycle_a6935c93c7_super32k_v3,ok,119280,1,0,/mnt/nvme1n1/PipeANN-github/experiments/v100_pq_drift_1m_baseline_20260601T043217Z/indexes/phaseC_cycle05_retrain_each_cycle,/mnt/nvme1n1/PipeANN-supersector32k-work/indexes/phaseC_cycle05_retrain_each_cycle_a6935c93c7_super32k_v3,retrain_each_cycle,7.450667
mixed,5681.751891,u75,750000.0,400,20-27,8,True,phaseC_cycle05_retrain_each_cycle,,5.682016,0,1000,1,,10000,0,16,supersector32k,page_aware_slots,3,1000000,294024,119280,750000.0,21133.854,0.0,5247.624,0.0,465.954,21133.854,0.0,465.954,5356.437,1908547.584,67.411,119280,measure-dynamic-search,5658.406,26910.0,0.0,6011.117,484.0,26910.0,0.0,484.0,5695.0,1982464.0,6426.69,4096,measure-dynamic-search,4096,1000000,16,0,294024,175.993875,13520,294024,/mnt/nvme1n1/PipeANN-github/build_reviewed_20260602_querycache/tests/dynamic_update_suite_driver --mode measure-dynamic-search --source-prefix /mnt/nvme1n1/PipeANN-supersector32k-work/indexes/phaseC_cycle05_retrain_each_cycle_a6935c93c7_super32k_v3 --jsonl-output /mnt/nvme1n1/PipeANN-github/experiments/v100_querycache_optimized_full_replay_v5_20260601T221943Z/tmp/selected_0178.jsonl --insert-threads 16 --search-threads 1 --merge-threads 16 --build-l 220 --build-r 116 --beamwidth 8 --k 10 --cpu-cap 8 --metric l2 --route graph --search-l 400 --data-bin experiments/v100_pq_drift_1m_baseline_20260601T043217Z/data/phaseC_cycle05_live_data_by_tag.bin --base-label-file experiments/v100_pq_drift_1m_baseline_20260601T043217Z/labels/base_labels_1000000.spmat --query-bin /mnt/nvme1n1/PipeANN-github/experiments/r116_suite_pq16_aris_20260520_072453/data/sift_query_1000.bin --truthset-bin experiments/v100_pq_drift_1m_baseline_20260601T043217Z/truth/phaseC_cycle05_range_u75.bin --query-label-file /mnt/nvme1n1/PipeANN-github/experiments/r116_suite_pq16_aris_20260520_072453/labels/query_1000_range_u75.spmat --selector-type range --query-limit 1000,98.3,7.3014912605285645,taskset -c 20-27 /mnt/nvme1n1/PipeANN-github/build_reviewed_20260602_querycache/tests/dynamic_update_suite_driver --mode measure-dynamic-search --source-prefix /mnt/nvme1n1/PipeANN-supersector32k-work/indexes/phaseC_cycle05_retrain_each_cycle_a6935c93c7_super32k_v3 --jsonl-output /mnt/nvme1n1/PipeANN-github/experiments/v100_querycache_optimized_full_replay_v5_20260601T221943Z/tmp/selected_0178.jsonl --insert-threads 16 --search-threads 1 --merge-threads 16 --build-l 220 --build-r 116 --beamwidth 8 --k 10 --cpu-cap 8 --metric l2 --route graph --search-l 400 --data-bin experiments/v100_pq_drift_1m_baseline_20260601T043217Z/data/phaseC_cycle05_live_data_by_tag.bin --base-label-file experiments/v100_pq_drift_1m_baseline_20260601T043217Z/labels/base_labels_1000000.spmat --query-bin /mnt/nvme1n1/PipeANN-github/experiments/r116_suite_pq16_aris_20260520_072453/data/sift_query_1000.bin --truthset-bin experiments/v100_pq_drift_1m_baseline_20260601T043217Z/truth/phaseC_cycle05_range_u75.bin --query-label-file /mnt/nvme1n1/PipeANN-github/experiments/r116_suite_pq16_aris_20260520_072453/labels/query_1000_range_u75.spmat --selector-type range --query-limit 1000,graph,178,294024,280504,400,querycache_highrisk_beamwidth_8_source_row_178,range,/mnt/nvme1n1/PipeANN-supersector32k-work/indexes/phaseC_cycle05_retrain_each_cycle_a6935c93c7_super32k_v3,ok,119280,1,0,/mnt/nvme1n1/PipeANN-github/experiments/v100_pq_drift_1m_baseline_20260601T043217Z/indexes/phaseC_cycle05_retrain_each_cycle,/mnt/nvme1n1/PipeANN-supersector32k-work/indexes/phaseC_cycle05_retrain_each_cycle_a6935c93c7_super32k_v3,retrain_each_cycle,5.682016
mixed,7076.235267,u100,1000000.0,300,20-27,8,True,phaseC_cycle05_retrain_each_cycle,,7.076504,0,1000,1,,10000,0,16,supersector32k,page_aware_slots,3,1000000,297224,119280,1000000.0,17211.685,0.0,6662.57,0.0,353.095,17211.685,0.0,353.095,6777.745,1446277.12,74.531,119280,measure-dynamic-search,7021.295,21669.0,0.0,7393.479,368.0,21669.0,0.0,368.0,7096.0,1507328.0,7750.733,4096,measure-dynamic-search,4096,1000000,16,0,297224,141.312724,14864,297224,/mnt/nvme1n1/PipeANN-github/build_reviewed_20260602_querycache/tests/dynamic_update_suite_driver --mode measure-dynamic-search --source-prefix /mnt/nvme1n1/PipeANN-supersector32k-work/indexes/phaseC_cycle05_retrain_each_cycle_a6935c93c7_super32k_v3 --jsonl-output /mnt/nvme1n1/PipeANN-github/experiments/v100_querycache_optimized_full_replay_v5_20260601T221943Z/tmp/selected_0179.jsonl --insert-threads 16 --search-threads 1 --merge-threads 16 --build-l 220 --build-r 116 --beamwidth 4 --k 10 --cpu-cap 8 --metric l2 --route graph --search-l 300 --data-bin experiments/v100_pq_drift_1m_baseline_20260601T043217Z/data/phaseC_cycle05_live_data_by_tag.bin --base-label-file experiments/v100_pq_drift_1m_baseline_20260601T043217Z/labels/base_labels_1000000.spmat --query-bin /mnt/nvme1n1/PipeANN-github/experiments/r116_suite_pq16_aris_20260520_072453/data/sift_query_1000.bin --truthset-bin experiments/v100_pq_drift_1m_baseline_20260601T043217Z/truth/phaseC_cycle05_range_u100.bin --query-label-file /mnt/nvme1n1/PipeANN-github/experiments/r116_suite_pq16_aris_20260520_072453/labels/query_1000_range_u100.spmat --selector-type range --query-limit 1000,98.02,8.670548677444458,taskset -c 20-27 /mnt/nvme1n1/PipeANN-github/build_reviewed_20260602_querycache/tests/dynamic_update_suite_driver --mode measure-dynamic-search --source-prefix /mnt/nvme1n1/PipeANN-supersector32k-work/indexes/phaseC_cycle05_retrain_each_cycle_a6935c93c7_super32k_v3 --jsonl-output /mnt/nvme1n1/PipeANN-github/experiments/v100_querycache_optimized_full_replay_v5_20260601T221943Z/tmp/selected_0179.jsonl --insert-threads 16 --search-threads 1 --merge-threads 16 --build-l 220 --build-r 116 --beamwidth 4 --k 10 --cpu-cap 8 --metric l2 --route graph --search-l 300 --data-bin experiments/v100_pq_drift_1m_baseline_20260601T043217Z/data/phaseC_cycle05_live_data_by_tag.bin --base-label-file experiments/v100_pq_drift_1m_baseline_20260601T043217Z/labels/base_labels_1000000.spmat --query-bin /mnt/nvme1n1/PipeANN-github/experiments/r116_suite_pq16_aris_20260520_072453/data/sift_query_1000.bin --truthset-bin experiments/v100_pq_drift_1m_baseline_20260601T043217Z/truth/phaseC_cycle05_range_u100.bin --query-label-file /mnt/nvme1n1/PipeANN-github/experiments/r116_suite_pq16_aris_20260520_072453/labels/query_1000_range_u100.spmat --selector-type range --query-limit 1000,graph,179,297224,282360,300,post_hoc_retuned_fastest_feasible_recall_ge_98,range,/mnt/nvme1n1/PipeANN-supersector32k-work/indexes/phaseC_cycle05_retrain_each_cycle_a6935c93c7_super32k_v3,ok,119280,1,0,/mnt/nvme1n1/PipeANN-github/experiments/v100_pq_drift_1m_baseline_20260601T043217Z/indexes/phaseC_cycle05_retrain_each_cycle,/mnt/nvme1n1/PipeANN-supersector32k-work/indexes/phaseC_cycle05_retrain_each_cycle_a6935c93c7_super32k_v3,retrain_each_cycle,7.076504
prefilter,202.360568,u1e-03,1000.0,50,20-27,8,True,phaseC_cycle05_no_retrain_across_cycles,,0.202485,0,0,1,,10000,0,16,supersector32k,page_aware_slots,3,1000000,285764,98030,1000.0,0.0,0.0,0.0,0.0,112.198,1000.0,0.0,112.198,199.478,459563.008,51.386,98030,measure-dynamic-search,199.908,0.0,0.0,220.4,119.0,1000.0,0.0,119.0,217.0,487424.0,250.162,4096,measure-dynamic-search,4096,1000000,16,1000,285764,4938.629747,1436,285764,/mnt/nvme1n1/PipeANN-github/build_reviewed_20260602_querycache/tests/dynamic_update_suite_driver --mode measure-dynamic-search --source-prefix /mnt/nvme1n1/PipeANN-supersector32k-work/indexes/phaseC_cycle05_no_retrain_after_insert_df6e1795ab_super32k_v3 --jsonl-output /mnt/nvme1n1/PipeANN-github/experiments/v100_querycache_optimized_full_replay_v5_20260601T221943Z/tmp/selected_0180.jsonl --insert-threads 16 --search-threads 1 --merge-threads 16 --build-l 220 --build-r 116 --beamwidth 4 --k 10 --cpu-cap 8 --metric l2 --route prefilter --search-l 50 --data-bin experiments/v100_pq_drift_1m_baseline_20260601T043217Z/data/phaseC_cycle05_live_data_by_tag.bin --base-label-file experiments/v100_pq_drift_1m_baseline_20260601T043217Z/labels/base_labels_1000000.spmat --query-bin /mnt/nvme1n1/PipeANN-github/experiments/r116_suite_pq16_aris_20260520_072453/data/sift_query_1000.bin --truthset-bin experiments/v100_pq_drift_1m_baseline_20260601T043217Z/truth/phaseC_cycle05_intersect_u1e-03.bin --query-label-file /mnt/nvme1n1/PipeANN-github/experiments/r116_suite_pq16_aris_20260520_072453/labels/query_1000_u1e-03.spmat --selector-type intersect --query-limit 1000,99.97,2.3579344749450684,taskset -c 20-27 /mnt/nvme1n1/PipeANN-github/build_reviewed_20260602_querycache/tests/dynamic_update_suite_driver --mode measure-dynamic-search --source-prefix /mnt/nvme1n1/PipeANN-supersector32k-work/indexes/phaseC_cycle05_no_retrain_after_insert_df6e1795ab_super32k_v3 --jsonl-output /mnt/nvme1n1/PipeANN-github/experiments/v100_querycache_optimized_full_replay_v5_20260601T221943Z/tmp/selected_0180.jsonl --insert-threads 16 --search-threads 1 --merge-threads 16 --build-l 220 --build-r 116 --beamwidth 4 --k 10 --cpu-cap 8 --metric l2 --route prefilter --search-l 50 --data-bin experiments/v100_pq_drift_1m_baseline_20260601T043217Z/data/phaseC_cycle05_live_data_by_tag.bin --base-label-file experiments/v100_pq_drift_1m_baseline_20260601T043217Z/labels/base_labels_1000000.spmat --query-bin /mnt/nvme1n1/PipeANN-github/experiments/r116_suite_pq16_aris_20260520_072453/data/sift_query_1000.bin --truthset-bin experiments/v100_pq_drift_1m_baseline_20260601T043217Z/truth/phaseC_cycle05_intersect_u1e-03.bin --query-label-file /mnt/nvme1n1/PipeANN-github/experiments/r116_suite_pq16_aris_20260520_072453/labels/query_1000_u1e-03.spmat --selector-type intersect --query-limit 1000,prefilter,180,285764,284328,50,post_hoc_retuned_fastest_feasible_recall_ge_98,intersect,/mnt/nvme1n1/PipeANN-supersector32k-work/indexes/phaseC_cycle05_no_retrain_after_insert_df6e1795ab_super32k_v3,ok,98030,1,0,/mnt/nvme1n1/PipeANN-github/experiments/v100_pq_drift_1m_baseline_20260601T043217Z/indexes/phaseC_cycle05_no_retrain_after_insert,/mnt/nvme1n1/PipeANN-supersector32k-work/indexes/phaseC_cycle05_no_retrain_after_insert_df6e1795ab_super32k_v3,no_retrain_across_cycles,0.202485
prefilter,292.736066,u3e-03,3000.0,50,20-27,8,True,phaseC_cycle05_no_retrain_across_cycles,,0.292891,0,0,1,,10000,0,16,supersector32k,page_aware_slots,3,1000000,285792,98030,3000.0,0.0,0.0,0.0,0.0,113.317,3000.0,0.0,113.317,289.687,464146.432,82.646,98030,measure-dynamic-search,288.804,0.0,0.0,319.753,120.0,3000.0,0.0,120.0,317.0,491520.0,355.15,4096,measure-dynamic-search,4096,1000000,16,1000,285792,3414.242411,1376,285792,/mnt/nvme1n1/PipeANN-github/build_reviewed_20260602_querycache/tests/dynamic_update_suite_driver --mode measure-dynamic-search --source-prefix /mnt/nvme1n1/PipeANN-supersector32k-work/indexes/phaseC_cycle05_no_retrain_after_insert_df6e1795ab_super32k_v3 --jsonl-output /mnt/nvme1n1/PipeANN-github/experiments/v100_querycache_optimized_full_replay_v5_20260601T221943Z/tmp/selected_0181.jsonl --insert-threads 16 --search-threads 1 --merge-threads 16 --build-l 220 --build-r 116 --beamwidth 4 --k 10 --cpu-cap 8 --metric l2 --route prefilter --search-l 50 --data-bin experiments/v100_pq_drift_1m_baseline_20260601T043217Z/data/phaseC_cycle05_live_data_by_tag.bin --base-label-file experiments/v100_pq_drift_1m_baseline_20260601T043217Z/labels/base_labels_1000000.spmat --query-bin /mnt/nvme1n1/PipeANN-github/experiments/r116_suite_pq16_aris_20260520_072453/data/sift_query_1000.bin --truthset-bin experiments/v100_pq_drift_1m_baseline_20260601T043217Z/truth/phaseC_cycle05_intersect_u3e-03.bin --query-label-file /mnt/nvme1n1/PipeANN-github/experiments/r116_suite_pq16_aris_20260520_072453/labels/query_1000_u3e-03.spmat --selector-type intersect --query-limit 1000,99.74,2.3820323944091797,taskset -c 20-27 /mnt/nvme1n1/PipeANN-github/build_reviewed_20260602_querycache/tests/dynamic_update_suite_driver --mode measure-dynamic-search --source-prefix /mnt/nvme1n1/PipeANN-supersector32k-work/indexes/phaseC_cycle05_no_retrain_after_insert_df6e1795ab_super32k_v3 --jsonl-output /mnt/nvme1n1/PipeANN-github/experiments/v100_querycache_optimized_full_replay_v5_20260601T221943Z/tmp/selected_0181.jsonl --insert-threads 16 --search-threads 1 --merge-threads 16 --build-l 220 --build-r 116 --beamwidth 4 --k 10 --cpu-cap 8 --metric l2 --route prefilter --search-l 50 --data-bin experiments/v100_pq_drift_1m_baseline_20260601T043217Z/data/phaseC_cycle05_live_data_by_tag.bin --base-label-file experiments/v100_pq_drift_1m_baseline_20260601T043217Z/labels/base_labels_1000000.spmat --query-bin /mnt/nvme1n1/PipeANN-github/experiments/r116_suite_pq16_aris_20260520_072453/data/sift_query_1000.bin --truthset-bin experiments/v100_pq_drift_1m_baseline_20260601T043217Z/truth/phaseC_cycle05_intersect_u3e-03.bin --query-label-file /mnt/nvme1n1/PipeANN-github/experiments/r116_suite_pq16_aris_20260520_072453/labels/query_1000_u3e-03.spmat --selector-type intersect --query-limit 1000,prefilter,181,285792,284416,50,post_hoc_retuned_fastest_feasible_recall_ge_98,intersect,/mnt/nvme1n1/PipeANN-supersector32k-work/indexes/phaseC_cycle05_no_retrain_after_insert_df6e1795ab_super32k_v3,ok,98030,1,0,/mnt/nvme1n1/PipeANN-github/experiments/v100_pq_drift_1m_baseline_20260601T043217Z/indexes/phaseC_cycle05_no_retrain_after_insert,/mnt/nvme1n1/PipeANN-supersector32k-work/indexes/phaseC_cycle05_no_retrain_after_insert_df6e1795ab_super32k_v3,no_retrain_across_cycles,0.292891
prefilter,568.451472,u1e-02,10000.0,75,20-27,8,True,phaseC_cycle05_no_retrain_across_cycles,,0.568613,0,0,1,,10000,0,16,supersector32k,page_aware_slots,3,1000000,285292,98030,10000.0,0.0,0.0,0.0,0.0,147.78,10000.0,0.0,147.78,565.094,605306.88,160.079,98030,measure-dynamic-search,564.322,0.0,0.0,609.891,156.0,10000.0,0.0,156.0,607.0,638976.0,658.677,4096,measure-dynamic-search,4096,1000000,16,1000,285292,1758.66445,984,285292,/mnt/nvme1n1/PipeANN-github/build_reviewed_20260602_querycache/tests/dynamic_update_suite_driver --mode measure-dynamic-search --source-prefix /mnt/nvme1n1/PipeANN-supersector32k-work/indexes/phaseC_cycle05_no_retrain_after_insert_df6e1795ab_super32k_v3 --jsonl-output /mnt/nvme1n1/PipeANN-github/experiments/v100_querycache_optimized_full_replay_v5_20260601T221943Z/tmp/selected_0182.jsonl --insert-threads 16 --search-threads 1 --merge-threads 16 --build-l 220 --build-r 116 --beamwidth 4 --k 10 --cpu-cap 8 --metric l2 --route prefilter --search-l 75 --data-bin experiments/v100_pq_drift_1m_baseline_20260601T043217Z/data/phaseC_cycle05_live_data_by_tag.bin --base-label-file experiments/v100_pq_drift_1m_baseline_20260601T043217Z/labels/base_labels_1000000.spmat --query-bin /mnt/nvme1n1/PipeANN-github/experiments/r116_suite_pq16_aris_20260520_072453/data/sift_query_1000.bin --truthset-bin experiments/v100_pq_drift_1m_baseline_20260601T043217Z/truth/phaseC_cycle05_intersect_u1e-02.bin --query-label-file /mnt/nvme1n1/PipeANN-github/experiments/r116_suite_pq16_aris_20260520_072453/labels/query_1000_u1e-02.spmat --selector-type intersect --query-limit 1000,99.6,2.6946141719818115,taskset -c 20-27 /mnt/nvme1n1/PipeANN-github/build_reviewed_20260602_querycache/tests/dynamic_update_suite_driver --mode measure-dynamic-search --source-prefix /mnt/nvme1n1/PipeANN-supersector32k-work/indexes/phaseC_cycle05_no_retrain_after_insert_df6e1795ab_super32k_v3 --jsonl-output /mnt/nvme1n1/PipeANN-github/experiments/v100_querycache_optimized_full_replay_v5_20260601T221943Z/tmp/selected_0182.jsonl --insert-threads 16 --search-threads 1 --merge-threads 16 --build-l 220 --build-r 116 --beamwidth 4 --k 10 --cpu-cap 8 --metric l2 --route prefilter --search-l 75 --data-bin experiments/v100_pq_drift_1m_baseline_20260601T043217Z/data/phaseC_cycle05_live_data_by_tag.bin --base-label-file experiments/v100_pq_drift_1m_baseline_20260601T043217Z/labels/base_labels_1000000.spmat --query-bin /mnt/nvme1n1/PipeANN-github/experiments/r116_suite_pq16_aris_20260520_072453/data/sift_query_1000.bin --truthset-bin experiments/v100_pq_drift_1m_baseline_20260601T043217Z/truth/phaseC_cycle05_intersect_u1e-02.bin --query-label-file /mnt/nvme1n1/PipeANN-github/experiments/r116_suite_pq16_aris_20260520_072453/labels/query_1000_u1e-02.spmat --selector-type intersect --query-limit 1000,prefilter,182,285292,284308,75,post_hoc_retuned_fastest_feasible_recall_ge_98,intersect,/mnt/nvme1n1/PipeANN-supersector32k-work/indexes/phaseC_cycle05_no_retrain_after_insert_df6e1795ab_super32k_v3,ok,98030,1,0,/mnt/nvme1n1/PipeANN-github/experiments/v100_pq_drift_1m_baseline_20260601T043217Z/indexes/phaseC_cycle05_no_retrain_after_insert,/mnt/nvme1n1/PipeANN-supersector32k-work/indexes/phaseC_cycle05_no_retrain_after_insert_df6e1795ab_super32k_v3,no_retrain_across_cycles,0.568613
prefilter,1451.262592,u5e-02,50000.0,50,20-27,8,True,phaseC_cycle05_no_retrain_across_cycles,,1.451476,0,0,1,,10000,0,16,supersector32k,page_aware_slots,3,1000000,285712,98030,50000.0,0.0,0.0,0.0,0.0,184.752,50000.0,0.0,184.752,1447.896,756744.192,259.066,98030,measure-dynamic-search,1443.16,0.0,0.0,1510.117,193.0,50000.0,0.0,193.0,1507.0,790528.0,1584.508,4096,measure-dynamic-search,4096,1000000,16,1000,285712,688.953831,1376,285712,/mnt/nvme1n1/PipeANN-github/build_reviewed_20260602_querycache/tests/dynamic_update_suite_driver --mode measure-dynamic-search --source-prefix /mnt/nvme1n1/PipeANN-supersector32k-work/indexes/phaseC_cycle05_no_retrain_after_insert_df6e1795ab_super32k_v3 --jsonl-output /mnt/nvme1n1/PipeANN-github/experiments/v100_querycache_optimized_full_replay_v5_20260601T221943Z/tmp/selected_0183.jsonl --insert-threads 16 --search-threads 1 --merge-threads 16 --build-l 220 --build-r 116 --beamwidth 4 --k 10 --cpu-cap 8 --metric l2 --route prefilter --search-l 50 --data-bin experiments/v100_pq_drift_1m_baseline_20260601T043217Z/data/phaseC_cycle05_live_data_by_tag.bin --base-label-file experiments/v100_pq_drift_1m_baseline_20260601T043217Z/labels/base_labels_1000000.spmat --query-bin /mnt/nvme1n1/PipeANN-github/experiments/r116_suite_pq16_aris_20260520_072453/data/sift_query_1000.bin --truthset-bin experiments/v100_pq_drift_1m_baseline_20260601T043217Z/truth/phaseC_cycle05_intersect_u5e-02.bin --query-label-file /mnt/nvme1n1/PipeANN-github/experiments/r116_suite_pq16_aris_20260520_072453/labels/query_1000_u5e-02.spmat --selector-type intersect --query-limit 1000,99.2,3.5812888145446777,taskset -c 20-27 /mnt/nvme1n1/PipeANN-github/build_reviewed_20260602_querycache/tests/dynamic_update_suite_driver --mode measure-dynamic-search --source-prefix /mnt/nvme1n1/PipeANN-supersector32k-work/indexes/phaseC_cycle05_no_retrain_after_insert_df6e1795ab_super32k_v3 --jsonl-output /mnt/nvme1n1/PipeANN-github/experiments/v100_querycache_optimized_full_replay_v5_20260601T221943Z/tmp/selected_0183.jsonl --insert-threads 16 --search-threads 1 --merge-threads 16 --build-l 220 --build-r 116 --beamwidth 4 --k 10 --cpu-cap 8 --metric l2 --route prefilter --search-l 50 --data-bin experiments/v100_pq_drift_1m_baseline_20260601T043217Z/data/phaseC_cycle05_live_data_by_tag.bin --base-label-file experiments/v100_pq_drift_1m_baseline_20260601T043217Z/labels/base_labels_1000000.spmat --query-bin /mnt/nvme1n1/PipeANN-github/experiments/r116_suite_pq16_aris_20260520_072453/data/sift_query_1000.bin --truthset-bin experiments/v100_pq_drift_1m_baseline_20260601T043217Z/truth/phaseC_cycle05_intersect_u5e-02.bin --query-label-file /mnt/nvme1n1/PipeANN-github/experiments/r116_suite_pq16_aris_20260520_072453/labels/query_1000_u5e-02.spmat --selector-type intersect --query-limit 1000,prefilter,183,285712,284336,50,post_hoc_retuned_fastest_feasible_recall_ge_98,intersect,/mnt/nvme1n1/PipeANN-supersector32k-work/indexes/phaseC_cycle05_no_retrain_after_insert_df6e1795ab_super32k_v3,ok,98030,1,0,/mnt/nvme1n1/PipeANN-github/experiments/v100_pq_drift_1m_baseline_20260601T043217Z/indexes/phaseC_cycle05_no_retrain_after_insert,/mnt/nvme1n1/PipeANN-supersector32k-work/indexes/phaseC_cycle05_no_retrain_after_insert_df6e1795ab_super32k_v3,no_retrain_across_cycles,1.451476
prefilter,2247.276611,u1e-01,100000.0,50,20-27,8,True,phaseC_cycle05_no_retrain_across_cycles,,2.247524,0,0,1,,10000,0,16,supersector32k,page_aware_slots,3,1000000,287772,98030,100000.0,0.0,0.0,0.0,0.0,184.496,100000.0,0.0,184.496,2243.035,755695.616,298.864,98030,measure-dynamic-search,2221.933,0.0,0.0,2413.106,193.0,100000.0,0.0,193.0,2409.0,790528.0,2562.496,4096,measure-dynamic-search,4096,1000000,16,1000,287772,444.934023,1248,287772,/mnt/nvme1n1/PipeANN-github/build_reviewed_20260602_querycache/tests/dynamic_update_suite_driver --mode measure-dynamic-search --source-prefix /mnt/nvme1n1/PipeANN-supersector32k-work/indexes/phaseC_cycle05_no_retrain_after_insert_df6e1795ab_super32k_v3 --jsonl-output /mnt/nvme1n1/PipeANN-github/experiments/v100_querycache_optimized_full_replay_v5_20260601T221943Z/tmp/selected_0184.jsonl --insert-threads 16 --search-threads 1 --merge-threads 16 --build-l 220 --build-r 116 --beamwidth 4 --k 10 --cpu-cap 8 --metric l2 --route prefilter --search-l 50 --data-bin experiments/v100_pq_drift_1m_baseline_20260601T043217Z/data/phaseC_cycle05_live_data_by_tag.bin --base-label-file experiments/v100_pq_drift_1m_baseline_20260601T043217Z/labels/base_labels_1000000.spmat --query-bin /mnt/nvme1n1/PipeANN-github/experiments/r116_suite_pq16_aris_20260520_072453/data/sift_query_1000.bin --truthset-bin experiments/v100_pq_drift_1m_baseline_20260601T043217Z/truth/phaseC_cycle05_intersect_u1e-01.bin --query-label-file /mnt/nvme1n1/PipeANN-github/experiments/r116_suite_pq16_aris_20260520_072453/labels/query_1000_u1e-01.spmat --selector-type intersect --query-limit 1000,98.79,4.425570726394653,taskset -c 20-27 /mnt/nvme1n1/PipeANN-github/build_reviewed_20260602_querycache/tests/dynamic_update_suite_driver --mode measure-dynamic-search --source-prefix /mnt/nvme1n1/PipeANN-supersector32k-work/indexes/phaseC_cycle05_no_retrain_after_insert_df6e1795ab_super32k_v3 --jsonl-output /mnt/nvme1n1/PipeANN-github/experiments/v100_querycache_optimized_full_replay_v5_20260601T221943Z/tmp/selected_0184.jsonl --insert-threads 16 --search-threads 1 --merge-threads 16 --build-l 220 --build-r 116 --beamwidth 4 --k 10 --cpu-cap 8 --metric l2 --route prefilter --search-l 50 --data-bin experiments/v100_pq_drift_1m_baseline_20260601T043217Z/data/phaseC_cycle05_live_data_by_tag.bin --base-label-file experiments/v100_pq_drift_1m_baseline_20260601T043217Z/labels/base_labels_1000000.spmat --query-bin /mnt/nvme1n1/PipeANN-github/experiments/r116_suite_pq16_aris_20260520_072453/data/sift_query_1000.bin --truthset-bin experiments/v100_pq_drift_1m_baseline_20260601T043217Z/truth/phaseC_cycle05_intersect_u1e-01.bin --query-label-file /mnt/nvme1n1/PipeANN-github/experiments/r116_suite_pq16_aris_20260520_072453/labels/query_1000_u1e-01.spmat --selector-type intersect --query-limit 1000,prefilter,184,287772,286524,50,post_hoc_retuned_fastest_feasible_recall_ge_98,intersect,/mnt/nvme1n1/PipeANN-supersector32k-work/indexes/phaseC_cycle05_no_retrain_after_insert_df6e1795ab_super32k_v3,ok,98030,1,0,/mnt/nvme1n1/PipeANN-github/experiments/v100_pq_drift_1m_baseline_20260601T043217Z/indexes/phaseC_cycle05_no_retrain_after_insert,/mnt/nvme1n1/PipeANN-supersector32k-work/indexes/phaseC_cycle05_no_retrain_after_insert_df6e1795ab_super32k_v3,no_retrain_across_cycles,2.247524
prefilter,4270.96981,u25,250000.0,200,20-27,8,True,phaseC_cycle05_no_retrain_across_cycles,,4.271336,0,0,1,,10000,0,16,supersector32k,page_aware_slots,3,1000000,285700,98030,250000.0,0.0,0.0,0.0,0.0,230.422,250000.0,0.0,230.422,4266.489,943808.512,411.176,98030,measure-dynamic-search,4237.26,0.0,0.0,4462.532,239.0,250000.0,0.0,239.0,4458.0,978944.0,4798.82,4096,measure-dynamic-search,4096,1000000,16,1000,285700,234.118775,1252,285700,/mnt/nvme1n1/PipeANN-github/build_reviewed_20260602_querycache/tests/dynamic_update_suite_driver --mode measure-dynamic-search --source-prefix /mnt/nvme1n1/PipeANN-supersector32k-work/indexes/phaseC_cycle05_no_retrain_after_insert_df6e1795ab_super32k_v3 --jsonl-output /mnt/nvme1n1/PipeANN-github/experiments/v100_querycache_optimized_full_replay_v5_20260601T221943Z/tmp/selected_0185.jsonl --insert-threads 16 --search-threads 1 --merge-threads 16 --build-l 220 --build-r 116 --beamwidth 4 --k 10 --cpu-cap 8 --metric l2 --route prefilter --search-l 200 --data-bin experiments/v100_pq_drift_1m_baseline_20260601T043217Z/data/phaseC_cycle05_live_data_by_tag.bin --base-label-file experiments/v100_pq_drift_1m_baseline_20260601T043217Z/labels/base_labels_1000000.spmat --query-bin /mnt/nvme1n1/PipeANN-github/experiments/r116_suite_pq16_aris_20260520_072453/data/sift_query_1000.bin --truthset-bin experiments/v100_pq_drift_1m_baseline_20260601T043217Z/truth/phaseC_cycle05_intersect_u25.bin --query-label-file /mnt/nvme1n1/PipeANN-github/experiments/r116_suite_pq16_aris_20260520_072453/labels/query_1000_u25.spmat --selector-type intersect --query-limit 1000,98.07,6.501933574676514,taskset -c 20-27 /mnt/nvme1n1/PipeANN-github/build_reviewed_20260602_querycache/tests/dynamic_update_suite_driver --mode measure-dynamic-search --source-prefix /mnt/nvme1n1/PipeANN-supersector32k-work/indexes/phaseC_cycle05_no_retrain_after_insert_df6e1795ab_super32k_v3 --jsonl-output /mnt/nvme1n1/PipeANN-github/experiments/v100_querycache_optimized_full_replay_v5_20260601T221943Z/tmp/selected_0185.jsonl --insert-threads 16 --search-threads 1 --merge-threads 16 --build-l 220 --build-r 116 --beamwidth 4 --k 10 --cpu-cap 8 --metric l2 --route prefilter --search-l 200 --data-bin experiments/v100_pq_drift_1m_baseline_20260601T043217Z/data/phaseC_cycle05_live_data_by_tag.bin --base-label-file experiments/v100_pq_drift_1m_baseline_20260601T043217Z/labels/base_labels_1000000.spmat --query-bin /mnt/nvme1n1/PipeANN-github/experiments/r116_suite_pq16_aris_20260520_072453/data/sift_query_1000.bin --truthset-bin experiments/v100_pq_drift_1m_baseline_20260601T043217Z/truth/phaseC_cycle05_intersect_u25.bin --query-label-file /mnt/nvme1n1/PipeANN-github/experiments/r116_suite_pq16_aris_20260520_072453/labels/query_1000_u25.spmat --selector-type intersect --query-limit 1000,prefilter,185,285700,284448,200,post_hoc_retuned_fastest_feasible_recall_ge_98,intersect,/mnt/nvme1n1/PipeANN-supersector32k-work/indexes/phaseC_cycle05_no_retrain_after_insert_df6e1795ab_super32k_v3,ok,98030,1,0,/mnt/nvme1n1/PipeANN-github/experiments/v100_pq_drift_1m_baseline_20260601T043217Z/indexes/phaseC_cycle05_no_retrain_after_insert,/mnt/nvme1n1/PipeANN-supersector32k-work/indexes/phaseC_cycle05_no_retrain_after_insert_df6e1795ab_super32k_v3,no_retrain_across_cycles,4.271336
prefilter,5088.453692,u30,300000.0,250,20-27,8,True,phaseC_cycle05_no_retrain_across_cycles,,5.088779,0,0,1,,10000,0,16,supersector32k,page_aware_slots,3,1000000,285672,98030,300000.0,0.0,0.0,0.0,0.0,287.817,300000.0,0.0,287.817,5082.292,1178898.432,459.715,98030,measure-dynamic-search,5040.531,0.0,0.0,5394.103,298.0,300000.0,0.0,298.0,5388.0,1220608.0,5778.193,4096,measure-dynamic-search,4096,1000000,16,1000,285612,196.510798,1376,285612,/mnt/nvme1n1/PipeANN-github/build_reviewed_20260602_querycache/tests/dynamic_update_suite_driver --mode measure-dynamic-search --source-prefix /mnt/nvme1n1/PipeANN-supersector32k-work/indexes/phaseC_cycle05_no_retrain_after_insert_df6e1795ab_super32k_v3 --jsonl-output /mnt/nvme1n1/PipeANN-github/experiments/v100_querycache_optimized_full_replay_v5_20260601T221943Z/tmp/selected_0186.jsonl --insert-threads 16 --search-threads 1 --merge-threads 16 --build-l 220 --build-r 116 --beamwidth 4 --k 10 --cpu-cap 8 --metric l2 --route prefilter --search-l 250 --data-bin experiments/v100_pq_drift_1m_baseline_20260601T043217Z/data/phaseC_cycle05_live_data_by_tag.bin --base-label-file experiments/v100_pq_drift_1m_baseline_20260601T043217Z/labels/base_labels_1000000.spmat --query-bin /mnt/nvme1n1/PipeANN-github/experiments/r116_suite_pq16_aris_20260520_072453/data/sift_query_1000.bin --truthset-bin experiments/v100_pq_drift_1m_baseline_20260601T043217Z/truth/phaseC_cycle05_intersect_u30.bin --query-label-file /mnt/nvme1n1/PipeANN-github/experiments/r116_suite_pq16_aris_20260520_072453/labels/query_1000_u30.spmat --selector-type intersect --query-limit 1000,98.55,7.305042028427124,taskset -c 20-27 /mnt/nvme1n1/PipeANN-github/build_reviewed_20260602_querycache/tests/dynamic_update_suite_driver --mode measure-dynamic-search --source-prefix /mnt/nvme1n1/PipeANN-supersector32k-work/indexes/phaseC_cycle05_no_retrain_after_insert_df6e1795ab_super32k_v3 --jsonl-output /mnt/nvme1n1/PipeANN-github/experiments/v100_querycache_optimized_full_replay_v5_20260601T221943Z/tmp/selected_0186.jsonl --insert-threads 16 --search-threads 1 --merge-threads 16 --build-l 220 --build-r 116 --beamwidth 4 --k 10 --cpu-cap 8 --metric l2 --route prefilter --search-l 250 --data-bin experiments/v100_pq_drift_1m_baseline_20260601T043217Z/data/phaseC_cycle05_live_data_by_tag.bin --base-label-file experiments/v100_pq_drift_1m_baseline_20260601T043217Z/labels/base_labels_1000000.spmat --query-bin /mnt/nvme1n1/PipeANN-github/experiments/r116_suite_pq16_aris_20260520_072453/data/sift_query_1000.bin --truthset-bin experiments/v100_pq_drift_1m_baseline_20260601T043217Z/truth/phaseC_cycle05_intersect_u30.bin --query-label-file /mnt/nvme1n1/PipeANN-github/experiments/r116_suite_pq16_aris_20260520_072453/labels/query_1000_u30.spmat --selector-type intersect --query-limit 1000,prefilter,186,285612,284236,250,post_hoc_retuned_fastest_feasible_recall_ge_98,intersect,/mnt/nvme1n1/PipeANN-supersector32k-work/indexes/phaseC_cycle05_no_retrain_after_insert_df6e1795ab_super32k_v3,ok,98030,1,0,/mnt/nvme1n1/PipeANN-github/experiments/v100_pq_drift_1m_baseline_20260601T043217Z/indexes/phaseC_cycle05_no_retrain_after_insert,/mnt/nvme1n1/PipeANN-supersector32k-work/indexes/phaseC_cycle05_no_retrain_after_insert_df6e1795ab_super32k_v3,no_retrain_across_cycles,5.088779
prefilter,7661.933839,u50,500000.0,300,20-27,8,True,phaseC_cycle05_no_retrain_across_cycles,,7.662365,0,0,1,,10000,0,16,supersector32k,page_aware_slots,3,1000000,287824,98030,500000.0,0.0,0.0,0.0,0.0,346.148,500000.0,0.0,346.148,7656.712,1417822.208,619.221,98030,measure-dynamic-search,7622.143,0.0,0.0,8072.999,357.0,500000.0,0.0,357.0,8054.0,1462272.0,8452.854,4096,measure-dynamic-search,4096,1000000,16,1000,287824,130.508015,1196,287712,/mnt/nvme1n1/PipeANN-github/build_reviewed_20260602_querycache/tests/dynamic_update_suite_driver --mode measure-dynamic-search --source-prefix /mnt/nvme1n1/PipeANN-supersector32k-work/indexes/phaseC_cycle05_no_retrain_after_insert_df6e1795ab_super32k_v3 --jsonl-output /mnt/nvme1n1/PipeANN-github/experiments/v100_querycache_optimized_full_replay_v5_20260601T221943Z/tmp/selected_0187.jsonl --insert-threads 16 --search-threads 1 --merge-threads 16 --build-l 220 --build-r 116 --beamwidth 4 --k 10 --cpu-cap 8 --metric l2 --route prefilter --search-l 300 --data-bin experiments/v100_pq_drift_1m_baseline_20260601T043217Z/data/phaseC_cycle05_live_data_by_tag.bin --base-label-file experiments/v100_pq_drift_1m_baseline_20260601T043217Z/labels/base_labels_1000000.spmat --query-bin /mnt/nvme1n1/PipeANN-github/experiments/r116_suite_pq16_aris_20260520_072453/data/sift_query_1000.bin --truthset-bin experiments/v100_pq_drift_1m_baseline_20260601T043217Z/truth/phaseC_cycle05_intersect_u50.bin --query-label-file /mnt/nvme1n1/PipeANN-github/experiments/r116_suite_pq16_aris_20260520_072453/labels/query_1000_u50.spmat --selector-type intersect --query-limit 1000,98.43,9.900869607925415,taskset -c 20-27 /mnt/nvme1n1/PipeANN-github/build_reviewed_20260602_querycache/tests/dynamic_update_suite_driver --mode measure-dynamic-search --source-prefix /mnt/nvme1n1/PipeANN-supersector32k-work/indexes/phaseC_cycle05_no_retrain_after_insert_df6e1795ab_super32k_v3 --jsonl-output /mnt/nvme1n1/PipeANN-github/experiments/v100_querycache_optimized_full_replay_v5_20260601T221943Z/tmp/selected_0187.jsonl --insert-threads 16 --search-threads 1 --merge-threads 16 --build-l 220 --build-r 116 --beamwidth 4 --k 10 --cpu-cap 8 --metric l2 --route prefilter --search-l 300 --data-bin experiments/v100_pq_drift_1m_baseline_20260601T043217Z/data/phaseC_cycle05_live_data_by_tag.bin --base-label-file experiments/v100_pq_drift_1m_baseline_20260601T043217Z/labels/base_labels_1000000.spmat --query-bin /mnt/nvme1n1/PipeANN-github/experiments/r116_suite_pq16_aris_20260520_072453/data/sift_query_1000.bin --truthset-bin experiments/v100_pq_drift_1m_baseline_20260601T043217Z/truth/phaseC_cycle05_intersect_u50.bin --query-label-file /mnt/nvme1n1/PipeANN-github/experiments/r116_suite_pq16_aris_20260520_072453/labels/query_1000_u50.spmat --selector-type intersect --query-limit 1000,prefilter,187,287712,286516,300,post_hoc_retuned_fastest_feasible_recall_ge_98,intersect,/mnt/nvme1n1/PipeANN-supersector32k-work/indexes/phaseC_cycle05_no_retrain_after_insert_df6e1795ab_super32k_v3,ok,98030,1,0,/mnt/nvme1n1/PipeANN-github/experiments/v100_pq_drift_1m_baseline_20260601T043217Z/indexes/phaseC_cycle05_no_retrain_after_insert,/mnt/nvme1n1/PipeANN-supersector32k-work/indexes/phaseC_cycle05_no_retrain_after_insert_df6e1795ab_super32k_v3,no_retrain_across_cycles,7.662365
graph,6387.075937,u75,750000.0,450,20-27,8,True,phaseC_cycle05_no_retrain_across_cycles,,6.387351,0,0,1,,10000,1000,16,supersector32k,page_aware_slots,3,1000000,299136,98030,750000.0,20631.373,0.0,5984.866,0.0,531.959,20631.373,0.0,531.959,6064.614,2178904.064,19.919,98030,measure-dynamic-search,6360.184,26584.0,0.0,6788.408,551.0,26584.0,0.0,551.0,6445.0,2256896.0,7262.387,4096,measure-dynamic-search,4096,1000000,16,0,299136,156.559437,14844,299136,/mnt/nvme1n1/PipeANN-github/build_reviewed_20260602_querycache/tests/dynamic_update_suite_driver --mode measure-dynamic-search --source-prefix /mnt/nvme1n1/PipeANN-supersector32k-work/indexes/phaseC_cycle05_no_retrain_after_insert_df6e1795ab_super32k_v3 --jsonl-output /mnt/nvme1n1/PipeANN-github/experiments/v100_querycache_optimized_full_replay_v5_20260601T221943Z/tmp/selected_0188.jsonl --insert-threads 16 --search-threads 1 --merge-threads 16 --build-l 220 --build-r 116 --beamwidth 8 --k 10 --cpu-cap 8 --metric l2 --route graph --search-l 450 --data-bin experiments/v100_pq_drift_1m_baseline_20260601T043217Z/data/phaseC_cycle05_live_data_by_tag.bin --base-label-file experiments/v100_pq_drift_1m_baseline_20260601T043217Z/labels/base_labels_1000000.spmat --query-bin /mnt/nvme1n1/PipeANN-github/experiments/r116_suite_pq16_aris_20260520_072453/data/sift_query_1000.bin --truthset-bin experiments/v100_pq_drift_1m_baseline_20260601T043217Z/truth/phaseC_cycle05_intersect_u75.bin --query-label-file /mnt/nvme1n1/PipeANN-github/experiments/r116_suite_pq16_aris_20260520_072453/labels/query_1000_u75.spmat --selector-type intersect --query-limit 1000,98.12,8.630174160003662,taskset -c 20-27 /mnt/nvme1n1/PipeANN-github/build_reviewed_20260602_querycache/tests/dynamic_update_suite_driver --mode measure-dynamic-search --source-prefix /mnt/nvme1n1/PipeANN-supersector32k-work/indexes/phaseC_cycle05_no_retrain_after_insert_df6e1795ab_super32k_v3 --jsonl-output /mnt/nvme1n1/PipeANN-github/experiments/v100_querycache_optimized_full_replay_v5_20260601T221943Z/tmp/selected_0188.jsonl --insert-threads 16 --search-threads 1 --merge-threads 16 --build-l 220 --build-r 116 --beamwidth 8 --k 10 --cpu-cap 8 --metric l2 --route graph --search-l 450 --data-bin experiments/v100_pq_drift_1m_baseline_20260601T043217Z/data/phaseC_cycle05_live_data_by_tag.bin --base-label-file experiments/v100_pq_drift_1m_baseline_20260601T043217Z/labels/base_labels_1000000.spmat --query-bin /mnt/nvme1n1/PipeANN-github/experiments/r116_suite_pq16_aris_20260520_072453/data/sift_query_1000.bin --truthset-bin experiments/v100_pq_drift_1m_baseline_20260601T043217Z/truth/phaseC_cycle05_intersect_u75.bin --query-label-file /mnt/nvme1n1/PipeANN-github/experiments/r116_suite_pq16_aris_20260520_072453/labels/query_1000_u75.spmat --selector-type intersect --query-limit 1000,graph,188,299136,284292,450,querycache_plus_super32k_beamwidth_8_source_row_188,intersect,/mnt/nvme1n1/PipeANN-supersector32k-work/indexes/phaseC_cycle05_no_retrain_after_insert_df6e1795ab_super32k_v3,ok,98030,1,0,/mnt/nvme1n1/PipeANN-github/experiments/v100_pq_drift_1m_baseline_20260601T043217Z/indexes/phaseC_cycle05_no_retrain_after_insert,/mnt/nvme1n1/PipeANN-supersector32k-work/indexes/phaseC_cycle05_no_retrain_after_insert_df6e1795ab_super32k_v3,no_retrain_across_cycles,6.387351
graph,5747.259068,u100,1000000.0,400,20-27,8,True,phaseC_cycle05_no_retrain_across_cycles,,5.74751,0,0,1,,10000,1000,16,supersector32k,page_aware_slots,3,1000000,299644,98030,1000000.0,19018.936,0.0,5354.614,0.0,475.492,19018.936,0.0,475.492,5438.346,1947615.232,19.042,98030,measure-dynamic-search,5726.617,24473.0,0.0,6124.56,495.0,24473.0,0.0,495.0,5800.0,2027520.0,6561.913,4096,measure-dynamic-search,4096,1000000,16,0,299644,173.988387,15296,299644,/mnt/nvme1n1/PipeANN-github/build_reviewed_20260602_querycache/tests/dynamic_update_suite_driver --mode measure-dynamic-search --source-prefix /mnt/nvme1n1/PipeANN-supersector32k-work/indexes/phaseC_cycle05_no_retrain_after_insert_df6e1795ab_super32k_v3 --jsonl-output /mnt/nvme1n1/PipeANN-github/experiments/v100_querycache_optimized_full_replay_v5_20260601T221943Z/tmp/selected_0189.jsonl --insert-threads 16 --search-threads 1 --merge-threads 16 --build-l 220 --build-r 116 --beamwidth 8 --k 10 --cpu-cap 8 --metric l2 --route graph --search-l 400 --data-bin experiments/v100_pq_drift_1m_baseline_20260601T043217Z/data/phaseC_cycle05_live_data_by_tag.bin --base-label-file experiments/v100_pq_drift_1m_baseline_20260601T043217Z/labels/base_labels_1000000.spmat --query-bin /mnt/nvme1n1/PipeANN-github/experiments/r116_suite_pq16_aris_20260520_072453/data/sift_query_1000.bin --truthset-bin experiments/v100_pq_drift_1m_baseline_20260601T043217Z/truth/phaseC_cycle05_intersect_u100.bin --query-label-file /mnt/nvme1n1/PipeANN-github/experiments/r116_suite_pq16_aris_20260520_072453/labels/query_1000_u100.spmat --selector-type intersect --query-limit 1000,98.25,8.120321273803711,taskset -c 20-27 /mnt/nvme1n1/PipeANN-github/build_reviewed_20260602_querycache/tests/dynamic_update_suite_driver --mode measure-dynamic-search --source-prefix /mnt/nvme1n1/PipeANN-supersector32k-work/indexes/phaseC_cycle05_no_retrain_after_insert_df6e1795ab_super32k_v3 --jsonl-output /mnt/nvme1n1/PipeANN-github/experiments/v100_querycache_optimized_full_replay_v5_20260601T221943Z/tmp/selected_0189.jsonl --insert-threads 16 --search-threads 1 --merge-threads 16 --build-l 220 --build-r 116 --beamwidth 8 --k 10 --cpu-cap 8 --metric l2 --route graph --search-l 400 --data-bin experiments/v100_pq_drift_1m_baseline_20260601T043217Z/data/phaseC_cycle05_live_data_by_tag.bin --base-label-file experiments/v100_pq_drift_1m_baseline_20260601T043217Z/labels/base_labels_1000000.spmat --query-bin /mnt/nvme1n1/PipeANN-github/experiments/r116_suite_pq16_aris_20260520_072453/data/sift_query_1000.bin --truthset-bin experiments/v100_pq_drift_1m_baseline_20260601T043217Z/truth/phaseC_cycle05_intersect_u100.bin --query-label-file /mnt/nvme1n1/PipeANN-github/experiments/r116_suite_pq16_aris_20260520_072453/labels/query_1000_u100.spmat --selector-type intersect --query-limit 1000,graph,189,299644,284348,400,querycache_highrisk_beamwidth_8_source_row_189,intersect,/mnt/nvme1n1/PipeANN-supersector32k-work/indexes/phaseC_cycle05_no_retrain_after_insert_df6e1795ab_super32k_v3,ok,98030,1,0,/mnt/nvme1n1/PipeANN-github/experiments/v100_pq_drift_1m_baseline_20260601T043217Z/indexes/phaseC_cycle05_no_retrain_after_insert,/mnt/nvme1n1/PipeANN-supersector32k-work/indexes/phaseC_cycle05_no_retrain_after_insert_df6e1795ab_super32k_v3,no_retrain_across_cycles,5.74751
prefilter,198.962485,u1e-03,1000.0,50,20-27,8,True,phaseC_cycle05_no_retrain_across_cycles,,0.199092,0,0,1,,10000,0,16,supersector32k,page_aware_slots,3,1000000,285764,98030,1000.0,0.0,0.0,0.0,0.0,112.198,1000.0,0.0,112.198,196.09,459563.008,51.417,98030,measure-dynamic-search,197.083,0.0,0.0,213.826,119.0,1000.0,0.0,119.0,211.0,487424.0,247.595,4096,measure-dynamic-search,4096,1000000,16,1000,285764,5022.809003,1496,285764,/mnt/nvme1n1/PipeANN-github/build_reviewed_20260602_querycache/tests/dynamic_update_suite_driver --mode measure-dynamic-search --source-prefix /mnt/nvme1n1/PipeANN-supersector32k-work/indexes/phaseC_cycle05_no_retrain_after_insert_df6e1795ab_super32k_v3 --jsonl-output /mnt/nvme1n1/PipeANN-github/experiments/v100_querycache_optimized_full_replay_v5_20260601T221943Z/tmp/selected_0190.jsonl --insert-threads 16 --search-threads 1 --merge-threads 16 --build-l 220 --build-r 116 --beamwidth 4 --k 10 --cpu-cap 8 --metric l2 --route prefilter --search-l 50 --data-bin experiments/v100_pq_drift_1m_baseline_20260601T043217Z/data/phaseC_cycle05_live_data_by_tag.bin --base-label-file experiments/v100_pq_drift_1m_baseline_20260601T043217Z/labels/base_labels_1000000.spmat --query-bin /mnt/nvme1n1/PipeANN-github/experiments/r116_suite_pq16_aris_20260520_072453/data/sift_query_1000.bin --truthset-bin experiments/v100_pq_drift_1m_baseline_20260601T043217Z/truth/phaseC_cycle05_range_u1e-03.bin --query-label-file /mnt/nvme1n1/PipeANN-github/experiments/r116_suite_pq16_aris_20260520_072453/labels/query_1000_range_u1e-03.spmat --selector-type range --query-limit 1000,99.97,2.329987049102783,taskset -c 20-27 /mnt/nvme1n1/PipeANN-github/build_reviewed_20260602_querycache/tests/dynamic_update_suite_driver --mode measure-dynamic-search --source-prefix /mnt/nvme1n1/PipeANN-supersector32k-work/indexes/phaseC_cycle05_no_retrain_after_insert_df6e1795ab_super32k_v3 --jsonl-output /mnt/nvme1n1/PipeANN-github/experiments/v100_querycache_optimized_full_replay_v5_20260601T221943Z/tmp/selected_0190.jsonl --insert-threads 16 --search-threads 1 --merge-threads 16 --build-l 220 --build-r 116 --beamwidth 4 --k 10 --cpu-cap 8 --metric l2 --route prefilter --search-l 50 --data-bin experiments/v100_pq_drift_1m_baseline_20260601T043217Z/data/phaseC_cycle05_live_data_by_tag.bin --base-label-file experiments/v100_pq_drift_1m_baseline_20260601T043217Z/labels/base_labels_1000000.spmat --query-bin /mnt/nvme1n1/PipeANN-github/experiments/r116_suite_pq16_aris_20260520_072453/data/sift_query_1000.bin --truthset-bin experiments/v100_pq_drift_1m_baseline_20260601T043217Z/truth/phaseC_cycle05_range_u1e-03.bin --query-label-file /mnt/nvme1n1/PipeANN-github/experiments/r116_suite_pq16_aris_20260520_072453/labels/query_1000_range_u1e-03.spmat --selector-type range --query-limit 1000,prefilter,190,285764,284268,50,post_hoc_retuned_fastest_feasible_recall_ge_98,range,/mnt/nvme1n1/PipeANN-supersector32k-work/indexes/phaseC_cycle05_no_retrain_after_insert_df6e1795ab_super32k_v3,ok,98030,1,0,/mnt/nvme1n1/PipeANN-github/experiments/v100_pq_drift_1m_baseline_20260601T043217Z/indexes/phaseC_cycle05_no_retrain_after_insert,/mnt/nvme1n1/PipeANN-supersector32k-work/indexes/phaseC_cycle05_no_retrain_after_insert_df6e1795ab_super32k_v3,no_retrain_across_cycles,0.199092
prefilter,302.703915,u3e-03,3000.0,50,20-27,8,True,phaseC_cycle05_no_retrain_across_cycles,,0.3029,0,0,1,,10000,0,16,supersector32k,page_aware_slots,3,1000000,285648,98030,3000.0,0.0,0.0,0.0,0.0,113.317,3000.0,0.0,113.317,299.467,464146.432,88.517,98030,measure-dynamic-search,298.618,0.0,0.0,327.506,120.0,3000.0,0.0,120.0,324.0,491520.0,368.105,4096,measure-dynamic-search,4096,1000000,16,1000,285384,3301.417812,1048,285384,/mnt/nvme1n1/PipeANN-github/build_reviewed_20260602_querycache/tests/dynamic_update_suite_driver --mode measure-dynamic-search --source-prefix /mnt/nvme1n1/PipeANN-supersector32k-work/indexes/phaseC_cycle05_no_retrain_after_insert_df6e1795ab_super32k_v3 --jsonl-output /mnt/nvme1n1/PipeANN-github/experiments/v100_querycache_optimized_full_replay_v5_20260601T221943Z/tmp/selected_0191.jsonl --insert-threads 16 --search-threads 1 --merge-threads 16 --build-l 220 --build-r 116 --beamwidth 4 --k 10 --cpu-cap 8 --metric l2 --route prefilter --search-l 50 --data-bin experiments/v100_pq_drift_1m_baseline_20260601T043217Z/data/phaseC_cycle05_live_data_by_tag.bin --base-label-file experiments/v100_pq_drift_1m_baseline_20260601T043217Z/labels/base_labels_1000000.spmat --query-bin /mnt/nvme1n1/PipeANN-github/experiments/r116_suite_pq16_aris_20260520_072453/data/sift_query_1000.bin --truthset-bin experiments/v100_pq_drift_1m_baseline_20260601T043217Z/truth/phaseC_cycle05_range_u3e-03.bin --query-label-file /mnt/nvme1n1/PipeANN-github/experiments/r116_suite_pq16_aris_20260520_072453/labels/query_1000_range_u3e-03.spmat --selector-type range --query-limit 1000,99.74,2.458167314529419,taskset -c 20-27 /mnt/nvme1n1/PipeANN-github/build_reviewed_20260602_querycache/tests/dynamic_update_suite_driver --mode measure-dynamic-search --source-prefix /mnt/nvme1n1/PipeANN-supersector32k-work/indexes/phaseC_cycle05_no_retrain_after_insert_df6e1795ab_super32k_v3 --jsonl-output /mnt/nvme1n1/PipeANN-github/experiments/v100_querycache_optimized_full_replay_v5_20260601T221943Z/tmp/selected_0191.jsonl --insert-threads 16 --search-threads 1 --merge-threads 16 --build-l 220 --build-r 116 --beamwidth 4 --k 10 --cpu-cap 8 --metric l2 --route prefilter --search-l 50 --data-bin experiments/v100_pq_drift_1m_baseline_20260601T043217Z/data/phaseC_cycle05_live_data_by_tag.bin --base-label-file experiments/v100_pq_drift_1m_baseline_20260601T043217Z/labels/base_labels_1000000.spmat --query-bin /mnt/nvme1n1/PipeANN-github/experiments/r116_suite_pq16_aris_20260520_072453/data/sift_query_1000.bin --truthset-bin experiments/v100_pq_drift_1m_baseline_20260601T043217Z/truth/phaseC_cycle05_range_u3e-03.bin --query-label-file /mnt/nvme1n1/PipeANN-github/experiments/r116_suite_pq16_aris_20260520_072453/labels/query_1000_range_u3e-03.spmat --selector-type range --query-limit 1000,prefilter,191,285384,284336,50,post_hoc_retuned_fastest_feasible_recall_ge_98,range,/mnt/nvme1n1/PipeANN-supersector32k-work/indexes/phaseC_cycle05_no_retrain_after_insert_df6e1795ab_super32k_v3,ok,98030,1,0,/mnt/nvme1n1/PipeANN-github/experiments/v100_pq_drift_1m_baseline_20260601T043217Z/indexes/phaseC_cycle05_no_retrain_after_insert,/mnt/nvme1n1/PipeANN-supersector32k-work/indexes/phaseC_cycle05_no_retrain_after_insert_df6e1795ab_super32k_v3,no_retrain_across_cycles,0.3029
prefilter,579.277312,u1e-02,10000.0,50,20-27,8,True,phaseC_cycle05_no_retrain_across_cycles,,0.57947,0,0,1,,10000,0,16,supersector32k,page_aware_slots,3,1000000,285788,98030,10000.0,0.0,0.0,0.0,0.0,147.78,10000.0,0.0,147.78,575.965,605306.88,171.325,98030,measure-dynamic-search,574.65,0.0,0.0,618.679,156.0,10000.0,0.0,156.0,616.0,638976.0,670.659,4096,measure-dynamic-search,4096,1000000,16,1000,285524,1725.71458,1052,285524,/mnt/nvme1n1/PipeANN-github/build_reviewed_20260602_querycache/tests/dynamic_update_suite_driver --mode measure-dynamic-search --source-prefix /mnt/nvme1n1/PipeANN-supersector32k-work/indexes/phaseC_cycle05_no_retrain_after_insert_df6e1795ab_super32k_v3 --jsonl-output /mnt/nvme1n1/PipeANN-github/experiments/v100_querycache_optimized_full_replay_v5_20260601T221943Z/tmp/selected_0192.jsonl --insert-threads 16 --search-threads 1 --merge-threads 16 --build-l 220 --build-r 116 --beamwidth 4 --k 10 --cpu-cap 8 --metric l2 --route prefilter --search-l 50 --data-bin experiments/v100_pq_drift_1m_baseline_20260601T043217Z/data/phaseC_cycle05_live_data_by_tag.bin --base-label-file experiments/v100_pq_drift_1m_baseline_20260601T043217Z/labels/base_labels_1000000.spmat --query-bin /mnt/nvme1n1/PipeANN-github/experiments/r116_suite_pq16_aris_20260520_072453/data/sift_query_1000.bin --truthset-bin experiments/v100_pq_drift_1m_baseline_20260601T043217Z/truth/phaseC_cycle05_range_u1e-02.bin --query-label-file /mnt/nvme1n1/PipeANN-github/experiments/r116_suite_pq16_aris_20260520_072453/labels/query_1000_range_u1e-02.spmat --selector-type range --query-limit 1000,99.6,2.707057237625122,taskset -c 20-27 /mnt/nvme1n1/PipeANN-github/build_reviewed_20260602_querycache/tests/dynamic_update_suite_driver --mode measure-dynamic-search --source-prefix /mnt/nvme1n1/PipeANN-supersector32k-work/indexes/phaseC_cycle05_no_retrain_after_insert_df6e1795ab_super32k_v3 --jsonl-output /mnt/nvme1n1/PipeANN-github/experiments/v100_querycache_optimized_full_replay_v5_20260601T221943Z/tmp/selected_0192.jsonl --insert-threads 16 --search-threads 1 --merge-threads 16 --build-l 220 --build-r 116 --beamwidth 4 --k 10 --cpu-cap 8 --metric l2 --route prefilter --search-l 50 --data-bin experiments/v100_pq_drift_1m_baseline_20260601T043217Z/data/phaseC_cycle05_live_data_by_tag.bin --base-label-file experiments/v100_pq_drift_1m_baseline_20260601T043217Z/labels/base_labels_1000000.spmat --query-bin /mnt/nvme1n1/PipeANN-github/experiments/r116_suite_pq16_aris_20260520_072453/data/sift_query_1000.bin --truthset-bin experiments/v100_pq_drift_1m_baseline_20260601T043217Z/truth/phaseC_cycle05_range_u1e-02.bin --query-label-file /mnt/nvme1n1/PipeANN-github/experiments/r116_suite_pq16_aris_20260520_072453/labels/query_1000_range_u1e-02.spmat --selector-type range --query-limit 1000,prefilter,192,285524,284472,50,post_hoc_retuned_fastest_feasible_recall_ge_98,range,/mnt/nvme1n1/PipeANN-supersector32k-work/indexes/phaseC_cycle05_no_retrain_after_insert_df6e1795ab_super32k_v3,ok,98030,1,0,/mnt/nvme1n1/PipeANN-github/experiments/v100_pq_drift_1m_baseline_20260601T043217Z/indexes/phaseC_cycle05_no_retrain_after_insert,/mnt/nvme1n1/PipeANN-supersector32k-work/indexes/phaseC_cycle05_no_retrain_after_insert_df6e1795ab_super32k_v3,no_retrain_across_cycles,0.57947
prefilter,1478.057576,u5e-02,50000.0,100,20-27,8,True,phaseC_cycle05_no_retrain_across_cycles,,1.478306,0,0,1,,10000,0,16,supersector32k,page_aware_slots,3,1000000,285828,98030,50000.0,0.0,0.0,0.0,0.0,184.752,50000.0,0.0,184.752,1474.52,756744.192,279.255,98030,measure-dynamic-search,1468.737,0.0,0.0,1533.908,193.0,50000.0,0.0,193.0,1530.0,790528.0,1594.971,4096,measure-dynamic-search,4096,1000000,16,1000,285828,676.449787,1468,285828,/mnt/nvme1n1/PipeANN-github/build_reviewed_20260602_querycache/tests/dynamic_update_suite_driver --mode measure-dynamic-search --source-prefix /mnt/nvme1n1/PipeANN-supersector32k-work/indexes/phaseC_cycle05_no_retrain_after_insert_df6e1795ab_super32k_v3 --jsonl-output /mnt/nvme1n1/PipeANN-github/experiments/v100_querycache_optimized_full_replay_v5_20260601T221943Z/tmp/selected_0193.jsonl --insert-threads 16 --search-threads 1 --merge-threads 16 --build-l 220 --build-r 116 --beamwidth 4 --k 10 --cpu-cap 8 --metric l2 --route prefilter --search-l 100 --data-bin experiments/v100_pq_drift_1m_baseline_20260601T043217Z/data/phaseC_cycle05_live_data_by_tag.bin --base-label-file experiments/v100_pq_drift_1m_baseline_20260601T043217Z/labels/base_labels_1000000.spmat --query-bin /mnt/nvme1n1/PipeANN-github/experiments/r116_suite_pq16_aris_20260520_072453/data/sift_query_1000.bin --truthset-bin experiments/v100_pq_drift_1m_baseline_20260601T043217Z/truth/phaseC_cycle05_range_u5e-02.bin --query-label-file /mnt/nvme1n1/PipeANN-github/experiments/r116_suite_pq16_aris_20260520_072453/labels/query_1000_range_u5e-02.spmat --selector-type range --query-limit 1000,99.2,3.598728895187378,taskset -c 20-27 /mnt/nvme1n1/PipeANN-github/build_reviewed_20260602_querycache/tests/dynamic_update_suite_driver --mode measure-dynamic-search --source-prefix /mnt/nvme1n1/PipeANN-supersector32k-work/indexes/phaseC_cycle05_no_retrain_after_insert_df6e1795ab_super32k_v3 --jsonl-output /mnt/nvme1n1/PipeANN-github/experiments/v100_querycache_optimized_full_replay_v5_20260601T221943Z/tmp/selected_0193.jsonl --insert-threads 16 --search-threads 1 --merge-threads 16 --build-l 220 --build-r 116 --beamwidth 4 --k 10 --cpu-cap 8 --metric l2 --route prefilter --search-l 100 --data-bin experiments/v100_pq_drift_1m_baseline_20260601T043217Z/data/phaseC_cycle05_live_data_by_tag.bin --base-label-file experiments/v100_pq_drift_1m_baseline_20260601T043217Z/labels/base_labels_1000000.spmat --query-bin /mnt/nvme1n1/PipeANN-github/experiments/r116_suite_pq16_aris_20260520_072453/data/sift_query_1000.bin --truthset-bin experiments/v100_pq_drift_1m_baseline_20260601T043217Z/truth/phaseC_cycle05_range_u5e-02.bin --query-label-file /mnt/nvme1n1/PipeANN-github/experiments/r116_suite_pq16_aris_20260520_072453/labels/query_1000_range_u5e-02.spmat --selector-type range --query-limit 1000,prefilter,193,285828,284360,100,post_hoc_retuned_fastest_feasible_recall_ge_98,range,/mnt/nvme1n1/PipeANN-supersector32k-work/indexes/phaseC_cycle05_no_retrain_after_insert_df6e1795ab_super32k_v3,ok,98030,1,0,/mnt/nvme1n1/PipeANN-github/experiments/v100_pq_drift_1m_baseline_20260601T043217Z/indexes/phaseC_cycle05_no_retrain_after_insert,/mnt/nvme1n1/PipeANN-supersector32k-work/indexes/phaseC_cycle05_no_retrain_after_insert_df6e1795ab_super32k_v3,no_retrain_across_cycles,1.478306
prefilter,2220.38206,u1e-01,100000.0,75,20-27,8,True,phaseC_cycle05_no_retrain_across_cycles,,2.220703,0,0,1,,10000,0,16,supersector32k,page_aware_slots,3,1000000,285704,98030,100000.0,0.0,0.0,0.0,0.0,184.496,100000.0,0.0,184.496,2216.519,755695.616,318.812,98030,measure-dynamic-search,2209.605,0.0,0.0,2280.737,193.0,100000.0,0.0,193.0,2277.0,790528.0,2419.471,4096,measure-dynamic-search,4096,1000000,16,1000,285644,450.307825,1440,285644,/mnt/nvme1n1/PipeANN-github/build_reviewed_20260602_querycache/tests/dynamic_update_suite_driver --mode measure-dynamic-search --source-prefix /mnt/nvme1n1/PipeANN-supersector32k-work/indexes/phaseC_cycle05_no_retrain_after_insert_df6e1795ab_super32k_v3 --jsonl-output /mnt/nvme1n1/PipeANN-github/experiments/v100_querycache_optimized_full_replay_v5_20260601T221943Z/tmp/selected_0194.jsonl --insert-threads 16 --search-threads 1 --merge-threads 16 --build-l 220 --build-r 116 --beamwidth 4 --k 10 --cpu-cap 8 --metric l2 --route prefilter --search-l 75 --data-bin experiments/v100_pq_drift_1m_baseline_20260601T043217Z/data/phaseC_cycle05_live_data_by_tag.bin --base-label-file experiments/v100_pq_drift_1m_baseline_20260601T043217Z/labels/base_labels_1000000.spmat --query-bin /mnt/nvme1n1/PipeANN-github/experiments/r116_suite_pq16_aris_20260520_072453/data/sift_query_1000.bin --truthset-bin experiments/v100_pq_drift_1m_baseline_20260601T043217Z/truth/phaseC_cycle05_range_u1e-01.bin --query-label-file /mnt/nvme1n1/PipeANN-github/experiments/r116_suite_pq16_aris_20260520_072453/labels/query_1000_range_u1e-01.spmat --selector-type range --query-limit 1000,98.79,4.353018283843994,taskset -c 20-27 /mnt/nvme1n1/PipeANN-github/build_reviewed_20260602_querycache/tests/dynamic_update_suite_driver --mode measure-dynamic-search --source-prefix /mnt/nvme1n1/PipeANN-supersector32k-work/indexes/phaseC_cycle05_no_retrain_after_insert_df6e1795ab_super32k_v3 --jsonl-output /mnt/nvme1n1/PipeANN-github/experiments/v100_querycache_optimized_full_replay_v5_20260601T221943Z/tmp/selected_0194.jsonl --insert-threads 16 --search-threads 1 --merge-threads 16 --build-l 220 --build-r 116 --beamwidth 4 --k 10 --cpu-cap 8 --metric l2 --route prefilter --search-l 75 --data-bin experiments/v100_pq_drift_1m_baseline_20260601T043217Z/data/phaseC_cycle05_live_data_by_tag.bin --base-label-file experiments/v100_pq_drift_1m_baseline_20260601T043217Z/labels/base_labels_1000000.spmat --query-bin /mnt/nvme1n1/PipeANN-github/experiments/r116_suite_pq16_aris_20260520_072453/data/sift_query_1000.bin --truthset-bin experiments/v100_pq_drift_1m_baseline_20260601T043217Z/truth/phaseC_cycle05_range_u1e-01.bin --query-label-file /mnt/nvme1n1/PipeANN-github/experiments/r116_suite_pq16_aris_20260520_072453/labels/query_1000_range_u1e-01.spmat --selector-type range --query-limit 1000,prefilter,194,285644,284204,75,post_hoc_retuned_fastest_feasible_recall_ge_98,range,/mnt/nvme1n1/PipeANN-supersector32k-work/indexes/phaseC_cycle05_no_retrain_after_insert_df6e1795ab_super32k_v3,ok,98030,1,0,/mnt/nvme1n1/PipeANN-github/experiments/v100_pq_drift_1m_baseline_20260601T043217Z/indexes/phaseC_cycle05_no_retrain_after_insert,/mnt/nvme1n1/PipeANN-supersector32k-work/indexes/phaseC_cycle05_no_retrain_after_insert_df6e1795ab_super32k_v3,no_retrain_across_cycles,2.220703
prefilter,4442.974892,u25,250000.0,200,20-27,8,True,phaseC_cycle05_no_retrain_across_cycles,,4.44336,0,0,1,,10000,0,16,supersector32k,page_aware_slots,3,1000000,285792,98030,250000.0,0.0,0.0,0.0,0.0,230.422,250000.0,0.0,230.422,4437.339,943808.512,458.41,98030,measure-dynamic-search,4370.616,0.0,0.0,4711.268,239.0,250000.0,0.0,239.0,4706.0,978944.0,5217.01,4096,measure-dynamic-search,4096,1000000,16,1000,285792,225.054916,1472,285792,/mnt/nvme1n1/PipeANN-github/build_reviewed_20260602_querycache/tests/dynamic_update_suite_driver --mode measure-dynamic-search --source-prefix /mnt/nvme1n1/PipeANN-supersector32k-work/indexes/phaseC_cycle05_no_retrain_after_insert_df6e1795ab_super32k_v3 --jsonl-output /mnt/nvme1n1/PipeANN-github/experiments/v100_querycache_optimized_full_replay_v5_20260601T221943Z/tmp/selected_0195.jsonl --insert-threads 16 --search-threads 1 --merge-threads 16 --build-l 220 --build-r 116 --beamwidth 4 --k 10 --cpu-cap 8 --metric l2 --route prefilter --search-l 200 --data-bin experiments/v100_pq_drift_1m_baseline_20260601T043217Z/data/phaseC_cycle05_live_data_by_tag.bin --base-label-file experiments/v100_pq_drift_1m_baseline_20260601T043217Z/labels/base_labels_1000000.spmat --query-bin /mnt/nvme1n1/PipeANN-github/experiments/r116_suite_pq16_aris_20260520_072453/data/sift_query_1000.bin --truthset-bin experiments/v100_pq_drift_1m_baseline_20260601T043217Z/truth/phaseC_cycle05_range_u25.bin --query-label-file /mnt/nvme1n1/PipeANN-github/experiments/r116_suite_pq16_aris_20260520_072453/labels/query_1000_range_u25.spmat --selector-type range --query-limit 1000,98.07,6.7320334911346436,taskset -c 20-27 /mnt/nvme1n1/PipeANN-github/build_reviewed_20260602_querycache/tests/dynamic_update_suite_driver --mode measure-dynamic-search --source-prefix /mnt/nvme1n1/PipeANN-supersector32k-work/indexes/phaseC_cycle05_no_retrain_after_insert_df6e1795ab_super32k_v3 --jsonl-output /mnt/nvme1n1/PipeANN-github/experiments/v100_querycache_optimized_full_replay_v5_20260601T221943Z/tmp/selected_0195.jsonl --insert-threads 16 --search-threads 1 --merge-threads 16 --build-l 220 --build-r 116 --beamwidth 4 --k 10 --cpu-cap 8 --metric l2 --route prefilter --search-l 200 --data-bin experiments/v100_pq_drift_1m_baseline_20260601T043217Z/data/phaseC_cycle05_live_data_by_tag.bin --base-label-file experiments/v100_pq_drift_1m_baseline_20260601T043217Z/labels/base_labels_1000000.spmat --query-bin /mnt/nvme1n1/PipeANN-github/experiments/r116_suite_pq16_aris_20260520_072453/data/sift_query_1000.bin --truthset-bin experiments/v100_pq_drift_1m_baseline_20260601T043217Z/truth/phaseC_cycle05_range_u25.bin --query-label-file /mnt/nvme1n1/PipeANN-github/experiments/r116_suite_pq16_aris_20260520_072453/labels/query_1000_range_u25.spmat --selector-type range --query-limit 1000,prefilter,195,285792,284320,200,post_hoc_retuned_fastest_feasible_recall_ge_98,range,/mnt/nvme1n1/PipeANN-supersector32k-work/indexes/phaseC_cycle05_no_retrain_after_insert_df6e1795ab_super32k_v3,ok,98030,1,0,/mnt/nvme1n1/PipeANN-github/experiments/v100_pq_drift_1m_baseline_20260601T043217Z/indexes/phaseC_cycle05_no_retrain_after_insert,/mnt/nvme1n1/PipeANN-supersector32k-work/indexes/phaseC_cycle05_no_retrain_after_insert_df6e1795ab_super32k_v3,no_retrain_across_cycles,4.44336
prefilter,5067.600431,u30,300000.0,250,20-27,8,True,phaseC_cycle05_no_retrain_across_cycles,,5.067956,0,0,1,,10000,0,16,supersector32k,page_aware_slots,3,1000000,285732,98030,300000.0,0.0,0.0,0.0,0.0,287.817,300000.0,0.0,287.817,5062.54,1178898.432,503.09,98030,measure-dynamic-search,5023.547,0.0,0.0,5361.958,298.0,300000.0,0.0,298.0,5356.0,1220608.0,5645.089,4096,measure-dynamic-search,4096,1000000,16,1000,285732,197.318219,1376,285732,/mnt/nvme1n1/PipeANN-github/build_reviewed_20260602_querycache/tests/dynamic_update_suite_driver --mode measure-dynamic-search --source-prefix /mnt/nvme1n1/PipeANN-supersector32k-work/indexes/phaseC_cycle05_no_retrain_after_insert_df6e1795ab_super32k_v3 --jsonl-output /mnt/nvme1n1/PipeANN-github/experiments/v100_querycache_optimized_full_replay_v5_20260601T221943Z/tmp/selected_0196.jsonl --insert-threads 16 --search-threads 1 --merge-threads 16 --build-l 220 --build-r 116 --beamwidth 4 --k 10 --cpu-cap 8 --metric l2 --route prefilter --search-l 250 --data-bin experiments/v100_pq_drift_1m_baseline_20260601T043217Z/data/phaseC_cycle05_live_data_by_tag.bin --base-label-file experiments/v100_pq_drift_1m_baseline_20260601T043217Z/labels/base_labels_1000000.spmat --query-bin /mnt/nvme1n1/PipeANN-github/experiments/r116_suite_pq16_aris_20260520_072453/data/sift_query_1000.bin --truthset-bin experiments/v100_pq_drift_1m_baseline_20260601T043217Z/truth/phaseC_cycle05_range_u30.bin --query-label-file /mnt/nvme1n1/PipeANN-github/experiments/r116_suite_pq16_aris_20260520_072453/labels/query_1000_range_u30.spmat --selector-type range --query-limit 1000,98.55,7.290882110595703,taskset -c 20-27 /mnt/nvme1n1/PipeANN-github/build_reviewed_20260602_querycache/tests/dynamic_update_suite_driver --mode measure-dynamic-search --source-prefix /mnt/nvme1n1/PipeANN-supersector32k-work/indexes/phaseC_cycle05_no_retrain_after_insert_df6e1795ab_super32k_v3 --jsonl-output /mnt/nvme1n1/PipeANN-github/experiments/v100_querycache_optimized_full_replay_v5_20260601T221943Z/tmp/selected_0196.jsonl --insert-threads 16 --search-threads 1 --merge-threads 16 --build-l 220 --build-r 116 --beamwidth 4 --k 10 --cpu-cap 8 --metric l2 --route prefilter --search-l 250 --data-bin experiments/v100_pq_drift_1m_baseline_20260601T043217Z/data/phaseC_cycle05_live_data_by_tag.bin --base-label-file experiments/v100_pq_drift_1m_baseline_20260601T043217Z/labels/base_labels_1000000.spmat --query-bin /mnt/nvme1n1/PipeANN-github/experiments/r116_suite_pq16_aris_20260520_072453/data/sift_query_1000.bin --truthset-bin experiments/v100_pq_drift_1m_baseline_20260601T043217Z/truth/phaseC_cycle05_range_u30.bin --query-label-file /mnt/nvme1n1/PipeANN-github/experiments/r116_suite_pq16_aris_20260520_072453/labels/query_1000_range_u30.spmat --selector-type range --query-limit 1000,prefilter,196,285732,284356,250,post_hoc_retuned_fastest_feasible_recall_ge_98,range,/mnt/nvme1n1/PipeANN-supersector32k-work/indexes/phaseC_cycle05_no_retrain_after_insert_df6e1795ab_super32k_v3,ok,98030,1,0,/mnt/nvme1n1/PipeANN-github/experiments/v100_pq_drift_1m_baseline_20260601T043217Z/indexes/phaseC_cycle05_no_retrain_after_insert,/mnt/nvme1n1/PipeANN-supersector32k-work/indexes/phaseC_cycle05_no_retrain_after_insert_df6e1795ab_super32k_v3,no_retrain_across_cycles,5.067956
prefilter,7826.280059,u50,500000.0,300,20-27,8,True,phaseC_cycle05_no_retrain_across_cycles,,7.826719,0,0,1,,10000,0,16,supersector32k,page_aware_slots,3,1000000,285596,98030,500000.0,0.0,0.0,0.0,0.0,346.148,500000.0,0.0,346.148,7820.945,1417822.208,667.045,98030,measure-dynamic-search,7771.995,0.0,0.0,8202.767,357.0,500000.0,0.0,357.0,8197.0,1462272.0,8740.324,4096,measure-dynamic-search,4096,1000000,16,1000,285596,127.767466,1244,285596,/mnt/nvme1n1/PipeANN-github/build_reviewed_20260602_querycache/tests/dynamic_update_suite_driver --mode measure-dynamic-search --source-prefix /mnt/nvme1n1/PipeANN-supersector32k-work/indexes/phaseC_cycle05_no_retrain_after_insert_df6e1795ab_super32k_v3 --jsonl-output /mnt/nvme1n1/PipeANN-github/experiments/v100_querycache_optimized_full_replay_v5_20260601T221943Z/tmp/selected_0197.jsonl --insert-threads 16 --search-threads 1 --merge-threads 16 --build-l 220 --build-r 116 --beamwidth 4 --k 10 --cpu-cap 8 --metric l2 --route prefilter --search-l 300 --data-bin experiments/v100_pq_drift_1m_baseline_20260601T043217Z/data/phaseC_cycle05_live_data_by_tag.bin --base-label-file experiments/v100_pq_drift_1m_baseline_20260601T043217Z/labels/base_labels_1000000.spmat --query-bin /mnt/nvme1n1/PipeANN-github/experiments/r116_suite_pq16_aris_20260520_072453/data/sift_query_1000.bin --truthset-bin experiments/v100_pq_drift_1m_baseline_20260601T043217Z/truth/phaseC_cycle05_range_u50.bin --query-label-file /mnt/nvme1n1/PipeANN-github/experiments/r116_suite_pq16_aris_20260520_072453/labels/query_1000_range_u50.spmat --selector-type range --query-limit 1000,98.43,10.074410676956177,taskset -c 20-27 /mnt/nvme1n1/PipeANN-github/build_reviewed_20260602_querycache/tests/dynamic_update_suite_driver --mode measure-dynamic-search --source-prefix /mnt/nvme1n1/PipeANN-supersector32k-work/indexes/phaseC_cycle05_no_retrain_after_insert_df6e1795ab_super32k_v3 --jsonl-output /mnt/nvme1n1/PipeANN-github/experiments/v100_querycache_optimized_full_replay_v5_20260601T221943Z/tmp/selected_0197.jsonl --insert-threads 16 --search-threads 1 --merge-threads 16 --build-l 220 --build-r 116 --beamwidth 4 --k 10 --cpu-cap 8 --metric l2 --route prefilter --search-l 300 --data-bin experiments/v100_pq_drift_1m_baseline_20260601T043217Z/data/phaseC_cycle05_live_data_by_tag.bin --base-label-file experiments/v100_pq_drift_1m_baseline_20260601T043217Z/labels/base_labels_1000000.spmat --query-bin /mnt/nvme1n1/PipeANN-github/experiments/r116_suite_pq16_aris_20260520_072453/data/sift_query_1000.bin --truthset-bin experiments/v100_pq_drift_1m_baseline_20260601T043217Z/truth/phaseC_cycle05_range_u50.bin --query-label-file /mnt/nvme1n1/PipeANN-github/experiments/r116_suite_pq16_aris_20260520_072453/labels/query_1000_range_u50.spmat --selector-type range --query-limit 1000,prefilter,197,285596,284352,300,post_hoc_retuned_fastest_feasible_recall_ge_98,range,/mnt/nvme1n1/PipeANN-supersector32k-work/indexes/phaseC_cycle05_no_retrain_after_insert_df6e1795ab_super32k_v3,ok,98030,1,0,/mnt/nvme1n1/PipeANN-github/experiments/v100_pq_drift_1m_baseline_20260601T043217Z/indexes/phaseC_cycle05_no_retrain_after_insert,/mnt/nvme1n1/PipeANN-supersector32k-work/indexes/phaseC_cycle05_no_retrain_after_insert_df6e1795ab_super32k_v3,no_retrain_across_cycles,7.826719
mixed,6465.933154,u75,750000.0,450,20-27,8,True,phaseC_cycle05_no_retrain_across_cycles,,6.466178,0,1000,1,,10000,0,16,supersector32k,page_aware_slots,3,1000000,299172,98030,750000.0,20632.063,0.0,6009.937,0.0,531.927,20632.063,0.0,531.927,6137.324,2178772.992,66.658,98030,measure-dynamic-search,6428.315,26606.0,0.0,6872.328,551.0,26606.0,0.0,551.0,6556.0,2256896.0,7363.193,4096,measure-dynamic-search,4096,1000000,16,0,299172,154.650854,14820,299172,/mnt/nvme1n1/PipeANN-github/build_reviewed_20260602_querycache/tests/dynamic_update_suite_driver --mode measure-dynamic-search --source-prefix /mnt/nvme1n1/PipeANN-supersector32k-work/indexes/phaseC_cycle05_no_retrain_after_insert_df6e1795ab_super32k_v3 --jsonl-output /mnt/nvme1n1/PipeANN-github/experiments/v100_querycache_optimized_full_replay_v5_20260601T221943Z/tmp/selected_0198.jsonl --insert-threads 16 --search-threads 1 --merge-threads 16 --build-l 220 --build-r 116 --beamwidth 8 --k 10 --cpu-cap 8 --metric l2 --route graph --search-l 450 --data-bin experiments/v100_pq_drift_1m_baseline_20260601T043217Z/data/phaseC_cycle05_live_data_by_tag.bin --base-label-file experiments/v100_pq_drift_1m_baseline_20260601T043217Z/labels/base_labels_1000000.spmat --query-bin /mnt/nvme1n1/PipeANN-github/experiments/r116_suite_pq16_aris_20260520_072453/data/sift_query_1000.bin --truthset-bin experiments/v100_pq_drift_1m_baseline_20260601T043217Z/truth/phaseC_cycle05_range_u75.bin --query-label-file /mnt/nvme1n1/PipeANN-github/experiments/r116_suite_pq16_aris_20260520_072453/labels/query_1000_range_u75.spmat --selector-type range --query-limit 1000,98.12,8.621594667434692,taskset -c 20-27 /mnt/nvme1n1/PipeANN-github/build_reviewed_20260602_querycache/tests/dynamic_update_suite_driver --mode measure-dynamic-search --source-prefix /mnt/nvme1n1/PipeANN-supersector32k-work/indexes/phaseC_cycle05_no_retrain_after_insert_df6e1795ab_super32k_v3 --jsonl-output /mnt/nvme1n1/PipeANN-github/experiments/v100_querycache_optimized_full_replay_v5_20260601T221943Z/tmp/selected_0198.jsonl --insert-threads 16 --search-threads 1 --merge-threads 16 --build-l 220 --build-r 116 --beamwidth 8 --k 10 --cpu-cap 8 --metric l2 --route graph --search-l 450 --data-bin experiments/v100_pq_drift_1m_baseline_20260601T043217Z/data/phaseC_cycle05_live_data_by_tag.bin --base-label-file experiments/v100_pq_drift_1m_baseline_20260601T043217Z/labels/base_labels_1000000.spmat --query-bin /mnt/nvme1n1/PipeANN-github/experiments/r116_suite_pq16_aris_20260520_072453/data/sift_query_1000.bin --truthset-bin experiments/v100_pq_drift_1m_baseline_20260601T043217Z/truth/phaseC_cycle05_range_u75.bin --query-label-file /mnt/nvme1n1/PipeANN-github/experiments/r116_suite_pq16_aris_20260520_072453/labels/query_1000_range_u75.spmat --selector-type range --query-limit 1000,graph,198,299172,284352,450,querycache_plus_super32k_beamwidth_8_source_row_198,range,/mnt/nvme1n1/PipeANN-supersector32k-work/indexes/phaseC_cycle05_no_retrain_after_insert_df6e1795ab_super32k_v3,ok,98030,1,0,/mnt/nvme1n1/PipeANN-github/experiments/v100_pq_drift_1m_baseline_20260601T043217Z/indexes/phaseC_cycle05_no_retrain_after_insert,/mnt/nvme1n1/PipeANN-supersector32k-work/indexes/phaseC_cycle05_no_retrain_after_insert_df6e1795ab_super32k_v3,no_retrain_across_cycles,6.466178
mixed,5817.345733,u100,1000000.0,400,20-27,8,True,phaseC_cycle05_no_retrain_across_cycles,,5.817593,0,1000,1,,10000,0,16,supersector32k,page_aware_slots,3,1000000,299664,98030,1000000.0,19019.921,0.0,5369.167,0.0,475.563,19019.921,0.0,475.563,5506.985,1947906.048,71.958,98030,measure-dynamic-search,5798.03,24473.0,0.0,6222.26,495.0,24473.0,0.0,495.0,5917.0,2027520.0,6648.378,4096,measure-dynamic-search,4096,1000000,16,0,299664,171.892396,15164,299664,/mnt/nvme1n1/PipeANN-github/build_reviewed_20260602_querycache/tests/dynamic_update_suite_driver --mode measure-dynamic-search --source-prefix /mnt/nvme1n1/PipeANN-supersector32k-work/indexes/phaseC_cycle05_no_retrain_after_insert_df6e1795ab_super32k_v3 --jsonl-output /mnt/nvme1n1/PipeANN-github/experiments/v100_querycache_optimized_full_replay_v5_20260601T221943Z/tmp/selected_0199.jsonl --insert-threads 16 --search-threads 1 --merge-threads 16 --build-l 220 --build-r 116 --beamwidth 8 --k 10 --cpu-cap 8 --metric l2 --route graph --search-l 400 --data-bin experiments/v100_pq_drift_1m_baseline_20260601T043217Z/data/phaseC_cycle05_live_data_by_tag.bin --base-label-file experiments/v100_pq_drift_1m_baseline_20260601T043217Z/labels/base_labels_1000000.spmat --query-bin /mnt/nvme1n1/PipeANN-github/experiments/r116_suite_pq16_aris_20260520_072453/data/sift_query_1000.bin --truthset-bin experiments/v100_pq_drift_1m_baseline_20260601T043217Z/truth/phaseC_cycle05_range_u100.bin --query-label-file /mnt/nvme1n1/PipeANN-github/experiments/r116_suite_pq16_aris_20260520_072453/labels/query_1000_range_u100.spmat --selector-type range --query-limit 1000,98.26,8.254477500915527,taskset -c 20-27 /mnt/nvme1n1/PipeANN-github/build_reviewed_20260602_querycache/tests/dynamic_update_suite_driver --mode measure-dynamic-search --source-prefix /mnt/nvme1n1/PipeANN-supersector32k-work/indexes/phaseC_cycle05_no_retrain_after_insert_df6e1795ab_super32k_v3 --jsonl-output /mnt/nvme1n1/PipeANN-github/experiments/v100_querycache_optimized_full_replay_v5_20260601T221943Z/tmp/selected_0199.jsonl --insert-threads 16 --search-threads 1 --merge-threads 16 --build-l 220 --build-r 116 --beamwidth 8 --k 10 --cpu-cap 8 --metric l2 --route graph --search-l 400 --data-bin experiments/v100_pq_drift_1m_baseline_20260601T043217Z/data/phaseC_cycle05_live_data_by_tag.bin --base-label-file experiments/v100_pq_drift_1m_baseline_20260601T043217Z/labels/base_labels_1000000.spmat --query-bin /mnt/nvme1n1/PipeANN-github/experiments/r116_suite_pq16_aris_20260520_072453/data/sift_query_1000.bin --truthset-bin experiments/v100_pq_drift_1m_baseline_20260601T043217Z/truth/phaseC_cycle05_range_u100.bin --query-label-file /mnt/nvme1n1/PipeANN-github/experiments/r116_suite_pq16_aris_20260520_072453/labels/query_1000_range_u100.spmat --selector-type range --query-limit 1000,graph,199,299664,284500,400,querycache_plus_super32k_beamwidth_8_source_row_199_p95_fix,range,/mnt/nvme1n1/PipeANN-supersector32k-work/indexes/phaseC_cycle05_no_retrain_after_insert_df6e1795ab_super32k_v3,ok,98030,1,0,/mnt/nvme1n1/PipeANN-github/experiments/v100_pq_drift_1m_baseline_20260601T043217Z/indexes/phaseC_cycle05_no_retrain_after_insert,/mnt/nvme1n1/PipeANN-supersector32k-work/indexes/phaseC_cycle05_no_retrain_after_insert_df6e1795ab_super32k_v3,no_retrain_across_cycles,5.817593
