actual_route,avg_latency_ms,avg_latency_us,baseline_no_retrain_avg_latency_ms,baseline_no_retrain_p95_latency_ms,baseline_no_retrain_recall,baseline_source_rel,bucket,candidate_count,candidate_count_passing_recall,candidate_count_total,case_id,chosen_L,configured_L,configured_route,cpu_affinity_allowed_cpus,cpu_cap,cpu_cap_enforced,cycle,cycle_idx,dest_prefix,elapsed_s,empty_count,evidence_source,fallback_count,flat_build_memory_gb,flat_pq_pivots,flat_threshold,graph_count,insert_threads,live_point_count,maintenance_prefix,max_rss_kb,max_threshold,mean_candidate_count,mean_cpu_us,mean_cpu_us1,mean_cpu_us2,mean_io_us,mean_n_4k,mean_n_cmps,mean_n_hops,mean_n_ios,mean_query_total_us,mean_read_size,mean_route_overhead_us,min_threshold,mode,online_flat_materialize,p50_latency_us,p95_cpu_us,p95_io_us,p95_latency_ms,p95_latency_us,p95_n_4k,p95_n_cmps,p95_n_hops,p95_n_ios,p95_query_total_us,p95_read_size,p99_latency_us,phase,points,pq_bytes,prefilter_count,process_max_rss_kb,qps,query_peak_delta_kb,query_peak_rss_kb,raw_command,recall,recall@10,route,rss_after_query_kb,rss_before_query_kb,search_l,selection_policy,selection_status,selector_type,serving_source,source_prefix,status,strategy_variant,supports_recall_claim,tau_m,threads,threshold_version,trigger_reasons,trigger_status,variant,wall_s
prefilter,6.824179665,6824.179665,7.717307715,8.068857,98.99,raw/phaseB_selected_route_l.jsonl,u50,500000.0,7,22,cycle00_triggered_retrain_intersect_u50,300,300,prefilter,0-15,16,True,phaseB_cycle00_direct_retrain_1m,0,,6.824489,0,targeted_triggered_retrain,0,1,,10000,0,16,1000000,,272400,121271,500000.0,0.0,0.0,0.0,0.0,300.0,500000.0,0.0,300.0,6819.935,1228800.0,531.275,121271,measure-dynamic-search,False,6775.951,0.0,0.0,7.128385000000001,7128.385,300.0,500000.0,0.0,300.0,7124.0,1228800.0,7670.035,phaseB,1000000,16,1000,272400,146.531113,1196,272400,/mnt/nvme1n1/PipeANN-github/build_reviewed_20260602_querycache/tests/dynamic_update_suite_driver --mode measure-dynamic-search --source-prefix experiments/v100_early_pq_10k_full_20260602T031600Z/indexes/phaseB_direct_retrain_1m_pq16 --jsonl-output experiments/v100_early_pq_10k_full_20260602T031600Z/raw/calibration_phaseB_cycle00_direct_retrain_1m_intersect_u50.jsonl --insert-threads 16 --search-threads 1 --merge-threads 16 --build-l 220 --build-r 116 --beamwidth 4 --k 10 --cpu-cap 16 --metric l2 --route prefilter --search-l 300 --data-bin experiments/v100_early_pq_10k_full_20260602T031600Z/data/segment00_1000000.bin --base-label-file experiments/v100_early_pq_10k_full_20260602T031600Z/labels/base_labels_1000000.spmat --query-bin /mnt/nvme1n1/PipeANN-github/experiments/r116_suite_pq16_aris_20260520_072453/data/sift_query_1000.bin --truthset-bin experiments/v100_early_pq_10k_full_20260602T031600Z/truth/phaseB_cycle00_intersect_u50.bin --query-label-file /mnt/nvme1n1/PipeANN-github/experiments/r116_suite_pq16_aris_20260520_072453/labels/query_1000_u50.spmat --selector-type intersect --query-limit 1000,98.54,98.54,prefilter,272400,271204,300,post_hoc_retuned_fastest_feasible_recall_ge_98,pass,intersect,retrain_each_cycle_snapshot,experiments/v100_early_pq_10k_full_20260602T031600Z/indexes/phaseB_direct_retrain_1m_pq16,ok,triggered_retrain,True,121271,1,0,replacement_ratio>=0.60,triggered,direct_retrain_1m,6.824489
graph,8.245579198,8245.579198,10.433474809,10.723724,98.07,raw/phaseB_selected_route_l.jsonl,u75,750000.0,9,22,cycle00_triggered_retrain_intersect_u75,400,400,graph,0-15,16,True,phaseB_cycle00_direct_retrain_1m,0,,8.245821,0,targeted_triggered_retrain,0,1,,10000,1000,16,1000000,,290264,121271,750000.0,21057.369,0.0,7868.156,0.0,409.228,21057.369,0.0,409.228,7928.006,1676197.888,19.032,121271,measure-dynamic-search,False,8216.176,26338.0,0.0,8.519176,8519.176,415.0,26338.0,0.0,415.0,8134.0,1699840.0,8991.694,phaseB,1000000,16,0,290264,121.273552,19160,290264,/mnt/nvme1n1/PipeANN-github/build_reviewed_20260602_querycache/tests/dynamic_update_suite_driver --mode measure-dynamic-search --source-prefix experiments/v100_early_pq_10k_full_20260602T031600Z/indexes/phaseB_direct_retrain_1m_pq16 --jsonl-output experiments/v100_early_pq_10k_full_20260602T031600Z/raw/calibration_phaseB_cycle00_direct_retrain_1m_intersect_u75.jsonl --insert-threads 16 --search-threads 1 --merge-threads 16 --build-l 220 --build-r 116 --beamwidth 4 --k 10 --cpu-cap 16 --metric l2 --route graph --search-l 400 --data-bin experiments/v100_early_pq_10k_full_20260602T031600Z/data/segment00_1000000.bin --base-label-file experiments/v100_early_pq_10k_full_20260602T031600Z/labels/base_labels_1000000.spmat --query-bin /mnt/nvme1n1/PipeANN-github/experiments/r116_suite_pq16_aris_20260520_072453/data/sift_query_1000.bin --truthset-bin experiments/v100_early_pq_10k_full_20260602T031600Z/truth/phaseB_cycle00_intersect_u75.bin --query-label-file /mnt/nvme1n1/PipeANN-github/experiments/r116_suite_pq16_aris_20260520_072453/labels/query_1000_u75.spmat --selector-type intersect --query-limit 1000,98.37,98.37,graph,290264,271104,400,post_hoc_retuned_fastest_feasible_recall_ge_98,pass,intersect,retrain_each_cycle_snapshot,experiments/v100_early_pq_10k_full_20260602T031600Z/indexes/phaseB_direct_retrain_1m_pq16,ok,triggered_retrain,True,121271,1,0,avg>=10ms,triggered,direct_retrain_1m,8.245821
graph,8.43991611,8439.91611,9.534522831,9.578671,98.25,raw/phaseB_selected_route_l.jsonl,u100,1000000.0,8,22,cycle00_triggered_retrain_intersect_u100,400,400,graph,0-15,16,True,phaseB_cycle00_direct_retrain_1m,0,,8.440189,0,targeted_triggered_retrain,0,1,,10000,1000,16,1000000,,290304,121271,1000000.0,21055.216,0.0,8053.797,0.0,409.206,21055.216,0.0,409.206,8121.143,1676107.776,18.544,121271,measure-dynamic-search,False,8284.72,26338.0,0.0,8.681623,8681.623,415.0,26338.0,0.0,415.0,8324.0,1699840.0,9417.845,phaseB,1000000,16,0,290304,118.48076,19160,290304,/mnt/nvme1n1/PipeANN-github/build_reviewed_20260602_querycache/tests/dynamic_update_suite_driver --mode measure-dynamic-search --source-prefix experiments/v100_early_pq_10k_full_20260602T031600Z/indexes/phaseB_direct_retrain_1m_pq16 --jsonl-output experiments/v100_early_pq_10k_full_20260602T031600Z/raw/calibration_phaseB_cycle00_direct_retrain_1m_intersect_u100.jsonl --insert-threads 16 --search-threads 1 --merge-threads 16 --build-l 220 --build-r 116 --beamwidth 4 --k 10 --cpu-cap 16 --metric l2 --route graph --search-l 400 --data-bin experiments/v100_early_pq_10k_full_20260602T031600Z/data/segment00_1000000.bin --base-label-file experiments/v100_early_pq_10k_full_20260602T031600Z/labels/base_labels_1000000.spmat --query-bin /mnt/nvme1n1/PipeANN-github/experiments/r116_suite_pq16_aris_20260520_072453/data/sift_query_1000.bin --truthset-bin experiments/v100_early_pq_10k_full_20260602T031600Z/truth/phaseB_cycle00_intersect_u100.bin --query-label-file /mnt/nvme1n1/PipeANN-github/experiments/r116_suite_pq16_aris_20260520_072453/labels/query_1000_u100.spmat --selector-type intersect --query-limit 1000,98.82,98.82,graph,290304,271144,400,post_hoc_retuned_fastest_feasible_recall_ge_98,pass,intersect,retrain_each_cycle_snapshot,experiments/v100_early_pq_10k_full_20260602T031600Z/indexes/phaseB_direct_retrain_1m_pq16,ok,triggered_retrain,True,121271,1,0,replacement_ratio>=0.60,triggered,direct_retrain_1m,8.440189
prefilter,7.30204489,7302.04489,7.556360116,7.839619,99.1,raw/phaseB_selected_route_l.jsonl,u50,500000.0,7,22,cycle00_triggered_retrain_range_u50,400,400,prefilter,0-15,16,True,phaseB_cycle00_direct_retrain_1m,0,,7.302422,0,targeted_triggered_retrain,0,1,,10000,0,16,1000000,,272216,121271,500000.0,0.0,0.0,0.0,0.0,400.0,500000.0,0.0,400.0,7295.033,1638400.0,592.763,121271,measure-dynamic-search,False,7283.613,0.0,0.0,7.552907,7552.907,400.0,500000.0,0.0,400.0,7539.0,1638400.0,7819.073,phaseB,1000000,16,1000,272216,136.940859,1068,272216,/mnt/nvme1n1/PipeANN-github/build_reviewed_20260602_querycache/tests/dynamic_update_suite_driver --mode measure-dynamic-search --source-prefix experiments/v100_early_pq_10k_full_20260602T031600Z/indexes/phaseB_direct_retrain_1m_pq16 --jsonl-output experiments/v100_early_pq_10k_full_20260602T031600Z/raw/calibration_phaseB_cycle00_direct_retrain_1m_range_u50.jsonl --insert-threads 16 --search-threads 1 --merge-threads 16 --build-l 220 --build-r 116 --beamwidth 4 --k 10 --cpu-cap 16 --metric l2 --route prefilter --search-l 400 --data-bin experiments/v100_early_pq_10k_full_20260602T031600Z/data/segment00_1000000.bin --base-label-file experiments/v100_early_pq_10k_full_20260602T031600Z/labels/base_labels_1000000.spmat --query-bin /mnt/nvme1n1/PipeANN-github/experiments/r116_suite_pq16_aris_20260520_072453/data/sift_query_1000.bin --truthset-bin experiments/v100_early_pq_10k_full_20260602T031600Z/truth/phaseB_cycle00_range_u50.bin --query-label-file /mnt/nvme1n1/PipeANN-github/experiments/r116_suite_pq16_aris_20260520_072453/labels/query_1000_range_u50.spmat --selector-type range --query-limit 1000,99.21,99.21,prefilter,247620,271148,400,post_hoc_retuned_fastest_feasible_recall_ge_98,pass,range,retrain_each_cycle_snapshot,experiments/v100_early_pq_10k_full_20260602T031600Z/indexes/phaseB_direct_retrain_1m_pq16,ok,triggered_retrain,True,121271,1,0,replacement_ratio>=0.60,triggered,direct_retrain_1m,7.302422
mixed,8.280061992,8280.061992,10.409550777,10.664494000000001,98.07,raw/phaseB_selected_route_l.jsonl,u75,750000.0,9,22,cycle00_triggered_retrain_range_u75,400,400,graph,0-15,16,True,phaseB_cycle00_direct_retrain_1m,0,,8.280324,0,targeted_triggered_retrain,1000,1,,10000,0,16,1000000,,290628,121271,750000.0,21055.265,0.0,7830.017,0.0,409.206,21055.265,0.0,409.206,7952.472,1676107.776,78.672,121271,measure-dynamic-search,False,8237.494,26338.0,0.0,8.568522000000002,8568.522,415.0,26338.0,0.0,415.0,8229.0,1699840.0,9258.62,phaseB,1000000,16,0,290628,120.768219,19308,290628,/mnt/nvme1n1/PipeANN-github/build_reviewed_20260602_querycache/tests/dynamic_update_suite_driver --mode measure-dynamic-search --source-prefix experiments/v100_early_pq_10k_full_20260602T031600Z/indexes/phaseB_direct_retrain_1m_pq16 --jsonl-output experiments/v100_early_pq_10k_full_20260602T031600Z/raw/calibration_phaseB_cycle00_direct_retrain_1m_range_u75.jsonl --insert-threads 16 --search-threads 1 --merge-threads 16 --build-l 220 --build-r 116 --beamwidth 4 --k 10 --cpu-cap 16 --metric l2 --route graph --search-l 400 --data-bin experiments/v100_early_pq_10k_full_20260602T031600Z/data/segment00_1000000.bin --base-label-file experiments/v100_early_pq_10k_full_20260602T031600Z/labels/base_labels_1000000.spmat --query-bin /mnt/nvme1n1/PipeANN-github/experiments/r116_suite_pq16_aris_20260520_072453/data/sift_query_1000.bin --truthset-bin experiments/v100_early_pq_10k_full_20260602T031600Z/truth/phaseB_cycle00_range_u75.bin --query-label-file /mnt/nvme1n1/PipeANN-github/experiments/r116_suite_pq16_aris_20260520_072453/labels/query_1000_range_u75.spmat --selector-type range --query-limit 1000,98.37,98.37,graph,290628,271320,400,post_hoc_retuned_fastest_feasible_recall_ge_98,pass,range,retrain_each_cycle_snapshot,experiments/v100_early_pq_10k_full_20260602T031600Z/indexes/phaseB_direct_retrain_1m_pq16,ok,triggered_retrain,True,121271,1,0,avg>=10ms,triggered,direct_retrain_1m,8.280324
mixed,8.331749998,8331.749998,9.894150525999999,9.695784999999999,98.25,raw/phaseB_selected_route_l.jsonl,u100,1000000.0,8,22,cycle00_triggered_retrain_range_u100,400,400,graph,0-15,16,True,phaseB_cycle00_direct_retrain_1m,0,,8.332032,0,targeted_triggered_retrain,1000,1,,10000,0,16,1000000,,290508,121271,1000000.0,21055.121,0.0,7859.676,0.0,409.211,21055.121,0.0,409.211,7996.743,1676128.256,84.817,121271,measure-dynamic-search,False,8273.777,26334.0,0.0,8.620655000000001,8620.655,415.0,26334.0,0.0,415.0,8274.0,1699840.0,9700.072,phaseB,1000000,16,0,290444,120.018742,19176,290444,/mnt/nvme1n1/PipeANN-github/build_reviewed_20260602_querycache/tests/dynamic_update_suite_driver --mode measure-dynamic-search --source-prefix experiments/v100_early_pq_10k_full_20260602T031600Z/indexes/phaseB_direct_retrain_1m_pq16 --jsonl-output experiments/v100_early_pq_10k_full_20260602T031600Z/raw/calibration_phaseB_cycle00_direct_retrain_1m_range_u100.jsonl --insert-threads 16 --search-threads 1 --merge-threads 16 --build-l 220 --build-r 116 --beamwidth 4 --k 10 --cpu-cap 16 --metric l2 --route graph --search-l 400 --data-bin experiments/v100_early_pq_10k_full_20260602T031600Z/data/segment00_1000000.bin --base-label-file experiments/v100_early_pq_10k_full_20260602T031600Z/labels/base_labels_1000000.spmat --query-bin /mnt/nvme1n1/PipeANN-github/experiments/r116_suite_pq16_aris_20260520_072453/data/sift_query_1000.bin --truthset-bin experiments/v100_early_pq_10k_full_20260602T031600Z/truth/phaseB_cycle00_range_u100.bin --query-label-file /mnt/nvme1n1/PipeANN-github/experiments/r116_suite_pq16_aris_20260520_072453/labels/query_1000_range_u100.spmat --selector-type range --query-limit 1000,98.82,98.82,graph,290444,271268,400,post_hoc_retuned_fastest_feasible_recall_ge_98,pass,range,retrain_each_cycle_snapshot,experiments/v100_early_pq_10k_full_20260602T031600Z/indexes/phaseB_direct_retrain_1m_pq16,ok,triggered_retrain,True,121271,1,0,replacement_ratio>=0.60,triggered,direct_retrain_1m,8.332032
prefilter,7.0808025070000005,7080.802507,7.443915515,7.935393,98.78,raw/phaseC_selected_route_l.jsonl,u50,500000.0,10,22,cycle01_triggered_retrain_intersect_u50,250,250,prefilter,0-15,16,True,phaseC_cycle01_retrain_each_cycle,1,,7.081136,0,targeted_triggered_retrain,0,1,,10000,0,16,1000000,,696740,123007,500000.0,0.0,0.0,0.0,0.0,250.0,500000.0,0.0,250.0,7076.401,1024000.0,565.368,123007,measure-dynamic-search,False,7045.237,0.0,0.0,7.377523,7377.523,250.0,500000.0,0.0,250.0,7373.0,1024000.0,7739.723,phaseC,1000000,16,1000,696740,141.220283,1196,272472,/mnt/nvme1n1/PipeANN-github/build_reviewed_20260602_querycache/tests/dynamic_update_suite_driver --mode measure-dynamic-search --source-prefix experiments/v100_early_pq_10k_full_20260602T031600Z/indexes/phaseC_cycle01_retrain_each_cycle --jsonl-output experiments/v100_early_pq_10k_full_20260602T031600Z/raw/calibration_phaseC_cycle01_retrain_each_cycle_intersect_u50.jsonl --insert-threads 16 --search-threads 1 --merge-threads 16 --build-l 220 --build-r 116 --beamwidth 4 --k 10 --cpu-cap 16 --metric l2 --route prefilter --search-l 250 --data-bin experiments/v100_early_pq_10k_full_20260602T031600Z/data/phaseC_cycle01_live_data_by_tag.bin --base-label-file experiments/v100_early_pq_10k_full_20260602T031600Z/labels/base_labels_1000000.spmat --query-bin /mnt/nvme1n1/PipeANN-github/experiments/r116_suite_pq16_aris_20260520_072453/data/sift_query_1000.bin --truthset-bin experiments/v100_early_pq_10k_full_20260602T031600Z/truth/phaseC_cycle01_intersect_u50.bin --query-label-file /mnt/nvme1n1/PipeANN-github/experiments/r116_suite_pq16_aris_20260520_072453/labels/query_1000_u50.spmat --selector-type intersect --query-limit 1000,98.44,98.44,prefilter,272472,271276,250,post_hoc_retuned_fastest_feasible_recall_ge_98,pass,intersect,retrain_each_cycle_snapshot,experiments/v100_early_pq_10k_full_20260602T031600Z/indexes/phaseC_cycle01_retrain_each_cycle,ok,triggered_retrain,True,123007,1,0,replacement_ratio>=0.60,triggered,retrain_each_cycle,7.081136
graph,8.387992708,8387.992708,10.665493099999999,10.936825,98.63,raw/phaseC_selected_route_l.jsonl,u75,750000.0,9,22,cycle01_triggered_retrain_intersect_u75,400,400,graph,0-15,16,True,phaseC_cycle01_retrain_each_cycle,1,,8.388272,0,targeted_triggered_retrain,0,1,,10000,1000,16,1000000,,696740,123007,750000.0,21045.055,0.0,8000.863,0.0,409.373,21045.055,0.0,409.373,8066.253,1676791.808,22.882,123007,measure-dynamic-search,False,8308.713,26522.0,0.0,8.712087,8712.087,416.0,26522.0,0.0,416.0,8327.0,1703936.0,9226.946,phaseC,1000000,16,0,696740,119.214058,11936,283080,/mnt/nvme1n1/PipeANN-github/build_reviewed_20260602_querycache/tests/dynamic_update_suite_driver --mode measure-dynamic-search --source-prefix experiments/v100_early_pq_10k_full_20260602T031600Z/indexes/phaseC_cycle01_retrain_each_cycle --jsonl-output experiments/v100_early_pq_10k_full_20260602T031600Z/raw/calibration_phaseC_cycle01_retrain_each_cycle_intersect_u75.jsonl --insert-threads 16 --search-threads 1 --merge-threads 16 --build-l 220 --build-r 116 --beamwidth 4 --k 10 --cpu-cap 16 --metric l2 --route graph --search-l 400 --data-bin experiments/v100_early_pq_10k_full_20260602T031600Z/data/phaseC_cycle01_live_data_by_tag.bin --base-label-file experiments/v100_early_pq_10k_full_20260602T031600Z/labels/base_labels_1000000.spmat --query-bin /mnt/nvme1n1/PipeANN-github/experiments/r116_suite_pq16_aris_20260520_072453/data/sift_query_1000.bin --truthset-bin experiments/v100_early_pq_10k_full_20260602T031600Z/truth/phaseC_cycle01_intersect_u75.bin --query-label-file /mnt/nvme1n1/PipeANN-github/experiments/r116_suite_pq16_aris_20260520_072453/labels/query_1000_u75.spmat --selector-type intersect --query-limit 1000,98.73,98.73,graph,283080,271144,400,post_hoc_retuned_fastest_feasible_recall_ge_98,pass,intersect,retrain_each_cycle_snapshot,experiments/v100_early_pq_10k_full_20260602T031600Z/indexes/phaseC_cycle01_retrain_each_cycle,ok,triggered_retrain,True,123007,1,0,avg>=10ms,triggered,retrain_each_cycle,8.388272
graph,8.519071873000001,8519.071873,10.57111508,10.946423000000001,98.22,raw/phaseC_selected_route_l.jsonl,u100,1000000.0,10,22,cycle01_triggered_retrain_intersect_u100,400,400,graph,0-15,16,True,phaseC_cycle01_retrain_each_cycle,1,,8.519324,0,targeted_triggered_retrain,0,1,,10000,1000,16,1000000,,696740,123007,1000000.0,21044.828,0.0,8123.622,0.0,409.372,21044.828,0.0,409.372,8193.025,1676787.712,19.385,123007,measure-dynamic-search,False,8250.854,26522.0,0.0,8.590252,8590.252,416.0,26522.0,0.0,416.0,8245.0,1703936.0,9101.572,phaseC,1000000,16,0,696740,117.380202,11872,283116,/mnt/nvme1n1/PipeANN-github/build_reviewed_20260602_querycache/tests/dynamic_update_suite_driver --mode measure-dynamic-search --source-prefix experiments/v100_early_pq_10k_full_20260602T031600Z/indexes/phaseC_cycle01_retrain_each_cycle --jsonl-output experiments/v100_early_pq_10k_full_20260602T031600Z/raw/calibration_phaseC_cycle01_retrain_each_cycle_intersect_u100.jsonl --insert-threads 16 --search-threads 1 --merge-threads 16 --build-l 220 --build-r 116 --beamwidth 4 --k 10 --cpu-cap 16 --metric l2 --route graph --search-l 400 --data-bin experiments/v100_early_pq_10k_full_20260602T031600Z/data/phaseC_cycle01_live_data_by_tag.bin --base-label-file experiments/v100_early_pq_10k_full_20260602T031600Z/labels/base_labels_1000000.spmat --query-bin /mnt/nvme1n1/PipeANN-github/experiments/r116_suite_pq16_aris_20260520_072453/data/sift_query_1000.bin --truthset-bin experiments/v100_early_pq_10k_full_20260602T031600Z/truth/phaseC_cycle01_intersect_u100.bin --query-label-file /mnt/nvme1n1/PipeANN-github/experiments/r116_suite_pq16_aris_20260520_072453/labels/query_1000_u100.spmat --selector-type intersect --query-limit 1000,99.02,99.02,graph,283116,271244,400,post_hoc_retuned_fastest_feasible_recall_ge_98,pass,intersect,retrain_each_cycle_snapshot,experiments/v100_early_pq_10k_full_20260602T031600Z/indexes/phaseC_cycle01_retrain_each_cycle,ok,triggered_retrain,True,123007,1,0,avg>=10ms,triggered,retrain_each_cycle,8.519324
prefilter,7.234139977,7234.139977,7.607447753000001,8.091965,98.95,raw/phaseC_selected_route_l.jsonl,u50,500000.0,10,22,cycle01_triggered_retrain_range_u50,300,300,prefilter,0-15,16,True,phaseC_cycle01_retrain_each_cycle,1,,7.234451,0,targeted_triggered_retrain,0,1,,10000,0,16,1000000,,696740,123007,500000.0,0.0,0.0,0.0,0.0,300.0,500000.0,0.0,300.0,7227.586,1228800.0,609.781,123007,measure-dynamic-search,False,7179.872,0.0,0.0,7.732241,7732.241,300.0,500000.0,0.0,300.0,7722.0,1228800.0,8310.242,phaseC,1000000,16,1000,696740,138.227491,944,272344,/mnt/nvme1n1/PipeANN-github/build_reviewed_20260602_querycache/tests/dynamic_update_suite_driver --mode measure-dynamic-search --source-prefix experiments/v100_early_pq_10k_full_20260602T031600Z/indexes/phaseC_cycle01_retrain_each_cycle --jsonl-output experiments/v100_early_pq_10k_full_20260602T031600Z/raw/calibration_phaseC_cycle01_retrain_each_cycle_range_u50.jsonl --insert-threads 16 --search-threads 1 --merge-threads 16 --build-l 220 --build-r 116 --beamwidth 4 --k 10 --cpu-cap 16 --metric l2 --route prefilter --search-l 300 --data-bin experiments/v100_early_pq_10k_full_20260602T031600Z/data/phaseC_cycle01_live_data_by_tag.bin --base-label-file experiments/v100_early_pq_10k_full_20260602T031600Z/labels/base_labels_1000000.spmat --query-bin /mnt/nvme1n1/PipeANN-github/experiments/r116_suite_pq16_aris_20260520_072453/data/sift_query_1000.bin --truthset-bin experiments/v100_early_pq_10k_full_20260602T031600Z/truth/phaseC_cycle01_range_u50.bin --query-label-file /mnt/nvme1n1/PipeANN-github/experiments/r116_suite_pq16_aris_20260520_072453/labels/query_1000_range_u50.spmat --selector-type range --query-limit 1000,98.84,98.84,prefilter,247876,271400,300,post_hoc_retuned_fastest_feasible_recall_ge_98,pass,range,retrain_each_cycle_snapshot,experiments/v100_early_pq_10k_full_20260602T031600Z/indexes/phaseC_cycle01_retrain_each_cycle,ok,triggered_retrain,True,123007,1,0,replacement_ratio>=0.60,triggered,retrain_each_cycle,7.234451
mixed,8.454311268,8454.311268,10.467618013,10.757614,98.2,raw/phaseC_selected_route_l.jsonl,u75,750000.0,9,22,cycle01_triggered_retrain_range_u75,400,400,graph,0-15,16,True,phaseC_cycle01_retrain_each_cycle,1,,8.454571,0,targeted_triggered_retrain,1000,1,,10000,0,16,1000000,,696740,123007,750000.0,21043.481,0.0,8026.636,0.0,409.364,21043.481,0.0,409.364,8134.965,1676754.944,66.917,123007,measure-dynamic-search,False,8350.321,26522.0,0.0,8.759255999999999,8759.256,416.0,26522.0,0.0,416.0,8334.0,1703936.0,9233.047,phaseC,1000000,16,0,696740,118.279217,12008,283136,/mnt/nvme1n1/PipeANN-github/build_reviewed_20260602_querycache/tests/dynamic_update_suite_driver --mode measure-dynamic-search --source-prefix experiments/v100_early_pq_10k_full_20260602T031600Z/indexes/phaseC_cycle01_retrain_each_cycle --jsonl-output experiments/v100_early_pq_10k_full_20260602T031600Z/raw/calibration_phaseC_cycle01_retrain_each_cycle_range_u75.jsonl --insert-threads 16 --search-threads 1 --merge-threads 16 --build-l 220 --build-r 116 --beamwidth 4 --k 10 --cpu-cap 16 --metric l2 --route graph --search-l 400 --data-bin experiments/v100_early_pq_10k_full_20260602T031600Z/data/phaseC_cycle01_live_data_by_tag.bin --base-label-file experiments/v100_early_pq_10k_full_20260602T031600Z/labels/base_labels_1000000.spmat --query-bin /mnt/nvme1n1/PipeANN-github/experiments/r116_suite_pq16_aris_20260520_072453/data/sift_query_1000.bin --truthset-bin experiments/v100_early_pq_10k_full_20260602T031600Z/truth/phaseC_cycle01_range_u75.bin --query-label-file /mnt/nvme1n1/PipeANN-github/experiments/r116_suite_pq16_aris_20260520_072453/labels/query_1000_range_u75.spmat --selector-type range --query-limit 1000,98.73,98.73,graph,283136,271128,400,post_hoc_retuned_fastest_feasible_recall_ge_98,pass,range,retrain_each_cycle_snapshot,experiments/v100_early_pq_10k_full_20260602T031600Z/indexes/phaseC_cycle01_retrain_each_cycle,ok,triggered_retrain,True,123007,1,0,avg>=10ms,triggered,retrain_each_cycle,8.454571
mixed,6.377880805,6377.880805,10.502130655,10.796381,98.22,raw/phaseC_selected_route_l.jsonl,u100,1000000.0,10,22,cycle01_triggered_retrain_range_u100,300,300,graph,0-15,16,True,phaseC_cycle01_retrain_each_cycle,1,,6.378162,0,targeted_triggered_retrain,1000,1,,10000,0,16,1000000,,696740,123007,1000000.0,17146.3,0.0,5976.175,0.0,310.156,17146.3,0.0,310.156,6089.455,1270398.976,73.35,123007,measure-dynamic-search,False,6329.822,21511.0,0.0,6.673674,6673.674,317.0,21511.0,0.0,317.0,6335.0,1298432.0,7110.138,phaseC,1000000,16,0,696740,156.784985,14568,285776,/mnt/nvme1n1/PipeANN-github/build_reviewed_20260602_querycache/tests/dynamic_update_suite_driver --mode measure-dynamic-search --source-prefix experiments/v100_early_pq_10k_full_20260602T031600Z/indexes/phaseC_cycle01_retrain_each_cycle --jsonl-output experiments/v100_early_pq_10k_full_20260602T031600Z/raw/calibration_phaseC_cycle01_retrain_each_cycle_range_u100.jsonl --insert-threads 16 --search-threads 1 --merge-threads 16 --build-l 220 --build-r 116 --beamwidth 4 --k 10 --cpu-cap 16 --metric l2 --route graph --search-l 300 --data-bin experiments/v100_early_pq_10k_full_20260602T031600Z/data/phaseC_cycle01_live_data_by_tag.bin --base-label-file experiments/v100_early_pq_10k_full_20260602T031600Z/labels/base_labels_1000000.spmat --query-bin /mnt/nvme1n1/PipeANN-github/experiments/r116_suite_pq16_aris_20260520_072453/data/sift_query_1000.bin --truthset-bin experiments/v100_early_pq_10k_full_20260602T031600Z/truth/phaseC_cycle01_range_u100.bin --query-label-file /mnt/nvme1n1/PipeANN-github/experiments/r116_suite_pq16_aris_20260520_072453/labels/query_1000_range_u100.spmat --selector-type range --query-limit 1000,98.29,98.29,graph,285776,271208,300,post_hoc_retuned_fastest_feasible_recall_ge_98,pass,range,retrain_each_cycle_snapshot,experiments/v100_early_pq_10k_full_20260602T031600Z/indexes/phaseC_cycle01_retrain_each_cycle,ok,triggered_retrain,True,123007,1,0,avg>=10ms,triggered,retrain_each_cycle,6.378162
prefilter,7.138603077,7138.603077,7.5229888140000005,7.95364,98.81,raw/phaseC_selected_route_l.jsonl,u50,500000.0,9,22,cycle02_triggered_retrain_intersect_u50,400,400,prefilter,0-15,16,True,phaseC_cycle02_retrain_each_cycle,2,,7.138923,0,targeted_triggered_retrain,0,1,,10000,0,16,1000000,,938012,127066,500000.0,0.0,0.0,0.0,0.0,400.0,500000.0,0.0,400.0,7134.306,1638400.0,543.816,127066,measure-dynamic-search,False,7108.66,0.0,0.0,7.493466000000001,7493.466,400.0,500000.0,0.0,400.0,7490.0,1638400.0,7789.361,phaseC,1000000,16,1000,938012,140.077154,1196,272428,/mnt/nvme1n1/PipeANN-github/build_reviewed_20260602_querycache/tests/dynamic_update_suite_driver --mode measure-dynamic-search --source-prefix experiments/v100_early_pq_10k_full_20260602T031600Z/indexes/phaseC_cycle02_retrain_each_cycle --jsonl-output experiments/v100_early_pq_10k_full_20260602T031600Z/raw/calibration_phaseC_cycle02_retrain_each_cycle_intersect_u50.jsonl --insert-threads 16 --search-threads 1 --merge-threads 16 --build-l 220 --build-r 116 --beamwidth 4 --k 10 --cpu-cap 16 --metric l2 --route prefilter --search-l 400 --data-bin experiments/v100_early_pq_10k_full_20260602T031600Z/data/phaseC_cycle02_live_data_by_tag.bin --base-label-file experiments/v100_early_pq_10k_full_20260602T031600Z/labels/base_labels_1000000.spmat --query-bin /mnt/nvme1n1/PipeANN-github/experiments/r116_suite_pq16_aris_20260520_072453/data/sift_query_1000.bin --truthset-bin experiments/v100_early_pq_10k_full_20260602T031600Z/truth/phaseC_cycle02_intersect_u50.bin --query-label-file /mnt/nvme1n1/PipeANN-github/experiments/r116_suite_pq16_aris_20260520_072453/labels/query_1000_u50.spmat --selector-type intersect --query-limit 1000,99.32,99.32,prefilter,272428,271232,400,post_hoc_retuned_fastest_feasible_recall_ge_98,pass,intersect,retrain_each_cycle_snapshot,experiments/v100_early_pq_10k_full_20260602T031600Z/indexes/phaseC_cycle02_retrain_each_cycle,ok,triggered_retrain,True,127066,1,0,replacement_ratio>=0.60,triggered,retrain_each_cycle,7.138923
graph,7.965088702,7965.088702,10.531196757,10.904129000000001,98.64,raw/phaseC_selected_route_l.jsonl,u75,750000.0,9,22,cycle02_triggered_retrain_intersect_u75,400,400,graph,0-15,16,True,phaseC_cycle02_retrain_each_cycle,2,,7.965411,0,targeted_triggered_retrain,0,1,,10000,1000,16,1000000,,938012,127066,750000.0,21209.783,0.0,7571.608,0.0,409.473,21209.783,0.0,409.473,7637.67,1677201.408,23.597,127066,measure-dynamic-search,False,7925.534,27131.0,0.0,8.247084000000001,8247.084,417.0,27131.0,0.0,417.0,7880.0,1708032.0,8559.475,phaseC,1000000,16,0,938012,125.542796,11608,282764,/mnt/nvme1n1/PipeANN-github/build_reviewed_20260602_querycache/tests/dynamic_update_suite_driver --mode measure-dynamic-search --source-prefix experiments/v100_early_pq_10k_full_20260602T031600Z/indexes/phaseC_cycle02_retrain_each_cycle --jsonl-output experiments/v100_early_pq_10k_full_20260602T031600Z/raw/calibration_phaseC_cycle02_retrain_each_cycle_intersect_u75.jsonl --insert-threads 16 --search-threads 1 --merge-threads 16 --build-l 220 --build-r 116 --beamwidth 4 --k 10 --cpu-cap 16 --metric l2 --route graph --search-l 400 --data-bin experiments/v100_early_pq_10k_full_20260602T031600Z/data/phaseC_cycle02_live_data_by_tag.bin --base-label-file experiments/v100_early_pq_10k_full_20260602T031600Z/labels/base_labels_1000000.spmat --query-bin /mnt/nvme1n1/PipeANN-github/experiments/r116_suite_pq16_aris_20260520_072453/data/sift_query_1000.bin --truthset-bin experiments/v100_early_pq_10k_full_20260602T031600Z/truth/phaseC_cycle02_intersect_u75.bin --query-label-file /mnt/nvme1n1/PipeANN-github/experiments/r116_suite_pq16_aris_20260520_072453/labels/query_1000_u75.spmat --selector-type intersect --query-limit 1000,98.44,98.44,graph,282764,271156,400,post_hoc_retuned_fastest_feasible_recall_ge_98,pass,intersect,retrain_each_cycle_snapshot,experiments/v100_early_pq_10k_full_20260602T031600Z/indexes/phaseC_cycle02_retrain_each_cycle,ok,triggered_retrain,True,127066,1,0,avg>=10ms,triggered,retrain_each_cycle,7.965411
graph,6.404658040999999,6404.658041,9.886673294,10.556961,98.06,raw/phaseC_selected_route_l.jsonl,u100,1000000.0,10,22,cycle02_triggered_retrain_intersect_u100,300,300,graph,0-15,16,True,phaseC_cycle02_retrain_each_cycle,2,,6.404977,0,targeted_triggered_retrain,0,1,,10000,1000,16,1000000,,938012,127066,1000000.0,17290.854,0.0,6072.866,0.0,310.326,17290.854,0.0,310.326,6129.706,1271095.296,18.372,127066,measure-dynamic-search,False,6266.152,21776.0,0.0,6.569342,6569.342,318.0,21776.0,0.0,318.0,6271.0,1302528.0,7042.315,phaseC,1000000,16,0,938012,156.128577,13976,285084,/mnt/nvme1n1/PipeANN-github/build_reviewed_20260602_querycache/tests/dynamic_update_suite_driver --mode measure-dynamic-search --source-prefix experiments/v100_early_pq_10k_full_20260602T031600Z/indexes/phaseC_cycle02_retrain_each_cycle --jsonl-output experiments/v100_early_pq_10k_full_20260602T031600Z/raw/calibration_phaseC_cycle02_retrain_each_cycle_intersect_u100.jsonl --insert-threads 16 --search-threads 1 --merge-threads 16 --build-l 220 --build-r 116 --beamwidth 4 --k 10 --cpu-cap 16 --metric l2 --route graph --search-l 300 --data-bin experiments/v100_early_pq_10k_full_20260602T031600Z/data/phaseC_cycle02_live_data_by_tag.bin --base-label-file experiments/v100_early_pq_10k_full_20260602T031600Z/labels/base_labels_1000000.spmat --query-bin /mnt/nvme1n1/PipeANN-github/experiments/r116_suite_pq16_aris_20260520_072453/data/sift_query_1000.bin --truthset-bin experiments/v100_early_pq_10k_full_20260602T031600Z/truth/phaseC_cycle02_intersect_u100.bin --query-label-file /mnt/nvme1n1/PipeANN-github/experiments/r116_suite_pq16_aris_20260520_072453/labels/query_1000_u100.spmat --selector-type intersect --query-limit 1000,98.15,98.15,graph,285084,271108,300,post_hoc_retuned_fastest_feasible_recall_ge_98,pass,intersect,retrain_each_cycle_snapshot,experiments/v100_early_pq_10k_full_20260602T031600Z/indexes/phaseC_cycle02_retrain_each_cycle,ok,triggered_retrain,True,127066,1,0,replacement_ratio>=0.60,triggered,retrain_each_cycle,6.404977
prefilter,7.147108636,7147.108636,7.440582417,7.656733,98.64,raw/phaseC_selected_route_l.jsonl,u50,500000.0,9,22,cycle02_triggered_retrain_range_u50,250,250,prefilter,0-15,16,True,phaseC_cycle02_retrain_each_cycle,2,,7.147454,0,targeted_triggered_retrain,0,1,,10000,0,16,1000000,,938012,127066,500000.0,0.0,0.0,0.0,0.0,250.0,500000.0,0.0,250.0,7141.069,1024000.0,613.195,127066,measure-dynamic-search,False,7114.937,0.0,0.0,7.4933890000000005,7493.389,250.0,500000.0,0.0,250.0,7484.0,1024000.0,8051.764,phaseC,1000000,16,1000,938012,139.90996,1068,272196,/mnt/nvme1n1/PipeANN-github/build_reviewed_20260602_querycache/tests/dynamic_update_suite_driver --mode measure-dynamic-search --source-prefix experiments/v100_early_pq_10k_full_20260602T031600Z/indexes/phaseC_cycle02_retrain_each_cycle --jsonl-output experiments/v100_early_pq_10k_full_20260602T031600Z/raw/calibration_phaseC_cycle02_retrain_each_cycle_range_u50.jsonl --insert-threads 16 --search-threads 1 --merge-threads 16 --build-l 220 --build-r 116 --beamwidth 4 --k 10 --cpu-cap 16 --metric l2 --route prefilter --search-l 250 --data-bin experiments/v100_early_pq_10k_full_20260602T031600Z/data/phaseC_cycle02_live_data_by_tag.bin --base-label-file experiments/v100_early_pq_10k_full_20260602T031600Z/labels/base_labels_1000000.spmat --query-bin /mnt/nvme1n1/PipeANN-github/experiments/r116_suite_pq16_aris_20260520_072453/data/sift_query_1000.bin --truthset-bin experiments/v100_early_pq_10k_full_20260602T031600Z/truth/phaseC_cycle02_range_u50.bin --query-label-file /mnt/nvme1n1/PipeANN-github/experiments/r116_suite_pq16_aris_20260520_072453/labels/query_1000_range_u50.spmat --selector-type range --query-limit 1000,98.24,98.24,prefilter,247600,271128,250,post_hoc_retuned_fastest_feasible_recall_ge_98,pass,range,retrain_each_cycle_snapshot,experiments/v100_early_pq_10k_full_20260602T031600Z/indexes/phaseC_cycle02_retrain_each_cycle,ok,triggered_retrain,True,127066,1,0,replacement_ratio>=0.60,triggered,retrain_each_cycle,7.147454
mixed,8.451665706,8451.665706,10.800013434,11.144986000000001,98.72,raw/phaseC_selected_route_l.jsonl,u75,750000.0,9,22,cycle02_triggered_retrain_range_u75,400,400,graph,0-15,16,True,phaseC_cycle02_retrain_each_cycle,2,,8.451945,0,targeted_triggered_retrain,1000,1,,10000,0,16,1000000,,938012,127066,750000.0,21211.004,0.0,7987.74,0.0,409.481,21211.004,0.0,409.481,8109.617,1677234.176,78.041,127066,measure-dynamic-search,False,8301.804,27131.0,0.0,8.676072,8676.072,417.0,27131.0,0.0,417.0,8313.0,1708032.0,9217.384,phaseC,1000000,16,0,938012,118.315958,11368,282572,/mnt/nvme1n1/PipeANN-github/build_reviewed_20260602_querycache/tests/dynamic_update_suite_driver --mode measure-dynamic-search --source-prefix experiments/v100_early_pq_10k_full_20260602T031600Z/indexes/phaseC_cycle02_retrain_each_cycle --jsonl-output experiments/v100_early_pq_10k_full_20260602T031600Z/raw/calibration_phaseC_cycle02_retrain_each_cycle_range_u75.jsonl --insert-threads 16 --search-threads 1 --merge-threads 16 --build-l 220 --build-r 116 --beamwidth 4 --k 10 --cpu-cap 16 --metric l2 --route graph --search-l 400 --data-bin experiments/v100_early_pq_10k_full_20260602T031600Z/data/phaseC_cycle02_live_data_by_tag.bin --base-label-file experiments/v100_early_pq_10k_full_20260602T031600Z/labels/base_labels_1000000.spmat --query-bin /mnt/nvme1n1/PipeANN-github/experiments/r116_suite_pq16_aris_20260520_072453/data/sift_query_1000.bin --truthset-bin experiments/v100_early_pq_10k_full_20260602T031600Z/truth/phaseC_cycle02_range_u75.bin --query-label-file /mnt/nvme1n1/PipeANN-github/experiments/r116_suite_pq16_aris_20260520_072453/labels/query_1000_range_u75.spmat --selector-type range --query-limit 1000,98.44,98.44,graph,282572,271204,400,post_hoc_retuned_fastest_feasible_recall_ge_98,pass,range,retrain_each_cycle_snapshot,experiments/v100_early_pq_10k_full_20260602T031600Z/indexes/phaseC_cycle02_retrain_each_cycle,ok,triggered_retrain,True,127066,1,0,avg>=10ms,triggered,retrain_each_cycle,8.451945
mixed,6.384073727,6384.073727,9.886068126,10.009074,98.06,raw/phaseC_selected_route_l.jsonl,u100,1000000.0,10,22,cycle02_triggered_retrain_range_u100,300,300,graph,0-15,16,True,phaseC_cycle02_retrain_each_cycle,2,,6.384317,0,targeted_triggered_retrain,1000,1,,10000,0,16,1000000,,938012,127066,1000000.0,17291.353,0.0,5933.671,0.0,310.336,17291.353,0.0,310.336,6059.176,1271136.256,80.932,127066,measure-dynamic-search,False,6282.964,21776.0,0.0,6.659131,6659.131,318.0,21776.0,0.0,318.0,6266.0,1302528.0,7307.342,phaseC,1000000,16,0,938012,156.633837,14384,287528,/mnt/nvme1n1/PipeANN-github/build_reviewed_20260602_querycache/tests/dynamic_update_suite_driver --mode measure-dynamic-search --source-prefix experiments/v100_early_pq_10k_full_20260602T031600Z/indexes/phaseC_cycle02_retrain_each_cycle --jsonl-output experiments/v100_early_pq_10k_full_20260602T031600Z/raw/calibration_phaseC_cycle02_retrain_each_cycle_range_u100.jsonl --insert-threads 16 --search-threads 1 --merge-threads 16 --build-l 220 --build-r 116 --beamwidth 4 --k 10 --cpu-cap 16 --metric l2 --route graph --search-l 300 --data-bin experiments/v100_early_pq_10k_full_20260602T031600Z/data/phaseC_cycle02_live_data_by_tag.bin --base-label-file experiments/v100_early_pq_10k_full_20260602T031600Z/labels/base_labels_1000000.spmat --query-bin /mnt/nvme1n1/PipeANN-github/experiments/r116_suite_pq16_aris_20260520_072453/data/sift_query_1000.bin --truthset-bin experiments/v100_early_pq_10k_full_20260602T031600Z/truth/phaseC_cycle02_range_u100.bin --query-label-file /mnt/nvme1n1/PipeANN-github/experiments/r116_suite_pq16_aris_20260520_072453/labels/query_1000_range_u100.spmat --selector-type range --query-limit 1000,98.15,98.15,graph,287528,273144,300,post_hoc_retuned_fastest_feasible_recall_ge_98,pass,range,retrain_each_cycle_snapshot,experiments/v100_early_pq_10k_full_20260602T031600Z/indexes/phaseC_cycle02_retrain_each_cycle,ok,triggered_retrain,True,127066,1,0,replacement_ratio>=0.60,triggered,retrain_each_cycle,6.384317
prefilter,7.305167296,7305.167296,7.660334107,7.919631000000001,98.19,raw/phaseC_selected_route_l.jsonl,u50,500000.0,4,22,cycle03_triggered_retrain_intersect_u50,400,400,prefilter,0-15,16,True,phaseC_cycle03_retrain_each_cycle,3,,7.305462,0,targeted_triggered_retrain,0,1,,10000,0,16,1000000,,1228212,123249,500000.0,0.0,0.0,0.0,0.0,400.0,500000.0,0.0,400.0,7301.106,1638400.0,558.758,123249,measure-dynamic-search,False,7290.724,0.0,0.0,7.5124759999999995,7512.476,400.0,500000.0,0.0,400.0,7508.0,1638400.0,8061.543,phaseC,1000000,16,1000,1228212,136.883877,1148,272444,/mnt/nvme1n1/PipeANN-github/build_reviewed_20260602_querycache/tests/dynamic_update_suite_driver --mode measure-dynamic-search --source-prefix experiments/v100_early_pq_10k_full_20260602T031600Z/indexes/phaseC_cycle03_retrain_each_cycle --jsonl-output experiments/v100_early_pq_10k_full_20260602T031600Z/raw/calibration_phaseC_cycle03_retrain_each_cycle_intersect_u50.jsonl --insert-threads 16 --search-threads 1 --merge-threads 16 --build-l 220 --build-r 116 --beamwidth 4 --k 10 --cpu-cap 16 --metric l2 --route prefilter --search-l 400 --data-bin experiments/v100_early_pq_10k_full_20260602T031600Z/data/phaseC_cycle03_live_data_by_tag.bin --base-label-file experiments/v100_early_pq_10k_full_20260602T031600Z/labels/base_labels_1000000.spmat --query-bin /mnt/nvme1n1/PipeANN-github/experiments/r116_suite_pq16_aris_20260520_072453/data/sift_query_1000.bin --truthset-bin experiments/v100_early_pq_10k_full_20260602T031600Z/truth/phaseC_cycle03_intersect_u50.bin --query-label-file /mnt/nvme1n1/PipeANN-github/experiments/r116_suite_pq16_aris_20260520_072453/labels/query_1000_u50.spmat --selector-type intersect --query-limit 1000,98.37,98.37,prefilter,272444,271296,400,post_hoc_retuned_fastest_feasible_recall_ge_98,pass,intersect,retrain_each_cycle_snapshot,experiments/v100_early_pq_10k_full_20260602T031600Z/indexes/phaseC_cycle03_retrain_each_cycle,ok,triggered_retrain,True,123249,1,0,replacement_ratio>=0.60,triggered,retrain_each_cycle,7.305462
graph,9.236334451000001,9236.334451,10.604368463999998,10.944434,98.0,raw/phaseC_selected_route_l.jsonl,u75,750000.0,7,22,cycle03_triggered_retrain_intersect_u75,450,450,graph,0-15,16,True,phaseC_cycle03_retrain_each_cycle,3,,9.236658,0,targeted_triggered_retrain,0,1,,10000,1000,16,1000000,,1228212,123249,750000.0,22311.185,0.0,8829.723,0.0,459.262,22311.185,0.0,459.262,8901.605,1881137.152,24.777,123249,measure-dynamic-search,False,9181.121,28984.0,0.0,9.497236999999998,9497.237,465.0,28984.0,0.0,465.0,9121.0,1904640.0,9892.461,phaseC,1000000,16,0,1228212,108.264265,14104,285440,/mnt/nvme1n1/PipeANN-github/build_reviewed_20260602_querycache/tests/dynamic_update_suite_driver --mode measure-dynamic-search --source-prefix experiments/v100_early_pq_10k_full_20260602T031600Z/indexes/phaseC_cycle03_retrain_each_cycle --jsonl-output experiments/v100_early_pq_10k_full_20260602T031600Z/raw/calibration_phaseC_cycle03_retrain_each_cycle_intersect_u75.jsonl --insert-threads 16 --search-threads 1 --merge-threads 16 --build-l 220 --build-r 116 --beamwidth 4 --k 10 --cpu-cap 16 --metric l2 --route graph --search-l 450 --data-bin experiments/v100_early_pq_10k_full_20260602T031600Z/data/phaseC_cycle03_live_data_by_tag.bin --base-label-file experiments/v100_early_pq_10k_full_20260602T031600Z/labels/base_labels_1000000.spmat --query-bin /mnt/nvme1n1/PipeANN-github/experiments/r116_suite_pq16_aris_20260520_072453/data/sift_query_1000.bin --truthset-bin experiments/v100_early_pq_10k_full_20260602T031600Z/truth/phaseC_cycle03_intersect_u75.bin --query-label-file /mnt/nvme1n1/PipeANN-github/experiments/r116_suite_pq16_aris_20260520_072453/labels/query_1000_u75.spmat --selector-type intersect --query-limit 1000,98.1,98.1,graph,285440,271336,450,post_hoc_retuned_fastest_feasible_recall_ge_98,pass,intersect,retrain_each_cycle_snapshot,experiments/v100_early_pq_10k_full_20260602T031600Z/indexes/phaseC_cycle03_retrain_each_cycle,ok,triggered_retrain,True,123249,1,0,avg>=10ms,triggered,retrain_each_cycle,9.236658
graph,8.264237006,8264.237006,13.58434499,14.014262,98.09,raw/phaseC_selected_route_l.jsonl,u100,1000000.0,8,22,cycle03_triggered_retrain_intersect_u100,400,400,graph,0-15,16,True,phaseC_cycle03_retrain_each_cycle,3,,8.264536,0,targeted_triggered_retrain,0,1,,10000,1000,16,1000000,,1228212,123249,1000000.0,20557.484,0.0,7869.755,0.0,409.644,20557.484,0.0,409.644,7945.985,1677901.824,25.362,123249,measure-dynamic-search,False,8205.648,26518.0,0.0,8.519478,8519.478,415.0,26518.0,0.0,415.0,8165.0,1699840.0,9081.587,phaseC,1000000,16,0,1228212,120.998933,12508,285936,/mnt/nvme1n1/PipeANN-github/build_reviewed_20260602_querycache/tests/dynamic_update_suite_driver --mode measure-dynamic-search --source-prefix experiments/v100_early_pq_10k_full_20260602T031600Z/indexes/phaseC_cycle03_retrain_each_cycle --jsonl-output experiments/v100_early_pq_10k_full_20260602T031600Z/raw/calibration_phaseC_cycle03_retrain_each_cycle_intersect_u100.jsonl --insert-threads 16 --search-threads 1 --merge-threads 16 --build-l 220 --build-r 116 --beamwidth 4 --k 10 --cpu-cap 16 --metric l2 --route graph --search-l 400 --data-bin experiments/v100_early_pq_10k_full_20260602T031600Z/data/phaseC_cycle03_live_data_by_tag.bin --base-label-file experiments/v100_early_pq_10k_full_20260602T031600Z/labels/base_labels_1000000.spmat --query-bin /mnt/nvme1n1/PipeANN-github/experiments/r116_suite_pq16_aris_20260520_072453/data/sift_query_1000.bin --truthset-bin experiments/v100_early_pq_10k_full_20260602T031600Z/truth/phaseC_cycle03_intersect_u100.bin --query-label-file /mnt/nvme1n1/PipeANN-github/experiments/r116_suite_pq16_aris_20260520_072453/labels/query_1000_u100.spmat --selector-type intersect --query-limit 1000,98.17,98.17,graph,285936,273428,400,post_hoc_retuned_fastest_feasible_recall_ge_98,pass,intersect,retrain_each_cycle_snapshot,experiments/v100_early_pq_10k_full_20260602T031600Z/indexes/phaseC_cycle03_retrain_each_cycle,ok,triggered_retrain,True,123249,1,0,avg>=10ms,triggered,retrain_each_cycle,8.264536
prefilter,7.338325148,7338.325148,7.715221631,7.899974,98.19,raw/phaseC_selected_route_l.jsonl,u50,500000.0,4,22,cycle03_triggered_retrain_range_u50,400,400,prefilter,0-15,16,True,phaseC_cycle03_retrain_each_cycle,3,,7.338716,0,targeted_triggered_retrain,0,1,,10000,0,16,1000000,,1228212,123249,500000.0,0.0,0.0,0.0,0.0,400.0,500000.0,0.0,400.0,7332.495,1638400.0,609.138,123249,measure-dynamic-search,False,7331.535,0.0,0.0,7.509184,7509.184,400.0,500000.0,0.0,400.0,7505.0,1638400.0,7727.761,phaseC,1000000,16,1000,1228212,136.263611,1008,272340,/mnt/nvme1n1/PipeANN-github/build_reviewed_20260602_querycache/tests/dynamic_update_suite_driver --mode measure-dynamic-search --source-prefix experiments/v100_early_pq_10k_full_20260602T031600Z/indexes/phaseC_cycle03_retrain_each_cycle --jsonl-output experiments/v100_early_pq_10k_full_20260602T031600Z/raw/calibration_phaseC_cycle03_retrain_each_cycle_range_u50.jsonl --insert-threads 16 --search-threads 1 --merge-threads 16 --build-l 220 --build-r 116 --beamwidth 4 --k 10 --cpu-cap 16 --metric l2 --route prefilter --search-l 400 --data-bin experiments/v100_early_pq_10k_full_20260602T031600Z/data/phaseC_cycle03_live_data_by_tag.bin --base-label-file experiments/v100_early_pq_10k_full_20260602T031600Z/labels/base_labels_1000000.spmat --query-bin /mnt/nvme1n1/PipeANN-github/experiments/r116_suite_pq16_aris_20260520_072453/data/sift_query_1000.bin --truthset-bin experiments/v100_early_pq_10k_full_20260602T031600Z/truth/phaseC_cycle03_range_u50.bin --query-label-file /mnt/nvme1n1/PipeANN-github/experiments/r116_suite_pq16_aris_20260520_072453/labels/query_1000_range_u50.spmat --selector-type range --query-limit 1000,98.37,98.37,prefilter,247872,271332,400,post_hoc_retuned_fastest_feasible_recall_ge_98,pass,range,retrain_each_cycle_snapshot,experiments/v100_early_pq_10k_full_20260602T031600Z/indexes/phaseC_cycle03_retrain_each_cycle,ok,triggered_retrain,True,123249,1,0,replacement_ratio>=0.60,triggered,retrain_each_cycle,7.338716
mixed,9.177440117,9177.440117,10.667494176,10.983238,98.23,raw/phaseC_selected_route_l.jsonl,u75,750000.0,7,22,cycle03_triggered_retrain_range_u75,450,450,graph,0-15,16,True,phaseC_cycle03_retrain_each_cycle,3,,9.177701,0,targeted_triggered_retrain,1000,1,,10000,0,16,1000000,,1228212,123249,750000.0,22309.879,0.0,8738.78,0.0,459.244,22309.879,0.0,459.244,8858.598,1881063.424,73.721,123249,measure-dynamic-search,False,9106.535,28984.0,0.0,9.393771000000001,9393.771,465.0,28984.0,0.0,465.0,9010.0,1904640.0,9782.76,phaseC,1000000,16,0,1228212,108.959746,14340,287512,/mnt/nvme1n1/PipeANN-github/build_reviewed_20260602_querycache/tests/dynamic_update_suite_driver --mode measure-dynamic-search --source-prefix experiments/v100_early_pq_10k_full_20260602T031600Z/indexes/phaseC_cycle03_retrain_each_cycle --jsonl-output experiments/v100_early_pq_10k_full_20260602T031600Z/raw/calibration_phaseC_cycle03_retrain_each_cycle_range_u75.jsonl --insert-threads 16 --search-threads 1 --merge-threads 16 --build-l 220 --build-r 116 --beamwidth 4 --k 10 --cpu-cap 16 --metric l2 --route graph --search-l 450 --data-bin experiments/v100_early_pq_10k_full_20260602T031600Z/data/phaseC_cycle03_live_data_by_tag.bin --base-label-file experiments/v100_early_pq_10k_full_20260602T031600Z/labels/base_labels_1000000.spmat --query-bin /mnt/nvme1n1/PipeANN-github/experiments/r116_suite_pq16_aris_20260520_072453/data/sift_query_1000.bin --truthset-bin experiments/v100_early_pq_10k_full_20260602T031600Z/truth/phaseC_cycle03_range_u75.bin --query-label-file /mnt/nvme1n1/PipeANN-github/experiments/r116_suite_pq16_aris_20260520_072453/labels/query_1000_range_u75.spmat --selector-type range --query-limit 1000,98.1,98.1,graph,287512,273172,450,post_hoc_retuned_fastest_feasible_recall_ge_98,pass,range,retrain_each_cycle_snapshot,experiments/v100_early_pq_10k_full_20260602T031600Z/indexes/phaseC_cycle03_retrain_each_cycle,ok,triggered_retrain,True,123249,1,0,avg>=10ms,triggered,retrain_each_cycle,9.177701
mixed,8.313764534,8313.764534,13.616331015,14.003057,98.09,raw/phaseC_selected_route_l.jsonl,u100,1000000.0,8,22,cycle03_triggered_retrain_range_u100,400,400,graph,0-15,16,True,phaseC_cycle03_retrain_each_cycle,3,,8.314029,0,targeted_triggered_retrain,1000,1,,10000,0,16,1000000,,1228212,123249,1000000.0,20558.17,0.0,7864.566,0.0,409.647,20558.17,0.0,409.647,7996.256,1677914.112,80.665,123249,measure-dynamic-search,False,8264.318,26518.0,0.0,8.576129000000002,8576.129,415.0,26518.0,0.0,415.0,8176.0,1699840.0,8997.136,phaseC,1000000,16,0,1228212,120.278625,12392,283660,/mnt/nvme1n1/PipeANN-github/build_reviewed_20260602_querycache/tests/dynamic_update_suite_driver --mode measure-dynamic-search --source-prefix experiments/v100_early_pq_10k_full_20260602T031600Z/indexes/phaseC_cycle03_retrain_each_cycle --jsonl-output experiments/v100_early_pq_10k_full_20260602T031600Z/raw/calibration_phaseC_cycle03_retrain_each_cycle_range_u100.jsonl --insert-threads 16 --search-threads 1 --merge-threads 16 --build-l 220 --build-r 116 --beamwidth 4 --k 10 --cpu-cap 16 --metric l2 --route graph --search-l 400 --data-bin experiments/v100_early_pq_10k_full_20260602T031600Z/data/phaseC_cycle03_live_data_by_tag.bin --base-label-file experiments/v100_early_pq_10k_full_20260602T031600Z/labels/base_labels_1000000.spmat --query-bin /mnt/nvme1n1/PipeANN-github/experiments/r116_suite_pq16_aris_20260520_072453/data/sift_query_1000.bin --truthset-bin experiments/v100_early_pq_10k_full_20260602T031600Z/truth/phaseC_cycle03_range_u100.bin --query-label-file /mnt/nvme1n1/PipeANN-github/experiments/r116_suite_pq16_aris_20260520_072453/labels/query_1000_range_u100.spmat --selector-type range --query-limit 1000,98.17,98.17,graph,283660,271268,400,post_hoc_retuned_fastest_feasible_recall_ge_98,pass,range,retrain_each_cycle_snapshot,experiments/v100_early_pq_10k_full_20260602T031600Z/indexes/phaseC_cycle03_retrain_each_cycle,ok,triggered_retrain,True,123249,1,0,avg>=10ms,triggered,retrain_each_cycle,8.314029
prefilter,7.053652799,7053.652799,,,,,u50,500000.0,9,22,cycle01_triggered_retrain_chain_intersect_u50,250,250,prefilter,0-15,16,True,chain_cycle01_triggered_retrain,1,,7.053966,0,chain_triggered_retrain,0,1,,10000,0,16,1000000,/mnt/nvme1n1/PipeANN-github/experiments/v100_early_pq_triggered_chain_1m_20260602T142517Z/indexes/chain_cycle01_triggered_retrain,695604,124175,500000.0,0.0,0.0,0.0,0.0,250.0,500000.0,0.0,250.0,7049.53,1024000.0,564.805,124175,measure-dynamic-search,False,7007.107,0.0,0.0,7.332674,7332.674,250.0,500000.0,0.0,250.0,7330.0,1024000.0,8005.228,chain,1000000,16,1000,695604,141.764229,1052,274316,/mnt/nvme1n1/PipeANN-github/build_reviewed_20260602_querycache/tests/dynamic_update_suite_driver --mode measure-dynamic-search --source-prefix /mnt/nvme1n1/PipeANN-github/experiments/v100_early_pq_triggered_chain_1m_20260602T142517Z/indexes/chain_cycle01_triggered_retrain --jsonl-output /mnt/nvme1n1/PipeANN-github/experiments/v100_early_pq_triggered_chain_1m_20260602T142517Z/raw/calibration_chain_cycle01_triggered_retrain_intersect_u50.jsonl --insert-threads 16 --search-threads 1 --merge-threads 16 --build-l 220 --build-r 116 --beamwidth 4 --k 10 --cpu-cap 16 --metric l2 --route prefilter --search-l 250 --data-bin /mnt/nvme1n1/PipeANN-github/experiments/v100_early_pq_triggered_chain_1m_20260602T142517Z/data/chain_cycle01_live_data_by_tag.bin --base-label-file /mnt/nvme1n1/PipeANN-github/experiments/v100_early_pq_10k_full_20260602T031600Z/labels/base_labels_1000000.spmat --query-bin /mnt/nvme1n1/PipeANN-github/experiments/r116_suite_pq16_aris_20260520_072453/data/sift_query_1000.bin --truthset-bin /mnt/nvme1n1/PipeANN-github/experiments/v100_early_pq_triggered_chain_1m_20260602T142517Z/truth/chain_cycle01_triggered_retrain_intersect_u50.bin --query-label-file /mnt/nvme1n1/PipeANN-github/experiments/r116_suite_pq16_aris_20260520_072453/labels/query_1000_u50.spmat --selector-type intersect --query-limit 1000,98.01,98.01,prefilter,274316,273264,250,post_hoc_retuned_fastest_feasible_recall_ge_98,pass,intersect,actual_triggered_chain_snapshot,/mnt/nvme1n1/PipeANN-github/experiments/v100_early_pq_triggered_chain_1m_20260602T142517Z/indexes/chain_cycle01_triggered_retrain,ok,triggered_retrain_chain,True,124175,1,0,always_after_initial_1m_and_each_60pct_replacement,triggered,triggered_retrain_chain,7.053966
graph,8.302281693000001,8302.281693,,,,,u75,750000.0,9,22,cycle01_triggered_retrain_chain_intersect_u75,400,400,graph,0-15,16,True,chain_cycle01_triggered_retrain,1,,8.302545,0,chain_triggered_retrain,0,1,,10000,1000,16,1000000,/mnt/nvme1n1/PipeANN-github/experiments/v100_early_pq_triggered_chain_1m_20260602T142517Z/indexes/chain_cycle01_triggered_retrain,695604,124175,750000.0,21008.108,0.0,7916.607,0.0,409.032,21008.108,0.0,409.032,7977.014,1675395.072,19.302,124175,measure-dynamic-search,False,8225.886,26910.0,0.0,8.52625,8526.25,414.0,26910.0,0.0,414.0,8123.0,1695744.0,8989.809,chain,1000000,16,0,695604,120.44499,11984,283260,/mnt/nvme1n1/PipeANN-github/build_reviewed_20260602_querycache/tests/dynamic_update_suite_driver --mode measure-dynamic-search --source-prefix /mnt/nvme1n1/PipeANN-github/experiments/v100_early_pq_triggered_chain_1m_20260602T142517Z/indexes/chain_cycle01_triggered_retrain --jsonl-output /mnt/nvme1n1/PipeANN-github/experiments/v100_early_pq_triggered_chain_1m_20260602T142517Z/raw/calibration_chain_cycle01_triggered_retrain_intersect_u75.jsonl --insert-threads 16 --search-threads 1 --merge-threads 16 --build-l 220 --build-r 116 --beamwidth 4 --k 10 --cpu-cap 16 --metric l2 --route graph --search-l 400 --data-bin /mnt/nvme1n1/PipeANN-github/experiments/v100_early_pq_triggered_chain_1m_20260602T142517Z/data/chain_cycle01_live_data_by_tag.bin --base-label-file /mnt/nvme1n1/PipeANN-github/experiments/v100_early_pq_10k_full_20260602T031600Z/labels/base_labels_1000000.spmat --query-bin /mnt/nvme1n1/PipeANN-github/experiments/r116_suite_pq16_aris_20260520_072453/data/sift_query_1000.bin --truthset-bin /mnt/nvme1n1/PipeANN-github/experiments/v100_early_pq_triggered_chain_1m_20260602T142517Z/truth/chain_cycle01_triggered_retrain_intersect_u75.bin --query-label-file /mnt/nvme1n1/PipeANN-github/experiments/r116_suite_pq16_aris_20260520_072453/labels/query_1000_u75.spmat --selector-type intersect --query-limit 1000,98.55,98.55,graph,283260,271276,400,post_hoc_retuned_fastest_feasible_recall_ge_98,pass,intersect,actual_triggered_chain_snapshot,/mnt/nvme1n1/PipeANN-github/experiments/v100_early_pq_triggered_chain_1m_20260602T142517Z/indexes/chain_cycle01_triggered_retrain,ok,triggered_retrain_chain,True,124175,1,0,always_after_initial_1m_and_each_60pct_replacement,triggered,triggered_retrain_chain,8.302545
graph,6.4416900340000005,6441.690034,,,,,u100,1000000.0,10,22,cycle01_triggered_retrain_chain_intersect_u100,300,300,graph,0-15,16,True,chain_cycle01_triggered_retrain,1,,6.441949,0,chain_triggered_retrain,0,1,,10000,1000,16,1000000,/mnt/nvme1n1/PipeANN-github/experiments/v100_early_pq_triggered_chain_1m_20260602T142517Z/indexes/chain_cycle01_triggered_retrain,695604,124175,1000000.0,17112.077,0.0,6100.649,0.0,309.812,17112.077,0.0,309.812,6158.89,1268989.952,18.852,124175,measure-dynamic-search,False,6277.32,21679.0,0.0,6.567439,6567.439,315.0,21679.0,0.0,315.0,6242.0,1290240.0,6969.367,chain,1000000,16,0,695604,155.232535,12944,284084,/mnt/nvme1n1/PipeANN-github/build_reviewed_20260602_querycache/tests/dynamic_update_suite_driver --mode measure-dynamic-search --source-prefix /mnt/nvme1n1/PipeANN-github/experiments/v100_early_pq_triggered_chain_1m_20260602T142517Z/indexes/chain_cycle01_triggered_retrain --jsonl-output /mnt/nvme1n1/PipeANN-github/experiments/v100_early_pq_triggered_chain_1m_20260602T142517Z/raw/calibration_chain_cycle01_triggered_retrain_intersect_u100.jsonl --insert-threads 16 --search-threads 1 --merge-threads 16 --build-l 220 --build-r 116 --beamwidth 4 --k 10 --cpu-cap 16 --metric l2 --route graph --search-l 300 --data-bin /mnt/nvme1n1/PipeANN-github/experiments/v100_early_pq_triggered_chain_1m_20260602T142517Z/data/chain_cycle01_live_data_by_tag.bin --base-label-file /mnt/nvme1n1/PipeANN-github/experiments/v100_early_pq_10k_full_20260602T031600Z/labels/base_labels_1000000.spmat --query-bin /mnt/nvme1n1/PipeANN-github/experiments/r116_suite_pq16_aris_20260520_072453/data/sift_query_1000.bin --truthset-bin /mnt/nvme1n1/PipeANN-github/experiments/v100_early_pq_triggered_chain_1m_20260602T142517Z/truth/chain_cycle01_triggered_retrain_intersect_u100.bin --query-label-file /mnt/nvme1n1/PipeANN-github/experiments/r116_suite_pq16_aris_20260520_072453/labels/query_1000_u100.spmat --selector-type intersect --query-limit 1000,98.07,98.07,graph,284084,271140,300,post_hoc_retuned_fastest_feasible_recall_ge_98,pass,intersect,actual_triggered_chain_snapshot,/mnt/nvme1n1/PipeANN-github/experiments/v100_early_pq_triggered_chain_1m_20260602T142517Z/indexes/chain_cycle01_triggered_retrain,ok,triggered_retrain_chain,True,124175,1,0,always_after_initial_1m_and_each_60pct_replacement,triggered,triggered_retrain_chain,6.441949
prefilter,7.10906051,7109.06051,,,,,u50,500000.0,9,22,cycle01_triggered_retrain_chain_range_u50,250,250,prefilter,0-15,16,True,chain_cycle01_triggered_retrain,1,,7.109402,0,chain_triggered_retrain,0,1,,10000,0,16,1000000,/mnt/nvme1n1/PipeANN-github/experiments/v100_early_pq_triggered_chain_1m_20260602T142517Z/indexes/chain_cycle01_triggered_retrain,695604,124175,500000.0,0.0,0.0,0.0,0.0,250.0,500000.0,0.0,250.0,7103.476,1024000.0,611.244,124175,measure-dynamic-search,False,7079.002,0.0,0.0,7.363102,7363.102,250.0,500000.0,0.0,250.0,7357.0,1024000.0,7788.436,chain,1000000,16,1000,695604,140.658811,988,272224,/mnt/nvme1n1/PipeANN-github/build_reviewed_20260602_querycache/tests/dynamic_update_suite_driver --mode measure-dynamic-search --source-prefix /mnt/nvme1n1/PipeANN-github/experiments/v100_early_pq_triggered_chain_1m_20260602T142517Z/indexes/chain_cycle01_triggered_retrain --jsonl-output /mnt/nvme1n1/PipeANN-github/experiments/v100_early_pq_triggered_chain_1m_20260602T142517Z/raw/calibration_chain_cycle01_triggered_retrain_range_u50.jsonl --insert-threads 16 --search-threads 1 --merge-threads 16 --build-l 220 --build-r 116 --beamwidth 4 --k 10 --cpu-cap 16 --metric l2 --route prefilter --search-l 250 --data-bin /mnt/nvme1n1/PipeANN-github/experiments/v100_early_pq_triggered_chain_1m_20260602T142517Z/data/chain_cycle01_live_data_by_tag.bin --base-label-file /mnt/nvme1n1/PipeANN-github/experiments/v100_early_pq_10k_full_20260602T031600Z/labels/base_labels_1000000.spmat --query-bin /mnt/nvme1n1/PipeANN-github/experiments/r116_suite_pq16_aris_20260520_072453/data/sift_query_1000.bin --truthset-bin /mnt/nvme1n1/PipeANN-github/experiments/v100_early_pq_triggered_chain_1m_20260602T142517Z/truth/chain_cycle01_triggered_retrain_range_u50.bin --query-label-file /mnt/nvme1n1/PipeANN-github/experiments/r116_suite_pq16_aris_20260520_072453/labels/query_1000_range_u50.spmat --selector-type range --query-limit 1000,98.01,98.01,prefilter,247752,271236,250,post_hoc_retuned_fastest_feasible_recall_ge_98,pass,range,actual_triggered_chain_snapshot,/mnt/nvme1n1/PipeANN-github/experiments/v100_early_pq_triggered_chain_1m_20260602T142517Z/indexes/chain_cycle01_triggered_retrain,ok,triggered_retrain_chain,True,124175,1,0,always_after_initial_1m_and_each_60pct_replacement,triggered,triggered_retrain_chain,7.109402
mixed,8.372769011,8372.769011,,,,,u75,750000.0,9,22,cycle01_triggered_retrain_chain_range_u75,400,400,graph,0-15,16,True,chain_cycle01_triggered_retrain,1,,8.373219,0,chain_triggered_retrain,1000,1,,10000,0,16,1000000,/mnt/nvme1n1/PipeANN-github/experiments/v100_early_pq_triggered_chain_1m_20260602T142517Z/indexes/chain_cycle01_triggered_retrain,695604,124175,750000.0,21008.569,0.0,7937.479,0.0,409.04,21008.569,0.0,409.04,8044.258,1675427.84,66.28,124175,measure-dynamic-search,False,8270.114,26910.0,0.0,8.780539000000001,8780.539,414.0,26910.0,0.0,414.0,8408.0,1695744.0,9811.671,chain,1000000,16,0,695604,119.428377,12072,283404,/mnt/nvme1n1/PipeANN-github/build_reviewed_20260602_querycache/tests/dynamic_update_suite_driver --mode measure-dynamic-search --source-prefix /mnt/nvme1n1/PipeANN-github/experiments/v100_early_pq_triggered_chain_1m_20260602T142517Z/indexes/chain_cycle01_triggered_retrain --jsonl-output /mnt/nvme1n1/PipeANN-github/experiments/v100_early_pq_triggered_chain_1m_20260602T142517Z/raw/calibration_chain_cycle01_triggered_retrain_range_u75.jsonl --insert-threads 16 --search-threads 1 --merge-threads 16 --build-l 220 --build-r 116 --beamwidth 4 --k 10 --cpu-cap 16 --metric l2 --route graph --search-l 400 --data-bin /mnt/nvme1n1/PipeANN-github/experiments/v100_early_pq_triggered_chain_1m_20260602T142517Z/data/chain_cycle01_live_data_by_tag.bin --base-label-file /mnt/nvme1n1/PipeANN-github/experiments/v100_early_pq_10k_full_20260602T031600Z/labels/base_labels_1000000.spmat --query-bin /mnt/nvme1n1/PipeANN-github/experiments/r116_suite_pq16_aris_20260520_072453/data/sift_query_1000.bin --truthset-bin /mnt/nvme1n1/PipeANN-github/experiments/v100_early_pq_triggered_chain_1m_20260602T142517Z/truth/chain_cycle01_triggered_retrain_range_u75.bin --query-label-file /mnt/nvme1n1/PipeANN-github/experiments/r116_suite_pq16_aris_20260520_072453/labels/query_1000_range_u75.spmat --selector-type range --query-limit 1000,98.55,98.55,graph,283404,271332,400,post_hoc_retuned_fastest_feasible_recall_ge_98,pass,range,actual_triggered_chain_snapshot,/mnt/nvme1n1/PipeANN-github/experiments/v100_early_pq_triggered_chain_1m_20260602T142517Z/indexes/chain_cycle01_triggered_retrain,ok,triggered_retrain_chain,True,124175,1,0,always_after_initial_1m_and_each_60pct_replacement,triggered,triggered_retrain_chain,8.373219
mixed,6.338615152,6338.615152,,,,,u100,1000000.0,10,22,cycle01_triggered_retrain_chain_range_u100,300,300,graph,0-15,16,True,chain_cycle01_triggered_retrain,1,,6.338861,0,chain_triggered_retrain,1000,1,,10000,0,16,1000000,/mnt/nvme1n1/PipeANN-github/experiments/v100_early_pq_triggered_chain_1m_20260602T142517Z/indexes/chain_cycle01_triggered_retrain,695604,124175,1000000.0,17112.642,0.0,5952.399,0.0,309.82,17112.642,0.0,309.82,6062.857,1269022.72,71.736,124175,measure-dynamic-search,False,6300.315,21679.0,0.0,6.5865100000000005,6586.51,315.0,21679.0,0.0,315.0,6294.0,1290240.0,7013.099,chain,1000000,16,0,695604,157.757043,12896,284252,/mnt/nvme1n1/PipeANN-github/build_reviewed_20260602_querycache/tests/dynamic_update_suite_driver --mode measure-dynamic-search --source-prefix /mnt/nvme1n1/PipeANN-github/experiments/v100_early_pq_triggered_chain_1m_20260602T142517Z/indexes/chain_cycle01_triggered_retrain --jsonl-output /mnt/nvme1n1/PipeANN-github/experiments/v100_early_pq_triggered_chain_1m_20260602T142517Z/raw/calibration_chain_cycle01_triggered_retrain_range_u100.jsonl --insert-threads 16 --search-threads 1 --merge-threads 16 --build-l 220 --build-r 116 --beamwidth 4 --k 10 --cpu-cap 16 --metric l2 --route graph --search-l 300 --data-bin /mnt/nvme1n1/PipeANN-github/experiments/v100_early_pq_triggered_chain_1m_20260602T142517Z/data/chain_cycle01_live_data_by_tag.bin --base-label-file /mnt/nvme1n1/PipeANN-github/experiments/v100_early_pq_10k_full_20260602T031600Z/labels/base_labels_1000000.spmat --query-bin /mnt/nvme1n1/PipeANN-github/experiments/r116_suite_pq16_aris_20260520_072453/data/sift_query_1000.bin --truthset-bin /mnt/nvme1n1/PipeANN-github/experiments/v100_early_pq_triggered_chain_1m_20260602T142517Z/truth/chain_cycle01_triggered_retrain_range_u100.bin --query-label-file /mnt/nvme1n1/PipeANN-github/experiments/r116_suite_pq16_aris_20260520_072453/labels/query_1000_range_u100.spmat --selector-type range --query-limit 1000,98.07,98.07,graph,284252,271356,300,post_hoc_retuned_fastest_feasible_recall_ge_98,pass,range,actual_triggered_chain_snapshot,/mnt/nvme1n1/PipeANN-github/experiments/v100_early_pq_triggered_chain_1m_20260602T142517Z/indexes/chain_cycle01_triggered_retrain,ok,triggered_retrain_chain,True,124175,1,0,always_after_initial_1m_and_each_60pct_replacement,triggered,triggered_retrain_chain,6.338861
prefilter,6.987360888,6987.360888,,,,,u50,500000.0,9,22,cycle02_triggered_retrain_chain_intersect_u50,250,250,prefilter,0-15,16,True,chain_cycle02_triggered_retrain,2,,6.987663,0,chain_triggered_retrain,0,1,,10000,0,16,1000000,/mnt/nvme1n1/PipeANN-github/experiments/v100_early_pq_triggered_chain_1m_20260602T142517Z/indexes/chain_cycle02_triggered_retrain,1064196,115392,500000.0,0.0,0.0,0.0,0.0,250.0,500000.0,0.0,250.0,6983.193,1024000.0,558.337,115392,measure-dynamic-search,False,6963.853,0.0,0.0,7.150656,7150.656,250.0,500000.0,0.0,250.0,7147.0,1024000.0,7512.282,chain,1000000,16,1000,1064196,143.109363,1180,272380,/mnt/nvme1n1/PipeANN-github/build_reviewed_20260602_querycache/tests/dynamic_update_suite_driver --mode measure-dynamic-search --source-prefix /mnt/nvme1n1/PipeANN-github/experiments/v100_early_pq_triggered_chain_1m_20260602T142517Z/indexes/chain_cycle02_triggered_retrain --jsonl-output /mnt/nvme1n1/PipeANN-github/experiments/v100_early_pq_triggered_chain_1m_20260602T142517Z/raw/calibration_chain_cycle02_triggered_retrain_intersect_u50.jsonl --insert-threads 16 --search-threads 1 --merge-threads 16 --build-l 220 --build-r 116 --beamwidth 4 --k 10 --cpu-cap 16 --metric l2 --route prefilter --search-l 250 --data-bin /mnt/nvme1n1/PipeANN-github/experiments/v100_early_pq_triggered_chain_1m_20260602T142517Z/data/chain_cycle02_live_data_by_tag.bin --base-label-file /mnt/nvme1n1/PipeANN-github/experiments/v100_early_pq_10k_full_20260602T031600Z/labels/base_labels_1000000.spmat --query-bin /mnt/nvme1n1/PipeANN-github/experiments/r116_suite_pq16_aris_20260520_072453/data/sift_query_1000.bin --truthset-bin /mnt/nvme1n1/PipeANN-github/experiments/v100_early_pq_triggered_chain_1m_20260602T142517Z/truth/chain_cycle02_triggered_retrain_intersect_u50.bin --query-label-file /mnt/nvme1n1/PipeANN-github/experiments/r116_suite_pq16_aris_20260520_072453/labels/query_1000_u50.spmat --selector-type intersect --query-limit 1000,98.17,98.17,prefilter,272380,271200,250,post_hoc_retuned_fastest_feasible_recall_ge_98,pass,intersect,actual_triggered_chain_snapshot,/mnt/nvme1n1/PipeANN-github/experiments/v100_early_pq_triggered_chain_1m_20260602T142517Z/indexes/chain_cycle02_triggered_retrain,ok,triggered_retrain_chain,True,115392,1,0,always_after_initial_1m_and_each_60pct_replacement,triggered,triggered_retrain_chain,6.987663
graph,8.367317274000001,8367.317274,,,,,u75,750000.0,9,22,cycle02_triggered_retrain_chain_intersect_u75,400,400,graph,0-15,16,True,chain_cycle02_triggered_retrain,2,,8.367575,0,chain_triggered_retrain,0,1,,10000,1000,16,1000000,/mnt/nvme1n1/PipeANN-github/experiments/v100_early_pq_triggered_chain_1m_20260602T142517Z/indexes/chain_cycle02_triggered_retrain,1064196,115392,750000.0,21233.251,0.0,7980.661,0.0,408.956,21233.251,0.0,408.956,8044.625,1675083.776,22.102,115392,measure-dynamic-search,False,8315.397,27009.0,0.0,8.674597,8674.597,417.0,27009.0,0.0,417.0,8281.0,1708032.0,8964.109,chain,1000000,16,0,1064196,119.50894,11600,282808,/mnt/nvme1n1/PipeANN-github/build_reviewed_20260602_querycache/tests/dynamic_update_suite_driver --mode measure-dynamic-search --source-prefix /mnt/nvme1n1/PipeANN-github/experiments/v100_early_pq_triggered_chain_1m_20260602T142517Z/indexes/chain_cycle02_triggered_retrain --jsonl-output /mnt/nvme1n1/PipeANN-github/experiments/v100_early_pq_triggered_chain_1m_20260602T142517Z/raw/calibration_chain_cycle02_triggered_retrain_intersect_u75.jsonl --insert-threads 16 --search-threads 1 --merge-threads 16 --build-l 220 --build-r 116 --beamwidth 4 --k 10 --cpu-cap 16 --metric l2 --route graph --search-l 400 --data-bin /mnt/nvme1n1/PipeANN-github/experiments/v100_early_pq_triggered_chain_1m_20260602T142517Z/data/chain_cycle02_live_data_by_tag.bin --base-label-file /mnt/nvme1n1/PipeANN-github/experiments/v100_early_pq_10k_full_20260602T031600Z/labels/base_labels_1000000.spmat --query-bin /mnt/nvme1n1/PipeANN-github/experiments/r116_suite_pq16_aris_20260520_072453/data/sift_query_1000.bin --truthset-bin /mnt/nvme1n1/PipeANN-github/experiments/v100_early_pq_triggered_chain_1m_20260602T142517Z/truth/chain_cycle02_triggered_retrain_intersect_u75.bin --query-label-file /mnt/nvme1n1/PipeANN-github/experiments/r116_suite_pq16_aris_20260520_072453/labels/query_1000_u75.spmat --selector-type intersect --query-limit 1000,98.37,98.37,graph,282808,271208,400,post_hoc_retuned_fastest_feasible_recall_ge_98,pass,intersect,actual_triggered_chain_snapshot,/mnt/nvme1n1/PipeANN-github/experiments/v100_early_pq_triggered_chain_1m_20260602T142517Z/indexes/chain_cycle02_triggered_retrain,ok,triggered_retrain_chain,True,115392,1,0,always_after_initial_1m_and_each_60pct_replacement,triggered,triggered_retrain_chain,8.367575
graph,6.699522661,6699.522661,,,,,u100,1000000.0,10,22,cycle02_triggered_retrain_chain_intersect_u100,300,300,graph,0-15,16,True,chain_cycle02_triggered_retrain,2,,6.699801,0,chain_triggered_retrain,0,1,,10000,1000,16,1000000,/mnt/nvme1n1/PipeANN-github/experiments/v100_early_pq_triggered_chain_1m_20260602T142517Z/indexes/chain_cycle02_triggered_retrain,1064196,115392,1000000.0,17287.604,0.0,6367.585,0.0,309.806,17287.604,0.0,309.806,6425.947,1268965.376,19.55,115392,measure-dynamic-search,False,6305.774,21623.0,0.0,6.90124,6901.24,318.0,21623.0,0.0,318.0,6628.0,1302528.0,9041.35,chain,1000000,16,0,1064196,149.258155,13972,285272,/mnt/nvme1n1/PipeANN-github/build_reviewed_20260602_querycache/tests/dynamic_update_suite_driver --mode measure-dynamic-search --source-prefix /mnt/nvme1n1/PipeANN-github/experiments/v100_early_pq_triggered_chain_1m_20260602T142517Z/indexes/chain_cycle02_triggered_retrain --jsonl-output /mnt/nvme1n1/PipeANN-github/experiments/v100_early_pq_triggered_chain_1m_20260602T142517Z/raw/calibration_chain_cycle02_triggered_retrain_intersect_u100.jsonl --insert-threads 16 --search-threads 1 --merge-threads 16 --build-l 220 --build-r 116 --beamwidth 4 --k 10 --cpu-cap 16 --metric l2 --route graph --search-l 300 --data-bin /mnt/nvme1n1/PipeANN-github/experiments/v100_early_pq_triggered_chain_1m_20260602T142517Z/data/chain_cycle02_live_data_by_tag.bin --base-label-file /mnt/nvme1n1/PipeANN-github/experiments/v100_early_pq_10k_full_20260602T031600Z/labels/base_labels_1000000.spmat --query-bin /mnt/nvme1n1/PipeANN-github/experiments/r116_suite_pq16_aris_20260520_072453/data/sift_query_1000.bin --truthset-bin /mnt/nvme1n1/PipeANN-github/experiments/v100_early_pq_triggered_chain_1m_20260602T142517Z/truth/chain_cycle02_triggered_retrain_intersect_u100.bin --query-label-file /mnt/nvme1n1/PipeANN-github/experiments/r116_suite_pq16_aris_20260520_072453/labels/query_1000_u100.spmat --selector-type intersect --query-limit 1000,98.14,98.14,graph,285272,271300,300,post_hoc_retuned_fastest_feasible_recall_ge_98,pass,intersect,actual_triggered_chain_snapshot,/mnt/nvme1n1/PipeANN-github/experiments/v100_early_pq_triggered_chain_1m_20260602T142517Z/indexes/chain_cycle02_triggered_retrain,ok,triggered_retrain_chain,True,115392,1,0,always_after_initial_1m_and_each_60pct_replacement,triggered,triggered_retrain_chain,6.699801
prefilter,6.97271239,6972.71239,,,,,u50,500000.0,9,22,cycle02_triggered_retrain_chain_range_u50,250,250,prefilter,0-15,16,True,chain_cycle02_triggered_retrain,2,,6.973244,0,chain_triggered_retrain,0,1,,10000,0,16,1000000,/mnt/nvme1n1/PipeANN-github/experiments/v100_early_pq_triggered_chain_1m_20260602T142517Z/indexes/chain_cycle02_triggered_retrain,1064196,115392,500000.0,0.0,0.0,0.0,0.0,250.0,500000.0,0.0,250.0,6966.573,1024000.0,585.215,115392,measure-dynamic-search,False,6902.537,0.0,0.0,7.349155,7349.155,250.0,500000.0,0.0,250.0,7340.0,1024000.0,8125.067,chain,1000000,16,1000,1064196,143.405279,992,272264,/mnt/nvme1n1/PipeANN-github/build_reviewed_20260602_querycache/tests/dynamic_update_suite_driver --mode measure-dynamic-search --source-prefix /mnt/nvme1n1/PipeANN-github/experiments/v100_early_pq_triggered_chain_1m_20260602T142517Z/indexes/chain_cycle02_triggered_retrain --jsonl-output /mnt/nvme1n1/PipeANN-github/experiments/v100_early_pq_triggered_chain_1m_20260602T142517Z/raw/calibration_chain_cycle02_triggered_retrain_range_u50.jsonl --insert-threads 16 --search-threads 1 --merge-threads 16 --build-l 220 --build-r 116 --beamwidth 4 --k 10 --cpu-cap 16 --metric l2 --route prefilter --search-l 250 --data-bin /mnt/nvme1n1/PipeANN-github/experiments/v100_early_pq_triggered_chain_1m_20260602T142517Z/data/chain_cycle02_live_data_by_tag.bin --base-label-file /mnt/nvme1n1/PipeANN-github/experiments/v100_early_pq_10k_full_20260602T031600Z/labels/base_labels_1000000.spmat --query-bin /mnt/nvme1n1/PipeANN-github/experiments/r116_suite_pq16_aris_20260520_072453/data/sift_query_1000.bin --truthset-bin /mnt/nvme1n1/PipeANN-github/experiments/v100_early_pq_triggered_chain_1m_20260602T142517Z/truth/chain_cycle02_triggered_retrain_range_u50.bin --query-label-file /mnt/nvme1n1/PipeANN-github/experiments/r116_suite_pq16_aris_20260520_072453/labels/query_1000_range_u50.spmat --selector-type range --query-limit 1000,98.17,98.17,prefilter,247792,271272,250,post_hoc_retuned_fastest_feasible_recall_ge_98,pass,range,actual_triggered_chain_snapshot,/mnt/nvme1n1/PipeANN-github/experiments/v100_early_pq_triggered_chain_1m_20260602T142517Z/indexes/chain_cycle02_triggered_retrain,ok,triggered_retrain_chain,True,115392,1,0,always_after_initial_1m_and_each_60pct_replacement,triggered,triggered_retrain_chain,6.973244
mixed,8.35846806,8358.46806,,,,,u75,750000.0,9,22,cycle02_triggered_retrain_chain_range_u75,400,400,graph,0-15,16,True,chain_cycle02_triggered_retrain,2,,8.358747,0,chain_triggered_retrain,1000,1,,10000,0,16,1000000,/mnt/nvme1n1/PipeANN-github/experiments/v100_early_pq_triggered_chain_1m_20260602T142517Z/indexes/chain_cycle02_triggered_retrain,1064196,115392,750000.0,21234.353,0.0,7915.824,0.0,408.968,21234.353,0.0,408.968,8026.808,1675132.928,69.249,115392,measure-dynamic-search,False,8284.949,27009.0,0.0,8.618555,8618.555,417.0,27009.0,0.0,417.0,8260.0,1708032.0,9014.27,chain,1000000,16,0,1064196,119.635156,11436,282784,/mnt/nvme1n1/PipeANN-github/build_reviewed_20260602_querycache/tests/dynamic_update_suite_driver --mode measure-dynamic-search --source-prefix /mnt/nvme1n1/PipeANN-github/experiments/v100_early_pq_triggered_chain_1m_20260602T142517Z/indexes/chain_cycle02_triggered_retrain --jsonl-output /mnt/nvme1n1/PipeANN-github/experiments/v100_early_pq_triggered_chain_1m_20260602T142517Z/raw/calibration_chain_cycle02_triggered_retrain_range_u75.jsonl --insert-threads 16 --search-threads 1 --merge-threads 16 --build-l 220 --build-r 116 --beamwidth 4 --k 10 --cpu-cap 16 --metric l2 --route graph --search-l 400 --data-bin /mnt/nvme1n1/PipeANN-github/experiments/v100_early_pq_triggered_chain_1m_20260602T142517Z/data/chain_cycle02_live_data_by_tag.bin --base-label-file /mnt/nvme1n1/PipeANN-github/experiments/v100_early_pq_10k_full_20260602T031600Z/labels/base_labels_1000000.spmat --query-bin /mnt/nvme1n1/PipeANN-github/experiments/r116_suite_pq16_aris_20260520_072453/data/sift_query_1000.bin --truthset-bin /mnt/nvme1n1/PipeANN-github/experiments/v100_early_pq_triggered_chain_1m_20260602T142517Z/truth/chain_cycle02_triggered_retrain_range_u75.bin --query-label-file /mnt/nvme1n1/PipeANN-github/experiments/r116_suite_pq16_aris_20260520_072453/labels/query_1000_range_u75.spmat --selector-type range --query-limit 1000,98.37,98.37,graph,282784,271348,400,post_hoc_retuned_fastest_feasible_recall_ge_98,pass,range,actual_triggered_chain_snapshot,/mnt/nvme1n1/PipeANN-github/experiments/v100_early_pq_triggered_chain_1m_20260602T142517Z/indexes/chain_cycle02_triggered_retrain,ok,triggered_retrain_chain,True,115392,1,0,always_after_initial_1m_and_each_60pct_replacement,triggered,triggered_retrain_chain,8.358747
mixed,6.402587788,6402.587788,,,,,u100,1000000.0,10,22,cycle02_triggered_retrain_chain_range_u100,300,300,graph,0-15,16,True,chain_cycle02_triggered_retrain,2,,6.402851,0,chain_triggered_retrain,1000,1,,10000,0,16,1000000,/mnt/nvme1n1/PipeANN-github/experiments/v100_early_pq_triggered_chain_1m_20260602T142517Z/indexes/chain_cycle02_triggered_retrain,1064196,115392,1000000.0,17288.557,0.0,6008.052,0.0,309.823,17288.557,0.0,309.823,6119.778,1269035.008,72.607,115392,measure-dynamic-search,False,6315.982,21623.0,0.0,6.618736,6618.736,318.0,21623.0,0.0,318.0,6302.0,1302528.0,6942.07,chain,1000000,16,0,1064196,156.180428,14108,285348,/mnt/nvme1n1/PipeANN-github/build_reviewed_20260602_querycache/tests/dynamic_update_suite_driver --mode measure-dynamic-search --source-prefix /mnt/nvme1n1/PipeANN-github/experiments/v100_early_pq_triggered_chain_1m_20260602T142517Z/indexes/chain_cycle02_triggered_retrain --jsonl-output /mnt/nvme1n1/PipeANN-github/experiments/v100_early_pq_triggered_chain_1m_20260602T142517Z/raw/calibration_chain_cycle02_triggered_retrain_range_u100.jsonl --insert-threads 16 --search-threads 1 --merge-threads 16 --build-l 220 --build-r 116 --beamwidth 4 --k 10 --cpu-cap 16 --metric l2 --route graph --search-l 300 --data-bin /mnt/nvme1n1/PipeANN-github/experiments/v100_early_pq_triggered_chain_1m_20260602T142517Z/data/chain_cycle02_live_data_by_tag.bin --base-label-file /mnt/nvme1n1/PipeANN-github/experiments/v100_early_pq_10k_full_20260602T031600Z/labels/base_labels_1000000.spmat --query-bin /mnt/nvme1n1/PipeANN-github/experiments/r116_suite_pq16_aris_20260520_072453/data/sift_query_1000.bin --truthset-bin /mnt/nvme1n1/PipeANN-github/experiments/v100_early_pq_triggered_chain_1m_20260602T142517Z/truth/chain_cycle02_triggered_retrain_range_u100.bin --query-label-file /mnt/nvme1n1/PipeANN-github/experiments/r116_suite_pq16_aris_20260520_072453/labels/query_1000_range_u100.spmat --selector-type range --query-limit 1000,98.14,98.14,graph,285348,271240,300,post_hoc_retuned_fastest_feasible_recall_ge_98,pass,range,actual_triggered_chain_snapshot,/mnt/nvme1n1/PipeANN-github/experiments/v100_early_pq_triggered_chain_1m_20260602T142517Z/indexes/chain_cycle02_triggered_retrain,ok,triggered_retrain_chain,True,115392,1,0,always_after_initial_1m_and_each_60pct_replacement,triggered,triggered_retrain_chain,6.402851
prefilter,7.3870440230000005,7387.044023,,,,,u50,500000.0,4,22,cycle03_triggered_retrain_chain_intersect_u50,450,450,prefilter,0-15,16,True,chain_cycle03_triggered_retrain,3,,7.38746,0,chain_triggered_retrain,0,1,,10000,0,16,1000000,/mnt/nvme1n1/PipeANN-github/experiments/v100_early_pq_triggered_chain_1m_20260602T142517Z/indexes/chain_cycle03_triggered_retrain,1235120,129688,500000.0,0.0,0.0,0.0,0.0,450.0,500000.0,0.0,450.0,7382.706,1843200.0,559.735,129688,measure-dynamic-search,False,7355.656,0.0,0.0,7.547962,7547.962,450.0,500000.0,0.0,450.0,7540.0,1843200.0,8328.299,chain,1000000,16,1000,1235120,135.364529,1004,272236,/mnt/nvme1n1/PipeANN-github/build_reviewed_20260602_querycache/tests/dynamic_update_suite_driver --mode measure-dynamic-search --source-prefix /mnt/nvme1n1/PipeANN-github/experiments/v100_early_pq_triggered_chain_1m_20260602T142517Z/indexes/chain_cycle03_triggered_retrain --jsonl-output /mnt/nvme1n1/PipeANN-github/experiments/v100_early_pq_triggered_chain_1m_20260602T142517Z/raw/calibration_chain_cycle03_triggered_retrain_intersect_u50.jsonl --insert-threads 16 --search-threads 1 --merge-threads 16 --build-l 220 --build-r 116 --beamwidth 4 --k 10 --cpu-cap 16 --metric l2 --route prefilter --search-l 450 --data-bin /mnt/nvme1n1/PipeANN-github/experiments/v100_early_pq_triggered_chain_1m_20260602T142517Z/data/chain_cycle03_live_data_by_tag.bin --base-label-file /mnt/nvme1n1/PipeANN-github/experiments/v100_early_pq_10k_full_20260602T031600Z/labels/base_labels_1000000.spmat --query-bin /mnt/nvme1n1/PipeANN-github/experiments/r116_suite_pq16_aris_20260520_072453/data/sift_query_1000.bin --truthset-bin /mnt/nvme1n1/PipeANN-github/experiments/v100_early_pq_triggered_chain_1m_20260602T142517Z/truth/chain_cycle03_triggered_retrain_intersect_u50.bin --query-label-file /mnt/nvme1n1/PipeANN-github/experiments/r116_suite_pq16_aris_20260520_072453/labels/query_1000_u50.spmat --selector-type intersect --query-limit 1000,98.51,98.51,prefilter,272236,271232,450,post_hoc_retuned_fastest_feasible_recall_ge_98,pass,intersect,actual_triggered_chain_snapshot,/mnt/nvme1n1/PipeANN-github/experiments/v100_early_pq_triggered_chain_1m_20260602T142517Z/indexes/chain_cycle03_triggered_retrain,ok,triggered_retrain_chain,True,129688,1,0,always_after_initial_1m_and_each_60pct_replacement,triggered,triggered_retrain_chain,7.38746
graph,9.277227027,9277.227027,,,,,u75,750000.0,7,22,cycle03_triggered_retrain_chain_intersect_u75,450,450,graph,0-15,16,True,chain_cycle03_triggered_retrain,3,,9.277528,0,chain_triggered_retrain,0,1,,10000,1000,16,1000000,/mnt/nvme1n1/PipeANN-github/experiments/v100_early_pq_triggered_chain_1m_20260602T142517Z/indexes/chain_cycle03_triggered_retrain,1235120,129688,750000.0,22475.612,0.0,8873.176,0.0,459.205,22475.612,0.0,459.205,8939.078,1880903.68,19.766,129688,measure-dynamic-search,False,9235.581,29433.0,0.0,9.559427,9559.427,465.0,29433.0,0.0,465.0,9158.0,1904640.0,9985.915,chain,1000000,16,0,1235120,107.787328,15508,286728,/mnt/nvme1n1/PipeANN-github/build_reviewed_20260602_querycache/tests/dynamic_update_suite_driver --mode measure-dynamic-search --source-prefix /mnt/nvme1n1/PipeANN-github/experiments/v100_early_pq_triggered_chain_1m_20260602T142517Z/indexes/chain_cycle03_triggered_retrain --jsonl-output /mnt/nvme1n1/PipeANN-github/experiments/v100_early_pq_triggered_chain_1m_20260602T142517Z/raw/calibration_chain_cycle03_triggered_retrain_intersect_u75.jsonl --insert-threads 16 --search-threads 1 --merge-threads 16 --build-l 220 --build-r 116 --beamwidth 4 --k 10 --cpu-cap 16 --metric l2 --route graph --search-l 450 --data-bin /mnt/nvme1n1/PipeANN-github/experiments/v100_early_pq_triggered_chain_1m_20260602T142517Z/data/chain_cycle03_live_data_by_tag.bin --base-label-file /mnt/nvme1n1/PipeANN-github/experiments/v100_early_pq_10k_full_20260602T031600Z/labels/base_labels_1000000.spmat --query-bin /mnt/nvme1n1/PipeANN-github/experiments/r116_suite_pq16_aris_20260520_072453/data/sift_query_1000.bin --truthset-bin /mnt/nvme1n1/PipeANN-github/experiments/v100_early_pq_triggered_chain_1m_20260602T142517Z/truth/chain_cycle03_triggered_retrain_intersect_u75.bin --query-label-file /mnt/nvme1n1/PipeANN-github/experiments/r116_suite_pq16_aris_20260520_072453/labels/query_1000_u75.spmat --selector-type intersect --query-limit 1000,98.14,98.14,graph,286728,271220,450,post_hoc_retuned_fastest_feasible_recall_ge_98,pass,intersect,actual_triggered_chain_snapshot,/mnt/nvme1n1/PipeANN-github/experiments/v100_early_pq_triggered_chain_1m_20260602T142517Z/indexes/chain_cycle03_triggered_retrain,ok,triggered_retrain_chain,True,129688,1,0,always_after_initial_1m_and_each_60pct_replacement,triggered,triggered_retrain_chain,9.277528
graph,8.238046273,8238.046273,,,,,u100,1000000.0,8,22,cycle03_triggered_retrain_chain_intersect_u100,400,400,graph,0-15,16,True,chain_cycle03_triggered_retrain,3,,8.238291,0,chain_triggered_retrain,0,1,,10000,1000,16,1000000,/mnt/nvme1n1/PipeANN-github/experiments/v100_early_pq_triggered_chain_1m_20260602T142517Z/indexes/chain_cycle03_triggered_retrain,1235120,129688,1000000.0,20713.761,0.0,7865.84,0.0,409.572,20713.761,0.0,409.572,7932.466,1677606.912,18.32,129688,measure-dynamic-search,False,8208.581,27031.0,0.0,8.487034,8487.034,416.0,27031.0,0.0,416.0,8167.0,1703936.0,8887.142,chain,1000000,16,0,1235120,121.384398,11408,282692,/mnt/nvme1n1/PipeANN-github/build_reviewed_20260602_querycache/tests/dynamic_update_suite_driver --mode measure-dynamic-search --source-prefix /mnt/nvme1n1/PipeANN-github/experiments/v100_early_pq_triggered_chain_1m_20260602T142517Z/indexes/chain_cycle03_triggered_retrain --jsonl-output /mnt/nvme1n1/PipeANN-github/experiments/v100_early_pq_triggered_chain_1m_20260602T142517Z/raw/calibration_chain_cycle03_triggered_retrain_intersect_u100.jsonl --insert-threads 16 --search-threads 1 --merge-threads 16 --build-l 220 --build-r 116 --beamwidth 4 --k 10 --cpu-cap 16 --metric l2 --route graph --search-l 400 --data-bin /mnt/nvme1n1/PipeANN-github/experiments/v100_early_pq_triggered_chain_1m_20260602T142517Z/data/chain_cycle03_live_data_by_tag.bin --base-label-file /mnt/nvme1n1/PipeANN-github/experiments/v100_early_pq_10k_full_20260602T031600Z/labels/base_labels_1000000.spmat --query-bin /mnt/nvme1n1/PipeANN-github/experiments/r116_suite_pq16_aris_20260520_072453/data/sift_query_1000.bin --truthset-bin /mnt/nvme1n1/PipeANN-github/experiments/v100_early_pq_triggered_chain_1m_20260602T142517Z/truth/chain_cycle03_triggered_retrain_intersect_u100.bin --query-label-file /mnt/nvme1n1/PipeANN-github/experiments/r116_suite_pq16_aris_20260520_072453/labels/query_1000_u100.spmat --selector-type intersect --query-limit 1000,98.15,98.15,graph,282692,271284,400,post_hoc_retuned_fastest_feasible_recall_ge_98,pass,intersect,actual_triggered_chain_snapshot,/mnt/nvme1n1/PipeANN-github/experiments/v100_early_pq_triggered_chain_1m_20260602T142517Z/indexes/chain_cycle03_triggered_retrain,ok,triggered_retrain_chain,True,129688,1,0,always_after_initial_1m_and_each_60pct_replacement,triggered,triggered_retrain_chain,8.238291
prefilter,7.298765343,7298.765343,,,,,u50,500000.0,4,22,cycle03_triggered_retrain_chain_range_u50,400,400,prefilter,0-15,16,True,chain_cycle03_triggered_retrain,3,,7.299067,0,chain_triggered_retrain,0,1,,10000,0,16,1000000,/mnt/nvme1n1/PipeANN-github/experiments/v100_early_pq_triggered_chain_1m_20260602T142517Z/indexes/chain_cycle03_triggered_retrain,1235120,129688,500000.0,0.0,0.0,0.0,0.0,400.0,500000.0,0.0,400.0,7293.514,1638400.0,599.286,129688,measure-dynamic-search,False,7287.789,0.0,0.0,7.594640999999999,7594.641,400.0,500000.0,0.0,400.0,7580.0,1638400.0,8225.03,chain,1000000,16,1000,1235120,137.003808,992,272380,/mnt/nvme1n1/PipeANN-github/build_reviewed_20260602_querycache/tests/dynamic_update_suite_driver --mode measure-dynamic-search --source-prefix /mnt/nvme1n1/PipeANN-github/experiments/v100_early_pq_triggered_chain_1m_20260602T142517Z/indexes/chain_cycle03_triggered_retrain --jsonl-output /mnt/nvme1n1/PipeANN-github/experiments/v100_early_pq_triggered_chain_1m_20260602T142517Z/raw/calibration_chain_cycle03_triggered_retrain_range_u50.jsonl --insert-threads 16 --search-threads 1 --merge-threads 16 --build-l 220 --build-r 116 --beamwidth 4 --k 10 --cpu-cap 16 --metric l2 --route prefilter --search-l 400 --data-bin /mnt/nvme1n1/PipeANN-github/experiments/v100_early_pq_triggered_chain_1m_20260602T142517Z/data/chain_cycle03_live_data_by_tag.bin --base-label-file /mnt/nvme1n1/PipeANN-github/experiments/v100_early_pq_10k_full_20260602T031600Z/labels/base_labels_1000000.spmat --query-bin /mnt/nvme1n1/PipeANN-github/experiments/r116_suite_pq16_aris_20260520_072453/data/sift_query_1000.bin --truthset-bin /mnt/nvme1n1/PipeANN-github/experiments/v100_early_pq_triggered_chain_1m_20260602T142517Z/truth/chain_cycle03_triggered_retrain_range_u50.bin --query-label-file /mnt/nvme1n1/PipeANN-github/experiments/r116_suite_pq16_aris_20260520_072453/labels/query_1000_range_u50.spmat --selector-type range --query-limit 1000,98.21,98.21,prefilter,248036,271388,400,post_hoc_retuned_fastest_feasible_recall_ge_98,pass,range,actual_triggered_chain_snapshot,/mnt/nvme1n1/PipeANN-github/experiments/v100_early_pq_triggered_chain_1m_20260602T142517Z/indexes/chain_cycle03_triggered_retrain,ok,triggered_retrain_chain,True,129688,1,0,always_after_initial_1m_and_each_60pct_replacement,triggered,triggered_retrain_chain,7.299067
mixed,9.420427214,9420.427214,,,,,u75,750000.0,7,22,cycle03_triggered_retrain_chain_range_u75,450,450,graph,0-15,16,True,chain_cycle03_triggered_retrain,3,,9.420737,0,chain_triggered_retrain,1000,1,,10000,0,16,1000000,/mnt/nvme1n1/PipeANN-github/experiments/v100_early_pq_triggered_chain_1m_20260602T142517Z/indexes/chain_cycle03_triggered_retrain,1235120,129688,750000.0,22476.123,0.0,8964.309,0.0,459.21,22476.123,0.0,459.21,9077.318,1880924.16,66.989,129688,measure-dynamic-search,False,9280.038,29433.0,0.0,9.628272,9628.272,465.0,29433.0,0.0,465.0,9284.0,1904640.0,10275.11,chain,1000000,16,0,1235120,106.148803,16044,287436,/mnt/nvme1n1/PipeANN-github/build_reviewed_20260602_querycache/tests/dynamic_update_suite_driver --mode measure-dynamic-search --source-prefix /mnt/nvme1n1/PipeANN-github/experiments/v100_early_pq_triggered_chain_1m_20260602T142517Z/indexes/chain_cycle03_triggered_retrain --jsonl-output /mnt/nvme1n1/PipeANN-github/experiments/v100_early_pq_triggered_chain_1m_20260602T142517Z/raw/calibration_chain_cycle03_triggered_retrain_range_u75.jsonl --insert-threads 16 --search-threads 1 --merge-threads 16 --build-l 220 --build-r 116 --beamwidth 4 --k 10 --cpu-cap 16 --metric l2 --route graph --search-l 450 --data-bin /mnt/nvme1n1/PipeANN-github/experiments/v100_early_pq_triggered_chain_1m_20260602T142517Z/data/chain_cycle03_live_data_by_tag.bin --base-label-file /mnt/nvme1n1/PipeANN-github/experiments/v100_early_pq_10k_full_20260602T031600Z/labels/base_labels_1000000.spmat --query-bin /mnt/nvme1n1/PipeANN-github/experiments/r116_suite_pq16_aris_20260520_072453/data/sift_query_1000.bin --truthset-bin /mnt/nvme1n1/PipeANN-github/experiments/v100_early_pq_triggered_chain_1m_20260602T142517Z/truth/chain_cycle03_triggered_retrain_range_u75.bin --query-label-file /mnt/nvme1n1/PipeANN-github/experiments/r116_suite_pq16_aris_20260520_072453/labels/query_1000_range_u75.spmat --selector-type range --query-limit 1000,98.14,98.14,graph,287436,271392,450,post_hoc_retuned_fastest_feasible_recall_ge_98,pass,range,actual_triggered_chain_snapshot,/mnt/nvme1n1/PipeANN-github/experiments/v100_early_pq_triggered_chain_1m_20260602T142517Z/indexes/chain_cycle03_triggered_retrain,ok,triggered_retrain_chain,True,129688,1,0,always_after_initial_1m_and_each_60pct_replacement,triggered,triggered_retrain_chain,9.420737
mixed,8.349098656,8349.098656,,,,,u100,1000000.0,8,22,cycle03_triggered_retrain_chain_range_u100,400,400,graph,0-15,16,True,chain_cycle03_triggered_retrain,3,,8.349383,0,chain_triggered_retrain,1000,1,,10000,0,16,1000000,/mnt/nvme1n1/PipeANN-github/experiments/v100_early_pq_triggered_chain_1m_20260602T142517Z/indexes/chain_cycle03_triggered_retrain,1235120,129688,1000000.0,20713.789,0.0,7917.358,0.0,409.573,20713.789,0.0,409.573,8038.363,1677611.008,72.177,129688,measure-dynamic-search,False,8283.73,27031.0,0.0,8.552513000000001,8552.513,416.0,27031.0,0.0,416.0,8210.0,1703936.0,8934.938,chain,1000000,16,0,1235120,119.769324,11496,282640,/mnt/nvme1n1/PipeANN-github/build_reviewed_20260602_querycache/tests/dynamic_update_suite_driver --mode measure-dynamic-search --source-prefix /mnt/nvme1n1/PipeANN-github/experiments/v100_early_pq_triggered_chain_1m_20260602T142517Z/indexes/chain_cycle03_triggered_retrain --jsonl-output /mnt/nvme1n1/PipeANN-github/experiments/v100_early_pq_triggered_chain_1m_20260602T142517Z/raw/calibration_chain_cycle03_triggered_retrain_range_u100.jsonl --insert-threads 16 --search-threads 1 --merge-threads 16 --build-l 220 --build-r 116 --beamwidth 4 --k 10 --cpu-cap 16 --metric l2 --route graph --search-l 400 --data-bin /mnt/nvme1n1/PipeANN-github/experiments/v100_early_pq_triggered_chain_1m_20260602T142517Z/data/chain_cycle03_live_data_by_tag.bin --base-label-file /mnt/nvme1n1/PipeANN-github/experiments/v100_early_pq_10k_full_20260602T031600Z/labels/base_labels_1000000.spmat --query-bin /mnt/nvme1n1/PipeANN-github/experiments/r116_suite_pq16_aris_20260520_072453/data/sift_query_1000.bin --truthset-bin /mnt/nvme1n1/PipeANN-github/experiments/v100_early_pq_triggered_chain_1m_20260602T142517Z/truth/chain_cycle03_triggered_retrain_range_u100.bin --query-label-file /mnt/nvme1n1/PipeANN-github/experiments/r116_suite_pq16_aris_20260520_072453/labels/query_1000_range_u100.spmat --selector-type range --query-limit 1000,98.16,98.16,graph,282640,271144,400,post_hoc_retuned_fastest_feasible_recall_ge_98,pass,range,actual_triggered_chain_snapshot,/mnt/nvme1n1/PipeANN-github/experiments/v100_early_pq_triggered_chain_1m_20260602T142517Z/indexes/chain_cycle03_triggered_retrain,ok,triggered_retrain_chain,True,129688,1,0,always_after_initial_1m_and_each_60pct_replacement,triggered,triggered_retrain_chain,8.349383
prefilter,7.007639961,7007.639961,,,,,u50,500000.0,9,22,cycle04_triggered_retrain_chain_intersect_u50,300,300,prefilter,0-15,16,True,chain_cycle04_triggered_retrain,4,,7.007949,0,chain_triggered_retrain,0,1,,10000,0,16,1000000,/mnt/nvme1n1/PipeANN-github/experiments/v100_early_pq_triggered_chain_1m_20260602T142517Z/indexes/chain_cycle04_triggered_retrain,1297208,119942,500000.0,0.0,0.0,0.0,0.0,300.0,500000.0,0.0,300.0,7003.321,1228800.0,547.32,119942,measure-dynamic-search,False,6984.291,0.0,0.0,7.300002999999999,7300.003,300.0,500000.0,0.0,300.0,7293.0,1228800.0,7574.657,chain,1000000,16,1000,1297208,142.695109,1180,272344,/mnt/nvme1n1/PipeANN-github/build_reviewed_20260602_querycache/tests/dynamic_update_suite_driver --mode measure-dynamic-search --source-prefix /mnt/nvme1n1/PipeANN-github/experiments/v100_early_pq_triggered_chain_1m_20260602T142517Z/indexes/chain_cycle04_triggered_retrain --jsonl-output /mnt/nvme1n1/PipeANN-github/experiments/v100_early_pq_triggered_chain_1m_20260602T142517Z/raw/calibration_chain_cycle04_triggered_retrain_intersect_u50.jsonl --insert-threads 16 --search-threads 1 --merge-threads 16 --build-l 220 --build-r 116 --beamwidth 4 --k 10 --cpu-cap 16 --metric l2 --route prefilter --search-l 300 --data-bin /mnt/nvme1n1/PipeANN-github/experiments/v100_early_pq_triggered_chain_1m_20260602T142517Z/data/chain_cycle04_live_data_by_tag.bin --base-label-file /mnt/nvme1n1/PipeANN-github/experiments/v100_early_pq_10k_full_20260602T031600Z/labels/base_labels_1000000.spmat --query-bin /mnt/nvme1n1/PipeANN-github/experiments/r116_suite_pq16_aris_20260520_072453/data/sift_query_1000.bin --truthset-bin /mnt/nvme1n1/PipeANN-github/experiments/v100_early_pq_triggered_chain_1m_20260602T142517Z/truth/chain_cycle04_triggered_retrain_intersect_u50.bin --query-label-file /mnt/nvme1n1/PipeANN-github/experiments/r116_suite_pq16_aris_20260520_072453/labels/query_1000_u50.spmat --selector-type intersect --query-limit 1000,98.53,98.53,prefilter,272344,271164,300,post_hoc_retuned_fastest_feasible_recall_ge_98,pass,intersect,actual_triggered_chain_snapshot,/mnt/nvme1n1/PipeANN-github/experiments/v100_early_pq_triggered_chain_1m_20260602T142517Z/indexes/chain_cycle04_triggered_retrain,ok,triggered_retrain_chain,True,119942,1,0,always_after_initial_1m_and_each_60pct_replacement,triggered,triggered_retrain_chain,7.007949
graph,8.387006126000001,8387.006126,,,,,u75,750000.0,9,22,cycle04_triggered_retrain_chain_intersect_u75,400,400,graph,0-15,16,True,chain_cycle04_triggered_retrain,4,,8.387254,0,chain_triggered_retrain,0,1,,10000,1000,16,1000000,/mnt/nvme1n1/PipeANN-github/experiments/v100_early_pq_triggered_chain_1m_20260602T142517Z/indexes/chain_cycle04_triggered_retrain,1297208,119942,750000.0,20907.732,0.0,8003.626,0.0,410.031,20907.732,0.0,410.031,8068.137,1679486.976,22.939,119942,measure-dynamic-search,False,8321.643,26686.0,0.0,8.665895,8665.895,415.0,26686.0,0.0,415.0,8285.0,1699840.0,9081.761,chain,1000000,16,0,1297208,119.22854,11672,284628,/mnt/nvme1n1/PipeANN-github/build_reviewed_20260602_querycache/tests/dynamic_update_suite_driver --mode measure-dynamic-search --source-prefix /mnt/nvme1n1/PipeANN-github/experiments/v100_early_pq_triggered_chain_1m_20260602T142517Z/indexes/chain_cycle04_triggered_retrain --jsonl-output /mnt/nvme1n1/PipeANN-github/experiments/v100_early_pq_triggered_chain_1m_20260602T142517Z/raw/calibration_chain_cycle04_triggered_retrain_intersect_u75.jsonl --insert-threads 16 --search-threads 1 --merge-threads 16 --build-l 220 --build-r 116 --beamwidth 4 --k 10 --cpu-cap 16 --metric l2 --route graph --search-l 400 --data-bin /mnt/nvme1n1/PipeANN-github/experiments/v100_early_pq_triggered_chain_1m_20260602T142517Z/data/chain_cycle04_live_data_by_tag.bin --base-label-file /mnt/nvme1n1/PipeANN-github/experiments/v100_early_pq_10k_full_20260602T031600Z/labels/base_labels_1000000.spmat --query-bin /mnt/nvme1n1/PipeANN-github/experiments/r116_suite_pq16_aris_20260520_072453/data/sift_query_1000.bin --truthset-bin /mnt/nvme1n1/PipeANN-github/experiments/v100_early_pq_triggered_chain_1m_20260602T142517Z/truth/chain_cycle04_triggered_retrain_intersect_u75.bin --query-label-file /mnt/nvme1n1/PipeANN-github/experiments/r116_suite_pq16_aris_20260520_072453/labels/query_1000_u75.spmat --selector-type intersect --query-limit 1000,98.19,98.19,graph,284628,272956,400,post_hoc_retuned_fastest_feasible_recall_ge_98,pass,intersect,actual_triggered_chain_snapshot,/mnt/nvme1n1/PipeANN-github/experiments/v100_early_pq_triggered_chain_1m_20260602T142517Z/indexes/chain_cycle04_triggered_retrain,ok,triggered_retrain_chain,True,119942,1,0,always_after_initial_1m_and_each_60pct_replacement,triggered,triggered_retrain_chain,8.387254
graph,6.362787496,6362.787496,,,,,u100,1000000.0,10,22,cycle04_triggered_retrain_chain_intersect_u100,300,300,graph,0-15,16,True,chain_cycle04_triggered_retrain,4,,6.363079,0,chain_triggered_retrain,0,1,,10000,1000,16,1000000,/mnt/nvme1n1/PipeANN-github/experiments/v100_early_pq_triggered_chain_1m_20260602T142517Z/indexes/chain_cycle04_triggered_retrain,1297208,119942,1000000.0,17039.93,0.0,6030.075,0.0,310.775,17039.93,0.0,310.775,6087.943,1272934.4,18.841,119942,measure-dynamic-search,False,6325.38,21649.0,0.0,6.659549,6659.549,316.0,21649.0,0.0,316.0,6327.0,1294336.0,7042.818,chain,1000000,16,0,1297208,157.156618,13972,285364,/mnt/nvme1n1/PipeANN-github/build_reviewed_20260602_querycache/tests/dynamic_update_suite_driver --mode measure-dynamic-search --source-prefix /mnt/nvme1n1/PipeANN-github/experiments/v100_early_pq_triggered_chain_1m_20260602T142517Z/indexes/chain_cycle04_triggered_retrain --jsonl-output /mnt/nvme1n1/PipeANN-github/experiments/v100_early_pq_triggered_chain_1m_20260602T142517Z/raw/calibration_chain_cycle04_triggered_retrain_intersect_u100.jsonl --insert-threads 16 --search-threads 1 --merge-threads 16 --build-l 220 --build-r 116 --beamwidth 4 --k 10 --cpu-cap 16 --metric l2 --route graph --search-l 300 --data-bin /mnt/nvme1n1/PipeANN-github/experiments/v100_early_pq_triggered_chain_1m_20260602T142517Z/data/chain_cycle04_live_data_by_tag.bin --base-label-file /mnt/nvme1n1/PipeANN-github/experiments/v100_early_pq_10k_full_20260602T031600Z/labels/base_labels_1000000.spmat --query-bin /mnt/nvme1n1/PipeANN-github/experiments/r116_suite_pq16_aris_20260520_072453/data/sift_query_1000.bin --truthset-bin /mnt/nvme1n1/PipeANN-github/experiments/v100_early_pq_triggered_chain_1m_20260602T142517Z/truth/chain_cycle04_triggered_retrain_intersect_u100.bin --query-label-file /mnt/nvme1n1/PipeANN-github/experiments/r116_suite_pq16_aris_20260520_072453/labels/query_1000_u100.spmat --selector-type intersect --query-limit 1000,98.01,98.01,graph,285364,271392,300,post_hoc_retuned_fastest_feasible_recall_ge_98,pass,intersect,actual_triggered_chain_snapshot,/mnt/nvme1n1/PipeANN-github/experiments/v100_early_pq_triggered_chain_1m_20260602T142517Z/indexes/chain_cycle04_triggered_retrain,ok,triggered_retrain_chain,True,119942,1,0,always_after_initial_1m_and_each_60pct_replacement,triggered,triggered_retrain_chain,6.363079
prefilter,7.075764028,7075.764028,,,,,u50,500000.0,9,22,cycle04_triggered_retrain_chain_range_u50,250,250,prefilter,0-15,16,True,chain_cycle04_triggered_retrain,4,,7.076074,0,chain_triggered_retrain,0,1,,10000,0,16,1000000,/mnt/nvme1n1/PipeANN-github/experiments/v100_early_pq_triggered_chain_1m_20260602T142517Z/indexes/chain_cycle04_triggered_retrain,1297208,119942,500000.0,0.0,0.0,0.0,0.0,250.0,500000.0,0.0,250.0,7070.52,1024000.0,605.562,119942,measure-dynamic-search,False,7046.694,0.0,0.0,7.299078000000001,7299.078,250.0,500000.0,0.0,250.0,7295.0,1024000.0,7879.578,chain,1000000,16,1000,1297208,141.321304,1056,272320,/mnt/nvme1n1/PipeANN-github/build_reviewed_20260602_querycache/tests/dynamic_update_suite_driver --mode measure-dynamic-search --source-prefix /mnt/nvme1n1/PipeANN-github/experiments/v100_early_pq_triggered_chain_1m_20260602T142517Z/indexes/chain_cycle04_triggered_retrain --jsonl-output /mnt/nvme1n1/PipeANN-github/experiments/v100_early_pq_triggered_chain_1m_20260602T142517Z/raw/calibration_chain_cycle04_triggered_retrain_range_u50.jsonl --insert-threads 16 --search-threads 1 --merge-threads 16 --build-l 220 --build-r 116 --beamwidth 4 --k 10 --cpu-cap 16 --metric l2 --route prefilter --search-l 250 --data-bin /mnt/nvme1n1/PipeANN-github/experiments/v100_early_pq_triggered_chain_1m_20260602T142517Z/data/chain_cycle04_live_data_by_tag.bin --base-label-file /mnt/nvme1n1/PipeANN-github/experiments/v100_early_pq_10k_full_20260602T031600Z/labels/base_labels_1000000.spmat --query-bin /mnt/nvme1n1/PipeANN-github/experiments/r116_suite_pq16_aris_20260520_072453/data/sift_query_1000.bin --truthset-bin /mnt/nvme1n1/PipeANN-github/experiments/v100_early_pq_triggered_chain_1m_20260602T142517Z/truth/chain_cycle04_triggered_retrain_range_u50.bin --query-label-file /mnt/nvme1n1/PipeANN-github/experiments/r116_suite_pq16_aris_20260520_072453/labels/query_1000_range_u50.spmat --selector-type range --query-limit 1000,98.08,98.08,prefilter,247912,271264,250,post_hoc_retuned_fastest_feasible_recall_ge_98,pass,range,actual_triggered_chain_snapshot,/mnt/nvme1n1/PipeANN-github/experiments/v100_early_pq_triggered_chain_1m_20260602T142517Z/indexes/chain_cycle04_triggered_retrain,ok,triggered_retrain_chain,True,119942,1,0,always_after_initial_1m_and_each_60pct_replacement,triggered,triggered_retrain_chain,7.076074
mixed,8.669265691,8669.265691,,,,,u75,750000.0,9,22,cycle04_triggered_retrain_chain_range_u75,400,400,graph,0-15,16,True,chain_cycle04_triggered_retrain,4,,8.66958,0,chain_triggered_retrain,1000,1,,10000,0,16,1000000,/mnt/nvme1n1/PipeANN-github/experiments/v100_early_pq_triggered_chain_1m_20260602T142517Z/indexes/chain_cycle04_triggered_retrain,1297208,119942,750000.0,20908.561,0.0,8245.575,0.0,410.029,20908.561,0.0,410.029,8356.967,1679478.784,70.365,119942,measure-dynamic-search,False,8376.946,26686.0,0.0,8.731922,8731.922,416.0,26686.0,0.0,416.0,8333.0,1703936.0,9141.56,chain,1000000,16,0,1297208,115.345838,11368,282552,/mnt/nvme1n1/PipeANN-github/build_reviewed_20260602_querycache/tests/dynamic_update_suite_driver --mode measure-dynamic-search --source-prefix /mnt/nvme1n1/PipeANN-github/experiments/v100_early_pq_triggered_chain_1m_20260602T142517Z/indexes/chain_cycle04_triggered_retrain --jsonl-output /mnt/nvme1n1/PipeANN-github/experiments/v100_early_pq_triggered_chain_1m_20260602T142517Z/raw/calibration_chain_cycle04_triggered_retrain_range_u75.jsonl --insert-threads 16 --search-threads 1 --merge-threads 16 --build-l 220 --build-r 116 --beamwidth 4 --k 10 --cpu-cap 16 --metric l2 --route graph --search-l 400 --data-bin /mnt/nvme1n1/PipeANN-github/experiments/v100_early_pq_triggered_chain_1m_20260602T142517Z/data/chain_cycle04_live_data_by_tag.bin --base-label-file /mnt/nvme1n1/PipeANN-github/experiments/v100_early_pq_10k_full_20260602T031600Z/labels/base_labels_1000000.spmat --query-bin /mnt/nvme1n1/PipeANN-github/experiments/r116_suite_pq16_aris_20260520_072453/data/sift_query_1000.bin --truthset-bin /mnt/nvme1n1/PipeANN-github/experiments/v100_early_pq_triggered_chain_1m_20260602T142517Z/truth/chain_cycle04_triggered_retrain_range_u75.bin --query-label-file /mnt/nvme1n1/PipeANN-github/experiments/r116_suite_pq16_aris_20260520_072453/labels/query_1000_range_u75.spmat --selector-type range --query-limit 1000,98.19,98.19,graph,282552,271184,400,post_hoc_retuned_fastest_feasible_recall_ge_98,pass,range,actual_triggered_chain_snapshot,/mnt/nvme1n1/PipeANN-github/experiments/v100_early_pq_triggered_chain_1m_20260602T142517Z/indexes/chain_cycle04_triggered_retrain,ok,triggered_retrain_chain,True,119942,1,0,always_after_initial_1m_and_each_60pct_replacement,triggered,triggered_retrain_chain,8.66958
mixed,6.50328874,6503.28874,,,,,u100,1000000.0,10,22,cycle04_triggered_retrain_chain_range_u100,300,300,graph,0-15,16,True,chain_cycle04_triggered_retrain,4,,6.503553,0,chain_triggered_retrain,1000,1,,10000,0,16,1000000,/mnt/nvme1n1/PipeANN-github/experiments/v100_early_pq_triggered_chain_1m_20260602T142517Z/indexes/chain_cycle04_triggered_retrain,1297208,119942,1000000.0,17038.562,0.0,6109.287,0.0,310.758,17038.562,0.0,310.758,6221.245,1272864.768,72.585,119942,measure-dynamic-search,False,6351.476,21649.0,0.0,8.442593,8442.593,316.0,21649.0,0.0,316.0,8252.0,1294336.0,9122.51,chain,1000000,16,0,1297208,153.762117,14108,285300,/mnt/nvme1n1/PipeANN-github/build_reviewed_20260602_querycache/tests/dynamic_update_suite_driver --mode measure-dynamic-search --source-prefix /mnt/nvme1n1/PipeANN-github/experiments/v100_early_pq_triggered_chain_1m_20260602T142517Z/indexes/chain_cycle04_triggered_retrain --jsonl-output /mnt/nvme1n1/PipeANN-github/experiments/v100_early_pq_triggered_chain_1m_20260602T142517Z/raw/calibration_chain_cycle04_triggered_retrain_range_u100.jsonl --insert-threads 16 --search-threads 1 --merge-threads 16 --build-l 220 --build-r 116 --beamwidth 4 --k 10 --cpu-cap 16 --metric l2 --route graph --search-l 300 --data-bin /mnt/nvme1n1/PipeANN-github/experiments/v100_early_pq_triggered_chain_1m_20260602T142517Z/data/chain_cycle04_live_data_by_tag.bin --base-label-file /mnt/nvme1n1/PipeANN-github/experiments/v100_early_pq_10k_full_20260602T031600Z/labels/base_labels_1000000.spmat --query-bin /mnt/nvme1n1/PipeANN-github/experiments/r116_suite_pq16_aris_20260520_072453/data/sift_query_1000.bin --truthset-bin /mnt/nvme1n1/PipeANN-github/experiments/v100_early_pq_triggered_chain_1m_20260602T142517Z/truth/chain_cycle04_triggered_retrain_range_u100.bin --query-label-file /mnt/nvme1n1/PipeANN-github/experiments/r116_suite_pq16_aris_20260520_072453/labels/query_1000_range_u100.spmat --selector-type range --query-limit 1000,98.01,98.01,graph,285300,271192,300,post_hoc_retuned_fastest_feasible_recall_ge_98,pass,range,actual_triggered_chain_snapshot,/mnt/nvme1n1/PipeANN-github/experiments/v100_early_pq_triggered_chain_1m_20260602T142517Z/indexes/chain_cycle04_triggered_retrain,ok,triggered_retrain_chain,True,119942,1,0,always_after_initial_1m_and_each_60pct_replacement,triggered,triggered_retrain_chain,6.503553
prefilter,7.126010559,7126.010559,,,,,u50,500000.0,7,22,cycle05_triggered_retrain_chain_intersect_u50,300,300,prefilter,0-15,16,True,chain_cycle05_triggered_retrain,5,,7.126306,0,chain_triggered_retrain,0,1,,10000,0,16,1000000,/mnt/nvme1n1/PipeANN-github/experiments/v100_early_pq_triggered_chain_1m_20260602T142517Z/indexes/chain_cycle05_triggered_retrain,1331944,119935,500000.0,0.0,0.0,0.0,0.0,300.0,500000.0,0.0,300.0,7121.918,1228800.0,562.172,119935,measure-dynamic-search,False,7096.768,0.0,0.0,7.358408000000001,7358.408,300.0,500000.0,0.0,300.0,7354.0,1228800.0,7865.598,chain,1000000,16,1000,1331944,140.325153,1180,272352,/mnt/nvme1n1/PipeANN-github/build_reviewed_20260602_querycache/tests/dynamic_update_suite_driver --mode measure-dynamic-search --source-prefix /mnt/nvme1n1/PipeANN-github/experiments/v100_early_pq_triggered_chain_1m_20260602T142517Z/indexes/chain_cycle05_triggered_retrain --jsonl-output /mnt/nvme1n1/PipeANN-github/experiments/v100_early_pq_triggered_chain_1m_20260602T142517Z/raw/calibration_chain_cycle05_triggered_retrain_intersect_u50.jsonl --insert-threads 16 --search-threads 1 --merge-threads 16 --build-l 220 --build-r 116 --beamwidth 4 --k 10 --cpu-cap 16 --metric l2 --route prefilter --search-l 300 --data-bin /mnt/nvme1n1/PipeANN-github/experiments/v100_early_pq_triggered_chain_1m_20260602T142517Z/data/chain_cycle05_live_data_by_tag.bin --base-label-file /mnt/nvme1n1/PipeANN-github/experiments/v100_early_pq_10k_full_20260602T031600Z/labels/base_labels_1000000.spmat --query-bin /mnt/nvme1n1/PipeANN-github/experiments/r116_suite_pq16_aris_20260520_072453/data/sift_query_1000.bin --truthset-bin /mnt/nvme1n1/PipeANN-github/experiments/v100_early_pq_triggered_chain_1m_20260602T142517Z/truth/chain_cycle05_triggered_retrain_intersect_u50.bin --query-label-file /mnt/nvme1n1/PipeANN-github/experiments/r116_suite_pq16_aris_20260520_072453/labels/query_1000_u50.spmat --selector-type intersect --query-limit 1000,98.49,98.49,prefilter,272352,271172,300,post_hoc_retuned_fastest_feasible_recall_ge_98,pass,intersect,actual_triggered_chain_snapshot,/mnt/nvme1n1/PipeANN-github/experiments/v100_early_pq_triggered_chain_1m_20260602T142517Z/indexes/chain_cycle05_triggered_retrain,ok,triggered_retrain_chain,True,119935,1,0,always_after_initial_1m_and_each_60pct_replacement,triggered,triggered_retrain_chain,7.126306
graph,8.273065268,8273.065268,,,,,u75,750000.0,9,22,cycle05_triggered_retrain_chain_intersect_u75,400,400,graph,0-15,16,True,chain_cycle05_triggered_retrain,5,,8.273371,0,chain_triggered_retrain,0,1,,10000,1000,16,1000000,/mnt/nvme1n1/PipeANN-github/experiments/v100_early_pq_triggered_chain_1m_20260602T142517Z/indexes/chain_cycle05_triggered_retrain,1331944,119935,750000.0,21266.214,0.0,7880.596,0.0,410.792,21266.214,0.0,410.792,7948.182,1682604.032,24.294,119935,measure-dynamic-search,False,8232.385,27258.0,0.0,8.525371999999999,8525.372,417.0,27258.0,0.0,417.0,8193.0,1708032.0,9064.193,chain,1000000,16,0,1331944,120.869711,11472,282708,/mnt/nvme1n1/PipeANN-github/build_reviewed_20260602_querycache/tests/dynamic_update_suite_driver --mode measure-dynamic-search --source-prefix /mnt/nvme1n1/PipeANN-github/experiments/v100_early_pq_triggered_chain_1m_20260602T142517Z/indexes/chain_cycle05_triggered_retrain --jsonl-output /mnt/nvme1n1/PipeANN-github/experiments/v100_early_pq_triggered_chain_1m_20260602T142517Z/raw/calibration_chain_cycle05_triggered_retrain_intersect_u75.jsonl --insert-threads 16 --search-threads 1 --merge-threads 16 --build-l 220 --build-r 116 --beamwidth 4 --k 10 --cpu-cap 16 --metric l2 --route graph --search-l 400 --data-bin /mnt/nvme1n1/PipeANN-github/experiments/v100_early_pq_triggered_chain_1m_20260602T142517Z/data/chain_cycle05_live_data_by_tag.bin --base-label-file /mnt/nvme1n1/PipeANN-github/experiments/v100_early_pq_10k_full_20260602T031600Z/labels/base_labels_1000000.spmat --query-bin /mnt/nvme1n1/PipeANN-github/experiments/r116_suite_pq16_aris_20260520_072453/data/sift_query_1000.bin --truthset-bin /mnt/nvme1n1/PipeANN-github/experiments/v100_early_pq_triggered_chain_1m_20260602T142517Z/truth/chain_cycle05_triggered_retrain_intersect_u75.bin --query-label-file /mnt/nvme1n1/PipeANN-github/experiments/r116_suite_pq16_aris_20260520_072453/labels/query_1000_u75.spmat --selector-type intersect --query-limit 1000,98.54,98.54,graph,282708,271236,400,post_hoc_retuned_fastest_feasible_recall_ge_98,pass,intersect,actual_triggered_chain_snapshot,/mnt/nvme1n1/PipeANN-github/experiments/v100_early_pq_triggered_chain_1m_20260602T142517Z/indexes/chain_cycle05_triggered_retrain,ok,triggered_retrain_chain,True,119935,1,0,always_after_initial_1m_and_each_60pct_replacement,triggered,triggered_retrain_chain,8.273371
graph,6.356261268,6356.261268,,,,,u100,1000000.0,10,22,cycle05_triggered_retrain_chain_intersect_u100,300,300,graph,0-15,16,True,chain_cycle05_triggered_retrain,5,,6.356531,0,chain_triggered_retrain,0,1,,10000,1000,16,1000000,/mnt/nvme1n1/PipeANN-github/experiments/v100_early_pq_triggered_chain_1m_20260602T142517Z/indexes/chain_cycle05_triggered_retrain,1331944,119935,1000000.0,17343.624,0.0,6019.463,0.0,311.538,17343.624,0.0,311.538,6077.467,1276059.648,19.037,119935,measure-dynamic-search,False,6290.975,21793.0,0.0,6.574344,6574.344,318.0,21793.0,0.0,318.0,6257.0,1302528.0,7000.167,chain,1000000,16,0,1331944,157.3185,13008,284196,/mnt/nvme1n1/PipeANN-github/build_reviewed_20260602_querycache/tests/dynamic_update_suite_driver --mode measure-dynamic-search --source-prefix /mnt/nvme1n1/PipeANN-github/experiments/v100_early_pq_triggered_chain_1m_20260602T142517Z/indexes/chain_cycle05_triggered_retrain --jsonl-output /mnt/nvme1n1/PipeANN-github/experiments/v100_early_pq_triggered_chain_1m_20260602T142517Z/raw/calibration_chain_cycle05_triggered_retrain_intersect_u100.jsonl --insert-threads 16 --search-threads 1 --merge-threads 16 --build-l 220 --build-r 116 --beamwidth 4 --k 10 --cpu-cap 16 --metric l2 --route graph --search-l 300 --data-bin /mnt/nvme1n1/PipeANN-github/experiments/v100_early_pq_triggered_chain_1m_20260602T142517Z/data/chain_cycle05_live_data_by_tag.bin --base-label-file /mnt/nvme1n1/PipeANN-github/experiments/v100_early_pq_10k_full_20260602T031600Z/labels/base_labels_1000000.spmat --query-bin /mnt/nvme1n1/PipeANN-github/experiments/r116_suite_pq16_aris_20260520_072453/data/sift_query_1000.bin --truthset-bin /mnt/nvme1n1/PipeANN-github/experiments/v100_early_pq_triggered_chain_1m_20260602T142517Z/truth/chain_cycle05_triggered_retrain_intersect_u100.bin --query-label-file /mnt/nvme1n1/PipeANN-github/experiments/r116_suite_pq16_aris_20260520_072453/labels/query_1000_u100.spmat --selector-type intersect --query-limit 1000,98.24,98.24,graph,284196,271188,300,post_hoc_retuned_fastest_feasible_recall_ge_98,pass,intersect,actual_triggered_chain_snapshot,/mnt/nvme1n1/PipeANN-github/experiments/v100_early_pq_triggered_chain_1m_20260602T142517Z/indexes/chain_cycle05_triggered_retrain,ok,triggered_retrain_chain,True,119935,1,0,always_after_initial_1m_and_each_60pct_replacement,triggered,triggered_retrain_chain,6.356531
prefilter,7.0548748670000005,7054.874867,,,,,u50,500000.0,7,22,cycle05_triggered_retrain_chain_range_u50,300,300,prefilter,0-15,16,True,chain_cycle05_triggered_retrain,5,,7.055192,0,chain_triggered_retrain,0,1,,10000,0,16,1000000,/mnt/nvme1n1/PipeANN-github/experiments/v100_early_pq_triggered_chain_1m_20260602T142517Z/indexes/chain_cycle05_triggered_retrain,1331944,119935,500000.0,0.0,0.0,0.0,0.0,300.0,500000.0,0.0,300.0,7049.563,1228800.0,590.449,119935,measure-dynamic-search,False,7034.256,0.0,0.0,7.429792,7429.792,300.0,500000.0,0.0,300.0,7424.0,1228800.0,7863.756,chain,1000000,16,1000,1331944,141.739589,988,272136,/mnt/nvme1n1/PipeANN-github/build_reviewed_20260602_querycache/tests/dynamic_update_suite_driver --mode measure-dynamic-search --source-prefix /mnt/nvme1n1/PipeANN-github/experiments/v100_early_pq_triggered_chain_1m_20260602T142517Z/indexes/chain_cycle05_triggered_retrain --jsonl-output /mnt/nvme1n1/PipeANN-github/experiments/v100_early_pq_triggered_chain_1m_20260602T142517Z/raw/calibration_chain_cycle05_triggered_retrain_range_u50.jsonl --insert-threads 16 --search-threads 1 --merge-threads 16 --build-l 220 --build-r 116 --beamwidth 4 --k 10 --cpu-cap 16 --metric l2 --route prefilter --search-l 300 --data-bin /mnt/nvme1n1/PipeANN-github/experiments/v100_early_pq_triggered_chain_1m_20260602T142517Z/data/chain_cycle05_live_data_by_tag.bin --base-label-file /mnt/nvme1n1/PipeANN-github/experiments/v100_early_pq_10k_full_20260602T031600Z/labels/base_labels_1000000.spmat --query-bin /mnt/nvme1n1/PipeANN-github/experiments/r116_suite_pq16_aris_20260520_072453/data/sift_query_1000.bin --truthset-bin /mnt/nvme1n1/PipeANN-github/experiments/v100_early_pq_triggered_chain_1m_20260602T142517Z/truth/chain_cycle05_triggered_retrain_range_u50.bin --query-label-file /mnt/nvme1n1/PipeANN-github/experiments/r116_suite_pq16_aris_20260520_072453/labels/query_1000_range_u50.spmat --selector-type range --query-limit 1000,98.49,98.49,prefilter,247664,271148,300,post_hoc_retuned_fastest_feasible_recall_ge_98,pass,range,actual_triggered_chain_snapshot,/mnt/nvme1n1/PipeANN-github/experiments/v100_early_pq_triggered_chain_1m_20260602T142517Z/indexes/chain_cycle05_triggered_retrain,ok,triggered_retrain_chain,True,119935,1,0,always_after_initial_1m_and_each_60pct_replacement,triggered,triggered_retrain_chain,7.055192
mixed,8.406848715,8406.848715,,,,,u75,750000.0,9,22,cycle05_triggered_retrain_chain_range_u75,400,400,graph,0-15,16,True,chain_cycle05_triggered_retrain,5,,8.407105,0,chain_triggered_retrain,1000,1,,10000,0,16,1000000,/mnt/nvme1n1/PipeANN-github/experiments/v100_early_pq_triggered_chain_1m_20260602T142517Z/indexes/chain_cycle05_triggered_retrain,1331944,119935,750000.0,21266.715,0.0,7983.149,0.0,410.797,21266.715,0.0,410.797,8088.914,1682624.512,65.098,119935,measure-dynamic-search,False,8300.277,27258.0,0.0,8.577449,8577.449,417.0,27258.0,0.0,417.0,8207.0,1708032.0,9017.951,chain,1000000,16,0,1331944,118.947014,11572,284772,/mnt/nvme1n1/PipeANN-github/build_reviewed_20260602_querycache/tests/dynamic_update_suite_driver --mode measure-dynamic-search --source-prefix /mnt/nvme1n1/PipeANN-github/experiments/v100_early_pq_triggered_chain_1m_20260602T142517Z/indexes/chain_cycle05_triggered_retrain --jsonl-output /mnt/nvme1n1/PipeANN-github/experiments/v100_early_pq_triggered_chain_1m_20260602T142517Z/raw/calibration_chain_cycle05_triggered_retrain_range_u75.jsonl --insert-threads 16 --search-threads 1 --merge-threads 16 --build-l 220 --build-r 116 --beamwidth 4 --k 10 --cpu-cap 16 --metric l2 --route graph --search-l 400 --data-bin /mnt/nvme1n1/PipeANN-github/experiments/v100_early_pq_triggered_chain_1m_20260602T142517Z/data/chain_cycle05_live_data_by_tag.bin --base-label-file /mnt/nvme1n1/PipeANN-github/experiments/v100_early_pq_10k_full_20260602T031600Z/labels/base_labels_1000000.spmat --query-bin /mnt/nvme1n1/PipeANN-github/experiments/r116_suite_pq16_aris_20260520_072453/data/sift_query_1000.bin --truthset-bin /mnt/nvme1n1/PipeANN-github/experiments/v100_early_pq_triggered_chain_1m_20260602T142517Z/truth/chain_cycle05_triggered_retrain_range_u75.bin --query-label-file /mnt/nvme1n1/PipeANN-github/experiments/r116_suite_pq16_aris_20260520_072453/labels/query_1000_range_u75.spmat --selector-type range --query-limit 1000,98.54,98.54,graph,284772,273200,400,post_hoc_retuned_fastest_feasible_recall_ge_98,pass,range,actual_triggered_chain_snapshot,/mnt/nvme1n1/PipeANN-github/experiments/v100_early_pq_triggered_chain_1m_20260602T142517Z/indexes/chain_cycle05_triggered_retrain,ok,triggered_retrain_chain,True,119935,1,0,always_after_initial_1m_and_each_60pct_replacement,triggered,triggered_retrain_chain,8.407105
mixed,6.426686388,6426.686388,,,,,u100,1000000.0,10,22,cycle05_triggered_retrain_chain_range_u100,300,300,graph,0-15,16,True,chain_cycle05_triggered_retrain,5,,6.426951,0,chain_triggered_retrain,1000,1,,10000,0,16,1000000,/mnt/nvme1n1/PipeANN-github/experiments/v100_early_pq_triggered_chain_1m_20260602T142517Z/indexes/chain_cycle05_triggered_retrain,1331944,119935,1000000.0,17344.26,0.0,6014.704,0.0,311.545,17344.26,0.0,311.545,6130.329,1276088.32,75.315,119935,measure-dynamic-search,False,6362.102,21793.0,0.0,6.766237,6766.237,318.0,21793.0,0.0,318.0,6417.0,1302528.0,7135.458,chain,1000000,16,0,1331944,155.594781,12896,284252,/mnt/nvme1n1/PipeANN-github/build_reviewed_20260602_querycache/tests/dynamic_update_suite_driver --mode measure-dynamic-search --source-prefix /mnt/nvme1n1/PipeANN-github/experiments/v100_early_pq_triggered_chain_1m_20260602T142517Z/indexes/chain_cycle05_triggered_retrain --jsonl-output /mnt/nvme1n1/PipeANN-github/experiments/v100_early_pq_triggered_chain_1m_20260602T142517Z/raw/calibration_chain_cycle05_triggered_retrain_range_u100.jsonl --insert-threads 16 --search-threads 1 --merge-threads 16 --build-l 220 --build-r 116 --beamwidth 4 --k 10 --cpu-cap 16 --metric l2 --route graph --search-l 300 --data-bin /mnt/nvme1n1/PipeANN-github/experiments/v100_early_pq_triggered_chain_1m_20260602T142517Z/data/chain_cycle05_live_data_by_tag.bin --base-label-file /mnt/nvme1n1/PipeANN-github/experiments/v100_early_pq_10k_full_20260602T031600Z/labels/base_labels_1000000.spmat --query-bin /mnt/nvme1n1/PipeANN-github/experiments/r116_suite_pq16_aris_20260520_072453/data/sift_query_1000.bin --truthset-bin /mnt/nvme1n1/PipeANN-github/experiments/v100_early_pq_triggered_chain_1m_20260602T142517Z/truth/chain_cycle05_triggered_retrain_range_u100.bin --query-label-file /mnt/nvme1n1/PipeANN-github/experiments/r116_suite_pq16_aris_20260520_072453/labels/query_1000_range_u100.spmat --selector-type range --query-limit 1000,98.24,98.24,graph,284252,271356,300,post_hoc_retuned_fastest_feasible_recall_ge_98,pass,range,actual_triggered_chain_snapshot,/mnt/nvme1n1/PipeANN-github/experiments/v100_early_pq_triggered_chain_1m_20260602T142517Z/indexes/chain_cycle05_triggered_retrain,ok,triggered_retrain_chain,True,119935,1,0,always_after_initial_1m_and_each_60pct_replacement,triggered,triggered_retrain_chain,6.426951
