L,avg_await_ms,avg_cpu_pct,avg_disk_util_pct,avg_latency_us,avg_qd,avg_read_await_ms,avg_read_iops,avg_read_mb_s,avg_write_iops,avg_write_mb_s,await_ms,beamwidth,block_latency_count,block_latency_log,block_latency_mean_ms,block_latency_p50_ms,block_latency_p95_ms,block_latency_p99_ms,block_latency_status,block_latency_trace_dev,bucket_label,bucket_lower,bucket_midpoint,bucket_name,bucket_query_count,bucket_upper,configured_L,configured_route,dataset,device,disk_metrics_reason,disk_metrics_status,disk_sanity_read_bytes,effective_device,elapsed_s,empty_count,fallback_count,format,graph_count,hybrid_enabled,index_prefix,iostat_log,max_await_ms,max_cpu_pct,max_disk_util_pct,max_qd,max_read_await_ms,max_read_iops,max_read_mb_s,max_rss_kb,max_tau_m,max_threshold_version,max_write_iops,max_write_mb_s,mean_candidate_count,mean_hops,mean_ios,mean_route_overhead_us,mem_L,min_tau_m,min_threshold_version,p50_latency_us,p95_latency_us,p999_latency_us,p99_latency_us,peak_memory_kb,prefilter_count,prefilter_rerank_l,prefilter_rerank_source,process_max_rss_kb,qdepth,qps,query_count,query_label_file,read_await_ms,read_iops,read_mb_s,recall,recall_at,requested_device,resolved_route,returncode,route,sample_count,selectivity_lower,selectivity_midpoint,selectivity_upper,selector_type,target_threads,tau_m,threads,threshold_version
100,0.166667,345.106241,0.317704,331.522003,0.001589,,0.0,0.0,7.148346,0.062052,0.166667,4,,/mnt/bak3/lzg/PipeANN-github/experiments/io_representative_20260514/fashion_mnist784/thread_sweep/u0p1/t1/block_latency.log,,,,,unavailable_no_events,,1.0e-03,0.001,0.001,u0p1,1000,0.001,100,auto,fashion_mnist784,nvme1c1n1,remapped static counter nvme1n1 to active counter nvme1c1n1,ok,67108864,nvme1c1n1,2.518065,0,0,pipeann.hybrid.search.v1,0,True,/mnt/bak3/lzg/PipeANN-github/data/fashion_mnist784/fashion_mnist784_qps4_pipeann,/mnt/bak3/lzg/PipeANN-github/experiments/io_representative_20260514/fashion_mnist784/thread_sweep/u0p1/t1/iostat.log,0.333333,1497.934107,0.794121,0.005956,0.0,0.0,0.0,17392,60000,1,29.777909,0.170612,60.0,0.0,60.0,0.117,0,60000,1,317.0,359.0,1103.0,561.0,31800,1000,,default-heuristic,17392,0.001589,2994.756592,1000,/mnt/bak3/lzg/PipeANN-github/experiments/qps_4sets/fashion_mnist784/workloads/uniform_exact_selectivity/u0p1/queries.spmat,,0.0,0.0,,10,nvme1n1,prefilter,0,auto,6,0.001,0.001,0.001,intersect,1,60000,1,1
100,,629.592894,0.0,636.392029,0.0,,0.0,0.0,0.0,0.0,,4,,/mnt/bak3/lzg/PipeANN-github/experiments/io_representative_20260514/fashion_mnist784/thread_sweep/u0p1/t4/block_latency.log,,,,,unavailable_no_events,,1.0e-03,0.001,0.001,u0p1,1000,0.001,100,auto,fashion_mnist784,nvme1c1n1,remapped static counter nvme1n1 to active counter nvme1c1n1,ok,67108864,nvme1c1n1,1.5105,0,0,pipeann.hybrid.search.v1,0,True,/mnt/bak3/lzg/PipeANN-github/data/fashion_mnist784/fashion_mnist784_qps4_pipeann,/mnt/bak3/lzg/PipeANN-github/experiments/io_representative_20260514/fashion_mnist784/thread_sweep/u0p1/t4/iostat.log,0.0,1500.11502,0.0,0.0,0.0,0.0,0.0,18812,60000,1,0.0,0.0,60.0,0.0,60.0,0.908,0,60000,1,617.0,763.0,1196.0,1014.0,34080,1000,,default-heuristic,18812,0.0,6246.1875,1000,/mnt/bak3/lzg/PipeANN-github/experiments/qps_4sets/fashion_mnist784/workloads/uniform_exact_selectivity/u0p1/queries.spmat,,0.0,0.0,,10,nvme1n1,prefilter,0,auto,4,0.001,0.001,0.001,intersect,4,60000,4,1
100,0.5,721.704498,0.397086,1723.713013,0.0,,0.0,0.0,0.992716,0.036839,0.5,4,,/mnt/bak3/lzg/PipeANN-github/experiments/io_representative_20260514/fashion_mnist784/thread_sweep/u0p1/t8/block_latency.log,,,,,unavailable_no_events,,1.0e-03,0.001,0.001,u0p1,1000,0.001,100,auto,fashion_mnist784,nvme1c1n1,remapped static counter nvme1n1 to active counter nvme1c1n1,ok,67108864,nvme1c1n1,2.014675,0,0,pipeann.hybrid.search.v1,0,True,/mnt/bak3/lzg/PipeANN-github/data/fashion_mnist784/fashion_mnist784_qps4_pipeann,/mnt/bak3/lzg/PipeANN-github/experiments/io_representative_20260514/fashion_mnist784/thread_sweep/u0p1/t8/iostat.log,0.5,1438.499273,1.587814,0.0,0.0,0.0,0.0,21448,60000,1,3.969535,0.147307,60.0,0.0,60.0,2.019,0,60000,1,1685.0,2074.0,2677.0,2261.0,36704,1000,,default-heuristic,21448,0.0,4615.58252,1000,/mnt/bak3/lzg/PipeANN-github/experiments/qps_4sets/fashion_mnist784/workloads/uniform_exact_selectivity/u0p1/queries.spmat,,0.0,0.0,,10,nvme1n1,prefilter,0,auto,5,0.001,0.001,0.001,intersect,8,60000,8,1
100,0.0,247.948772,0.198558,547.669983,0.000248,,0.0,0.0,0.496394,0.01939,0.0,4,,/mnt/bak3/lzg/PipeANN-github/experiments/io_representative_20260514/fashion_mnist784/thread_sweep/u0p5/t1/block_latency.log,,,,,unavailable_no_events,,5.0e-03,0.005,0.005,u0p5,1000,0.005,100,auto,fashion_mnist784,nvme1c1n1,remapped static counter nvme1n1 to active counter nvme1c1n1,ok,67108864,nvme1c1n1,4.029058,0,0,pipeann.hybrid.search.v1,0,True,/mnt/bak3/lzg/PipeANN-github/data/fashion_mnist784/fashion_mnist784_qps4_pipeann,/mnt/bak3/lzg/PipeANN-github/experiments/io_representative_20260514/fashion_mnist784/thread_sweep/u0p5/t1/iostat.log,0.0,1492.125146,1.588442,0.001986,0.0,0.0,0.0,17204,60000,1,3.971105,0.155121,300.0,0.0,96.0,1.02,0,60000,1,528.0,714.0,1148.0,898.0,31800,1000,,default-heuristic,17204,0.000248,1817.283813,1000,/mnt/bak3/lzg/PipeANN-github/experiments/qps_4sets/fashion_mnist784/workloads/uniform_exact_selectivity/u0p5/queries.spmat,,0.0,0.0,,10,nvme1n1,prefilter,0,auto,9,0.005,0.005,0.005,intersect,1,60000,1,1
100,0.0,513.985631,0.159006,1060.401001,0.000398,,0.0,0.0,1.192542,0.029503,0.0,4,,/mnt/bak3/lzg/PipeANN-github/experiments/io_representative_20260514/fashion_mnist784/thread_sweep/u0p5/t4/block_latency.log,,,,,unavailable_no_events,,5.0e-03,0.005,0.005,u0p5,1000,0.005,100,auto,fashion_mnist784,nvme1c1n1,remapped static counter nvme1n1 to active counter nvme1c1n1,ok,67108864,nvme1c1n1,2.515635,0,0,pipeann.hybrid.search.v1,0,True,/mnt/bak3/lzg/PipeANN-github/data/fashion_mnist784/fashion_mnist784_qps4_pipeann,/mnt/bak3/lzg/PipeANN-github/experiments/io_representative_20260514/fashion_mnist784/thread_sweep/u0p5/t4/iostat.log,0.0,1647.392632,0.793977,0.001985,0.0,0.0,0.0,18880,60000,1,5.954829,0.14732,300.0,0.0,96.0,1.251,0,60000,1,1019.0,1301.0,1870.0,1600.0,34032,1000,,default-heuristic,18880,0.000398,3753.297119,1000,/mnt/bak3/lzg/PipeANN-github/experiments/qps_4sets/fashion_mnist784/workloads/uniform_exact_selectivity/u0p5/queries.spmat,,0.0,0.0,,10,nvme1n1,prefilter,0,auto,6,0.005,0.005,0.005,intersect,4,60000,4,1
100,1.0,680.846315,0.158983,2833.746094,0.000397,,0.0,0.0,0.794917,0.023289,1.0,4,,/mnt/bak3/lzg/PipeANN-github/experiments/io_representative_20260514/fashion_mnist784/thread_sweep/u0p5/t8/block_latency.log,,,,,unavailable_no_events,,5.0e-03,0.005,0.005,u0p5,1000,0.005,100,auto,fashion_mnist784,nvme1c1n1,remapped static counter nvme1n1 to active counter nvme1c1n1,ok,67108864,nvme1c1n1,2.515986,0,0,pipeann.hybrid.search.v1,0,True,/mnt/bak3/lzg/PipeANN-github/data/fashion_mnist784/fashion_mnist784_qps4_pipeann,/mnt/bak3/lzg/PipeANN-github/experiments/io_representative_20260514/fashion_mnist784/thread_sweep/u0p5/t8/iostat.log,1.0,1813.771246,0.797649,0.001994,0.0,0.0,0.0,21444,60000,1,3.988247,0.116843,300.0,0.0,96.0,2.524,0,60000,1,2759.0,3339.0,4120.0,3528.0,36712,1000,,default-heuristic,21444,0.000397,2812.79834,1000,/mnt/bak3/lzg/PipeANN-github/experiments/qps_4sets/fashion_mnist784/workloads/uniform_exact_selectivity/u0p5/queries.spmat,,0.0,0.0,,10,nvme1n1,prefilter,0,auto,6,0.005,0.005,0.005,intersect,8,60000,8,1
100,0.75,215.811968,0.238247,731.554993,0.001191,,0.0,0.0,1.588313,0.031797,0.75,4,,/mnt/bak3/lzg/PipeANN-github/experiments/io_representative_20260514/fashion_mnist784/thread_sweep/u1/t1/block_latency.log,,,,,unavailable_no_events,,1.0%,0.01,0.01,u1,1000,0.01,100,auto,fashion_mnist784,nvme1c1n1,remapped static counter nvme1n1 to active counter nvme1c1n1,ok,67108864,nvme1c1n1,5.036792,0,0,pipeann.hybrid.search.v1,0,True,/mnt/bak3/lzg/PipeANN-github/data/fashion_mnist784/fashion_mnist784_qps4_pipeann,/mnt/bak3/lzg/PipeANN-github/experiments/io_representative_20260514/fashion_mnist784/thread_sweep/u1/t1/iostat.log,1.0,1468.289565,0.794744,0.009925,0.0,0.0,0.0,17236,60000,1,9.925356,0.170746,600.0,0.0,128.0,1.315,0,60000,1,711.0,910.0,1369.0,1098.0,31884,1000,,default-heuristic,17236,0.001191,1361.356689,1000,/mnt/bak3/lzg/PipeANN-github/experiments/qps_4sets/fashion_mnist784/workloads/uniform_exact_selectivity/u1/queries.spmat,,0.0,0.0,,10,nvme1n1,prefilter,0,auto,11,0.01,0.01,0.01,intersect,1,60000,1,1
100,,480.616965,0.0,1446.245972,0.0,,0.0,0.0,0.0,0.0,,4,,/mnt/bak3/lzg/PipeANN-github/experiments/io_representative_20260514/fashion_mnist784/thread_sweep/u1/t4/block_latency.log,,,,,unavailable_no_events,,1.0%,0.01,0.01,u1,1000,0.01,100,auto,fashion_mnist784,nvme1c1n1,remapped static counter nvme1n1 to active counter nvme1c1n1,ok,67108864,nvme1c1n1,3.019036,0,0,pipeann.hybrid.search.v1,0,True,/mnt/bak3/lzg/PipeANN-github/data/fashion_mnist784/fashion_mnist784_qps4_pipeann,/mnt/bak3/lzg/PipeANN-github/experiments/io_representative_20260514/fashion_mnist784/thread_sweep/u1/t4/iostat.log,0.0,1644.965538,0.0,0.0,0.0,0.0,0.0,18808,60000,1,0.0,0.0,600.0,0.0,128.0,1.779,0,60000,1,1402.0,1730.0,2164.0,1949.0,33892,1000,,default-heuristic,18808,0.0,2756.054199,1000,/mnt/bak3/lzg/PipeANN-github/experiments/qps_4sets/fashion_mnist784/workloads/uniform_exact_selectivity/u1/queries.spmat,,0.0,0.0,,10,nvme1n1,prefilter,0,auto,7,0.01,0.01,0.01,intersect,4,60000,4,1
100,,673.229261,0.0,3265.571045,0.0,,0.0,0.0,0.0,0.0,,4,,/mnt/bak3/lzg/PipeANN-github/experiments/io_representative_20260514/fashion_mnist784/thread_sweep/u1/t8/block_latency.log,,,,,unavailable_no_events,,1.0%,0.01,0.01,u1,1000,0.01,100,auto,fashion_mnist784,nvme1c1n1,remapped static counter nvme1n1 to active counter nvme1c1n1,ok,67108864,nvme1c1n1,3.019774,0,0,pipeann.hybrid.search.v1,0,True,/mnt/bak3/lzg/PipeANN-github/data/fashion_mnist784/fashion_mnist784_qps4_pipeann,/mnt/bak3/lzg/PipeANN-github/experiments/io_representative_20260514/fashion_mnist784/thread_sweep/u1/t8/iostat.log,0.0,1818.542353,0.0,0.0,0.0,0.0,0.0,21408,60000,1,0.0,0.0,600.0,0.0,128.0,2.803,0,60000,1,3147.0,4331.0,5129.0,4611.0,36948,1000,,default-heuristic,21408,0.0,2441.311279,1000,/mnt/bak3/lzg/PipeANN-github/experiments/qps_4sets/fashion_mnist784/workloads/uniform_exact_selectivity/u1/queries.spmat,,0.0,0.0,,10,nvme1n1,prefilter,0,auto,7,0.01,0.01,0.01,intersect,8,60000,8,1
100,0.555556,184.042581,0.283579,1046.515991,0.001985,,0.0,0.0,3.828313,0.050402,0.555556,4,,/mnt/bak3/lzg/PipeANN-github/experiments/io_representative_20260514/fashion_mnist784/thread_sweep/u5/t1/block_latency.log,,,,,unavailable_no_events,,5.0%,0.05,0.05,u5,1000,0.05,100,auto,fashion_mnist784,nvme1c1n1,remapped static counter nvme1n1 to active counter nvme1c1n1,ok,67108864,nvme1c1n1,7.052716,0,0,pipeann.hybrid.search.v1,0,True,/mnt/bak3/lzg/PipeANN-github/data/fashion_mnist784/fashion_mnist784_qps4_pipeann,/mnt/bak3/lzg/PipeANN-github/experiments/io_representative_20260514/fashion_mnist784/thread_sweep/u5/t1/iostat.log,2.0,1499.923044,0.794661,0.013892,0.0,0.0,0.0,17140,60000,1,35.722594,0.317844,3000.0,0.0,160.0,2.266,0,60000,1,1009.0,1261.0,2031.0,1570.0,32000,1000,,default-heuristic,17140,0.001985,945.604614,1000,/mnt/bak3/lzg/PipeANN-github/experiments/qps_4sets/fashion_mnist784/workloads/uniform_exact_selectivity/u5/queries.spmat,,0.0,0.0,,10,nvme1n1,prefilter,0,auto,15,0.05,0.05,0.05,intersect,1,60000,1,1
100,0.285714,445.154056,0.198508,1848.371948,0.000496,,0.0,0.0,1.736944,0.02617,0.285714,4,,/mnt/bak3/lzg/PipeANN-github/experiments/io_representative_20260514/fashion_mnist784/thread_sweep/u5/t4/block_latency.log,,,,,unavailable_no_events,,5.0%,0.05,0.05,u5,1000,0.05,100,auto,fashion_mnist784,nvme1c1n1,remapped static counter nvme1n1 to active counter nvme1c1n1,ok,67108864,nvme1c1n1,4.030065,0,0,pipeann.hybrid.search.v1,0,True,/mnt/bak3/lzg/PipeANN-github/data/fashion_mnist784/fashion_mnist784_qps4_pipeann,/mnt/bak3/lzg/PipeANN-github/experiments/io_representative_20260514/fashion_mnist784/thread_sweep/u5/t4/iostat.log,0.5,1646.981307,0.793934,0.001985,0.0,0.0,0.0,18808,60000,1,7.939337,0.108542,3000.0,0.0,160.0,2.254,0,60000,1,1775.0,2281.0,3458.0,2730.0,34128,1000,,default-heuristic,18808,0.000496,2145.028076,1000,/mnt/bak3/lzg/PipeANN-github/experiments/qps_4sets/fashion_mnist784/workloads/uniform_exact_selectivity/u5/queries.spmat,,0.0,0.0,,10,nvme1n1,prefilter,0,auto,9,0.05,0.05,0.05,intersect,4,60000,4,1
100,0.0,671.763558,0.113426,4066.300049,0.0,,0.0,0.0,0.567128,0.01883,0.0,4,,/mnt/bak3/lzg/PipeANN-github/experiments/io_representative_20260514/fashion_mnist784/thread_sweep/u5/t8/block_latency.log,,,,,unavailable_no_events,,5.0%,0.05,0.05,u5,1000,0.05,100,auto,fashion_mnist784,nvme1c1n1,remapped static counter nvme1n1 to active counter nvme1c1n1,ok,67108864,nvme1c1n1,3.526538,0,0,pipeann.hybrid.search.v1,0,True,/mnt/bak3/lzg/PipeANN-github/data/fashion_mnist784/fashion_mnist784_qps4_pipeann,/mnt/bak3/lzg/PipeANN-github/experiments/io_representative_20260514/fashion_mnist784/thread_sweep/u5/t8/iostat.log,0.0,1825.527368,0.793796,0.0,0.0,0.0,0.0,21612,60000,1,3.968979,0.131783,3000.0,0.0,160.0,2.826,0,60000,1,3896.0,5403.0,7939.0,5892.0,37108,1000,,default-heuristic,21612,0.0,1951.717773,1000,/mnt/bak3/lzg/PipeANN-github/experiments/qps_4sets/fashion_mnist784/workloads/uniform_exact_selectivity/u5/queries.spmat,,0.0,0.0,,10,nvme1n1,prefilter,0,auto,8,0.05,0.05,0.05,intersect,8,60000,8,1
100,0.5,172.940414,0.148873,1267.274048,0.000372,,0.0,0.0,0.744363,0.015992,0.5,4,,/mnt/bak3/lzg/PipeANN-github/experiments/io_representative_20260514/fashion_mnist784/thread_sweep/u10/t1/block_latency.log,,,,,unavailable_no_events,,10%,0.1,0.1,u10,1000,0.1,100,auto,fashion_mnist784,nvme1c1n1,remapped static counter nvme1n1 to active counter nvme1c1n1,ok,67108864,nvme1c1n1,8.06058,0,0,pipeann.hybrid.search.v1,0,True,/mnt/bak3/lzg/PipeANN-github/data/fashion_mnist784/fashion_mnist784_qps4_pipeann,/mnt/bak3/lzg/PipeANN-github/experiments/io_representative_20260514/fashion_mnist784/thread_sweep/u10/t1/iostat.log,1.0,1491.971328,0.79423,0.003969,0.0,0.0,0.0,17224,60000,1,5.954361,0.186074,6000.0,0.0,160.0,2.041,0,60000,1,1237.0,1479.0,2074.0,1679.0,31976,1000,,default-heuristic,17224,0.000372,778.23761,1000,/mnt/bak3/lzg/PipeANN-github/experiments/qps_4sets/fashion_mnist784/workloads/uniform_exact_selectivity/u10/queries.spmat,,0.0,0.0,,10,nvme1n1,prefilter,0,auto,17,0.1,0.1,0.1,intersect,1,60000,1,1
100,0.333333,437.57021,0.17644,2594.162109,0.000441,,0.0,0.0,1.323297,0.025846,0.333333,4,,/mnt/bak3/lzg/PipeANN-github/experiments/io_representative_20260514/fashion_mnist784/thread_sweep/u10/t4/block_latency.log,,,,,unavailable_no_events,,10%,0.1,0.1,u10,1000,0.1,100,auto,fashion_mnist784,nvme1c1n1,remapped static counter nvme1n1 to active counter nvme1c1n1,ok,67108864,nvme1c1n1,4.53413,0,0,pipeann.hybrid.search.v1,0,True,/mnt/bak3/lzg/PipeANN-github/data/fashion_mnist784/fashion_mnist784_qps4_pipeann,/mnt/bak3/lzg/PipeANN-github/experiments/io_representative_20260514/fashion_mnist784/thread_sweep/u10/t4/iostat.log,0.5,1632.83546,0.793893,0.003969,0.0,0.0,0.0,18820,60000,1,7.937671,0.124046,6000.0,0.0,160.0,2.337,0,60000,1,2581.0,3434.0,5736.0,3812.0,34280,1000,,default-heuristic,18820,0.000441,1527.361694,1000,/mnt/bak3/lzg/PipeANN-github/experiments/qps_4sets/fashion_mnist784/workloads/uniform_exact_selectivity/u10/queries.spmat,,0.0,0.0,,10,nvme1n1,prefilter,0,auto,10,0.1,0.1,0.1,intersect,4,60000,4,1
100,0.5,673.940546,0.340517,4094.091064,0.000851,,0.0,0.0,1.702587,0.031037,0.5,4,,/mnt/bak3/lzg/PipeANN-github/experiments/io_representative_20260514/fashion_mnist784/thread_sweep/u10/t8/block_latency.log,,,,,unavailable_no_events,,10%,0.1,0.1,u10,1000,0.1,100,auto,fashion_mnist784,nvme1c1n1,remapped static counter nvme1n1 to active counter nvme1c1n1,ok,67108864,nvme1c1n1,3.52405,0,0,pipeann.hybrid.search.v1,0,True,/mnt/bak3/lzg/PipeANN-github/data/fashion_mnist784/fashion_mnist784_qps4_pipeann,/mnt/bak3/lzg/PipeANN-github/experiments/io_representative_20260514/fashion_mnist784/thread_sweep/u10/t8/iostat.log,0.5,1827.56442,1.588793,0.003971,0.0,0.0,0.0,21628,60000,1,7.941766,0.131882,6000.0,0.0,160.0,2.97,0,60000,1,3933.0,5585.0,6323.0,6045.0,37468,1000,,default-heuristic,21628,0.000851,1938.477173,1000,/mnt/bak3/lzg/PipeANN-github/experiments/qps_4sets/fashion_mnist784/workloads/uniform_exact_selectivity/u10/queries.spmat,,0.0,0.0,,10,nvme1n1,prefilter,0,auto,8,0.1,0.1,0.1,intersect,8,60000,8,1
100,0.454545,155.674585,0.18904,1720.362061,0.000567,,0.0,0.0,1.039721,0.015876,0.454545,4,,/mnt/bak3/lzg/PipeANN-github/experiments/io_representative_20260514/fashion_mnist784/thread_sweep/u25/t1/block_latency.log,,,,,unavailable_no_events,,25%,0.25,0.25,u25,1000,0.25,100,auto,fashion_mnist784,nvme1c1n1,remapped static counter nvme1n1 to active counter nvme1c1n1,ok,67108864,nvme1c1n1,10.579762,0,0,pipeann.hybrid.search.v1,0,True,/mnt/bak3/lzg/PipeANN-github/data/fashion_mnist784/fashion_mnist784_qps4_pipeann,/mnt/bak3/lzg/PipeANN-github/experiments/io_representative_20260514/fashion_mnist784/thread_sweep/u25/t1/iostat.log,1.0,1497.89063,1.587818,0.005956,0.0,0.0,0.0,17040,60000,1,9.925899,0.147307,15000.0,0.0,192.0,2.222,0,60000,1,1682.0,1982.0,2414.0,2157.0,31992,1000,,default-heuristic,17040,0.000567,568.132263,1000,/mnt/bak3/lzg/PipeANN-github/experiments/qps_4sets/fashion_mnist784/workloads/uniform_exact_selectivity/u25/queries.spmat,,0.0,0.0,,10,nvme1n1,prefilter,0,auto,22,0.25,0.25,0.25,intersect,1,60000,1,1
100,0.285714,434.942092,0.15881,2542.700928,0.000397,,0.0,0.0,1.389591,0.028691,0.285714,4,,/mnt/bak3/lzg/PipeANN-github/experiments/io_representative_20260514/fashion_mnist784/thread_sweep/u25/t4/block_latency.log,,,,,unavailable_no_events,,25%,0.25,0.25,u25,1000,0.25,100,auto,fashion_mnist784,nvme1c1n1,remapped static counter nvme1n1 to active counter nvme1c1n1,ok,67108864,nvme1c1n1,5.037452,0,0,pipeann.hybrid.search.v1,0,True,/mnt/bak3/lzg/PipeANN-github/data/fashion_mnist784/fashion_mnist784_qps4_pipeann,/mnt/bak3/lzg/PipeANN-github/experiments/io_representative_20260514/fashion_mnist784/thread_sweep/u25/t4/iostat.log,0.5,1656.899474,0.793876,0.001985,0.0,0.0,0.0,20308,60000,1,7.938764,0.147299,15000.0,0.0,192.0,2.396,0,60000,1,2436.0,3124.0,4814.0,4558.0,34548,1000,,default-heuristic,20308,0.000397,1545.678955,1000,/mnt/bak3/lzg/PipeANN-github/experiments/qps_4sets/fashion_mnist784/workloads/uniform_exact_selectivity/u25/queries.spmat,,0.0,0.0,,10,nvme1n1,prefilter,0,auto,11,0.25,0.25,0.25,intersect,4,60000,4,1
100,0.833333,696.357322,0.158895,5315.008789,0.000794,,0.0,0.0,1.191712,0.021724,0.833333,4,,/mnt/bak3/lzg/PipeANN-github/experiments/io_representative_20260514/fashion_mnist784/thread_sweep/u25/t8/block_latency.log,,,,,unavailable_no_events,,25%,0.25,0.25,u25,1000,0.25,100,auto,fashion_mnist784,nvme1c1n1,remapped static counter nvme1n1 to active counter nvme1c1n1,ok,67108864,nvme1c1n1,5.034772,0,0,pipeann.hybrid.search.v1,0,True,/mnt/bak3/lzg/PipeANN-github/data/fashion_mnist784/fashion_mnist784_qps4_pipeann,/mnt/bak3/lzg/PipeANN-github/experiments/io_representative_20260514/fashion_mnist784/thread_sweep/u25/t8/iostat.log,1.0,1835.641487,0.794267,0.007942,0.0,0.0,0.0,21504,60000,1,7.942132,0.116348,15000.0,0.0,192.0,3.097,0,60000,1,5241.0,6532.0,9581.0,7668.0,37816,1000,,default-heuristic,21504,0.000794,1489.697876,1000,/mnt/bak3/lzg/PipeANN-github/experiments/qps_4sets/fashion_mnist784/workloads/uniform_exact_selectivity/u25/queries.spmat,,0.0,0.0,,10,nvme1n1,prefilter,0,auto,11,0.25,0.25,0.25,intersect,8,60000,8,1
100,0.518519,146.015858,0.158799,1986.155029,0.001112,,0.0,0.0,2.143789,0.02047,0.518519,4,,/mnt/bak3/lzg/PipeANN-github/experiments/io_representative_20260514/fashion_mnist784/thread_sweep/u50/t1/block_latency.log,,,,,unavailable_no_events,,50%,0.5,0.5,u50,1000,0.5,100,auto,fashion_mnist784,nvme1c1n1,remapped static counter nvme1n1 to active counter nvme1c1n1,ok,67108864,nvme1c1n1,12.594522,0,0,pipeann.hybrid.search.v1,0,True,/mnt/bak3/lzg/PipeANN-github/data/fashion_mnist784/fashion_mnist784_qps4_pipeann,/mnt/bak3/lzg/PipeANN-github/experiments/io_representative_20260514/fashion_mnist784/thread_sweep/u50/t1/iostat.log,2.0,1476.077426,0.794291,0.0139,0.0,0.0,0.0,17404,60000,1,31.755796,0.224834,30000.0,0.0,192.0,2.396,0,60000,1,1920.0,2256.0,4635.0,2653.0,31932,1000,,default-heuristic,17404,0.001112,486.695679,1000,/mnt/bak3/lzg/PipeANN-github/experiments/qps_4sets/fashion_mnist784/workloads/uniform_exact_selectivity/u50/queries.spmat,,0.0,0.0,,10,nvme1n1,prefilter,0,auto,26,0.5,0.5,0.5,intersect,1,60000,1,1
100,0.0,432.733444,0.072182,2775.030029,0.0,,0.0,0.0,0.360912,0.011278,0.0,4,,/mnt/bak3/lzg/PipeANN-github/experiments/io_representative_20260514/fashion_mnist784/thread_sweep/u50/t4/block_latency.log,,,,,unavailable_no_events,,50%,0.5,0.5,u50,1000,0.5,100,auto,fashion_mnist784,nvme1c1n1,remapped static counter nvme1n1 to active counter nvme1c1n1,ok,67108864,nvme1c1n1,5.541518,0,0,pipeann.hybrid.search.v1,0,True,/mnt/bak3/lzg/PipeANN-github/data/fashion_mnist784/fashion_mnist784_qps4_pipeann,/mnt/bak3/lzg/PipeANN-github/experiments/io_representative_20260514/fashion_mnist784/thread_sweep/u50/t4/iostat.log,0.0,1656.966309,0.793872,0.0,0.0,0.0,0.0,19936,60000,1,3.969359,0.124042,30000.0,0.0,192.0,2.311,0,60000,1,2708.0,3338.0,5734.0,3830.0,34904,1000,,default-heuristic,19936,0.0,1400.958374,1000,/mnt/bak3/lzg/PipeANN-github/experiments/qps_4sets/fashion_mnist784/workloads/uniform_exact_selectivity/u50/queries.spmat,,0.0,0.0,,10,nvme1n1,prefilter,0,auto,12,0.5,0.5,0.5,intersect,4,60000,4,1
100,0.333333,701.720911,0.158805,5021.312988,0.000199,,0.0,0.0,0.59552,0.013182,0.333333,4,,/mnt/bak3/lzg/PipeANN-github/experiments/io_representative_20260514/fashion_mnist784/thread_sweep/u50/t8/block_latency.log,,,,,unavailable_no_events,,50%,0.5,0.5,u50,1000,0.5,100,auto,fashion_mnist784,nvme1c1n1,remapped static counter nvme1n1 to active counter nvme1c1n1,ok,67108864,nvme1c1n1,5.037615,0,0,pipeann.hybrid.search.v1,0,True,/mnt/bak3/lzg/PipeANN-github/data/fashion_mnist784/fashion_mnist784_qps4_pipeann,/mnt/bak3/lzg/PipeANN-github/experiments/io_representative_20260514/fashion_mnist784/thread_sweep/u50/t8/iostat.log,0.5,1837.609215,0.794642,0.001987,0.0,0.0,0.0,23828,60000,1,3.969626,0.093038,30000.0,0.0,192.0,3.401,0,60000,1,4922.0,6441.0,9521.0,7378.0,38884,1000,,default-heuristic,23828,0.000199,1569.872925,1000,/mnt/bak3/lzg/PipeANN-github/experiments/qps_4sets/fashion_mnist784/workloads/uniform_exact_selectivity/u50/queries.spmat,,0.0,0.0,,10,nvme1n1,prefilter,0,auto,11,0.5,0.5,0.5,intersect,8,60000,8,1
100,0.166667,136.594409,0.074438,2472.577881,6.2e-05,,0.0,0.0,0.372192,0.006058,0.166667,4,,/mnt/bak3/lzg/PipeANN-github/experiments/io_representative_20260514/fashion_mnist784/thread_sweep/u100/t1/block_latency.log,,,,,unavailable_no_events,,100%,1.0,1.0,u100,1000,1.0,100,auto,fashion_mnist784,nvme1c1n1,remapped static counter nvme1n1 to active counter nvme1c1n1,ok,67108864,nvme1c1n1,16.120718,0,0,pipeann.hybrid.search.v1,0,True,/mnt/bak3/lzg/PipeANN-github/data/fashion_mnist784/fashion_mnist784_qps4_pipeann,/mnt/bak3/lzg/PipeANN-github/experiments/io_representative_20260514/fashion_mnist784/thread_sweep/u100/t1/iostat.log,0.5,1499.952709,0.793956,0.001985,0.0,0.0,0.0,17952,60000,1,3.96978,0.131798,60000.0,0.0,192.0,2.228,0,60000,1,2425.0,2713.0,3344.0,3079.0,32372,1000,,default-heuristic,17952,6.2e-05,389.315613,1000,/mnt/bak3/lzg/PipeANN-github/experiments/qps_4sets/fashion_mnist784/workloads/uniform_exact_selectivity/u100/queries.spmat,,0.0,0.0,,10,nvme1n1,prefilter,0,auto,33,1.0,1.0,1.0,intersect,1,60000,1,1
100,0.32,429.134349,0.305434,3186.49707,0.001222,,0.0,0.0,3.817921,0.044741,0.32,4,,/mnt/bak3/lzg/PipeANN-github/experiments/io_representative_20260514/fashion_mnist784/thread_sweep/u100/t4/block_latency.log,,,,,unavailable_no_events,,100%,1.0,1.0,u100,1000,1.0,100,auto,fashion_mnist784,nvme1c1n1,remapped static counter nvme1n1 to active counter nvme1c1n1,ok,67108864,nvme1c1n1,6.548066,0,0,pipeann.hybrid.search.v1,0,True,/mnt/bak3/lzg/PipeANN-github/data/fashion_mnist784/fashion_mnist784_qps4_pipeann,/mnt/bak3/lzg/PipeANN-github/experiments/io_representative_20260514/fashion_mnist784/thread_sweep/u100/t4/iostat.log,0.5,1659.179997,0.794767,0.011909,0.0,0.0,0.0,21960,60000,1,31.756535,0.240345,60000.0,0.0,192.0,2.287,0,60000,1,3128.0,3907.0,4615.0,4209.0,36152,1000,,default-heuristic,21960,0.001222,1212.13147,1000,/mnt/bak3/lzg/PipeANN-github/experiments/qps_4sets/fashion_mnist784/workloads/uniform_exact_selectivity/u100/queries.spmat,,0.0,0.0,,10,nvme1n1,prefilter,0,auto,14,1.0,1.0,1.0,intersect,4,60000,4,1
100,0.25,709.667723,0.23821,5435.973145,0.000199,,0.0,0.0,0.794034,0.020161,0.25,4,,/mnt/bak3/lzg/PipeANN-github/experiments/io_representative_20260514/fashion_mnist784/thread_sweep/u100/t8/block_latency.log,,,,,unavailable_no_events,,100%,1.0,1.0,u100,1000,1.0,100,auto,fashion_mnist784,nvme1c1n1,remapped static counter nvme1n1 to active counter nvme1c1n1,ok,67108864,nvme1c1n1,5.037569,0,0,pipeann.hybrid.search.v1,0,True,/mnt/bak3/lzg/PipeANN-github/data/fashion_mnist784/fashion_mnist784_qps4_pipeann,/mnt/bak3/lzg/PipeANN-github/experiments/io_representative_20260514/fashion_mnist784/thread_sweep/u100/t8/iostat.log,1.0,1843.434304,0.794022,0.001985,0.0,0.0,0.0,25976,60000,1,3.969438,0.131798,60000.0,0.0,192.0,3.288,0,60000,1,5466.0,6769.0,10514.0,7464.0,41416,1000,,default-heuristic,25976,0.000199,1437.737549,1000,/mnt/bak3/lzg/PipeANN-github/experiments/qps_4sets/fashion_mnist784/workloads/uniform_exact_selectivity/u100/queries.spmat,,0.0,0.0,,10,nvme1n1,prefilter,0,auto,11,1.0,1.0,1.0,intersect,8,60000,8,1
100,0.2,399.530603,0.397049,623.245972,0.000496,,0.0,0.0,2.481557,0.081426,0.2,4,,/mnt/bak3/lzg/PipeANN-github/experiments/io_representative_20260514/gist960/thread_sweep/u0p1/t1/block_latency.log,,,,,unavailable_no_events,,1.0e-03,0.001,0.001,u0p1,1000,0.001,100,auto,gist960,nvme1c1n1,remapped static counter nvme1n1 to active counter nvme1c1n1,ok,67108864,nvme1c1n1,2.014864,0,0,pipeann.hybrid.search.v1,0,True,/mnt/bak3/lzg/PipeANN-github/data/gist960/gist960_qps4_pipeann,/mnt/bak3/lzg/PipeANN-github/experiments/io_representative_20260514/gist960/thread_sweep/u0p1/t1/iostat.log,0.2,1499.838597,1.58781,0.001985,0.0,0.0,0.0,33728,5972,1,9.923815,0.325625,1000.0,0.0,96.0,10.506,0,5972,1,592.0,759.0,2599.0,949.0,33652,1000,,default-heuristic,33728,0.000496,1587.432373,1000,/mnt/bak3/lzg/PipeANN-github/experiments/qps_4sets/gist960/workloads/uniform_exact_selectivity/u0p1/queries.spmat,,0.0,0.0,,10,nvme1n1,prefilter,0,auto,5,0.001,0.001,0.001,intersect,1,5972,1,1
100,,825.161238,0.0,1049.072998,0.0,,0.0,0.0,0.0,0.0,,4,,/mnt/bak3/lzg/PipeANN-github/experiments/io_representative_20260514/gist960/thread_sweep/u0p1/t4/block_latency.log,,,,,unavailable_no_events,,1.0e-03,0.001,0.001,u0p1,1000,0.001,100,auto,gist960,nvme1c1n1,remapped static counter nvme1n1 to active counter nvme1c1n1,ok,67108864,nvme1c1n1,1.007076,0,0,pipeann.hybrid.search.v1,0,True,/mnt/bak3/lzg/PipeANN-github/data/gist960/gist960_qps4_pipeann,/mnt/bak3/lzg/PipeANN-github/experiments/io_representative_20260514/gist960/thread_sweep/u0p1/t4/iostat.log,0.0,1650.794092,0.0,0.0,0.0,0.0,0.0,33288,5972,1,0.0,0.0,1000.0,0.0,96.0,10.725,0,5972,1,1006.0,1302.0,3417.0,1593.0,36160,1000,,default-heuristic,33288,0.0,3780.843506,1000,/mnt/bak3/lzg/PipeANN-github/experiments/qps_4sets/gist960/workloads/uniform_exact_selectivity/u0p1/queries.spmat,,0.0,0.0,,10,nvme1n1,prefilter,0,auto,3,0.001,0.001,0.001,intersect,4,5972,4,1
100,,901.618657,0.0,2367.778076,0.0,,0.0,0.0,0.0,0.0,,4,,/mnt/bak3/lzg/PipeANN-github/experiments/io_representative_20260514/gist960/thread_sweep/u0p1/t8/block_latency.log,,,,,unavailable_no_events,,1.0e-03,0.001,0.001,u0p1,1000,0.001,100,auto,gist960,nvme1c1n1,remapped static counter nvme1n1 to active counter nvme1c1n1,ok,67108864,nvme1c1n1,1.007078,0,0,pipeann.hybrid.search.v1,0,True,/mnt/bak3/lzg/PipeANN-github/data/gist960/gist960_qps4_pipeann,/mnt/bak3/lzg/PipeANN-github/experiments/io_representative_20260514/gist960/thread_sweep/u0p1/t8/iostat.log,0.0,1803.786911,0.0,0.0,0.0,0.0,0.0,37992,5972,1,0.0,0.0,1000.0,0.0,96.0,13.353,0,5972,1,2271.0,2971.0,6475.0,3535.0,39700,1000,,default-heuristic,37992,0.0,3359.530029,1000,/mnt/bak3/lzg/PipeANN-github/experiments/qps_4sets/gist960/workloads/uniform_exact_selectivity/u0p1/queries.spmat,,0.0,0.0,,10,nvme1n1,prefilter,0,auto,3,0.001,0.001,0.001,intersect,8,5972,8,1
100,,399.029521,0.0,794.604004,0.0,,0.0,0.0,0.0,0.0,,4,,/mnt/bak3/lzg/PipeANN-github/experiments/io_representative_20260514/gist960/thread_sweep/u0p5/t1/block_latency.log,,,,,unavailable_no_events,,5.0e-03,0.005,0.005,u0p5,1000,0.005,100,auto,gist960,nvme1c1n1,remapped static counter nvme1n1 to active counter nvme1c1n1,ok,67108864,nvme1c1n1,2.014889,0,0,pipeann.hybrid.search.v1,0,True,/mnt/bak3/lzg/PipeANN-github/data/gist960/gist960_qps4_pipeann,/mnt/bak3/lzg/PipeANN-github/experiments/io_representative_20260514/gist960/thread_sweep/u0p5/t1/iostat.log,0.0,1495.729155,0.0,0.0,0.0,0.0,0.0,32892,5972,1,0.0,0.0,5000.0,0.0,96.0,17.06,0,5972,1,768.0,955.0,2855.0,1148.0,34140,1000,,default-heuristic,32892,0.0,1239.619751,1000,/mnt/bak3/lzg/PipeANN-github/experiments/qps_4sets/gist960/workloads/uniform_exact_selectivity/u0p5/queries.spmat,,0.0,0.0,,10,nvme1n1,prefilter,0,auto,5,0.005,0.005,0.005,intersect,1,5972,1,1
100,,826.098361,0.0,1198.170044,0.0,,0.0,0.0,0.0,0.0,,4,,/mnt/bak3/lzg/PipeANN-github/experiments/io_representative_20260514/gist960/thread_sweep/u0p5/t4/block_latency.log,,,,,unavailable_no_events,,5.0e-03,0.005,0.005,u0p5,1000,0.005,100,auto,gist960,nvme1c1n1,remapped static counter nvme1n1 to active counter nvme1c1n1,ok,67108864,nvme1c1n1,1.007144,0,0,pipeann.hybrid.search.v1,0,True,/mnt/bak3/lzg/PipeANN-github/data/gist960/gist960_qps4_pipeann,/mnt/bak3/lzg/PipeANN-github/experiments/io_representative_20260514/gist960/thread_sweep/u0p5/t4/iostat.log,0.0,1652.627524,0.0,0.0,0.0,0.0,0.0,37076,5972,1,0.0,0.0,5000.0,0.0,96.0,19.635,0,5972,1,1159.0,1469.0,3738.0,1858.0,36840,1000,,default-heuristic,37076,0.0,3295.560791,1000,/mnt/bak3/lzg/PipeANN-github/experiments/qps_4sets/gist960/workloads/uniform_exact_selectivity/u0p5/queries.spmat,,0.0,0.0,,10,nvme1n1,prefilter,0,auto,3,0.005,0.005,0.005,intersect,4,5972,4,1
100,,908.431874,0.0,2356.686035,0.0,,0.0,0.0,0.0,0.0,,4,,/mnt/bak3/lzg/PipeANN-github/experiments/io_representative_20260514/gist960/thread_sweep/u0p5/t8/block_latency.log,,,,,unavailable_no_events,,5.0e-03,0.005,0.005,u0p5,1000,0.005,100,auto,gist960,nvme1c1n1,remapped static counter nvme1n1 to active counter nvme1c1n1,ok,67108864,nvme1c1n1,1.006129,0,0,pipeann.hybrid.search.v1,0,True,/mnt/bak3/lzg/PipeANN-github/data/gist960/gist960_qps4_pipeann,/mnt/bak3/lzg/PipeANN-github/experiments/io_representative_20260514/gist960/thread_sweep/u0p5/t8/iostat.log,0.0,1819.12925,0.0,0.0,0.0,0.0,0.0,39256,5972,1,0.0,0.0,5000.0,0.0,96.0,20.101,0,5972,1,2231.0,3135.0,6985.0,3663.0,40504,1000,,default-heuristic,39256,0.0,3366.253418,1000,/mnt/bak3/lzg/PipeANN-github/experiments/qps_4sets/gist960/workloads/uniform_exact_selectivity/u0p5/queries.spmat,,0.0,0.0,,10,nvme1n1,prefilter,0,auto,3,0.005,0.005,0.005,intersect,8,5972,8,1
100,0.102838,259.468522,91.174011,3566.739014,3.232928,0.102841,31434.921764,231.30641,0.869033,0.020853,0.102838,4,253206,/mnt/bak3/lzg/PipeANN-github/experiments/io_representative_20260514/gist960/thread_sweep/u1/t1/block_latency.log,0.099044,0.1,0.13,0.16,ok_bpftrace,271581189,1.0%,0.01,0.01,u1,1000,0.01,100,auto,gist960,nvme1c1n1,remapped static counter nvme1n1 to active counter nvme1c1n1,ok,67108864,nvme1c1n1,8.054927,0,0,pipeann.hybrid.search.v1,1000,True,/mnt/bak3/lzg/PipeANN-github/data/gist960/gist960_qps4_pipeann,/mnt/bak3/lzg/PipeANN-github/experiments/io_representative_20260514/gist960/thread_sweep/u1/t1/iostat.log,0.10487,1553.52151,100.466191,3.648923,0.10487,35778.504581,262.993365,35072,5972,1,7.942495,0.209421,10000.0,0.0,119.257004,22.073,0,5972,1,3550.0,3949.0,6793.0,4181.0,35008,0,,default-heuristic,35072,3.232928,274.217133,1000,/mnt/bak3/lzg/PipeANN-github/experiments/qps_4sets/gist960/workloads/uniform_exact_selectivity/u1/queries.spmat,0.102841,31434.921764,231.30641,,10,nvme1n1,graph,0,auto,17,0.01,0.01,0.01,intersect,1,5972,1,1
100,0.113662,695.825058,85.468923,4227.00293,11.40605,0.113662,100350.920827,738.346046,0.0,0.0,0.113662,4,252163,/mnt/bak3/lzg/PipeANN-github/experiments/io_representative_20260514/gist960/thread_sweep/u1/t4/block_latency.log,0.110294,0.11,0.17,0.22,ok_bpftrace,271581189,1.0%,0.01,0.01,u1,1000,0.01,100,auto,gist960,nvme1c1n1,remapped static counter nvme1n1 to active counter nvme1c1n1,ok,67108864,nvme1c1n1,2.517874,0,0,pipeann.hybrid.search.v1,1000,True,/mnt/bak3/lzg/PipeANN-github/data/gist960/gist960_qps4_pipeann,/mnt/bak3/lzg/PipeANN-github/experiments/io_representative_20260514/gist960/thread_sweep/u1/t4/iostat.log,0.114144,1877.755875,100.089754,13.597454,0.114144,119731.038556,880.376196,40336,5972,1,0.0,0.0,10000.0,0.0,118.982002,23.041,0,5972,1,4188.0,4758.0,6629.0,5222.0,40644,0,,default-heuristic,40336,11.40605,925.8125,1000,/mnt/bak3/lzg/PipeANN-github/experiments/qps_4sets/gist960/workloads/uniform_exact_selectivity/u1/queries.spmat,0.113662,100350.920827,738.346046,,10,nvme1n1,graph,0,auto,6,0.01,0.01,0.01,intersect,4,5972,4,1
100,0.136128,972.883217,67.307635,5256.647949,17.053253,0.136127,125271.123409,921.664142,2.978214,0.025206,0.136128,4,251468,/mnt/bak3/lzg/PipeANN-github/experiments/io_representative_20260514/gist960/thread_sweep/u1/t8/block_latency.log,0.131986,0.12,0.23,0.29,ok_bpftrace,271581189,1.0%,0.01,0.01,u1,1000,0.01,100,auto,gist960,nvme1c1n1,remapped static counter nvme1n1 to active counter nvme1c1n1,ok,67108864,nvme1c1n1,2.01463,0,0,pipeann.hybrid.search.v1,1000,True,/mnt/bak3/lzg/PipeANN-github/data/gist960/gist960_qps4_pipeann,/mnt/bak3/lzg/PipeANN-github/experiments/io_representative_20260514/gist960/thread_sweep/u1/t8/iostat.log,0.139334,2292.298251,100.044842,26.408662,0.139328,189543.28935,1394.071023,44196,5972,1,5.959181,0.062075,10000.0,0.0,118.797997,28.55,0,5972,1,5179.0,5925.0,10914.0,6546.0,46968,0,,default-heuristic,44196,17.053253,1493.414185,1000,/mnt/bak3/lzg/PipeANN-github/experiments/qps_4sets/gist960/workloads/uniform_exact_selectivity/u1/queries.spmat,0.136127,125271.123409,921.664142,,10,nvme1n1,graph,0,auto,5,0.01,0.01,0.01,intersect,8,5972,8,1
100,0.102065,263.499893,95.018856,3514.13208,3.422188,0.102055,33527.646888,246.730119,1.721356,0.08793,0.102065,4,253207,/mnt/bak3/lzg/PipeANN-github/experiments/io_representative_20260514/gist960/thread_sweep/u5/t1/block_latency.log,0.098538,0.1,0.13,0.16,ok_bpftrace,271581189,5.0%,0.05,0.05,u5,1000,0.05,100,auto,gist960,nvme1c1n1,remapped static counter nvme1n1 to active counter nvme1c1n1,ok,67108864,nvme1c1n1,7.552185,0,0,pipeann.hybrid.search.v1,1000,True,/mnt/bak3/lzg/PipeANN-github/data/gist960/gist960_qps4_pipeann,/mnt/bak3/lzg/PipeANN-github/experiments/io_representative_20260514/gist960/thread_sweep/u5/t1/iostat.log,0.103124,1553.786307,100.124583,3.669103,0.103124,36007.879379,265.209131,35012,5972,1,15.892162,0.946701,50000.0,0.0,119.258003,25.869,0,5972,1,3495.0,3888.0,5445.0,4081.0,34896,0,,default-heuristic,35012,3.422188,278.354065,1000,/mnt/bak3/lzg/PipeANN-github/experiments/qps_4sets/gist960/workloads/uniform_exact_selectivity/u5/queries.spmat,0.102055,33527.646888,246.730119,,10,nvme1n1,graph,0,auto,16,0.05,0.05,0.05,intersect,1,5972,1,1
100,0.121385,712.683085,75.437207,4310.480957,10.14862,0.121385,83603.946088,615.191662,0.0,0.0,0.121385,4,252266,/mnt/bak3/lzg/PipeANN-github/experiments/io_representative_20260514/gist960/thread_sweep/u5/t4/block_latency.log,0.117686,0.11,0.2,0.23,ok_bpftrace,271581189,5.0%,0.05,0.05,u5,1000,0.05,100,auto,gist960,nvme1c1n1,remapped static counter nvme1n1 to active counter nvme1c1n1,ok,67108864,nvme1c1n1,3.022381,0,0,pipeann.hybrid.search.v1,1000,True,/mnt/bak3/lzg/PipeANN-github/data/gist960/gist960_qps4_pipeann,/mnt/bak3/lzg/PipeANN-github/experiments/io_representative_20260514/gist960/thread_sweep/u5/t4/iostat.log,0.136238,1877.281878,100.064755,13.810871,0.136238,119515.190577,880.033337,40112,5972,1,0.0,0.0,50000.0,0.0,119.011002,31.099,0,5972,1,4280.0,4816.0,6942.0,5231.0,40308,0,,default-heuristic,40112,10.14862,907.441406,1000,/mnt/bak3/lzg/PipeANN-github/experiments/qps_4sets/gist960/workloads/uniform_exact_selectivity/u5/queries.spmat,0.121385,83603.946088,615.191662,,10,nvme1n1,graph,0,auto,7,0.05,0.05,0.05,intersect,4,5972,4,1
100,0.130891,980.828263,64.825142,5107.958984,16.417067,0.130891,125429.193261,922.897628,0.0,0.0,0.130891,4,250885,/mnt/bak3/lzg/PipeANN-github/experiments/io_representative_20260514/gist960/thread_sweep/u5/t8/block_latency.log,0.127432,0.12,0.22,0.29,ok_bpftrace,271581189,5.0%,0.05,0.05,u5,1000,0.05,100,auto,gist960,nvme1c1n1,remapped static counter nvme1n1 to active counter nvme1c1n1,ok,67108864,nvme1c1n1,2.011565,0,0,pipeann.hybrid.search.v1,1000,True,/mnt/bak3/lzg/PipeANN-github/data/gist960/gist960_qps4_pipeann,/mnt/bak3/lzg/PipeANN-github/experiments/io_representative_20260514/gist960/thread_sweep/u5/t8/iostat.log,0.131571,2318.8005,100.152898,25.745654,0.131571,196681.214087,1446.53653,43956,5972,1,0.0,0.0,50000.0,0.0,118.857002,30.978,0,5972,1,5054.0,5747.0,9282.0,6383.0,47316,0,,default-heuristic,43956,16.417067,1536.328247,1000,/mnt/bak3/lzg/PipeANN-github/experiments/qps_4sets/gist960/workloads/uniform_exact_selectivity/u5/queries.spmat,0.130891,125429.193261,922.897628,,10,nvme1n1,graph,0,auto,5,0.05,0.05,0.05,intersect,8,5972,8,1
100,0.102497,263.543923,95.56447,3554.400879,3.436533,0.102495,33527.422195,246.71858,0.662171,0.015002,0.102497,4,253163,/mnt/bak3/lzg/PipeANN-github/experiments/io_representative_20260514/gist960/thread_sweep/u10/t1/block_latency.log,0.099011,0.1,0.13,0.16,ok_bpftrace,271581189,10%,0.1,0.1,u10,1000,0.1,100,auto,gist960,nvme1c1n1,remapped static counter nvme1n1 to active counter nvme1c1n1,ok,67108864,nvme1c1n1,7.550923,0,0,pipeann.hybrid.search.v1,1000,True,/mnt/bak3/lzg/PipeANN-github/data/gist960/gist960_qps4_pipeann,/mnt/bak3/lzg/PipeANN-github/experiments/io_representative_20260514/gist960/thread_sweep/u10/t1/iostat.log,0.103601,1555.821674,100.55608,3.665441,0.103601,35905.83738,264.086511,34948,5972,1,5.956839,0.162917,100000.0,0.0,119.235001,28.354,0,5972,1,3526.0,3980.0,5611.0,4217.0,34984,0,,default-heuristic,34948,3.436533,275.494232,1000,/mnt/bak3/lzg/PipeANN-github/experiments/qps_4sets/gist960/workloads/uniform_exact_selectivity/u10/queries.spmat,0.102495,33527.422195,246.71858,,10,nvme1n1,graph,0,auto,16,0.1,0.1,0.1,intersect,1,5972,1,1
100,0.114544,695.840091,86.265107,4152.137207,11.499631,0.114545,100390.422762,738.712623,0.794338,0.02172,0.114544,4,252350,/mnt/bak3/lzg/PipeANN-github/experiments/io_representative_20260514/gist960/thread_sweep/u10/t4/block_latency.log,0.11114,0.11,0.18,0.22,ok_bpftrace,271581189,10%,0.1,0.1,u10,1000,0.1,100,auto,gist960,nvme1c1n1,remapped static counter nvme1n1 to active counter nvme1c1n1,ok,67108864,nvme1c1n1,2.51782,0,0,pipeann.hybrid.search.v1,1000,True,/mnt/bak3/lzg/PipeANN-github/data/gist960/gist960_qps4_pipeann,/mnt/bak3/lzg/PipeANN-github/experiments/io_representative_20260514/gist960/thread_sweep/u10/t4/iostat.log,0.115988,1877.712471,100.041591,13.557395,0.115988,119369.028517,878.15339,40276,5972,1,3.969884,0.108552,100000.0,0.0,119.0,27.371,0,5972,1,4126.0,4630.0,5598.0,4990.0,40060,0,,default-heuristic,40276,11.499631,943.461243,1000,/mnt/bak3/lzg/PipeANN-github/experiments/qps_4sets/gist960/workloads/uniform_exact_selectivity/u10/queries.spmat,0.114545,100390.422762,738.712623,,10,nvme1n1,graph,0,auto,6,0.1,0.1,0.1,intersect,4,5972,4,1
100,0.142704,972.520225,70.096915,5284.469238,17.886628,0.142696,125333.978396,922.135741,6.950119,0.083386,0.142704,4,251445,/mnt/bak3/lzg/PipeANN-github/experiments/io_representative_20260514/gist960/thread_sweep/u10/t8/block_latency.log,25413.407304,0.13,0.23,0.3,ok_bpftrace,271581189,10%,0.1,0.1,u10,1000,0.1,100,auto,gist960,nvme1c1n1,remapped static counter nvme1n1 to active counter nvme1c1n1,ok,67108864,nvme1c1n1,2.014354,0,0,pipeann.hybrid.search.v1,1000,True,/mnt/bak3/lzg/PipeANN-github/data/gist960/gist960_qps4_pipeann,/mnt/bak3/lzg/PipeANN-github/experiments/io_representative_20260514/gist960/thread_sweep/u10/t8/iostat.log,0.155515,2290.791605,100.02536,26.603967,0.155515,171057.257829,1258.092718,42104,5972,1,27.81152,0.333676,100000.0,0.0,118.832001,39.605,0,5972,1,5232.0,6041.0,9408.0,6795.0,47156,0,,default-heuristic,42104,17.886628,1480.529419,1000,/mnt/bak3/lzg/PipeANN-github/experiments/qps_4sets/gist960/workloads/uniform_exact_selectivity/u10/queries.spmat,0.142696,125333.978396,922.135741,,10,nvme1n1,graph,0,auto,5,0.1,0.1,0.1,intersect,8,5972,8,1
100,0.102026,263.44366,94.99336,3569.439941,3.421191,0.102006,33531.252071,246.76113,2.649006,0.035182,0.102026,4,253161,/mnt/bak3/lzg/PipeANN-github/experiments/io_representative_20260514/gist960/thread_sweep/u25/t1/block_latency.log,0.098545,0.1,0.13,0.16,ok_bpftrace,271581189,25%,0.25,0.25,u25,1000,0.25,100,auto,gist960,nvme1c1n1,remapped static counter nvme1n1 to active counter nvme1c1n1,ok,67108864,nvme1c1n1,7.550001,0,0,pipeann.hybrid.search.v1,1000,True,/mnt/bak3/lzg/PipeANN-github/data/gist960/gist960_qps4_pipeann,/mnt/bak3/lzg/PipeANN-github/experiments/io_representative_20260514/gist960/thread_sweep/u25/t1/iostat.log,0.104905,1553.230191,100.534799,3.655733,0.104905,36205.857977,266.258784,35136,5972,1,19.864671,0.186172,250000.0,0.0,119.221001,26.957,0,5972,1,3553.0,3965.0,6240.0,4167.0,35108,0,,default-heuristic,35136,3.421191,274.735565,1000,/mnt/bak3/lzg/PipeANN-github/experiments/qps_4sets/gist960/workloads/uniform_exact_selectivity/u25/queries.spmat,0.102006,33531.252071,246.76113,,10,nvme1n1,graph,0,auto,16,0.25,0.25,0.25,intersect,1,5972,1,1
100,0.111346,692.332115,83.731274,4119.670898,11.170658,0.111342,100320.631473,738.221957,3.177657,0.034135,0.111346,4,252112,/mnt/bak3/lzg/PipeANN-github/experiments/io_representative_20260514/gist960/thread_sweep/u25/t4/block_latency.log,0.108833,0.11,0.17,0.22,ok_bpftrace,271581189,25%,0.25,0.25,u25,1000,0.25,100,auto,gist960,nvme1c1n1,remapped static counter nvme1n1 to active counter nvme1c1n1,ok,67108864,nvme1c1n1,2.517578,0,0,pipeann.hybrid.search.v1,1000,True,/mnt/bak3/lzg/PipeANN-github/data/gist960/gist960_qps4_pipeann,/mnt/bak3/lzg/PipeANN-github/experiments/io_representative_20260514/gist960/thread_sweep/u25/t4/iostat.log,0.112056,1865.914841,100.098462,13.455696,0.112056,120894.788973,889.119306,40300,5972,1,9.931237,0.131836,250000.0,0.0,118.959,28.409,0,5972,1,4081.0,4658.0,6773.0,5002.0,40120,0,,default-heuristic,40300,11.170658,949.541199,1000,/mnt/bak3/lzg/PipeANN-github/experiments/qps_4sets/gist960/workloads/uniform_exact_selectivity/u25/queries.spmat,0.111342,100320.631473,738.221957,,10,nvme1n1,graph,0,auto,6,0.25,0.25,0.25,intersect,4,5972,4,1
100,0.134641,975.548781,66.724558,5070.731934,16.869299,0.134641,125291.244167,921.942469,0.0,0.0,0.134641,4,251495,/mnt/bak3/lzg/PipeANN-github/experiments/io_representative_20260514/gist960/thread_sweep/u25/t8/block_latency.log,0.130387,0.12,0.22,0.29,ok_bpftrace,271581189,25%,0.25,0.25,u25,1000,0.25,100,auto,gist960,nvme1c1n1,remapped static counter nvme1n1 to active counter nvme1c1n1,ok,67108864,nvme1c1n1,2.014251,0,0,pipeann.hybrid.search.v1,1000,True,/mnt/bak3/lzg/PipeANN-github/data/gist960/gist960_qps4_pipeann,/mnt/bak3/lzg/PipeANN-github/experiments/io_representative_20260514/gist960/thread_sweep/u25/t8/iostat.log,0.143911,2303.266469,100.037952,25.545406,0.143911,187007.626478,1376.147225,42288,5972,1,0.0,0.0,250000.0,0.0,118.833,30.441,0,5972,1,5024.0,5700.0,9066.0,6020.0,46744,0,,default-heuristic,42288,16.869299,1547.128174,1000,/mnt/bak3/lzg/PipeANN-github/experiments/qps_4sets/gist960/workloads/uniform_exact_selectivity/u25/queries.spmat,0.134641,125291.244167,921.942469,,10,nvme1n1,graph,0,auto,5,0.25,0.25,0.25,intersect,8,5972,8,1
100,0.102197,263.5926,95.004545,3539.88208,3.426174,0.102173,33521.538343,246.676411,2.515449,0.040855,0.102197,4,253199,/mnt/bak3/lzg/PipeANN-github/experiments/io_representative_20260514/gist960/thread_sweep/u50/t1/block_latency.log,0.098789,0.1,0.13,0.16,ok_bpftrace,271581189,50%,0.5,0.5,u50,1000,0.5,100,auto,gist960,nvme1c1n1,remapped static counter nvme1n1 to active counter nvme1c1n1,ok,67108864,nvme1c1n1,7.553323,0,0,pipeann.hybrid.search.v1,1000,True,/mnt/bak3/lzg/PipeANN-github/data/gist960/gist960_qps4_pipeann,/mnt/bak3/lzg/PipeANN-github/experiments/io_representative_20260514/gist960/thread_sweep/u50/t1/iostat.log,0.10375,1551.630457,100.112288,3.662731,0.10375,36020.560032,265.023197,34972,5972,1,25.827396,0.349229,500000.0,0.0,119.250999,28.061,0,5972,1,3525.0,3946.0,5248.0,4121.0,34980,0,,default-heuristic,34972,3.426174,277.037964,1000,/mnt/bak3/lzg/PipeANN-github/experiments/qps_4sets/gist960/workloads/uniform_exact_selectivity/u50/queries.spmat,0.102173,33521.538343,246.676411,,10,nvme1n1,graph,0,auto,16,0.5,0.5,0.5,intersect,1,5972,1,1
100,0.118831,579.614837,74.015921,4222.672852,9.94051,0.118832,83654.541629,615.556295,0.993058,0.023275,0.118831,4,252369,/mnt/bak3/lzg/PipeANN-github/experiments/io_representative_20260514/gist960/thread_sweep/u50/t4/block_latency.log,0.115059,0.11,0.19,0.23,ok_bpftrace,271581189,50%,0.5,0.5,u50,1000,0.5,100,auto,gist960,nvme1c1n1,remapped static counter nvme1n1 to active counter nvme1c1n1,ok,67108864,nvme1c1n1,3.020972,0,0,pipeann.hybrid.search.v1,1000,True,/mnt/bak3/lzg/PipeANN-github/data/gist960/gist960_qps4_pipeann,/mnt/bak3/lzg/PipeANN-github/experiments/io_representative_20260514/gist960/thread_sweep/u50/t4/iostat.log,0.127858,1869.832523,100.101884,13.585256,0.127858,117536.295035,864.688363,40124,5972,1,5.954526,0.139559,500000.0,0.0,119.038002,26.422,0,5972,1,4190.0,4749.0,5851.0,5175.0,40288,0,,default-heuristic,40124,9.94051,927.958679,1000,/mnt/bak3/lzg/PipeANN-github/experiments/qps_4sets/gist960/workloads/uniform_exact_selectivity/u50/queries.spmat,0.118832,83654.541629,615.556295,,10,nvme1n1,graph,0,auto,7,0.5,0.5,0.5,intersect,4,5972,4,1
100,0.133168,979.832566,66.712004,5294.88623,16.686439,0.133168,125299.936211,921.962911,0.0,0.0,0.133168,4,250468,/mnt/bak3/lzg/PipeANN-github/experiments/io_representative_20260514/gist960/thread_sweep/u50/t8/block_latency.log,0.128379,0.12,0.22,0.29,ok_bpftrace,271581189,50%,0.5,0.5,u50,1000,0.5,100,auto,gist960,nvme1c1n1,remapped static counter nvme1n1 to active counter nvme1c1n1,ok,67108864,nvme1c1n1,2.01463,0,0,pipeann.hybrid.search.v1,1000,True,/mnt/bak3/lzg/PipeANN-github/data/gist960/gist960_qps4_pipeann,/mnt/bak3/lzg/PipeANN-github/experiments/io_representative_20260514/gist960/thread_sweep/u50/t8/iostat.log,0.134459,2320.387497,100.021675,25.186013,0.134459,191424.418763,1407.702127,44212,5972,1,0.0,0.0,500000.0,0.0,118.922997,36.118,0,5972,1,5249.0,5990.0,8595.0,6444.0,46932,0,,default-heuristic,44212,16.686439,1479.536377,1000,/mnt/bak3/lzg/PipeANN-github/experiments/qps_4sets/gist960/workloads/uniform_exact_selectivity/u50/queries.spmat,0.133168,125299.936211,921.962911,,10,nvme1n1,graph,0,auto,5,0.5,0.5,0.5,intersect,8,5972,8,1
100,0.101156,263.461803,95.163992,3557.666992,3.390581,0.101154,33518.960989,246.659287,0.661964,0.015515,0.101156,4,253178,/mnt/bak3/lzg/PipeANN-github/experiments/io_representative_20260514/gist960/thread_sweep/u100/t1/block_latency.log,0.098248,0.1,0.13,0.16,ok_bpftrace,271581189,100%,1.0,1.0,u100,1000,1.0,100,auto,gist960,nvme1c1n1,remapped static counter nvme1n1 to active counter nvme1c1n1,ok,67108864,nvme1c1n1,7.553277,0,0,pipeann.hybrid.search.v1,1000,True,/mnt/bak3/lzg/PipeANN-github/data/gist960/gist960_qps4_pipeann,/mnt/bak3/lzg/PipeANN-github/experiments/io_representative_20260514/gist960/thread_sweep/u100/t1/iostat.log,0.10472,1551.74864,100.123293,3.652882,0.10472,36720.598092,270.101587,34896,5972,1,5.955096,0.108556,1000000.0,0.0,119.259003,27.011,0,5972,1,3541.0,3942.0,6087.0,4226.0,34996,0,,default-heuristic,34896,3.390581,275.739166,1000,/mnt/bak3/lzg/PipeANN-github/experiments/qps_4sets/gist960/workloads/uniform_exact_selectivity/u100/queries.spmat,0.101154,33518.960989,246.659287,,10,nvme1n1,graph,0,auto,16,1.0,1.0,1.0,intersect,1,5972,1,1
100,0.113547,697.36381,84.875732,4234.538086,11.401402,0.113548,100407.275753,738.834977,0.794717,0.027939,0.113547,4,252236,/mnt/bak3/lzg/PipeANN-github/experiments/io_representative_20260514/gist960/thread_sweep/u100/t4/block_latency.log,0.110283,0.11,0.17,0.22,ok_bpftrace,271581189,100%,1.0,1.0,u100,1000,1.0,100,auto,gist960,nvme1c1n1,remapped static counter nvme1n1 to active counter nvme1c1n1,ok,67108864,nvme1c1n1,2.51662,0,0,pipeann.hybrid.search.v1,1000,True,/mnt/bak3/lzg/PipeANN-github/data/gist960/gist960_qps4_pipeann,/mnt/bak3/lzg/PipeANN-github/experiments/io_representative_20260514/gist960/thread_sweep/u100/t4/iostat.log,0.115728,1884.35186,100.060072,13.55892,0.115728,121104.452513,890.679199,40060,5972,1,3.976223,0.139789,1000000.0,0.0,119.051003,26.36,0,5972,1,4207.0,4716.0,5975.0,5041.0,40096,0,,default-heuristic,40060,11.401402,925.510803,1000,/mnt/bak3/lzg/PipeANN-github/experiments/qps_4sets/gist960/workloads/uniform_exact_selectivity/u100/queries.spmat,0.113548,100407.275753,738.834977,,10,nvme1n1,graph,0,auto,6,1.0,1.0,1.0,intersect,4,5972,4,1
100,0.132366,974.806152,64.755335,5120.546875,16.586106,0.132366,125304.552381,922.024067,0.0,0.0,0.132366,4,251460,/mnt/bak3/lzg/PipeANN-github/experiments/io_representative_20260514/gist960/thread_sweep/u100/t8/block_latency.log,0.12855,0.12,0.22,0.29,ok_bpftrace,271581189,100%,1.0,1.0,u100,1000,1.0,100,auto,gist960,nvme1c1n1,remapped static counter nvme1n1 to active counter nvme1c1n1,ok,67108864,nvme1c1n1,2.013734,0,0,pipeann.hybrid.search.v1,1000,True,/mnt/bak3/lzg/PipeANN-github/data/gist960/gist960_qps4_pipeann,/mnt/bak3/lzg/PipeANN-github/experiments/io_representative_20260514/gist960/thread_sweep/u100/t8/iostat.log,0.133362,2299.740094,100.050905,25.818692,0.133362,196742.958541,1447.35874,44360,5972,1,0.0,0.0,1000000.0,0.0,118.877998,29.96,0,5972,1,5089.0,5777.0,7049.0,6351.0,46900,0,,default-heuristic,44360,16.586106,1532.993774,1000,/mnt/bak3/lzg/PipeANN-github/experiments/qps_4sets/gist960/workloads/uniform_exact_selectivity/u100/queries.spmat,0.132366,125304.552381,922.024067,,10,nvme1n1,graph,0,auto,5,1.0,1.0,1.0,intersect,8,5972,8,1
100,0.2,238.022811,0.297839,531.468018,0.000248,,0.0,0.0,1.240995,0.042659,0.2,4,,/mnt/bak3/lzg/PipeANN-github/experiments/io_representative_20260514/glove100/thread_sweep/u0p1/t1/block_latency.log,,,,,unavailable_no_events,,1.0e-03,0.0010004106415302228,0.0010004106415302228,u0p1,1000,0.0010004106415302228,100,auto,glove100,nvme1c1n1,remapped static counter nvme1n1 to active counter nvme1c1n1,ok,67108864,nvme1c1n1,4.029026,0,0,pipeann.hybrid.search.v1,0,True,/mnt/bak3/lzg/PipeANN-github/data/glove100/glove100_qps4_pipeann,/mnt/bak3/lzg/PipeANN-github/experiments/io_representative_20260514/glove100/thread_sweep/u0p1/t1/iostat.log,0.333333,1498.011583,0.794701,0.001985,0.0,0.0,0.0,29064,75027,1,5.955178,0.217116,1184.0,0.0,96.0,8.01,0,75027,1,523.0,672.0,2316.0,929.0,34524,1000,,default-heuristic,29064,0.000248,1857.649414,1000,/mnt/bak3/lzg/PipeANN-github/experiments/qps_4sets/glove100/workloads/uniform_exact_selectivity/u0p1/queries.spmat,,0.0,0.0,,10,nvme1n1,prefilter,0,auto,9,0.0010004106415302228,0.0010004106415302228,0.0010004106415302228,intersect,1,75027,1,1
100,0.625,550.449172,0.397078,1030.979004,0.007445,,0.0,0.0,11.912336,0.098882,0.625,4,,/mnt/bak3/lzg/PipeANN-github/experiments/io_representative_20260514/glove100/thread_sweep/u0p1/t4/block_latency.log,,,,,unavailable_no_events,,1.0e-03,0.0010004106415302228,0.0010004106415302228,u0p1,1000,0.0010004106415302228,100,auto,glove100,nvme1c1n1,remapped static counter nvme1n1 to active counter nvme1c1n1,ok,67108864,nvme1c1n1,2.014718,0,0,pipeann.hybrid.search.v1,0,True,/mnt/bak3/lzg/PipeANN-github/data/glove100/glove100_qps4_pipeann,/mnt/bak3/lzg/PipeANN-github/experiments/io_representative_20260514/glove100/thread_sweep/u0p1/t4/iostat.log,1.0,1647.046532,0.794715,0.027815,0.0,0.0,0.0,32244,75027,1,45.696104,0.357001,1184.0,0.0,96.0,11.81,0,75027,1,982.0,1257.0,3820.0,1583.0,36908,1000,,default-heuristic,32244,0.007445,3842.817871,1000,/mnt/bak3/lzg/PipeANN-github/experiments/qps_4sets/glove100/workloads/uniform_exact_selectivity/u0p1/queries.spmat,,0.0,0.0,,10,nvme1n1,prefilter,0,auto,5,0.0010004106415302228,0.0010004106415302228,0.0010004106415302228,intersect,4,75027,4,1
100,0.333333,682.806661,0.158977,2768.424072,0.000397,,0.0,0.0,1.192328,0.03105,0.333333,4,,/mnt/bak3/lzg/PipeANN-github/experiments/io_representative_20260514/glove100/thread_sweep/u0p1/t8/block_latency.log,,,,,unavailable_no_events,,1.0e-03,0.0010004106415302228,0.0010004106415302228,u0p1,1000,0.0010004106415302228,100,auto,glove100,nvme1c1n1,remapped static counter nvme1n1 to active counter nvme1c1n1,ok,67108864,nvme1c1n1,2.516086,0,0,pipeann.hybrid.search.v1,0,True,/mnt/bak3/lzg/PipeANN-github/data/glove100/glove100_qps4_pipeann,/mnt/bak3/lzg/PipeANN-github/experiments/io_representative_20260514/glove100/thread_sweep/u0p1/t8/iostat.log,0.333333,1803.919903,0.794678,0.001987,0.0,0.0,0.0,36360,75027,1,5.960088,0.155211,1184.0,0.0,96.0,14.752,0,75027,1,2694.0,3386.0,6998.0,4409.0,42808,1000,,default-heuristic,36360,0.000397,2871.6521,1000,/mnt/bak3/lzg/PipeANN-github/experiments/qps_4sets/glove100/workloads/uniform_exact_selectivity/u0p1/queries.spmat,,0.0,0.0,,10,nvme1n1,prefilter,0,auto,6,0.0010004106415302228,0.0010004106415302228,0.0010004106415302228,intersect,8,75027,8,1
100,0.333333,190.54832,0.122146,990.888977,0.000153,,0.0,0.0,0.458049,0.019085,0.333333,4,,/mnt/bak3/lzg/PipeANN-github/experiments/io_representative_20260514/glove100/thread_sweep/u0p5/t1/block_latency.log,,,,,unavailable_no_events,,5.0e-03,0.005000363324810691,0.005000363324810691,u0p5,1000,0.005000363324810691,100,auto,glove100,nvme1c1n1,remapped static counter nvme1n1 to active counter nvme1c1n1,ok,67108864,nvme1c1n1,6.54952,0,0,pipeann.hybrid.search.v1,0,True,/mnt/bak3/lzg/PipeANN-github/data/glove100/glove100_qps4_pipeann,/mnt/bak3/lzg/PipeANN-github/experiments/io_representative_20260514/glove100/thread_sweep/u0p5/t1/iostat.log,0.5,1499.854181,0.793879,0.001984,0.0,0.0,0.0,28680,75027,1,3.968224,0.162759,5918.0,0.0,128.0,19.336,0,75027,1,958.0,1195.0,3437.0,1402.0,34744,1000,,default-heuristic,28680,0.000153,995.660034,1000,/mnt/bak3/lzg/PipeANN-github/experiments/qps_4sets/glove100/workloads/uniform_exact_selectivity/u0p5/queries.spmat,,0.0,0.0,,10,nvme1n1,prefilter,0,auto,14,0.005000363324810691,0.005000363324810691,0.005000363324810691,intersect,1,75027,1,1
100,0.0,465.036767,0.113424,1552.988037,0.0,,0.0,0.0,0.283559,0.002215,0.0,4,,/mnt/bak3/lzg/PipeANN-github/experiments/io_representative_20260514/glove100/thread_sweep/u0p5/t4/block_latency.log,,,,,unavailable_no_events,,5.0e-03,0.005000363324810691,0.005000363324810691,u0p5,1000,0.005000363324810691,100,auto,glove100,nvme1c1n1,remapped static counter nvme1n1 to active counter nvme1c1n1,ok,67108864,nvme1c1n1,3.526603,0,0,pipeann.hybrid.search.v1,0,True,/mnt/bak3/lzg/PipeANN-github/data/glove100/glove100_qps4_pipeann,/mnt/bak3/lzg/PipeANN-github/experiments/io_representative_20260514/glove100/thread_sweep/u0p5/t4/iostat.log,0.0,1654.90997,0.793719,0.0,0.0,0.0,0.0,32504,75027,1,1.984298,0.015502,5918.0,0.0,128.0,21.793,0,75027,1,1505.0,1857.0,4557.0,2192.0,37452,1000,,default-heuristic,32504,0.0,2548.818359,1000,/mnt/bak3/lzg/PipeANN-github/experiments/qps_4sets/glove100/workloads/uniform_exact_selectivity/u0p5/queries.spmat,,0.0,0.0,,10,nvme1n1,prefilter,0,auto,8,0.005000363324810691,0.005000363324810691,0.005000363324810691,intersect,4,75027,4,1
100,0.5,685.363686,0.132373,3182.250977,0.000331,,0.0,0.0,0.661867,0.021976,0.5,4,,/mnt/bak3/lzg/PipeANN-github/experiments/io_representative_20260514/glove100/thread_sweep/u0p5/t8/block_latency.log,,,,,unavailable_no_events,,5.0e-03,0.005000363324810691,0.005000363324810691,u0p5,1000,0.005000363324810691,100,auto,glove100,nvme1c1n1,remapped static counter nvme1n1 to active counter nvme1c1n1,ok,67108864,nvme1c1n1,3.021753,0,0,pipeann.hybrid.search.v1,0,True,/mnt/bak3/lzg/PipeANN-github/data/glove100/glove100_qps4_pipeann,/mnt/bak3/lzg/PipeANN-github/experiments/io_representative_20260514/glove100/thread_sweep/u0p5/t8/iostat.log,0.5,1831.06362,0.793996,0.001985,0.0,0.0,0.0,37104,75027,1,3.969981,0.131816,5918.0,0.0,128.0,24.025,0,75027,1,3049.0,3999.0,7946.0,4756.0,41016,1000,,default-heuristic,37104,0.000331,2494.822754,1000,/mnt/bak3/lzg/PipeANN-github/experiments/qps_4sets/glove100/workloads/uniform_exact_selectivity/u0p5/queries.spmat,,0.0,0.0,,10,nvme1n1,prefilter,0,auto,7,0.005000363324810691,0.005000363324810691,0.005000363324810691,intersect,8,75027,8,1
100,0.3,184.251338,0.283682,1138.597046,0.000426,,0.0,0.0,1.418409,0.045987,0.3,4,,/mnt/bak3/lzg/PipeANN-github/experiments/io_representative_20260514/glove100/thread_sweep/u1/t1/block_latency.log,,,,,unavailable_no_events,,1.0%,0.00999988170820117,0.00999988170820117,u1,1000,0.00999988170820117,100,auto,glove100,nvme1c1n1,remapped static counter nvme1n1 to active counter nvme1c1n1,ok,67108864,nvme1c1n1,7.050152,0,0,pipeann.hybrid.search.v1,0,True,/mnt/bak3/lzg/PipeANN-github/data/glove100/glove100_qps4_pipeann,/mnt/bak3/lzg/PipeANN-github/experiments/io_representative_20260514/glove100/thread_sweep/u1/t1/iostat.log,1.0,1499.973479,1.589376,0.003971,0.0,0.0,0.0,31948,75027,1,7.942742,0.302507,11835.0,0.0,128.0,30.0,0,75027,1,1084.0,1317.0,3771.0,2025.0,34896,1000,,default-heuristic,31948,0.000426,860.939636,1000,/mnt/bak3/lzg/PipeANN-github/experiments/qps_4sets/glove100/workloads/uniform_exact_selectivity/u1/queries.spmat,,0.0,0.0,,10,nvme1n1,prefilter,0,auto,15,0.00999988170820117,0.00999988170820117,0.00999988170820117,intersect,1,75027,1,1
100,0.2,469.068627,0.226877,1463.995972,0.000284,,0.0,0.0,1.417983,0.029911,0.2,4,,/mnt/bak3/lzg/PipeANN-github/experiments/io_representative_20260514/glove100/thread_sweep/u1/t4/block_latency.log,,,,,unavailable_no_events,,1.0%,0.00999988170820117,0.00999988170820117,u1,1000,0.00999988170820117,100,auto,glove100,nvme1c1n1,remapped static counter nvme1n1 to active counter nvme1c1n1,ok,67108864,nvme1c1n1,3.526136,0,0,pipeann.hybrid.search.v1,0,True,/mnt/bak3/lzg/PipeANN-github/data/glove100/glove100_qps4_pipeann,/mnt/bak3/lzg/PipeANN-github/experiments/io_representative_20260514/glove100/thread_sweep/u1/t4/iostat.log,0.5,1651.083719,0.794745,0.001987,0.0,0.0,0.0,32772,75027,1,5.953899,0.139545,11835.0,0.0,128.0,26.883,0,75027,1,1488.0,1924.0,3951.0,2159.0,37624,1000,,default-heuristic,32772,0.000284,2686.672119,1000,/mnt/bak3/lzg/PipeANN-github/experiments/qps_4sets/glove100/workloads/uniform_exact_selectivity/u1/queries.spmat,,0.0,0.0,,10,nvme1n1,prefilter,0,auto,8,0.00999988170820117,0.00999988170820117,0.00999988170820117,intersect,4,75027,4,1
100,0.352941,689.218103,0.340355,3266.291992,0.001702,,0.0,0.0,4.82169,0.080879,0.352941,4,,/mnt/bak3/lzg/PipeANN-github/experiments/io_representative_20260514/glove100/thread_sweep/u1/t8/block_latency.log,,,,,unavailable_no_events,,1.0%,0.00999988170820117,0.00999988170820117,u1,1000,0.00999988170820117,100,auto,glove100,nvme1c1n1,remapped static counter nvme1n1 to active counter nvme1c1n1,ok,67108864,nvme1c1n1,3.525734,0,0,pipeann.hybrid.search.v1,0,True,/mnt/bak3/lzg/PipeANN-github/data/glove100/glove100_qps4_pipeann,/mnt/bak3/lzg/PipeANN-github/experiments/io_representative_20260514/glove100/thread_sweep/u1/t8/iostat.log,0.5,1813.785176,0.794648,0.009933,0.0,0.0,0.0,37176,75027,1,23.839455,0.263848,11835.0,0.0,128.0,35.443,0,75027,1,3153.0,3999.0,8203.0,4829.0,41760,1000,,default-heuristic,37176,0.001702,2424.508057,1000,/mnt/bak3/lzg/PipeANN-github/experiments/qps_4sets/glove100/workloads/uniform_exact_selectivity/u1/queries.spmat,,0.0,0.0,,10,nvme1n1,prefilter,0,auto,8,0.00999988170820117,0.00999988170820117,0.00999988170820117,intersect,8,75027,8,1
100,0.2,132.479897,0.198554,2677.643066,0.000165,,0.0,0.0,0.82731,0.019606,0.2,4,,/mnt/bak3/lzg/PipeANN-github/experiments/io_representative_20260514/glove100/thread_sweep/u5/t1/block_latency.log,,,,,unavailable_no_events,,5.0%,0.050000253482426066,0.050000253482426066,u5,1000,0.050000253482426066,100,auto,glove100,nvme1c1n1,remapped static counter nvme1n1 to active counter nvme1c1n1,ok,67108864,nvme1c1n1,18.131053,0,0,pipeann.hybrid.search.v1,0,True,/mnt/bak3/lzg/PipeANN-github/data/glove100/glove100_qps4_pipeann,/mnt/bak3/lzg/PipeANN-github/experiments/io_representative_20260514/glove100/thread_sweep/u5/t1/iostat.log,1.0,1503.420469,0.794324,0.001986,0.0,0.0,0.0,30536,75027,1,5.955938,0.147384,59176.0,0.0,160.0,35.95,0,75027,1,2670.0,2960.0,5963.0,3404.0,35388,1000,,default-heuristic,30536,0.000165,326.3638,1000,/mnt/bak3/lzg/PipeANN-github/experiments/qps_4sets/glove100/workloads/uniform_exact_selectivity/u5/queries.spmat,,0.0,0.0,,10,nvme1n1,prefilter,0,auto,37,0.050000253482426066,0.050000253482426066,0.050000253482426066,intersect,1,75027,1,1
100,0.333333,430.969209,0.122174,2604.449951,0.000305,,0.0,0.0,0.916306,0.017897,0.333333,4,,/mnt/bak3/lzg/PipeANN-github/experiments/io_representative_20260514/glove100/thread_sweep/u5/t4/block_latency.log,,,,,unavailable_no_events,,5.0%,0.050000253482426066,0.050000253482426066,u5,1000,0.050000253482426066,100,auto,glove100,nvme1c1n1,remapped static counter nvme1n1 to active counter nvme1c1n1,ok,67108864,nvme1c1n1,6.548032,0,0,pipeann.hybrid.search.v1,0,True,/mnt/bak3/lzg/PipeANN-github/data/glove100/glove100_qps4_pipeann,/mnt/bak3/lzg/PipeANN-github/experiments/io_representative_20260514/glove100/thread_sweep/u5/t4/iostat.log,0.666667,1663.14698,0.793876,0.003969,0.0,0.0,0.0,36412,75027,1,5.954073,0.147301,59176.0,0.0,160.0,35.65,0,75027,1,2533.0,3141.0,6035.0,4803.0,39312,1000,,default-heuristic,36412,0.000305,1328.488892,1000,/mnt/bak3/lzg/PipeANN-github/experiments/qps_4sets/glove100/workloads/uniform_exact_selectivity/u5/queries.spmat,,0.0,0.0,,10,nvme1n1,prefilter,0,auto,14,0.050000253482426066,0.050000253482426066,0.050000253482426066,intersect,4,75027,4,1
100,0.238095,716.377592,0.264672,4687.182129,0.001103,,0.0,0.0,4.631752,0.056001,0.238095,4,,/mnt/bak3/lzg/PipeANN-github/experiments/io_representative_20260514/glove100/thread_sweep/u5/t8/block_latency.log,,,,,unavailable_no_events,,5.0%,0.050000253482426066,0.050000253482426066,u5,1000,0.050000253482426066,100,auto,glove100,nvme1c1n1,remapped static counter nvme1n1 to active counter nvme1c1n1,ok,67108864,nvme1c1n1,4.533922,0,0,pipeann.hybrid.search.v1,0,True,/mnt/bak3/lzg/PipeANN-github/data/glove100/glove100_qps4_pipeann,/mnt/bak3/lzg/PipeANN-github/experiments/io_representative_20260514/glove100/thread_sweep/u5/t8/iostat.log,0.5,1851.186283,0.795354,0.007937,0.0,0.0,0.0,41560,75027,1,35.717649,0.294547,59176.0,0.0,160.0,50.059,0,75027,1,4709.0,5650.0,9582.0,7147.0,44540,1000,,default-heuristic,41560,0.001103,1565.341553,1000,/mnt/bak3/lzg/PipeANN-github/experiments/qps_4sets/glove100/workloads/uniform_exact_selectivity/u5/queries.spmat,,0.0,0.0,,10,nvme1n1,prefilter,0,auto,10,0.050000253482426066,0.050000253482426066,0.050000253482426066,intersect,8,75027,8,1
100,0.091181,224.322623,98.406592,3256.653076,3.410671,0.091181,37404.842588,146.112666,0.611095,0.009946,0.091181,4,734505,/mnt/bak3/lzg/PipeANN-github/experiments/io_representative_20260514/glove100/thread_sweep/u10/t1/block_latency.log,0.087994,0.09,0.11,0.14,ok_bpftrace,271581189,10%,0.09999966202343191,0.09999966202343191,u10,1000,0.09999966202343191,100,auto,glove100,nvme1c1n1,remapped static counter nvme1n1 to active counter nvme1c1n1,ok,67108864,nvme1c1n1,19.636896,0,0,pipeann.hybrid.search.v1,1000,True,/mnt/bak3/lzg/PipeANN-github/data/glove100/glove100_qps4_pipeann,/mnt/bak3/lzg/PipeANN-github/experiments/io_representative_20260514/glove100/thread_sweep/u10/t1/iostat.log,0.093033,1551.637155,100.573942,3.514443,0.093033,38779.997655,151.484366,32884,75027,1,5.957334,0.155139,118351.0,0.0,122.209,33.467,0,75027,1,3172.0,3915.0,7237.0,4595.0,35640,0,,default-heuristic,32884,3.410671,298.157532,1000,/mnt/bak3/lzg/PipeANN-github/experiments/qps_4sets/glove100/workloads/uniform_exact_selectivity/u10/queries.spmat,0.091181,37404.842588,146.112666,,10,nvme1n1,graph,0,auto,40,0.09999966202343191,0.09999966202343191,0.09999966202343191,intersect,1,75027,1,1
100,0.098407,756.014488,91.357267,3579.969971,11.938508,0.098408,121315.003501,473.886732,0.827511,0.016162,0.098407,4,732209,/mnt/bak3/lzg/PipeANN-github/experiments/io_representative_20260514/glove100/thread_sweep/u10/t4/block_latency.log,0.095891,0.1,0.15,0.19,ok_bpftrace,271581189,10%,0.09999966202343191,0.09999966202343191,u10,1000,0.09999966202343191,100,auto,glove100,nvme1c1n1,remapped static counter nvme1n1 to active counter nvme1c1n1,ok,67108864,nvme1c1n1,6.042212,0,0,pipeann.hybrid.search.v1,1000,True,/mnt/bak3/lzg/PipeANN-github/data/glove100/glove100_qps4_pipeann,/mnt/bak3/lzg/PipeANN-github/experiments/io_representative_20260514/glove100/thread_sweep/u10/t4/iostat.log,0.098916,1876.386027,100.202216,13.213413,0.098916,134467.077564,525.262022,37216,75027,1,9.92687,0.193884,118351.0,0.0,121.948997,27.501,0,75027,1,3505.0,4298.0,6037.0,4945.0,42560,0,,default-heuristic,37216,11.938508,1085.939087,1000,/mnt/bak3/lzg/PipeANN-github/experiments/qps_4sets/glove100/workloads/uniform_exact_selectivity/u10/queries.spmat,0.098408,121315.003501,473.886732,,10,nvme1n1,graph,0,auto,13,0.09999966202343191,0.09999966202343191,0.09999966202343191,intersect,4,75027,4,1
100,0.111617,1290.21868,82.172572,4286.366211,20.305916,0.111616,181922.572749,710.63505,4.471301,0.051428,0.111617,4,730053,/mnt/bak3/lzg/PipeANN-github/experiments/io_representative_20260514/glove100/thread_sweep/u10/t8/block_latency.log,0.108499,0.1,0.19,0.24,ok_bpftrace,271581189,10%,0.09999966202343191,0.09999966202343191,u10,1000,0.09999966202343191,100,auto,glove100,nvme1c1n1,remapped static counter nvme1n1 to active counter nvme1c1n1,ok,67108864,nvme1c1n1,4.025674,0,0,pipeann.hybrid.search.v1,1000,True,/mnt/bak3/lzg/PipeANN-github/data/glove100/glove100_qps4_pipeann,/mnt/bak3/lzg/PipeANN-github/experiments/io_representative_20260514/glove100/thread_sweep/u10/t8/iostat.log,0.112736,2321.446819,100.385774,24.943076,0.112736,223657.114253,873.652822,40824,75027,1,27.794774,0.217163,118351.0,0.0,121.986,29.575,0,75027,1,4191.0,5189.0,8554.0,6021.0,46340,0,,default-heuristic,40824,20.305916,1822.017456,1000,/mnt/bak3/lzg/PipeANN-github/experiments/qps_4sets/glove100/workloads/uniform_exact_selectivity/u10/queries.spmat,0.111616,181922.572749,710.63505,,10,nvme1n1,graph,0,auto,9,0.09999966202343191,0.09999966202343191,0.09999966202343191,intersect,8,75027,8,1
100,0.09049,224.5806,96.9634,3106.00708,3.384703,0.09049,37403.493929,146.107398,0.662179,0.010546,0.09049,4,734300,/mnt/bak3/lzg/PipeANN-github/experiments/io_representative_20260514/glove100/thread_sweep/u25/t1/block_latency.log,0.087478,0.09,0.11,0.14,ok_bpftrace,271581189,25%,0.2499995775292899,0.2499995775292899,u25,1000,0.2499995775292899,100,auto,glove100,nvme1c1n1,remapped static counter nvme1n1 to active counter nvme1c1n1,ok,67108864,nvme1c1n1,19.63215,0,0,pipeann.hybrid.search.v1,1000,True,/mnt/bak3/lzg/PipeANN-github/data/glove100/glove100_qps4_pipeann,/mnt/bak3/lzg/PipeANN-github/experiments/io_representative_20260514/glove100/thread_sweep/u25/t1/iostat.log,0.090923,1561.83227,100.55118,3.510723,0.090923,38866.165675,151.82096,32968,75027,1,7.945117,0.170696,295878.0,0.0,122.163002,20.753,0,75027,1,3018.0,3713.0,9012.0,4384.0,35920,0,,default-heuristic,32968,3.384703,314.844543,1000,/mnt/bak3/lzg/PipeANN-github/experiments/qps_4sets/glove100/workloads/uniform_exact_selectivity/u25/queries.spmat,0.09049,37403.493929,146.107398,,10,nvme1n1,graph,0,auto,40,0.2499995775292899,0.2499995775292899,0.2499995775292899,intersect,1,75027,1,1
100,0.100321,757.088543,93.434997,3801.209961,12.182996,0.100321,121439.818573,474.374291,0.66266,0.01359,0.100321,4,732168,/mnt/bak3/lzg/PipeANN-github/experiments/io_representative_20260514/glove100/thread_sweep/u25/t4/block_latency.log,0.097024,0.1,0.15,0.19,ok_bpftrace,271581189,25%,0.2499995775292899,0.2499995775292899,u25,1000,0.2499995775292899,100,auto,glove100,nvme1c1n1,remapped static counter nvme1n1 to active counter nvme1c1n1,ok,67108864,nvme1c1n1,6.036282,0,0,pipeann.hybrid.search.v1,1000,True,/mnt/bak3/lzg/PipeANN-github/data/glove100/glove100_qps4_pipeann,/mnt/bak3/lzg/PipeANN-github/experiments/io_representative_20260514/glove100/thread_sweep/u25/t4/iostat.log,0.102598,1892.227686,100.493112,13.233976,0.102598,132712.373208,518.407708,36676,75027,1,5.956124,0.147352,295878.0,0.0,122.156998,31.543,0,75027,1,3689.0,4686.0,10801.0,5693.0,40652,0,,default-heuristic,36676,12.182996,1024.731934,1000,/mnt/bak3/lzg/PipeANN-github/experiments/qps_4sets/glove100/workloads/uniform_exact_selectivity/u25/queries.spmat,0.100321,121439.818573,474.374291,,10,nvme1n1,graph,0,auto,13,0.2499995775292899,0.2499995775292899,0.2499995775292899,intersect,4,75027,4,1
100,0.110833,1088.871615,81.584631,4283.680176,20.162136,0.110832,181916.088921,710.609722,0.496861,0.011645,0.110833,4,728798,/mnt/bak3/lzg/PipeANN-github/experiments/io_representative_20260514/glove100/thread_sweep/u25/t8/block_latency.log,0.107925,0.1,0.19,0.24,ok_bpftrace,271581189,25%,0.2499995775292899,0.2499995775292899,u25,1000,0.2499995775292899,100,auto,glove100,nvme1c1n1,remapped static counter nvme1n1 to active counter nvme1c1n1,ok,67108864,nvme1c1n1,4.025268,0,0,pipeann.hybrid.search.v1,1000,True,/mnt/bak3/lzg/PipeANN-github/data/glove100/glove100_qps4_pipeann,/mnt/bak3/lzg/PipeANN-github/experiments/io_representative_20260514/glove100/thread_sweep/u25/t8/iostat.log,0.111805,2307.396955,100.481084,24.913957,0.111805,225339.745531,880.225623,41796,75027,1,3.978271,0.093241,295878.0,0.0,121.818001,30.303,0,75027,1,4183.0,5287.0,8397.0,6537.0,45548,0,,default-heuristic,41796,20.162136,1821.901245,1000,/mnt/bak3/lzg/PipeANN-github/experiments/qps_4sets/glove100/workloads/uniform_exact_selectivity/u25/queries.spmat,0.110832,181916.088921,710.609722,,10,nvme1n1,graph,0,auto,9,0.2499995775292899,0.2499995775292899,0.2499995775292899,intersect,8,75027,8,1
100,0.09044,224.466642,96.834339,3101.560059,3.381716,0.090438,37390.194872,146.055449,1.171219,0.023472,0.09044,4,734245,/mnt/bak3/lzg/PipeANN-github/experiments/io_representative_20260514/glove100/thread_sweep/u50/t1/block_latency.log,0.08739,0.09,0.11,0.14,ok_bpftrace,271581189,50%,0.5,0.5,u50,1000,0.5,100,auto,glove100,nvme1c1n1,remapped static counter nvme1n1 to active counter nvme1c1n1,ok,67108864,nvme1c1n1,19.637662,0,0,pipeann.hybrid.search.v1,1000,True,/mnt/bak3/lzg/PipeANN-github/data/glove100/glove100_qps4_pipeann,/mnt/bak3/lzg/PipeANN-github/experiments/io_representative_20260514/glove100/thread_sweep/u50/t1/iostat.log,0.090843,1553.997379,100.122873,3.509626,0.090843,38872.037572,151.843897,32960,75027,1,25.833716,0.473119,591757.0,0.0,122.223,21.387,0,75027,1,3020.0,3734.0,6068.0,4401.0,35708,0,,default-heuristic,32960,3.381716,315.044464,1000,/mnt/bak3/lzg/PipeANN-github/experiments/qps_4sets/glove100/workloads/uniform_exact_selectivity/u50/queries.spmat,0.090438,37390.194872,146.055449,,10,nvme1n1,graph,0,auto,40,0.5,0.5,0.5,intersect,1,75027,1,1
100,0.09859,756.862498,92.352782,3677.551025,11.960513,0.098589,121314.813607,473.885991,0.993041,0.031679,0.09859,4,732159,/mnt/bak3/lzg/PipeANN-github/experiments/io_representative_20260514/glove100/thread_sweep/u50/t4/block_latency.log,0.09585,0.1,0.15,0.19,ok_bpftrace,271581189,50%,0.5,0.5,u50,1000,0.5,100,auto,glove100,nvme1c1n1,remapped static counter nvme1n1 to active counter nvme1c1n1,ok,67108864,nvme1c1n1,6.042049,0,0,pipeann.hybrid.search.v1,1000,True,/mnt/bak3/lzg/PipeANN-github/data/glove100/glove100_qps4_pipeann,/mnt/bak3/lzg/PipeANN-github/experiments/io_representative_20260514/glove100/thread_sweep/u50/t4/iostat.log,0.100874,1884.272618,100.114941,13.145622,0.100874,134220.377975,524.298351,36588,75027,1,3.979456,0.147379,591757.0,0.0,122.136002,32.356,0,75027,1,3593.0,4488.0,6748.0,5293.0,40676,0,,default-heuristic,36588,11.960513,1057.363892,1000,/mnt/bak3/lzg/PipeANN-github/experiments/qps_4sets/glove100/workloads/uniform_exact_selectivity/u50/queries.spmat,0.098589,121314.813607,473.885991,,10,nvme1n1,graph,0,auto,13,0.5,0.5,0.5,intersect,4,75027,4,1
100,0.112645,1284.960964,82.054716,4271.600098,20.47891,0.112644,181801.860043,710.163516,1.241748,0.029103,0.112645,4,730359,/mnt/bak3/lzg/PipeANN-github/experiments/io_representative_20260514/glove100/thread_sweep/u50/t8/block_latency.log,0.109223,0.1,0.19,0.24,ok_bpftrace,271581189,50%,0.5,0.5,u50,1000,0.5,100,auto,glove100,nvme1c1n1,remapped static counter nvme1n1 to active counter nvme1c1n1,ok,67108864,nvme1c1n1,4.026581,0,0,pipeann.hybrid.search.v1,1000,True,/mnt/bak3/lzg/PipeANN-github/data/glove100/glove100_qps4_pipeann,/mnt/bak3/lzg/PipeANN-github/experiments/io_representative_20260514/glove100/thread_sweep/u50/t8/iostat.log,0.113212,2285.751973,100.446951,25.161988,0.113205,222791.58162,870.279616,42272,75027,1,5.956483,0.139605,591757.0,0.0,122.070999,31.123,0,75027,1,4159.0,5230.0,8393.0,6477.0,46416,0,,default-heuristic,42272,20.47891,1826.970337,1000,/mnt/bak3/lzg/PipeANN-github/experiments/qps_4sets/glove100/workloads/uniform_exact_selectivity/u50/queries.spmat,0.112644,181801.860043,710.163516,,10,nvme1n1,graph,0,auto,9,0.5,0.5,0.5,intersect,8,75027,8,1
100,0.09084,224.449476,97.458325,3141.239014,3.396988,0.090835,37392.834583,146.06576,1.782153,0.027846,0.09084,4,734354,/mnt/bak3/lzg/PipeANN-github/experiments/io_representative_20260514/glove100/thread_sweep/u100/t1/block_latency.log,0.087794,0.09,0.11,0.14,ok_bpftrace,271581189,100%,1.0,1.0,u100,1000,1.0,100,auto,glove100,nvme1c1n1,remapped static counter nvme1n1 to active counter nvme1c1n1,ok,67108864,nvme1c1n1,19.639164,0,0,pipeann.hybrid.search.v1,1000,True,/mnt/bak3/lzg/PipeANN-github/data/glove100/glove100_qps4_pipeann,/mnt/bak3/lzg/PipeANN-github/experiments/io_representative_20260514/glove100/thread_sweep/u100/t1/iostat.log,0.092498,1555.913463,100.346911,3.506699,0.092508,38661.055132,151.019747,32992,75027,1,27.792998,0.535077,1183514.0,0.0,122.214996,24.301,0,75027,1,3069.0,3727.0,6174.0,4379.0,35656,0,,default-heuristic,32992,3.396988,310.239136,1000,/mnt/bak3/lzg/PipeANN-github/experiments/qps_4sets/glove100/workloads/uniform_exact_selectivity/u100/queries.spmat,0.090835,37392.834583,146.06576,,10,nvme1n1,graph,0,auto,40,1.0,1.0,1.0,intersect,1,75027,1,1
100,0.099355,756.269075,93.379625,3665.445068,12.052325,0.099347,121303.177163,473.840536,2.316291,0.025205,0.099355,4,731353,/mnt/bak3/lzg/PipeANN-github/experiments/io_representative_20260514/glove100/thread_sweep/u100/t4/block_latency.log,0.09625,0.1,0.15,0.19,ok_bpftrace,271581189,100%,1.0,1.0,u100,1000,1.0,100,auto,glove100,nvme1c1n1,remapped static counter nvme1n1 to active counter nvme1c1n1,ok,67108864,nvme1c1n1,6.044145,0,0,pipeann.hybrid.search.v1,1000,True,/mnt/bak3/lzg/PipeANN-github/data/glove100/glove100_qps4_pipeann,/mnt/bak3/lzg/PipeANN-github/experiments/io_representative_20260514/glove100/thread_sweep/u100/t4/iostat.log,0.100583,1881.375758,100.069637,13.231103,0.100569,132211.447232,516.458721,36092,75027,1,19.854597,0.155141,1183514.0,0.0,122.222,32.767,0,75027,1,3586.0,4434.0,7299.0,5201.0,40616,0,,default-heuristic,36092,12.052325,1061.261841,1000,/mnt/bak3/lzg/PipeANN-github/experiments/qps_4sets/glove100/workloads/uniform_exact_selectivity/u100/queries.spmat,0.099347,121303.177163,473.840536,,10,nvme1n1,graph,0,auto,13,1.0,1.0,1.0,intersect,4,75027,4,1
100,0.110332,1287.77815,81.615547,4327.76123,20.052404,0.110331,181747.496227,709.951157,0.99289,0.02618,0.110332,4,727585,/mnt/bak3/lzg/PipeANN-github/experiments/io_representative_20260514/glove100/thread_sweep/u100/t8/block_latency.log,0.107636,0.1,0.19,0.24,ok_bpftrace,271581189,100%,1.0,1.0,u100,1000,1.0,100,auto,glove100,nvme1c1n1,remapped static counter nvme1n1 to active counter nvme1c1n1,ok,67108864,nvme1c1n1,4.028644,0,0,pipeann.hybrid.search.v1,1000,True,/mnt/bak3/lzg/PipeANN-github/data/glove100/glove100_qps4_pipeann,/mnt/bak3/lzg/PipeANN-github/experiments/io_representative_20260514/glove100/thread_sweep/u100/t8/iostat.log,0.111324,2299.600602,100.063072,24.760718,0.111324,225776.771944,881.93276,41184,75027,1,5.956191,0.131843,1183514.0,0.0,122.026001,29.996,0,75027,1,4195.0,5219.0,10344.0,7580.0,46496,0,,default-heuristic,41184,20.052404,1804.778564,1000,/mnt/bak3/lzg/PipeANN-github/experiments/qps_4sets/glove100/workloads/uniform_exact_selectivity/u100/queries.spmat,0.110331,181747.496227,709.951157,,10,nvme1n1,graph,0,auto,9,1.0,1.0,1.0,intersect,8,75027,8,1
100,0.10387,201.568139,99.833851,3608.179932,3.592653,0.10387,34587.187334,254.291277,0.799097,0.007687,0.10387,4,12725155,/mnt/bak3/lzg/PipeANN-github/experiments/io_representative_20260514/yfcc10m/thread_sweep/real_t4e-03_l600/t1/block_latency.log,0.100436,0.1,0.14,0.17,ok_bpftrace,271581189,t4e-03,0.0040071,0.0040071,real_t4e-03_l600,100000,0.0040071,100,auto,yfcc10m,nvme1c1n1,remapped static counter nvme1n1 to active counter nvme1c1n1,ok,67108864,nvme1c1n1,367.915288,0,0,pipeann.hybrid.search.v1,100000,True,/mnt/bak3/lzg/PipeANN-github/data/yfcc100M/yfcc10m_pipeann,/mnt/bak3/lzg/PipeANN-github/experiments/io_representative_20260514/yfcc10m/thread_sweep/real_t4e-03_l600/t1/iostat.log,0.105165,1550.333607,100.608217,3.624802,0.105165,35027.590453,256.999943,383164,3694,1,39.765536,0.295135,40071.0,0.0,119.752678,88.51384,0,3694,1,3593.0,3891.0,4727.0,4082.0,193772,0,,default-heuristic,383164,3.592653,272.269714,100000,/mnt/bak3/lzg/PipeANN-github/experiments/qps_4sets/yfcc10m/workloads/random_single_label/real_selected_labels/real_t4e-03_l600/queries.spmat,0.10387,34587.187334,254.291277,,10,nvme1n1,graph,0,auto,732,0.0040071,0.0040071,0.0040071,intersect,1,3694,1,1
100,0.114819,797.37409,99.249296,4280.847168,13.294717,0.114818,115787.262121,851.477041,1.031071,0.009231,0.114819,4,12675793,/mnt/bak3/lzg/PipeANN-github/experiments/io_representative_20260514/yfcc10m/thread_sweep/real_t4e-03_l600/t4/block_latency.log,0.111777,0.11,0.18,0.23,ok_bpftrace,271581189,t4e-03,0.0040071,0.0040071,real_t4e-03_l600,100000,0.0040071,100,auto,yfcc10m,nvme1c1n1,remapped static counter nvme1n1 to active counter nvme1c1n1,ok,67108864,nvme1c1n1,109.594732,0,0,pipeann.hybrid.search.v1,100000,True,/mnt/bak3/lzg/PipeANN-github/data/yfcc100M/yfcc10m_pipeann,/mnt/bak3/lzg/PipeANN-github/experiments/io_representative_20260514/yfcc10m/thread_sweep/real_t4e-03_l600/t4/iostat.log,0.8,1817.739847,100.601758,13.504005,0.12669,118582.391968,871.843181,390972,3694,1,25.829661,0.240601,40071.0,0.0,119.44516,94.81614,0,3694,1,4260.0,4716.0,6523.0,5005.0,190448,0,,default-heuristic,390972,13.294717,919.594788,100000,/mnt/bak3/lzg/PipeANN-github/experiments/qps_4sets/yfcc10m/workloads/random_single_label/real_selected_labels/real_t4e-03_l600/queries.spmat,0.114818,115787.262121,851.477041,,10,nvme1n1,graph,0,auto,219,0.0040071,0.0040071,0.0040071,intersect,4,3694,4,1
100,0.132646,1593.572077,99.229049,5168.988281,25.479428,0.132646,192084.720432,1412.780633,0.940071,0.009003,0.132646,4,4370895,/mnt/bak3/lzg/PipeANN-github/experiments/io_representative_20260514/yfcc10m/thread_sweep/real_t4e-03_l600/t8/block_latency.log,0.130056,0.12,0.23,0.3,ok_bpftrace,271581189,t4e-03,0.0040071,0.0040071,real_t4e-03_l600,100000,0.0040071,100,auto,yfcc10m,nvme1c1n1,remapped static counter nvme1n1 to active counter nvme1c1n1,ok,67108864,nvme1c1n1,65.952461,0,0,pipeann.hybrid.search.v1,100000,True,/mnt/bak3/lzg/PipeANN-github/data/yfcc100M/yfcc10m_pipeann,/mnt/bak3/lzg/PipeANN-github/experiments/io_representative_20260514/yfcc10m/thread_sweep/real_t4e-03_l600/t8/iostat.log,0.136159,2348.741366,100.588896,25.880702,0.136159,195576.552146,1437.581564,402056,3694,1,31.776682,0.139644,40071.0,0.0,119.264633,95.84998,0,3694,1,5149.0,5728.0,6896.0,6053.0,191992,0,,default-heuristic,402056,25.479428,1528.677734,100000,/mnt/bak3/lzg/PipeANN-github/experiments/qps_4sets/yfcc10m/workloads/random_single_label/real_selected_labels/real_t4e-03_l600/queries.spmat,0.132646,192084.720432,1412.780633,,10,nvme1n1,graph,0,auto,132,0.0040071,0.0040071,0.0040071,intersect,8,3694,8,1
100,0.099198,201.363732,99.78993,3481.706055,3.550879,0.099198,35794.979236,263.168845,0.768134,0.007265,0.099198,4,8329938,/mnt/bak3/lzg/PipeANN-github/experiments/io_representative_20260514/yfcc10m/thread_sweep/real_t5e-03_l902/t1/block_latency.log,0.097855,0.1,0.13,0.17,ok_bpftrace,271581189,t5e-03,0.0050002,0.0050002,real_t5e-03_l902,100000,0.0050002,100,auto,yfcc10m,nvme1c1n1,remapped static counter nvme1n1 to active counter nvme1c1n1,ok,67108864,nvme1c1n1,355.406604,0,0,pipeann.hybrid.search.v1,100000,True,/mnt/bak3/lzg/PipeANN-github/data/yfcc100M/yfcc10m_pipeann,/mnt/bak3/lzg/PipeANN-github/experiments/io_representative_20260514/yfcc10m/thread_sweep/real_t5e-03_l902/t1/iostat.log,0.137931,1554.018708,100.590238,3.583146,0.137931,36709.387279,269.416833,383224,3694,1,47.672973,0.675057,50002.0,0.0,119.71978,99.69743,0,3694,1,3468.0,3767.0,4602.0,3957.0,193284,0,,default-heuristic,383224,3.550879,281.978577,100000,/mnt/bak3/lzg/PipeANN-github/experiments/qps_4sets/yfcc10m/workloads/random_single_label/real_selected_labels/real_t5e-03_l902/queries.spmat,0.099198,35794.979236,263.168845,,10,nvme1n1,graph,0,auto,707,0.0050002,0.0050002,0.0050002,intersect,1,3694,1,1
100,0.115615,797.492319,99.289662,4291.700684,13.370723,0.115614,115647.759412,850.476993,1.048013,0.009576,0.115615,4,12676612,/mnt/bak3/lzg/PipeANN-github/experiments/io_representative_20260514/yfcc10m/thread_sweep/real_t5e-03_l902/t4/block_latency.log,0.112188,0.11,0.18,0.23,ok_bpftrace,271581189,t5e-03,0.0050002,0.0050002,real_t5e-03_l902,100000,0.0050002,100,auto,yfcc10m,nvme1c1n1,remapped static counter nvme1n1 to active counter nvme1c1n1,ok,67108864,nvme1c1n1,109.731464,0,0,pipeann.hybrid.search.v1,100000,True,/mnt/bak3/lzg/PipeANN-github/data/yfcc100M/yfcc10m_pipeann,/mnt/bak3/lzg/PipeANN-github/experiments/io_representative_20260514/yfcc10m/thread_sweep/real_t5e-03_l902/t4/iostat.log,0.134454,1835.859374,100.579294,13.536299,0.116719,118140.657963,867.243307,390796,3694,1,23.818121,0.38944,50002.0,0.0,119.45372,99.72531,0,3694,1,4274.0,4711.0,5735.0,4971.0,190484,0,,default-heuristic,390796,13.370723,918.070984,100000,/mnt/bak3/lzg/PipeANN-github/experiments/qps_4sets/yfcc10m/workloads/random_single_label/real_selected_labels/real_t5e-03_l902/queries.spmat,0.115614,115647.759412,850.476993,,10,nvme1n1,graph,0,auto,219,0.0050002,0.0050002,0.0050002,intersect,4,3694,4,1
100,0.131937,1592.356424,99.223582,5165.112305,25.355721,0.131936,192179.813489,1413.673495,1.153057,0.009305,0.131937,4,1134089,/mnt/bak3/lzg/PipeANN-github/experiments/io_representative_20260514/yfcc10m/thread_sweep/real_t5e-03_l902/t8/block_latency.log,0.128004,0.12,0.23,0.3,ok_bpftrace,271581189,t5e-03,0.0050002,0.0050002,real_t5e-03_l902,100000,0.0050002,100,auto,yfcc10m,nvme1c1n1,remapped static counter nvme1n1 to active counter nvme1c1n1,ok,67108864,nvme1c1n1,65.911751,0,0,pipeann.hybrid.search.v1,100000,True,/mnt/bak3/lzg/PipeANN-github/data/yfcc100M/yfcc10m_pipeann,/mnt/bak3/lzg/PipeANN-github/experiments/io_representative_20260514/yfcc10m/thread_sweep/real_t5e-03_l902/t8/iostat.log,0.133172,2210.101487,100.632377,25.724361,0.133173,196062.431292,1442.460017,403260,3694,1,31.806695,0.178432,50002.0,0.0,119.266342,104.94901,0,3694,1,5147.0,5726.0,6845.0,6034.0,195536,0,,default-heuristic,403260,25.355721,1529.710571,100000,/mnt/bak3/lzg/PipeANN-github/experiments/qps_4sets/yfcc10m/workloads/random_single_label/real_selected_labels/real_t5e-03_l902/queries.spmat,0.131936,192179.813489,1413.673495,,10,nvme1n1,graph,0,auto,132,0.0050002,0.0050002,0.0050002,intersect,8,3694,8,1
100,0.103561,201.546606,99.852013,3649.178711,3.542866,0.103558,34209.532774,251.510728,0.862953,0.008265,0.103561,4,12725210,/mnt/bak3/lzg/PipeANN-github/experiments/io_representative_20260514/yfcc10m/thread_sweep/real_t1e-02_l0/t1/block_latency.log,0.100188,0.1,0.14,0.17,ok_bpftrace,271581189,t1e-02,0.0097939,0.0097939,real_t1e-02_l0,100000,0.0097939,100,auto,yfcc10m,nvme1c1n1,remapped static counter nvme1n1 to active counter nvme1c1n1,ok,67108864,nvme1c1n1,371.97848,0,0,pipeann.hybrid.search.v1,100000,True,/mnt/bak3/lzg/PipeANN-github/data/yfcc100M/yfcc10m_pipeann,/mnt/bak3/lzg/PipeANN-github/experiments/io_representative_20260514/yfcc10m/thread_sweep/real_t1e-02_l0/t1/iostat.log,0.104436,1546.022658,100.619966,3.575037,0.104442,34704.89835,254.016781,383608,3694,1,37.73794,0.496575,97939.0,0.0,119.751312,138.06848,0,3694,1,3634.0,3932.0,4773.0,4122.0,190580,0,,default-heuristic,383608,3.542866,269.244019,100000,/mnt/bak3/lzg/PipeANN-github/experiments/qps_4sets/yfcc10m/workloads/random_single_label/real_selected_labels/real_t1e-02_l0/queries.spmat,0.103558,34209.532774,251.510728,,10,nvme1n1,graph,0,auto,740,0.0097939,0.0097939,0.0097939,intersect,1,3694,1,1
100,0.115676,801.085274,99.383411,4336.624512,13.255285,0.115676,114588.489898,842.876994,0.830814,0.006985,0.115676,4,8093868,/mnt/bak3/lzg/PipeANN-github/experiments/io_representative_20260514/yfcc10m/thread_sweep/real_t1e-02_l0/t4/block_latency.log,0.112732,0.11,0.18,0.23,ok_bpftrace,271581189,t1e-02,0.0097939,0.0097939,real_t1e-02_l0,100000,0.0097939,100,auto,yfcc10m,nvme1c1n1,remapped static counter nvme1n1 to active counter nvme1c1n1,ok,67108864,nvme1c1n1,110.734778,0,0,pipeann.hybrid.search.v1,100000,True,/mnt/bak3/lzg/PipeANN-github/data/yfcc100M/yfcc10m_pipeann,/mnt/bak3/lzg/PipeANN-github/experiments/io_representative_20260514/yfcc10m/thread_sweep/real_t1e-02_l0/t4/iostat.log,0.135741,1842.45328,100.604202,13.489739,0.135741,116991.777629,859.34922,393124,3694,1,25.819995,0.147407,97939.0,0.0,119.468712,140.79317,0,3694,1,4317.0,4763.0,6205.0,5041.0,195740,0,,default-heuristic,393124,13.255285,908.857117,100000,/mnt/bak3/lzg/PipeANN-github/experiments/qps_4sets/yfcc10m/workloads/random_single_label/real_selected_labels/real_t1e-02_l0/queries.spmat,0.115676,114588.489898,842.876994,,10,nvme1n1,graph,0,auto,221,0.0097939,0.0097939,0.0097939,intersect,4,3694,4,1
100,0.133286,1588.808736,99.155794,5244.210449,25.23116,0.133286,189300.454822,1392.403083,0.836758,0.010623,0.133286,4,12640886,/mnt/bak3/lzg/PipeANN-github/experiments/io_representative_20260514/yfcc10m/thread_sweep/real_t1e-02_l0/t8/block_latency.log,0.130188,0.12,0.23,0.3,ok_bpftrace,271581189,t1e-02,0.0097939,0.0097939,real_t1e-02_l0,100000,0.0097939,100,auto,yfcc10m,nvme1c1n1,remapped static counter nvme1n1 to active counter nvme1c1n1,ok,67108864,nvme1c1n1,66.924984,0,0,pipeann.hybrid.search.v1,100000,True,/mnt/bak3/lzg/PipeANN-github/data/yfcc100M/yfcc10m_pipeann,/mnt/bak3/lzg/PipeANN-github/experiments/io_representative_20260514/yfcc10m/thread_sweep/real_t1e-02_l0/t8/iostat.log,0.134239,1722.507385,100.590542,25.621531,0.134242,192309.556783,1414.296968,405640,3694,1,27.8066,0.498323,97939.0,0.0,119.277679,151.62747,0,3694,1,5223.0,5804.0,6955.0,6131.0,195084,0,,default-heuristic,405640,25.23116,1507.385132,100000,/mnt/bak3/lzg/PipeANN-github/experiments/qps_4sets/yfcc10m/workloads/random_single_label/real_selected_labels/real_t1e-02_l0/queries.spmat,0.133286,189300.454822,1392.403083,,10,nvme1n1,graph,0,auto,134,0.0097939,0.0097939,0.0097939,intersect,8,3694,8,1
100,0.099177,200.72602,99.901081,3566.239746,3.470489,0.099177,34992.224682,257.261804,0.668546,0.005932,0.099177,4,12718818,/mnt/bak3/lzg/PipeANN-github/experiments/io_representative_20260514/yfcc10m/thread_sweep/real_t5e-02_l24/t1/block_latency.log,0.097294,0.1,0.13,0.17,ok_bpftrace,271581189,t5e-02,0.0499079,0.0499079,real_t5e-02_l24,100000,0.0499079,100,auto,yfcc10m,nvme1c1n1,remapped static counter nvme1n1 to active counter nvme1c1n1,ok,67108864,nvme1c1n1,363.475547,0,0,pipeann.hybrid.search.v1,100000,True,/mnt/bak3/lzg/PipeANN-github/data/yfcc100M/yfcc10m_pipeann,/mnt/bak3/lzg/PipeANN-github/experiments/io_representative_20260514/yfcc10m/thread_sweep/real_t5e-02_l24/t1/iostat.log,0.102046,926.016529,100.629849,3.50596,0.102046,35422.281343,260.074472,384268,3694,1,21.84848,0.100863,499079.0,0.0,119.689613,180.17919,0,3694,1,3552.0,3844.0,4665.0,4031.0,191976,0,,default-heuristic,384268,3.470489,275.413055,100000,/mnt/bak3/lzg/PipeANN-github/experiments/qps_4sets/yfcc10m/workloads/random_single_label/real_selected_labels/real_t5e-02_l24/queries.spmat,0.099177,34992.224682,257.261804,,10,nvme1n1,graph,0,auto,723,0.0499079,0.0499079,0.0499079,intersect,1,3694,1,1
100,0.114172,798.014793,99.551853,4344.269531,13.080736,0.114172,114569.505449,842.674758,0.74942,0.006948,0.114172,4,6633366,/mnt/bak3/lzg/PipeANN-github/experiments/io_representative_20260514/yfcc10m/thread_sweep/real_t5e-02_l24/t4/block_latency.log,0.111614,0.11,0.18,0.23,ok_bpftrace,271581189,t5e-02,0.0499079,0.0499079,real_t5e-02_l24,100000,0.0499079,100,auto,yfcc10m,nvme1c1n1,remapped static counter nvme1n1 to active counter nvme1c1n1,ok,67108864,nvme1c1n1,110.752333,0,0,pipeann.hybrid.search.v1,100000,True,/mnt/bak3/lzg/PipeANN-github/data/yfcc100M/yfcc10m_pipeann,/mnt/bak3/lzg/PipeANN-github/experiments/io_representative_20260514/yfcc10m/thread_sweep/real_t5e-02_l24/t4/iostat.log,0.116837,1164.436755,100.515186,13.271058,0.116841,116201.453008,855.051334,391004,3694,1,21.847477,0.147458,499079.0,0.0,119.458977,181.15072,0,3694,1,4327.0,4767.0,5777.0,5015.0,192984,0,,default-heuristic,391004,13.080736,907.161316,100000,/mnt/bak3/lzg/PipeANN-github/experiments/qps_4sets/yfcc10m/workloads/random_single_label/real_selected_labels/real_t5e-02_l24/queries.spmat,0.114172,114569.505449,842.674758,,10,nvme1n1,graph,0,auto,221,0.0499079,0.0499079,0.0499079,intersect,4,3694,4,1
100,0.132731,1587.518314,98.930904,5270.796875,24.937952,0.132731,187882.364678,1382.004597,0.919432,0.009558,0.132731,4,10844014,/mnt/bak3/lzg/PipeANN-github/experiments/io_representative_20260514/yfcc10m/thread_sweep/real_t5e-02_l24/t8/block_latency.log,0.129496,0.12,0.23,0.3,ok_bpftrace,271581189,t5e-02,0.0499079,0.0499079,real_t5e-02_l24,100000,0.0499079,100,auto,yfcc10m,nvme1c1n1,remapped static counter nvme1n1 to active counter nvme1c1n1,ok,67108864,nvme1c1n1,67.432923,0,0,pipeann.hybrid.search.v1,100000,True,/mnt/bak3/lzg/PipeANN-github/data/yfcc100M/yfcc10m_pipeann,/mnt/bak3/lzg/PipeANN-github/experiments/io_representative_20260514/yfcc10m/thread_sweep/real_t5e-02_l24/t8/iostat.log,0.133754,1611.411001,100.638308,25.377789,0.133756,191635.544835,1408.624338,402552,3694,1,25.8176,0.372397,499079.0,0.0,119.285431,194.75332,0,3694,1,5251.0,5826.0,6974.0,6140.0,194432,0,,default-heuristic,402552,24.937952,1499.463013,100000,/mnt/bak3/lzg/PipeANN-github/experiments/qps_4sets/yfcc10m/workloads/random_single_label/real_selected_labels/real_t5e-02_l24/queries.spmat,0.132731,187882.364678,1382.004597,,10,nvme1n1,graph,0,auto,135,0.0499079,0.0499079,0.0499079,intersect,8,3694,8,1
100,0.103633,200.78694,99.832254,3693.769043,3.502602,0.103632,33797.222613,248.484529,0.786181,0.007584,0.103633,4,12724775,/mnt/bak3/lzg/PipeANN-github/experiments/io_representative_20260514/yfcc10m/thread_sweep/real_t1e-01_l17/t1/block_latency.log,0.100431,0.1,0.14,0.17,ok_bpftrace,271581189,t1e-01,0.0991156,0.0991156,real_t1e-01_l17,100000,0.0991156,100,auto,yfcc10m,nvme1c1n1,remapped static counter nvme1n1 to active counter nvme1c1n1,ok,67108864,nvme1c1n1,376.503571,0,0,pipeann.hybrid.search.v1,100000,True,/mnt/bak3/lzg/PipeANN-github/data/yfcc100M/yfcc10m_pipeann,/mnt/bak3/lzg/PipeANN-github/experiments/io_representative_20260514/yfcc10m/thread_sweep/real_t1e-01_l17/t1/iostat.log,0.105835,993.546028,100.503987,3.535482,0.10528,34176.813748,250.886431,384372,3694,1,27.807231,0.356891,991156.0,0.0,119.749687,181.95608,0,3694,1,3679.0,3977.0,4835.0,4170.0,191996,0,,default-heuristic,384372,3.502602,266.066864,100000,/mnt/bak3/lzg/PipeANN-github/experiments/qps_4sets/yfcc10m/workloads/random_single_label/real_selected_labels/real_t1e-01_l17/queries.spmat,0.103632,33797.222613,248.484529,,10,nvme1n1,graph,0,auto,749,0.0991156,0.0991156,0.0991156,intersect,1,3694,1,1
100,0.117068,798.223756,99.514935,4419.867676,13.180175,0.117068,112584.36951,828.025158,0.913746,0.008109,0.117068,4,12678168,/mnt/bak3/lzg/PipeANN-github/experiments/io_representative_20260514/yfcc10m/thread_sweep/real_t1e-01_l17/t4/block_latency.log,504.354733,0.11,0.18,0.23,ok_bpftrace,271581189,t1e-01,0.0991156,0.0991156,real_t1e-01_l17,100000,0.0991156,100,auto,yfcc10m,nvme1c1n1,remapped static counter nvme1n1 to active counter nvme1c1n1,ok,67108864,nvme1c1n1,112.722779,0,0,pipeann.hybrid.search.v1,100000,True,/mnt/bak3/lzg/PipeANN-github/data/yfcc100M/yfcc10m_pipeann,/mnt/bak3/lzg/PipeANN-github/experiments/io_representative_20260514/yfcc10m/thread_sweep/real_t1e-01_l17/t4/iostat.log,0.154932,1208.390654,100.59436,13.302803,0.154932,114561.642686,841.809077,391272,3694,1,33.800051,0.163098,991156.0,0.0,119.470627,185.97189,0,3694,1,4398.0,4836.0,6571.0,5142.0,193424,0,,default-heuristic,391272,13.180175,891.592957,100000,/mnt/bak3/lzg/PipeANN-github/experiments/qps_4sets/yfcc10m/workloads/random_single_label/real_selected_labels/real_t1e-01_l17/queries.spmat,0.117068,112584.36951,828.025158,,10,nvme1n1,graph,0,auto,225,0.0991156,0.0991156,0.0991156,intersect,4,3694,4,1
100,0.132039,1587.072119,98.868649,5231.407715,24.988948,0.132039,189253.735075,1391.724728,0.851337,0.008401,0.132039,4,12636704,/mnt/bak3/lzg/PipeANN-github/experiments/io_representative_20260514/yfcc10m/thread_sweep/real_t1e-01_l17/t8/block_latency.log,0.12916,0.12,0.23,0.3,ok_bpftrace,271581189,t1e-01,0.0991156,0.0991156,real_t1e-01_l17,100000,0.0991156,100,auto,yfcc10m,nvme1c1n1,remapped static counter nvme1n1 to active counter nvme1c1n1,ok,67108864,nvme1c1n1,66.953479,0,0,pipeann.hybrid.search.v1,100000,True,/mnt/bak3/lzg/PipeANN-github/data/yfcc100M/yfcc10m_pipeann,/mnt/bak3/lzg/PipeANN-github/experiments/io_representative_20260514/yfcc10m/thread_sweep/real_t1e-01_l17/t8/iostat.log,0.133755,1609.753669,100.558194,25.449817,0.133749,193177.687418,1419.045516,402644,3694,1,25.812186,0.193953,991156.0,0.0,119.270332,190.09621,0,3694,1,5211.0,5785.0,6903.0,6097.0,196656,0,,default-heuristic,402644,24.988948,1511.172363,100000,/mnt/bak3/lzg/PipeANN-github/experiments/qps_4sets/yfcc10m/workloads/random_single_label/real_selected_labels/real_t1e-01_l17/queries.spmat,0.132039,189253.735075,1391.724728,,10,nvme1n1,graph,0,auto,134,0.0991156,0.0991156,0.0991156,intersect,8,3694,8,1
100,0.103653,200.811423,99.837789,3705.375244,3.492252,0.103654,33690.988543,247.699538,0.667209,0.006205,0.103653,4,12724839,/mnt/bak3/lzg/PipeANN-github/experiments/io_representative_20260514/yfcc10m/thread_sweep/real_t2e-01_l29/t1/block_latency.log,0.100384,0.1,0.14,0.17,ok_bpftrace,271581189,t2e-01,0.1915985,0.1915985,real_t2e-01_l29,100000,0.1915985,100,auto,yfcc10m,nvme1c1n1,remapped static counter nvme1n1 to active counter nvme1c1n1,ok,67108864,nvme1c1n1,377.692658,0,0,pipeann.hybrid.search.v1,100000,True,/mnt/bak3/lzg/PipeANN-github/data/yfcc100M/yfcc10m_pipeann,/mnt/bak3/lzg/PipeANN-github/experiments/io_representative_20260514/yfcc10m/thread_sweep/real_t2e-01_l29/t1/iostat.log,0.104724,1015.819227,100.669249,3.523483,0.104737,34132.152635,250.004945,384448,3694,1,29.824437,0.310687,1915985.0,0.0,119.74839,189.416,0,3694,1,3690.0,3988.0,4854.0,4181.0,192284,0,,default-heuristic,384448,3.492252,265.211578,100000,/mnt/bak3/lzg/PipeANN-github/experiments/qps_4sets/yfcc10m/workloads/random_single_label/real_selected_labels/real_t2e-01_l29/queries.spmat,0.103654,33690.988543,247.699538,,10,nvme1n1,graph,0,auto,752,0.1915985,0.1915985,0.1915985,intersect,1,3694,1,1
100,0.116491,798.065879,99.323574,4394.733398,13.167348,0.116491,113032.332882,831.249618,0.774908,0.00748,0.116491,4,12676988,/mnt/bak3/lzg/PipeANN-github/experiments/io_representative_20260514/yfcc10m/thread_sweep/real_t2e-01_l29/t4/block_latency.log,0.112678,0.11,0.18,0.23,ok_bpftrace,271581189,t2e-01,0.1915985,0.1915985,real_t2e-01_l29,100000,0.1915985,100,auto,yfcc10m,nvme1c1n1,remapped static counter nvme1n1 to active counter nvme1c1n1,ok,67108864,nvme1c1n1,112.271433,0,0,pipeann.hybrid.search.v1,100000,True,/mnt/bak3/lzg/PipeANN-github/data/yfcc100M/yfcc10m_pipeann,/mnt/bak3/lzg/PipeANN-github/experiments/io_representative_20260514/yfcc10m/thread_sweep/real_t2e-01_l29/t4/iostat.log,0.117497,1200.101449,100.571375,13.336779,0.117497,114645.656023,842.939934,391332,3694,1,21.847297,0.131895,1915985.0,0.0,119.455643,184.93813,0,3694,1,4377.0,4805.0,5810.0,5055.0,193028,0,,default-heuristic,391332,13.167348,896.919556,100000,/mnt/bak3/lzg/PipeANN-github/experiments/qps_4sets/yfcc10m/workloads/random_single_label/real_selected_labels/real_t2e-01_l29/queries.spmat,0.116491,113032.332882,831.249618,,10,nvme1n1,graph,0,auto,224,0.1915985,0.1915985,0.1915985,intersect,4,3694,4,1
100,0.132036,1587.615585,99.149223,5244.15918,24.992288,0.132037,189282.527289,1392.01366,0.881419,0.007411,0.132036,4,12633491,/mnt/bak3/lzg/PipeANN-github/experiments/io_representative_20260514/yfcc10m/thread_sweep/real_t2e-01_l29/t8/block_latency.log,0.129111,0.12,0.23,0.3,ok_bpftrace,271581189,t2e-01,0.1915985,0.1915985,real_t2e-01_l29,100000,0.1915985,100,auto,yfcc10m,nvme1c1n1,remapped static counter nvme1n1 to active counter nvme1c1n1,ok,67108864,nvme1c1n1,66.937489,0,0,pipeann.hybrid.search.v1,100000,True,/mnt/bak3/lzg/PipeANN-github/data/yfcc100M/yfcc10m_pipeann,/mnt/bak3/lzg/PipeANN-github/experiments/io_representative_20260514/yfcc10m/thread_sweep/real_t2e-01_l29/t8/iostat.log,0.133611,1610.339367,100.646634,25.396995,0.133611,194040.53015,1426.038411,402744,3694,1,25.816965,0.139692,1915985.0,0.0,119.266602,194.96888,0,3694,1,5224.0,5806.0,6916.0,6121.0,196716,0,,default-heuristic,402744,24.992288,1507.14856,100000,/mnt/bak3/lzg/PipeANN-github/experiments/qps_4sets/yfcc10m/workloads/random_single_label/real_selected_labels/real_t2e-01_l29/queries.spmat,0.132037,189282.527289,1392.01366,,10,nvme1n1,graph,0,auto,134,0.1915985,0.1915985,0.1915985,intersect,8,3694,8,1
100,0.100316,200.668993,99.885175,3600.764648,3.47751,0.100317,34664.789924,254.852725,0.683929,0.006557,0.100316,4,12721888,/mnt/bak3/lzg/PipeANN-github/experiments/io_representative_20260514/yfcc10m/thread_sweep/real_extra_l23/t1/block_latency.log,0.098242,0.1,0.13,0.17,ok_bpftrace,271581189,label 23,0.3386745,0.3386745,real_extra_l23,100000,0.3386745,100,auto,yfcc10m,nvme1c1n1,remapped static counter nvme1n1 to active counter nvme1c1n1,ok,67108864,nvme1c1n1,366.997407,0,0,pipeann.hybrid.search.v1,100000,True,/mnt/bak3/lzg/PipeANN-github/data/yfcc100M/yfcc10m_pipeann,/mnt/bak3/lzg/PipeANN-github/experiments/io_representative_20260514/yfcc10m/thread_sweep/real_extra_l23/t1/iostat.log,0.103584,896.113655,100.611344,3.515712,0.103584,35263.440743,258.925158,384256,3694,1,21.849187,0.403471,3386745.0,0.0,119.717659,180.78835,0,3694,1,3586.0,3887.0,4699.0,4079.0,192124,0,,default-heuristic,384256,3.47751,272.808411,100000,/mnt/bak3/lzg/PipeANN-github/experiments/qps_4sets/yfcc10m/workloads/random_single_label/real_selected_labels/real_extra_l23/queries.spmat,0.100317,34664.789924,254.852725,,10,nvme1n1,graph,0,auto,730,0.3386745,0.3386745,0.3386745,intersect,1,3694,1,1
100,0.116215,798.349201,99.574845,4386.659668,13.199654,0.116216,113578.494567,835.209634,0.79647,0.007446,0.116215,4,12678649,/mnt/bak3/lzg/PipeANN-github/experiments/io_representative_20260514/yfcc10m/thread_sweep/real_extra_l23/t4/block_latency.log,0.112603,0.11,0.18,0.23,ok_bpftrace,271581189,label 23,0.3386745,0.3386745,real_extra_l23,100000,0.3386745,100,auto,yfcc10m,nvme1c1n1,remapped static counter nvme1n1 to active counter nvme1c1n1,ok,67108864,nvme1c1n1,111.743082,0,0,pipeann.hybrid.search.v1,100000,True,/mnt/bak3/lzg/PipeANN-github/data/yfcc100M/yfcc10m_pipeann,/mnt/bak3/lzg/PipeANN-github/experiments/io_representative_20260514/yfcc10m/thread_sweep/real_extra_l23/t4/iostat.log,0.117645,1238.620672,100.618743,13.335119,0.117645,116147.403437,853.83856,391624,3694,1,21.846857,0.201707,3386745.0,0.0,119.459877,183.89861,0,3694,1,4369.0,4797.0,5885.0,5051.0,192812,0,,default-heuristic,391624,13.199654,898.947571,100000,/mnt/bak3/lzg/PipeANN-github/experiments/qps_4sets/yfcc10m/workloads/random_single_label/real_selected_labels/real_extra_l23/queries.spmat,0.116216,113578.494567,835.209634,,10,nvme1n1,graph,0,auto,223,0.3386745,0.3386745,0.3386745,intersect,4,3694,4,1
100,0.132715,1587.225178,99.37493,5254.964355,25.13382,0.132715,189381.004699,1392.577069,0.986337,0.010449,0.132715,4,12644573,/mnt/bak3/lzg/PipeANN-github/experiments/io_representative_20260514/yfcc10m/thread_sweep/real_extra_l23/t8/block_latency.log,0.129622,0.12,0.23,0.3,ok_bpftrace,271581189,label 23,0.3386745,0.3386745,real_extra_l23,100000,0.3386745,100,auto,yfcc10m,nvme1c1n1,remapped static counter nvme1n1 to active counter nvme1c1n1,ok,67108864,nvme1c1n1,66.914261,0,0,pipeann.hybrid.search.v1,100000,True,/mnt/bak3/lzg/PipeANN-github/data/yfcc100M/yfcc10m_pipeann,/mnt/bak3/lzg/PipeANN-github/experiments/io_representative_20260514/yfcc10m/thread_sweep/real_extra_l23/t8/iostat.log,0.134446,1610.959649,100.618996,25.462361,0.134449,192285.650903,1412.928056,402248,3694,1,31.881566,0.233508,3386745.0,0.0,119.273468,195.78045,0,3694,1,5235.0,5810.0,6955.0,6116.0,196712,0,,default-heuristic,402248,25.13382,1504.356689,100000,/mnt/bak3/lzg/PipeANN-github/experiments/qps_4sets/yfcc10m/workloads/random_single_label/real_selected_labels/real_extra_l23/queries.spmat,0.132715,189381.004699,1392.577069,,10,nvme1n1,graph,0,auto,134,0.3386745,0.3386745,0.3386745,intersect,8,3694,8,1
